STATION,DATE,LATITUDE,LONGITUDE,ELEVATION,NAME,CDSD,CDSD_ATTRIBUTES,CLDD,CLDD_ATTRIBUTES,DP01,DP01_ATTRIBUTES,DP10,DP10_ATTRIBUTES,DP1X,DP1X_ATTRIBUTES,DT00,DT00_ATTRIBUTES,DT32,DT32_ATTRIBUTES,DX32,DX32_ATTRIBUTES,DX70,DX70_ATTRIBUTES,DX90,DX90_ATTRIBUTES,DYNT,DYNT_ATTRIBUTES,DYXP,DYXP_ATTRIBUTES,DYXT,DYXT_ATTRIBUTES,EMNT,EMNT_ATTRIBUTES,EMXP,EMXP_ATTRIBUTES,EMXT,EMXT_ATTRIBUTES,HDSD,HDSD_ATTRIBUTES,HTDD,HTDD_ATTRIBUTES,PRCP,PRCP_ATTRIBUTES,TAVG,TAVG_ATTRIBUTES,TMAX,TMAX_ATTRIBUTES,TMIN,TMIN_ATTRIBUTES
AGE00147708,1886-03-01,36.72,4.05,222.0,"TIZI OUZOU, AG",,,0.0,"3,E",8.0,"1,E",7.0,"1,E",1.0,"1,E",0.0,"2,E",0.0,"2,E",0.0,"1,E",9.0,"1,E",0.0,"1,E",18860316.0,",2,E",18860308.0,",1,E",18860331.0,"+,1,E",5.0,"2,E,16,",32.5,"1,,E,08,",25.0,"1,E,31,+",,,112.3,"1,E",73.0,"1,,,E",1.4300000000000002,"3,E",1.9469999999999998,"1,,,E",0.914,"2,,,E"
AGE00147708,1886-04-01,36.72,4.05,222.0,"TIZI OUZOU, AG",,,16.2,"4,E",13.0,"2,E",10.0,"2,E",0.0,"2,E",0.0,"2,E",0.0,"2,E",0.0,"2,E",13.0,"2,E",0.0,"2,E",18860413.0,",2,E",18860425.0,",2,E",18860405.0,",2,E",4.0,"2,E,13,",13.0,"2,,E,25,",28.0,"2,E,05,",,,64.8,"2,E",83.0,"2,,,E",1.641,"4,E",2.221,"2,,,E",1.061,"2,,,E"
AGE00147708,1886-05-01,36.72,4.05,222.0,"TIZI OUZOU, AG",,,44.7,"3,E",5.0,"1,E",4.0,"1,E",1.0,"1,E",0.0,"2,E",0.0,"2,E",0.0,"2,E",24.0,"2,E",1.0,"2,E",18860512.0,",2,E",18860501.0,",1,E",18860519.0,",2,E",1.0,"2,E,12,",118.0,"1,,E,01,",33.0,"2,E,19,",,,26.5,"2,E",139.5,"1,,,E",1.8760000000000001,"3,E",2.552,"2,,,E",1.2,"2,,,E"
AGE00147708,1886-06-01,36.72,4.05,222.0,"TIZI OUZOU, AG",,,143.0,"2,E",1.0,"1,E",1.0,"1,E",0.0,"1,E",0.0,"1,E",0.0,"1,E",0.0,"1,E",29.0,"1,E",10.0,"1,E",18860609.0,",1,E",18860630.0,",1,E",18860624.0,",1,E",11.0,"1,E,09,",4.5,"1,,E,30,",45.0,"1,E,24,",,,0.8,"1,E",4.5,"1,,,E",2.338,"2,E",3.1100000000000003,"1,,,E",1.566,"1,,,E"
AGE00147708,1886-07-01,36.72,4.05,222.0,"TIZI OUZOU, AG",,,269.8,"2,E",1.0,"1,E",1.0,"1,E",0.0,"1,E",0.0,"1,E",0.0,"1,E",0.0,"1,E",30.0,"1,E",21.0,"1,E",18860704.0,",1,E",18860707.0,",1,E",18860709.0,",1,E",12.0,"1,E,04,",4.4,"1,,E,07,",45.0,"1,E,09,",0.0,,0.0,"1,E",4.4,"1,,,E",2.762,"2,E",3.6,"1,,,E",1.923,"1,,,E"
AGE00147708,1886-08-01,36.72,4.05,222.0,"TIZI OUZOU, AG",,,205.3,"2,E",2.0,"1,E",0.0,"1,E",0.0,"1,E",0.0,"1,E",0.0,"1,E",0.0,"1,E",30.0,"1,E",16.0,"1,E",18860829.0,",1,E",18860828.0,"+,1,E",18860810.0,"+,1,E",14.0,"1,E,29,",1.0,"1,,E,28,+",41.0,"1,E,10,+",0.0,,0.0,"1,E",2.0,"1,,,E",2.545,"2,E",3.3229999999999995,"1,,,E",1.7670000000000001,"1,,,E"
AGE00147708,1886-10-01,36.72,4.05,222.0,"TIZI OUZOU, AG",,,36.0,",E",9.0,",E",8.0,",E",2.0,",E",0.0,",E",0.0,",E",0.0,",E",26.0,",E",1.0,",E",18861026.0,",,E",18861028.0,",,E",18861004.0,",,E",9.0,",E,26,",45.0,",,E,28,",33.0,",E,04,",,,24.8,",E",113.5,",,,E",1.8690000000000002,",E",2.429,",,,E",1.31,",,,E"
AGE00147708,1886-11-01,36.72,4.05,222.0,"TIZI OUZOU, AG",,,,,5.0,"3,E",5.0,"3,E",1.0,"3,E",0.0,"3,E",1.0,"3,E",0.0,"3,E",5.0,"3,E",0.0,"3,E",18861102.0,",3,E",18861119.0,",3,E",18861113.0,",3,E",0.0,"3,E,02,",32.3,"3,,E,19,",24.0,"3,E,13,",,,,,73.0,"3,,,E",1.341,"6,E",1.889,"3,,,E",0.7929999999999999,"3,,,E"
AGE00147708,1886-12-01,36.72,4.05,222.0,"TIZI OUZOU, AG",,,,,11.0,"3,E",11.0,"3,E",1.0,"3,E",0.0,"4,E",0.0,"4,E",0.0,"4,E",1.0,"4,E",0.0,"4,E",18861208.0,",4,E",18861230.0,",3,E",18861219.0,",4,E",0.4,"4,E,08,",27.0,"3,,E,30,",22.0,"4,E,19,",,,,,130.0,"3,,,E",0.9339999999999999,"6,E",1.367,"4,,,E",0.501,"4,,,E"
AGE00147708,1887-01-01,36.72,4.05,222.0,"TIZI OUZOU, AG",0.0,E,0.0,"2,E",10.0,"1,E",9.0,"1,E",0.0,"1,E",0.0,"1,E",0.0,"1,E",0.0,"1,E",0.0,"1,E",0.0,"1,E",18870126.0,"+,1,E",18870104.0,",1,E",18870130.0,"+,1,E",1.0,"1,E,26,+",18.0,"1,,E,04,",16.0,"1,E,30,+",,,308.2,"1,E",87.0,"1,,,E",0.773,"2,E",1.217,"1,,,E",0.32999999999999996,"1,,,E"
AGE00147708,1887-02-01,36.72,4.05,222.0,"TIZI OUZOU, AG",0.0,E,0.0,"2,E",10.0,"1,E",8.0,"1,E",0.0,"1,E",0.0,"1,E",2.0,"1,E",0.0,"1,E",0.0,"1,E",0.0,"1,E",18870211.0,"+,1,E",18870217.0,",1,E",18870226.0,",1,E",0.0,"1,E,11,+",21.0,"1,,E,17,",20.0,"1,E,26,",,,264.7,"1,E",70.5,"1,,,E",0.817,"2,E",1.333,"1,,,E",0.3,"1,,,E"
AGE00147708,1887-03-01,36.72,4.05,222.0,"TIZI OUZOU, AG",0.0,E,0.0,"4,E",4.0,"2,E",3.0,"2,E",0.0,"2,E",0.0,"2,E",0.0,"2,E",0.0,"2,E",5.0,"2,E",0.0,"2,E",18870318.0,",2,E",18870311.0,",2,E",18870325.0,",2,E",3.0,"2,E,18,",14.0,"2,,E,11,",26.0,"2,E,25,",,,128.0,"2,E",31.0,"2,,,E",1.357,"4,E",1.893,"2,,,E",0.8210000000000001,"2,,,E"
AGE00147708,1887-04-01,36.72,4.05,222.0,"TIZI OUZOU, AG",10.7,E,10.7,",E",11.0,",E",7.0,",E",0.0,",E",0.0,",E",0.0,",E",0.0,",E",6.0,",E",1.0,",E",18870401.0,",,E",18870413.0,"+,,E",18870430.0,",,E",3.0,",E,01,",15.0,",,E,13,+",34.0,",E,30,",,,139.2,",E",76.5,",,,E",1.405,",E",1.967,",,,E",0.843,",,,E"
AGE00147708,1887-05-01,36.72,4.05,222.0,"TIZI OUZOU, AG",55.2,E,44.5,"2,E",2.0,"1,E",2.0,"1,E",0.0,"1,E",0.0,"1,E",0.0,"1,E",0.0,"1,E",29.0,"1,E",2.0,"1,E",18870526.0,",1,E",18870529.0,",1,E",18870529.0,",1,E",7.0,"1,E,26,",12.0,"1,,E,29,",37.0,"1,E,29,",,,15.2,"1,E",17.5,"1,,,E",1.948,"2,E",2.6399999999999997,"1,,,E",1.2570000000000001,"1,,,E"
AGE00147708,1887-06-01,36.72,4.05,222.0,"TIZI OUZOU, AG",210.9,E,155.7,"2,E",1.0,"1,E",1.0,"1,E",0.0,"1,E",0.0,"1,E",0.0,"1,E",0.0,"1,E",29.0,"1,E",14.0,"1,E",18870606.0,",1,E",18870601.0,",1,E",18870624.0,",1,E",9.0,"1,E,06,",2.5,"1,,E,01,",41.0,"1,E,24,",,,0.0,"1,E",2.5,"1,,,E",2.393,"2,E",3.207,"1,,,E",1.579,"1,,,E"
AGE00147708,1887-07-01,36.72,4.05,222.0,"TIZI OUZOU, AG",490.4,E,279.5,"4,E",0.0,"2,E",0.0,"2,E",0.0,"2,E",0.0,"2,E",0.0,"2,E",0.0,"2,E",29.0,"2,E",26.0,"2,E",18870707.0,",2,E",18870731.0,"+,2,E",18870717.0,",2,E",16.0,"2,E,07,",0.0,"2,,E,31,+",48.0,"2,E,17,",0.0,E,0.0,"2,E",0.0,"2,,,E",2.883,"4,E",3.7409999999999997,"2,,,E",2.024,"2,,,E"
AGE00147708,1887-08-01,36.72,4.05,222.0,"TIZI OUZOU, AG",811.1,E,320.7,",E",0.0,",E",0.0,",E",0.0,",E",0.0,",E",0.0,",E",0.0,",E",31.0,",E",28.0,",E",18870823.0,"+,,E",18870831.0,"+,,E",18870817.0,"+,,E",19.0,",E,23,+",0.0,",,E,31,+",42.0,",E,17,+",0.0,E,0.0,",E",0.0,",,,E",2.868,",E",3.655,",,,E",2.081,",,,E"
AGE00147708,1887-09-01,36.72,4.05,222.0,"TIZI OUZOU, AG",993.6,E,182.5,"3,E",2.0,"2,E",2.0,"2,E",0.0,"2,E",0.0,"1,E",0.0,"1,E",0.0,"2,E",28.0,"2,E",11.0,"2,E",18870904.0,",1,E",18870927.0,",2,E",18870907.0,",2,E",10.0,"1,E,04,",7.5,"2,,E,27,",42.0,"2,E,07,",0.0,E,0.0,"2,E",12.5,"2,,,E",2.494,"3,E",3.168,"2,,,E",1.8210000000000002,"1,,,E"
AGE00147708,1887-10-01,36.72,4.05,222.0,"TIZI OUZOU, AG",1006.8,E,13.2,"3,E",6.0,"1,E",5.0,"1,E",0.0,"1,E",0.0,"2,E",0.0,"2,E",0.0,"1,E",13.0,"1,E",0.0,"1,E",18871027.0,",2,E",18871031.0,",1,E",18871010.0,"+,1,E",3.4,"2,E,27,",24.1,"1,,E,31,",31.0,"1,E,10,+",100.8,E,100.8,"1,E",77.3,"1,,,E",1.52,"3,E",2.123,"1,,,E",0.916,"2,,,E"
AGE00147708,1887-11-01,36.72,4.05,222.0,"TIZI OUZOU, AG",1014.6,E,7.8,"4,E",11.0,"1,E",10.0,"1,E",0.0,"1,E",0.0,"2,E",1.0,"2,E",0.0,"2,E",4.0,"2,E",0.0,"2,E",18871111.0,",2,E",18871120.0,"+,1,E",18871117.0,",2,E",0.0,"2,E,11,",16.0,"1,,E,20,+",29.0,"2,E,17,",213.2,E,112.4,"2,E",95.4,"1,,,E",1.415,"4,E",1.893,"2,,,E",0.9369999999999999,"2,,,E"
AGE00147708,1887-12-01,36.72,4.05,222.0,"TIZI OUZOU, AG",1014.6,E,0.0,"2,E",10.0,"1,E",9.0,"1,E",0.0,"1,E",0.0,"1,E",1.0,"1,E",0.0,"1,E",0.0,"1,E",0.0,"1,E",18871226.0,",1,E",18871227.0,",1,E",18871222.0,",1,E",-3.0,"1,E,26,",21.0,"1,,E,27,",18.0,"1,E,22,",459.6,E,246.4,"1,E",86.3,"1,,,E",0.9890000000000001,"2,E",1.3900000000000001,"1,,,E",0.589,"1,,,E"
AGE00147708,1888-01-01,36.72,4.05,222.0,"TIZI OUZOU, AG",0.0,E,0.0,",E",11.0,",E",9.0,",E",1.0,",E",0.0,",E",3.0,",E",0.0,",E",0.0,",E",0.0,",E",18880116.0,",,E",18880131.0,",,E",18880129.0,"+,,E",-4.2,",E,16,",28.8,",,E,31,",16.0,",E,29,+",749.9,E,290.3,",E",96.1,",,,E",0.897,",E",1.4,",,,E",0.394,",,,E"
AGE00147708,1888-02-01,36.72,4.05,222.0,"TIZI OUZOU, AG",0.0,E,0.0,"4,E",13.0,"2,E",8.0,"2,E",0.0,"2,E",0.0,"2,E",3.0,"2,E",0.0,"2,E",0.0,"2,E",0.0,"2,E",18880209.0,",2,E",18880215.0,",2,E",18880216.0,",2,E",-6.0,"2,E,09,",14.9,"2,,E,15,",21.0,"2,E,16,",984.2,E,234.3,"2,E",61.8,"2,,,E",0.885,"4,E",1.385,"2,,,E",0.385,"2,,,E"
AGE00147708,1888-03-01,36.72,4.05,222.0,"TIZI OUZOU, AG",2.5,E,2.5,",E",10.0,",E",9.0,",E",1.0,",E",0.0,",E",1.0,",E",0.0,",E",7.0,",E",0.0,",E",18880324.0,",,E",18880317.0,",,E",18880327.0,",,E",-2.0,",E,24,",37.7,",,E,17,",30.0,",E,27,",1172.5,E,188.3,",E",98.1,",,,E",1.234,",E",1.7579999999999998,",,,E",0.71,",,,E"
AGE00147708,1888-04-01,36.72,4.05,222.0,"TIZI OUZOU, AG",13.2,E,10.7,",E",6.0,",E",4.0,",E",0.0,",E",0.0,",E",0.0,",E",0.0,",E",16.0,",E",0.0,",E",18880412.0,",,E",18880408.0,",,E",18880430.0,",,E",4.2,",E,12,",12.4,",,E,08,",31.0,",E,30,",1242.5,E,70.0,",E",41.0,",,,E",1.636,",E",2.243,",,,E",1.028,",,,E"
AGE00147708,1888-06-01,36.72,4.05,222.0,"TIZI OUZOU, AG",,,156.7,"2,E",6.0,",E",5.0,",E",0.0,",E",0.0,"2,E",0.0,"2,E",0.0,",E",30.0,",E",17.0,",E",18880605.0,",2,E",18880624.0,",,E",18880606.0,",,E",13.0,"2,E,05,",11.5,",,E,24,",38.0,",E,06,",,,0.0,",E",38.1,",,,E",2.4010000000000002,"2,E",3.2270000000000003,",,,E",1.575,"2,,,E"
AGE00147708,1888-09-01,36.72,4.05,222.0,"TIZI OUZOU, AG",,,141.2,"2,E",9.0,"1,E",6.0,"1,E",1.0,"1,E",0.0,"1,E",0.0,"1,E",0.0,"1,E",29.0,"1,E",6.0,"1,E",18880905.0,",1,E",18880912.0,",1,E",18880901.0,",1,E",14.0,"1,E,05,",44.7,"1,,E,12,",41.0,"1,E,01,",,,0.0,"1,E",85.4,"1,,,E",2.352,"2,E",3.0,"1,,,E",1.703,"1,,,E"
AGE00147708,1888-10-01,36.72,4.05,222.0,"TIZI OUZOU, AG",,,36.0,",E",5.0,",E",4.0,",E",1.0,",E",0.0,",E",0.0,",E",0.0,",E",21.0,",E",3.0,",E",18881031.0,",,E",18881014.0,",,E",18881002.0,",,E",7.0,",E,31,",49.0,",,E,14,",38.0,",E,02,",,,54.3,",E",85.3,",,,E",1.7739999999999998,",E",2.4059999999999997,",,,E",1.142,",,,E"
AGE00147708,1888-12-01,36.72,4.05,222.0,"TIZI OUZOU, AG",,,0.0,",E",13.0,",E",9.0,",E",0.0,",E",0.0,",E",0.0,",E",0.0,",E",0.0,",E",0.0,",E",18881225.0,",,E",18881230.0,",,E",18881201.0,",,E",2.0,",E,25,",19.3,",,E,30,",20.0,",E,01,",,,196.8,",E",78.8,",,,E",1.198,",E",1.623,",,,E",0.774,",,,E"
AGE00147708,1889-01-01,36.72,4.05,222.0,"TIZI OUZOU, AG",,,,,16.0,"3,E",12.0,"3,E",2.0,"3,E",0.0,"4,E",1.0,"4,E",0.0,"2,E",0.0,"2,E",0.0,"2,E",18890125.0,",4,E",18890102.0,",3,E",18890131.0,"+,2,E",0.0,"4,E,25,",37.5,"3,,E,02,",16.0,"2,E,31,+",,,,,176.9,"3,,,E",0.8029999999999999,"6,E",1.208,"2,,,E",0.399,"4,,,E"
AGE00147708,1889-02-01,36.72,4.05,222.0,"TIZI OUZOU, AG",,,,,12.0,"3,E",9.0,"3,E",0.0,"3,E",0.0,"4,E",4.0,"4,E",0.0,"3,E",0.0,"3,E",0.0,"3,E",18890224.0,",4,E",18890212.0,",3,E",18890226.0,",3,E",-1.0,"4,E,24,",17.0,"3,,E,12,",20.0,"3,E,26,",,,,,79.1,"3,,,E",0.906,"6,E",1.416,"3,,,E",0.396,"4,,,E"
AGE00147708,1889-03-01,36.72,4.05,222.0,"TIZI OUZOU, AG",,,0.0,"2,E",13.0,"1,E",10.0,"1,E",0.0,"1,E",0.0,"1,E",1.0,"1,E",0.0,"1,E",5.0,"1,E",0.0,"1,E",18890318.0,",1,E",18890324.0,",1,E",18890310.0,",1,E",0.0,"1,E,18,",20.8,"1,,E,24,",25.0,"1,E,10,",,,225.7,"1,E",73.4,"1,,,E",1.04,"2,E",1.573,"1,,,E",0.507,"1,,,E"
AGE00147708,1889-04-01,36.72,4.05,222.0,"TIZI OUZOU, AG",,,0.7,"3,E",8.0,"2,E",8.0,"2,E",1.0,"2,E",0.0,"2,E",0.0,"2,E",0.0,"1,E",4.0,"1,E",0.0,"1,E",18890403.0,",2,E",18890423.0,",2,E",18890422.0,",1,E",2.0,"2,E,03,",32.0,"2,,E,23,",28.0,"1,E,22,",,,143.7,"1,E",87.9,"2,,,E",1.299,"3,E",1.862,"1,,,E",0.736,"2,,,E"
AGE00147708,1889-05-01,36.72,4.05,222.0,"TIZI OUZOU, AG",,,,,8.0,"4,E",8.0,"4,E",1.0,"4,E",0.0,"5,E",0.0,"5,E",0.0,"4,E",19.0,"4,E",1.0,"4,E",18890501.0,",5,E",18890507.0,",4,E",18890531.0,",4,E",8.0,"5,E,01,",43.0,"4,,E,07,",33.0,"4,E,31,",,,,,119.0,"4,,,E",1.778,"8,E",2.419,"4,,,E",1.1380000000000001,"5,,,E"
AGE00147708,1889-06-01,36.72,4.05,222.0,"TIZI OUZOU, AG",,,,,1.0,"2,E",0.0,"2,E",0.0,"2,E",0.0,"4,E",0.0,"4,E",0.0,"2,E",27.0,"2,E",4.0,"2,E",18890613.0,",4,E",18890602.0,",2,E",18890624.0,",2,E",10.0,"4,E,13,",1.0,"2,,E,02,",40.0,"2,E,24,",,,,,1.0,"2,,,E",2.16,"6,E",2.8890000000000002,"2,,,E",1.431,"4,,,E"
AGE00147708,1889-07-01,36.72,4.05,222.0,"TIZI OUZOU, AG",,,239.3,"2,E",0.0,"1,E",0.0,"1,E",0.0,"1,E",0.0,"1,E",0.0,"1,E",0.0,"1,E",30.0,"1,E",20.0,"1,E",18890703.0,",1,E",18890731.0,"+,1,E",18890716.0,",1,E",10.0,"1,E,03,",0.0,"1,,E,31,+",44.0,"1,E,16,",0.0,E,0.0,"1,E",0.0,"1,,,E",2.673,"2,E",3.5130000000000003,"1,,,E",1.8329999999999997,"1,,,E"
AGE00147708,1889-08-01,36.72,4.05,222.0,"TIZI OUZOU, AG",,,248.7,"3,E",0.0,"1,E",0.0,"1,E",0.0,"1,E",0.0,"1,E",0.0,"1,E",0.0,"2,E",29.0,"2,E",22.0,"2,E",18890831.0,",1,E",18890831.0,"+,1,E",18890802.0,",2,E",15.0,"1,E,31,",0.0,"1,,E,31,+",43.0,"2,E,02,",0.0,E,0.0,"2,E",0.0,"1,,,E",2.71,"3,E",3.593,"2,,,E",1.827,"1,,,E"
AGE00147708,1889-09-01,36.72,4.05,222.0,"TIZI OUZOU, AG",,,,,2.0,"3,E",0.0,"3,E",0.0,"3,E",0.0,"5,E",0.0,"5,E",0.0,"3,E",26.0,"3,E",9.0,"3,E",18890929.0,",5,E",18890930.0,",3,E",18890902.0,",3,E",12.0,"5,E,29,",2.0,"3,,E,30,",39.0,"3,E,02,",,,,,3.0,"3,,,E",2.326,"7,E",3.107,"3,,,E",1.544,"5,,,E"
AGE00147708,1889-10-01,36.72,4.05,222.0,"TIZI OUZOU, AG",,,,,7.0,"2,E",4.0,"2,E",0.0,"2,E",0.0,"4,E",0.0,"4,E",0.0,"2,E",26.0,"2,E",1.0,"2,E",18891014.0,",4,E",18891031.0,",2,E",18891025.0,",2,E",6.0,"4,E,14,",12.4,"2,,E,31,",34.0,"2,E,25,",,,,,38.4,"2,,,E",1.8359999999999999,"6,E",2.541,"2,,,E",1.1300000000000001,"4,,,E"
AGE00147708,1889-11-01,36.72,4.05,222.0,"TIZI OUZOU, AG",,,,,5.0,"5,E",5.0,"5,E",0.0,"5,E",0.0,"4,E",0.0,"4,E",0.0,"4,E",9.0,"4,E",0.0,"4,E",18891129.0,",4,E",18891107.0,",5,E",18891115.0,"+,4,E",1.0,"4,E,29,",24.0,"5,,E,07,",23.0,"4,E,15,+",,,,,65.7,"5,,,E",1.379,"8,E",1.988,"4,,,E",0.769,"4,,,E"
AGE00147708,1889-12-01,36.72,4.05,222.0,"TIZI OUZOU, AG",,,0.0,"4,E",7.0,"2,E",6.0,"2,E",0.0,"2,E",0.0,"3,E",5.0,"3,E",0.0,"1,E",0.0,"1,E",0.0,"1,E",18891230.0,"+,3,E",18891214.0,",2,E",18891214.0,"+,1,E",0.0,"3,E,30,+",10.0,"2,,E,14,",16.0,"1,E,14,+",,,292.5,"1,E",42.0,"2,,,E",0.753,"4,E",1.253,"1,,,E",0.254,"3,,,E"
AGE00147708,1890-01-01,36.72,4.05,222.0,"TIZI OUZOU, AG",0.0,E,0.0,"3,E",3.0,",E",3.0,",E",1.0,",E",0.0,"2,E",1.0,"2,E",0.0,"1,E",0.0,"1,E",0.0,"1,E",18900131.0,",2,E",18900130.0,",,E",18900126.0,"+,1,E",0.0,"2,E,31,",31.0,",,E,30,",20.0,"1,E,26,+",,,237.8,"1,E",60.0,",,,E",0.9890000000000001,"3,E",1.623,"1,,,E",0.355,"2,,,E"
AGE00147708,1890-02-01,36.72,4.05,222.0,"TIZI OUZOU, AG",0.0,E,0.0,"2,E",13.0,",E",8.0,",E",1.0,",E",0.0,"1,E",2.0,"1,E",0.0,"1,E",1.0,"1,E",0.0,"1,E",18900211.0,"+,1,E",18900228.0,",,E",18900218.0,",1,E",0.0,"1,E,11,+",58.1,",,E,28,",22.0,"1,E,18,",,,223.7,"1,E",133.8,",,,E",0.9810000000000001,"2,E",1.637,"1,,,E",0.32599999999999996,"1,,,E"
AGE00147708,1890-03-01,36.72,4.05,222.0,"TIZI OUZOU, AG",0.0,E,0.0,"3,E",16.0,"1,E",11.0,"1,E",2.0,"1,E",0.0,"2,E",2.0,"2,E",0.0,"1,E",3.0,"1,E",0.0,"1,E",18900307.0,"+,2,E",18900325.0,",1,E",18900330.0,",1,E",0.0,"2,E,07,+",26.3,"1,,E,25,",25.0,"1,E,30,",,,200.5,"1,E",179.3,"1,,,E",1.119,"3,E",1.67,"1,,,E",0.568,"2,,,E"
AGE00147708,1890-04-01,36.72,4.05,222.0,"TIZI OUZOU, AG",0.0,E,0.0,"3,E",12.0,"3,E",8.0,"3,E",1.0,"3,E",0.0,"2,E",0.0,"2,E",0.0,"1,E",6.0,"1,E",0.0,"1,E",18900429.0,",2,E",18900406.0,",3,E",18900425.0,",1,E",3.0,"2,E,29,",63.7,"3,,E,06,",30.0,"1,E,25,",,,147.5,"1,E",116.4,"3,,,E",1.317,"3,E",1.8690000000000002,"1,,,E",0.764,"2,,,E"
AGE00147708,1890-05-01,36.72,4.05,222.0,"TIZI OUZOU, AG",6.2,E,6.2,"3,E",12.0,"1,E",10.0,"1,E",0.0,"1,E",0.0,"2,E",0.0,"2,E",0.0,"1,E",20.0,"1,E",0.0,"1,E",18900527.0,",2,E",18900502.0,",1,E",18900524.0,",1,E",1.0,"2,E,27,",14.8,"1,,E,02,",32.0,"1,E,24,",,,57.0,"1,E",70.7,"1,,,E",1.6510000000000002,"3,E",2.357,"1,,,E",0.945,"2,,,E"
AGE00147708,1890-07-01,36.72,4.05,222.0,"TIZI OUZOU, AG",,,,,0.0,"4,E",0.0,"4,E",0.0,"4,E",0.0,"4,E",0.0,"4,E",0.0,"5,E",26.0,"5,E",14.0,"5,E",18900726.0,"+,4,E",18900731.0,"+,4,E",18900729.0,",5,E",14.0,"4,E,26,+",0.0,"4,,E,31,+",41.0,"5,E,29,",,,,,0.0,"4,,,E",2.5260000000000002,"6,E",3.308,"5,,,E",1.7440000000000002,"4,,,E"
AGE00147708,1890-08-01,36.72,4.05,222.0,"TIZI OUZOU, AG",,,272.7,"3,E",0.0,",E",0.0,",E",0.0,",E",0.0,"2,E",0.0,"2,E",0.0,"1,E",30.0,"1,E",24.0,"1,E",18900826.0,",2,E",18900831.0,"+,,E",18900823.0,",1,E",12.0,"2,E,26,",0.0,",,E,31,+",44.0,"1,E,23,",,,0.0,"1,E",0.0,",,,E",2.808,"3,E",3.563,"1,,,E",2.052,"2,,,E"
AGE00147708,1890-09-01,36.72,4.05,222.0,"TIZI OUZOU, AG",,,120.5,",E",4.0,",E",3.0,",E",0.0,",E",0.0,",E",0.0,",E",0.0,",E",30.0,",E",1.0,",E",18900927.0,",,E",18900925.0,",,E",18900922.0,",,E",12.0,",E,27,",12.5,",,E,25,",38.0,",E,22,",,,0.0,",E",24.9,",,,E",2.2350000000000003,",E",2.923,",,,E",1.5470000000000002,",,,E"
AGE00147708,1890-11-01,36.72,4.05,222.0,"TIZI OUZOU, AG",,,0.0,",E",16.0,"3,E",13.0,"3,E",1.0,"3,E",0.0,",E",0.0,",E",0.0,",E",0.0,",E",0.0,",E",18901130.0,",,E",18901103.0,",3,E",18901125.0,"+,,E",2.0,",E,30,",26.0,"3,,E,03,",20.0,",E,25,+",,,198.0,",E",175.0,"3,,,E",1.173,",E",1.673,",,,E",0.673,",,,E"
AGE00147708,1890-12-01,36.72,4.05,222.0,"TIZI OUZOU, AG",,,0.0,"3,E",14.0,"2,E",12.0,"2,E",2.0,"2,E",0.0,"1,E",0.0,"1,E",0.0,"2,E",0.0,"2,E",0.0,"2,E",18901230.0,"+,1,E",18901222.0,",2,E",18901206.0,"+,2,E",1.0,"1,E,30,+",53.0,"2,,E,22,",19.0,"2,E,06,+",,,270.8,"2,E",175.0,"2,,,E",0.8699999999999999,"3,E",1.376,"2,,,E",0.363,"1,,,E"
AGE00147708,1892-02-01,36.72,4.05,222.0,"TIZI OUZOU, AG",,,3.8,",E",9.0,",E",7.0,",E",0.0,",E",0.0,",E",0.0,",E",0.0,",E",4.0,",E",0.0,",E",18920214.0,",,E",18920209.0,",,E",18920227.0,",,E",2.0,",E,14,",16.0,",,E,09,",28.0,",E,27,",,,179.0,",E",60.2,",,,E",1.2289999999999999,",E",1.741,",,,E",0.717,",,,E"
AGE00147708,1892-03-01,36.72,4.05,222.0,"TIZI OUZOU, AG",,,0.7,"1,E",6.0,"1,E",6.0,"1,E",0.0,"1,E",0.0,",E",0.0,",E",0.0,"1,E",10.0,"1,E",0.0,"1,E",18920316.0,",,E",18920329.0,",1,E",18920319.0,",1,E",4.0,",E,16,",17.0,"1,,E,29,",28.0,"1,E,19,",,,121.7,"1,E",49.5,"1,,,E",1.428,"1,E",2.023,"1,,,E",0.8320000000000001,",,,E"
AGE00147708,1892-04-01,36.72,4.05,222.0,"TIZI OUZOU, AG",,,0.0,"1,E",17.0,",E",11.0,",E",0.0,",E",0.0,"1,E",0.0,"1,E",0.0,",E",7.0,",E",0.0,",E",18920421.0,",1,E",18920411.0,",,E",18920426.0,",,E",3.0,"1,E,21,",21.0,",,E,11,",25.0,",E,26,",,,113.2,",E",120.0,",,,E",1.439,"1,E",1.9300000000000002,",,,E",0.9480000000000001,"1,,,E"
AGE00147708,1892-05-01,36.72,4.05,222.0,"TIZI OUZOU, AG",,,70.2,",E",4.0,"1,E",4.0,"1,E",0.0,"1,E",0.0,",E",0.0,",E",0.0,",E",22.0,",E",5.0,",E",18920508.0,"+,,E",18920527.0,",1,E",18920526.0,",,E",8.0,",E,08,+",6.4,"1,,E,27,",40.0,",E,26,",,,41.0,",E",14.5,"1,,,E",1.927,",E",2.632,",,,E",1.223,",,,E"
AGE00147708,1892-06-01,36.72,4.05,222.0,"TIZI OUZOU, AG",,,202.0,",E",1.0,",E",0.0,",E",0.0,",E",0.0,",E",0.0,",E",0.0,",E",30.0,",E",18.0,",E",18920610.0,"+,,E",18920617.0,",,E",18920630.0,"+,,E",14.0,",E,10,+",1.3,",,E,17,",39.0,",E,30,+",,,0.0,",E",1.3,",,,E",2.507,",E",3.3299999999999996,",,,E",1.6829999999999998,",,,E"
AGE00147708,1892-07-01,36.72,4.05,222.0,"TIZI OUZOU, AG",,,302.7,",E",1.0,",E",1.0,",E",0.0,",E",0.0,",E",0.0,",E",0.0,",E",31.0,",E",26.0,",E",18920722.0,",,E",18920728.0,",,E",18920731.0,"+,,E",15.0,",E,22,",4.5,",,E,28,",45.0,",E,31,+",0.0,E,0.0,",E",4.5,",,,E",2.81,",E",3.629,",,,E",1.9899999999999998,",,,E"
AGE00147708,1892-08-01,36.72,4.05,222.0,"TIZI OUZOU, AG",,,253.3,"2,E",1.0,"1,E",1.0,"1,E",0.0,"1,E",0.0,"1,E",0.0,"1,E",0.0,"1,E",30.0,"1,E",24.0,"1,E",18920815.0,",1,E",18920826.0,",1,E",18920801.0,",1,E",15.0,"1,E,15,",14.0,"1,,E,26,",44.0,"1,E,01,",0.0,E,0.0,"1,E",14.0,"1,,,E",2.7030000000000003,"2,E",3.5229999999999997,"1,,,E",1.8829999999999998,"1,,,E"
AGE00147708,1892-09-01,36.72,4.05,222.0,"TIZI OUZOU, AG",,,195.8,",E",4.0,",E",3.0,",E",0.0,",E",0.0,",E",0.0,",E",0.0,",E",29.0,",E",17.0,",E",18920907.0,",,E",18920928.0,"+,,E",18920903.0,",,E",12.0,",E,07,",6.0,",,E,28,+",41.0,",E,03,",0.3,E,0.3,",E",15.1,",,,E",2.4850000000000003,",E",3.3229999999999995,",,,E",1.6469999999999998,",,,E"
AGE00147708,1892-10-01,36.72,4.05,222.0,"TIZI OUZOU, AG",,,56.7,"2,E",9.0,"1,E",5.0,"1,E",0.0,"1,E",0.0,"1,E",0.0,"1,E",0.0,"1,E",28.0,"1,E",2.0,"1,E",18921025.0,",1,E",18921020.0,",1,E",18921029.0,",1,E",9.0,"1,E,25,",18.0,"1,,E,20,",35.0,"1,E,29,",8.6,E,8.3,"1,E",65.6,"1,,,E",1.9920000000000002,"2,E",2.593,"1,,,E",1.3900000000000001,"1,,,E"
AGE00147708,1892-12-01,36.72,4.05,222.0,"TIZI OUZOU, AG",,,0.0,",E",18.0,",E",18.0,",E",1.0,",E",0.0,",E",0.0,",E",0.0,",E",0.0,",E",0.0,",E",18921216.0,",,E",18921221.0,",,E",18921203.0,",,E",3.0,",E,16,",42.0,",,E,21,",18.0,",E,03,",,,238.3,",E",254.2,",,,E",1.065,",E",1.4,",,,E",0.729,",,,E"
AGE00147708,1893-01-01,36.72,4.05,222.0,"TIZI OUZOU, AG",0.0,E,0.0,"2,E",15.0,"1,E",12.0,"1,E",0.0,"1,E",0.0,"1,E",1.0,"1,E",0.0,"1,E",0.0,"1,E",0.0,"1,E",18930107.0,",1,E",18930119.0,",1,E",18930111.0,",1,E",0.0,"1,E,07,",24.0,"1,,E,19,",17.0,"1,E,11,",,,297.7,"1,E",140.0,"1,,,E",0.792,"2,E",1.223,"1,,,E",0.36,"1,,,E"
AGE00147708,1893-02-01,36.72,4.05,222.0,"TIZI OUZOU, AG",0.0,E,0.0,",E",7.0,",E",6.0,",E",0.0,",E",0.0,",E",1.0,",E",0.0,",E",2.0,",E",0.0,",E",18930207.0,",,E",18930205.0,",,E",18930215.0,",,E",0.0,",E,07,",8.5,",,E,05,",25.0,",E,15,",,,209.8,",E",34.5,",,,E",1.084,",E",1.625,",,,E",0.5429999999999999,",,,E"
AGE00147708,1893-03-01,36.72,4.05,222.0,"TIZI OUZOU, AG",1.8,E,1.8,",E",5.0,",E",4.0,",E",0.0,",E",0.0,",E",0.0,",E",0.0,",E",15.0,",E",0.0,",E",18930308.0,"+,,E",18930331.0,",,E",18930316.0,"+,,E",4.0,",E,08,+",11.0,",,E,31,",27.0,",E,16,+",,,110.2,",E",26.5,",,,E",1.484,",E",2.1260000000000003,",,,E",0.842,",,,E"
AGE00147708,1893-04-01,36.72,4.05,222.0,"TIZI OUZOU, AG",34.6,E,32.8,"1,E",4.0,"1,E",4.0,"1,E",0.0,"1,E",0.0,",E",0.0,",E",0.0,"1,E",22.0,"1,E",3.0,"1,E",18930412.0,",,E",18930410.0,",1,E",18930426.0,"+,1,E",3.0,",E,12,",9.5,"1,,E,10,",36.0,"1,E,26,+",,,58.0,"1,E",22.0,"1,,,E",1.75,"1,E",2.503,"1,,,E",0.9970000000000001,",,,E"
AGE00147708,1893-05-01,36.72,4.05,222.0,"TIZI OUZOU, AG",122.3,E,87.7,"1,E",6.0,",E",5.0,",E",0.0,",E",0.0,"1,E",0.0,"1,E",0.0,",E",30.0,",E",3.0,",E",18930527.0,"+,1,E",18930501.0,",,E",18930514.0,",,E",10.0,"1,E,27,+",15.0,",,E,01,",34.0,",E,14,",,,3.7,",E",35.4,",,,E",2.106,"1,E",2.8609999999999998,",,,E",1.35,"1,,,E"
AGE00147708,1893-07-01,36.72,4.05,222.0,"TIZI OUZOU, AG",,,292.2,",E",1.0,",E",0.0,",E",0.0,",E",0.0,",E",0.0,",E",0.0,",E",31.0,",E",27.0,",E",18930729.0,",,E",18930722.0,",,E",18930704.0,",,E",15.0,",E,29,",1.5,",,E,22,",45.0,",E,04,",0.0,E,0.0,",E",1.5,",,,E",2.7760000000000002,",E",3.6060000000000003,",,,E",1.9449999999999998,",,,E"
AGE00147708,1893-08-01,36.72,4.05,222.0,"TIZI OUZOU, AG",,,309.2,",E",1.0,",E",0.0,",E",0.0,",E",0.0,",E",0.0,",E",0.0,",E",31.0,",E",27.0,",E",18930824.0,",,E",18930803.0,",,E",18930803.0,",,E",17.0,",E,24,",1.3,",,E,03,",43.0,",E,03,",0.0,E,0.0,",E",1.3,",,,E",2.831,",E",3.729,",,,E",1.932,",,,E"
AGE00147708,1893-09-01,36.72,4.05,222.0,"TIZI OUZOU, AG",,,214.8,"4,E",3.0,"2,E",1.0,"2,E",0.0,"2,E",0.0,"2,E",0.0,"2,E",0.0,"2,E",28.0,"2,E",16.0,"2,E",18930922.0,",2,E",18930909.0,",2,E",18930906.0,",2,E",14.0,"2,E,22,",6.5,"2,,E,09,",44.0,"2,E,06,",0.0,E,0.0,"2,E",8.9,"2,,,E",2.65,"4,E",3.4210000000000003,"2,,,E",1.879,"2,,,E"
AGE00147708,1893-11-01,36.72,4.05,222.0,"TIZI OUZOU, AG",,,0.3,"5,E",12.0,"2,E",10.0,"2,E",1.0,"2,E",0.0,"3,E",2.0,"3,E",0.0,"2,E",12.0,"2,E",0.0,"2,E",18931127.0,"+,3,E",18931129.0,",2,E",18931104.0,",2,E",0.0,"3,E,27,+",26.3,"2,,E,29,",27.0,"2,E,04,",,,126.2,"2,E",106.5,"2,,,E",1.3199999999999998,"5,E",1.843,"2,,,E",0.796,"3,,,E"
AGE00147708,1893-12-01,36.72,4.05,222.0,"TIZI OUZOU, AG",,,0.0,"1,E",14.0,"1,E",12.0,"1,E",1.0,"1,E",0.0,",E",0.0,",E",0.0,"1,E",0.0,"1,E",0.0,"1,E",18931229.0,",,E",18931221.0,",1,E",18931216.0,",1,E",1.0,",E,29,",31.0,"1,,E,21,",18.0,"1,E,16,",,,266.0,"1,E",149.3,"1,,,E",0.942,"1,E",1.373,"1,,,E",0.51,",,,E"
AGE00147708,1895-01-01,36.72,4.05,222.0,"TIZI OUZOU, AG",0.0,E,0.0,"4,E",14.0,"2,E",11.0,"2,E",2.0,"2,E",0.0,"2,E",5.0,"2,E",0.0,"2,E",1.0,"2,E",0.0,"2,E",18950130.0,"+,2,E",18950102.0,",2,E",18950122.0,",2,E",0.0,"2,E,30,+",43.0,"2,,E,02,",22.0,"2,E,22,",,,242.0,"2,E",191.9,"2,,,E",0.898,"4,E",1.383,"2,,,E",0.414,"2,,,E"
AGE00147708,1895-02-01,36.72,4.05,222.0,"TIZI OUZOU, AG",0.0,E,0.0,"2,E",6.0,"1,E",5.0,"1,E",0.0,"1,E",0.0,"1,E",1.0,"1,E",0.0,"1,E",4.0,"1,E",0.0,"1,E",18950201.0,",1,E",18950211.0,",1,E",18950225.0,"+,1,E",0.0,"1,E,01,",18.0,"1,,E,11,",24.0,"1,E,25,+",,,140.2,"1,E",41.2,"1,,,E",1.276,"2,E",1.8329999999999997,"1,,,E",0.7190000000000001,"1,,,E"
AGE00147708,1895-03-01,36.72,4.05,222.0,"TIZI OUZOU, AG",0.7,E,0.7,",E",11.0,",E",9.0,",E",0.0,",E",0.0,",E",1.0,",E",0.0,",E",9.0,",E",0.0,",E",18950306.0,",,E",18950305.0,",,E",18950328.0,",,E",0.0,",E,06,",15.0,",,E,05,",29.0,",E,28,",,,169.0,",E",79.9,",,,E",1.29,",E",1.81,",,,E",0.771,",,,E"
AGE00147708,1895-04-01,36.72,4.05,222.0,"TIZI OUZOU, AG",14.5,E,13.8,",E",5.0,",E",4.0,",E",0.0,",E",0.0,",E",0.0,",E",0.0,",E",18.0,",E",0.0,",E",18950421.0,"+,,E",18950411.0,",,E",18950426.0,"+,,E",8.0,",E,21,+",7.0,",,E,11,",30.0,",E,26,+",,,57.8,",E",22.5,",,,E",1.687,",E",2.29,",,,E",1.083,",,,E"
AGE00147708,1895-05-01,36.72,4.05,222.0,"TIZI OUZOU, AG",40.7,E,26.2,",E",7.0,",E",4.0,",E",0.0,",E",0.0,",E",0.0,",E",0.0,",E",23.0,",E",1.0,",E",18950510.0,"+,,E",18950505.0,",,E",18950530.0,",,E",8.0,",E,10,+",13.0,",,E,05,",35.0,",E,30,",,,40.0,",E",38.7,",,,E",1.7890000000000001,",E",2.487,",,,E",1.09,",,,E"
AGE00147708,1895-06-01,36.72,4.05,222.0,"TIZI OUZOU, AG",178.9,E,138.2,",E",3.0,",E",2.0,",E",0.0,",E",0.0,",E",0.0,",E",0.0,",E",30.0,",E",9.0,",E",18950623.0,"+,,E",18950609.0,",,E",18950629.0,",,E",10.0,",E,23,+",6.0,",,E,09,",43.0,",E,29,",,,2.2,",E",13.7,",,,E",2.287,",E",3.1,",,,E",1.473,",,,E"
AGE00147708,1895-07-01,36.72,4.05,222.0,"TIZI OUZOU, AG",494.6,E,315.7,",E",1.0,",E",1.0,",E",0.0,",E",0.0,",E",0.0,",E",0.0,",E",31.0,",E",28.0,",E",18950715.0,"+,,E",18950701.0,",,E",18950703.0,",,E",18.0,",E,15,+",3.5,",,E,01,",44.0,",E,03,",0.0,E,0.0,",E",3.5,",,,E",2.852,",E",3.6770000000000005,",,,E",2.0260000000000002,",,,E"
AGE00147708,1895-08-01,36.72,4.05,222.0,"TIZI OUZOU, AG",766.3,E,271.7,",E",2.0,",E",1.0,",E",0.0,",E",0.0,",E",0.0,",E",0.0,",E",31.0,",E",24.0,",E",18950821.0,",,E",18950825.0,",,E",18950810.0,",,E",16.0,",E,21,",15.5,",,E,25,",40.0,",E,10,",0.0,E,0.0,",E",17.7,",,,E",2.71,",E",3.4869999999999997,",,,E",1.932,",,,E"
AGE00147708,1895-09-01,36.72,4.05,222.0,"TIZI OUZOU, AG",1002.3,E,236.0,",E",3.0,",E",1.0,",E",0.0,",E",0.0,",E",0.0,",E",0.0,",E",30.0,",E",24.0,",E",18950917.0,",,E",18950926.0,",,E",18950902.0,",,E",15.0,",E,17,",5.0,",,E,26,",38.0,",E,02,",0.0,E,0.0,",E",6.0,",,,E",2.62,",E",3.397,",,,E",1.843,",,,E"
AGE00147708,1895-10-01,36.72,4.05,222.0,"TIZI OUZOU, AG",1108.0,E,105.7,"2,E",4.0,"1,E",2.0,"1,E",0.0,"1,E",0.0,"1,E",0.0,"1,E",0.0,"1,E",30.0,"1,E",3.0,"1,E",18951027.0,"+,1,E",18951008.0,",1,E",18951002.0,",1,E",10.0,"1,E,27,+",3.0,"1,,E,08,",36.0,"1,E,02,",2.8,E,2.8,"1,E",6.5,"1,,,E",2.183,"2,E",2.873,"1,,,E",1.4929999999999999,"1,,,E"
AGE00147708,1895-11-01,36.72,4.05,222.0,"TIZI OUZOU, AG",1118.0,E,10.0,"2,E",7.0,"1,E",4.0,"1,E",0.0,"1,E",0.0,"1,E",0.0,"1,E",0.0,"1,E",21.0,"1,E",0.0,"1,E",18951108.0,",1,E",18951104.0,",1,E",18951102.0,",1,E",4.0,"1,E,08,",17.0,"1,,E,04,",31.0,"1,E,02,",50.6,E,47.8,"1,E",40.9,"1,,,E",1.691,"2,E",2.293,"1,,,E",1.09,"1,,,E"
AGE00147708,1895-12-01,36.72,4.05,222.0,"TIZI OUZOU, AG",1118.0,E,0.0,"1,E",6.0,"1,E",5.0,"1,E",0.0,"1,E",0.0,",E",0.0,",E",0.0,"1,E",0.0,"1,E",0.0,"1,E",18951223.0,"+,,E",18951220.0,",1,E",18951225.0,",1,E",4.0,",E,23,+",17.0,"1,,E,20,",21.0,"1,E,25,",235.8,E,185.2,"1,E",52.5,"1,,,E",1.218,"1,E",1.659,"1,,,E",0.7769999999999999,",,,E"
AGE00147708,1897-01-01,36.72,4.05,222.0,"TIZI OUZOU, AG",0.8,E,0.8,"2,E",13.0,"1,E",10.0,"1,E",0.0,"1,E",0.0,"1,E",3.0,"1,E",0.0,"1,E",3.0,"1,E",0.0,"1,E",18970130.0,"+,1,E",18970117.0,",1,E",18970109.0,"+,1,E",0.0,"1,E,30,+",10.5,"1,,E,17,",25.0,"1,E,09,+",,,220.0,"1,E",78.3,"1,,,E",1.082,"2,E",1.637,"1,,,E",0.5269999999999999,"1,,,E"
AGE00147708,1897-02-01,36.72,4.05,222.0,"TIZI OUZOU, AG",1.0,E,0.2,",E",9.0,",E",8.0,",E",2.0,",E",0.0,",E",0.0,",E",0.0,",E",7.0,",E",0.0,",E",18970209.0,",,E",18970223.0,",,E",18970203.0,",,E",2.0,",E,09,",35.5,",,E,23,",25.0,",E,03,",,,167.0,",E",150.0,",,,E",1.238,",E",1.8210000000000002,",,,E",0.654,",,,E"
AGE00147708,1897-03-01,36.72,4.05,222.0,"TIZI OUZOU, AG",8.0,E,7.0,"2,E",5.0,"1,E",3.0,"1,E",0.0,"1,E",0.0,"1,E",0.0,"1,E",0.0,"1,E",15.0,"1,E",0.0,"1,E",18970310.0,",1,E",18970330.0,",1,E",18970328.0,",1,E",2.0,"1,E,10,",9.5,"1,,E,30,",30.0,"1,E,28,",,,107.2,"1,E",25.1,"1,,,E",1.478,"2,E",2.127,"1,,,E",0.8300000000000001,"1,,,E"
AGE00147708,1897-04-01,36.72,4.05,222.0,"TIZI OUZOU, AG",22.3,E,14.3,"2,E",3.0,",E",1.0,",E",0.0,",E",0.0,"1,E",0.0,"1,E",0.0,"1,E",17.0,"1,E",1.0,"1,E",18970409.0,",1,E",18970408.0,",,E",18970422.0,",1,E",3.0,"1,E,09,",7.4,",,E,08,",35.0,"1,E,22,",,,76.2,"1,E",8.9,",,,E",1.6329999999999998,"2,E",2.31,"1,,,E",0.9550000000000001,"1,,,E"
AGE00147708,1897-05-01,36.72,4.05,222.0,"TIZI OUZOU, AG",61.0,E,38.7,",E",5.0,",E",4.0,",E",0.0,",E",0.0,",E",0.0,",E",0.0,",E",27.0,",E",1.0,",E",18970515.0,",,E",18970504.0,",,E",18970520.0,",,E",7.0,",E,15,",9.0,",,E,04,",33.0,",E,20,",,,27.5,",E",28.5,",,,E",1.8690000000000002,",E",2.548,",,,E",1.19,",,,E"
AGE00147708,1897-06-01,36.72,4.05,222.0,"TIZI OUZOU, AG",264.0,E,203.0,",E",1.0,",E",1.0,",E",0.0,",E",0.0,",E",0.0,",E",0.0,",E",30.0,",E",20.0,",E",18970606.0,",,E",18970604.0,",,E",18970630.0,",,E",12.0,",E,06,",3.0,",,E,04,",45.0,",E,30,",,,0.0,",E",3.0,",,,E",2.5100000000000002,",E",3.3369999999999997,",,,E",1.6829999999999998,",,,E"
AGE00147708,1897-07-01,36.72,4.05,222.0,"TIZI OUZOU, AG",550.3,E,286.3,"2,E",0.0,"1,E",0.0,"1,E",0.0,"1,E",0.0,"1,E",0.0,"1,E",0.0,"1,E",30.0,"1,E",22.0,"1,E",18970705.0,",1,E",18970731.0,"+,1,E",18970720.0,"+,1,E",16.0,"1,E,05,",0.0,"1,,E,31,+",45.0,"1,E,20,+",0.0,,0.0,"1,E",0.0,"1,,,E",2.81,"2,E",3.5829999999999997,"1,,,E",2.037,"1,,,E"
AGE00147708,1897-08-01,36.72,4.05,222.0,"TIZI OUZOU, AG",861.5,E,311.2,",E",1.0,",E",0.0,",E",0.0,",E",0.0,",E",0.0,",E",0.0,",E",31.0,",E",28.0,",E",18970819.0,",,E",18970823.0,",,E",18970822.0,",,E",16.0,",E,19,",2.0,",,E,23,",42.0,",E,22,",0.0,,0.0,",E",2.0,",,,E",2.837,",E",3.632,",,,E",2.0420000000000003,",,,E"
AGE00147708,1897-09-01,36.72,4.05,222.0,"TIZI OUZOU, AG",1020.8,E,159.3,"2,E",2.0,"1,E",2.0,"1,E",1.0,"1,E",0.0,"1,E",0.0,"1,E",0.0,"1,E",29.0,"1,E",8.0,"1,E",18970922.0,",1,E",18970920.0,",1,E",18970902.0,",1,E",10.0,"1,E,22,",27.5,"1,,E,20,",41.0,"1,E,02,",2.2,,2.2,"1,E",46.0,"1,,,E",2.391,"2,E",3.052,"1,,,E",1.7309999999999999,"1,,,E"
AGE00147708,1897-11-01,36.72,4.05,222.0,"TIZI OUZOU, AG",,,13.5,",E",10.0,",E",6.0,",E",0.0,",E",0.0,",E",0.0,",E",0.0,",E",13.0,",E",0.0,",E",18971128.0,",,E",18971123.0,",,E",18971109.0,"+,,E",4.0,",E,28,",12.0,",,E,23,",29.0,",E,09,+",,,71.5,",E",47.3,",,,E",1.64,",E",2.193,",,,E",1.087,",,,E"
AGE00147708,1897-12-01,36.72,4.05,222.0,"TIZI OUZOU, AG",,,0.0,"2,E",13.0,"1,E",10.0,"1,E",1.0,"1,E",0.0,"1,E",0.0,"1,E",0.0,"1,E",1.0,"1,E",0.0,"1,E",18971228.0,"+,1,E",18971204.0,",1,E",18971202.0,",1,E",2.0,"1,E,28,+",31.0,"1,,E,04,",22.0,"1,E,02,",,,193.2,"1,E",99.9,"1,,,E",1.16,"2,E",1.6829999999999998,"1,,,E",0.637,"1,,,E"
AGE00147708,1898-01-01,36.72,4.05,222.0,"TIZI OUZOU, AG",0.0,E,0.0,",E",10.0,",E",6.0,",E",1.0,",E",0.0,",E",0.0,",E",0.0,",E",1.0,",E",0.0,",E",18980126.0,",,E",18980121.0,",,E",18980103.0,",,E",2.0,",E,26,",37.0,",,E,21,",22.0,",E,03,",,,200.8,",E",85.6,",,,E",1.185,",E",1.7449999999999999,",,,E",0.626,",,,E"
AGE00147708,1898-03-01,36.72,4.05,222.0,"TIZI OUZOU, AG",,,,,14.0,"4,E",13.0,"4,E",1.0,"4,E",0.0,"4,E",0.0,"4,E",0.0,"4,E",6.0,"4,E",0.0,"4,E",18980311.0,"+,4,E",18980305.0,",4,E",18980320.0,"+,4,E",4.0,"4,E,11,+",29.0,"4,,E,05,",25.0,"4,E,20,+",,,,,133.5,"4,,,E",1.302,"7,E",1.8809999999999998,"4,,,E",0.722,"4,,,E"
AGE00147708,1898-04-01,36.72,4.05,222.0,"TIZI OUZOU, AG",,,4.0,"2,E",13.0,",E",11.0,",E",3.0,",E",0.0,"1,E",0.0,"1,E",0.0,"1,E",11.0,"1,E",0.0,"1,E",18980417.0,",1,E",18980416.0,",,E",18980424.0,",1,E",3.0,"1,E,17,",38.5,",,E,16,",29.0,"1,E,24,",,,103.3,"1,E",150.0,",,,E",1.483,"2,E",2.076,"1,,,E",0.89,"1,,,E"
AGE00147708,1898-05-01,36.72,4.05,222.0,"TIZI OUZOU, AG",,,27.7,"2,E",3.0,"1,E",2.0,"1,E",1.0,"1,E",0.0,"1,E",0.0,"1,E",0.0,"1,E",27.0,"1,E",0.0,"1,E",18980514.0,"+,1,E",18980518.0,",1,E",18980521.0,"+,1,E",8.0,"1,E,14,+",34.5,"1,,E,18,",32.0,"1,E,21,+",,,19.8,"1,E",48.3,"1,,,E",1.8649999999999998,"2,E",2.567,"1,,,E",1.163,"1,,,E"
AGE00147708,1898-06-01,36.72,4.05,222.0,"TIZI OUZOU, AG",,,176.0,",E",1.0,",E",0.0,",E",0.0,",E",0.0,",E",0.0,",E",0.0,",E",30.0,",E",9.0,",E",18980601.0,",,E",18980601.0,",,E",18980622.0,",,E",11.0,",E,01,",1.0,",,E,01,",44.0,",E,22,",,,0.0,",E",1.0,",,,E",2.42,",E",3.19,",,,E",1.65,",,,E"
AGE00147708,1898-07-01,36.72,4.05,222.0,"TIZI OUZOU, AG",,,309.7,",E",0.0,",E",0.0,",E",0.0,",E",0.0,",E",0.0,",E",0.0,",E",31.0,",E",24.0,",E",18980708.0,",,E",18980731.0,"+,,E",18980727.0,"+,,E",14.0,",E,08,",0.0,",,E,31,+",45.0,",E,27,+",0.0,E,0.0,",E",0.0,",,,E",2.832,",E",3.719,",,,E",1.9449999999999998,",,,E"
AGE00147708,1898-09-01,36.72,4.05,222.0,"TIZI OUZOU, AG",,,218.5,",E",7.0,",E",4.0,",E",0.0,",E",0.0,",E",0.0,",E",0.0,",E",30.0,",E",19.0,",E",18980930.0,",,E",18980928.0,",,E",18980916.0,",,E",11.0,",E,30,",14.0,",,E,28,",39.0,",E,16,",,,0.0,",E",31.8,",,,E",2.5620000000000003,",E",3.3329999999999997,",,,E",1.7899999999999998,",,,E"
AGE00147708,1898-10-01,36.72,4.05,222.0,"TIZI OUZOU, AG",,,80.2,",E",5.0,",E",2.0,",E",1.0,",E",0.0,",E",0.0,",E",0.0,",E",30.0,",E",1.0,",E",18981028.0,"+,,E",18981019.0,",,E",18981016.0,",,E",10.0,",E,28,+",59.0,",,E,19,",33.0,",E,16,",,,5.5,",E",70.5,",,,E",2.074,",E",2.774,",,,E",1.374,",,,E"
AGE00147708,1898-11-01,36.72,4.05,222.0,"TIZI OUZOU, AG",,,13.3,",E",15.0,",E",12.0,",E",3.0,",E",0.0,",E",0.0,",E",0.0,",E",17.0,",E",0.0,",E",18981130.0,",,E",18981105.0,",,E",18981111.0,"+,,E",7.0,",E,30,",57.2,",,E,05,",30.0,",E,11,+",,,67.3,",E",228.1,",,,E",1.653,",E",2.197,",,,E",1.1099999999999999,",,,E"
AGE00147708,1898-12-01,36.72,4.05,222.0,"TIZI OUZOU, AG",,,0.0,",E",15.0,",E",10.0,",E",2.0,",E",0.0,",E",1.0,",E",0.0,",E",0.0,",E",0.0,",E",18981227.0,",,E",18981204.0,",,E",18981210.0,",,E",0.0,",E,27,",63.0,",,E,04,",21.0,",E,10,",,,229.8,",E",190.3,",,,E",1.092,",E",1.568,",,,E",0.616,",,,E"
AGE00147708,1899-01-01,36.72,4.05,222.0,"TIZI OUZOU, AG",0.0,E,0.0,",E",7.0,",E",4.0,",E",0.0,",E",0.0,",E",0.0,",E",0.0,",E",0.0,",E",0.0,",E",18990119.0,",,E",18990110.0,",,E",18990131.0,"+,,E",2.0,",E,19,",21.0,",,E,10,",21.0,",E,31,+",,,200.8,",E",40.0,",,,E",1.185,",E",1.8059999999999998,",,,E",0.5650000000000001,",,,E"
AGE00147708,1899-02-01,36.72,4.05,222.0,"TIZI OUZOU, AG",0.0,E,0.0,",E",11.0,",E",9.0,",E",0.0,",E",0.0,",E",0.0,",E",0.0,",E",16.0,",E",0.0,",E",18990228.0,"+,,E",18990223.0,",,E",18990214.0,",,E",6.0,",E,28,+",10.0,",,E,23,",29.0,",E,14,",,,106.8,",E",57.9,",,,E",1.452,",E",2.071,",,,E",0.8320000000000001,",,,E"
AGE00147708,1899-03-01,36.72,4.05,222.0,"TIZI OUZOU, AG",0.0,E,0.0,",E",13.0,",E",11.0,",E",1.0,",E",0.0,",E",0.0,",E",0.0,",E",9.0,",E",0.0,",E",18990326.0,",,E",18990312.0,",,E",18990322.0,",,E",2.0,",E,26,",31.0,",,E,12,",26.0,",E,22,",,,157.3,",E",132.4,",,,E",1.326,",E",1.906,",,,E",0.745,",,,E"
AGE00147708,1899-04-01,36.72,4.05,222.0,"TIZI OUZOU, AG",14.3,E,14.3,",E",4.0,",E",1.0,",E",0.0,",E",0.0,",E",0.0,",E",0.0,",E",26.0,",E",0.0,",E",18990422.0,"+,,E",18990412.0,",,E",18990428.0,",,E",7.0,",E,22,+",8.4,",,E,12,",30.0,",E,28,",,,33.8,",E",11.4,",,,E",1.768,",E",2.507,",,,E",1.03,",,,E"
AGE00147708,1899-05-01,36.72,4.05,222.0,"TIZI OUZOU, AG",110.8,E,96.5,",E",5.0,",E",3.0,",E",0.0,",E",0.0,",E",0.0,",E",0.0,",E",29.0,",E",8.0,",E",18990509.0,",,E",18990508.0,",,E",18990514.0,",,E",8.0,",E,09,",8.0,",,E,08,",39.0,",E,14,",,,7.8,",E",18.8,",,,E",2.119,",E",2.877,",,,E",1.361,",,,E"
AGE00147708,1899-06-01,36.72,4.05,222.0,"TIZI OUZOU, AG",271.3,E,160.5,",E",7.0,",E",5.0,",E",0.0,",E",0.0,",E",0.0,",E",0.0,",E",30.0,",E",10.0,",E",18990623.0,",,E",18990603.0,",,E",18990610.0,",,E",12.0,",E,23,",12.0,",,E,03,",40.0,",E,10,",,,0.0,",E",39.0,",,,E",2.368,",E",3.133,",,,E",1.6030000000000002,",,,E"
AGE00147708,1899-09-01,36.72,4.05,222.0,"TIZI OUZOU, AG",,,224.7,"2,E",7.0,"1,E",2.0,"1,E",0.0,"1,E",0.0,"1,E",0.0,"1,E",0.0,"1,E",28.0,"1,E",17.0,"1,E",18990927.0,"+,1,E",18990917.0,",1,E",18990903.0,",1,E",14.0,"1,E,27,+",24.5,"1,,E,17,",42.0,"1,E,03,",,,0.0,"1,E",32.0,"1,,,E",2.653,"2,E",3.3899999999999997,"1,,,E",1.9170000000000003,"1,,,E"
AGE00147708,1899-10-01,36.72,4.05,222.0,"TIZI OUZOU, AG",,,174.0,",E",1.0,",E",1.0,",E",0.0,",E",0.0,",E",0.0,",E",0.0,",E",30.0,",E",5.0,",E",18991026.0,",,E",18991017.0,",,E",18991002.0,",,E",13.0,",E,26,",14.5,",,E,17,",38.0,",E,02,",,,0.8,",E",14.5,",,,E",2.3920000000000003,",E",3.048,",,,E",1.735,",,,E"
AGE00147708,1899-11-01,36.72,4.05,222.0,"TIZI OUZOU, AG",,,56.2,",E",7.0,",E",7.0,",E",1.0,",E",0.0,",E",0.0,",E",0.0,",E",27.0,",E",2.0,",E",18991126.0,"+,,E",18991119.0,",,E",18991103.0,",,E",7.0,",E,26,+",26.0,",,E,19,",36.0,",E,03,",,,41.7,",E",83.5,",,,E",1.8820000000000001,",E",2.65,",,,E",1.113,",,,E"
AGE00147708,1899-12-01,36.72,4.05,222.0,"TIZI OUZOU, AG",,,0.0,"2,E",11.0,"1,E",11.0,"1,E",4.0,"1,E",0.0,"1,E",0.0,"1,E",0.0,"1,E",4.0,"1,E",0.0,"1,E",18991211.0,",1,E",18991209.0,",1,E",18991231.0,",1,E",1.0,"1,E,11,",41.0,"1,,E,09,",25.0,"1,E,31,",,,169.2,"1,E",210.5,"1,,,E",1.247,"2,E",1.7670000000000001,"1,,,E",0.727,"1,,,E"
AGE00147708,1900-01-01,36.72,4.05,222.0,"TIZI OUZOU, AG",0.0,E,0.0,"5,E",13.0,"3,E",11.0,"3,E",3.0,"3,E",0.0,"3,E",1.0,"3,E",0.0,"3,E",2.0,"3,E",0.0,"3,E",19000113.0,",3,E",19000129.0,",3,E",19000101.0,",3,E",0.0,"3,E,13,",41.0,"3,,E,29,",25.0,"3,E,01,",,,180.7,"3,E",244.0,"3,,,E",1.1199999999999999,"5,E",1.5859999999999999,"3,,,E",0.654,"3,,,E"
AGE00147708,1900-02-01,36.72,4.05,222.0,"TIZI OUZOU, AG",,,,,4.0,"3,E",4.0,"3,E",1.0,"3,E",0.0,"3,E",0.0,"3,E",0.0,"3,E",16.0,"3,E",0.0,"3,E",19000213.0,"+,3,E",19000220.0,",3,E",19000225.0,"+,3,E",5.0,"3,E,13,+",47.0,"3,,E,20,",27.0,"3,E,25,+",,,,,99.0,"3,,,E",1.512,"6,E",2.2399999999999998,"3,,,E",0.784,"3,,,E"
AGE00147708,1900-03-01,36.72,4.05,222.0,"TIZI OUZOU, AG",,,,,11.0,"4,E",11.0,"4,E",4.0,"4,E",0.0,"4,E",0.0,"4,E",0.0,"4,E",3.0,"4,E",0.0,"4,E",19000308.0,"+,4,E",19000324.0,",4,E",19000311.0,",4,E",1.0,"4,E,08,+",46.0,"4,,E,24,",25.0,"4,E,11,",,,,,222.0,"4,,,E",1.1720000000000002,"8,E",1.7109999999999999,"4,,,E",0.633,"4,,,E"
AGE00147708,1900-04-01,36.72,4.05,222.0,"TIZI OUZOU, AG",,,4.5,",E",8.0,",E",8.0,",E",1.0,",E",0.0,",E",0.0,",E",0.0,",E",12.0,",E",0.0,",E",19000409.0,",,E",19000405.0,",,E",19000416.0,",,E",1.0,",E,09,",28.0,",,E,05,",30.0,",E,16,",,,136.0,",E",115.0,",,,E",1.395,",E",2.107,",,,E",0.683,",,,E"
AGE00147708,1900-05-01,36.72,4.05,222.0,"TIZI OUZOU, AG",,,18.8,"3,E",7.0,"3,E",7.0,"3,E",2.0,"3,E",0.0,"1,E",0.0,"1,E",0.0,"2,E",21.0,"2,E",1.0,"2,E",19000528.0,"+,1,E",19000520.0,"+,3,E",19000506.0,",2,E",8.0,"1,E,28,+",30.0,"3,,E,20,+",35.0,"2,E,06,",,,39.7,"2,E",129.0,"3,,,E",1.77,"3,E",2.424,"2,,,E",1.117,"1,,,E"
AGE00147708,1900-06-01,36.72,4.05,222.0,"TIZI OUZOU, AG",,,175.2,"4,E",5.0,"2,E",3.0,"2,E",0.0,"2,E",0.0,"3,E",0.0,"3,E",0.0,"2,E",28.0,"2,E",15.0,"2,E",19000605.0,"+,3,E",19000604.0,",2,E",19000622.0,",2,E",13.0,"3,E,05,+",10.0,"2,,E,04,",41.0,"2,E,22,",,,0.3,"2,E",27.5,"2,,,E",2.475,"4,E",3.25,"2,,,E",1.7,"3,,,E"
AGE00147708,1900-07-01,36.72,4.05,222.0,"TIZI OUZOU, AG",,,236.8,"2,E",1.0,"1,E",1.0,"1,E",0.0,"1,E",0.0,"1,E",0.0,"1,E",0.0,"1,E",30.0,"1,E",21.0,"1,E",19000707.0,"+,1,E",19000704.0,",1,E",19000729.0,"+,1,E",11.0,"1,E,07,+",6.0,"1,,E,04,",43.0,"1,E,29,+",0.0,E,0.0,"1,E",6.0,"1,,,E",2.66,"2,E",3.5829999999999997,"1,,,E",1.737,"1,,,E"
AGE00147708,1900-08-01,36.72,4.05,222.0,"TIZI OUZOU, AG",,,241.8,"2,E",3.0,"1,E",3.0,"1,E",0.0,"1,E",0.0,"1,E",0.0,"1,E",0.0,"1,E",30.0,"1,E",22.0,"1,E",19000825.0,"+,1,E",19000823.0,"+,1,E",19000821.0,",1,E",14.0,"1,E,25,+",4.0,"1,,E,23,+",44.0,"1,E,21,",0.0,E,0.0,"1,E",12.0,"1,,,E",2.6719999999999997,"2,E",3.543,"1,,,E",1.8,"1,,,E"
AGE00147708,1900-09-01,36.72,4.05,222.0,"TIZI OUZOU, AG",,,211.2,"2,E",6.0,"1,E",4.0,"1,E",0.0,"1,E",0.0,"1,E",0.0,"1,E",0.0,"1,E",29.0,"1,E",19.0,"1,E",19000930.0,",1,E",19000908.0,",1,E",19000903.0,",1,E",15.0,"1,E,30,",10.0,"1,,E,08,",40.0,"1,E,03,",0.0,E,0.0,"1,E",25.0,"1,,,E",2.6,"2,E",3.379,"1,,,E",1.8210000000000002,"1,,,E"
AGE00147708,1900-10-01,36.72,4.05,222.0,"TIZI OUZOU, AG",,,96.5,"2,E",8.0,"1,E",4.0,"1,E",0.0,"1,E",0.0,"1,E",0.0,"1,E",0.0,"1,E",29.0,"1,E",8.0,"1,E",19001030.0,",1,E",19001027.0,",1,E",19001011.0,",1,E",9.0,"1,E,30,",10.0,"1,,E,27,",38.0,"1,E,11,",1.7,E,1.7,"1,E",31.0,"1,,,E",2.157,"2,E",2.92,"1,,,E",1.393,"1,,,E"
AGE00147708,1900-11-01,36.72,4.05,222.0,"TIZI OUZOU, AG",,,1.3,",E",20.0,",E",20.0,",E",2.0,",E",0.0,",E",0.0,",E",0.0,",E",13.0,",E",0.0,",E",19001113.0,",,E",19001111.0,",,E",19001102.0,",,E",3.0,",E,13,",44.0,",,E,11,",30.0,",E,02,",130.5,E,128.8,",E",275.0,",,,E",1.408,",E",2.043,",,,E",0.773,",,,E"
AGE00147708,1900-12-01,36.72,4.05,222.0,"TIZI OUZOU, AG",,,,,9.0,"3,E",8.0,"3,E",2.0,"3,E",0.0,"3,E",1.0,"3,E",0.0,"3,E",1.0,"3,E",0.0,"3,E",19001213.0,",3,E",19001202.0,",3,E",19001223.0,",3,E",0.0,"3,E,13,",30.0,"3,,E,02,",22.0,"3,E,23,",,,,,98.0,"3,,,E",1.1320000000000001,"6,E",1.843,"3,,,E",0.421,"3,,,E"
AGE00147708,1901-01-01,36.72,4.05,222.0,"TIZI OUZOU, AG",0.0,E,0.0,",E",10.0,",E",9.0,",E",2.0,",E",0.0,",E",2.0,",E",0.0,",E",6.0,",E",0.0,",E",19010116.0,"+,,E",19010107.0,",,E",19010125.0,",,E",0.0,",E,16,+",40.0,",,E,07,",26.0,",E,25,",,,244.8,",E",184.0,",,,E",1.044,",E",1.748,",,,E",0.339,",,,E"
AGE00147708,1901-02-01,36.72,4.05,222.0,"TIZI OUZOU, AG",0.0,E,0.0,"2,E",14.0,",E",14.0,",E",1.0,",E",0.0,"1,E",4.0,"1,E",0.0,"1,E",1.0,"1,E",0.0,"1,E",19010218.0,",1,E",19010212.0,",,E",19010223.0,",1,E",-2.0,"1,E,18,",39.0,",,E,12,",22.0,"1,E,23,",,,236.7,"1,E",178.0,",,,E",0.907,"2,E",1.4929999999999999,"1,,,E",0.322,"1,,,E"
AGE00147708,1901-03-01,36.72,4.05,222.0,"TIZI OUZOU, AG",1.7,E,1.7,",E",9.0,",E",8.0,",E",0.0,",E",0.0,",E",0.0,",E",0.0,",E",7.0,",E",0.0,",E",19010308.0,"+,,E",19010307.0,",,E",19010331.0,",,E",2.0,",E,08,+",18.0,",,E,07,",27.0,",E,31,",,,174.0,",E",81.0,",,,E",1.277,",E",1.89,",,,E",0.665,",,,E"
AGE00147708,1901-05-01,36.72,4.05,222.0,"TIZI OUZOU, AG",,,5.7,"2,E",12.0,"1,E",10.0,"1,E",2.0,"1,E",0.0,"1,E",0.0,"1,E",0.0,"1,E",19.0,"1,E",0.0,"1,E",19010513.0,"+,1,E",19010523.0,",1,E",19010509.0,",1,E",7.0,"1,E,13,+",36.0,"1,,E,23,",29.0,"1,E,09,",,,61.8,"1,E",166.0,"1,,,E",1.65,"2,E",2.31,"1,,,E",0.99,"1,,,E"
AGE00147708,1901-06-01,36.72,4.05,222.0,"TIZI OUZOU, AG",,,222.3,"1,E",0.0,",E",0.0,",E",0.0,",E",0.0,"1,E",0.0,"1,E",0.0,",E",30.0,",E",19.0,",E",19010622.0,"+,1,E",19010630.0,"+,,E",19010629.0,",,E",13.0,"1,E,22,+",0.0,",,E,30,+",45.0,",E,29,",,,0.0,",E",0.0,",,,E",2.5949999999999998,"1,E",3.4170000000000003,",,,E",1.7719999999999998,"1,,,E"
AGE00147708,1901-07-01,36.72,4.05,222.0,"TIZI OUZOU, AG",,,,,2.0,"3,E",2.0,"3,E",0.0,"3,E",0.0,"3,E",0.0,"3,E",0.0,"3,E",28.0,"3,E",25.0,"3,E",19010707.0,",3,E",19010730.0,"+,3,E",19010722.0,",3,E",14.0,"3,E,07,",5.0,"3,,E,30,+",45.0,"3,E,22,",,,,,10.0,"3,,,E",2.884,"6,E",3.804,"3,,,E",1.964,"3,,,E"
AGE00147708,1901-08-01,36.72,4.05,222.0,"TIZI OUZOU, AG",,,336.2,",E",0.0,",E",0.0,",E",0.0,",E",0.0,",E",0.0,",E",0.0,",E",31.0,",E",28.0,",E",19010819.0,",,E",19010831.0,"+,,E",19010831.0,"+,,E",17.0,",E,19,",0.0,",,E,31,+",44.0,",E,31,+",,,0.0,",E",0.0,",,,E",2.918,",E",3.8609999999999998,",,,E",1.9739999999999998,",,,E"
AGE00147708,1901-09-01,36.72,4.05,222.0,"TIZI OUZOU, AG",,,204.2,"2,E",8.0,"1,E",8.0,"1,E",2.0,"1,E",0.0,"1,E",0.0,"1,E",0.0,"1,E",29.0,"1,E",20.0,"1,E",19010928.0,"+,1,E",19010912.0,",1,E",19010902.0,"+,1,E",14.0,"1,E,28,+",40.0,"1,,E,12,",44.0,"1,E,02,+",,,0.0,"1,E",117.0,"1,,,E",2.55,"2,E",3.345,"1,,,E",1.7550000000000001,"1,,,E"
AGE00147708,1901-10-01,36.72,4.05,222.0,"TIZI OUZOU, AG",,,53.2,",E",14.0,",E",11.0,",E",1.0,",E",0.0,",E",0.0,",E",0.0,",E",20.0,",E",0.0,",E",19011031.0,",,E",19011023.0,",,E",19011009.0,",,E",8.0,",E,31,",32.0,",,E,23,",32.0,",E,09,",,,41.0,",E",148.0,",,,E",1.873,",E",2.442,",,,E",1.303,",,,E"
AGE00147708,1901-11-01,36.72,4.05,222.0,"TIZI OUZOU, AG",,,4.7,"3,E",12.0,"2,E",10.0,"2,E",1.0,"2,E",0.0,"1,E",0.0,"1,E",0.0,"2,E",9.0,"2,E",0.0,"2,E",19011125.0,",1,E",19011121.0,",2,E",19011117.0,",2,E",4.0,"1,E,25,",27.0,"2,,E,21,",31.0,"2,E,17,",,,104.7,"2,E",110.0,"2,,,E",1.489,"3,E",2.082,"2,,,E",0.897,"1,,,E"
AGE00147708,1901-12-01,36.72,4.05,222.0,"TIZI OUZOU, AG",,,0.0,"2,E",11.0,",E",7.0,",E",0.0,",E",0.0,"1,E",2.0,"1,E",0.0,"1,E",1.0,"1,E",0.0,"1,E",19011222.0,"+,1,E",19011223.0,",,E",19011218.0,",1,E",0.0,"1,E,22,+",19.0,",,E,23,",22.0,"1,E,18,",,,236.7,"1,E",82.0,",,,E",1.018,"2,E",1.627,"1,,,E",0.41,"1,,,E"
AGE00147708,1902-01-01,36.72,4.05,222.0,"TIZI OUZOU, AG",0.0,E,0.0,"2,E",6.0,"1,E",5.0,"1,E",0.0,"1,E",0.0,"1,E",8.0,"1,E",0.0,"1,E",0.0,"1,E",0.0,"1,E",19020131.0,"+,1,E",19020130.0,",1,E",19020124.0,"+,1,E",0.0,"1,E,31,+",17.0,"1,,E,30,",21.0,"1,E,24,+",,,262.7,"1,E",44.0,"1,,,E",0.9199999999999999,"2,E",1.583,"1,,,E",0.257,"1,,,E"
AGE00147708,1902-02-01,36.72,4.05,222.0,"TIZI OUZOU, AG",0.0,E,0.0,"2,E",11.0,",E",10.0,",E",2.0,",E",0.0,"1,E",4.0,"1,E",0.0,"1,E",9.0,"1,E",0.0,"1,E",19020217.0,"+,1,E",19020221.0,",,E",19020212.0,",1,E",0.0,"1,E,17,+",51.0,",,E,21,",28.0,"1,E,12,",,,165.7,"1,E",171.0,",,,E",1.174,"2,E",1.8370000000000002,"1,,,E",0.511,"1,,,E"
AGE00147708,1902-03-01,36.72,4.05,222.0,"TIZI OUZOU, AG",0.0,E,0.0,"2,E",7.0,"1,E",7.0,"1,E",1.0,"1,E",0.0,"1,E",1.0,"1,E",0.0,"1,E",7.0,"1,E",0.0,"1,E",19020310.0,",1,E",19020307.0,",1,E",19020331.0,",1,E",0.0,"1,E,10,",31.0,"1,,E,07,",26.0,"1,E,31,",,,161.2,"1,E",75.0,"1,,,E",1.278,"2,E",1.8699999999999999,"1,,,E",0.687,"1,,,E"
AGE00147708,1902-04-01,36.72,4.05,222.0,"TIZI OUZOU, AG",9.8,E,9.8,",E",8.0,",E",8.0,",E",1.0,",E",0.0,",E",0.0,",E",0.0,",E",26.0,",E",0.0,",E",19020425.0,"+,,E",19020406.0,",,E",19020414.0,",,E",8.0,",E,25,+",30.0,",,E,06,",31.0,",E,14,",,,41.8,",E",89.0,",,,E",1.7269999999999999,",E",2.3899999999999997,",,,E",1.0630000000000002,",,,E"
AGE00147708,1902-05-01,36.72,4.05,222.0,"TIZI OUZOU, AG",35.3,E,25.5,",E",5.0,",E",5.0,",E",0.0,",E",0.0,",E",0.0,",E",0.0,",E",22.0,",E",2.0,",E",19020523.0,"+,,E",19020507.0,",,E",19020528.0,",,E",5.0,",E,23,+",24.0,",,E,07,",36.0,",E,28,",,,71.8,",E",67.0,",,,E",1.684,",E",2.442,",,,E",0.9259999999999999,",,,E"
AGE00147708,1902-06-01,36.72,4.05,222.0,"TIZI OUZOU, AG",169.1,E,133.8,",E",2.0,",E",1.0,",E",0.0,",E",0.0,",E",0.0,",E",0.0,",E",30.0,",E",9.0,",E",19020612.0,",,E",19020610.0,",,E",19020625.0,",,E",10.0,",E,12,",12.0,",,E,10,",40.0,",E,25,",,,0.3,",E",14.0,",,,E",2.278,",E",3.1,",,,E",1.457,",,,E"
AGE00147708,1902-08-01,36.72,4.05,222.0,"TIZI OUZOU, AG",,,342.8,"2,E",2.0,",E",2.0,",E",0.0,",E",0.0,"1,E",0.0,"1,E",0.0,"1,E",30.0,"1,E",28.0,"1,E",19020827.0,",1,E",19020829.0,",,E",19020819.0,"+,1,E",12.0,"1,E,27,",7.0,",,E,29,",47.0,"1,E,19,+",,,0.0,"1,E",11.4,",,,E",2.9899999999999998,"2,E",3.94,"1,,,E",2.04,"1,,,E"
AGE00147708,1902-09-01,36.72,4.05,222.0,"TIZI OUZOU, AG",,,205.7,",E",6.0,",E",6.0,",E",1.0,",E",0.0,",E",0.0,",E",0.0,",E",28.0,",E",13.0,",E",19020927.0,",,E",19020927.0,",,E",19020905.0,"+,,E",13.0,",E,27,",27.6,",,E,27,",44.0,",E,05,+",,,1.7,",E",55.0,",,,E",2.513,",E",3.247,",,,E",1.78,",,,E"
AGE00147708,1902-11-01,36.72,4.05,222.0,"TIZI OUZOU, AG",,,2.5,",E",12.0,",E",11.0,",E",1.0,",E",0.0,",E",0.0,",E",0.0,",E",12.0,",E",0.0,",E",19021129.0,"+,,E",19021115.0,",,E",19021103.0,"+,,E",6.0,",E,29,+",52.0,",,E,15,",26.0,",E,03,+",,,79.5,",E",159.1,",,,E",1.577,",E",2.093,",,,E",1.06,",,,E"
AGE00147708,1902-12-01,36.72,4.05,222.0,"TIZI OUZOU, AG",,,0.0,",E",13.0,",E",10.0,",E",1.0,",E",0.0,",E",0.0,",E",0.0,",E",0.0,",E",0.0,",E",19021229.0,"+,,E",19021214.0,",,E",19021203.0,",,E",3.0,",E,29,+",36.0,",,E,14,",19.0,",E,03,",,,221.8,",E",142.0,",,,E",1.1179999999999999,",E",1.484,",,,E",0.752,",,,E"
AGE00147708,1903-01-01,36.72,4.05,222.0,"TIZI OUZOU, AG",0.0,E,0.0,"2,E",6.0,"1,E",6.0,"1,E",1.0,"1,E",0.0,"1,E",0.0,"1,E",0.0,"1,E",4.0,"1,E",0.0,"1,E",19030130.0,"+,1,E",19030122.0,",1,E",19030110.0,",1,E",2.0,"1,E,30,+",27.0,"1,,E,22,",24.0,"1,E,10,",,,222.7,"1,E",68.0,"1,,,E",1.065,"2,E",1.593,"1,,,E",0.537,"1,,,E"
AGE00147708,1903-02-01,36.72,4.05,222.0,"TIZI OUZOU, AG",0.0,E,0.0,"1,E",2.0,"1,E",2.0,"1,E",0.0,"1,E",0.0,",E",0.0,",E",0.0,"1,E",1.0,"1,E",0.0,"1,E",19030219.0,",,E",19030202.0,",1,E",19030223.0,",1,E",2.0,",E,19,",20.1,"1,,E,02,",23.0,"1,E,23,",,,203.5,"1,E",24.1,"1,,,E",1.085,"1,E",1.6670000000000003,"1,,,E",0.504,",,,E"
AGE00147708,1903-03-01,36.72,4.05,222.0,"TIZI OUZOU, AG",0.2,E,0.2,"5,E",7.0,"1,E",4.0,"1,E",0.0,"1,E",0.0,"3,E",0.0,"3,E",0.0,"2,E",13.0,"2,E",0.0,"2,E",19030310.0,",3,E",19030316.0,",1,E",19030326.0,",2,E",1.0,"3,E,10,",18.0,"1,,E,16,",28.0,"2,E,26,",,,99.8,"2,E",49.0,"1,,,E",1.475,"5,E",2.097,"2,,,E",0.8539999999999999,"3,,,E"
AGE00147708,1903-04-01,36.72,4.05,222.0,"TIZI OUZOU, AG",6.7,E,6.5,",E",6.0,",E",6.0,",E",0.0,",E",0.0,",E",0.0,",E",0.0,",E",20.0,",E",0.0,",E",19030412.0,"+,,E",19030422.0,",,E",19030430.0,"+,,E",6.0,",E,12,+",11.0,",,E,22,",27.0,",E,30,+",,,63.0,",E",40.0,",,,E",1.645,",E",2.277,",,,E",1.0130000000000001,",,,E"
AGE00147708,1903-05-01,36.72,4.05,222.0,"TIZI OUZOU, AG",76.2,E,69.5,",E",3.0,",E",2.0,",E",0.0,",E",0.0,",E",0.0,",E",0.0,",E",26.0,",E",1.0,",E",19030515.0,",,E",19030531.0,",,E",19030526.0,",,E",8.0,",E,15,",12.0,",,E,31,",37.0,",E,26,",,,14.3,",E",17.0,",,,E",2.011,",E",2.613,",,,E",1.41,",,,E"
AGE00147708,1903-06-01,36.72,4.05,222.0,"TIZI OUZOU, AG",187.7,E,111.5,"2,E",3.0,"1,E",2.0,"1,E",0.0,"1,E",0.0,"1,E",0.0,"1,E",0.0,"1,E",25.0,"1,E",7.0,"1,E",19030604.0,",1,E",19030602.0,",1,E",19030629.0,"+,1,E",12.0,"1,E,04,",19.0,"1,,E,02,",38.0,"1,E,29,+",,,7.3,"1,E",33.0,"1,,,E",2.226,"2,E",2.869,"1,,,E",1.583,"1,,,E"
AGE00147708,1903-07-01,36.72,4.05,222.0,"TIZI OUZOU, AG",462.4,E,274.7,",E",0.0,",E",0.0,",E",0.0,",E",0.0,",E",0.0,",E",0.0,",E",31.0,",E",27.0,",E",19030710.0,",,E",19030731.0,"+,,E",19030712.0,",,E",15.0,",E,10,",0.0,",,E,31,+",41.0,",E,12,",0.0,E,0.0,",E",0.0,",,,E",2.7190000000000003,",E",3.565,",,,E",1.8739999999999999,",,,E"
AGE00147708,1903-09-01,36.72,4.05,222.0,"TIZI OUZOU, AG",,,,,3.0,"3,E",2.0,"3,E",0.0,"3,E",0.0,"4,E",0.0,"4,E",0.0,"3,E",27.0,"3,E",11.0,"3,E",19030923.0,"+,4,E",19030909.0,",3,E",19030920.0,"+,3,E",10.0,"4,E,23,+",7.0,"3,,E,09,",39.0,"3,E,20,+",,,,,12.0,"3,,,E",2.481,"7,E",3.2670000000000003,"3,,,E",1.6960000000000002,"4,,,E"
AGE00147708,1903-10-01,36.72,4.05,222.0,"TIZI OUZOU, AG",,,,,6.0,"3,E",5.0,"3,E",2.0,"3,E",0.0,"3,E",0.0,"3,E",0.0,"3,E",28.0,"3,E",7.0,"3,E",19031030.0,"+,3,E",19031030.0,",3,E",19031019.0,"+,3,E",8.0,"3,E,30,+",37.0,"3,,E,30,",36.0,"3,E,19,+",,,,,103.0,"3,,,E",2.159,"6,E",3.021,"3,,,E",1.296,"3,,,E"
AGE00147708,1903-11-01,36.72,4.05,222.0,"TIZI OUZOU, AG",,,1.7,",E",10.0,",E",9.0,",E",1.0,",E",0.0,",E",0.0,",E",0.0,",E",19.0,",E",0.0,",E",19031124.0,"+,,E",19031130.0,",,E",19031101.0,",,E",3.0,",E,24,+",50.0,",,E,30,",30.0,",E,01,",,,100.2,",E",122.9,",,,E",1.5050000000000001,",E",2.183,",,,E",0.827,",,,E"
AGE00147708,1904-03-01,36.72,4.05,222.0,"TIZI OUZOU, AG",,,0.0,",E",14.0,",E",13.0,",E",0.0,",E",0.0,",E",0.0,",E",0.0,",E",1.0,",E",0.0,",E",19040301.0,",,E",19040320.0,"+,,E",19040312.0,",,E",1.0,",E,01,",20.0,",,E,20,+",25.0,",E,12,",,,231.8,",E",181.0,",,,E",1.085,",E",1.5390000000000001,",,,E",0.632,",,,E"
AGE00147708,1904-04-01,36.72,4.05,222.0,"TIZI OUZOU, AG",,,5.3,"2,E",8.0,"1,E",8.0,"1,E",0.0,"1,E",0.0,"1,E",0.0,"1,E",0.0,"1,E",11.0,"1,E",0.0,"1,E",19040430.0,",1,E",19040420.0,",1,E",19040414.0,"+,1,E",6.0,"1,E,30,",22.0,"1,,E,20,",30.0,"1,E,14,+",,,94.7,"1,E",106.0,"1,,,E",1.519,"2,E",2.0829999999999997,"1,,,E",0.9550000000000001,"1,,,E"
AGE00147708,1904-06-01,36.72,4.05,222.0,"TIZI OUZOU, AG",,,181.5,",E",2.0,",E",2.0,",E",0.0,",E",0.0,",E",0.0,",E",0.0,",E",30.0,",E",16.0,",E",19040601.0,",,E",19040608.0,",,E",19040626.0,"+,,E",12.0,",E,01,",12.0,",,E,08,",40.0,",E,26,+",,,0.0,",E",16.0,",,,E",2.4379999999999997,",E",3.293,",,,E",1.583,",,,E"
AGE00147708,1904-08-01,36.72,4.05,222.0,"TIZI OUZOU, AG",,,340.2,",E",0.0,",E",0.0,",E",0.0,",E",0.0,",E",0.0,",E",0.0,",E",31.0,",E",31.0,",E",19040826.0,",,E",19040831.0,"+,,E",19040816.0,"+,,E",14.0,",E,26,",0.0,",,E,31,+",44.0,",E,16,+",,,0.0,",E",0.0,",,,E",2.931,",E",4.0,",,,E",1.861,",,,E"
AGE00147708,1904-09-01,36.72,4.05,222.0,"TIZI OUZOU, AG",,,145.0,",E",4.0,",E",4.0,",E",0.0,",E",0.0,",E",0.0,",E",0.0,",E",28.0,",E",17.0,",E",19040930.0,",,E",19040920.0,",,E",19040901.0,",,E",11.0,",E,30,",10.0,",,E,20,",39.0,",E,01,",,,7.0,",E",26.0,",,,E",2.293,",E",3.1100000000000003,",,,E",1.4769999999999999,",,,E"
AGE00147708,1904-10-01,36.72,4.05,222.0,"TIZI OUZOU, AG",,,33.5,"2,E",4.0,"1,E",4.0,"1,E",0.0,"1,E",0.0,"1,E",0.0,"1,E",0.0,"1,E",20.0,"1,E",1.0,"1,E",19041017.0,"+,1,E",19041002.0,",1,E",19041007.0,",1,E",9.0,"1,E,17,+",12.0,"1,,E,02,",33.0,"1,E,07,",,,38.7,"1,E",32.0,"1,,,E",1.81,"2,E",2.4530000000000003,"1,,,E",1.167,"1,,,E"
AGE00147708,1904-11-01,36.72,4.05,222.0,"TIZI OUZOU, AG",,,11.3,",E",7.0,",E",7.0,",E",0.0,",E",0.0,",E",0.0,",E",0.0,",E",18.0,",E",0.0,",E",19041128.0,"+,,E",19041125.0,"+,,E",19041102.0,"+,,E",1.0,",E,28,+",12.0,",,E,25,+",30.0,",E,02,+",,,120.8,",E",66.0,",,,E",1.468,",E",2.21,",,,E",0.727,",,,E"
AGE00147708,1905-02-01,36.72,4.05,222.0,"TIZI OUZOU, AG",,,0.0,"2,E",11.0,"1,E",11.0,"1,E",0.0,"1,E",0.0,"1,E",0.0,"1,E",0.0,"1,E",2.0,"1,E",0.0,"1,E",19050226.0,"+,1,E",19050220.0,",1,E",19050208.0,"+,1,E",1.0,"1,E,26,+",25.0,"1,,E,20,",22.0,"1,E,08,+",,,243.2,"1,E",151.0,"1,,,E",0.883,"2,E",1.448,"1,,,E",0.319,"1,,,E"
AGE00147708,1905-05-01,36.72,4.05,222.0,"TIZI OUZOU, AG",,,,,6.0,"3,E",6.0,"3,E",0.0,"3,E",0.0,"3,E",0.0,"3,E",0.0,"3,E",20.0,"3,E",0.0,"3,E",19050507.0,",3,E",19050527.0,",3,E",19050501.0,",3,E",6.0,"3,E,07,",25.0,"3,,E,27,",31.0,"3,E,01,",,,,,70.0,"3,,,E",1.779,"6,E",2.368,"3,,,E",1.189,"3,,,E"
AGE00147708,1905-06-01,36.72,4.05,222.0,"TIZI OUZOU, AG",,,,,3.0,"5,E",3.0,"5,E",0.0,"5,E",0.0,"5,E",0.0,"5,E",0.0,"5,E",23.0,"5,E",6.0,"5,E",19050616.0,",5,E",19050607.0,",5,E",19050626.0,",5,E",10.0,"5,E,16,",20.0,"5,,E,07,",40.0,"5,E,26,",,,,,40.0,"5,,,E",2.218,"9,E",2.944,"5,,,E",1.492,"5,,,E"
AGE00147708,1905-07-01,36.72,4.05,222.0,"TIZI OUZOU, AG",,,245.3,"2,E",0.0,"1,E",0.0,"1,E",0.0,"1,E",0.0,"1,E",0.0,"1,E",0.0,"1,E",30.0,"1,E",26.0,"1,E",19050712.0,"+,1,E",19050731.0,"+,1,E",19050728.0,",1,E",14.0,"1,E,12,+",0.0,"1,,E,31,+",42.0,"1,E,28,",0.0,E,0.0,"1,E",0.0,"1,,,E",2.678,"2,E",3.65,"1,,,E",1.707,"1,,,E"
AGE00147708,1905-08-01,36.72,4.05,222.0,"TIZI OUZOU, AG",,,273.8,"5,E",0.0,"3,E",0.0,"3,E",0.0,"3,E",0.0,"3,E",0.0,"3,E",0.0,"3,E",28.0,"3,E",27.0,"3,E",19050817.0,",3,E",19050831.0,"+,3,E",19050811.0,",3,E",10.0,"3,E,17,",0.0,"3,,E,31,+",45.0,"3,E,11,",0.0,E,0.0,"3,E",0.0,"3,,,E",2.884,"5,E",3.839,"3,,,E",1.9289999999999998,"3,,,E"
AGE00147708,1906-03-01,36.72,4.05,222.0,"TIZI OUZOU, AG",,,0.0,"5,E",10.0,"3,E",7.0,"3,E",0.0,"3,E",0.0,"2,E",0.0,"2,E",0.0,"3,E",12.0,"3,E",0.0,"3,E",19060303.0,"+,2,E",19060329.0,",3,E",19060307.0,",3,E",2.0,"2,E,03,+",15.0,"3,,E,29,",28.0,"3,E,07,",,,128.7,"3,E",54.0,"3,,,E",1.332,"5,E",2.064,"3,,,E",0.6,"2,,,E"
AGE00147708,1906-05-01,36.72,4.05,222.0,"TIZI OUZOU, AG",,,33.7,"4,E",5.0,"2,E",5.0,"2,E",1.0,"2,E",0.0,"2,E",0.0,"2,E",0.0,"2,E",28.0,"2,E",4.0,"2,E",19060506.0,",2,E",19060504.0,",2,E",19060529.0,",2,E",7.0,"2,E,06,",35.0,"2,,E,04,",36.0,"2,E,29,",,,25.2,"2,E",85.0,"2,,,E",1.891,"4,E",2.645,"2,,,E",1.1380000000000001,"2,,,E"
AGE00147708,1906-07-01,36.72,4.05,222.0,"TIZI OUZOU, AG",,,234.8,"5,E",4.0,"2,E",2.0,"2,E",0.0,"2,E",0.0,"2,E",0.0,"2,E",0.0,"3,E",28.0,"3,E",24.0,"3,E",19060712.0,"+,2,E",19060708.0,",2,E",19060718.0,",3,E",15.0,"2,E,12,+",14.0,"2,,E,08,",44.0,"3,E,18,",0.0,E,0.0,"3,E",23.0,"2,,,E",2.7199999999999998,"5,E",3.5789999999999997,"3,,,E",1.862,"2,,,E"
AGE00147708,1906-09-01,36.72,4.05,222.0,"TIZI OUZOU, AG",,,194.2,"4,E",6.0,"2,E",2.0,"2,E",0.0,"2,E",0.0,"2,E",0.0,"2,E",0.0,"2,E",27.0,"2,E",20.0,"2,E",19060925.0,",2,E",19060902.0,",2,E",19060907.0,",2,E",12.0,"2,E,25,",10.0,"2,,E,02,",41.0,"2,E,07,",,,1.3,"2,E",22.0,"2,,,E",2.586,"4,E",3.3890000000000002,"2,,,E",1.782,"2,,,E"
AGE00147708,1907-01-01,36.72,4.05,222.0,"TIZI OUZOU, AG",0.0,E,0.0,"3,E",16.0,"1,E",14.0,"1,E",0.0,"1,E",0.0,"2,E",0.0,"2,E",0.0,"1,E",1.0,"1,E",0.0,"1,E",19070131.0,"+,2,E",19070130.0,",1,E",19070126.0,",1,E",2.0,"2,E,31,+",22.0,"1,,E,30,",22.0,"1,E,26,",,,233.3,"1,E",124.5,"1,,,E",1.003,"3,E",1.6329999999999998,"1,,,E",0.372,"2,,,E"
AGE00147708,1907-02-01,36.72,4.05,222.0,"TIZI OUZOU, AG",0.0,E,0.0,",E",13.0,",E",13.0,",E",1.0,",E",0.0,",E",5.0,",E",0.0,",E",0.0,",E",0.0,",E",19070203.0,",,E",19070215.0,",,E",19070224.0,"+,,E",-3.0,",E,03,",44.0,",,E,15,",20.0,",E,24,+",,,278.3,",E",166.9,",,,E",0.8390000000000001,",E",1.343,",,,E",0.33599999999999997,",,,E"
AGE00147708,1907-03-01,36.72,4.05,222.0,"TIZI OUZOU, AG",0.0,E,0.0,"2,E",6.0,"2,E",4.0,"2,E",1.0,"2,E",0.0,"1,E",0.0,"1,E",0.0,"2,E",7.0,"2,E",0.0,"2,E",19070314.0,"+,1,E",19070312.0,",2,E",19070319.0,",2,E",1.0,"1,E,14,+",42.0,"2,,E,12,",26.0,"2,E,19,",,,191.2,"2,E",82.5,"2,,,E",1.169,"2,E",1.848,"2,,,E",0.49000000000000005,"1,,,E"
AGE00147708,1907-04-01,36.72,4.05,222.0,"TIZI OUZOU, AG",,,,,12.0,"3,E",10.0,"3,E",0.0,"3,E",0.0,"4,E",0.0,"4,E",0.0,"3,E",6.0,"3,E",0.0,"3,E",19070403.0,",4,E",19070418.0,",3,E",19070427.0,"+,3,E",3.0,"4,E,03,",18.1,"3,,E,18,",27.0,"3,E,27,+",,,,,74.2,"3,,,E",1.349,"6,E",1.9300000000000002,"3,,,E",0.769,"4,,,E"
AGE00147708,1907-05-01,36.72,4.05,222.0,"TIZI OUZOU, AG",,,28.7,",E",3.0,",E",2.0,",E",0.0,",E",0.0,",E",0.0,",E",0.0,",E",27.0,",E",0.0,",E",19070503.0,"+,,E",19070506.0,",,E",19070531.0,",,E",6.0,",E,03,+",4.5,",,E,06,",32.0,",E,31,",,,30.0,",E",9.8,",,,E",1.829,",E",2.535,",,,E",1.123,",,,E"
AGE00147708,1907-11-01,36.72,4.05,222.0,"TIZI OUZOU, AG",,,14.7,"4,E",8.0,"3,E",7.0,"3,E",1.0,"3,E",0.0,"2,E",0.0,"2,E",0.0,"3,E",19.0,"3,E",1.0,"3,E",19071127.0,"+,2,E",19071122.0,",3,E",19071110.0,",3,E",6.0,"2,E,27,+",30.3,"3,,E,22,",33.0,"3,E,10,",,,50.3,"3,E",100.4,"3,,,E",1.6920000000000002,"4,E",2.3329999999999997,"3,,,E",1.05,"2,,,E"
AGE00147708,1907-12-01,36.72,4.05,222.0,"TIZI OUZOU, AG",,,,,7.0,"3,E",4.0,"3,E",0.0,"3,E",0.0,"4,E",0.0,"4,E",0.0,"3,E",9.0,"3,E",0.0,"3,E",19071222.0,",4,E",19071227.0,",3,E",19071201.0,",3,E",2.0,"4,E,22,",11.4,"3,,E,27,",26.0,"3,E,01,",,,,,32.7,"3,,,E",1.326,"7,E",1.982,"3,,,E",0.67,"4,,,E"
AGE00147708,1908-02-01,36.72,4.05,222.0,"TIZI OUZOU, AG",,,0.0,"2,E",14.0,"1,E",11.0,"1,E",1.0,"1,E",0.0,"1,E",7.0,"1,E",0.0,"1,E",0.0,"1,E",0.0,"1,E",19080204.0,",1,E",19080204.0,",1,E",19080221.0,"+,1,E",-2.0,"1,E,04,",27.5,"1,,E,04,",21.0,"1,E,21,+",,,242.5,"1,E",139.6,"1,,,E",0.932,"2,E",1.525,"1,,,E",0.339,"1,,,E"
AGE00147708,1908-04-01,36.72,4.05,222.0,"TIZI OUZOU, AG",,,2.8,"4,E",13.0,"2,E",10.0,"2,E",1.0,"2,E",0.0,"2,E",0.0,"2,E",0.0,"2,E",8.0,"2,E",0.0,"2,E",19080407.0,",2,E",19080424.0,",2,E",19080428.0,",2,E",2.0,"2,E,07,",30.1,"2,,E,24,",30.0,"2,E,28,",,,150.5,"2,E",114.4,"2,,,E",1.2730000000000001,"4,E",1.8679999999999999,"2,,,E",0.679,"2,,,E"
AGE00147708,1908-05-01,36.72,4.05,222.0,"TIZI OUZOU, AG",,,,,6.0,"4,E",3.0,"4,E",0.0,"4,E",0.0,"4,E",0.0,"4,E",0.0,"5,E",25.0,"5,E",5.0,"5,E",19080502.0,",4,E",19080523.0,",4,E",19080510.0,",5,E",10.0,"4,E,02,",5.2,"4,,E,23,",37.0,"5,E,10,",,,,,14.8,"4,,,E",2.13,"9,E",2.846,"5,,,E",1.415,"4,,,E"
AGE00147708,1908-10-01,36.72,4.05,222.0,"TIZI OUZOU, AG",,,,,3.0,"5,E",2.0,"5,E",0.0,"5,E",0.0,"5,E",0.0,"5,E",0.0,"5,E",24.0,"5,E",4.0,"5,E",19081026.0,"+,5,E",19081020.0,",5,E",19081014.0,",5,E",6.0,"5,E,26,+",3.1,"5,,E,20,",35.0,"5,E,14,",,,,,6.9,"5,,,E",1.863,"8,E",2.7920000000000003,"5,,,E",0.9349999999999999,"5,,,E"
AGE00147708,1909-01-01,36.72,4.05,222.0,"TIZI OUZOU, AG",,,,,6.0,"5,E",5.0,"5,E",1.0,"5,E",0.0,"4,E",4.0,"4,E",0.0,"5,E",0.0,"5,E",0.0,"5,E",19090120.0,"+,4,E",19090109.0,",5,E",19090125.0,"+,5,E",0.0,"4,E,20,+",58.1,"5,,E,09,",20.0,"5,E,25,+",,,,,82.8,"5,,,E",0.869,"8,E",1.546,"5,,,E",0.193,"4,,,E"
AGE00147708,1909-02-01,36.72,4.05,222.0,"TIZI OUZOU, AG",,,,,6.0,"4,E",3.0,"4,E",0.0,"4,E",0.0,"5,E",0.0,"5,E",0.0,"4,E",0.0,"4,E",0.0,"4,E",19090218.0,"+,5,E",19090211.0,",4,E",19090205.0,"+,4,E",1.0,"5,E,18,+",24.1,"4,,E,11,",21.0,"4,E,05,+",,,,,42.6,"4,,,E",0.9289999999999999,"8,E",1.546,"4,,,E",0.313,"5,,,E"
AGE00147708,1909-03-01,36.72,4.05,222.0,"TIZI OUZOU, AG",,,,,6.0,"3,E",5.0,"3,E",0.0,"3,E",0.0,"3,E",0.0,"3,E",0.0,"3,E",6.0,"3,E",0.0,"3,E",19090303.0,",3,E",19090320.0,",3,E",19090331.0,"+,3,E",2.0,"3,E,03,",14.0,"3,,E,20,",27.0,"3,E,31,+",,,,,41.3,"3,,,E",1.205,"6,E",1.7570000000000001,"3,,,E",0.654,"3,,,E"
AGE00147708,1909-04-01,36.72,4.05,222.0,"TIZI OUZOU, AG",,,,,4.0,"5,E",2.0,"5,E",0.0,"5,E",0.0,"5,E",0.0,"5,E",0.0,"5,E",16.0,"5,E",0.0,"5,E",19090405.0,",5,E",19090402.0,",5,E",19090415.0,",5,E",4.0,"5,E,05,",11.0,"5,,E,02,",32.0,"5,E,15,",,,,,21.9,"5,,,E",1.668,"8,E",2.3440000000000003,"5,,,E",0.992,"5,,,E"
AGE00147708,1909-06-01,36.72,4.05,222.0,"TIZI OUZOU, AG",,,,,1.0,"4,E",1.0,"4,E",0.0,"4,E",0.0,"4,E",0.0,"4,E",0.0,"4,E",26.0,"4,E",5.0,"4,E",19090601.0,",4,E",19090627.0,",4,E",19090621.0,"+,4,E",10.0,"4,E,01,",5.4,"4,,E,27,",37.0,"4,E,21,+",,,,,5.4,"4,,,E",2.1879999999999997,"7,E",2.927,"4,,,E",1.45,"4,,,E"
AGE00147708,1909-07-01,36.72,4.05,222.0,"TIZI OUZOU, AG",,,214.7,"3,E",0.0,"2,E",0.0,"2,E",0.0,"2,E",0.0,"2,E",0.0,"2,E",0.0,"2,E",29.0,"2,E",16.0,"2,E",19090712.0,",2,E",19090731.0,"+,2,E",19090725.0,",2,E",11.0,"2,E,12,",0.0,"2,,E,31,+",45.0,"2,E,25,",0.0,E,0.0,"2,E",0.0,"2,,,E",2.59,"3,E",3.407,"2,,,E",1.7719999999999998,"2,,,E"
AGE00147708,1909-09-01,36.72,4.05,222.0,"TIZI OUZOU, AG",,,129.8,"4,E",3.0,"2,E",2.0,"2,E",0.0,"2,E",0.0,"2,E",0.0,"2,E",0.0,"2,E",28.0,"2,E",8.0,"2,E",19090929.0,"+,2,E",19090916.0,",2,E",19090907.0,",2,E",11.0,"2,E,29,+",3.2,"2,,E,16,",39.0,"2,E,07,",,,0.0,"2,E",7.3,"2,,,E",2.339,"4,E",3.068,"2,,,E",1.611,"2,,,E"
AGE00147708,1909-10-01,36.72,4.05,222.0,"TIZI OUZOU, AG",,,46.8,"4,E",6.0,"2,E",5.0,"2,E",2.0,"2,E",0.0,"2,E",0.0,"2,E",0.0,"2,E",26.0,"2,E",1.0,"2,E",19091031.0,",2,E",19091022.0,",2,E",19091006.0,",2,E",8.0,"2,E,31,",41.2,"2,,E,22,",34.0,"2,E,06,",,,12.3,"2,E",93.2,"2,,,E",1.986,"4,E",2.645,"2,,,E",1.3279999999999998,"2,,,E"
AGE00147708,1909-11-01,36.72,4.05,222.0,"TIZI OUZOU, AG",,,4.5,"2,E",7.0,"1,E",5.0,"1,E",0.0,"1,E",0.0,"1,E",0.0,"1,E",0.0,"1,E",9.0,"1,E",0.0,"1,E",19091125.0,",1,E",19091104.0,",1,E",19091118.0,",1,E",2.0,"1,E,25,",21.0,"1,,E,04,",28.0,"1,E,18,",,,102.8,"1,E",55.3,"1,,,E",1.488,"2,E",2.048,"1,,,E",0.9279999999999999,"1,,,E"
AGE00147708,1909-12-01,36.72,4.05,222.0,"TIZI OUZOU, AG",,,0.7,"2,E",7.0,"1,E",5.0,"1,E",0.0,"1,E",0.0,"1,E",0.0,"1,E",0.0,"1,E",4.0,"1,E",0.0,"1,E",19091213.0,"+,1,E",19091210.0,",1,E",19091224.0,",1,E",1.0,"1,E,13,+",9.0,"1,,E,10,",27.0,"1,E,24,",,,191.3,"1,E",25.2,"1,,,E",1.182,"2,E",1.737,"1,,,E",0.627,"1,,,E"
AGE00147708,1910-01-01,36.72,4.05,222.0,"TIZI OUZOU, AG",0.0,E,0.0,",E",13.0,",E",10.0,",E",3.0,",E",0.0,",E",0.0,",E",0.0,",E",0.0,",E",0.0,",E",19100125.0,"+,,E",19100131.0,",,E",19100128.0,"+,,E",1.0,",E,25,+",31.0,",,E,31,",19.0,",E,28,+",,,278.3,",E",165.3,",,,E",0.9349999999999999,",E",1.5230000000000001,",,,E",0.348,",,,E"
AGE00147708,1910-02-01,36.72,4.05,222.0,"TIZI OUZOU, AG",,,,,6.0,"3,E",5.0,"3,E",2.0,"3,E",0.0,"3,E",0.0,"3,E",0.0,"3,E",3.0,"3,E",0.0,"3,E",19100213.0,"+,3,E",19100204.0,",3,E",19100219.0,",3,E",1.0,"3,E,13,+",27.8,"3,,E,04,",25.0,"3,E,19,",,,,,74.1,"3,,,E",1.096,"6,E",1.704,"3,,,E",0.488,"3,,,E"
AGE00147708,1910-03-01,36.72,4.05,222.0,"TIZI OUZOU, AG",,,0.0,"2,E",4.0,"1,E",4.0,"1,E",0.0,"1,E",0.0,"1,E",0.0,"1,E",0.0,"1,E",4.0,"1,E",0.0,"1,E",19100304.0,",1,E",19100307.0,",1,E",19100318.0,"+,1,E",3.0,"1,E,04,",17.1,"1,,E,07,",25.0,"1,E,18,+",,,171.2,"1,E",32.8,"1,,,E",1.23,"2,E",1.847,"1,,,E",0.613,"1,,,E"
AGE00147708,1910-04-01,36.72,4.05,222.0,"TIZI OUZOU, AG",,,2.2,"4,E",4.0,"2,E",3.0,"2,E",0.0,"2,E",0.0,"2,E",0.0,"2,E",0.0,"2,E",11.0,"2,E",0.0,"2,E",19100403.0,"+,2,E",19100401.0,",2,E",19100423.0,",2,E",4.0,"2,E,03,+",24.6,"2,,E,01,",28.0,"2,E,23,",,,100.8,"2,E",31.7,"2,,,E",1.455,"4,E",2.082,"2,,,E",0.829,"2,,,E"
AGE00147708,1910-05-01,36.72,4.05,222.0,"TIZI OUZOU, AG",,,2.7,"2,E",10.0,"1,E",8.0,"1,E",3.0,"1,E",0.0,"1,E",0.0,"1,E",0.0,"1,E",18.0,"1,E",0.0,"1,E",19100503.0,"+,1,E",19100522.0,",1,E",19100508.0,",1,E",5.0,"1,E,03,+",55.7,"1,,E,22,",29.0,"1,E,08,",,,79.8,"1,E",175.2,"1,,,E",1.568,"2,E",2.137,"1,,,E",1.0,"1,,,E"
AGE00147708,1910-06-01,36.72,4.05,222.0,"TIZI OUZOU, AG",,,119.2,"5,E",4.0,"3,E",3.0,"3,E",0.0,"3,E",0.0,"3,E",0.0,"3,E",0.0,"3,E",25.0,"3,E",9.0,"3,E",19100605.0,",3,E",19100612.0,",3,E",19100622.0,",3,E",11.0,"3,E,05,",20.6,"3,,E,12,",38.0,"3,E,22,",,,3.5,"3,E",36.6,"3,,,E",2.285,"5,E",2.981,"3,,,E",1.589,"3,,,E"
AGE00147708,1910-07-01,36.72,4.05,222.0,"TIZI OUZOU, AG",,,240.2,",E",0.0,",E",0.0,",E",0.0,",E",0.0,",E",0.0,",E",0.0,",E",31.0,",E",19.0,",E",19100712.0,",,E",19100731.0,"+,,E",19100721.0,",,E",11.0,",E,12,",0.0,",,E,31,+",41.0,",E,21,",0.0,E,0.0,",E",0.0,",,,E",2.6079999999999997,",E",3.3579999999999997,",,,E",1.8579999999999999,",,,E"
AGE00147708,1910-08-01,36.72,4.05,222.0,"TIZI OUZOU, AG",,,240.8,"2,E",0.0,"1,E",0.0,"1,E",0.0,"1,E",0.0,"1,E",0.0,"1,E",0.0,"1,E",30.0,"1,E",25.0,"1,E",19100804.0,",1,E",19100831.0,"+,1,E",19100829.0,",1,E",14.0,"1,E,04,",0.0,"1,,E,31,+",42.0,"1,E,29,",0.0,E,0.0,"1,E",0.0,"1,,,E",2.663,"2,E",3.4770000000000003,"1,,,E",1.85,"1,,,E"
AGE00147708,1910-10-01,36.72,4.05,222.0,"TIZI OUZOU, AG",,,,,0.0,"1,E",0.0,"1,E",0.0,"1,E",0.0,"4,E",0.0,"4,E",0.0,"4,E",27.0,"4,E",3.0,"4,E",19101023.0,"+,4,E",19101031.0,"+,1,E",19101002.0,"+,4,E",9.0,"4,E,23,+",0.0,"1,,E,31,+",35.0,"4,E,02,+",,,,,0.0,"1,,,E",2.148,"8,E",2.852,"4,,,E",1.444,"4,,,E"
AGE00147708,1910-11-01,36.72,4.05,222.0,"TIZI OUZOU, AG",,,,,4.0,"1,E",4.0,"1,E",0.0,"1,E",0.0,"4,E",0.0,"4,E",0.0,"2,E",13.0,"2,E",0.0,"2,E",19101120.0,",4,E",19101115.0,",1,E",19101101.0,",2,E",5.0,"4,E,20,",11.5,"1,,E,15,",26.0,"2,E,01,",,,,,27.9,"1,,,E",1.466,"6,E",2.075,"2,,,E",0.858,"4,,,E"
AGE00147708,1910-12-01,36.72,4.05,222.0,"TIZI OUZOU, AG",,,0.0,"1,E",12.0,",E",11.0,",E",2.0,",E",0.0,"1,E",1.0,"1,E",0.0,",E",3.0,",E",0.0,",E",19101229.0,",1,E",19101229.0,",,E",19101208.0,",,E",0.0,"1,E,29,",50.0,",,E,29,",24.0,",E,08,",,,209.5,",E",222.4,",,,E",1.1400000000000001,"1,E",1.6030000000000002,",,,E",0.6769999999999999,"1,,,E"
AGE00147708,1911-01-01,36.72,4.05,222.0,"TIZI OUZOU, AG",0.0,E,0.0,",E",15.0,",E",13.0,",E",2.0,",E",0.0,",E",0.0,",E",0.0,",E",0.0,",E",0.0,",E",19110129.0,"+,,E",19110111.0,",,E",19110131.0,"+,,E",1.0,",E,29,+",57.3,",,E,11,",19.0,",E,31,+",,,289.3,",E",183.3,",,,E",0.9,",E",1.481,",,,E",0.319,",,,E"
AGE00147708,1911-02-01,36.72,4.05,222.0,"TIZI OUZOU, AG",0.0,E,0.0,",E",5.0,",E",4.0,",E",0.0,",E",0.0,",E",0.0,",E",0.0,",E",4.0,",E",0.0,",E",19110211.0,"+,,E",19110204.0,",,E",19110228.0,"+,,E",2.0,",E,11,+",12.4,",,E,04,",24.0,",E,28,+",,,196.3,",E",29.4,",,,E",1.1320000000000001,",E",1.7890000000000001,",,,E",0.475,",,,E"
AGE00147708,1911-03-01,36.72,4.05,222.0,"TIZI OUZOU, AG",0.2,E,0.2,",E",11.0,",E",7.0,",E",1.0,",E",0.0,",E",0.0,",E",0.0,",E",8.0,",E",0.0,",E",19110317.0,",,E",19110310.0,",,E",19110327.0,",,E",2.0,",E,17,",36.2,",,E,10,",28.0,",E,27,",,,165.5,",E",114.4,",,,E",1.3,",E",1.8350000000000002,",,,E",0.765,",,,E"
AGE00147708,1911-04-01,36.72,4.05,222.0,"TIZI OUZOU, AG",4.0,E,3.8,"1,E",9.0,",E",5.0,",E",0.0,",E",0.0,",E",0.0,",E",0.0,"1,E",9.0,"1,E",0.0,"1,E",19110406.0,",,E",19110404.0,",,E",19110429.0,",1,E",4.0,",E,06,",17.6,",,E,04,",31.0,"1,E,29,",,,118.5,"1,E",75.9,",,,E",1.436,"1,E",1.966,"1,,,E",0.907,",,,E"
AGE00147708,1911-05-01,36.72,4.05,222.0,"TIZI OUZOU, AG",16.3,E,12.3,",E",13.0,",E",8.0,",E",2.0,",E",0.0,",E",0.0,",E",0.0,",E",20.0,",E",0.0,",E",19110502.0,",,E",19110515.0,",,E",19110525.0,",,E",6.0,",E,02,",49.6,",,E,15,",32.0,",E,25,",,,52.7,",E",134.8,",,,E",1.703,",E",2.268,",,,E",1.139,",,,E"
AGE00147708,1911-06-01,36.72,4.05,222.0,"TIZI OUZOU, AG",157.6,E,141.3,"4,E",1.0,"1,E",1.0,"1,E",0.0,"1,E",0.0,"2,E",0.0,"2,E",0.0,"2,E",28.0,"2,E",7.0,"2,E",19110627.0,"+,2,E",19110602.0,",1,E",19110619.0,"+,2,E",13.0,"2,E,27,+",4.5,"1,,E,02,",42.0,"2,E,19,+",,,0.0,"2,E",4.5,"1,,,E",2.366,"4,E",3.071,"2,,,E",1.661,"2,,,E"
AGE00147708,1911-07-01,36.72,4.05,222.0,"TIZI OUZOU, AG",437.3,E,279.7,",E",0.0,",E",0.0,",E",0.0,",E",0.0,",E",0.0,",E",0.0,",E",31.0,",E",20.0,",E",19110711.0,",,E",19110731.0,"+,,E",19110729.0,",,E",12.0,",E,11,",0.0,",,E,31,+",45.0,",E,29,",0.0,E,0.0,",E",0.0,",,,E",2.7350000000000003,",E",3.5130000000000003,",,,E",1.9579999999999997,",,,E"
AGE00147708,1911-08-01,36.72,4.05,222.0,"TIZI OUZOU, AG",733.1,E,295.8,"2,E",0.0,"1,E",0.0,"1,E",0.0,"1,E",0.0,"1,E",0.0,"1,E",0.0,"1,E",30.0,"1,E",25.0,"1,E",19110815.0,",1,E",19110831.0,"+,1,E",19110820.0,",1,E",12.0,"1,E,15,",0.0,"1,,E,31,+",45.0,"1,E,20,",0.0,E,0.0,"1,E",0.0,"1,,,E",2.85,"2,E",3.69,"1,,,E",2.0100000000000002,"1,,,E"
AGE00147708,1911-09-01,36.72,4.05,222.0,"TIZI OUZOU, AG",934.4,E,201.3,"1,E",5.0,",E",4.0,",E",1.0,",E",0.0,",E",0.0,",E",0.0,"1,E",28.0,"1,E",17.0,"1,E",19110929.0,",,E",19110922.0,",,E",19110917.0,",1,E",13.0,",E,29,",27.0,",,E,22,",42.0,"1,E,17,",0.0,E,0.0,"1,E",68.1,",,,E",2.525,"1,E",3.286,"1,,,E",1.763,",,,E"
AGE00147708,1911-10-01,36.72,4.05,222.0,"TIZI OUZOU, AG",1013.4,E,79.0,"5,E",4.0,"1,E",3.0,"1,E",0.0,"1,E",0.0,"3,E",0.0,"3,E",0.0,"2,E",26.0,"2,E",2.0,"2,E",19111030.0,",3,E",19111031.0,",1,E",19111010.0,",2,E",8.0,"3,E,30,",17.0,"1,,E,31,",34.0,"2,E,10,",10.7,E,10.7,"2,E",43.4,"1,,,E",2.0629999999999997,"5,E",2.693,"2,,,E",1.432,"3,,,E"
AGE00147708,1911-11-01,36.72,4.05,222.0,"TIZI OUZOU, AG",1015.4,E,2.0,",E",11.0,",E",9.0,",E",1.0,",E",0.0,",E",0.0,",E",0.0,",E",10.0,",E",0.0,",E",19111126.0,",,E",19111114.0,",,E",19111121.0,"+,,E",4.0,",E,26,",29.6,",,E,14,",26.0,",E,21,+",114.7,E,104.0,",E",87.6,",,,E",1.4929999999999999,",E",2.043,",,,E",0.943,",,,E"
AGE00147708,1911-12-01,36.72,4.05,222.0,"TIZI OUZOU, AG",1015.4,E,0.0,",E",7.0,",E",4.0,",E",0.0,",E",0.0,",E",0.0,",E",0.0,",E",4.0,",E",0.0,",E",19111220.0,"+,,E",19111204.0,",,E",19111230.0,"+,,E",4.0,",E,20,+",20.5,",,E,04,",23.0,",E,30,+",288.0,E,173.3,",E",45.3,",,,E",1.274,",E",1.832,",,,E",0.716,",,,E"
AGE00147708,1912-01-01,36.72,4.05,222.0,"TIZI OUZOU, AG",0.0,E,0.0,",E",11.0,",E",9.0,",E",0.0,",E",0.0,",E",0.0,",E",0.0,",E",2.0,",E",0.0,",E",19120131.0,",,E",19120128.0,",,E",19120111.0,",,E",2.0,",E,31,",16.0,",,E,28,",25.0,",E,11,",509.8,E,221.8,",E",71.4,",,,E",1.1179999999999999,",E",1.6649999999999998,",,,E",0.571,",,,E"
AGE00147708,1912-02-01,36.72,4.05,222.0,"TIZI OUZOU, AG",0.2,E,0.2,",E",8.0,",E",5.0,",E",0.0,",E",0.0,",E",1.0,",E",0.0,",E",13.0,",E",0.0,",E",19120201.0,",,E",19120213.0,",,E",19120225.0,",,E",0.0,",E,01,",7.5,",,E,13,",27.0,",E,25,",636.1,E,126.3,",E",26.0,",,,E",1.3980000000000001,",E",2.024,",,,E",0.772,",,,E"
AGE00147708,1912-03-01,36.72,4.05,222.0,"TIZI OUZOU, AG",6.4,E,6.2,",E",6.0,",E",2.0,",E",0.0,",E",0.0,",E",0.0,",E",0.0,",E",15.0,",E",0.0,",E",19120309.0,",,E",19120307.0,",,E",19120328.0,",,E",3.0,",E,09,",17.0,",,E,07,",30.0,",E,28,",742.1,E,106.0,",E",28.3,",,,E",1.511,",E",2.177,",,,E",0.845,",,,E"
AGE00147708,1912-04-01,36.72,4.05,222.0,"TIZI OUZOU, AG",12.1,E,5.7,",E",13.0,",E",11.0,",E",0.0,",E",0.0,",E",0.0,",E",0.0,",E",8.0,",E",0.0,",E",19120407.0,"+,,E",19120428.0,",,E",19120426.0,",,E",4.0,",E,07,+",19.0,",,E,28,",28.0,",E,26,",875.3,E,133.2,",E",110.6,",,,E",1.408,",E",1.92,",,,E",0.897,",,,E"
AGE00147708,1912-05-01,36.72,4.05,222.0,"TIZI OUZOU, AG",88.9,E,76.8,",E",3.0,",E",1.0,",E",0.0,",E",0.0,",E",0.0,",E",0.0,",E",28.0,",E",5.0,",E",19120503.0,",,E",19120501.0,",,E",19120514.0,"+,,E",5.0,",E,03,",3.3,",,E,01,",38.0,",E,14,+",898.0,E,22.7,",E",5.5,",,,E",2.008,",E",2.774,",,,E",1.242,",,,E"
AGE00147708,1912-06-01,36.72,4.05,222.0,"TIZI OUZOU, AG",239.1,E,150.2,",E",2.0,",E",2.0,",E",1.0,",E",0.0,",E",0.0,",E",0.0,",E",29.0,",E",13.0,",E",19120615.0,"+,,E",19120612.0,",,E",19120629.0,"+,,E",11.0,",E,15,+",29.0,",,E,12,",40.0,",E,29,+",900.2,E,2.2,",E",35.0,",,,E",2.327,",E",3.077,",,,E",1.577,",,,E"
AGE00147708,1912-08-01,36.72,4.05,222.0,"TIZI OUZOU, AG",,,256.2,",E",1.0,",E",1.0,",E",0.0,",E",0.0,",E",0.0,",E",0.0,",E",31.0,",E",27.0,",E",19120824.0,"+,,E",19120820.0,",,E",19120829.0,",,E",16.0,",E,24,+",5.2,",,E,20,",39.0,",E,29,",,,0.0,",E",5.2,",,,E",2.66,",E",3.4450000000000003,",,,E",1.8739999999999999,",,,E"
AGE00147708,1912-09-01,36.72,4.05,222.0,"TIZI OUZOU, AG",,,93.5,",E",7.0,",E",5.0,",E",0.0,",E",0.0,",E",0.0,",E",0.0,",E",27.0,",E",2.0,",E",19120927.0,",,E",19120923.0,",,E",19120901.0,",,E",9.0,",E,27,",16.3,",,E,23,",37.0,",E,01,",,,8.5,",E",56.1,",,,E",2.117,",E",2.7969999999999997,",,,E",1.4369999999999998,",,,E"
AGE00147708,1912-10-01,36.72,4.05,222.0,"TIZI OUZOU, AG",,,36.3,",E",8.0,",E",7.0,",E",0.0,",E",0.0,",E",0.0,",E",0.0,",E",25.0,",E",0.0,",E",19121025.0,"+,,E",19121013.0,",,E",19121030.0,"+,,E",9.0,",E,25,+",13.0,",,E,13,",32.0,",E,30,+",,,24.2,",E",39.8,",,,E",1.873,",E",2.4739999999999998,",,,E",1.2710000000000001,",,,E"
AGE00147708,1912-11-01,36.72,4.05,222.0,"TIZI OUZOU, AG",,,0.7,"2,E",13.0,"1,E",8.0,"1,E",0.0,"1,E",0.0,"1,E",0.0,"1,E",0.0,"1,E",7.0,"1,E",0.0,"1,E",19121127.0,",1,E",19121122.0,"+,1,E",19121103.0,",1,E",2.0,"1,E,27,",10.5,"1,,E,22,+",27.0,"1,E,03,",,,160.0,"1,E",60.3,"1,,,E",1.2550000000000001,"2,E",1.8,"1,,,E",0.71,"1,,,E"
AGE00147708,1912-12-01,36.72,4.05,222.0,"TIZI OUZOU, AG",,,0.0,"2,E",4.0,"1,E",3.0,"1,E",0.0,"1,E",0.0,"1,E",0.0,"1,E",0.0,"1,E",0.0,"1,E",0.0,"1,E",19121216.0,"+,1,E",19121201.0,",1,E",19121229.0,"+,1,E",1.0,"1,E,16,+",21.1,"1,,E,01,",18.0,"1,E,29,+",,,263.2,"1,E",38.2,"1,,,E",0.9269999999999999,"2,E",1.48,"1,,,E",0.373,"1,,,E"
AGE00147708,1913-01-01,36.72,4.05,222.0,"TIZI OUZOU, AG",0.0,E,0.0,"2,E",14.0,"1,E",9.0,"1,E",0.0,"1,E",0.0,"1,E",0.0,"1,E",0.0,"1,E",1.0,"1,E",0.0,"1,E",19130107.0,",1,E",19130130.0,",1,E",19130129.0,",1,E",2.0,"1,E,07,",18.0,"1,,E,30,",23.0,"1,E,29,",,,209.7,"1,E",68.6,"1,,,E",1.113,"2,E",1.577,"1,,,E",0.65,"1,,,E"
AGE00147708,1913-02-01,36.72,4.05,222.0,"TIZI OUZOU, AG",0.0,E,0.0,",E",18.0,",E",10.0,",E",2.0,",E",0.0,",E",0.0,",E",0.0,",E",0.0,",E",0.0,",E",19130224.0,",,E",19130228.0,",,E",19130208.0,"+,,E",2.0,",E,24,",29.0,",,E,28,",20.0,",E,08,+",,,210.8,",E",137.4,",,,E",1.08,",E",1.575,",,,E",0.5860000000000001,",,,E"
AGE00147708,1913-03-01,36.72,4.05,222.0,"TIZI OUZOU, AG",1.8,E,1.8,"2,E",7.0,",E",4.0,",E",0.0,",E",0.0,"1,E",0.0,"1,E",0.0,"1,E",7.0,"1,E",0.0,"1,E",19130303.0,",1,E",19130323.0,",,E",19130329.0,"+,1,E",1.0,"1,E,03,",18.0,",,E,23,",27.0,"1,E,29,+",,,160.0,"1,E",48.7,",,,E",1.303,"2,E",1.89,"1,,,E",0.717,"1,,,E"
AGE00147708,1913-04-01,36.72,4.05,222.0,"TIZI OUZOU, AG",6.5,E,4.7,",E",7.0,",E",5.0,",E",1.0,",E",0.0,",E",0.0,",E",0.0,",E",10.0,",E",0.0,",E",19130416.0,",,E",19130425.0,",,E",19130422.0,"+,,E",4.0,",E,16,",50.0,",,E,25,",28.0,",E,22,+",,,118.7,",E",94.8,",,,E",1.4529999999999998,",E",2.023,",,,E",0.883,",,,E"
AGE00147708,1913-05-01,36.72,4.05,222.0,"TIZI OUZOU, AG",44.3,E,37.8,",E",3.0,",E",2.0,",E",0.0,",E",0.0,",E",0.0,",E",0.0,",E",25.0,",E",4.0,",E",19130507.0,",,E",19130514.0,",,E",19130530.0,"+,,E",7.0,",E,07,",3.0,",,E,14,",35.0,",E,30,+",,,36.2,",E",6.9,",,,E",1.839,",E",2.535,",,,E",1.142,",,,E"
AGE00147708,1913-06-01,36.72,4.05,222.0,"TIZI OUZOU, AG",202.0,E,157.7,",E",2.0,",E",1.0,",E",0.0,",E",0.0,",E",0.0,",E",0.0,",E",29.0,",E",11.0,",E",19130604.0,",,E",19130602.0,",,E",19130624.0,",,E",4.0,",E,04,",8.5,",,E,02,",40.0,",E,24,",,,7.7,",E",10.5,",,,E",2.3329999999999997,",E",3.093,",,,E",1.573,",,,E"
AGE00147708,1913-07-01,36.72,4.05,222.0,"TIZI OUZOU, AG",456.7,E,254.7,",E",0.0,",E",0.0,",E",0.0,",E",0.0,",E",0.0,",E",0.0,",E",31.0,",E",21.0,",E",19130701.0,",,E",19130731.0,"+,,E",19130724.0,"+,,E",15.0,",E,01,",0.0,",,E,31,+",40.0,",E,24,+",0.0,E,0.0,",E",0.0,",,,E",2.6550000000000002,",E",3.439,",,,E",1.871,",,,E"
AGE00147708,1913-08-01,36.72,4.05,222.0,"TIZI OUZOU, AG",766.9,E,310.2,",E",1.0,",E",1.0,",E",0.0,",E",0.0,",E",0.0,",E",0.0,",E",31.0,",E",23.0,",E",19130815.0,"+,,E",19130826.0,",,E",19130826.0,"+,,E",16.0,",E,15,+",2.7,",,E,26,",43.0,",E,26,+",0.0,E,0.0,",E",2.7,",,,E",2.834,",E",3.6390000000000002,",,,E",2.029,",,,E"
AGE00147708,1913-09-01,36.72,4.05,222.0,"TIZI OUZOU, AG",955.9,E,189.0,",E",1.0,",E",0.0,",E",0.0,",E",0.0,",E",0.0,",E",0.0,",E",30.0,",E",11.0,",E",19130920.0,",,E",19130918.0,",,E",19130902.0,",,E",12.0,",E,20,",0.5,",,E,18,",40.0,",E,02,",0.0,E,0.0,",E",0.5,",,,E",2.463,",E",3.127,",,,E",1.8,",,,E"
AGE00147708,1913-10-01,36.72,4.05,222.0,"TIZI OUZOU, AG",1052.6,E,96.7,",E",7.0,",E",3.0,",E",0.0,",E",0.0,",E",0.0,",E",0.0,",E",28.0,",E",5.0,",E",19131031.0,"+,,E",19131002.0,",,E",19131013.0,",,E",10.0,",E,31,+",18.0,",,E,02,",37.0,",E,13,",15.0,E,15.0,",E",35.9,",,,E",2.097,",E",2.726,",,,E",1.468,",,,E"
AGE00147708,1913-11-01,36.72,4.05,222.0,"TIZI OUZOU, AG",1073.1,E,20.5,"4,E",9.0,"2,E",6.0,"2,E",2.0,"2,E",0.0,"2,E",0.0,"2,E",0.0,"2,E",13.0,"2,E",2.0,"2,E",19131109.0,",2,E",19131127.0,",2,E",19131103.0,"+,2,E",6.0,"2,E,09,",50.6,"2,,E,27,",33.0,"2,E,03,+",94.2,E,79.2,"2,E",127.7,"2,,,E",1.623,"4,E",2.186,"2,,,E",1.061,"2,,,E"
AGE00147708,1913-12-01,36.72,4.05,222.0,"TIZI OUZOU, AG",1073.1,E,0.0,",E",11.0,",E",9.0,",E",0.0,",E",0.0,",E",0.0,",E",0.0,",E",0.0,",E",0.0,",E",19131231.0,"+,,E",19131225.0,",,E",19131223.0,"+,,E",2.0,",E,31,+",18.0,",,E,25,",20.0,",E,23,+",319.0,E,224.8,",E",105.2,",,,E",1.108,",E",1.587,",,,E",0.629,",,,E"
AGE00147708,1914-01-01,36.72,4.05,222.0,"TIZI OUZOU, AG",0.0,E,0.0,"2,E",18.0,"1,E",16.0,"1,E",4.0,"1,E",0.0,"1,E",3.0,"1,E",0.0,"1,E",0.0,"1,E",0.0,"1,E",19140104.0,"+,1,E",19140103.0,",1,E",19140129.0,"+,1,E",0.0,"1,E,04,+",46.0,"1,,E,03,",20.0,"1,E,29,+",582.7,E,263.7,"1,E",272.1,"1,,,E",0.9269999999999999,"2,E",1.423,"1,,,E",0.43,"1,,,E"
AGE00147708,1914-03-01,36.72,4.05,222.0,"TIZI OUZOU, AG",,,1.2,",E",9.0,",E",5.0,",E",0.0,",E",0.0,",E",0.0,",E",0.0,",E",6.0,",E",0.0,",E",19140324.0,"+,,E",19140303.0,",,E",19140310.0,",,E",4.0,",E,24,+",22.5,",,E,03,",29.0,",E,10,",,,146.5,",E",64.6,",,,E",1.365,",E",1.9,",,,E",0.829,",,,E"
AGE00147708,1914-04-01,36.72,4.05,222.0,"TIZI OUZOU, AG",,,22.2,",E",7.0,",E",5.0,",E",1.0,",E",0.0,",E",0.0,",E",0.0,",E",21.0,",E",2.0,",E",19140410.0,"+,,E",19140417.0,",,E",19140412.0,",,E",7.0,",E,10,+",62.3,",,E,17,",34.0,",E,12,",,,47.7,",E",93.2,",,,E",1.748,",E",2.383,",,,E",1.113,",,,E"
AGE00147708,1914-05-01,36.72,4.05,222.0,"TIZI OUZOU, AG",,,25.7,",E",7.0,",E",6.0,",E",1.0,",E",0.0,",E",0.0,",E",0.0,",E",22.0,",E",1.0,",E",19140512.0,"+,,E",19140526.0,",,E",19140508.0,",,E",7.0,",E,12,+",42.0,",,E,26,",36.0,",E,08,",,,37.5,",E",93.4,",,,E",1.795,",E",2.4059999999999997,",,,E",1.184,",,,E"
AGE00147708,1914-06-01,36.72,4.05,222.0,"TIZI OUZOU, AG",,,82.0,",E",4.0,",E",4.0,",E",0.0,",E",0.0,",E",0.0,",E",0.0,",E",29.0,",E",4.0,",E",19140601.0,",,E",19140614.0,",,E",19140623.0,",,E",9.0,",E,01,",21.8,",,E,14,",39.0,",E,23,",,,12.0,",E",52.7,",,,E",2.067,",E",2.7,",,,E",1.433,",,,E"
AGE00147708,1914-07-01,36.72,4.05,222.0,"TIZI OUZOU, AG",,,188.0,"1,E",0.0,",E",0.0,",E",0.0,",E",0.0,",E",0.0,",E",0.0,"1,E",30.0,"1,E",12.0,"1,E",19140712.0,",,E",19140731.0,"+,,E",19140714.0,",1,E",10.0,",E,12,",0.0,",,E,31,+",37.0,"1,E,14,",0.0,E,0.0,"1,E",0.0,",,,E",2.448,"1,E",3.173,"1,,,E",1.723,",,,E"
AGE00147708,1914-08-01,36.72,4.05,222.0,"TIZI OUZOU, AG",,,199.2,"3,E",3.0,"2,E",1.0,"2,E",0.0,"2,E",0.0,"1,E",0.0,"1,E",0.0,"2,E",29.0,"2,E",13.0,"2,E",19140830.0,"+,1,E",19140829.0,",2,E",19140805.0,",2,E",14.0,"1,E,30,+",2.5,"2,,E,29,",42.0,"2,E,05,",0.0,E,0.0,"2,E",4.1,"2,,,E",2.5309999999999997,"3,E",3.2619999999999996,"2,,,E",1.8,"1,,,E"
AGE00147708,1914-09-01,36.72,4.05,222.0,"TIZI OUZOU, AG",,,116.7,"5,E",0.0,"2,E",0.0,"2,E",0.0,"2,E",0.0,"3,E",0.0,"3,E",0.0,"2,E",28.0,"2,E",9.0,"2,E",19140928.0,"+,3,E",19140930.0,"+,2,E",19140917.0,",2,E",10.0,"3,E,28,+",0.0,"2,,E,30,+",38.0,"2,E,17,",0.0,E,0.0,"2,E",0.0,"2,,,E",2.303,"5,E",3.064,"2,,,E",1.541,"3,,,E"
AGE00147708,1914-10-01,36.72,4.05,222.0,"TIZI OUZOU, AG",,,20.5,"4,E",9.0,"1,E",6.0,"1,E",2.0,"1,E",0.0,"2,E",0.0,"2,E",0.0,"2,E",26.0,"2,E",0.0,"2,E",19141031.0,",2,E",19141024.0,",1,E",19141002.0,",2,E",9.0,"2,E,31,",31.1,"1,,E,24,",31.0,"2,E,02,",18.5,E,18.5,"2,E",110.4,"1,,,E",1.841,"4,E",2.441,"2,,,E",1.241,"2,,,E"
AGE00147708,1914-11-01,36.72,4.05,222.0,"TIZI OUZOU, AG",,,0.0,",E",12.0,",E",8.0,",E",1.0,",E",0.0,",E",0.0,",E",0.0,",E",5.0,",E",0.0,",E",19141126.0,",,E",19141103.0,",,E",19141121.0,",,E",2.0,",E,26,",47.7,",,E,03,",28.0,",E,21,",172.0,E,153.5,",E",102.7,",,,E",1.322,",E",1.863,",,,E",0.78,",,,E"
AGE00147708,1914-12-01,36.72,4.05,222.0,"TIZI OUZOU, AG",,,0.0,",E",11.0,",E",10.0,",E",2.0,",E",0.0,",E",1.0,",E",0.0,",E",1.0,",E",0.0,",E",19141226.0,",,E",19141225.0,",,E",19141214.0,",,E",-1.0,",E,26,",73.4,",,E,25,",23.0,",E,14,",428.8,E,256.8,",E",228.4,",,,E",1.0050000000000001,",E",1.519,",,,E",0.49000000000000005,",,,E"
AGE00147708,1915-01-01,36.72,4.05,222.0,"TIZI OUZOU, AG",0.0,E,0.0,"3,E",18.0,"1,E",15.0,"1,E",3.0,"1,E",0.0,"1,E",2.0,"1,E",0.0,"2,E",0.0,"2,E",0.0,"2,E",19150120.0,"+,1,E",19150119.0,",1,E",19150115.0,"+,2,E",0.0,"1,E,20,+",56.7,"1,,E,19,",18.0,"2,E,15,+",690.6,E,261.8,"2,E",236.3,"1,,,E",0.9099999999999999,"3,E",1.314,"2,,,E",0.507,"1,,,E"
AGE00147708,1915-02-01,36.72,4.05,222.0,"TIZI OUZOU, AG",0.0,E,0.0,"2,E",13.0,"1,E",7.0,"1,E",1.0,"1,E",0.0,"1,E",2.0,"1,E",0.0,"1,E",1.0,"1,E",0.0,"1,E",19150227.0,",1,E",19150220.0,",1,E",19150213.0,",1,E",-2.0,"1,E,27,",26.8,"1,,E,20,",25.0,"1,E,13,",906.8,E,216.2,"1,E",69.8,"1,,,E",0.9810000000000001,"2,E",1.441,"1,,,E",0.522,"1,,,E"
AGE00147708,1915-03-01,36.72,4.05,222.0,"TIZI OUZOU, AG",2.3,E,2.3,"2,E",11.0,"1,E",8.0,"1,E",0.0,"1,E",0.0,"1,E",2.0,"1,E",0.0,"1,E",7.0,"1,E",0.0,"1,E",19150312.0,"+,1,E",19150310.0,",1,E",19150319.0,",1,E",0.0,"1,E,12,+",19.0,"1,,E,10,",27.0,"1,E,19,",1067.3,E,160.5,"1,E",75.2,"1,,,E",1.292,"2,E",1.813,"1,,,E",0.77,"1,,,E"
AGE00147708,1915-05-01,36.72,4.05,222.0,"TIZI OUZOU, AG",,,59.2,",E",12.0,",E",5.0,",E",0.0,",E",0.0,",E",0.0,",E",0.0,",E",28.0,",E",0.0,",E",19150520.0,",,E",19150508.0,",,E",19150525.0,"+,,E",10.0,",E,20,",12.5,",,E,08,",31.0,",E,25,+",,,9.5,",E",51.9,",,,E",1.9940000000000002,",E",2.587,",,,E",1.4,",,,E"
AGE00147708,1915-06-01,36.72,4.05,222.0,"TIZI OUZOU, AG",,,138.0,",E",5.0,",E",3.0,",E",0.0,",E",0.0,",E",0.0,",E",0.0,",E",28.0,",E",7.0,",E",19150603.0,",,E",19150604.0,",,E",19150624.0,",,E",12.0,",E,03,",19.3,",,E,04,",36.0,",E,24,",,,3.5,",E",25.6,",,,E",2.282,",E",2.9370000000000003,",,,E",1.627,",,,E"
AGE00147708,1915-07-01,36.72,4.05,222.0,"TIZI OUZOU, AG",,,299.2,",E",1.0,",E",0.0,",E",0.0,",E",0.0,",E",0.0,",E",0.0,",E",31.0,",E",26.0,",E",19150703.0,",,E",19150706.0,",,E",19150727.0,"+,,E",13.0,",E,03,",1.0,",,E,06,",44.0,",E,27,+",0.0,E,0.0,",E",1.0,",,,E",2.798,",E",3.5869999999999997,",,,E",2.0100000000000002,",,,E"
AGE00147708,1915-08-01,36.72,4.05,222.0,"TIZI OUZOU, AG",,,266.0,"4,E",0.0,"3,E",0.0,"3,E",0.0,"3,E",0.0,"2,E",0.0,"2,E",0.0,"2,E",29.0,"2,E",26.0,"2,E",19150825.0,"+,2,E",19150831.0,"+,3,E",19150801.0,",2,E",15.0,"2,E,25,+",0.0,"3,,E,31,+",43.0,"2,E,01,",0.0,E,0.0,"2,E",0.0,"3,,,E",2.814,"4,E",3.621,"2,,,E",2.007,"2,,,E"
AGE00147708,1915-09-01,36.72,4.05,222.0,"TIZI OUZOU, AG",,,154.0,",E",6.0,",E",3.0,",E",0.0,",E",0.0,",E",0.0,",E",0.0,",E",30.0,",E",7.0,",E",19150929.0,",,E",19150903.0,",,E",19150901.0,",,E",12.0,",E,29,",22.3,",,E,03,",36.0,",E,01,",0.0,E,0.0,",E",44.7,",,,E",2.347,",E",3.0100000000000002,",,,E",1.6829999999999998,",,,E"
AGE00147708,1915-10-01,36.72,4.05,222.0,"TIZI OUZOU, AG",,,24.8,"3,E",13.0,"2,E",10.0,"2,E",0.0,"2,E",0.0,"1,E",0.0,"1,E",0.0,"2,E",19.0,"2,E",0.0,"2,E",19151002.0,",1,E",19151003.0,",2,E",19151013.0,",2,E",8.0,"1,E,02,",17.6,"2,,E,03,",31.0,"2,E,13,",43.7,E,43.7,"2,E",81.1,"2,,,E",1.7739999999999998,"3,E",2.324,"2,,,E",1.223,"1,,,E"
AGE00147708,1915-11-01,36.72,4.05,222.0,"TIZI OUZOU, AG",,,6.0,"2,E",15.0,"1,E",8.0,"1,E",2.0,"1,E",0.0,"1,E",0.0,"1,E",0.0,"1,E",7.0,"1,E",0.0,"1,E",19151107.0,",1,E",19151121.0,",1,E",19151111.0,"+,1,E",5.0,"1,E,07,",63.7,"1,,E,21,",27.0,"1,E,11,+",166.0,E,122.3,"1,E",149.2,"1,,,E",1.421,"2,E",1.9100000000000001,"1,,,E",0.931,"1,,,E"
AGE00147708,1915-12-01,36.72,4.05,222.0,"TIZI OUZOU, AG",,,0.0,"2,E",8.0,"1,E",4.0,"1,E",1.0,"1,E",0.0,"2,E",1.0,"2,E",0.0,"1,E",2.0,"1,E",0.0,"1,E",19151214.0,",2,E",19151214.0,",1,E",19151210.0,",1,E",0.0,"2,E,14,",31.6,"1,,E,14,",23.0,"1,E,10,",373.7,E,207.7,"1,E",91.1,"1,,,E",1.1199999999999999,"2,E",1.6199999999999999,"1,,,E",0.621,"2,,,E"
AGE00147708,1916-01-01,36.72,4.05,222.0,"TIZI OUZOU, AG",0.0,E,0.0,"4,E",11.0,"1,E",9.0,"1,E",1.0,"1,E",0.0,"2,E",0.0,"2,E",0.0,"2,E",0.0,"2,E",0.0,"2,E",19160117.0,"+,2,E",19160109.0,",1,E",19160104.0,"+,2,E",1.0,"2,E,17,+",26.6,"1,,E,09,",18.0,"2,E,04,+",614.7,E,241.0,"2,E",88.5,"1,,,E",0.9380000000000001,"4,E",1.417,"2,,,E",0.45899999999999996,"2,,,E"
AGE00147708,1916-02-01,36.72,4.05,222.0,"TIZI OUZOU, AG",0.0,E,0.0,"2,E",11.0,"1,E",11.0,"1,E",0.0,"1,E",0.0,"1,E",0.0,"1,E",0.0,"1,E",2.0,"1,E",0.0,"1,E",19160211.0,",1,E",19160205.0,",1,E",19160224.0,"+,1,E",1.0,"1,E,11,",22.6,"1,,E,05,",23.0,"1,E,24,+",818.2,E,203.5,"1,E",121.3,"1,,,E",1.064,"2,E",1.5539999999999998,"1,,,E",0.575,"1,,,E"
AGE00147708,1916-03-01,36.72,4.05,222.0,"TIZI OUZOU, AG",0.0,E,0.0,"2,E",15.0,",E",11.0,",E",2.0,",E",0.0,"1,E",0.0,"1,E",0.0,"1,E",5.0,"1,E",0.0,"1,E",19160307.0,",1,E",19160330.0,",,E",19160319.0,",1,E",2.0,"1,E,07,",67.2,",,E,30,",29.0,"1,E,19,",1001.4,E,183.2,"1,E",175.2,",,,E",1.222,"2,E",1.72,"1,,,E",0.7230000000000001,"1,,,E"
AGE00147708,1916-04-01,36.72,4.05,222.0,"TIZI OUZOU, AG",1.7,E,1.7,",E",10.0,",E",4.0,",E",0.0,",E",0.0,",E",0.0,",E",0.0,",E",10.0,",E",0.0,",E",19160411.0,"+,,E",19160420.0,",,E",19160428.0,",,E",5.0,",E,11,+",19.3,",,E,20,",30.0,",E,28,",1128.1,E,126.7,",E",37.9,",,,E",1.417,",E",2.02,",,,E",0.8130000000000001,",,,E"
AGE00147708,1916-05-01,36.72,4.05,222.0,"TIZI OUZOU, AG",36.4,E,34.7,",E",9.0,",E",6.0,",E",1.0,",E",0.0,",E",0.0,",E",0.0,",E",25.0,",E",1.0,",E",19160527.0,"+,,E",19160531.0,",,E",19160503.0,",,E",9.0,",E,27,+",27.0,",,E,31,",34.0,",E,03,",1153.6,E,25.5,",E",56.5,",,,E",1.863,",E",2.506,",,,E",1.2189999999999999,",,,E"
AGE00147708,1916-06-01,36.72,4.05,222.0,"TIZI OUZOU, AG",157.6,E,121.2,",E",3.0,",E",2.0,",E",0.0,",E",0.0,",E",0.0,",E",0.0,",E",28.0,",E",3.0,",E",19160603.0,",,E",19160621.0,",,E",19160608.0,",,E",12.0,",E,03,",19.6,",,E,21,",41.0,",E,08,",1157.3,E,3.7,",E",34.0,",,,E",2.225,",E",2.84,",,,E",1.61,",,,E"
AGE00147708,1916-07-01,36.72,4.05,222.0,"TIZI OUZOU, AG",383.1,E,225.5,"4,E",1.0,"2,E",0.0,"2,E",0.0,"2,E",0.0,"2,E",0.0,"2,E",0.0,"2,E",29.0,"2,E",18.0,"2,E",19160731.0,"+,2,E",19160731.0,",2,E",19160709.0,",2,E",16.0,"2,E,31,+",1.3,"2,,E,31,",45.0,"2,E,09,",0.0,E,0.0,"2,E",1.3,"2,,,E",2.676,"4,E",3.4,"2,,,E",1.952,"2,,,E"
AGE00147708,1916-08-01,36.72,4.05,222.0,"TIZI OUZOU, AG",628.6,E,245.5,"1,E",1.0,",E",1.0,",E",0.0,",E",0.0,",E",0.0,",E",0.0,"1,E",30.0,"1,E",25.0,"1,E",19160820.0,"+,,E",19160804.0,",,E",19160816.0,",1,E",15.0,",E,20,+",3.0,",,E,04,",41.0,"1,E,16,",0.0,E,0.0,"1,E",3.0,",,,E",2.652,"1,E",3.4530000000000003,"1,,,E",1.8519999999999999,",,,E"
AGE00147708,1917-03-01,36.72,4.05,222.0,"TIZI OUZOU, AG",,,0.0,",E",13.0,",E",7.0,",E",0.0,",E",0.0,",E",0.0,",E",0.0,",E",3.0,",E",0.0,",E",19170327.0,",,E",19170316.0,",,E",19170310.0,",,E",1.0,",E,27,",12.0,",,E,16,",27.0,",E,10,",,,221.8,",E",56.2,",,,E",1.1179999999999999,",E",1.639,",,,E",0.597,",,,E"
AGE00147708,1917-04-01,36.72,4.05,222.0,"TIZI OUZOU, AG",,,1.2,"1,E",7.0,",E",2.0,",E",0.0,",E",0.0,"1,E",0.0,"1,E",0.0,",E",7.0,",E",0.0,",E",19170419.0,",1,E",19170423.0,",,E",19170429.0,",,E",6.0,"1,E,19,",19.0,",,E,23,",26.0,",E,29,",,,113.8,",E",28.4,",,,E",1.443,"1,E",1.9929999999999999,",,,E",0.893,"1,,,E"
AGE00147708,1917-05-01,36.72,4.05,222.0,"TIZI OUZOU, AG",,,60.3,"3,E",4.0,",E",2.0,",E",0.0,",E",0.0,"1,E",0.0,"1,E",0.0,"2,E",22.0,"2,E",1.0,"2,E",19170505.0,",1,E",19170519.0,",,E",19170512.0,",2,E",8.0,"1,E,05,",9.0,",,E,19,",35.0,"2,E,12,",,,16.7,"2,E",18.0,",,,E",2.005,"3,E",2.507,"2,,,E",1.503,"1,,,E"
AGE00147708,1917-06-01,36.72,4.05,222.0,"TIZI OUZOU, AG",,,131.0,"1,E",5.0,"1,E",3.0,"1,E",1.0,"1,E",0.0,",E",0.0,",E",0.0,"1,E",28.0,"1,E",2.0,"1,E",19170604.0,",,E",19170601.0,",1,E",19170626.0,",1,E",10.0,",E,04,",26.0,"1,,E,01,",37.0,"1,E,26,",,,0.7,"1,E",37.8,"1,,,E",2.284,"1,E",2.759,"1,,,E",1.81,",,,E"
AGE00147708,1921-03-01,36.72,4.05,222.0,"TIZI OUZOU, AG",,,,,13.0,"2,E",11.0,"2,E",3.0,"2,E",0.0,"3,E",0.0,"3,E",0.0,"2,E",2.0,"2,E",0.0,"2,E",19210302.0,",3,E",19210322.0,",2,E",19210314.0,",2,E",1.0,"3,E,02,",38.6,"2,,E,22,",24.0,"2,E,14,",,,,,164.3,"2,,,E",1.212,"4,E",1.748,"2,,,E",0.675,"3,,,E"
AGE00147708,1921-04-01,36.72,4.05,222.0,"TIZI OUZOU, AG",,,0.2,"5,E",12.0,"2,E",10.0,"2,E",0.0,"2,E",0.0,"4,E",0.0,"4,E",0.0,"2,E",5.0,"2,E",0.0,"2,E",19210420.0,"+,4,E",19210403.0,",2,E",19210415.0,",2,E",5.0,"4,E,20,+",21.0,"2,,E,03,",25.0,"2,E,15,",,,115.0,"2,E",93.4,"2,,,E",1.342,"5,E",1.846,"2,,,E",0.8380000000000001,"4,,,E"
AGE00147708,1921-06-01,36.72,4.05,222.0,"TIZI OUZOU, AG",,,91.0,"4,E",4.0,"2,E",2.0,"2,E",1.0,"2,E",0.0,"2,E",0.0,"2,E",0.0,"2,E",28.0,"2,E",4.0,"2,E",19210621.0,"+,2,E",19210606.0,",2,E",19210630.0,",2,E",12.0,"2,E,21,+",29.1,"2,,E,06,",40.0,"2,E,30,",,,1.7,"2,E",37.4,"2,,,E",2.18,"4,E",2.818,"2,,,E",1.543,"2,,,E"
AGE00147708,1921-07-01,36.72,4.05,222.0,"TIZI OUZOU, AG",,,,,1.0,"3,E",0.0,"3,E",0.0,"3,E",0.0,"3,E",0.0,"3,E",0.0,"3,E",28.0,"3,E",21.0,"3,E",19210711.0,",3,E",19210713.0,",3,E",19210731.0,",3,E",15.0,"3,E,11,",1.3,"3,,E,13,",43.0,"3,E,31,",,,,,1.3,"3,,,E",2.73,"6,E",3.539,"3,,,E",1.921,"3,,,E"
AGE00147708,1921-08-01,36.72,4.05,222.0,"TIZI OUZOU, AG",,,233.7,",E",3.0,",E",0.0,",E",0.0,",E",0.0,",E",0.0,",E",0.0,",E",31.0,",E",19.0,",E",19210820.0,",,E",19210819.0,"+,,E",19210808.0,",,E",13.0,",E,20,",1.5,",,E,19,+",40.0,",E,08,",,,0.0,",E",4.2,",,,E",2.587,",E",3.3520000000000003,",,,E",1.823,",,,E"
AGE00147708,1921-09-01,36.72,4.05,222.0,"TIZI OUZOU, AG",,,254.2,"2,E",4.0,",E",2.0,",E",0.0,",E",0.0,"2,E",0.0,"2,E",0.0,",E",30.0,",E",20.0,",E",19210929.0,",2,E",19210928.0,",,E",19210904.0,",,E",11.0,"2,E,29,",11.0,",,E,28,",41.0,",E,04,",,,0.0,",E",22.5,",,,E",2.722,"2,E",3.44,",,,E",2.004,"2,,,E"
AGE00147708,1921-10-01,36.72,4.05,222.0,"TIZI OUZOU, AG",,,102.2,"4,E",6.0,"1,E",3.0,"1,E",1.0,"1,E",0.0,"2,E",0.0,"2,E",0.0,"2,E",23.0,"2,E",10.0,"2,E",19211027.0,",2,E",19211025.0,",1,E",19211004.0,",2,E",7.0,"2,E,27,",48.7,"1,,E,25,",37.0,"2,E,04,",,,27.7,"2,E",87.1,"1,,,E",2.088,"4,E",2.803,"2,,,E",1.372,"2,,,E"
AGE00147708,1921-11-01,36.72,4.05,222.0,"TIZI OUZOU, AG",,,0.0,"4,E",8.0,"2,E",7.0,"2,E",1.0,"2,E",0.0,"2,E",0.0,"2,E",0.0,"2,E",6.0,"2,E",0.0,"2,E",19211111.0,",2,E",19211108.0,",2,E",19211105.0,"+,2,E",3.0,"2,E,11,",53.2,"2,,E,08,",24.0,"2,E,05,+",,,112.7,"2,E",116.2,"2,,,E",1.3960000000000001,"4,E",1.911,"2,,,E",0.882,"2,,,E"
AGE00147708,1921-12-01,36.72,4.05,222.0,"TIZI OUZOU, AG",,,0.0,"3,E",22.0,",E",14.0,",E",4.0,",E",0.0,"2,E",0.0,"2,E",0.0,"1,E",0.0,"1,E",0.0,"1,E",19211226.0,",2,E",19211224.0,",,E",19211201.0,",1,E",3.0,"2,E,26,",65.0,",,E,24,",19.0,"1,E,01,",,,230.3,"1,E",278.1,",,,E",1.0230000000000001,"3,E",1.367,"1,,,E",0.679,"2,,,E"
AGE00147708,1922-01-01,36.72,4.05,222.0,"TIZI OUZOU, AG",0.0,E,0.0,"5,E",19.0,",E",17.0,",E",1.0,",E",0.0,"3,E",0.0,"3,E",0.0,"2,E",0.0,"2,E",0.0,"2,E",19220106.0,",3,E",19220117.0,",,E",19220130.0,"+,2,E",1.0,"3,E,06,",35.5,",,E,17,",19.0,"2,E,30,+",,,224.5,"2,E",213.1,",,,E",0.9800000000000001,"5,E",1.448,"2,,,E",0.512,"3,,,E"
AGE00147708,1922-02-01,36.72,4.05,222.0,"TIZI OUZOU, AG",0.0,E,0.0,"1,E",9.0,",E",5.0,",E",1.0,",E",0.0,"1,E",0.0,"1,E",0.0,",E",0.0,",E",0.0,",E",19220209.0,",1,E",19220223.0,",,E",19220228.0,",,E",1.0,"1,E,09,",29.1,",,E,23,",21.0,",E,28,",,,198.0,",E",83.5,",,,E",1.097,"1,E",1.55,",,,E",0.644,"1,,,E"
AGE00147708,1922-03-01,36.72,4.05,222.0,"TIZI OUZOU, AG",8.2,E,8.2,"2,E",1.0,"1,E",1.0,"1,E",0.0,"1,E",0.0,"1,E",0.0,"1,E",0.0,"1,E",11.0,"1,E",0.0,"1,E",19220304.0,",1,E",19220326.0,",1,E",19220321.0,"+,1,E",3.0,"1,E,04,",4.2,"1,,E,26,",30.0,"1,E,21,+",,,123.8,"1,E",4.2,"1,,,E",1.428,"2,E",2.093,"1,,,E",0.763,"1,,,E"
AGE00147708,1922-04-01,36.72,4.05,222.0,"TIZI OUZOU, AG",18.5,E,10.3,"2,E",4.0,"1,E",0.0,"1,E",0.0,"1,E",0.0,"1,E",0.0,"1,E",0.0,"1,E",19.0,"1,E",1.0,"1,E",19220421.0,"+,1,E",19220419.0,",1,E",19220414.0,",1,E",4.0,"1,E,21,+",2.2,"1,,E,19,",33.0,"1,E,14,",,,80.7,"1,E",4.2,"1,,,E",1.598,"2,E",2.2969999999999997,"1,,,E",0.9,"1,,,E"
AGE00147708,1922-05-01,36.72,4.05,222.0,"TIZI OUZOU, AG",119.5,E,101.0,",E",1.0,",E",1.0,",E",0.0,",E",0.0,",E",0.0,",E",0.0,",E",27.0,",E",8.0,",E",19220501.0,",,E",19220501.0,",,E",19220526.0,",,E",5.0,",E,01,",14.5,",,E,01,",37.0,",E,26,",,,29.8,",E",14.7,",,,E",2.0629999999999997,",E",2.806,",,,E",1.319,",,,E"
AGE00147708,1922-06-01,36.72,4.05,222.0,"TIZI OUZOU, AG",283.8,E,164.3,",E",4.0,",E",3.0,",E",0.0,",E",0.0,",E",0.0,",E",0.0,",E",29.0,",E",10.0,",E",19220619.0,",,E",19220601.0,",,E",19220627.0,"+,,E",11.0,",E,19,",9.0,",,E,01,",38.0,",E,27,+",,,0.8,",E",16.8,",,,E",2.378,",E",3.1,",,,E",1.657,",,,E"
AGE00147708,1922-07-01,36.72,4.05,222.0,"TIZI OUZOU, AG",533.6,E,249.8,"2,E",0.0,",E",0.0,",E",0.0,",E",0.0,"1,E",0.0,"1,E",0.0,"1,E",30.0,"1,E",25.0,"1,E",19220728.0,",1,E",19220731.0,"+,,E",19220722.0,",1,E",15.0,"1,E,28,",0.0,",,E,31,+",42.0,"1,E,22,",0.0,E,0.0,"1,E",0.0,",,,E",2.697,"2,E",3.5130000000000003,"1,,,E",1.8800000000000001,"1,,,E"
AGE00147708,1922-08-01,36.72,4.05,222.0,"TIZI OUZOU, AG",857.9,E,324.3,"2,E",0.0,"2,E",0.0,"2,E",0.0,"2,E",0.0,"1,E",0.0,"1,E",0.0,"1,E",30.0,"1,E",27.0,"1,E",19220822.0,",1,E",19220831.0,"+,2,E",19220808.0,",1,E",16.0,"1,E,22,",0.0,"2,,E,31,+",45.0,"1,E,08,",0.0,E,0.0,"1,E",0.0,"2,,,E",2.95,"2,E",3.7700000000000005,"1,,,E",2.13,"1,,,E"
AGE00147708,1922-09-01,36.72,4.05,222.0,"TIZI OUZOU, AG",981.1,E,123.2,",E",3.0,",E",1.0,",E",0.0,",E",0.0,",E",0.0,",E",0.0,",E",29.0,",E",5.0,",E",19220917.0,",,E",19220929.0,",,E",19220924.0,"+,,E",12.0,",E,17,",10.3,",,E,29,",34.0,",E,24,+",2.7,E,2.7,",E",11.6,",,,E",2.2350000000000003,",E",2.9170000000000003,",,,E",1.553,",,,E"
AGE00147708,1922-10-01,36.72,4.05,222.0,"TIZI OUZOU, AG",1051.8,E,70.7,",E",8.0,",E",7.0,",E",1.0,",E",0.0,",E",0.0,",E",0.0,",E",26.0,",E",2.0,",E",19221027.0,",,E",19221025.0,",,E",19221006.0,"+,,E",10.0,",E,27,",26.6,",,E,25,",33.0,",E,06,+",15.7,E,13.0,",E",83.4,",,,E",2.019,",E",2.6420000000000003,",,,E",1.397,",,,E"
AGE00147708,1922-11-01,36.72,4.05,222.0,"TIZI OUZOU, AG",1051.8,E,0.0,"5,E",9.0,",E",8.0,",E",0.0,",E",0.0,"5,E",0.0,"5,E",0.0,",E",1.0,",E",0.0,",E",19221130.0,",5,E",19221104.0,",,E",19221104.0,",,E",3.0,"5,E,30,",21.0,",,E,04,",23.0,",E,04,",153.0,E,137.3,",E",59.6,",,,E",1.296,"5,E",1.737,",,,E",0.8560000000000001,"5,,,E"
AGE00147708,1922-12-01,36.72,4.05,222.0,"TIZI OUZOU, AG",1051.8,E,0.0,"3,E",15.0,"1,E",12.0,"1,E",2.0,"1,E",0.0,"2,E",2.0,"2,E",0.0,"1,E",0.0,"1,E",0.0,"1,E",19221215.0,",2,E",19221220.0,",1,E",19221202.0,",1,E",-1.0,"2,E,15,",48.0,"1,,E,20,",19.0,"1,E,02,",412.3,E,259.3,"1,E",220.4,"1,,,E",0.917,"3,E",1.307,"1,,,E",0.528,"2,,,E"
AGE00147708,1923-01-01,36.72,4.05,222.0,"TIZI OUZOU, AG",0.0,E,0.0,"2,E",27.0,",E",24.0,",E",6.0,",E",0.0,"2,E",3.0,"2,E",0.0,"2,E",0.0,"2,E",0.0,"2,E",19230119.0,",2,E",19230123.0,",,E",19230111.0,",2,E",-3.0,"2,E,19,",54.6,",,E,23,",17.0,"2,E,11,",739.0,E,326.7,"2,E",402.7,",,,E",0.7070000000000001,"2,E",1.024,"2,,,E",0.39,"2,,,E"
AGE00147708,1923-02-01,36.72,4.05,222.0,"TIZI OUZOU, AG",0.0,E,0.0,"2,E",12.0,",E",9.0,",E",0.0,",E",0.0,",E",0.0,",E",0.0,"2,E",0.0,"2,E",0.0,"2,E",19230215.0,"+,,E",19230220.0,",,E",19230218.0,"+,2,E",4.0,",E,15,+",16.0,",,E,20,",18.0,"2,E,18,+",924.7,E,185.7,"2,E",92.0,",,,E",1.119,"2,E",1.5230000000000001,"2,,,E",0.714,",,,E"
AGE00147708,1923-03-01,36.72,4.05,222.0,"TIZI OUZOU, AG",0.0,E,0.0,"2,E",15.0,"1,E",10.0,"1,E",1.0,"1,E",0.0,"1,E",0.0,"1,E",0.0,"1,E",0.0,"1,E",0.0,"1,E",19230314.0,"+,1,E",19230329.0,",1,E",19230320.0,",1,E",3.0,"1,E,14,+",66.0,"1,,E,29,",21.0,"1,E,20,",1087.9,E,163.2,"1,E",156.7,"1,,,E",1.2630000000000001,"2,E",1.6969999999999998,"1,,,E",0.8300000000000001,"1,,,E"
AGE00147708,1923-04-01,36.72,4.05,222.0,"TIZI OUZOU, AG",1.8,E,1.8,",E",12.0,",E",7.0,",E",0.0,",E",0.0,",E",0.0,",E",0.0,",E",7.0,",E",0.0,",E",19230422.0,",,E",19230421.0,",,E",19230411.0,",,E",1.0,",E,22,",15.0,",,E,21,",25.0,",E,11,",1205.7,E,117.8,",E",67.8,",,,E",1.447,",E",1.9469999999999998,",,,E",0.9470000000000001,",,,E"
AGE00147708,1923-05-01,36.72,4.05,222.0,"TIZI OUZOU, AG",26.6,E,24.8,",E",9.0,",E",5.0,",E",0.0,",E",0.0,",E",0.0,",E",0.0,",E",23.0,",E",0.0,",E",19230514.0,"+,,E",19230511.0,",,E",19230508.0,",,E",8.0,",E,14,+",22.5,",,E,11,",32.0,",E,08,",1222.4,E,16.7,",E",54.1,",,,E",1.86,",E",2.429,",,,E",1.29,",,,E"
AGE00147708,1923-06-01,36.72,4.05,222.0,"TIZI OUZOU, AG",66.3,E,39.7,"2,E",4.0,"1,E",2.0,"1,E",0.0,"1,E",0.0,"1,E",0.0,"1,E",0.0,"1,E",25.0,"1,E",0.0,"1,E",19230623.0,",1,E",19230608.0,",1,E",19230629.0,",1,E",9.0,"1,E,23,",7.0,"1,,E,08,",31.0,"1,E,29,",1235.4,E,13.0,"1,E",12.4,"1,,,E",1.9100000000000001,"2,E",2.503,"1,,,E",1.317,"1,,,E"
AGE00147708,1923-07-01,36.72,4.05,222.0,"TIZI OUZOU, AG",338.6,E,272.3,"2,E",0.0,"2,E",0.0,"2,E",0.0,"2,E",0.0,"1,E",0.0,"1,E",0.0,"1,E",30.0,"1,E",22.0,"1,E",19230702.0,",1,E",19230731.0,"+,2,E",19230727.0,"+,1,E",15.0,"1,E,02,",0.0,"2,,E,31,+",41.0,"1,E,27,+",0.0,E,0.0,"1,E",0.0,"2,,,E",2.7800000000000002,"2,E",3.597,"1,,,E",1.9629999999999999,"1,,,E"
AGE00147708,1923-08-01,36.72,4.05,222.0,"TIZI OUZOU, AG",,,,,0.0,"5,E",0.0,"5,E",0.0,"5,E",0.0,"4,E",0.0,"4,E",0.0,"4,E",27.0,"4,E",26.0,"4,E",19230827.0,",4,E",19230831.0,"+,5,E",19230801.0,",4,E",16.0,"4,E,27,",0.0,"5,,E,31,+",42.0,"4,E,01,",,,,,0.0,"5,,,E",2.817,"7,E",3.622,"4,,,E",2.011,"4,,,E"
AGE00147708,1923-09-01,36.72,4.05,222.0,"TIZI OUZOU, AG",,,126.5,",E",4.0,"3,E",3.0,"3,E",0.0,"3,E",0.0,",E",0.0,",E",0.0,",E",30.0,",E",4.0,",E",19230928.0,"+,,E",19230904.0,",3,E",19230902.0,",,E",13.0,",E,28,+",16.1,"3,,E,04,",39.0,",E,02,",,,0.0,",E",35.8,"3,,,E",2.255,",E",2.923,",,,E",1.587,",,,E"
AGE00147708,1923-10-01,36.72,4.05,222.0,"TIZI OUZOU, AG",,,102.7,"1,E",5.0,",E",5.0,",E",0.0,",E",0.0,"1,E",0.0,"1,E",0.0,",E",29.0,",E",6.0,",E",19231008.0,",1,E",19231030.0,",,E",19231020.0,"+,,E",11.0,"1,E,08,",20.3,",,E,30,",34.0,",E,20,+",,,1.7,",E",42.8,",,,E",2.16,"1,E",2.881,",,,E",1.44,"1,,,E"
AGE00147708,1923-11-01,36.72,4.05,222.0,"TIZI OUZOU, AG",,,1.8,"2,E",11.0,",E",10.0,",E",2.0,",E",0.0,"2,E",0.0,"2,E",0.0,",E",6.0,",E",0.0,",E",19231123.0,",2,E",19231103.0,",,E",19231127.0,",,E",3.0,"2,E,23,",117.5,",,E,03,",26.0,",E,27,",,,99.2,",E",217.7,",,,E",1.4869999999999999,"2,E",1.957,",,,E",1.018,"2,,,E"
AGE00147708,1923-12-01,36.72,4.05,222.0,"TIZI OUZOU, AG",,,0.0,",E",13.0,",E",12.0,",E",3.0,",E",0.0,",E",0.0,",E",0.0,",E",0.0,",E",0.0,",E",19231221.0,",,E",19231211.0,",,E",19231228.0,",,E",1.0,",E,21,",117.9,",,E,11,",17.0,",E,28,",,,278.3,",E",277.9,",,,E",0.9349999999999999,",E",1.355,",,,E",0.516,",,,E"
AGE00147708,1924-01-01,36.72,4.05,222.0,"TIZI OUZOU, AG",0.0,E,0.0,"3,E",14.0,"1,E",13.0,"1,E",1.0,"1,E",0.0,"2,E",0.0,"2,E",0.0,"1,E",0.0,"1,E",0.0,"1,E",19240131.0,"+,2,E",19240130.0,",1,E",19240104.0,",1,E",1.0,"2,E,31,+",27.0,"1,,E,30,",18.0,"1,E,04,",,,242.8,"1,E",132.4,"1,,,E",0.968,"3,E",1.357,"1,,,E",0.579,"2,,,E"
AGE00147708,1924-02-01,36.72,4.05,222.0,"TIZI OUZOU, AG",0.0,E,0.0,"2,E",15.0,"1,E",9.0,"1,E",2.0,"1,E",0.0,"1,E",1.0,"1,E",0.0,"1,E",0.0,"1,E",0.0,"1,E",19240229.0,",1,E",19240223.0,",1,E",19240217.0,",1,E",0.0,"1,E,29,",27.5,"1,,E,23,",21.0,"1,E,17,",,,222.6,"1,E",111.0,"1,,,E",1.0050000000000001,"2,E",1.418,"1,,,E",0.592,"1,,,E"
AGE00147708,1924-03-01,36.72,4.05,222.0,"TIZI OUZOU, AG",3.0,E,3.0,"2,E",10.0,"2,E",4.0,"2,E",0.0,"2,E",0.0,"1,E",0.0,"1,E",0.0,"1,E",5.0,"1,E",0.0,"1,E",19240302.0,"+,1,E",19240331.0,",2,E",19240325.0,",1,E",1.0,"1,E,02,+",25.0,"2,,E,31,",24.0,"1,E,25,",,,147.2,"1,E",58.0,"2,,,E",1.338,"2,E",1.827,"1,,,E",0.85,"1,,,E"
AGE00147708,1924-04-01,36.72,4.05,222.0,"TIZI OUZOU, AG",24.3,E,21.3,"2,E",4.0,"1,E",2.0,"1,E",0.0,"1,E",0.0,"1,E",0.0,"1,E",0.0,"1,E",15.0,"1,E",1.0,"1,E",19240422.0,",1,E",19240415.0,",1,E",19240426.0,",1,E",3.0,"1,E,22,",9.0,"1,,E,15,",33.0,"1,E,26,",,,75.2,"1,E",14.0,"1,,,E",1.6260000000000001,"2,E",2.234,"1,,,E",1.017,"1,,,E"
AGE00147708,1924-05-01,36.72,4.05,222.0,"TIZI OUZOU, AG",143.8,E,119.5,"4,E",1.0,"4,E",0.0,"4,E",0.0,"4,E",0.0,"2,E",0.0,"2,E",0.0,"2,E",29.0,"2,E",7.0,"2,E",19240510.0,",2,E",19240520.0,",4,E",19240505.0,",2,E",8.0,"2,E,10,",2.0,"4,,E,20,",39.0,"2,E,05,",,,3.0,"2,E",2.4,"4,,,E",2.252,"4,E",3.007,"2,,,E",1.497,"2,,,E"
AGE00147708,1924-06-01,36.72,4.05,222.0,"TIZI OUZOU, AG",325.8,E,182.0,"2,E",3.0,"1,E",1.0,"1,E",0.0,"1,E",0.0,"1,E",0.0,"1,E",0.0,"1,E",29.0,"1,E",12.0,"1,E",19240624.0,"+,1,E",19240605.0,",1,E",19240630.0,"+,1,E",13.0,"1,E,24,+",6.0,"1,,E,05,",39.0,"1,E,30,+",,,0.8,"1,E",8.7,"1,,,E",2.481,"2,E",3.193,"1,,,E",1.7690000000000001,"1,,,E"
AGE00147708,1924-07-01,36.72,4.05,222.0,"TIZI OUZOU, AG",622.0,E,296.2,",E",0.0,",E",0.0,",E",0.0,",E",0.0,",E",0.0,",E",0.0,",E",31.0,",E",26.0,",E",19240711.0,",,E",19240731.0,"+,,E",19240720.0,",,E",16.0,",E,11,",0.0,",,E,31,+",43.0,",E,20,",0.0,E,0.0,",E",0.0,",,,E",2.789,",E",3.558,",,,E",2.019,",,,E"
AGE00147708,1924-08-01,36.72,4.05,222.0,"TIZI OUZOU, AG",894.2,E,272.2,",E",0.0,",E",0.0,",E",0.0,",E",0.0,",E",0.0,",E",0.0,",E",31.0,",E",25.0,",E",19240827.0,",,E",19240831.0,"+,,E",19240801.0,",,E",12.0,",E,27,",0.0,",,E,31,+",42.0,",E,01,",0.0,E,0.0,",E",0.0,",,,E",2.711,",E",3.471,",,,E",1.952,",,,E"
AGE00147708,1924-09-01,36.72,4.05,222.0,"TIZI OUZOU, AG",1084.5,E,190.3,"4,E",3.0,"2,E",2.0,"2,E",1.0,"2,E",0.0,"2,E",0.0,"2,E",0.0,"2,E",28.0,"2,E",13.0,"2,E",19240919.0,",2,E",19240930.0,",2,E",19240909.0,",2,E",15.0,"2,E,19,",29.0,"2,,E,30,",41.0,"2,E,09,",0.0,E,0.0,"2,E",33.0,"2,,,E",2.564,"4,E",3.257,"2,,,E",1.871,"2,,,E"
AGE00147708,1924-10-01,36.72,4.05,222.0,"TIZI OUZOU, AG",1131.5,E,47.0,"2,E",6.0,"2,E",4.0,"2,E",0.0,"2,E",0.0,"1,E",0.0,"1,E",0.0,"1,E",26.0,"1,E",0.0,"1,E",19241014.0,",1,E",19241020.0,",2,E",19241014.0,",1,E",10.0,"1,E,14,",12.0,"2,,E,20,",31.0,"1,E,14,",3.7,E,3.7,"1,E",32.2,"2,,,E",1.9780000000000002,"2,E",2.5629999999999997,"1,,,E",1.393,"1,,,E"
AGE00147708,1924-11-01,36.72,4.05,222.0,"TIZI OUZOU, AG",1139.8,E,8.3,"1,E",15.0,"1,E",8.0,"1,E",0.0,"1,E",0.0,"1,E",0.0,"1,E",0.0,",E",8.0,",E",1.0,",E",19241130.0,",1,E",19241109.0,",1,E",19241103.0,",,E",5.0,"1,E,30,",19.0,"1,,E,09,",35.0,",E,03,",122.7,E,119.0,",E",112.5,"1,,,E",1.4609999999999999,"1,E",1.957,",,,E",0.966,"1,,,E"
AGE00147708,1924-12-01,36.72,4.05,222.0,"TIZI OUZOU, AG",1139.8,E,0.0,"2,E",13.0,"1,E",11.0,"1,E",2.0,"1,E",0.0,"1,E",0.0,"1,E",0.0,"1,E",0.0,"1,E",0.0,"1,E",19241224.0,",1,E",19241214.0,",1,E",19241201.0,",1,E",1.0,"1,E,24,",45.0,"1,,E,14,",20.0,"1,E,01,",355.9,E,233.2,"1,E",124.0,"1,,,E",1.028,"2,E",1.447,"1,,,E",0.61,"1,,,E"
AGE00147708,1925-01-01,36.72,4.05,222.0,"TIZI OUZOU, AG",0.0,E,0.0,"2,E",2.0,"1,E",2.0,"1,E",0.0,"1,E",0.0,"1,E",2.0,"1,E",0.0,"1,E",0.0,"1,E",0.0,"1,E",19250126.0,",1,E",19250107.0,",1,E",19250128.0,"+,1,E",-4.0,"1,E,26,",8.0,"1,,E,07,",17.0,"1,E,28,+",645.1,E,289.2,"1,E",12.0,"1,,,E",0.85,"2,E",1.443,"1,,,E",0.257,"1,,,E"
AGE00147708,1925-02-01,36.72,4.05,222.0,"TIZI OUZOU, AG",0.0,E,0.0,"4,E",8.0,"2,E",5.0,"2,E",1.0,"2,E",0.0,"2,E",1.0,"2,E",0.0,"2,E",1.0,"2,E",0.0,"2,E",19250204.0,",2,E",19250220.0,",2,E",19250214.0,",2,E",-3.0,"2,E,04,",30.0,"2,,E,20,",22.0,"2,E,14,",841.1,E,196.0,"2,E",57.5,"2,,,E",1.035,"4,E",1.538,"2,,,E",0.5309999999999999,"2,,,E"
AGE00147708,1925-03-01,36.72,4.05,222.0,"TIZI OUZOU, AG",0.0,E,0.0,",E",12.0,",E",10.0,",E",0.0,",E",0.0,",E",0.0,",E",0.0,",E",0.0,",E",0.0,",E",19250326.0,",,E",19250325.0,",,E",19250324.0,"+,,E",2.0,",E,26,",24.0,",,E,25,",20.0,",E,24,+",1096.4,E,255.3,",E",134.5,",,,E",1.01,",E",1.423,",,,E",0.597,",,,E"
AGE00147708,1925-04-01,36.72,4.05,222.0,"TIZI OUZOU, AG",7.3,E,7.3,"2,E",10.0,"1,E",5.0,"1,E",0.0,"1,E",0.0,"1,E",0.0,"1,E",0.0,"1,E",11.0,"1,E",0.0,"1,E",19250415.0,",1,E",19250410.0,",1,E",19250419.0,",1,E",3.0,"1,E,15,",19.0,"1,,E,10,",32.0,"1,E,19,",1197.6,E,101.2,"1,E",59.7,"1,,,E",1.484,"2,E",2.034,"1,,,E",0.9339999999999999,"1,,,E"
AGE00147708,1925-05-01,36.72,4.05,222.0,"TIZI OUZOU, AG",18.0,E,10.7,"4,E",8.0,"2,E",7.0,"2,E",2.0,"2,E",0.0,"2,E",0.0,"2,E",0.0,"2,E",21.0,"2,E",0.0,"2,E",19250503.0,",2,E",19250505.0,",2,E",19250528.0,"+,2,E",4.0,"2,E,03,",32.0,"2,,E,05,",30.0,"2,E,28,+",1252.8,E,55.2,"2,E",101.8,"2,,,E",1.659,"4,E",2.248,"2,,,E",1.069,"2,,,E"
AGE00147708,1925-06-01,36.72,4.05,222.0,"TIZI OUZOU, AG",148.8,E,130.8,"4,E",3.0,"2,E",2.0,"2,E",0.0,"2,E",0.0,"2,E",0.0,"2,E",0.0,"2,E",28.0,"2,E",7.0,"2,E",19250601.0,",2,E",19250614.0,"+,2,E",19250613.0,",2,E",11.0,"2,E,01,",4.0,"2,,E,14,+",38.0,"2,E,13,",1252.8,E,0.0,"2,E",10.0,"2,,,E",2.338,"4,E",3.068,"2,,,E",1.607,"2,,,E"
AGE00147708,1925-07-01,36.72,4.05,222.0,"TIZI OUZOU, AG",,,,,2.0,"3,E",2.0,"3,E",0.0,"3,E",0.0,"3,E",0.0,"3,E",0.0,"3,E",28.0,"3,E",15.0,"3,E",19250707.0,",3,E",19250716.0,",3,E",19250729.0,",3,E",10.0,"3,E,07,",7.0,"3,,E,16,",45.0,"3,E,29,",,,,,13.2,"3,,,E",2.491,"6,E",3.254,"3,,,E",1.7289999999999999,"3,,,E"
AGE00147708,1925-09-01,36.72,4.05,222.0,"TIZI OUZOU, AG",,,,,11.0,"1,E",8.0,"1,E",2.0,"1,E",0.0,"2,E",0.0,"2,E",0.0,"4,E",21.0,"4,E",11.0,"4,E",19250930.0,",2,E",19250927.0,",1,E",19250919.0,"+,4,E",10.0,"2,E,30,",32.5,"1,,E,27,",39.0,"4,E,19,+",,,,,107.5,"1,,,E",2.3449999999999998,"6,E",2.973,"4,,,E",1.718,"2,,,E"
AGE00147708,1925-10-01,36.72,4.05,222.0,"TIZI OUZOU, AG",,,13.8,"2,E",15.0,"1,E",13.0,"1,E",1.0,"1,E",0.0,"1,E",0.0,"1,E",0.0,"1,E",18.0,"1,E",0.0,"1,E",19251031.0,",1,E",19251003.0,",1,E",19251021.0,",1,E",7.0,"1,E,31,",41.0,"1,,E,03,",28.0,"1,E,21,",,,37.0,"1,E",176.0,"1,,,E",1.7550000000000001,"2,E",2.27,"1,,,E",1.24,"1,,,E"
AGE00147708,1925-11-01,36.72,4.05,222.0,"TIZI OUZOU, AG",,,0.0,",E",15.0,",E",12.0,",E",0.0,",E",0.0,",E",0.0,",E",0.0,",E",2.0,",E",0.0,",E",19251127.0,"+,,E",19251128.0,",,E",19251128.0,",,E",4.0,",E,27,+",23.0,",,E,28,",23.0,",E,28,",,,160.0,",E",144.3,",,,E",1.3,",E",1.7429999999999999,",,,E",0.857,",,,E"
AGE00147708,1925-12-01,36.72,4.05,222.0,"TIZI OUZOU, AG",,,0.2,"4,E",8.0,"1,E",7.0,"1,E",1.0,"1,E",0.0,"2,E",0.0,"2,E",0.0,"2,E",2.0,"2,E",0.0,"2,E",19251218.0,"+,2,E",19251208.0,",1,E",19251222.0,",2,E",1.0,"2,E,18,+",32.0,"1,,E,08,",24.0,"2,E,22,",,,156.2,"2,E",98.6,"1,,,E",1.238,"4,E",1.672,"2,,,E",0.8029999999999999,"2,,,E"
AGE00147708,1926-01-01,36.72,4.05,222.0,"TIZI OUZOU, AG",0.0,E,0.0,"2,E",6.0,"1,E",3.0,"1,E",0.0,"1,E",0.0,"1,E",1.0,"1,E",0.0,"1,E",0.0,"1,E",0.0,"1,E",19260130.0,",1,E",19260124.0,",1,E",19260131.0,",1,E",0.0,"1,E,30,",15.0,"1,,E,24,",21.0,"1,E,31,",,,223.2,"1,E",41.0,"1,,,E",1.072,"2,E",1.557,"1,,,E",0.587,"1,,,E"
AGE00147708,1926-02-01,36.72,4.05,222.0,"TIZI OUZOU, AG",0.0,E,0.0,"4,E",4.0,"2,E",3.0,"2,E",1.0,"2,E",0.0,"3,E",0.0,"3,E",0.0,"2,E",8.0,"2,E",0.0,"2,E",19260219.0,"+,3,E",19260212.0,",2,E",19260224.0,",2,E",4.0,"3,E,19,+",29.0,"2,,E,12,",27.0,"2,E,24,",,,105.5,"2,E",56.2,"2,,,E",1.383,"4,E",1.927,"2,,,E",0.8400000000000001,"3,,,E"
AGE00147708,1926-03-01,36.72,4.05,222.0,"TIZI OUZOU, AG",,,,,9.0,"4,E",4.0,"4,E",0.0,"4,E",0.0,"5,E",0.0,"5,E",0.0,"4,E",8.0,"4,E",0.0,"4,E",19260304.0,",5,E",19260301.0,",4,E",19260318.0,",4,E",1.0,"5,E,04,",20.0,"4,,E,01,",25.0,"4,E,18,",,,,,66.5,"4,,,E",1.3039999999999998,"9,E",1.8780000000000001,"4,,,E",0.731,"5,,,E"
AGE00147708,1926-05-01,36.72,4.05,222.0,"TIZI OUZOU, AG",,,25.3,"2,E",3.0,"2,E",3.0,"2,E",0.0,"2,E",0.0,"1,E",0.0,"1,E",0.0,"1,E",21.0,"1,E",2.0,"1,E",19260517.0,",1,E",19260510.0,",2,E",19260530.0,",1,E",5.0,"1,E,17,",11.0,"2,,E,10,",35.0,"1,E,30,",,,45.5,"1,E",25.0,"2,,,E",1.7570000000000001,"2,E",2.397,"1,,,E",1.117,"1,,,E"
AGE00147708,1926-06-01,36.72,4.05,222.0,"TIZI OUZOU, AG",,,120.0,"2,E",1.0,"1,E",0.0,"1,E",0.0,"1,E",0.0,"1,E",0.0,"1,E",0.0,"1,E",29.0,"1,E",8.0,"1,E",19260604.0,",1,E",19260624.0,",1,E",19260623.0,",1,E",9.0,"1,E,04,",2.0,"1,,E,24,",37.0,"1,E,23,",,,1.8,"1,E",2.0,"1,,,E",2.252,"2,E",2.993,"1,,,E",1.51,"1,,,E"
AGE00147708,1926-07-01,36.72,4.05,222.0,"TIZI OUZOU, AG",,,223.8,"2,E",3.0,"2,E",1.0,"2,E",0.0,"2,E",0.0,"1,E",0.0,"1,E",0.0,"1,E",30.0,"1,E",17.0,"1,E",19260709.0,",1,E",19260705.0,",2,E",19260718.0,",1,E",13.0,"1,E,09,",4.0,"2,,E,05,",44.0,"1,E,18,",0.0,E,0.0,"1,E",6.8,"2,,,E",2.622,"2,E",3.38,"1,,,E",1.863,"1,,,E"
AGE00147708,1926-08-01,36.72,4.05,222.0,"TIZI OUZOU, AG",,,231.8,"2,E",1.0,"1,E",1.0,"1,E",0.0,"1,E",0.0,"1,E",0.0,"1,E",0.0,"1,E",30.0,"1,E",22.0,"1,E",19260820.0,"+,1,E",19260831.0,",1,E",19260811.0,",1,E",10.0,"1,E,20,+",7.0,"1,,E,31,",43.0,"1,E,11,",0.0,E,0.0,"1,E",7.0,"1,,,E",2.633,"2,E",3.5100000000000002,"1,,,E",1.7570000000000001,"1,,,E"
AGE00147708,1926-09-01,36.72,4.05,222.0,"TIZI OUZOU, AG",,,210.5,",E",3.0,",E",1.0,",E",0.0,",E",0.0,",E",0.0,",E",0.0,",E",30.0,",E",15.0,",E",19260923.0,",,E",19260928.0,",,E",19260925.0,",,E",12.0,",E,23,",7.0,",,E,28,",40.0,",E,25,",0.0,E,0.0,",E",9.0,",,,E",2.535,",E",3.2700000000000005,",,,E",1.8,",,,E"
AGE00147708,1926-10-01,36.72,4.05,222.0,"TIZI OUZOU, AG",,,138.3,"2,E",5.0,"1,E",2.0,"1,E",0.0,"1,E",0.0,"1,E",0.0,"1,E",0.0,"2,E",28.0,"2,E",11.0,"2,E",19261026.0,",1,E",19261023.0,",1,E",19261008.0,"+,2,E",6.0,"1,E,26,",8.0,"1,,E,23,",36.0,"2,E,08,+",10.5,E,10.5,"2,E",17.0,"1,,,E",2.269,"2,E",3.0140000000000002,"2,,,E",1.5230000000000001,"1,,,E"
AGE00147708,1926-11-01,36.72,4.05,222.0,"TIZI OUZOU, AG",,,8.5,"2,E",9.0,"1,E",6.0,"1,E",0.0,"1,E",0.0,"1,E",0.0,"1,E",0.0,"1,E",9.0,"1,E",0.0,"1,E",19261129.0,"+,1,E",19261117.0,",1,E",19261116.0,"+,1,E",5.0,"1,E,29,+",10.0,"1,,E,17,",26.0,"1,E,16,+",103.3,E,92.8,"1,E",47.0,"1,,,E",1.524,"2,E",1.948,"1,,,E",1.1,"1,,,E"
AGE00147708,1926-12-01,36.72,4.05,222.0,"TIZI OUZOU, AG",,,,,13.0,"3,E",9.0,"3,E",2.0,"3,E",0.0,"3,E",0.0,"3,E",0.0,"2,E",0.0,"2,E",0.0,"2,E",19261228.0,",3,E",19261202.0,",3,E",19261216.0,",2,E",1.0,"3,E,28,",130.0,"3,,E,02,",19.0,"2,E,16,",,,,,234.1,"3,,,E",0.9279999999999999,"5,E",1.345,"2,,,E",0.511,"3,,,E"
AGE00147708,1927-01-01,36.72,4.05,222.0,"TIZI OUZOU, AG",,,,,17.0,"4,E",13.0,"4,E",2.0,"4,E",0.0,"4,E",0.0,"4,E",0.0,"4,E",0.0,"4,E",0.0,"4,E",19270120.0,",4,E",19270119.0,",4,E",19270113.0,",4,E",1.0,"4,E,20,",45.0,"4,,E,19,",19.0,"4,E,13,",,,,,182.4,"4,,,E",0.998,"8,E",1.374,"4,,,E",0.622,"4,,,E"
AGE00147708,1927-02-01,36.72,4.05,222.0,"TIZI OUZOU, AG",,,0.0,",E",12.0,",E",8.0,",E",0.0,",E",0.0,",E",0.0,",E",0.0,",E",3.0,",E",0.0,",E",19270221.0,"+,,E",19270219.0,"+,,E",19270228.0,",,E",1.0,",E,21,+",17.0,",,E,19,+",25.0,",E,28,",,,230.3,",E",90.6,",,,E",1.011,",E",1.482,",,,E",0.5389999999999999,",,,E"
AGE00147708,1927-03-01,36.72,4.05,222.0,"TIZI OUZOU, AG",,,0.8,"4,E",7.0,"3,E",5.0,"3,E",0.0,"3,E",0.0,"2,E",0.0,"2,E",0.0,"2,E",5.0,"2,E",0.0,"2,E",19270315.0,"+,2,E",19270328.0,",3,E",19270326.0,",2,E",4.0,"2,E,15,+",12.0,"3,,E,28,",25.0,"2,E,26,",,,139.8,"2,E",38.5,"3,,,E",1.3210000000000002,"4,E",1.797,"2,,,E",0.845,"2,,,E"
AGE00147708,1927-04-01,36.72,4.05,222.0,"TIZI OUZOU, AG",,,10.3,",E",3.0,",E",1.0,",E",0.0,",E",0.0,",E",0.0,",E",0.0,",E",17.0,",E",0.0,",E",19270420.0,",,E",19270416.0,",,E",19270428.0,",,E",4.0,",E,20,",5.0,",,E,16,",32.0,",E,28,",,,89.3,",E",8.0,",,,E",1.5699999999999998,",E",2.253,",,,E",0.8869999999999999,",,,E"
AGE00147708,1927-05-01,36.72,4.05,222.0,"TIZI OUZOU, AG",,,56.2,"2,E",6.0,"1,E",4.0,"1,E",0.0,"1,E",0.0,"1,E",0.0,"1,E",0.0,"1,E",25.0,"1,E",2.0,"1,E",19270509.0,"+,1,E",19270514.0,"+,1,E",19270530.0,",1,E",9.0,"1,E,09,+",12.0,"1,,E,14,+",36.0,"1,E,30,",,,19.8,"1,E",39.6,"1,,,E",1.967,"2,E",2.607,"1,,,E",1.327,"1,,,E"
AGE00147708,1927-06-01,36.72,4.05,222.0,"TIZI OUZOU, AG",,,171.7,"2,E",0.0,"1,E",0.0,"1,E",0.0,"1,E",0.0,"1,E",0.0,"1,E",0.0,"1,E",29.0,"1,E",11.0,"1,E",19270624.0,"+,1,E",19270630.0,"+,1,E",19270625.0,"+,1,E",14.0,"1,E,24,+",0.0,"1,,E,30,+",39.0,"1,E,25,+",,,0.0,"1,E",0.0,"1,,,E",2.447,"2,E",3.169,"1,,,E",1.7239999999999998,"1,,,E"
AGE00147708,1927-07-01,36.72,4.05,222.0,"TIZI OUZOU, AG",,,196.7,"3,E",0.0,"2,E",0.0,"2,E",0.0,"2,E",0.0,"1,E",0.0,"1,E",0.0,"2,E",29.0,"2,E",13.0,"2,E",19270702.0,",1,E",19270731.0,"+,2,E",19270722.0,",2,E",10.0,"1,E,02,",0.0,"2,,E,31,+",42.0,"2,E,22,",0.0,E,0.0,"2,E",0.0,"2,,,E",2.548,"3,E",3.2659999999999996,"2,,,E",1.83,"1,,,E"
AGE00147708,1927-09-01,36.72,4.05,222.0,"TIZI OUZOU, AG",,,207.2,",E",3.0,",E",2.0,",E",0.0,",E",0.0,",E",0.0,",E",0.0,",E",30.0,",E",17.0,",E",19270930.0,"+,,E",19270928.0,",,E",19270921.0,",,E",12.0,",E,30,+",11.0,",,E,28,",41.0,",E,21,",,,0.7,",E",20.0,",,,E",2.522,",E",3.2299999999999995,",,,E",1.813,",,,E"
AGE00147708,1927-10-01,36.72,4.05,222.0,"TIZI OUZOU, AG",,,36.3,",E",10.0,",E",8.0,",E",0.0,",E",0.0,",E",0.0,",E",0.0,",E",28.0,",E",0.0,",E",19271017.0,",,E",19271015.0,",,E",19271005.0,",,E",10.0,",E,17,",16.0,",,E,15,",31.0,",E,05,",,,8.7,",E",69.6,",,,E",1.923,",E",2.529,",,,E",1.316,",,,E"
AGE00147708,1927-11-01,36.72,4.05,222.0,"TIZI OUZOU, AG",,,,,12.0,"4,E",10.0,"4,E",2.0,"4,E",0.0,"4,E",0.0,"4,E",0.0,"4,E",8.0,"4,E",0.0,"4,E",19271118.0,",4,E",19271127.0,",4,E",19271109.0,",4,E",3.0,"4,E,18,",55.0,"4,,E,27,",31.0,"4,E,09,",,,,,197.6,"4,,,E",1.4869999999999999,"8,E",1.9309999999999998,"4,,,E",1.042,"4,,,E"
AGE00147708,1927-12-01,36.72,4.05,222.0,"TIZI OUZOU, AG",,,0.0,"3,E",16.0,"2,E",13.0,"2,E",3.0,"2,E",0.0,"1,E",0.0,"1,E",0.0,"2,E",0.0,"2,E",0.0,"2,E",19271229.0,",1,E",19271208.0,",2,E",19271222.0,",2,E",1.0,"1,E,29,",52.0,"2,,E,08,",21.0,"2,E,22,",,,174.3,"2,E",196.2,"2,,,E",1.198,"3,E",1.579,"2,,,E",0.817,"1,,,E"
AGE00147708,1928-01-01,36.72,4.05,222.0,"TIZI OUZOU, AG",0.0,E,0.0,"4,E",17.0,"1,E",13.0,"1,E",4.0,"1,E",0.0,"2,E",1.0,"2,E",0.0,"2,E",0.0,"2,E",0.0,"2,E",19280127.0,",2,E",19280130.0,",1,E",19280115.0,",2,E",-2.0,"2,E,27,",54.0,"1,,E,30,",18.0,"2,E,15,",,,240.5,"2,E",265.0,"1,,,E",0.945,"4,E",1.341,"2,,,E",0.548,"2,,,E"
AGE00147708,1928-02-01,36.72,4.05,222.0,"TIZI OUZOU, AG",0.0,E,0.0,"5,E",6.0,"2,E",5.0,"2,E",3.0,"2,E",0.0,"3,E",1.0,"3,E",0.0,"2,E",3.0,"2,E",0.0,"2,E",19280211.0,",3,E",19280203.0,",2,E",19280226.0,"+,2,E",0.0,"3,E,11,",38.0,"2,,E,03,",22.0,"2,E,26,+",,,172.0,"2,E",113.2,"2,,,E",1.141,"5,E",1.689,"2,,,E",0.592,"3,,,E"
AGE00147708,1928-03-01,36.72,4.05,222.0,"TIZI OUZOU, AG",1.2,E,1.2,",E",15.0,",E",14.0,",E",1.0,",E",0.0,",E",0.0,",E",0.0,",E",5.0,",E",0.0,",E",19280319.0,",,E",19280310.0,",,E",19280331.0,"+,,E",4.0,",E,19,",68.0,",,E,10,",26.0,",E,31,+",,,147.0,",E",170.4,",,,E",1.363,",E",1.8519999999999999,",,,E",0.874,",,,E"
AGE00147708,1928-04-01,36.72,4.05,222.0,"TIZI OUZOU, AG",12.0,E,10.8,"4,E",5.0,"2,E",2.0,"2,E",0.0,"2,E",0.0,"2,E",0.0,"2,E",0.0,"2,E",14.0,"2,E",1.0,"2,E",19280424.0,",2,E",19280401.0,",2,E",19280426.0,",2,E",4.0,"2,E,24,",4.0,"2,,E,01,",33.0,"2,E,26,",,,74.0,"2,E",10.4,"2,,,E",1.593,"4,E",2.179,"2,,,E",1.0070000000000001,"2,,,E"
AGE00147708,1928-06-01,36.72,4.05,222.0,"TIZI OUZOU, AG",,,178.3,"4,E",2.0,"2,E",0.0,"2,E",0.0,"2,E",0.0,"2,E",0.0,"2,E",0.0,"2,E",28.0,"2,E",12.0,"2,E",19280610.0,",2,E",19280606.0,"+,2,E",19280625.0,",2,E",12.0,"2,E,10,",1.0,"2,,E,06,+",41.0,"2,E,25,",,,0.0,"2,E",2.0,"2,,,E",2.52,"4,E",3.261,"2,,,E",1.779,"2,,,E"
AGE00147708,1928-07-01,36.72,4.05,222.0,"TIZI OUZOU, AG",,,,,1.0,"4,E",0.0,"4,E",0.0,"4,E",0.0,"4,E",0.0,"4,E",0.0,"4,E",27.0,"4,E",23.0,"4,E",19280716.0,",4,E",19280717.0,",4,E",19280729.0,"+,4,E",16.0,"4,E,16,",1.0,"4,,E,17,",40.0,"4,E,29,+",,,,,1.0,"4,,,E",2.7329999999999997,"6,E",3.537,"4,,,E",1.9300000000000002,"4,,,E"
AGE00147708,1928-09-01,36.72,4.05,222.0,"TIZI OUZOU, AG",,,,,4.0,"3,E",1.0,"3,E",0.0,"3,E",0.0,"4,E",0.0,"4,E",0.0,"3,E",26.0,"3,E",15.0,"3,E",19280906.0,",4,E",19280914.0,",3,E",19280902.0,",3,E",11.0,"4,E,06,",7.0,"3,,E,14,",41.0,"3,E,02,",,,,,13.2,"3,,,E",2.575,"7,E",3.311,"3,,,E",1.8379999999999999,"4,,,E"
AGE00147708,1928-10-01,36.72,4.05,222.0,"TIZI OUZOU, AG",,,,,,,,,,,0.0,"4,E",0.0,"4,E",0.0,"4,E",21.0,"4,E",3.0,"4,E",19281031.0,"+,4,E",,,19281001.0,",4,E",10.0,"4,E,31,+",,,37.0,"4,E,01,",,,,,,,1.9829999999999999,"6,E",2.5,"4,,,E",1.467,"4,,,E"
AGE00147708,1928-11-01,36.72,4.05,222.0,"TIZI OUZOU, AG",,,,,12.0,"3,E",9.0,"3,E",3.0,"3,E",0.0,"4,E",0.0,"4,E",0.0,"5,E",2.0,"5,E",0.0,"5,E",19281130.0,",4,E",19281129.0,",3,E",19281121.0,",5,E",1.0,"4,E,30,",43.0,"3,,E,29,",23.0,"5,E,21,",,,,,196.3,"3,,,E",1.335,"8,E",1.812,"5,,,E",0.858,"4,,,E"
AGE00147708,1928-12-01,36.72,4.05,222.0,"TIZI OUZOU, AG",,,,,14.0,"4,E",11.0,"4,E",0.0,"4,E",0.0,"4,E",0.0,"4,E",0.0,"4,E",0.0,"4,E",0.0,"4,E",19281221.0,"+,4,E",19281210.0,",4,E",19281215.0,"+,4,E",2.0,"4,E,21,+",25.0,"4,,E,10,",17.0,"4,E,15,+",,,,,117.2,"4,,,E",0.952,"7,E",1.363,"4,,,E",0.541,"4,,,E"
AGE00147708,1929-02-01,36.72,4.05,222.0,"TIZI OUZOU, AG",,,0.0,"3,E",16.0,"2,E",16.0,"2,E",2.0,"2,E",0.0,"2,E",0.0,"2,E",0.0,"1,E",0.0,"1,E",0.0,"1,E",19290216.0,"+,2,E",19290227.0,",2,E",19290225.0,"+,1,E",1.0,"2,E,16,+",48.0,"2,,E,27,",21.0,"1,E,25,+",,,202.3,"1,E",260.0,"2,,,E",1.024,"3,E",1.433,"1,,,E",0.615,"2,,,E"
AGE00147708,1929-03-01,36.72,4.05,222.0,"TIZI OUZOU, AG",,,0.0,"2,E",9.0,"1,E",7.0,"1,E",1.0,"1,E",0.0,"1,E",0.0,"1,E",0.0,"1,E",6.0,"1,E",0.0,"1,E",19290303.0,",1,E",19290301.0,",1,E",19290322.0,",1,E",2.0,"1,E,03,",37.0,"1,,E,01,",24.0,"1,E,22,",,,157.2,"1,E",93.2,"1,,,E",1.278,"2,E",1.78,"1,,,E",0.7769999999999999,"1,,,E"
AGE00147708,1929-04-01,36.72,4.05,222.0,"TIZI OUZOU, AG",,,14.3,"2,E",3.0,"2,E",2.0,"2,E",0.0,"2,E",0.0,"1,E",0.0,"1,E",0.0,"1,E",19.0,"1,E",1.0,"1,E",19290408.0,",1,E",19290403.0,",2,E",19290426.0,",1,E",1.0,"1,E,08,",8.0,"2,,E,03,",33.0,"1,E,26,",,,66.2,"1,E",13.0,"2,,,E",1.645,"2,E",2.286,"1,,,E",1.003,"1,,,E"
AGE00147708,1929-05-01,36.72,4.05,222.0,"TIZI OUZOU, AG",,,26.2,"4,E",6.0,"3,E",6.0,"3,E",1.0,"3,E",0.0,"2,E",0.0,"2,E",0.0,"2,E",21.0,"2,E",1.0,"2,E",19290504.0,",2,E",19290525.0,",3,E",19290529.0,",2,E",6.0,"2,E,04,",53.0,"3,,E,25,",34.0,"2,E,29,",,,33.7,"2,E",116.0,"3,,,E",1.831,"4,E",2.445,"2,,,E",1.217,"2,,,E"
AGE00147708,1929-06-01,36.72,4.05,222.0,"TIZI OUZOU, AG",,,136.0,"2,E",3.0,"2,E",0.0,"2,E",0.0,"2,E",0.0,"1,E",0.0,"1,E",0.0,"1,E",28.0,"1,E",7.0,"1,E",19290628.0,"+,1,E",19290626.0,",2,E",19290629.0,",1,E",12.0,"1,E,28,+",1.0,"2,,E,26,",38.0,"1,E,29,",,,1.8,"1,E",2.2,"2,,,E",2.316,"2,E",3.0170000000000003,"1,,,E",1.614,"1,,,E"
AGE00147708,1929-07-01,36.72,4.05,222.0,"TIZI OUZOU, AG",,,262.5,"1,E",0.0,"1,E",0.0,"1,E",0.0,"1,E",0.0,",E",0.0,",E",0.0,"1,E",30.0,"1,E",26.0,"1,E",19290712.0,"+,,E",19290731.0,"+,1,E",19290727.0,",1,E",15.0,",E,12,+",0.0,"1,,E,31,+",43.0,"1,E,27,",0.0,E,0.0,"1,E",0.0,"1,,,E",2.712,"1,E",3.533,"1,,,E",1.89,",,,E"
AGE00147708,1929-09-01,36.72,4.05,222.0,"TIZI OUZOU, AG",,,188.0,"2,E",7.0,"3,E",6.0,"3,E",0.0,"3,E",0.0,"1,E",0.0,"1,E",0.0,"1,E",27.0,"1,E",13.0,"1,E",19290930.0,",1,E",19290909.0,",3,E",19290907.0,",1,E",11.0,"1,E,30,",18.0,"3,,E,09,",40.0,"1,E,07,",,,1.3,"1,E",64.0,"3,,,E",2.472,"2,E",3.0829999999999997,"1,,,E",1.862,"1,,,E"
AGE00147708,1929-10-01,36.72,4.05,222.0,"TIZI OUZOU, AG",,,35.7,",E",10.0,",E",7.0,",E",0.0,",E",0.0,",E",0.0,",E",0.0,",E",25.0,",E",0.0,",E",19291030.0,",,E",19291007.0,",,E",19291005.0,"+,,E",8.0,",E,30,",25.0,",,E,07,",32.0,",E,05,+",,,24.5,",E",83.5,",,,E",1.8690000000000002,",E",2.468,",,,E",1.2710000000000001,",,,E"
AGE00147708,1929-12-01,36.72,4.05,222.0,"TIZI OUZOU, AG",,,0.0,"2,E",9.0,"1,E",8.0,"1,E",0.0,"1,E",0.0,"1,E",0.0,"1,E",0.0,"1,E",0.0,"1,E",0.0,"1,E",19291221.0,"+,1,E",19291207.0,",1,E",19291202.0,"+,1,E",3.0,"1,E,21,+",11.5,"1,,E,07,",21.0,"1,E,02,+",,,188.2,"1,E",58.5,"1,,,E",1.178,"2,E",1.69,"1,,,E",0.667,"1,,,E"
AGE00147708,1930-01-01,36.72,4.05,222.0,"TIZI OUZOU, AG",0.0,E,0.0,"4,E",12.0,"3,E",10.0,"3,E",1.0,"3,E",0.0,"2,E",0.0,"2,E",0.0,"2,E",0.0,"2,E",0.0,"2,E",19300120.0,",2,E",19300109.0,",3,E",19300116.0,"+,2,E",1.0,"2,E,20,",34.2,"3,,E,09,",20.0,"2,E,16,+",,,208.5,"2,E",123.9,"3,,,E",1.057,"4,E",1.5070000000000001,"2,,,E",0.607,"2,,,E"
AGE00147708,1930-02-01,36.72,4.05,222.0,"TIZI OUZOU, AG",0.0,E,0.0,"4,E",14.0,"1,E",11.0,"1,E",1.0,"1,E",0.0,"2,E",2.0,"2,E",0.0,"2,E",0.0,"2,E",0.0,"2,E",19300219.0,"+,2,E",19300206.0,",1,E",19300204.0,",2,E",0.0,"2,E,19,+",26.0,"1,,E,06,",19.0,"2,E,04,",,,215.5,"2,E",121.0,"1,,,E",0.933,"4,E",1.35,"2,,,E",0.515,"2,,,E"
AGE00147708,1930-03-01,36.72,4.05,222.0,"TIZI OUZOU, AG",5.8,E,5.8,"4,E",4.0,"2,E",4.0,"2,E",0.0,"2,E",0.0,"2,E",0.0,"2,E",0.0,"2,E",11.0,"2,E",0.0,"2,E",19300328.0,"+,2,E",19300324.0,",2,E",19300322.0,",2,E",5.0,"2,E,28,+",20.0,"2,,E,24,",28.0,"2,E,22,",,,101.8,"2,E",51.0,"2,,,E",1.4689999999999999,"4,E",2.076,"2,,,E",0.8619999999999999,"2,,,E"
AGE00147708,1930-04-01,36.72,4.05,222.0,"TIZI OUZOU, AG",16.1,E,10.3,"2,E",14.0,"1,E",8.0,"1,E",0.0,"1,E",0.0,"1,E",0.0,"1,E",0.0,"1,E",11.0,"1,E",0.0,"1,E",19300420.0,"+,1,E",19300408.0,",1,E",19300427.0,",1,E",5.0,"1,E,20,+",24.0,"1,,E,08,",31.0,"1,E,27,",,,119.7,"1,E",104.9,"1,,,E",1.457,"2,E",2.003,"1,,,E",0.9099999999999999,"1,,,E"
AGE00147708,1930-05-01,36.72,4.05,222.0,"TIZI OUZOU, AG",47.1,E,31.0,"5,E",2.0,"3,E",2.0,"3,E",0.0,"3,E",0.0,"3,E",0.0,"3,E",0.0,"3,E",22.0,"3,E",1.0,"3,E",19300511.0,",3,E",19300524.0,",3,E",19300521.0,",3,E",8.0,"3,E,11,",12.0,"3,,E,24,",35.0,"3,E,21,",,,17.7,"3,E",18.0,"3,,,E",1.871,"5,E",2.525,"3,,,E",1.218,"3,,,E"
AGE00147708,1930-06-01,36.72,4.05,222.0,"TIZI OUZOU, AG",199.6,E,152.5,",E",5.0,",E",3.0,",E",0.0,",E",0.0,",E",0.0,",E",0.0,",E",29.0,",E",9.0,",E",19300609.0,",,E",19300613.0,",,E",19300629.0,",,E",12.0,",E,09,",7.0,",,E,13,",41.0,",E,29,",,,0.0,",E",16.0,",,,E",2.342,",E",2.997,",,,E",1.687,",,,E"
AGE00147708,1930-09-01,36.72,4.05,222.0,"TIZI OUZOU, AG",,,190.3,",E",5.0,",E",3.0,",E",0.0,",E",0.0,",E",0.0,",E",0.0,",E",29.0,",E",16.0,",E",19300918.0,"+,,E",19300911.0,",,E",19300908.0,",,E",13.0,",E,18,+",15.0,",,E,11,",40.0,",E,08,",,,0.8,",E",40.5,",,,E",2.465,",E",3.2399999999999998,",,,E",1.69,",,,E"
AGE00147708,1930-10-01,36.72,4.05,222.0,"TIZI OUZOU, AG",,,96.7,"2,E",3.0,"1,E",3.0,"1,E",0.0,"1,E",0.0,"1,E",0.0,"1,E",0.0,"1,E",27.0,"1,E",8.0,"1,E",19301030.0,"+,1,E",19301023.0,",1,E",19301011.0,",1,E",8.0,"1,E,30,+",16.0,"1,,E,23,",37.0,"1,E,11,",,,19.3,"1,E",40.0,"1,,,E",2.113,"2,E",2.8329999999999997,"1,,,E",1.393,"1,,,E"
AGE00147708,1930-11-01,36.72,4.05,222.0,"TIZI OUZOU, AG",,,1.8,"2,E",2.0,"1,E",1.0,"1,E",0.0,"1,E",0.0,"1,E",0.0,"1,E",0.0,"1,E",19.0,"1,E",0.0,"1,E",19301118.0,",1,E",19301114.0,",1,E",19301130.0,",1,E",5.0,"1,E,18,",4.0,"1,,E,14,",28.0,"1,E,30,",,,66.7,"1,E",5.0,"1,,,E",1.614,"2,E",2.283,"1,,,E",0.945,"1,,,E"
AGE00147708,1930-12-01,36.72,4.05,222.0,"TIZI OUZOU, AG",,,,,14.0,"4,E",11.0,"4,E",3.0,"4,E",0.0,"4,E",0.0,"4,E",0.0,"4,E",4.0,"4,E",0.0,"4,E",19301228.0,"+,4,E",19301226.0,",4,E",19301207.0,"+,4,E",4.0,"4,E,28,+",42.0,"4,,E,26,",23.0,"4,E,07,+",,,,,191.0,"4,,,E",1.256,"6,E",1.656,"4,,,E",0.8560000000000001,"4,,,E"
AGE00147708,1931-01-01,36.72,4.05,222.0,"TIZI OUZOU, AG",0.0,E,0.0,"5,E",11.0,"2,E",11.0,"2,E",3.0,"2,E",0.0,"3,E",1.0,"3,E",0.0,"2,E",1.0,"2,E",0.0,"2,E",19310113.0,",3,E",19310115.0,",2,E",19310102.0,",2,E",0.0,"3,E,13,",70.0,"2,,E,15,",22.0,"2,E,02,",,,209.2,"2,E",186.2,"2,,,E",1.018,"5,E",1.372,"2,,,E",0.6639999999999999,"3,,,E"
AGE00147708,1931-02-01,36.72,4.05,222.0,"TIZI OUZOU, AG",0.0,E,0.0,"2,E",20.0,"1,E",17.0,"1,E",2.0,"1,E",0.0,"1,E",0.0,"1,E",0.0,"1,E",0.0,"1,E",0.0,"1,E",19310221.0,"+,1,E",19310201.0,",1,E",19310228.0,"+,1,E",1.0,"1,E,21,+",40.0,"1,,E,01,",18.0,"1,E,28,+",,,264.2,"1,E",230.3,"1,,,E",0.828,"2,E",1.2369999999999999,"1,,,E",0.41900000000000004,"1,,,E"
AGE00147708,1931-03-01,36.72,4.05,222.0,"TIZI OUZOU, AG",4.2,E,4.2,"4,E",6.0,"2,E",3.0,"2,E",1.0,"2,E",0.0,"2,E",0.0,"2,E",0.0,"2,E",13.0,"2,E",0.0,"2,E",19310318.0,",2,E",19310316.0,",2,E",19310314.0,"+,2,E",4.0,"2,E,18,",39.0,"2,,E,16,",25.0,"2,E,14,+",,,79.2,"2,E",51.0,"2,,,E",1.543,"4,E",2.1100000000000003,"2,,,E",0.976,"2,,,E"
AGE00147708,1931-05-01,36.72,4.05,222.0,"TIZI OUZOU, AG",,,55.0,",E",6.0,",E",3.0,",E",0.0,",E",0.0,",E",0.0,",E",0.0,",E",29.0,",E",4.0,",E",19310518.0,"+,,E",19310516.0,",,E",19310523.0,",,E",8.0,",E,18,+",7.0,",,E,16,",38.0,",E,23,",,,27.3,",E",18.4,",,,E",1.923,",E",2.616,",,,E",1.2289999999999999,",,,E"
AGE00147708,1931-06-01,36.72,4.05,222.0,"TIZI OUZOU, AG",,,,,0.0,"5,E",0.0,"5,E",0.0,"5,E",0.0,"3,E",0.0,"3,E",0.0,"4,E",26.0,"4,E",17.0,"4,E",19310603.0,"+,3,E",19310630.0,"+,5,E",19310621.0,",4,E",14.0,"3,E,03,+",0.0,"5,,E,30,+",43.0,"4,E,21,",,,,,0.0,"5,,,E",2.727,"7,E",3.535,"4,,,E",1.919,"3,,,E"
AGE00147708,1931-07-01,36.72,4.05,222.0,"TIZI OUZOU, AG",,,266.3,"5,E",0.0,"2,E",0.0,"2,E",0.0,"2,E",0.0,"3,E",0.0,"3,E",0.0,"2,E",29.0,"2,E",28.0,"2,E",19310719.0,"+,3,E",19310731.0,"+,2,E",19310712.0,",2,E",18.0,"3,E,19,+",0.0,"2,,E,31,+",42.0,"2,E,12,",0.0,E,0.0,"2,E",0.0,"2,,,E",2.872,"5,E",3.679,"2,,,E",2.064,"3,,,E"
AGE00147708,1931-08-01,36.72,4.05,222.0,"TIZI OUZOU, AG",,,244.8,"5,E",0.0,"2,E",0.0,"2,E",0.0,"2,E",0.0,"3,E",0.0,"3,E",0.0,"2,E",29.0,"2,E",26.0,"2,E",19310824.0,",3,E",19310831.0,"+,2,E",19310804.0,",2,E",16.0,"3,E,24,",0.0,"2,,E,31,+",46.0,"2,E,04,",0.0,E,0.0,"2,E",0.0,"2,,,E",2.802,"5,E",3.569,"2,,,E",2.036,"3,,,E"
AGE00147708,1931-10-01,36.72,4.05,222.0,"TIZI OUZOU, AG",,,,,5.0,"3,E",4.0,"3,E",1.0,"3,E",0.0,"3,E",0.0,"3,E",0.0,"3,E",24.0,"3,E",0.0,"3,E",19311030.0,",3,E",19311002.0,",3,E",19311010.0,"+,3,E",7.0,"3,E,30,",35.0,"3,,E,02,",30.0,"3,E,10,+",,,,,51.7,"3,,,E",1.9769999999999999,"6,E",2.525,"3,,,E",1.4289999999999998,"3,,,E"
AGE00147708,1931-11-01,36.72,4.05,222.0,"TIZI OUZOU, AG",,,2.5,",E",12.0,",E",7.0,",E",0.0,",E",0.0,",E",0.0,",E",0.0,",E",9.0,",E",0.0,",E",19311126.0,",,E",19311121.0,",,E",19311111.0,"+,,E",6.0,",E,26,",23.0,",,E,21,",27.0,",E,11,+",,,109.0,",E",83.2,",,,E",1.478,",E",1.9629999999999999,",,,E",0.993,",,,E"
AGE00147708,1931-12-01,36.72,4.05,222.0,"TIZI OUZOU, AG",,,0.0,"2,E",15.0,"1,E",11.0,"1,E",2.0,"1,E",0.0,"1,E",2.0,"1,E",0.0,"1,E",0.0,"1,E",0.0,"1,E",19311224.0,"+,1,E",19311209.0,",1,E",19311206.0,",1,E",0.0,"1,E,24,+",95.0,"1,,E,09,",20.0,"1,E,06,",,,274.2,"1,E",264.0,"1,,,E",0.885,"2,E",1.27,"1,,,E",0.5,"1,,,E"
AGE00147708,1932-01-01,36.72,4.05,222.0,"TIZI OUZOU, AG",0.0,E,0.0,"2,E",9.0,"1,E",5.0,"1,E",1.0,"1,E",0.0,"1,E",0.0,"1,E",0.0,"1,E",0.0,"1,E",0.0,"1,E",19320101.0,",1,E",19320102.0,",1,E",19320108.0,",1,E",1.0,"1,E,01,",55.3,"1,,E,02,",19.0,"1,E,08,",,,226.7,"1,E",84.6,"1,,,E",1.0470000000000002,"2,E",1.533,"1,,,E",0.5599999999999999,"1,,,E"
AGE00147708,1932-02-01,36.72,4.05,222.0,"TIZI OUZOU, AG",0.0,E,0.0,"4,E",13.0,"1,E",10.0,"1,E",1.0,"1,E",0.0,"2,E",1.0,"2,E",0.0,"2,E",0.0,"2,E",0.0,"2,E",19320207.0,",2,E",19320214.0,",1,E",19320205.0,",2,E",0.0,"2,E,07,",38.0,"1,,E,14,",20.0,"2,E,05,",,,233.8,"2,E",109.0,"1,,,E",0.909,"4,E",1.433,"2,,,E",0.385,"2,,,E"
AGE00147708,1932-03-01,36.72,4.05,222.0,"TIZI OUZOU, AG",,,,,8.0,"5,E",6.0,"5,E",0.0,"5,E",0.0,"4,E",0.0,"4,E",0.0,"4,E",8.0,"4,E",0.0,"4,E",19320323.0,",4,E",19320306.0,",5,E",19320331.0,",4,E",3.0,"4,E,23,",11.0,"5,,E,06,",28.0,"4,E,31,",,,,,38.2,"5,,,E",1.376,"7,E",1.941,"4,,,E",0.8109999999999999,"4,,,E"
AGE00147708,1932-04-01,36.72,4.05,222.0,"TIZI OUZOU, AG",,,5.2,",E",8.0,",E",6.0,",E",1.0,",E",0.0,",E",0.0,",E",0.0,",E",14.0,",E",0.0,",E",19320414.0,",,E",19320424.0,",,E",19320411.0,"+,,E",2.0,",E,14,",86.0,",,E,24,",28.0,",E,11,+",,,109.2,",E",135.2,",,,E",1.4869999999999999,",E",2.1399999999999997,",,,E",0.833,",,,E"
AGE00147708,1932-05-01,36.72,4.05,222.0,"TIZI OUZOU, AG",,,36.0,"4,E",2.0,"2,E",1.0,"2,E",0.0,"2,E",0.0,"2,E",0.0,"2,E",0.0,"2,E",29.0,"2,E",0.0,"2,E",19320530.0,",2,E",19320517.0,",2,E",19320520.0,",2,E",7.0,"2,E,30,",21.0,"2,,E,17,",32.0,"2,E,20,",,,11.0,"2,E",23.0,"2,,,E",1.934,"4,E",2.586,"2,,,E",1.283,"2,,,E"
AGE00147708,1932-06-01,36.72,4.05,222.0,"TIZI OUZOU, AG",,,111.3,"4,E",3.0,"2,E",1.0,"2,E",0.0,"2,E",0.0,"2,E",0.0,"2,E",0.0,"2,E",28.0,"2,E",5.0,"2,E",19320619.0,",2,E",19320614.0,",2,E",19320627.0,",2,E",10.0,"2,E,19,",3.0,"2,,E,14,",40.0,"2,E,27,",,,0.0,"2,E",7.0,"2,,,E",2.232,"4,E",2.9210000000000003,"2,,,E",1.543,"2,,,E"
AGE00147708,1932-07-01,36.72,4.05,222.0,"TIZI OUZOU, AG",,,194.2,"3,E",1.0,"3,E",1.0,"3,E",0.0,"3,E",0.0,"2,E",0.0,"2,E",0.0,"2,E",29.0,"2,E",17.0,"2,E",19320702.0,",2,E",19320712.0,",3,E",19320725.0,",2,E",13.0,"2,E,02,",6.0,"3,,E,12,",39.0,"2,E,25,",0.0,E,0.0,"2,E",6.0,"3,,,E",2.521,"3,E",3.283,"2,,,E",1.759,"2,,,E"
AGE00147708,1932-08-01,36.72,4.05,222.0,"TIZI OUZOU, AG",,,,,0.0,"5,E",0.0,"5,E",0.0,"5,E",0.0,"4,E",0.0,"4,E",0.0,"4,E",27.0,"4,E",22.0,"4,E",19320805.0,",4,E",19320831.0,"+,5,E",19320816.0,",4,E",16.0,"4,E,05,",0.0,"5,,E,31,+",43.0,"4,E,16,",,,,,0.0,"5,,,E",2.843,"8,E",3.6590000000000003,"4,,,E",2.0260000000000002,"4,,,E"
AGE00147708,1932-09-01,36.72,4.05,222.0,"TIZI OUZOU, AG",,,202.2,",E",6.0,"1,E",4.0,"1,E",0.0,"1,E",0.0,",E",0.0,",E",0.0,",E",28.0,",E",14.0,",E",19320928.0,"+,,E",19320912.0,",1,E",19320920.0,"+,,E",12.0,",E,28,+",19.0,"1,,E,12,",38.0,",E,20,+",,,2.2,",E",45.5,"1,,,E",2.5,",E",3.127,",,,E",1.873,",,,E"
AGE00147708,1932-10-01,36.72,4.05,222.0,"TIZI OUZOU, AG",,,35.5,"4,E",7.0,"3,E",5.0,"3,E",1.0,"3,E",0.0,"2,E",0.0,"2,E",0.0,"2,E",25.0,"2,E",2.0,"2,E",19321017.0,",2,E",19321015.0,",3,E",19321001.0,",2,E",10.0,"2,E,17,",29.0,"3,,E,15,",35.0,"2,E,01,",,,15.0,"2,E",65.1,"3,,,E",1.924,"4,E",2.4899999999999998,"2,,,E",1.359,"2,,,E"
AGE00147708,1932-12-01,36.72,4.05,222.0,"TIZI OUZOU, AG",,,0.0,",E",8.0,",E",4.0,",E",0.0,",E",0.0,",E",0.0,",E",0.0,",E",1.0,",E",0.0,",E",19321231.0,"+,,E",19321204.0,",,E",19321207.0,",,E",3.0,",E,31,+",16.0,",,E,04,",22.0,",E,07,",,,195.8,",E",57.3,",,,E",1.202,",E",1.6190000000000002,",,,E",0.784,",,,E"
AGE00147708,1933-01-01,36.72,4.05,222.0,"TIZI OUZOU, AG",0.0,E,0.0,"2,E",18.0,"1,E",13.0,"1,E",2.0,"1,E",0.0,"1,E",0.0,"1,E",0.0,"1,E",0.0,"1,E",0.0,"1,E",19330116.0,"+,1,E",19330106.0,",1,E",19330130.0,"+,1,E",1.0,"1,E,16,+",39.0,"1,,E,06,",20.0,"1,E,30,+",,,257.2,"1,E",170.2,"1,,,E",0.9380000000000001,"2,E",1.33,"1,,,E",0.5469999999999999,"1,,,E"
AGE00147708,1933-02-01,36.72,4.05,222.0,"TIZI OUZOU, AG",0.0,E,0.0,",E",9.0,",E",7.0,",E",1.0,",E",0.0,",E",0.0,",E",0.0,",E",5.0,",E",0.0,",E",19330224.0,"+,,E",19330216.0,",,E",19330205.0,",,E",1.0,",E,24,+",27.0,",,E,16,",24.0,",E,05,",,,187.8,",E",99.0,",,,E",1.163,",E",1.6640000000000001,",,,E",0.661,",,,E"
AGE00147708,1933-03-01,36.72,4.05,222.0,"TIZI OUZOU, AG",0.0,E,0.0,",E",10.0,",E",6.0,",E",1.0,",E",0.0,",E",0.0,",E",0.0,",E",5.0,",E",0.0,",E",19330322.0,",,E",19330307.0,",,E",19330304.0,",,E",4.0,",E,22,",44.0,",,E,07,",25.0,",E,04,",,,160.8,",E",94.0,",,,E",1.315,",E",1.816,",,,E",0.8130000000000001,",,,E"
AGE00147708,1933-04-01,36.72,4.05,222.0,"TIZI OUZOU, AG",13.2,E,13.2,"4,E",3.0,"2,E",2.0,"2,E",0.0,"2,E",0.0,"2,E",0.0,"2,E",0.0,"2,E",19.0,"2,E",1.0,"2,E",19330423.0,",2,E",19330417.0,",2,E",19330430.0,",2,E",4.0,"2,E,23,",6.0,"2,,E,17,",34.0,"2,E,30,",,,61.3,"2,E",11.0,"2,,,E",1.639,"4,E",2.304,"2,,,E",0.975,"2,,,E"
AGE00147708,1933-05-01,36.72,4.05,222.0,"TIZI OUZOU, AG",89.4,E,76.2,",E",2.0,"1,E",1.0,"1,E",0.0,"1,E",0.0,",E",0.0,",E",0.0,",E",30.0,",E",3.0,",E",19330527.0,"+,,E",19330502.0,",1,E",19330501.0,",,E",7.0,",E,27,+",4.0,"1,,E,02,",38.0,",E,01,",,,10.0,",E",5.0,"1,,,E",2.0469999999999997,",E",2.826,",,,E",1.268,",,,E"
AGE00147708,1933-06-01,36.72,4.05,222.0,"TIZI OUZOU, AG",204.1,E,114.7,"2,E",2.0,"1,E",1.0,"1,E",0.0,"1,E",0.0,"1,E",0.0,"1,E",0.0,"1,E",29.0,"1,E",5.0,"1,E",19330605.0,",1,E",19330616.0,",1,E",19330630.0,"+,1,E",11.0,"1,E,05,",8.0,"1,,E,16,",37.0,"1,E,30,+",,,0.0,"1,E",10.0,"1,,,E",2.229,"2,E",2.955,"1,,,E",1.503,"1,,,E"
AGE00147708,1933-11-01,36.72,4.05,222.0,"TIZI OUZOU, AG",,,0.0,"4,E",16.0,"2,E",11.0,"2,E",0.0,"2,E",0.0,"2,E",2.0,"2,E",0.0,"2,E",0.0,"2,E",0.0,"2,E",19331108.0,"+,2,E",19331123.0,",2,E",19331119.0,"+,2,E",0.0,"2,E,08,+",24.0,"2,,E,23,",21.0,"2,E,19,+",,,166.7,"2,E",138.3,"2,,,E",1.214,"4,E",1.65,"2,,,E",0.779,"2,,,E"
AGE00147708,1933-12-01,36.72,4.05,222.0,"TIZI OUZOU, AG",,,0.0,",E",15.0,",E",13.0,",E",4.0,",E",0.0,",E",2.0,",E",0.0,",E",0.0,",E",0.0,",E",19331222.0,"+,,E",19331231.0,",,E",19331212.0,",,E",0.0,",E,22,+",49.0,",,E,31,",21.0,",E,12,",,,299.3,",E",227.8,",,,E",0.868,",E",1.213,",,,E",0.523,",,,E"
AGE00147708,1934-01-01,36.72,4.05,222.0,"TIZI OUZOU, AG",0.0,E,0.0,"2,E",20.0,"1,E",13.0,"1,E",3.0,"1,E",0.0,"1,E",0.0,"1,E",0.0,"1,E",0.0,"1,E",0.0,"1,E",19340101.0,",1,E",19340101.0,",1,E",19340119.0,",1,E",1.0,"1,E,01,",53.0,"1,,E,01,",19.0,"1,E,19,",,,275.7,"1,E",208.3,"1,,,E",0.8800000000000001,"2,E",1.2570000000000001,"1,,,E",0.503,"1,,,E"
AGE00147708,1934-02-01,36.72,4.05,222.0,"TIZI OUZOU, AG",0.0,E,0.0,"1,E",10.0,",E",8.0,",E",2.0,",E",0.0,"1,E",1.0,"1,E",0.0,",E",0.0,",E",0.0,",E",19340203.0,",1,E",19340205.0,",,E",19340222.0,"+,,E",-3.0,"1,E,03,",45.0,",,E,05,",21.0,",E,22,+",,,241.0,",E",123.7,",,,E",0.932,"1,E",1.4929999999999999,",,,E",0.37,"1,,,E"
AGE00147708,1934-03-01,36.72,4.05,222.0,"TIZI OUZOU, AG",0.0,E,0.0,"2,E",20.0,",E",15.0,",E",1.0,",E",0.0,"1,E",1.0,"1,E",0.0,"1,E",2.0,"1,E",0.0,"1,E",19340325.0,",1,E",19340325.0,",,E",19340320.0,",1,E",0.0,"1,E,25,",31.0,",,E,25,",24.0,"1,E,20,",,,216.2,"1,E",188.9,",,,E",1.073,"2,E",1.533,"1,,,E",0.613,"1,,,E"
AGE00147708,1934-04-01,36.72,4.05,222.0,"TIZI OUZOU, AG",1.8,E,1.8,",E",12.0,",E",5.0,",E",1.0,",E",0.0,",E",0.0,",E",0.0,",E",14.0,",E",0.0,",E",19340425.0,"+,,E",19340404.0,",,E",19340417.0,",,E",7.0,",E,25,+",42.0,",,E,04,",29.0,",E,17,",,,94.8,",E",94.2,",,,E",1.5230000000000001,",E",2.077,",,,E",0.97,",,,E"
AGE00147708,1934-05-01,36.72,4.05,222.0,"TIZI OUZOU, AG",58.3,E,56.5,"3,E",8.0,"2,E",4.0,"2,E",1.0,"2,E",0.0,"2,E",0.0,"2,E",0.0,"2,E",24.0,"2,E",2.0,"2,E",19340501.0,",2,E",19340502.0,",2,E",19340530.0,"+,2,E",7.0,"2,E,01,",27.0,"2,,E,02,",33.0,"2,E,30,+",,,31.3,"2,E",69.5,"2,,,E",1.924,"3,E",2.548,"2,,,E",1.3,"2,,,E"
AGE00147708,1934-06-01,36.72,4.05,222.0,"TIZI OUZOU, AG",237.1,E,178.8,",E",4.0,",E",1.0,",E",0.0,",E",0.0,",E",0.0,",E",0.0,",E",29.0,",E",11.0,",E",19340607.0,",,E",19340608.0,",,E",19340603.0,",,E",12.0,",E,07,",7.0,",,E,08,",39.0,",E,03,",,,0.8,",E",9.5,",,,E",2.427,",E",3.133,",,,E",1.72,",,,E"
AGE00147708,1934-07-01,36.72,4.05,222.0,"TIZI OUZOU, AG",506.9,E,269.8,"2,E",1.0,"1,E",0.0,"1,E",0.0,"1,E",0.0,"1,E",0.0,"1,E",0.0,"1,E",30.0,"1,E",27.0,"1,E",19340701.0,",1,E",19340724.0,",1,E",19340719.0,",1,E",14.0,"1,E,01,",2.0,"1,,E,24,",44.0,"1,E,19,",0.0,E,0.0,"1,E",2.0,"1,,,E",2.775,"2,E",3.62,"1,,,E",1.9300000000000002,"1,,,E"
AGE00147708,1934-08-01,36.72,4.05,222.0,"TIZI OUZOU, AG",735.7,E,228.8,"2,E",5.0,"1,E",5.0,"1,E",1.0,"1,E",0.0,"1,E",0.0,"1,E",0.0,"1,E",30.0,"1,E",15.0,"1,E",19340828.0,",1,E",19340809.0,",1,E",19340803.0,"+,1,E",16.0,"1,E,28,",28.0,"1,,E,09,",38.0,"1,E,03,+",0.0,E,0.0,"1,E",56.0,"1,,,E",2.625,"2,E",3.28,"1,,,E",1.97,"1,,,E"
AGE00147708,1934-09-01,36.72,4.05,222.0,"TIZI OUZOU, AG",927.7,E,192.0,",E",7.0,",E",6.0,",E",1.0,",E",0.0,",E",0.0,",E",0.0,",E",30.0,",E",9.0,",E",19340922.0,",,E",19340920.0,",,E",19340908.0,"+,,E",14.0,",E,22,",39.0,",,E,20,",40.0,",E,08,+",0.0,E,0.0,",E",101.0,",,,E",2.473,",E",3.153,",,,E",1.793,",,,E"
AGE00147708,1934-11-01,36.72,4.05,222.0,"TIZI OUZOU, AG",,,9.3,"2,E",10.0,"1,E",6.0,"1,E",0.0,"1,E",0.0,"1,E",0.0,"1,E",0.0,"1,E",8.0,"1,E",0.0,"1,E",19341130.0,",1,E",19341125.0,",1,E",19341104.0,",1,E",4.0,"1,E,30,",14.0,"1,,E,25,",27.0,"1,E,04,",,,116.2,"1,E",57.0,"1,,,E",1.436,"2,E",1.866,"1,,,E",1.0070000000000001,"1,,,E"
AGE00147708,1934-12-01,36.72,4.05,222.0,"TIZI OUZOU, AG",,,0.0,",E",13.0,",E",9.0,",E",1.0,",E",0.0,",E",0.0,",E",0.0,",E",1.0,",E",0.0,",E",19341228.0,",,E",19341224.0,",,E",19341207.0,",,E",3.0,",E,28,",32.0,",,E,24,",22.0,",E,07,",,,183.8,",E",100.8,",,,E",1.24,",E",1.674,",,,E",0.806,",,,E"
AGE00147708,1935-03-01,36.72,4.05,222.0,"TIZI OUZOU, AG",,,0.0,"4,E",7.0,"2,E",6.0,"2,E",3.0,"2,E",0.0,"2,E",0.0,"2,E",0.0,"2,E",3.0,"2,E",0.0,"2,E",19350308.0,",2,E",19350316.0,",2,E",19350329.0,"+,2,E",2.0,"2,E,08,",32.0,"2,,E,16,",22.0,"2,E,29,+",,,161.5,"2,E",119.0,"2,,,E",1.236,"4,E",1.7449999999999999,"2,,,E",0.728,"2,,,E"
AGE00147708,1935-04-01,36.72,4.05,222.0,"TIZI OUZOU, AG",,,11.3,"2,E",8.0,"1,E",3.0,"1,E",2.0,"1,E",0.0,"1,E",0.0,"1,E",0.0,"1,E",17.0,"1,E",0.0,"1,E",19350401.0,",1,E",19350429.0,",1,E",19350411.0,"+,1,E",3.0,"1,E,01,",34.0,"1,,E,29,",31.0,"1,E,11,+",,,89.7,"1,E",82.0,"1,,,E",1.564,"2,E",2.245,"1,,,E",0.883,"1,,,E"
AGE00147708,1935-05-01,36.72,4.05,222.0,"TIZI OUZOU, AG",,,12.7,",E",13.0,",E",9.0,",E",0.0,",E",0.0,",E",0.0,",E",0.0,",E",16.0,",E",0.0,",E",19350518.0,"+,,E",19350523.0,"+,,E",19350515.0,"+,,E",7.0,",E,18,+",18.0,",,E,23,+",29.0,",E,15,+",,,53.5,",E",93.0,",,,E",1.702,",E",2.229,",,,E",1.174,",,,E"
AGE00147708,1935-07-01,36.72,4.05,222.0,"TIZI OUZOU, AG",,,305.2,",E",0.0,",E",0.0,",E",0.0,",E",0.0,",E",0.0,",E",0.0,",E",31.0,",E",26.0,",E",19350706.0,",,E",19350731.0,"+,,E",19350719.0,",,E",15.0,",E,06,",0.0,",,E,31,+",42.0,",E,19,",0.0,E,0.0,",E",0.0,",,,E",2.818,",E",3.6390000000000002,",,,E",1.9969999999999999,",,,E"
AGE00147708,1935-08-01,36.72,4.05,222.0,"TIZI OUZOU, AG",,,310.7,",E",4.0,",E",2.0,",E",0.0,",E",0.0,",E",0.0,",E",0.0,",E",31.0,",E",26.0,",E",19350828.0,",,E",19350806.0,",,E",19350808.0,",,E",16.0,",E,28,",6.0,",,E,06,",44.0,",E,08,",0.0,E,0.0,",E",12.0,",,,E",2.835,",E",3.603,",,,E",2.068,",,,E"
AGE00147708,1935-09-01,36.72,4.05,222.0,"TIZI OUZOU, AG",,,219.0,"3,E",2.0,"1,E",1.0,"1,E",0.0,"1,E",0.0,"2,E",0.0,"2,E",0.0,"1,E",29.0,"1,E",21.0,"1,E",19350914.0,",2,E",19350912.0,",1,E",19350902.0,",1,E",12.0,"2,E,14,",6.0,"1,,E,12,",44.0,"1,E,02,",0.0,E,0.0,"1,E",7.0,"1,,,E",2.6390000000000002,"3,E",3.441,"1,,,E",1.8359999999999999,"2,,,E"
AGE00147708,1935-10-01,36.72,4.05,222.0,"TIZI OUZOU, AG",,,51.7,",E",17.0,",E",14.0,",E",2.0,",E",0.0,",E",0.0,",E",0.0,",E",17.0,",E",3.0,",E",19351023.0,",,E",19351021.0,",,E",19351004.0,",,E",6.0,",E,23,",30.0,",,E,21,",39.0,",E,04,",55.5,E,55.5,",E",164.0,",,,E",1.8210000000000002,",E",2.242,",,,E",1.4,",,,E"
AGE00147708,1935-11-01,36.72,4.05,222.0,"TIZI OUZOU, AG",,,1.8,"2,E",12.0,"1,E",9.0,"1,E",3.0,"1,E",0.0,"1,E",0.0,"1,E",0.0,"1,E",5.0,"1,E",0.0,"1,E",19351130.0,",1,E",19351122.0,",1,E",19351104.0,"+,1,E",5.0,"1,E,30,",42.0,"1,,E,22,",26.0,"1,E,04,+",177.2,E,121.7,"1,E",187.0,"1,,,E",1.419,"2,E",1.8719999999999999,"1,,,E",0.966,"1,,,E"
AGE00147708,1935-12-01,36.72,4.05,222.0,"TIZI OUZOU, AG",,,0.0,",E",13.0,",E",10.0,",E",0.0,",E",0.0,",E",1.0,",E",0.0,",E",1.0,",E",0.0,",E",19351212.0,",,E",19351229.0,",,E",19351202.0,",,E",-4.0,",E,12,",19.0,",,E,29,",23.0,",E,02,",391.0,E,213.8,",E",87.0,",,,E",1.144,",E",1.587,",,,E",0.7,",,,E"
AGE00147708,1936-01-01,36.72,4.05,222.0,"TIZI OUZOU, AG",0.0,E,0.0,"2,E",7.0,"1,E",6.0,"1,E",0.0,"1,E",0.0,"1,E",0.0,"1,E",0.0,"1,E",1.0,"1,E",0.0,"1,E",19360115.0,"+,1,E",19360107.0,",1,E",19360124.0,",1,E",4.0,"1,E,15,+",17.0,"1,,E,07,",24.0,"1,E,24,",566.7,E,175.7,"1,E",66.0,"1,,,E",1.232,"2,E",1.703,"1,,,E",0.76,"1,,,E"
AGE00147708,1936-02-01,36.72,4.05,222.0,"TIZI OUZOU, AG",2.2,E,2.2,",E",12.0,",E",9.0,",E",0.0,",E",0.0,",E",0.0,",E",0.0,",E",8.0,",E",0.0,",E",19360206.0,",,E",19360228.0,",,E",19360214.0,",,E",1.0,",E,06,",22.0,",,E,28,",26.0,",E,14,",713.5,E,146.8,",E",90.0,",,,E",1.334,",E",1.841,",,,E",0.828,",,,E"
AGE00147708,1936-03-01,36.72,4.05,222.0,"TIZI OUZOU, AG",2.4,E,0.2,",E",11.0,",E",9.0,",E",2.0,",E",0.0,",E",0.0,",E",0.0,",E",9.0,",E",0.0,",E",19360308.0,"+,,E",19360312.0,",,E",19360331.0,"+,,E",4.0,",E,08,+",29.0,",,E,12,",24.0,",E,31,+",856.5,E,143.0,",E",101.0,",,,E",1.373,",E",1.923,",,,E",0.8230000000000001,",,,E"
AGE00147708,1936-04-01,36.72,4.05,222.0,"TIZI OUZOU, AG",13.4,E,11.0,"5,E",12.0,"3,E",11.0,"3,E",1.0,"3,E",0.0,"3,E",0.0,"3,E",0.0,"3,E",13.0,"3,E",1.0,"3,E",19360430.0,"+,3,E",19360420.0,",3,E",19360406.0,",3,E",4.0,"3,E,30,+",26.0,"3,,E,20,",35.0,"3,E,06,",927.3,E,70.8,"3,E",123.2,"3,,,E",1.585,"5,E",2.159,"3,,,E",1.011,"3,,,E"
AGE00147708,1936-05-01,36.72,4.05,222.0,"TIZI OUZOU, AG",15.9,E,2.5,"3,E",13.0,",E",12.0,",E",0.0,",E",0.0,"2,E",0.0,"2,E",0.0,"1,E",13.0,"1,E",0.0,"1,E",19360508.0,",2,E",19360522.0,",,E",19360504.0,",1,E",4.0,"2,E,08,",25.0,",,E,22,",30.0,"1,E,04,",1010.6,E,83.3,"1,E",135.9,",,,E",1.542,"3,E",2.05,"1,,,E",1.034,"2,,,E"
AGE00147708,1936-06-01,36.72,4.05,222.0,"TIZI OUZOU, AG",104.7,E,88.8,",E",6.0,"3,E",5.0,"3,E",0.0,"3,E",0.0,",E",0.0,",E",0.0,",E",28.0,",E",4.0,",E",19360617.0,",,E",19360608.0,",3,E",19360629.0,",,E",9.0,",E,17,",8.1,"3,,E,08,",37.0,",E,29,",1016.9,E,6.3,",E",21.6,"3,,,E",2.1079999999999997,",E",2.757,",,,E",1.46,",,,E"
AGE00147708,1936-07-01,36.72,4.05,222.0,"TIZI OUZOU, AG",339.4,E,234.7,"3,E",0.0,"2,E",0.0,"2,E",0.0,"2,E",0.0,"1,E",0.0,"1,E",0.0,"2,E",29.0,"2,E",20.0,"2,E",19360704.0,",1,E",19360731.0,"+,2,E",19360726.0,"+,2,E",15.0,"1,E,04,",0.0,"2,,E,31,+",40.0,"2,E,26,+",0.0,E,0.0,"2,E",0.0,"2,,,E",2.674,"3,E",3.431,"2,,,E",1.9170000000000003,"1,,,E"
AGE00147708,1936-11-01,36.72,4.05,222.0,"TIZI OUZOU, AG",,,,,10.0,"5,E",5.0,"5,E",0.0,"5,E",0.0,"4,E",0.0,"4,E",0.0,"4,E",2.0,"4,E",0.0,"4,E",19361126.0,"+,4,E",19361129.0,",5,E",19361108.0,",4,E",5.0,"4,E,26,+",24.0,"5,,E,29,",23.0,"4,E,08,",,,,,72.2,"5,,,E",1.279,"7,E",1.762,"4,,,E",0.796,"4,,,E"
AGE00147708,1936-12-01,36.72,4.05,222.0,"TIZI OUZOU, AG",,,,,9.0,"4,E",7.0,"4,E",2.0,"4,E",0.0,"4,E",0.0,"4,E",0.0,"5,E",0.0,"5,E",0.0,"5,E",19361211.0,"+,4,E",19361209.0,",4,E",19361229.0,",5,E",1.0,"4,E,11,+",88.0,"4,,E,09,",17.0,"5,E,29,",,,,,174.6,"4,,,E",0.899,"6,E",1.346,"5,,,E",0.45199999999999996,"4,,,E"
AGE00147708,1937-05-01,36.72,4.05,222.0,"TIZI OUZOU, AG",,,40.8,",E",1.0,",E",1.0,",E",0.0,",E",0.0,",E",0.0,",E",0.0,",E",24.0,",E",1.0,",E",19370508.0,"+,,E",19370503.0,",,E",19370531.0,",,E",8.0,",E,08,+",5.0,",,E,03,",36.0,",E,31,",,,34.7,",E",5.0,",,,E",1.8530000000000002,",E",2.516,",,,E",1.19,",,,E"
AGE00147708,1937-06-01,36.72,4.05,222.0,"TIZI OUZOU, AG",,,,,1.0,"3,E",1.0,"3,E",0.0,"3,E",0.0,"3,E",0.0,"3,E",0.0,"3,E",26.0,"3,E",8.0,"3,E",19370630.0,"+,3,E",19370628.0,",3,E",19370623.0,",3,E",13.0,"3,E,30,+",4.0,"3,,E,28,",37.0,"3,E,23,",,,,,4.0,"3,,,E",2.287,"6,E",2.948,"3,,,E",1.6260000000000001,"3,,,E"
AGE00147708,1937-07-01,36.72,4.05,222.0,"TIZI OUZOU, AG",,,260.8,"2,E",0.0,"1,E",0.0,"1,E",0.0,"1,E",0.0,"1,E",0.0,"1,E",0.0,"1,E",30.0,"1,E",24.0,"1,E",19370709.0,"+,1,E",19370731.0,"+,1,E",19370730.0,",1,E",13.0,"1,E,09,+",0.0,"1,,E,31,+",46.0,"1,E,30,",0.0,E,0.0,"1,E",0.0,"1,,,E",2.732,"2,E",3.5700000000000003,"1,,,E",1.893,"1,,,E"
AGE00147708,1937-08-01,36.72,4.05,222.0,"TIZI OUZOU, AG",,,294.2,"3,E",2.0,"1,E",1.0,"1,E",0.0,"1,E",0.0,"2,E",0.0,"2,E",0.0,"1,E",30.0,"1,E",28.0,"1,E",19370831.0,"+,2,E",19370827.0,",1,E",19370808.0,",1,E",17.0,"2,E,31,+",9.0,"1,,E,27,",44.0,"1,E,08,",0.0,E,0.0,"1,E",10.3,"1,,,E",2.888,"3,E",3.707,"1,,,E",2.069,"2,,,E"
AGE00147708,1937-10-01,36.72,4.05,222.0,"TIZI OUZOU, AG",,,,,3.0,"4,E",3.0,"4,E",0.0,"4,E",0.0,"4,E",0.0,"4,E",0.0,"4,E",25.0,"4,E",2.0,"4,E",19371020.0,",4,E",19371011.0,",4,E",19371001.0,",4,E",9.0,"4,E,20,",25.0,"4,,E,11,",36.0,"4,E,01,",,,,,35.0,"4,,,E",1.967,"7,E",2.593,"4,,,E",1.341,"4,,,E"
AGE00147708,1937-11-01,36.72,4.05,222.0,"TIZI OUZOU, AG",,,9.0,"1,E",6.0,",E",4.0,",E",1.0,",E",0.0,"1,E",0.0,"1,E",0.0,",E",15.0,",E",0.0,",E",19371130.0,",1,E",19371103.0,",,E",19371124.0,"+,,E",6.0,"1,E,30,",48.0,",,E,03,",28.0,",E,24,+",,,70.2,",E",76.0,",,,E",1.6280000000000001,"1,E",2.157,",,,E",1.1,"1,,,E"
AGE00147708,1938-02-01,36.72,4.05,222.0,"TIZI OUZOU, AG",,,0.0,"4,E",12.0,"2,E",8.0,"2,E",0.0,"2,E",0.0,"2,E",3.0,"2,E",0.0,"2,E",0.0,"2,E",0.0,"2,E",19380217.0,"+,2,E",19380211.0,",2,E",19380209.0,",2,E",0.0,"2,E,17,+",21.0,"2,,E,11,",19.0,"2,E,09,",,,242.0,"2,E",65.0,"2,,,E",0.8230000000000001,"4,E",1.296,"2,,,E",0.35,"2,,,E"
AGE00147708,1938-03-01,36.72,4.05,222.0,"TIZI OUZOU, AG",,,0.0,"4,E",1.0,"3,E",1.0,"3,E",0.0,"3,E",0.0,"2,E",0.0,"2,E",0.0,"2,E",5.0,"2,E",0.0,"2,E",19380317.0,"+,2,E",19380323.0,",3,E",19380322.0,",2,E",1.0,"2,E,17,+",15.0,"3,,E,23,",25.0,"2,E,22,",,,170.0,"2,E",15.0,"3,,,E",1.202,"4,E",1.9140000000000001,"2,,,E",0.49000000000000005,"2,,,E"
AGE00147708,1938-05-01,36.72,4.05,222.0,"TIZI OUZOU, AG",,,,,8.0,"3,E",8.0,"3,E",1.0,"3,E",0.0,"3,E",0.0,"3,E",0.0,"3,E",18.0,"3,E",0.0,"3,E",19380505.0,",3,E",19380508.0,",3,E",19380530.0,",3,E",1.0,"3,E,05,",28.0,"3,,E,08,",32.0,"3,E,30,",,,,,78.5,"3,,,E",1.7109999999999999,"6,E",2.371,"3,,,E",1.05,"3,,,E"
AGE00147708,1938-06-01,36.72,4.05,222.0,"TIZI OUZOU, AG",,,224.3,",E",2.0,",E",1.0,",E",0.0,",E",0.0,",E",0.0,",E",0.0,",E",30.0,",E",22.0,",E",19380619.0,"+,,E",19380604.0,",,E",19380624.0,",,E",10.0,",E,19,+",12.0,",,E,04,",41.0,",E,24,",,,0.3,",E",13.0,",,,E",2.58,",E",3.457,",,,E",1.703,",,,E"
AGE00147708,1938-07-01,36.72,4.05,222.0,"TIZI OUZOU, AG",,,293.2,",E",0.0,"1,E",0.0,"1,E",0.0,"1,E",0.0,",E",0.0,",E",0.0,",E",31.0,",E",28.0,",E",19380704.0,",,E",19380731.0,"+,1,E",19380708.0,",,E",8.0,",E,04,",0.0,"1,,E,31,+",42.0,",E,08,",0.0,E,0.0,",E",0.0,"1,,,E",2.779,",E",3.6390000000000002,",,,E",1.919,",,,E"
AGE00147708,1938-08-01,36.72,4.05,222.0,"TIZI OUZOU, AG",,,294.2,",E",1.0,",E",1.0,",E",0.0,",E",0.0,",E",0.0,",E",0.0,",E",31.0,",E",24.0,",E",19380831.0,",,E",19380829.0,",,E",19380818.0,",,E",13.0,",E,31,",4.0,",,E,29,",43.0,",E,18,",0.0,E,0.0,",E",4.0,",,,E",2.782,",E",3.532,",,,E",2.032,",,,E"
AGE00147708,1938-09-01,36.72,4.05,222.0,"TIZI OUZOU, AG",,,151.0,"2,E",4.0,"2,E",4.0,"2,E",0.0,"2,E",0.0,"1,E",0.0,"1,E",0.0,"1,E",28.0,"1,E",8.0,"1,E",19380919.0,"+,1,E",19380909.0,",2,E",19380918.0,"+,1,E",9.0,"1,E,19,+",23.0,"2,,E,09,",39.0,"1,E,18,+",0.8,E,0.8,"1,E",45.0,"2,,,E",2.372,"2,E",3.1239999999999997,"1,,,E",1.621,"1,,,E"
AGE00147708,1938-10-01,36.72,4.05,222.0,"TIZI OUZOU, AG",,,76.3,",E",8.0,"1,E",5.0,"1,E",0.0,"1,E",0.0,",E",0.0,",E",0.0,",E",26.0,",E",1.0,",E",19381030.0,",,E",19381029.0,",1,E",19381010.0,",,E",8.0,",E,30,",19.0,"1,,E,29,",33.0,",E,10,",19.0,E,18.2,",E",55.0,"1,,,E",2.021,",E",2.632,",,,E",1.41,",,,E"
AGE00147708,2001-07-01,36.72,4.05,222.0,"TIZI OUZOU, AG",,,,,,,,,,,0.0,"5,S",0.0,"5,S",0.0,"4,S",27.0,"4,S",21.0,"4,S",20010720.0,",5,S",,,20010723.0,",4,S",16.0,"5,S,20,",,,42.6,"4,S,23,",,,,,,,2.867,"7,S",3.5909999999999997,"4,,,S",2.1420000000000003,"5,,,S"
AGE00147708,2001-12-01,36.72,4.05,222.0,"TIZI OUZOU, AG",,,0.0,"5,S",,,,,,,0.0,"4,S",0.0,"4,S",0.0,"2,S",0.0,"2,S",0.0,"2,S",20011224.0,",4,S",,,20011231.0,"+,2,S",0.7,"4,S,24,",,,19.0,"2,S,31,+",,,217.1,"2,S",,,0.993,"5,S",1.44,"2,,,S",0.545,"4,,,S"
AGE00147708,2002-01-01,36.72,4.05,222.0,"TIZI OUZOU, AG",,,,,,,,,,,0.0,"4,S",0.0,"4,S",0.0,"4,S",0.0,"4,S",0.0,"4,S",20020117.0,",4,S",,,20020130.0,",4,S",0.6,"4,S,17,",,,20.6,"4,S,30,",,,,,,,1.0539999999999998,"7,S",1.551,"4,,,S",0.557,"4,,,S"
AGE00147708,2002-03-01,36.72,4.05,222.0,"TIZI OUZOU, AG",,,,,,,,,,,0.0,"4,S",0.0,"4,S",0.0,"4,S",9.0,"4,S",0.0,"4,S",20020326.0,",4,S",,,20020313.0,",4,S",4.6,"4,S,26,",,,26.6,"4,S,13,",,,,,,,1.436,"8,S",1.9789999999999999,"4,,,S",0.893,"4,,,S"
AGE00147708,2002-06-01,36.72,4.05,222.0,"TIZI OUZOU, AG",,,,,,,,,,,0.0,"4,S",0.0,"4,S",0.0,"4,S",26.0,"4,S",17.0,"4,S",20020610.0,",4,S",,,20020627.0,",4,S",12.7,"4,S,10,",,,42.5,"4,S,27,",,,,,,,2.62,"8,S",3.303,"4,,,S",1.938,"4,,,S"
AGE00147708,2002-09-01,36.72,4.05,222.0,"TIZI OUZOU, AG",,,,,,,,,,,0.0,"5,S",0.0,"5,S",0.0,"3,S",27.0,"3,S",8.0,"3,S",20020928.0,",5,S",,,20020917.0,",3,S",12.4,"5,S,28,",,,36.1,"3,S,17,",,,,,,,2.433,"7,S",2.996,"3,,,S",1.8699999999999999,"5,,,S"
AGE00147708,2002-10-01,36.72,4.05,222.0,"TIZI OUZOU, AG",,,86.5,"4,S",,,,,,,0.0,"2,S",0.0,"2,S",0.0,"3,S",26.0,"3,S",2.0,"3,S",20021029.0,",2,S",,,20021020.0,",3,S",11.4,"2,S,29,",,,34.6,"3,S,20,",,,3.3,"3,S",,,2.132,"4,S",2.748,"3,,,S",1.5150000000000001,"2,,,S"
AGE00147708,2003-07-01,36.72,4.05,222.0,"TIZI OUZOU, AG",,,,,,,,,,,0.0,"5,S",0.0,"5,S",0.0,"3,S",28.0,"3,S",27.0,"3,S",20030708.0,",5,S",,,20030715.0,",3,S",20.4,"5,S,08,",,,45.0,"3,S,15,",,,,,,,3.0829999999999997,"7,S",3.776,"3,,,S",2.391,"5,,,S"
AGE00147708,2003-10-01,36.72,4.05,222.0,"TIZI OUZOU, AG",,,,,14.0,",S",8.0,",S",0.0,",S",0.0,"5,S",0.0,"5,S",0.0,"2,S",26.0,"2,S",3.0,"2,S",20031025.0,",5,S",20031015.0,",,S",20031001.0,",2,S",10.2,"5,S,25,",22.1,",,S,15,",37.7,"2,S,01,",,,,,67.0,",,,S",2.147,"7,S",2.685,"2,,,S",1.61,"5,,,S"
AGE00147708,2004-06-01,36.72,4.05,222.0,"TIZI OUZOU, AG",,,180.8,"2,S",2.0,"2,S",0.0,"2,S",0.0,"2,S",0.0,"2,S",0.0,"2,S",0.0,",S",30.0,",S",14.0,",S",20040605.0,",2,S",20040614.0,",2,S",20040627.0,",,S",13.5,"2,S,05,",2.0,"2,,S,14,",40.3,",S,27,",,,0.0,",S",2.5,"2,,,S",2.464,"2,S",3.182,",,,S",1.746,"2,,,S"
AGE00147708,2004-07-01,36.72,4.05,222.0,"TIZI OUZOU, AG",,,270.9,"3,S",0.0,"1,S",0.0,"1,S",0.0,"1,S",0.0,"3,S",0.0,"3,S",0.0,"1,S",30.0,"1,S",22.0,"1,S",20040715.0,"+,3,S",20040731.0,"+,1,S",20040722.0,",1,S",16.0,"3,S,15,+",0.0,"1,,S,31,+",43.0,"1,S,22,",0.0,S,0.0,"1,S",0.0,"1,,,S",2.795,"3,S",3.508,"1,,,S",2.081,"3,,,S"
AGE00147708,2004-08-01,36.72,4.05,222.0,"TIZI OUZOU, AG",,,318.5,"3,S",1.0,"1,S",1.0,"1,S",0.0,"1,S",0.0,"2,S",0.0,"2,S",0.0,"2,S",29.0,"2,S",29.0,"2,S",20040805.0,",2,S",20040829.0,",1,S",20040824.0,",2,S",17.0,"2,S,05,",9.9,"1,,S,29,",44.4,"2,S,24,",0.0,S,0.0,"2,S",9.9,"1,,,S",2.973,"3,S",3.686,"2,,,S",2.259,"2,,,S"
AGE00147708,2004-09-01,36.72,4.05,222.0,"TIZI OUZOU, AG",,,,,9.0,",S",4.0,",S",0.0,",S",0.0,"3,S",0.0,"3,S",0.0,"3,S",27.0,"3,S",15.0,"3,S",20040928.0,"+,3,S",20040914.0,",,S",20040905.0,",3,S",13.5,"3,S,28,+",13.0,",,S,14,",40.0,"3,S,05,",,,,,33.0,",,,S",2.633,"6,S",3.3,"3,,,S",1.966,"3,,,S"
AGE00147708,2004-10-01,36.72,4.05,222.0,"TIZI OUZOU, AG",,,,,5.0,"1,S",3.0,"1,S",0.0,"1,S",0.0,"5,S",0.0,"5,S",0.0,"3,S",26.0,"3,S",14.0,"3,S",20041031.0,"+,5,S",20041031.0,",1,S",20041008.0,",3,S",11.5,"5,S,31,+",20.1,"1,,S,31,",38.0,"3,S,08,",,,,,37.6,"1,,,S",2.368,"7,S",3.028,"3,,,S",1.707,"5,,,S"
AGE00147708,2004-11-01,36.72,4.05,222.0,"TIZI OUZOU, AG",,,0.3,"4,S",11.0,",S",8.0,",S",1.0,",S",0.0,"3,S",0.0,"3,S",0.0,"1,S",11.0,"1,S",0.0,"1,S",20041119.0,",3,S",20041114.0,",,S",20041106.0,"+,1,S",6.4,"3,S,19,",35.1,",,S,14,",24.0,"1,S,06,+",,,99.7,"1,S",93.8,",,,S",1.4380000000000002,"4,S",1.922,"1,,,S",0.9550000000000001,"3,,,S"
AGE00147708,2005-01-01,36.72,4.05,222.0,"TIZI OUZOU, AG",0.0,S,0.0,"4,S",11.0,"1,S",10.0,"1,S",0.0,"1,S",0.0,"4,S",2.0,"4,S",0.0,"1,S",0.0,"1,S",0.0,"1,S",20050127.0,",4,S",20050125.0,",1,S",20050122.0,"+,1,S",-3.0,"4,S,27,",23.1,"1,,S,25,",18.5,"1,S,22,+",,,258.7,"1,S",122.2,"1,,,S",0.8480000000000001,"4,S",1.3279999999999998,"1,,,S",0.367,"4,,,S"
AGE00147708,2005-03-01,36.72,4.05,222.0,"TIZI OUZOU, AG",,,,,7.0,"2,S",6.0,"2,S",0.0,"2,S",0.0,"4,S",0.0,"4,S",0.0,"2,S",11.0,"2,S",0.0,"2,S",20050309.0,",4,S",20050301.0,",2,S",20050325.0,",2,S",1.5,"4,S,09,",15.0,"2,,S,01,",31.9,"2,S,25,",,,,,38.3,"2,,,S",1.378,"6,S",1.8940000000000001,"2,,,S",0.861,"4,,,S"
AGE00147708,2005-04-01,36.72,4.05,222.0,"TIZI OUZOU, AG",,,,,7.0,"1,S",3.0,"1,S",1.0,"1,S",0.0,"5,S",0.0,"5,S",0.0,"2,S",14.0,"2,S",0.0,"2,S",20050410.0,",5,S",20050411.0,",1,S",20050423.0,",2,S",5.0,"5,S,10,",33.0,"1,,S,11,",30.1,"2,S,23,",,,,,52.8,"1,,,S",1.599,"6,S",2.1510000000000002,"2,,,S",1.048,"5,,,S"
AGE00147708,2005-05-01,36.72,4.05,222.0,"TIZI OUZOU, AG",,,87.2,"4,S",2.0,",S",0.0,",S",0.0,",S",0.0,"3,S",0.0,"3,S",0.0,"1,S",29.0,"1,S",3.0,"1,S",20050507.0,",3,S",20050506.0,",,S",20050529.0,",1,S",9.7,"3,S,07,",1.0,",,S,06,",34.6,"1,S,29,",,,1.3,"1,S",1.5,",,,S",2.1239999999999997,"4,S",2.8129999999999997,"1,,,S",1.435,"3,,,S"
AGE00147708,2005-06-01,36.72,4.05,222.0,"TIZI OUZOU, AG",,,222.8,"1,S",0.0,"1,S",0.0,"1,S",0.0,"1,S",0.0,"1,S",0.0,"1,S",0.0,",S",30.0,",S",15.0,",S",20050609.0,",1,S",20050630.0,"+,1,S",20050627.0,",,S",13.5,"1,S,09,",0.0,"1,,S,30,+",42.0,",S,27,",,,0.0,",S",0.0,"1,,,S",2.592,"1,S",3.2969999999999997,",,,S",1.887,"1,,,S"
AGE00147708,2005-07-01,36.72,4.05,222.0,"TIZI OUZOU, AG",,,,,1.0,"2,S",0.0,"2,S",0.0,"2,S",0.0,"4,S",0.0,"4,S",0.0,"4,S",27.0,"4,S",23.0,"4,S",20050712.0,",4,S",20050709.0,",2,S",20050716.0,",4,S",17.0,"4,S,12,",0.5,"2,,S,09,",44.4,"4,S,16,",,,,,0.5,"2,,,S",2.9379999999999997,"8,S",3.686,"4,,,S",2.19,"4,,,S"
AGE00147708,2005-09-01,36.72,4.05,222.0,"TIZI OUZOU, AG",,,154.1,"4,S",6.0,",S",3.0,",S",0.0,",S",0.0,"3,S",0.0,"3,S",0.0,"1,S",29.0,"1,S",7.0,"1,S",20050923.0,",3,S",20050908.0,",,S",20050902.0,",1,S",13.5,"3,S,23,",7.1,",,S,08,",39.5,"1,S,02,",,,0.0,"1,S",22.3,",,,S",2.43,"4,S",3.097,"1,,,S",1.764,"3,,,S"
AGE00147708,2005-10-01,36.72,4.05,222.0,"TIZI OUZOU, AG",,,93.8,"5,S",6.0,"1,S",4.0,"1,S",0.0,"1,S",0.0,"5,S",0.0,"5,S",0.0,",S",30.0,",S",3.0,",S",20051006.0,",5,S",20051014.0,",1,S",20051030.0,",,S",11.5,"5,S,06,",23.1,"1,,S,14,",34.5,",S,30,",,,0.0,",S",52.6,"1,,,S",2.161,"5,S",2.774,",,,S",1.5470000000000002,"5,,,S"
AGE00147708,2006-02-01,36.72,4.05,222.0,"TIZI OUZOU, AG",,,0.0,"4,S",14.0,"1,S",10.0,"1,S",2.0,"1,S",0.0,"4,S",0.0,"4,S",0.0,"1,S",1.0,"1,S",0.0,"1,S",20060223.0,",4,S",20060206.0,",1,S",20060216.0,",1,S",0.6,"4,S,23,",42.9,"1,,S,06,",21.6,"1,S,16,",,,178.9,"1,S",181.9,"1,,,S",1.077,"4,S",1.548,"1,,,S",0.606,"4,,,S"
AGE00147708,2006-03-01,36.72,4.05,222.0,"TIZI OUZOU, AG",,,8.3,"4,S",4.0,",S",3.0,",S",0.0,",S",0.0,"4,S",0.0,"4,S",0.0,",S",14.0,",S",0.0,",S",20060307.0,"+,4,S",20060306.0,",,S",20060327.0,",,S",4.5,"4,S,07,+",22.1,",,S,06,",30.5,",S,27,",,,99.3,",S",33.3,",,,S",1.484,"4,S",2.071,",,,S",0.897,"4,,,S"
AGE00147708,2006-05-01,36.72,4.05,222.0,"TIZI OUZOU, AG",,,,,4.0,"2,S",3.0,"2,S",1.0,"2,S",0.0,"4,S",0.0,"4,S",0.0,"2,S",27.0,"2,S",8.0,"2,S",20060501.0,",4,S",20060504.0,",2,S",20060518.0,",2,S",11.0,"4,S,01,",49.0,"2,,S,04,",39.0,"2,S,18,",,,,,77.5,"2,,,S",2.285,"6,S",2.884,"2,,,S",1.686,"4,,,S"
AGE00147708,2006-06-01,36.72,4.05,222.0,"TIZI OUZOU, AG",,,184.0,"3,S",3.0,"1,S",1.0,"1,S",0.0,"1,S",0.0,"3,S",0.0,"3,S",0.0,",S",30.0,",S",16.0,",S",20060602.0,",3,S",20060617.0,",1,S",20060615.0,",,S",8.2,"3,S,02,",3.0,"1,,S,17,",40.0,",S,15,",,,3.2,",S",5.5,"1,,,S",2.5140000000000002,"3,S",3.228,",,,S",1.8,"3,,,S"
AGE00147708,2006-07-01,36.72,4.05,222.0,"TIZI OUZOU, AG",,,322.7,"2,S",1.0,"1,S",0.0,"1,S",0.0,"1,S",0.0,"2,S",0.0,"2,S",0.0,",S",31.0,",S",31.0,",S",20060712.0,"+,2,S",20060707.0,",1,S",20060731.0,",,S",19.0,"2,S,12,+",1.0,"1,,S,07,",42.0,",S,31,",0.0,S,0.0,",S",1.0,"1,,,S",2.94,"2,S",3.713,",,,S",2.1670000000000003,"2,,,S"
AGE00147708,2006-08-01,36.72,4.05,222.0,"TIZI OUZOU, AG",,,264.8,"2,S",1.0,"2,S",1.0,"2,S",0.0,"2,S",0.0,"2,S",0.0,"2,S",0.0,",S",31.0,",S",24.0,",S",20060810.0,",2,S",20060805.0,",2,S",20060801.0,",,S",17.7,"2,S,10,",3.0,"2,,S,05,",39.0,",S,01,",0.0,S,0.0,",S",3.0,"2,,,S",2.753,"2,S",3.4200000000000004,",,,S",2.086,"2,,,S"
AGE00147708,2006-09-01,36.72,4.05,222.0,"TIZI OUZOU, AG",,,170.5,"4,S",6.0,",S",3.0,",S",0.0,",S",0.0,"4,S",0.0,"4,S",0.0,",S",29.0,",S",15.0,",S",20060916.0,",4,S",20060915.0,",,S",20060905.0,",,S",14.1,"4,S,16,",23.1,",,S,15,",37.4,",S,05,",0.0,S,0.0,",S",35.2,",,,S",2.4859999999999998,"4,S",3.173,",,,S",1.798,"4,,,S"
AGE00147708,2006-10-01,36.72,4.05,222.0,"TIZI OUZOU, AG",,,130.5,"4,S",4.0,",S",4.0,",S",0.0,",S",0.0,"4,S",0.0,"4,S",0.0,",S",31.0,",S",8.0,",S",20061007.0,",4,S",20061014.0,"+,,S",20061002.0,",,S",12.6,"4,S,07,",5.1,",,S,14,+",40.5,",S,02,",0.0,S,0.0,",S",18.4,",,,S",2.33,"4,S",3.0100000000000002,",,,S",1.65,"4,,,S"
AGE00147708,2006-11-01,36.72,4.05,222.0,"TIZI OUZOU, AG",,,18.0,"3,S",4.0,"1,S",1.0,"1,S",0.0,"1,S",0.0,"3,S",0.0,"3,S",0.0,",S",27.0,",S",0.0,",S",20061110.0,",3,S",20061104.0,",1,S",20061101.0,",,S",9.3,"3,S,10,",4.1,"1,,S,04,",29.2,",S,01,",17.6,S,17.6,",S",7.1,"1,,,S",1.8199999999999998,"3,S",2.388,",,,S",1.251,"3,,,S"
AGE00147708,2007-01-01,36.72,4.05,222.0,"TIZI OUZOU, AG",0.0,S,0.0,"5,S",4.0,"2,S",1.0,"2,S",0.0,"2,S",0.0,"4,S",0.0,"4,S",0.0,"1,S",4.0,"1,S",0.0,"1,S",20070125.0,",4,S",20070130.0,",2,S",20070122.0,"+,1,S",4.5,"4,S,25,",5.1,"2,,S,30,",22.5,"1,S,22,+",,,143.5,"1,S",7.6,"2,,,S",1.259,"5,S",1.7710000000000001,"1,,,S",0.747,"4,,,S"
AGE00147708,2007-02-01,36.72,4.05,222.0,"TIZI OUZOU, AG",,,,,11.0,",S",8.0,",S",0.0,",S",0.0,"5,S",0.0,"5,S",0.0,"4,S",4.0,"4,S",0.0,"4,S",20070202.0,",5,S",20070210.0,",,S",20070214.0,",4,S",5.2,"5,S,02,",23.9,",,S,10,",24.5,"4,S,14,",,,,,61.3,",,,S",1.363,"7,S",1.8350000000000002,"4,,,S",0.891,"5,,,S"
AGE00147708,2007-04-01,36.72,4.05,222.0,"TIZI OUZOU, AG",,,,,13.0,",S",11.0,",S",3.0,",S",0.0,"5,S",0.0,"5,S",0.0,"1,S",13.0,"1,S",0.0,"1,S",20070406.0,",5,S",20070413.0,",,S",20070409.0,",1,S",7.5,"5,S,06,",41.9,",,S,13,",27.0,"1,S,09,",,,,,192.5,",,,S",1.638,"6,S",2.058,"1,,,S",1.218,"5,,,S"
AGE00147708,2007-05-01,36.72,4.05,222.0,"TIZI OUZOU, AG",,,55.9,"4,S",5.0,"1,S",2.0,"1,S",0.0,"1,S",0.0,"4,S",0.0,"4,S",0.0,",S",24.0,",S",4.0,",S",20070504.0,",4,S",20070504.0,",1,S",20070520.0,",,S",10.2,"4,S,04,",7.9,"1,,S,04,",37.5,",S,20,",,,21.9,",S",19.0,"1,,,S",1.9809999999999999,"4,S",2.612,",,,S",1.351,"4,,,S"
AGE00147708,2007-06-01,36.72,4.05,222.0,"TIZI OUZOU, AG",,,156.0,"2,S",2.0,",S",1.0,",S",0.0,",S",0.0,"2,S",0.0,"2,S",0.0,",S",30.0,",S",9.0,",S",20070603.0,",2,S",20070613.0,",,S",20070617.0,",,S",11.0,"2,S,03,",13.0,",,S,13,",35.1,",S,17,",,,0.8,",S",15.0,",,,S",2.399,"2,S",3.035,",,,S",1.763,"2,,,S"
AGE00147708,2007-07-01,36.72,4.05,222.0,"TIZI OUZOU, AG",,,266.5,"4,S",1.0,",S",1.0,",S",0.0,",S",0.0,"2,S",0.0,"2,S",0.0,"2,S",29.0,"2,S",24.0,"2,S",20070711.0,",2,S",20070702.0,",,S",20070715.0,",2,S",16.0,"2,S,11,",10.9,",,S,02,",42.0,"2,S,15,",0.0,S,0.0,"2,S",10.9,",,,S",2.815,"4,S",3.568,"2,,,S",2.0620000000000003,"2,,,S"
AGE00147708,2007-08-01,36.72,4.05,222.0,"TIZI OUZOU, AG",,,305.5,"1,S",3.0,"1,S",0.0,"1,S",0.0,"1,S",0.0,"1,S",0.0,"1,S",0.0,"1,S",30.0,"1,S",24.0,"1,S",20070817.0,",1,S",20070823.0,",1,S",20070829.0,",1,S",19.2,"1,S,17,",1.0,"1,,S,23,",43.4,"1,S,29,",0.0,S,0.0,"1,S",2.0,"1,,,S",2.852,"1,S",3.526,"1,,,S",2.177,"1,,,S"
AGE00147708,2007-10-01,36.72,4.05,222.0,"TIZI OUZOU, AG",,,,,9.0,"2,S",6.0,"2,S",2.0,"2,S",0.0,"5,S",0.0,"5,S",0.0,"1,S",25.0,"1,S",1.0,"1,S",20071022.0,",5,S",20071030.0,",2,S",20071004.0,",1,S",8.1,"5,S,22,",70.1,"2,,S,30,",35.0,"1,S,04,",,,,,134.3,"2,,,S",1.9989999999999999,"6,S",2.492,"1,,,S",1.5070000000000001,"5,,,S"
AGE00147708,2007-11-01,36.72,4.05,222.0,"TIZI OUZOU, AG",,,0.0,"4,S",13.0,",S",10.0,",S",3.0,",S",0.0,"4,S",0.0,"4,S",0.0,",S",7.0,",S",0.0,",S",20071118.0,",4,S",20071102.0,",,S",20071121.0,",,S",3.5,"4,S,18,",144.0,",,S,02,",27.0,",S,21,",,,111.8,",S",323.8,",,,S",1.4060000000000001,"4,S",1.8960000000000001,",,,S",0.917,"4,,,S"
AGE00147708,2007-12-01,36.72,4.05,222.0,"TIZI OUZOU, AG",,,0.0,"5,S",16.0,",S",7.0,",S",0.0,",S",0.0,"5,S",0.0,"5,S",0.0,",S",1.0,",S",0.0,",S",20071218.0,",5,S",20071230.0,",,S",20071209.0,",,S",1.5,"5,S,18,",21.1,",,S,30,",21.8,",S,09,",,,176.7,",S",74.2,",,,S",1.142,"5,S",1.558,",,,S",0.726,"5,,,S"
AGE00147708,2008-01-01,36.72,4.05,222.0,"TIZI OUZOU, AG",0.0,S,0.0,"3,S",7.0,",S",1.0,",S",0.0,",S",0.0,"3,S",0.0,"3,S",0.0,",S",0.0,",S",0.0,",S",20080125.0,",3,S",20080101.0,",,S",20080120.0,",,S",3.1,"3,S,25,",14.0,",,S,01,",20.8,",S,20,",,,182.8,",S",21.6,",,,S",1.1789999999999998,"3,S",1.685,",,,S",0.6719999999999999,"3,,,S"
AGE00147708,2008-02-01,36.72,4.05,222.0,"TIZI OUZOU, AG",0.0,S,0.0,"1,S",7.0,",S",1.0,",S",0.0,",S",0.0,"1,S",0.0,"1,S",0.0,",S",5.0,",S",0.0,",S",20080212.0,"+,1,S",20080216.0,",,S",20080228.0,",,S",3.5,"1,S,12,+",4.1,",,S,16,",23.4,",S,28,",,,144.1,",S",11.1,",,,S",1.311,"1,S",1.8559999999999999,",,,S",0.766,"1,,,S"
AGE00147708,2008-03-01,36.72,4.05,222.0,"TIZI OUZOU, AG",1.9,S,1.9,"5,S",10.0,"1,S",7.0,"1,S",1.0,"1,S",0.0,"5,S",0.0,"5,S",0.0,"2,S",9.0,"2,S",0.0,"2,S",20080306.0,",5,S",20080306.0,",1,S",20080315.0,",2,S",2.6,"5,S,06,",26.9,"1,,S,06,",28.5,"2,S,15,",,,122.4,"2,S",83.0,"1,,,S",1.381,"5,S",1.941,"2,,,S",0.82,"5,,,S"
AGE00147708,2008-04-01,36.72,4.05,222.0,"TIZI OUZOU, AG",16.5,S,14.6,"2,S",7.0,",S",3.0,",S",0.0,",S",0.0,"1,S",0.0,"1,S",0.0,"1,S",19.0,"1,S",0.0,"1,S",20080405.0,",1,S",20080402.0,",,S",20080409.0,",1,S",6.0,"1,S,05,",22.1,",,S,02,",31.5,"1,S,09,",,,54.2,"1,S",37.8,",,,S",1.677,"2,S",2.316,"1,,,S",1.0390000000000001,"1,,,S"
AGE00147708,2008-06-01,36.72,4.05,222.0,"TIZI OUZOU, AG",,,150.2,"4,S",5.0,"2,S",2.0,"2,S",0.0,"2,S",0.0,"2,S",0.0,"2,S",0.0,"3,S",27.0,"3,S",11.0,"3,S",20080603.0,",2,S",20080611.0,",2,S",20080623.0,",3,S",12.8,"2,S,03,",6.1,"2,,S,11,",41.0,"3,S,23,",,,0.0,"3,S",14.1,"2,,,S",2.409,"4,S",3.102,"3,,,S",1.716,"2,,,S"
AGE00147708,2008-07-01,36.72,4.05,222.0,"TIZI OUZOU, AG",,,291.5,"3,S",3.0,",S",1.0,",S",0.0,",S",0.0,"2,S",0.0,"2,S",0.0,"1,S",30.0,"1,S",27.0,"1,S",20080726.0,",2,S",20080718.0,",,S",20080720.0,",1,S",18.1,"2,S,26,",6.1,",,S,18,",40.5,"1,S,20,",0.0,S,0.0,"1,S",8.4,",,,S",2.8609999999999998,"3,S",3.554,"1,,,S",2.1670000000000003,"2,,,S"
AGE00147708,2008-08-01,36.72,4.05,222.0,"TIZI OUZOU, AG",,,286.8,"3,S",0.0,",S",0.0,",S",0.0,",S",0.0,"3,S",0.0,"3,S",0.0,"1,S",30.0,"1,S",28.0,"1,S",20080816.0,",3,S",20080831.0,"+,,S",20080813.0,",1,S",16.7,"3,S,16,",0.0,",,S,31,+",40.2,"1,S,13,",0.0,S,0.0,"1,S",0.0,",,,S",2.848,"3,S",3.598,"1,,,S",2.0989999999999998,"3,,,S"
AGE00147708,2008-09-01,36.72,4.05,222.0,"TIZI OUZOU, AG",,,171.2,"5,S",7.0,",S",4.0,",S",0.0,",S",0.0,"2,S",0.0,"2,S",0.0,"3,S",27.0,"3,S",11.0,"3,S",20080916.0,"+,2,S",20080930.0,",,S",20080909.0,",3,S",14.0,"2,S,16,+",15.0,",,S,30,",40.0,"3,S,09,",0.0,S,0.0,"3,S",34.3,",,,S",2.509,"5,S",3.069,"3,,,S",1.9489999999999998,"2,,,S"
AGE00147708,2008-11-01,36.72,4.05,222.0,"TIZI OUZOU, AG",,,,,14.0,",S",10.0,",S",2.0,",S",0.0,"5,S",0.0,"5,S",0.0,"2,S",7.0,"2,S",0.0,"2,S",20081114.0,",5,S",20081116.0,",,S",20081101.0,",2,S",7.3,"5,S,14,",80.0,",,S,16,",26.6,"2,S,01,",,,,,188.9,",,,S",1.413,"6,S",1.8780000000000001,"2,,,S",0.9470000000000001,"5,,,S"
AGE00147708,2008-12-01,36.72,4.05,222.0,"TIZI OUZOU, AG",,,,,12.0,"1,S",8.0,"1,S",1.0,"1,S",0.0,"5,S",0.0,"5,S",0.0,"1,S",0.0,"1,S",0.0,"1,S",20081223.0,",5,S",20081218.0,",1,S",20081231.0,",1,S",4.1,"5,S,23,",26.9,"1,,S,18,",19.9,"1,S,31,",,,,,109.2,"1,,,S",1.128,"6,S",1.557,"1,,,S",0.7,"5,,,S"
AGE00147708,2009-02-01,36.72,4.05,222.0,"TIZI OUZOU, AG",,,,,11.0,"1,S",4.0,"1,S",0.0,"1,S",0.0,"5,S",0.0,"5,S",0.0,"3,S",2.0,"3,S",0.0,"3,S",20090218.0,",5,S",20090208.0,",1,S",20090205.0,",3,S",2.4,"5,S,18,",9.9,"1,,S,08,",22.5,"3,S,05,",,,,,32.0,"1,,,S",1.107,"7,S",1.6300000000000001,"3,,,S",0.585,"5,,,S"
AGE00147708,2009-03-01,36.72,4.05,222.0,"TIZI OUZOU, AG",,,,,8.0,"1,S",6.0,"1,S",1.0,"1,S",0.0,"4,S",0.0,"4,S",0.0,"5,S",8.0,"5,S",0.0,"5,S",20090322.0,",4,S",20090306.0,",1,S",20090327.0,",5,S",2.5,"4,S,22,",26.9,"1,,S,06,",29.0,"5,S,27,",,,,,85.8,"1,,,S",1.358,"8,S",1.989,"5,,,S",0.728,"4,,,S"
AGE00147708,2009-05-01,36.72,4.05,222.0,"TIZI OUZOU, AG",,,,,4.0,"1,S",3.0,"1,S",2.0,"1,S",0.0,"5,S",0.0,"5,S",0.0,"1,S",26.0,"1,S",7.0,"1,S",20090507.0,"+,5,S",20090502.0,",1,S",20090521.0,",1,S",9.5,"5,S,07,+",35.1,"1,,S,02,",38.6,"1,S,21,",,,,,69.1,"1,,,S",2.1079999999999997,"6,S",2.77,"1,,,S",1.447,"5,,,S"
AGE00147708,2009-06-01,36.72,4.05,222.0,"TIZI OUZOU, AG",,,186.8,"5,S",1.0,"1,S",0.0,"1,S",0.0,"1,S",0.0,"2,S",0.0,"2,S",0.0,"3,S",27.0,"3,S",15.0,"3,S",20090608.0,",2,S",20090601.0,",1,S",20090614.0,",3,S",14.8,"2,S,08,",1.0,"1,,S,01,",42.0,"3,S,14,",,,0.0,"3,S",1.0,"1,,,S",2.565,"5,S",3.313,"3,,,S",1.818,"2,,,S"
AGE00147708,2009-07-01,36.72,4.05,222.0,"TIZI OUZOU, AG",,,354.5,"1,S",1.0,",S",1.0,",S",0.0,",S",0.0,"1,S",0.0,"1,S",0.0,",S",31.0,",S",30.0,",S",20090701.0,",1,S",20090709.0,",,S",20090722.0,",,S",18.2,"1,S,01,",3.0,",,S,09,",45.7,",S,22,",0.0,S,0.0,",S",3.0,",,,S",3.0170000000000003,"1,S",3.7520000000000002,",,,S",2.282,"1,,,S"
AGE00147708,2009-08-01,36.72,4.05,222.0,"TIZI OUZOU, AG",,,,,3.0,",S",1.0,",S",0.0,",S",0.0,"5,S",0.0,"5,S",0.0,"1,S",30.0,"1,S",28.0,"1,S",20090808.0,",5,S",20090811.0,",,S",20090812.0,",1,S",19.5,"5,S,08,",4.1,",,S,11,",42.5,"1,S,12,",,,,,7.1,",,,S",2.873,"6,S",3.5780000000000003,"1,,,S",2.168,"5,,,S"
AGE00147708,2009-09-01,36.72,4.05,222.0,"TIZI OUZOU, AG",,,151.7,"3,S",9.0,",S",9.0,",S",1.0,",S",0.0,"3,S",0.0,"3,S",0.0,",S",30.0,",S",6.0,",S",20090921.0,"+,3,S",20090925.0,",,S",20090901.0,",,S",15.0,"3,S,21,+",31.0,",,S,25,",40.5,",S,01,",,,0.0,",S",116.1,",,,S",2.3850000000000002,"3,S",2.9370000000000003,",,,S",1.832,"3,,,S"
AGE00147708,2009-10-01,36.72,4.05,222.0,"TIZI OUZOU, AG",,,58.3,"3,S",7.0,",S",5.0,",S",1.0,",S",0.0,"2,S",0.0,"2,S",0.0,"1,S",27.0,"1,S",3.0,"1,S",20091017.0,",2,S",20091001.0,",,S",20091007.0,",1,S",9.0,"2,S,17,",70.1,",,S,01,",35.6,"1,S,07,",,,13.3,"1,S",110.9,",,,S",1.9929999999999999,"3,S",2.569,"1,,,S",1.417,"2,,,S"
AGE00147708,2009-11-01,36.72,4.05,222.0,"TIZI OUZOU, AG",,,3.3,"5,S",8.0,",S",7.0,",S",0.0,",S",0.0,"5,S",0.0,"5,S",0.0,"1,S",19.0,"1,S",0.0,"1,S",20091107.0,",5,S",20091110.0,"+,,S",20091115.0,",1,S",7.9,"5,S,07,",18.0,",,S,10,+",27.4,"1,S,15,",,,48.1,"1,S",84.0,",,,S",1.6309999999999998,"5,S",2.18,"1,,,S",1.082,"5,,,S"
AGE00147708,2010-03-01,36.72,4.05,222.0,"TIZI OUZOU, AG",,,9.2,"4,S",11.0,",S",6.0,",S",1.0,",S",0.0,"4,S",0.0,"4,S",0.0,"2,S",11.0,"2,S",0.0,"2,S",20100311.0,",4,S",20100309.0,",,S",20100320.0,",2,S",2.0,"4,S,11,",50.0,",,S,09,",29.5,"2,S,20,",,,118.9,"2,S",93.5,",,,S",1.427,"4,S",1.954,"2,,,S",0.899,"4,,,S"
AGE00147708,2010-04-01,36.72,4.05,222.0,"TIZI OUZOU, AG",,,,,8.0,",S",5.0,",S",1.0,",S",0.0,"5,S",0.0,"5,S",0.0,"1,S",16.0,"1,S",1.0,"1,S",20100402.0,",5,S",20100423.0,",,S",20100430.0,",1,S",7.1,"5,S,02,",67.1,",,S,23,",32.3,"1,S,30,",,,,,91.0,",,,S",1.669,"6,S",2.212,"1,,,S",1.126,"5,,,S"
AGE00147708,2010-06-01,36.72,4.05,222.0,"TIZI OUZOU, AG",,,128.3,"2,S",5.0,",S",3.0,",S",0.0,",S",0.0,",S",0.0,",S",0.0,"2,S",28.0,"2,S",5.0,"2,S",20100622.0,",,S",20100615.0,",,S",20100625.0,",2,S",11.5,",S,22,",11.9,",,S,15,",34.9,"2,S,25,",,,0.0,"2,S",27.4,",,,S",2.299,"2,S",2.9739999999999998,"2,,,S",1.6239999999999999,",,,S"
AGE00147708,2010-07-01,36.72,4.05,222.0,"TIZI OUZOU, AG",,,275.8,"3,S",1.0,"2,S",0.0,"2,S",0.0,"2,S",0.0,"2,S",0.0,"2,S",0.0,"1,S",30.0,"1,S",25.0,"1,S",20100706.0,",2,S",20100705.0,",2,S",20100709.0,",1,S",16.8,"2,S,06,",2.0,"2,,S,05,",41.2,"1,S,09,",0.0,S,0.0,"1,S",2.0,"2,,,S",2.809,"3,S",3.5759999999999996,"1,,,S",2.0420000000000003,"2,,,S"
AGE00147708,2010-08-01,36.72,4.05,222.0,"TIZI OUZOU, AG",,,283.3,"2,S",3.0,",S",3.0,",S",0.0,",S",0.0,"2,S",0.0,"2,S",0.0,",S",31.0,",S",26.0,",S",20100808.0,",2,S",20100818.0,",,S",20100827.0,",,S",18.0,"2,S,08,",11.9,",,S,18,",42.5,",S,27,",0.0,S,0.0,",S",26.1,",,,S",2.806,"2,S",3.5479999999999996,",,,S",2.064,"2,,,S"
AGE00147708,2010-09-01,36.72,4.05,222.0,"TIZI OUZOU, AG",,,164.0,"3,S",6.0,",S",1.0,",S",0.0,",S",0.0,"3,S",0.0,"3,S",0.0,",S",30.0,",S",11.0,",S",20100930.0,",3,S",20100929.0,",,S",20100917.0,",,S",14.0,"3,S,30,",10.9,",,S,29,",37.7,",S,17,",0.0,S,0.0,",S",15.2,",,,S",2.427,"3,S",3.114,",,,S",1.7399999999999998,"3,,,S"
AGE00147708,2010-10-01,36.72,4.05,222.0,"TIZI OUZOU, AG",,,,,11.0,",S",7.0,",S",1.0,",S",0.0,"4,S",0.0,"4,S",0.0,"3,S",23.0,"3,S",6.0,"3,S",20101028.0,",4,S",20101018.0,",,S",20101006.0,",3,S",7.5,"4,S,28,",32.0,",,S,18,",39.5,"3,S,06,",,,,,94.9,",,,S",2.035,"7,S",2.679,"3,,,S",1.392,"4,,,S"
AGE00147708,2010-11-01,36.72,4.05,222.0,"TIZI OUZOU, AG",,,,,20.0,",S",13.0,",S",1.0,",S",0.0,"5,S",0.0,"5,S",0.0,"2,S",7.0,"2,S",0.0,"2,S",20101117.0,",5,S",20101102.0,",,S",20101114.0,",2,S",7.4,"5,S,17,",46.0,",,S,02,",26.8,"2,S,14,",,,,,148.3,",,,S",1.484,"7,S",1.902,"2,,,S",1.066,"5,,,S"
AGE00147708,2011-01-01,36.72,4.05,222.0,"TIZI OUZOU, AG",,,,,10.0,",S",5.0,",S",0.0,",S",0.0,"5,S",1.0,"5,S",0.0,"4,S",4.0,"4,S",0.0,"4,S",20110123.0,",5,S",20110102.0,",,S",20110116.0,",4,S",-0.2,"5,S,23,",23.1,",,S,02,",22.5,"4,S,16,",,,,,63.3,",,,S",1.163,"9,S",1.6030000000000002,"4,,,S",0.722,"5,,,S"
AGE00147708,2011-02-01,36.72,4.05,222.0,"TIZI OUZOU, AG",,,0.0,"5,S",13.0,",S",11.0,",S",0.0,",S",0.0,"5,S",0.0,"5,S",0.0,",S",0.0,",S",0.0,",S",20110209.0,",5,S",20110201.0,",,S",20110211.0,",,S",3.2,"5,S,09,",21.1,",,S,01,",21.0,",S,11,",,,173.0,",S",125.9,",,,S",1.083,"5,S",1.577,",,,S",0.588,"5,,,S"
AGE00147708,2011-03-01,36.72,4.05,222.0,"TIZI OUZOU, AG",,,,,10.0,"1,S",9.0,"1,S",1.0,"1,S",0.0,"4,S",0.0,"4,S",0.0,"3,S",9.0,"3,S",0.0,"3,S",20110304.0,",4,S",20110302.0,",1,S",20110314.0,",3,S",1.4,"4,S,04,",47.0,"1,,S,02,",26.0,"3,S,14,",,,,,94.0,"1,,,S",1.4060000000000001,"6,S",1.964,"3,,,S",0.8470000000000001,"4,,,S"
AGE00147708,2011-04-01,36.72,4.05,222.0,"TIZI OUZOU, AG",,,,,9.0,",S",4.0,",S",2.0,",S",0.0,"4,S",0.0,"4,S",0.0,"2,S",23.0,"2,S",0.0,"2,S",20110417.0,",4,S",20110426.0,",,S",20110403.0,",2,S",7.0,"4,S,17,",42.9,",,S,26,",32.0,"2,S,03,",,,,,92.1,",,,S",1.8190000000000002,"6,S",2.461,"2,,,S",1.177,"4,,,S"
AGE00147708,2011-05-01,36.72,4.05,222.0,"TIZI OUZOU, AG",,,58.0,"5,S",11.0,",S",8.0,",S",1.0,",S",0.0,"3,S",0.0,"3,S",0.0,"2,S",24.0,"2,S",1.0,"2,S",20110501.0,",3,S",20110504.0,",,S",20110530.0,",2,S",10.5,"3,S,01,",65.0,",,S,04,",33.0,"2,S,30,",,,6.8,"2,S",166.4,",,,S",2.028,"5,S",2.5829999999999997,"2,,,S",1.473,"3,,,S"
AGE00147708,2011-06-01,36.72,4.05,222.0,"TIZI OUZOU, AG",,,148.4,"2,S",5.0,"1,S",3.0,"1,S",0.0,"1,S",0.0,"2,S",0.0,"2,S",0.0,",S",29.0,",S",12.0,",S",20110603.0,",2,S",20110607.0,",1,S",20110617.0,",,S",13.3,"2,S,03,",16.0,"1,,S,07,",38.1,",S,17,",,,0.1,",S",40.9,"1,,,S",2.364,"2,S",2.961,",,,S",1.768,"2,,,S"
AGE00147708,2011-08-01,36.72,4.05,222.0,"TIZI OUZOU, AG",,,336.7,"1,S",0.0,",S",0.0,",S",0.0,",S",0.0,",S",0.0,",S",0.0,"1,S",30.0,"1,S",28.0,"1,S",20110811.0,",,S",20110831.0,"+,,S",20110818.0,",1,S",16.5,",S,11,",0.0,",,S,31,+",43.3,"1,S,18,",,,0.0,"1,S",0.0,",,,S",2.957,"1,S",3.717,"1,,,S",2.196,",,,S"
AGE00147708,2011-09-01,36.72,4.05,222.0,"TIZI OUZOU, AG",,,211.0,"1,S",4.0,",S",1.0,",S",0.0,",S",0.0,"1,S",0.0,"1,S",0.0,",S",30.0,",S",16.0,",S",20110920.0,",1,S",20110930.0,",,S",20110901.0,",,S",15.7,"1,S,20,",3.0,",,S,30,",42.0,",S,01,",,,0.0,",S",9.0,",,,S",2.564,"1,S",3.254,",,,S",1.873,"1,,,S"
AGE00147708,2011-10-01,36.72,4.05,222.0,"TIZI OUZOU, AG",,,72.1,"4,S",8.0,"2,S",4.0,"2,S",0.0,"2,S",0.0,"4,S",0.0,"4,S",0.0,",S",29.0,",S",2.0,",S",20111018.0,",4,S",20111029.0,",2,S",20111013.0,"+,,S",11.3,"4,S,18,",9.9,"2,,S,29,",32.5,",S,13,+",,,1.9,",S",31.2,"2,,,S",2.067,"4,S",2.711,",,,S",1.424,"4,,,S"
AGE00147708,2011-11-01,36.72,4.05,222.0,"TIZI OUZOU, AG",,,7.9,"5,S",14.0,"1,S",6.0,"1,S",1.0,"1,S",0.0,"5,S",0.0,"5,S",0.0,"1,S",14.0,"1,S",0.0,"1,S",20111110.0,",5,S",20111123.0,",1,S",20111104.0,",1,S",10.0,"5,S,10,",68.1,"1,,S,23,",30.0,"1,S,04,",,,48.7,"1,S",149.8,"1,,,S",1.6829999999999998,"5,S",2.164,"1,,,S",1.2029999999999998,"5,,,S"
AGE00147708,2012-02-01,36.72,4.05,222.0,"TIZI OUZOU, AG",,,0.0,"5,S",13.0,"1,S",12.0,"1,S",3.0,"1,S",0.0,"5,S",3.0,"5,S",0.0,",S",0.0,",S",0.0,",S",20120213.0,"+,5,S",20120203.0,",1,S",20120225.0,",,S",0.0,"5,S,13,+",40.9,"1,,S,03,",19.0,",S,25,",,,255.8,",S",213.5,"1,,,S",0.733,"5,S",1.192,",,,S",0.273,"5,,,S"
AGE00147708,2012-05-01,36.72,4.05,222.0,"TIZI OUZOU, AG",,,78.3,"3,S",3.0,"3,S",1.0,"3,S",0.0,"3,S",0.0,"2,S",0.0,"2,S",0.0,"1,S",26.0,"1,S",4.0,"1,S",20120501.0,",2,S",20120503.0,",3,S",20120531.0,",1,S",9.2,"2,S,01,",5.1,"3,,S,03,",33.0,"1,S,31,",,,7.1,"1,S",7.1,"3,,,S",2.054,"3,S",2.711,"1,,,S",1.3960000000000001,"2,,,S"
AGE00147708,2012-06-01,36.72,4.05,222.0,"TIZI OUZOU, AG",,,226.6,"4,S",1.0,",S",0.0,",S",0.0,",S",0.0,"4,S",0.0,"4,S",0.0,",S",30.0,",S",18.0,",S",20120613.0,",4,S",20120614.0,",,S",20120629.0,",,S",17.0,"4,S,13,",1.0,",,S,14,",42.5,",S,29,",,,0.0,",S",1.0,",,,S",2.7039999999999997,"4,S",3.425,",,,S",1.9829999999999999,"4,,,S"
AGE00147708,2012-07-01,36.72,4.05,222.0,"TIZI OUZOU, AG",,,273.8,"4,S",0.0,",S",0.0,",S",0.0,",S",0.0,"4,S",0.0,"4,S",0.0,",S",31.0,",S",27.0,",S",20120724.0,",4,S",20120731.0,"+,,S",20120726.0,",,S",17.0,"4,S,24,",0.0,",,S,31,+",43.7,",S,26,",0.0,S,0.0,",S",0.0,",,,S",2.8440000000000003,"4,S",3.569,",,,S",2.119,"4,,,S"
AGE00147708,2012-08-01,36.72,4.05,222.0,"TIZI OUZOU, AG",,,363.5,"3,S",0.0,",S",0.0,",S",0.0,",S",0.0,"3,S",0.0,"3,S",0.0,",S",31.0,",S",30.0,",S",20120826.0,",3,S",20120831.0,"+,,S",20120817.0,",,S",19.5,"3,S,26,",0.0,",,S,31,+",45.2,",S,17,",0.0,S,0.0,",S",0.0,",,,S",3.1260000000000003,"3,S",3.915,",,,S",2.338,"3,,,S"
AGE00147708,2012-09-01,36.72,4.05,222.0,"TIZI OUZOU, AG",,,193.8,"3,S",6.0,"1,S",2.0,"1,S",0.0,"1,S",0.0,"3,S",0.0,"3,S",0.0,",S",30.0,",S",17.0,",S",20120904.0,",3,S",20120901.0,",1,S",20120921.0,",,S",14.2,"3,S,04,",6.1,"1,,S,01,",40.6,",S,21,",0.0,S,0.0,",S",16.0,"1,,,S",2.539,"3,S",3.226,",,,S",1.8510000000000002,"3,,,S"
AGE00147708,2012-10-01,36.72,4.05,222.0,"TIZI OUZOU, AG",,,106.2,"5,S",9.0,",S",8.0,",S",0.0,",S",0.0,"5,S",0.0,"5,S",0.0,"1,S",26.0,"1,S",8.0,"1,S",20121029.0,",5,S",20121027.0,",,S",20121005.0,"+,1,S",9.0,"5,S,29,",22.1,",,S,27,",38.0,"1,S,05,+",8.8,S,8.8,"1,S",80.0,",,,S",2.213,"5,S",2.8579999999999997,"1,,,S",1.568,"5,,,S"
AGE00147708,2012-11-01,36.72,4.05,222.0,"TIZI OUZOU, AG",,,,,13.0,"1,S",8.0,"1,S",0.0,"1,S",0.0,"5,S",0.0,"5,S",0.0,"3,S",17.0,"3,S",0.0,"3,S",20121130.0,",5,S",20121120.0,",1,S",20121104.0,",3,S",7.0,"5,S,30,",22.1,"1,,S,20,",31.7,"3,S,04,",,,,,72.3,"1,,,S",1.6949999999999998,"6,S",2.181,"3,,,S",1.209,"5,,,S"
AGE00147708,2012-12-01,36.72,4.05,222.0,"TIZI OUZOU, AG",,,,,11.0,",S",7.0,",S",0.0,",S",0.0,"5,S",0.0,"5,S",0.0,"2,S",4.0,"2,S",0.0,"2,S",20121203.0,",5,S",20121208.0,"+,,S",20121225.0,",2,S",4.0,"5,S,03,",7.9,",,S,08,+",25.3,"2,S,25,",,,,,41.7,",,,S",1.285,"7,S",1.768,"2,,,S",0.8019999999999999,"5,,,S"
AGE00147708,2013-01-01,36.72,4.05,222.0,"TIZI OUZOU, AG",,,,,16.0,",S",13.0,",S",2.0,",S",0.0,"4,S",0.0,"4,S",0.0,"4,S",1.0,"4,S",0.0,"4,S",20130126.0,",4,S",20130124.0,",,S",20130119.0,",4,S",3.6,"4,S,26,",38.1,",,S,24,",23.0,"4,S,19,",,,,,210.8,",,,S",1.131,"7,S",1.5710000000000002,"4,,,S",0.6900000000000001,"4,,,S"
AGE00147708,2013-03-01,36.72,4.05,222.0,"TIZI OUZOU, AG",,,,,14.0,",S",10.0,",S",0.0,",S",0.0,"5,S",0.0,"5,S",0.0,"1,S",11.0,"1,S",0.0,"1,S",20130316.0,",5,S",20130302.0,",,S",20130322.0,",1,S",2.5,"5,S,16,",20.1,",,S,02,",28.0,"1,S,22,",,,,,97.4,",,,S",1.4789999999999999,"6,S",1.95,"1,,,S",1.008,"5,,,S"
AGE00147708,2013-04-01,36.72,4.05,222.0,"TIZI OUZOU, AG",,,11.1,"3,S",10.0,",S",8.0,",S",0.0,",S",0.0,"3,S",0.0,"3,S",0.0,"1,S",16.0,"1,S",0.0,"1,S",20130408.0,",3,S",20130425.0,",,S",20130414.0,",1,S",6.3,"3,S,08,",21.1,",,S,25,",28.7,"1,S,14,",,,55.1,"1,S",67.6,",,,S",1.659,"3,S",2.194,"1,,,S",1.125,"3,,,S"
AGE00147708,2013-05-01,36.72,4.05,222.0,"TIZI OUZOU, AG",,,21.4,"3,S",9.0,",S",5.0,",S",2.0,",S",0.0,"3,S",0.0,"3,S",0.0,",S",21.0,",S",0.0,",S",20130506.0,",3,S",20130522.0,",,S",20130509.0,",,S",9.5,"3,S,06,",55.1,",,S,22,",31.1,",S,09,",,,36.2,",S",150.3,",,,S",1.78,"3,S",2.304,",,,S",1.2570000000000001,"3,,,S"
AGE00147708,2013-06-01,36.72,4.05,222.0,"TIZI OUZOU, AG",,,111.2,"1,S",0.0,",S",0.0,",S",0.0,",S",0.0,"1,S",0.0,"1,S",0.0,",S",30.0,",S",6.0,",S",20130602.0,",1,S",20130630.0,"+,,S",20130617.0,",,S",11.0,"1,S,02,",0.0,",,S,30,+",41.5,",S,17,",,,0.9,",S",0.0,",,,S",2.214,"1,S",2.8920000000000003,",,,S",1.535,"1,,,S"
AGE00147708,2013-07-01,36.72,4.05,222.0,"TIZI OUZOU, AG",,,233.8,"4,S",1.0,"1,S",0.0,"1,S",0.0,"1,S",0.0,"4,S",0.0,"4,S",0.0,",S",31.0,",S",24.0,",S",20130708.0,",4,S",20130729.0,",1,S",20130727.0,",,S",16.8,"4,S,08,",0.3,"1,,S,29,",41.8,",S,27,",0.0,S,0.0,",S",0.3,"1,,,S",2.7190000000000003,"4,S",3.4490000000000003,",,,S",1.9899999999999998,"4,,,S"
AGE00147708,2013-08-01,36.72,4.05,222.0,"TIZI OUZOU, AG",,,269.4,"2,S",4.0,",S",2.0,",S",0.0,",S",0.0,"1,S",0.0,"1,S",0.0,"1,S",30.0,"1,S",25.0,"1,S",20130822.0,",1,S",20130828.0,",,S",20130806.0,",1,S",17.2,"1,S,22,",5.1,",,S,28,",42.5,"1,S,06,",0.0,S,0.0,"1,S",11.5,",,,S",2.759,"2,S",3.505,"1,,,S",2.013,"1,,,S"
AGE00147708,2013-09-01,36.72,4.05,222.0,"TIZI OUZOU, AG",,,188.9,"2,S",5.0,",S",4.0,",S",1.0,",S",0.0,"2,S",0.0,"2,S",0.0,",S",30.0,",S",10.0,",S",20130923.0,",2,S",20130910.0,",,S",20130926.0,",,S",14.7,"2,S,23,",26.9,",,S,10,",36.5,",S,26,",0.0,S,0.0,",S",37.5,",,,S",2.5100000000000002,"2,S",3.114,",,,S",1.906,"2,,,S"
AGE00147708,2013-10-01,36.72,4.05,222.0,"TIZI OUZOU, AG",,,176.8,"3,S",1.0,"1,S",1.0,"1,S",1.0,"1,S",0.0,"3,S",0.0,"3,S",0.0,"1,S",29.0,"1,S",8.0,"1,S",20131031.0,",3,S",20131031.0,",1,S",20131003.0,",1,S",13.3,"3,S,31,",39.1,"1,,S,31,",39.6,"1,S,03,",1.4,S,1.4,"1,S",39.1,"1,,,S",2.449,"3,S",3.09,"1,,,S",1.8079999999999998,"3,,,S"
AGE00147708,2013-11-01,36.72,4.05,222.0,"TIZI OUZOU, AG",,,10.1,"5,S",21.0,",S",16.0,",S",0.0,",S",0.0,"5,S",0.0,"5,S",0.0,",S",10.0,",S",0.0,",S",20131128.0,",5,S",20131121.0,",,S",20131107.0,",,S",5.2,"5,S,28,",19.1,",,S,21,",30.0,",S,07,",112.6,S,111.2,",S",153.0,",,,S",1.421,"5,S",1.7920000000000003,",,,S",1.05,"5,,,S"
AGE00147708,2014-01-01,36.72,4.05,222.0,"TIZI OUZOU, AG",0.0,S,0.0,"5,S",15.0,",S",10.0,",S",1.0,",S",0.0,"5,S",0.0,"5,S",0.0,",S",5.0,",S",0.0,",S",20140101.0,",5,S",20140120.0,",,S",20140110.0,",,S",3.5,"5,S,01,",27.9,",,S,20,",23.4,",S,10,",,,131.1,",S",110.0,",,,S",1.314,"5,S",1.7579999999999998,",,,S",0.8699999999999999,"5,,,S"
AGE00147708,2014-03-01,36.72,4.05,222.0,"TIZI OUZOU, AG",,,0.0,"4,S",17.0,"1,S",14.0,"1,S",2.0,"1,S",0.0,"3,S",0.0,"3,S",0.0,"2,S",5.0,"2,S",0.0,"2,S",20140309.0,",3,S",20140302.0,",1,S",20140318.0,",2,S",4.0,"3,S,09,",39.9,"1,,S,02,",25.5,"2,S,18,",,,138.3,"2,S",182.0,"1,,,S",1.308,"4,S",1.7920000000000003,"2,,,S",0.8240000000000001,"3,,,S"
AGE00147708,2014-04-01,36.72,4.05,222.0,"TIZI OUZOU, AG",,,14.1,"3,S",1.0,",S",1.0,",S",0.0,",S",0.0,"3,S",0.0,"3,S",0.0,",S",25.0,",S",0.0,",S",20140426.0,",3,S",20140404.0,",,S",20140424.0,",,S",7.7,"3,S,26,",5.1,",,S,04,",28.5,",S,24,",,,28.2,",S",5.1,",,,S",1.7670000000000001,"3,S",2.425,",,,S",1.109,"3,,,S"
AGE00147708,2014-05-01,36.72,4.05,222.0,"TIZI OUZOU, AG",,,56.2,",S",3.0,",S",2.0,",S",0.0,",S",0.0,",S",0.0,",S",0.0,",S",31.0,",S",2.0,",S",20140516.0,"+,,S",20140525.0,",,S",20140512.0,",,S",8.6,",S,16,+",5.1,",,S,25,",32.5,",S,12,",,,9.8,",S",10.2,",,,S",1.9829999999999999,",S",2.648,",,,S",1.318,",,,S"
AGE00147708,2014-06-01,36.72,4.05,222.0,"TIZI OUZOU, AG",,,175.4,"2,S",3.0,"2,S",2.0,"2,S",1.0,"2,S",0.0,"2,S",0.0,"2,S",0.0,",S",29.0,",S",13.0,",S",20140604.0,",2,S",20140602.0,",2,S",20140628.0,",,S",13.9,"2,S,04,",34.0,"2,,S,02,",39.6,",S,28,",,,0.1,",S",48.0,"2,,,S",2.424,"2,S",3.074,",,,S",1.775,"2,,,S"
AGE00147708,2014-07-01,36.72,4.05,222.0,"TIZI OUZOU, AG",,,241.5,"4,S",0.0,"1,S",0.0,"1,S",0.0,"1,S",0.0,"2,S",0.0,"2,S",0.0,"3,S",28.0,"3,S",21.0,"3,S",20140712.0,",2,S",20140731.0,"+,1,S",20140718.0,",3,S",17.1,"2,S,12,",0.0,"1,,S,31,+",43.5,"3,S,18,",0.0,S,0.0,"3,S",0.0,"1,,,S",2.729,"4,S",3.474,"3,,,S",1.984,"2,,,S"
AGE00147708,2014-08-01,36.72,4.05,222.0,"TIZI OUZOU, AG",,,302.8,"2,S",1.0,"1,S",1.0,"1,S",0.0,"1,S",0.0,"1,S",0.0,"1,S",0.0,"1,S",30.0,"1,S",29.0,"1,S",20140803.0,",1,S",20140802.0,",1,S",20140809.0,",1,S",19.0,"1,S,03,",4.1,"1,,S,02,",41.4,"1,S,09,",0.0,S,0.0,"1,S",4.1,"1,,,S",2.881,"2,S",3.601,"1,,,S",2.16,"1,,,S"
AGE00147708,2014-09-01,36.72,4.05,222.0,"TIZI OUZOU, AG",,,254.2,"2,S",5.0,"1,S",1.0,"1,S",0.0,"1,S",0.0,"1,S",0.0,"1,S",0.0,"1,S",29.0,"1,S",22.0,"1,S",20140927.0,"+,1,S",20140929.0,",1,S",20140920.0,",1,S",18.0,"1,S,27,+",8.9,"1,,S,29,",38.6,"1,S,20,",0.0,S,0.0,"1,S",12.0,"1,,,S",2.7350000000000003,"2,S",3.368,"1,,,S",2.101,"1,,,S"
AGE00147708,2014-10-01,36.72,4.05,222.0,"TIZI OUZOU, AG",,,125.9,"2,S",4.0,",S",3.0,",S",0.0,",S",0.0,"2,S",0.0,"2,S",0.0,",S",31.0,",S",8.0,",S",20141031.0,",2,S",20141004.0,",,S",20141008.0,",,S",10.2,"2,S,31,",16.0,",,S,04,",36.5,",S,08,",1.3,S,1.3,",S",26.7,",,,S",2.245,"2,S",2.899,",,,S",1.591,"2,,,S"
AGE00147708,2014-12-01,36.72,4.05,222.0,"TIZI OUZOU, AG",,,,,12.0,"1,S",11.0,"1,S",3.0,"1,S",0.0,"5,S",0.0,"5,S",0.0,"2,S",0.0,"2,S",0.0,"2,S",20141230.0,",5,S",20141230.0,",1,S",20141224.0,",2,S",2.6,"5,S,30,",53.1,"1,,S,30,",20.4,"2,S,24,",,,,,244.3,"1,,,S",1.175,"6,S",1.581,"2,,,S",0.77,"5,,,S"
AGE00147708,2015-01-01,36.72,4.05,222.0,"TIZI OUZOU, AG",0.0,S,0.0,"5,S",13.0,",S",11.0,",S",1.0,",S",0.0,"5,S",0.0,"5,S",0.0,",S",1.0,",S",0.0,",S",20150102.0,",5,S",20150123.0,",,S",20150109.0,",,S",3.0,"5,S,02,",49.0,",,S,23,",23.0,",S,09,",,,189.1,",S",154.2,",,,S",1.088,"5,S",1.575,",,,S",0.602,"5,,,S"
AGE00147708,2015-03-01,36.72,4.05,222.0,"TIZI OUZOU, AG",,,,,10.0,",S",8.0,",S",0.0,",S",0.0,"5,S",0.0,"5,S",0.0,"1,S",10.0,"1,S",0.0,"1,S",20150301.0,",5,S",20150322.0,",,S",20150320.0,",1,S",4.0,"5,S,01,",15.0,",,S,22,",27.4,"1,S,20,",,,,,70.9,",,,S",1.351,"6,S",1.911,"1,,,S",0.792,"5,,,S"
AGE00147708,2015-04-01,36.72,4.05,222.0,"TIZI OUZOU, AG",,,20.0,"2,S",0.0,",S",0.0,",S",0.0,",S",0.0,"1,S",0.0,"1,S",0.0,"1,S",25.0,"1,S",0.0,"1,S",20150408.0,",1,S",20150430.0,"+,,S",20150416.0,",1,S",6.0,"1,S,08,",0.0,",,S,30,+",30.0,"1,S,16,",,,31.2,"1,S",0.0,",,,S",1.7920000000000003,"2,S",2.428,"1,,,S",1.157,"1,,,S"
AGE00147708,2015-05-01,36.72,4.05,222.0,"TIZI OUZOU, AG",,,109.7,"4,S",2.0,",S",1.0,",S",0.0,",S",0.0,"4,S",0.0,"4,S",0.0,"2,S",28.0,"2,S",9.0,"2,S",20150523.0,",4,S",20150530.0,",,S",20150504.0,",2,S",9.5,"4,S,23,",9.9,",,S,30,",41.0,"2,S,04,",,,5.9,"2,S",10.7,",,,S",2.193,"4,S",2.898,"2,,,S",1.488,"4,,,S"
AGE00147708,2015-06-01,36.72,4.05,222.0,"TIZI OUZOU, AG",,,192.8,"1,S",4.0,",S",1.0,",S",0.0,",S",0.0,",S",0.0,",S",0.0,"1,S",29.0,"1,S",12.0,"1,S",20150602.0,",,S",20150615.0,",,S",20150630.0,",1,S",15.0,",S,02,",14.0,",,S,15,",40.9,"1,S,30,",,,0.0,"1,S",15.1,",,,S",2.497,"1,S",3.2049999999999996,"1,,,S",1.7899999999999998,",,,S"
AGE00147708,2015-07-01,36.72,4.05,222.0,"TIZI OUZOU, AG",,,349.1,"2,S",0.0,"1,S",0.0,"1,S",0.0,"1,S",0.0,"1,S",0.0,"1,S",0.0,"1,S",30.0,"1,S",30.0,"1,S",20150718.0,"+,1,S",20150731.0,"+,1,S",20150729.0,",1,S",20.2,"1,S,18,+",0.0,"1,,S,31,+",44.6,"1,S,29,",0.0,S,0.0,"1,S",0.0,"1,,,S",3.035,"2,S",3.844,"1,,,S",2.227,"1,,,S"
AGE00147708,2015-08-01,36.72,4.05,222.0,"TIZI OUZOU, AG",,,310.5,"3,S",3.0,"2,S",1.0,"2,S",0.0,"2,S",0.0,"3,S",0.0,"3,S",0.0,",S",31.0,",S",29.0,",S",20150816.0,",3,S",20150801.0,",2,S",20150808.0,",,S",19.5,"3,S,16,",4.1,"2,,S,01,",42.0,",S,08,",0.0,S,0.0,",S",6.1,"2,,,S",2.942,"3,S",3.5810000000000004,",,,S",2.303,"3,,,S"
AGE00147708,2015-09-01,36.72,4.05,222.0,"TIZI OUZOU, AG",,,159.9,"5,S",4.0,"2,S",1.0,"2,S",0.0,"2,S",0.0,"4,S",0.0,"4,S",0.0,"1,S",29.0,"1,S",6.0,"1,S",20150926.0,",4,S",20150910.0,",2,S",20150912.0,",1,S",14.4,"4,S,26,",17.0,"2,,S,10,",38.0,"1,S,12,",0.0,S,0.0,"1,S",19.0,"2,,,S",2.489,"5,S",3.037,"1,,,S",1.941,"4,,,S"
AGE00147708,2015-10-01,36.72,4.05,222.0,"TIZI OUZOU, AG",,,89.0,"5,S",9.0,",S",6.0,",S",0.0,",S",0.0,"3,S",0.0,"3,S",0.0,"4,S",26.0,"4,S",2.0,"4,S",20151031.0,",3,S",20151022.0,"+,,S",20151005.0,",4,S",11.4,"3,S,31,",21.1,",,S,22,+",36.4,"4,S,05,",5.4,S,5.4,"4,S",82.8,",,,S",2.149,"5,S",2.695,"4,,,S",1.6039999999999999,"3,,,S"
AGE00147708,2015-11-01,36.72,4.05,222.0,"TIZI OUZOU, AG",,,4.5,"3,S",9.0,",S",8.0,",S",1.0,",S",0.0,"3,S",0.0,"3,S",0.0,",S",20.0,",S",0.0,",S",20151128.0,",3,S",20151127.0,",,S",20151103.0,",,S",6.0,"3,S,28,",25.9,",,S,27,",25.9,",S,03,",61.0,S,55.6,",S",104.4,",,,S",1.6019999999999999,"3,S",2.09,",,,S",1.114,"3,,,S"
AGE00147708,2015-12-01,36.72,4.05,222.0,"TIZI OUZOU, AG",,,0.0,"2,S",0.0,"1,S",0.0,"1,S",0.0,"1,S",0.0,"1,S",0.0,"1,S",0.0,"1,S",4.0,"1,S",0.0,"1,S",20151204.0,",1,S",20151231.0,"+,1,S",20151219.0,",1,S",5.0,"1,S,04,",0.0,"1,,S,31,+",22.8,"1,S,19,",202.6,S,141.6,"1,S",0.0,"1,,,S",1.346,"2,S",1.9289999999999998,"1,,,S",0.762,"1,,,S"
AGE00147708,2016-01-01,36.72,4.05,222.0,"TIZI OUZOU, AG",0.4,S,0.4,"1,S",11.0,",S",5.0,",S",1.0,",S",0.0,"1,S",0.0,"1,S",0.0,",S",8.0,",S",0.0,",S",20160118.0,",1,S",20160116.0,",,S",20160108.0,",,S",3.7,"1,S,18,",31.0,",,S,16,",24.0,",S,08,",347.5,S,144.9,",S",61.2,",,,S",1.353,"1,S",1.834,",,,S",0.8720000000000001,"1,,,S"
AGE00147708,2016-02-01,36.72,4.05,222.0,"TIZI OUZOU, AG",,,,,8.0,",S",5.0,",S",1.0,",S",0.0,"5,S",0.0,"5,S",0.0,"2,S",5.0,"2,S",0.0,"2,S",20160205.0,",5,S",20160216.0,",,S",20160202.0,",2,S",3.0,"5,S,05,",29.0,",,S,16,",24.2,"2,S,02,",,,,,71.2,",,,S",1.315,"7,S",1.81,"2,,,S",0.82,"5,,,S"
AGE00147708,2016-04-01,36.72,4.05,222.0,"TIZI OUZOU, AG",,,9.3,"5,S",7.0,",S",5.0,",S",1.0,",S",0.0,"4,S",0.0,"4,S",0.0,"1,S",20.0,"1,S",0.0,"1,S",20160410.0,",4,S",20160406.0,",,S",20160415.0,",1,S",5.7,"4,S,10,",30.0,",,S,06,",31.0,"1,S,15,",,,46.7,"1,S",62.1,",,,S",1.67,"5,S",2.209,"1,,,S",1.1300000000000001,"4,,,S"
AGE00147708,2016-05-01,36.72,4.05,222.0,"TIZI OUZOU, AG",,,45.5,"3,S",7.0,",S",4.0,",S",1.0,",S",0.0,"3,S",0.0,"3,S",0.0,",S",26.0,",S",1.0,",S",20160502.0,",3,S",20160507.0,",,S",20160509.0,",,S",2.4,"3,S,02,",39.1,",,S,07,",33.0,",S,09,",,,21.7,",S",61.3,",,,S",1.9149999999999998,"3,S",2.5010000000000003,",,,S",1.33,"3,,,S"
AGE00147708,2016-06-01,36.72,4.05,222.0,"TIZI OUZOU, AG",,,176.2,"2,S",6.0,",S",2.0,",S",0.0,",S",0.0,"2,S",0.0,"2,S",0.0,",S",30.0,",S",18.0,",S",20160602.0,",2,S",20160601.0,",,S",20160628.0,",,S",11.6,"2,S,02,",7.1,",,S,01,",38.5,",S,28,",,,0.0,",S",13.1,",,,S",2.459,"2,S",3.196,",,,S",1.722,"2,,,S"
AGE00147708,2016-07-01,36.72,4.05,222.0,"TIZI OUZOU, AG",,,290.3,"1,S",0.0,",S",0.0,",S",0.0,",S",0.0,"1,S",0.0,"1,S",0.0,",S",31.0,",S",27.0,",S",20160716.0,",1,S",20160731.0,"+,,S",20160721.0,",,S",13.5,"1,S,16,",0.0,",,S,31,+",42.0,",S,21,",0.0,S,0.0,",S",0.0,",,,S",2.804,"1,S",3.5729999999999995,",,,S",2.035,"1,,,S"
AGE00147708,2016-08-01,36.72,4.05,222.0,"TIZI OUZOU, AG",,,268.1,"1,S",0.0,",S",0.0,",S",0.0,",S",0.0,"1,S",0.0,"1,S",0.0,",S",31.0,",S",23.0,",S",20160825.0,"+,1,S",20160831.0,"+,,S",20160801.0,",,S",16.5,"1,S,25,+",0.0,",,S,31,+",40.0,",S,01,",0.0,S,0.0,",S",0.0,",,,S",2.7359999999999998,"1,S",3.4579999999999997,",,,S",2.013,"1,,,S"
AGE00147708,2016-09-01,36.72,4.05,222.0,"TIZI OUZOU, AG",,,195.4,",S",3.0,",S",0.0,",S",0.0,",S",0.0,",S",0.0,",S",0.0,",S",30.0,",S",11.0,",S",20160921.0,",,S",20160915.0,",,S",20160905.0,",,S",14.5,",S,21,",2.0,",,S,15,",39.8,",S,05,",0.0,S,0.0,",S",3.5,",,,S",2.4850000000000003,",S",3.166,",,,S",1.8039999999999998,",,,S"
AGE00147708,2016-10-01,36.72,4.05,222.0,"TIZI OUZOU, AG",,,149.6,"2,S",9.0,",S",1.0,",S",0.0,",S",0.0,"2,S",0.0,"2,S",0.0,",S",31.0,",S",8.0,",S",20161031.0,",2,S",20161010.0,",,S",20161025.0,",,S",12.2,"2,S,31,",8.9,",,S,10,",38.5,",S,25,",0.0,S,0.0,",S",17.2,",,,S",2.331,"2,S",2.963,",,,S",1.6989999999999998,"2,,,S"
AGE00147708,2022-05-01,36.72,4.05,222.0,"TIZI OUZOU, AG",,,113.8,"1,S",5.0,",S",5.0,",S",1.0,",S",0.0,"1,S",0.0,"1,S",0.0,",S",28.0,",S",7.0,",S",20220501.0,",1,S",20220527.0,",,S",20220522.0,",,S",9.8,"1,S,01,",26.9,",,S,27,",38.4,",S,22,",,,8.9,",S",63.1,",,,S",2.163,"1,S",2.7920000000000003,",,,S",1.535,"1,,,S"
AGE00147708,2022-06-01,36.72,4.05,222.0,"TIZI OUZOU, AG",,,257.9,",S",2.0,",S",0.0,",S",0.0,",S",0.0,",S",0.0,",S",0.0,",S",30.0,",S",15.0,",S",20220611.0,",,S",20220625.0,",,S",20220621.0,",,S",15.2,",S,11,",1.0,",,S,25,",42.4,",S,21,",,,0.0,",S",1.8,",,,S",2.693,",S",3.386,",,,S",2.0,",,,S"
AGE00147708,2024-04-01,36.72,4.05,222.0,"TIZI OUZOU, AG",,,21.8,"4,S",4.0,"2,S",2.0,"2,S",0.0,"2,S",0.0,"3,S",0.0,"3,S",0.0,"3,S",18.0,"3,S",3.0,"3,S",20240425.0,",3,S",20240412.0,",2,S",20240406.0,",3,S",7.1,"3,S,25,",23.9,"2,,S,12,",35.1,"3,S,06,",,,52.4,"3,S",34.1,"2,,,S",1.7309999999999999,"4,S",2.341,"3,,,S",1.1199999999999999,"3,,,S"
AGE00147708,2024-05-01,36.72,4.05,222.0,"TIZI OUZOU, AG",,,99.9,"2,S",5.0,"1,S",2.0,"1,S",0.0,"1,S",0.0,"1,S",0.0,"1,S",0.0,"2,S",28.0,"2,S",5.0,"2,S",20240503.0,",1,S",20240520.0,",1,S",20240530.0,"+,2,S",8.8,"1,S,03,",4.1,"1,,S,20,",36.9,"2,S,30,+",,,5.2,"2,S",9.7,"1,,,S",2.161,"2,S",2.839,"2,,,S",1.483,"1,,,S"
AGE00147708,2024-06-01,36.72,4.05,222.0,"TIZI OUZOU, AG",,,229.1,",S",0.0,",S",0.0,",S",0.0,",S",0.0,",S",0.0,",S",0.0,",S",30.0,",S",13.0,",S",20240603.0,",,S",20240630.0,"+,,S",20240607.0,",,S",15.4,",S,03,",0.0,",,S,30,+",41.7,",S,07,",,,0.0,",S",0.0,",,,S",2.597,",S",3.2560000000000002,",,,S",1.938,",,,S"
AGE00147708,2024-07-01,36.72,4.05,222.0,"TIZI OUZOU, AG",,,316.6,"3,S",1.0,"2,S",0.0,"2,S",0.0,"2,S",0.0,"2,S",0.0,"2,S",0.0,"3,S",28.0,"3,S",24.0,"3,S",20240703.0,",2,S",20240707.0,",2,S",20240730.0,",3,S",17.7,"2,S,03,",0.3,"2,,S,07,",43.5,"3,S,30,",0.0,S,0.0,"3,S",0.3,"2,,,S",2.965,"3,S",3.69,"3,,,S",2.2399999999999998,"2,,,S"
AGE00147708,2024-08-01,36.72,4.05,222.0,"TIZI OUZOU, AG",,,341.5,"3,S",1.0,"3,S",1.0,"3,S",0.0,"3,S",0.0,"3,S",0.0,"3,S",0.0,"2,S",29.0,"2,S",28.0,"2,S",20240821.0,",3,S",20240825.0,",3,S",20240811.0,",2,S",19.1,"3,S,21,",5.1,"3,,S,25,",44.1,"2,S,11,",0.0,S,0.0,"2,S",5.1,"3,,,S",3.052,"3,S",3.7960000000000003,"2,,,S",2.308,"3,,,S"
AGE00147708,2024-09-01,36.72,4.05,222.0,"TIZI OUZOU, AG",,,201.1,"2,S",5.0,"1,S",4.0,"1,S",0.0,"1,S",0.0,"2,S",0.0,"2,S",0.0,"1,S",29.0,"1,S",10.0,"1,S",20240916.0,",2,S",20240923.0,",1,S",20240907.0,",1,S",13.4,"2,S,16,",19.1,"1,,S,23,",40.4,"1,S,07,",0.0,S,0.0,"1,S",46.4,"1,,,S",2.55,"2,S",3.16,"1,,,S",1.939,"2,,,S"
AGE00147708,2024-10-01,36.72,4.05,222.0,"TIZI OUZOU, AG",,,140.3,"1,S",8.0,",S",4.0,",S",0.0,",S",0.0,"1,S",0.0,"1,S",0.0,",S",30.0,",S",8.0,",S",20241019.0,",1,S",20241019.0,",,S",20241014.0,",,S",13.6,"1,S,19,",21.1,",,S,19,",38.6,",S,14,",1.4,S,1.4,",S",41.3,",,,S",2.295,"1,S",2.822,",,,S",1.7690000000000001,"1,,,S"
AGE00147708,2024-12-01,36.72,4.05,222.0,"TIZI OUZOU, AG",,,,,12.0,"2,S",5.0,"2,S",0.0,"2,S",0.0,"5,S",0.0,"5,S",0.0,"4,S",1.0,"4,S",0.0,"4,S",20241230.0,",5,S",20241205.0,",2,S",20241207.0,",4,S",4.4,"5,S,30,",23.9,"2,,S,05,",21.1,"4,S,07,",,,,,51.5,"2,,,S",1.174,"7,S",1.6300000000000001,"4,,,S",0.7190000000000001,"5,,,S"
AGE00147708,2025-01-01,36.72,4.05,222.0,"TIZI OUZOU, AG",,,,,15.0,"1,S",10.0,"1,S",2.0,"1,S",0.0,"5,S",0.0,"5,S",0.0,"2,S",4.0,"2,S",0.0,"2,S",20250117.0,",5,S",20250118.0,",1,S",20250127.0,",2,S",4.9,"5,S,17,",30.0,"1,,S,18,",24.7,"2,S,27,",,,,,125.3,"1,,,S",1.259,"6,S",1.6640000000000001,"2,,,S",0.8550000000000001,"5,,,S"
AGE00147708,2025-02-01,36.72,4.05,222.0,"TIZI OUZOU, AG",,,0.0,"3,S",10.0,"1,S",3.0,"1,S",0.0,"1,S",0.0,"1,S",0.0,"1,S",0.0,"3,S",6.0,"3,S",0.0,"3,S",20250210.0,",1,S",20250214.0,",1,S",20250218.0,",3,S",4.2,"1,S,10,",17.0,"1,,S,14,",25.4,"3,S,18,",,,124.1,"3,S",35.1,"1,,,S",1.3359999999999999,"3,S",1.829,"3,,,S",0.843,"1,,,S"
AGE00147708,2025-03-01,36.72,4.05,222.0,"TIZI OUZOU, AG",,,5.6,"1,S",14.0,",S",4.0,",S",0.0,",S",0.0,"1,S",0.0,"1,S",0.0,",S",13.0,",S",0.0,",S",20250331.0,",1,S",20250311.0,",,S",20250320.0,",,S",6.6,"1,S,31,",7.1,",,S,11,",28.5,",S,20,",,,86.0,",S",31.9,",,,S",1.569,"1,S",2.073,",,,S",1.065,"1,,,S"
AGE00147708,2025-04-01,36.72,4.05,222.0,"TIZI OUZOU, AG",,,32.7,"4,S",6.0,",S",5.0,",S",0.0,",S",0.0,"4,S",0.0,"4,S",0.0,"1,S",24.0,"1,S",1.0,"1,S",20250401.0,",4,S",20250414.0,",,S",20250430.0,",1,S",5.4,"4,S,01,",8.9,",,S,14,",32.2,"1,S,30,",,,26.8,"1,S",32.3,",,,S",1.832,"4,S",2.464,"1,,,S",1.201,"4,,,S"
AGE00147708,2025-05-01,36.72,4.05,222.0,"TIZI OUZOU, AG",,,80.2,"5,S",10.0,",S",4.0,",S",0.0,",S",0.0,"2,S",0.0,"2,S",0.0,"3,S",26.0,"3,S",6.0,"3,S",20250512.0,",2,S",20250516.0,",,S",20250503.0,",3,S",11.5,"2,S,12,",22.1,",,S,16,",35.4,"3,S,03,",,,3.2,"3,S",50.5,",,,S",2.117,"5,S",2.744,"3,,,S",1.49,"2,,,S"
AGE00147708,2025-06-01,36.72,4.05,222.0,"TIZI OUZOU, AG",,,296.6,"2,S",0.0,"1,S",0.0,"1,S",0.0,"1,S",0.0,"1,S",0.0,"1,S",0.0,"1,S",29.0,"1,S",26.0,"1,S",20250601.0,",1,S",20250630.0,"+,1,S",20250624.0,",1,S",17.0,"1,S,01,",0.0,"1,,S,30,+",41.9,"1,S,24,",,,0.0,"1,S",0.0,"1,,,S",2.882,"2,S",3.683,"1,,,S",2.08,"1,,,S"
AGE00147708,2025-07-01,36.72,4.05,222.0,"TIZI OUZOU, AG",,,333.3,"2,S",1.0,"1,S",1.0,"1,S",0.0,"1,S",0.0,"1,S",0.0,"1,S",0.0,"1,S",30.0,"1,S",27.0,"1,S",20250727.0,",1,S",20250713.0,",1,S",20250718.0,",1,S",18.3,"1,S,27,",8.9,"1,,S,13,",43.9,"1,S,18,",0.0,,0.0,"1,S",8.9,"1,,,S",2.98,"2,S",3.6689999999999996,"1,,,S",2.29,"1,,,S"
