STATION,DATE,LATITUDE,LONGITUDE,ELEVATION,NAME,CDSD,CDSD_ATTRIBUTES,CLDD,CLDD_ATTRIBUTES,DP01,DP01_ATTRIBUTES,DP10,DP10_ATTRIBUTES,DP1X,DP1X_ATTRIBUTES,DT00,DT00_ATTRIBUTES,DT32,DT32_ATTRIBUTES,DX32,DX32_ATTRIBUTES,DX70,DX70_ATTRIBUTES,DX90,DX90_ATTRIBUTES,DYNT,DYNT_ATTRIBUTES,DYXP,DYXP_ATTRIBUTES,DYXT,DYXT_ATTRIBUTES,EMNT,EMNT_ATTRIBUTES,EMXP,EMXP_ATTRIBUTES,EMXT,EMXT_ATTRIBUTES,HDSD,HDSD_ATTRIBUTES,HTDD,HTDD_ATTRIBUTES,PRCP,PRCP_ATTRIBUTES,TAVG,TAVG_ATTRIBUTES,TMAX,TMAX_ATTRIBUTES,TMIN,TMIN_ATTRIBUTES
AGE00147709,1884-01-01,36.63,4.2,942.0,"FORT NATIONAL, AG",0.0,E,0.0,",E",12.0,",E",9.0,",E",1.0,",E",0.0,",E",1.0,",E",0.0,",E",0.0,",E",0.0,",E",18840109.0,",,E",18840110.0,",,E",18840131.0,",,E",-0.1,",E,09,",30.7,",,E,10,",15.2,",E,31,",,,373.2,",E",106.3,",,,E",0.63,",E",0.945,",,,E",0.315,",,,E"
AGE00147709,1884-02-01,36.63,4.2,942.0,"FORT NATIONAL, AG",0.0,E,0.0,",E",5.0,",E",5.0,",E",0.0,",E",0.0,",E",0.0,",E",0.0,",E",0.0,",E",0.0,",E",18840221.0,",,E",18840220.0,",,E",18840216.0,",,E",0.2,",E,21,",16.5,",,E,20,",19.8,",E,16,",,,232.6,",E",58.6,",,,E",1.0310000000000001,",E",1.4460000000000002,",,,E",0.617,",,,E"
AGE00147709,1884-03-01,36.63,4.2,942.0,"FORT NATIONAL, AG",0.0,E,0.0,",E",15.0,",E",14.0,",E",4.0,",E",0.0,",E",0.0,",E",0.0,",E",0.0,",E",0.0,",E",18840324.0,"+,,E",18840307.0,",,E",18840319.0,",,E",1.0,",E,24,+",62.4,",,E,07,",17.0,",E,19,",,,305.9,",E",280.3,",,,E",0.8460000000000001,",E",1.239,",,,E",0.454,",,,E"
AGE00147709,1884-04-01,36.63,4.2,942.0,"FORT NATIONAL, AG",1.2,E,1.2,"2,E",18.0,",E",13.0,",E",2.0,",E",0.0,"1,E",0.0,"1,E",0.0,"1,E",4.0,"1,E",0.0,"1,E",18840428.0,"+,1,E",18840415.0,",,E",18840405.0,",1,E",2.8,"1,E,28,+",39.5,",,E,15,",24.6,"1,E,05,",,,223.0,"1,E",163.3,",,,E",1.0550000000000002,"2,E",1.481,"1,,,E",0.628,"1,,,E"
AGE00147709,1884-05-01,36.63,4.2,942.0,"FORT NATIONAL, AG",5.6,E,4.4,",E",9.0,",E",7.0,",E",1.0,",E",0.0,",E",0.0,",E",0.0,",E",14.0,",E",0.0,",E",18840501.0,",,E",18840517.0,",,E",18840530.0,",,E",2.2,",E,01,",41.8,",,E,17,",27.2,",E,30,",,,102.6,",E",107.2,",,,E",1.516,",E",2.058,",,,E",0.975,",,,E"
AGE00147709,1884-06-01,36.63,4.2,942.0,"FORT NATIONAL, AG",19.0,E,13.4,",E",6.0,",E",4.0,",E",0.0,",E",0.0,",E",0.0,",E",0.0,",E",14.0,",E",0.0,",E",18840604.0,",,E",18840608.0,",,E",18840618.0,",,E",5.0,",E,04,",15.0,",,E,08,",30.0,",E,18,",,,91.0,",E",47.5,",,,E",1.575,",E",2.1550000000000002,",,,E",0.994,",,,E"
AGE00147709,1884-07-01,36.63,4.2,942.0,"FORT NATIONAL, AG",198.3,E,179.3,",E",1.0,",E",1.0,",E",0.0,",E",0.0,",E",0.0,",E",0.0,",E",31.0,",E",11.0,",E",18840730.0,",,E",18840706.0,",,E",18840713.0,",,E",11.4,",E,30,",3.0,",,E,06,",37.0,",E,13,",1.3,E,1.3,",E",3.0,",,,E",2.408,",E",2.9739999999999998,",,,E",1.841,",,,E"
AGE00147709,1884-11-01,36.63,4.2,942.0,"FORT NATIONAL, AG",,,0.0,"5,E",12.0,",E",11.0,",E",0.0,",E",0.0,",E",0.0,",E",0.0,"5,E",0.0,"5,E",0.0,"5,E",18841125.0,"+,,E",18841123.0,",,E",18841101.0,",5,E",1.0,",E,25,+",20.4,",,E,23,",19.2,"5,E,01,",,,179.3,"5,E",114.5,",,,E",1.092,"5,E",1.474,"5,,,E",0.709,",,,E"
AGE00147709,1885-04-01,36.63,4.2,942.0,"FORT NATIONAL, AG",,,0.0,",E",17.0,",E",15.0,",E",1.0,",E",0.0,",E",0.0,",E",0.0,",E",1.0,",E",0.0,",E",18850411.0,",,E",18850416.0,",,E",18850425.0,",,E",1.8,",E,11,",26.8,",,E,16,",23.2,",E,25,",,,256.0,",E",185.8,",,,E",0.9800000000000001,",E",1.3980000000000001,",,,E",0.562,",,,E"
AGE00147709,1885-05-01,36.63,4.2,942.0,"FORT NATIONAL, AG",,,14.6,",E",2.0,",E",0.0,",E",0.0,",E",0.0,",E",0.0,",E",0.0,",E",24.0,",E",0.0,",E",18850516.0,",,E",18850529.0,",,E",18850513.0,",,E",3.4,",E,16,",2.1,",,E,29,",29.3,",E,13,",,,48.8,",E",4.0,",,,E",1.723,",E",2.29,",,,E",1.1560000000000001,",,,E"
AGE00147709,1885-06-01,36.63,4.2,942.0,"FORT NATIONAL, AG",,,45.3,",E",4.0,",E",4.0,",E",0.0,",E",0.0,",E",0.0,",E",0.0,",E",27.0,",E",0.0,",E",18850619.0,"+,,E",18850615.0,",,E",18850627.0,",,E",10.0,",E,19,+",14.3,",,E,15,",30.0,",E,27,",,,14.0,",E",39.5,",,,E",1.938,",E",2.5170000000000003,",,,E",1.358,",,,E"
AGE00147709,1885-07-01,36.63,4.2,942.0,"FORT NATIONAL, AG",,,164.9,",E",1.0,",E",0.0,",E",0.0,",E",0.0,",E",0.0,",E",0.0,",E",30.0,",E",9.0,",E",18850701.0,",,E",18850730.0,",,E",18850717.0,",,E",11.0,",E,01,",2.3,",,E,30,",35.4,",E,17,",1.6,E,1.6,",E",2.3,",,,E",2.3600000000000003,",E",2.955,",,,E",1.766,",,,E"
AGE00147709,1885-08-01,36.63,4.2,942.0,"FORT NATIONAL, AG",,,271.0,",E",2.0,",E",1.0,",E",0.0,",E",0.0,",E",0.0,",E",0.0,",E",31.0,",E",19.0,",E",18850831.0,",,E",18850802.0,",,E",18850807.0,",,E",14.0,",E,31,",3.9,",,E,02,",38.4,",E,07,",1.6,E,0.0,",E",5.2,",,,E",2.7079999999999997,",E",3.309,",,,E",2.106,",,,E"
AGE00147709,1885-09-01,36.63,4.2,942.0,"FORT NATIONAL, AG",,,79.6,",E",4.0,",E",4.0,",E",1.0,",E",0.0,",E",0.0,",E",0.0,",E",28.0,",E",0.0,",E",18850930.0,",,E",18850929.0,",,E",18850903.0,",,E",8.0,",E,30,",38.2,",,E,29,",32.0,",E,03,",11.9,E,10.3,",E",77.0,",,,E",2.064,",E",2.619,",,,E",1.51,",,,E"
AGE00147709,1885-10-01,36.63,4.2,942.0,"FORT NATIONAL, AG",,,0.3,"1,E",10.0,",E",9.0,",E",0.0,",E",0.0,",E",0.0,",E",0.0,"1,E",5.0,"1,E",0.0,"1,E",18851015.0,",,E",18851012.0,",,E",18851018.0,",1,E",3.0,",E,15,",20.8,",,E,12,",25.2,"1,E,18,",181.0,E,169.1,"1,E",103.3,",,,E",1.277,"1,E",1.682,"1,,,E",0.8720000000000001,",,,E"
AGE00147709,1885-11-01,36.63,4.2,942.0,"FORT NATIONAL, AG",,,0.0,",E",16.0,",E",14.0,",E",2.0,",E",0.0,",E",0.0,",E",0.0,",E",0.0,",E",0.0,",E",18851104.0,",,E",18851107.0,",,E",18851113.0,",,E",2.6,",E,04,",28.6,",,E,07,",19.0,",E,13,",447.3,E,266.3,",E",181.2,",,,E",0.9460000000000001,",E",1.2710000000000001,",,,E",0.621,",,,E"
AGE00147709,1885-12-01,36.63,4.2,942.0,"FORT NATIONAL, AG",,,0.0,",E",11.0,",E",9.0,",E",0.0,",E",0.0,",E",1.0,",E",0.0,",E",0.0,",E",0.0,",E",18851213.0,",,E",18851216.0,",,E",18851201.0,",,E",0.0,",E,13,",19.5,",,E,16,",20.0,",E,01,",785.6,E,338.3,",E",88.4,",,,E",0.742,",E",1.087,",,,E",0.396,",,,E"
AGE00147709,1886-01-01,36.63,4.2,942.0,"FORT NATIONAL, AG",0.0,E,0.0,"3,E",15.0,",E",13.0,",E",2.0,",E",0.0,",E",10.0,",E",0.0,"3,E",0.0,"3,E",0.0,"3,E",18860114.0,"+,,E",18860129.0,",,E",18860125.0,"+,3,E",-2.0,",E,14,+",45.9,",,E,29,",14.0,"3,E,25,+",1169.1,E,383.5,"3,E",175.0,",,,E",0.46900000000000003,"3,E",0.817,"3,,,E",0.121,",,,E"
AGE00147709,1886-02-01,36.63,4.2,942.0,"FORT NATIONAL, AG",0.0,E,0.0,",E",17.0,",E",15.0,",E",2.0,",E",0.0,",E",6.0,",E",0.0,",E",0.0,",E",0.0,",E",18860206.0,",,E",18860209.0,",,E",18860216.0,",,E",-2.0,",E,06,",35.4,",,E,09,",14.2,",E,16,",1522.5,E,353.4,",E",144.2,",,,E",0.571,",E",0.916,",,,E",0.22599999999999998,",,,E"
AGE00147709,1886-03-01,36.63,4.2,942.0,"FORT NATIONAL, AG",0.0,E,0.0,",E",7.0,",E",7.0,",E",1.0,",E",0.0,",E",0.0,",E",0.0,",E",0.0,",E",0.0,",E",18860315.0,",,E",18860310.0,",,E",18860326.0,",,E",2.0,",E,15,",35.0,",,E,10,",20.2,",E,26,",1757.6,E,235.1,",E",91.6,",,,E",1.075,",E",1.4869999999999999,",,,E",0.663,",,,E"
AGE00147709,1886-04-01,36.63,4.2,942.0,"FORT NATIONAL, AG",0.0,E,0.0,",E",17.0,",E",12.0,",E",3.0,",E",0.0,",E",2.0,",E",0.0,",E",4.0,",E",0.0,",E",18860414.0,",,E",18860425.0,",,E",18860404.0,",,E",-1.8,",E,14,",31.2,",,E,25,",22.2,",E,04,",1962.0,E,204.4,",E",163.4,",,,E",1.152,",E",1.567,",,,E",0.737,",,,E"
AGE00147709,1886-05-01,36.63,4.2,942.0,"FORT NATIONAL, AG",18.0,E,18.0,",E",5.0,",E",4.0,",E",2.0,",E",0.0,",E",0.0,",E",0.0,",E",19.0,",E",0.0,",E",18860506.0,",,E",18860502.0,",,E",18860529.0,",,E",4.0,",E,06,",40.9,",,E,02,",29.0,",E,29,",2055.5,E,93.5,",E",85.3,",,,E",1.59,",E",2.093,",,,E",1.0859999999999999,",,,E"
AGE00147709,1886-06-01,36.63,4.2,942.0,"FORT NATIONAL, AG",82.6,E,64.6,",E",0.0,",E",0.0,",E",0.0,",E",0.0,",E",0.0,",E",0.0,",E",26.0,",E",0.0,",E",18860609.0,",,E",18860630.0,"+,,E",18860627.0,",,E",9.0,",E,09,",0.0,",,E,30,+",32.0,",E,27,",2079.0,E,23.5,",E",0.0,",,,E",1.97,",E",2.4989999999999997,",,,E",1.442,",,,E"
AGE00147709,1886-07-01,36.63,4.2,942.0,"FORT NATIONAL, AG",267.5,E,184.9,",E",2.0,",E",0.0,",E",0.0,",E",0.0,",E",0.0,",E",0.0,",E",30.0,",E",9.0,",E",18860712.0,",,E",18860711.0,",,E",18860730.0,",,E",12.0,",E,12,",1.8,",,E,11,",38.0,",E,30,",1.1,E,1.1,",E",3.0,",,,E",2.426,",E",2.955,",,,E",1.8969999999999998,",,,E"
AGE00147709,1886-08-01,36.63,4.2,942.0,"FORT NATIONAL, AG",375.5,E,108.0,",E",2.0,",E",0.0,",E",0.0,",E",0.0,",E",0.0,",E",0.0,",E",30.0,",E",2.0,",E",18860820.0,",,E",18860823.0,",,E",18860810.0,",,E",11.8,",E,20,",1.8,",,E,23,",35.5,",E,10,",5.1,E,4.0,",E",3.0,",,,E",2.169,",E",2.7,",,,E",1.637,",,,E"
AGE00147709,1886-09-01,36.63,4.2,942.0,"FORT NATIONAL, AG",449.2,E,73.7,",E",7.0,",E",6.0,",E",0.0,",E",0.0,",E",0.0,",E",0.0,",E",25.0,",E",0.0,",E",18860927.0,",,E",18860925.0,",,E",18860907.0,",,E",9.8,",E,27,",17.0,",,E,25,",32.0,",E,07,",22.5,E,17.4,",E",41.2,",,,E",2.021,",E",2.434,",,,E",1.6079999999999999,",,,E"
AGE00147709,1886-10-01,36.63,4.2,942.0,"FORT NATIONAL, AG",451.4,E,2.2,"2,E",14.0,",E",9.0,",E",1.0,",E",0.0,"1,E",0.0,"1,E",0.0,"1,E",11.0,"1,E",0.0,"1,E",18861029.0,",1,E",18861028.0,",,E",18861004.0,",1,E",5.6,"1,E,29,",49.4,",,E,28,",26.2,"1,E,04,",128.2,E,105.7,"1,E",141.2,",,,E",1.497,"2,E",1.922,"1,,,E",1.0710000000000002,"1,,,E"
AGE00147709,1886-11-01,36.63,4.2,942.0,"FORT NATIONAL, AG",451.4,E,0.0,"2,E",10.0,",E",6.0,",E",1.0,",E",0.0,"1,E",0.0,"1,E",0.0,"1,E",0.0,"1,E",0.0,"1,E",18861124.0,",1,E",18861119.0,",,E",18861107.0,",1,E",3.0,"1,E,24,",96.2,",,E,19,",19.8,"1,E,07,",364.6,E,236.4,"1,E",147.7,",,,E",0.993,"2,E",1.3359999999999999,"1,,,E",0.649,"1,,,E"
AGE00147709,1886-12-01,36.63,4.2,942.0,"FORT NATIONAL, AG",451.4,E,0.0,"3,E",14.0,",E",14.0,",E",3.0,",E",0.0,"1,E",4.0,"1,E",0.0,"3,E",0.0,"3,E",0.0,"3,E",18861223.0,",1,E",18861201.0,",,E",18861218.0,",3,E",-0.2,"1,E,23,",49.6,",,E,01,",17.8,"3,E,18,",669.4,E,304.8,"3,E",233.1,",,,E",0.734,"3,E",1.059,"3,,,E",0.40800000000000003,"1,,,E"
AGE00147709,1887-02-01,36.63,4.2,942.0,"FORT NATIONAL, AG",,,0.0,",E",10.0,"1,E",8.0,"1,E",0.0,"1,E",0.0,",E",12.0,",E",0.0,",E",0.0,",E",0.0,",E",18870213.0,"+,,E",18870212.0,",1,E",18870226.0,",,E",-3.0,",E,13,+",9.0,"1,,E,12,",14.0,",E,26,",,,391.3,",E",52.4,"1,,,E",0.43600000000000005,",E",0.771,",,,E",0.1,",,,E"
AGE00147709,1887-03-01,36.63,4.2,942.0,"FORT NATIONAL, AG",,,0.0,",E",8.0,"1,E",6.0,"1,E",0.0,"1,E",0.0,",E",0.0,",E",0.0,",E",2.0,",E",0.0,",E",18870317.0,",,E",18870315.0,",1,E",18870325.0,"+,,E",1.0,",E,17,",22.8,"1,,E,15,",22.0,",E,25,+",,,239.3,",E",69.9,"1,,,E",1.061,",E",1.481,",,,E",0.642,",,,E"
AGE00147709,1887-04-01,36.63,4.2,942.0,"FORT NATIONAL, AG",,,5.5,",E",12.0,",E",9.0,",E",0.0,",E",0.0,",E",2.0,",E",0.0,",E",4.0,",E",0.0,",E",18870408.0,"+,,E",18870422.0,",,E",18870425.0,",,E",0.0,",E,08,+",23.7,",,E,22,",27.0,",E,25,",,,243.0,",E",105.6,",,,E",1.042,",E",1.4929999999999999,",,,E",0.5900000000000001,",,,E"
AGE00147709,1887-05-01,36.63,4.2,942.0,"FORT NATIONAL, AG",,,17.9,"2,E",3.0,",E",2.0,",E",0.0,",E",0.0,"1,E",0.0,"1,E",0.0,"1,E",15.0,"1,E",0.0,"1,E",18870525.0,",1,E",18870516.0,",,E",18870529.0,",1,E",5.0,"1,E,25,",7.8,",,E,16,",32.0,"1,E,29,",,,88.3,"1,E",14.3,",,,E",1.6039999999999999,"2,E",2.16,"1,,,E",1.048,"1,,,E"
AGE00147709,1887-06-01,36.63,4.2,942.0,"FORT NATIONAL, AG",,,93.8,",E",3.0,"1,E",2.0,"1,E",0.0,"1,E",0.0,",E",0.0,",E",0.0,",E",26.0,",E",1.0,",E",18870603.0,",,E",18870602.0,",1,E",18870624.0,",,E",9.0,",E,03,",4.7,"1,,E,02,",33.0,",E,24,",,,17.0,",E",10.2,"1,,,E",2.089,",E",2.597,",,,E",1.582,",,,E"
AGE00147709,1887-07-01,36.63,4.2,942.0,"FORT NATIONAL, AG",,,198.7,",E",0.0,",E",0.0,",E",0.0,",E",0.0,",E",0.0,",E",0.0,",E",31.0,",E",8.0,",E",18870721.0,"+,,E",18870731.0,"+,,E",18870731.0,",,E",15.0,",E,21,+",0.0,",,E,31,+",39.0,",E,31,",0.0,E,0.0,",E",0.0,",,,E",2.4739999999999998,",E",3.035,",,,E",1.9129999999999998,",,,E"
AGE00147709,1887-08-01,36.63,4.2,942.0,"FORT NATIONAL, AG",,,204.7,",E",1.0,",E",0.0,",E",0.0,",E",0.0,",E",0.0,",E",0.0,",E",31.0,",E",8.0,",E",18870822.0,",,E",18870822.0,",,E",18870817.0,",,E",16.0,",E,22,",2.3,",,E,22,",36.0,",E,17,",0.0,E,0.0,",E",2.3,",,,E",2.494,",E",3.0940000000000003,",,,E",1.8940000000000001,",,,E"
AGE00147709,1887-09-01,36.63,4.2,942.0,"FORT NATIONAL, AG",,,100.8,"3,E",7.0,"1,E",4.0,"1,E",0.0,"1,E",0.0,"3,E",0.0,"3,E",0.0,",E",24.0,",E",4.0,",E",18870922.0,",3,E",18870909.0,",1,E",18870908.0,",,E",11.0,"3,E,22,",14.2,"1,,E,09,",38.0,",E,08,",7.8,E,7.8,",E",43.6,"1,,,E",2.141,"3,E",2.603,",,,E",1.6780000000000002,"3,,,E"
AGE00147709,1887-10-01,36.63,4.2,942.0,"FORT NATIONAL, AG",,,1.2,"4,E",8.0,"1,E",6.0,"1,E",4.0,"1,E",0.0,"3,E",2.0,"3,E",0.0,"1,E",3.0,"1,E",0.0,"1,E",18871027.0,"+,3,E",18871027.0,",1,E",18871010.0,"+,1,E",0.0,"3,E,27,+",52.0,"1,,E,27,",24.0,"1,E,10,+",198.5,E,190.7,"1,E",171.4,"1,,,E",1.121,"4,E",1.553,"1,,,E",0.689,"3,,,E"
AGE00147709,1887-11-01,36.63,4.2,942.0,"FORT NATIONAL, AG",,,0.3,",E",11.0,",E",11.0,",E",2.0,",E",0.0,",E",0.0,",E",0.0,",E",2.0,",E",0.0,",E",18871121.0,"+,,E",18871127.0,",,E",18871116.0,",,E",2.0,",E,21,+",34.8,",,E,27,",24.0,",E,16,",424.2,E,225.7,",E",149.1,",,,E",1.082,",E",1.407,",,,E",0.757,",,,E"
AGE00147709,1887-12-01,36.63,4.2,942.0,"FORT NATIONAL, AG",,,0.0,"1,E",15.0,"1,E",10.0,"1,E",0.0,"1,E",0.0,"1,E",5.0,"1,E",0.0,",E",0.0,",E",0.0,",E",18871224.0,",1,E",18871227.0,",1,E",18871231.0,",,E",-3.0,"1,E,24,",23.8,"1,,E,27,",19.0,",E,31,",758.9,E,334.7,",E",123.8,"1,,,E",0.712,"1,E",1.019,",,,E",0.40499999999999997,"1,,,E"
AGE00147709,1888-02-01,36.63,4.2,942.0,"FORT NATIONAL, AG",,,0.0,"2,E",15.0,"1,E",10.0,"1,E",0.0,"1,E",0.0,"1,E",14.0,"1,E",0.0,"1,E",0.0,"1,E",0.0,"1,E",18880201.0,",1,E",18880208.0,",1,E",18880214.0,"+,1,E",-4.0,"1,E,01,",15.6,"1,,E,08,",15.0,"1,E,14,+",,,366.8,"1,E",96.4,"1,,,E",0.45999999999999996,"2,E",0.8039999999999999,"1,,,E",0.11599999999999999,"1,,,E"
AGE00147709,1888-03-01,36.63,4.2,942.0,"FORT NATIONAL, AG",,,0.7,"2,E",15.0,",E",12.0,",E",1.0,",E",0.0,"1,E",5.0,"1,E",0.0,"1,E",2.0,"1,E",0.0,"1,E",18880319.0,",1,E",18880318.0,",,E",18880327.0,",1,E",-2.0,"1,E,19,",30.0,",,E,18,",24.0,"1,E,27,",,,294.1,"1,E",148.6,",,,E",0.8089999999999999,"2,E",1.215,"1,,,E",0.403,"1,,,E"
AGE00147709,1888-04-01,36.63,4.2,942.0,"FORT NATIONAL, AG",,,5.2,",E",8.0,",E",5.0,",E",1.0,",E",0.0,",E",0.0,",E",0.0,",E",3.0,",E",0.0,",E",18880411.0,",,E",18880416.0,",,E",18880430.0,",,E",2.0,",E,11,",45.2,",,E,16,",30.0,",E,30,",,,207.7,",E",97.5,",,,E",1.158,",E",1.6,",,,E",0.717,",,,E"
AGE00147709,1888-05-01,36.63,4.2,942.0,"FORT NATIONAL, AG",,,0.8,",E",7.0,",E",2.0,",E",1.0,",E",0.0,",E",0.0,",E",0.0,",E",8.0,",E",0.0,",E",18880507.0,"+,,E",18880502.0,",,E",18880508.0,",,E",7.0,",E,07,+",35.5,",,E,02,",29.0,",E,08,",,,105.2,",E",47.6,",,,E",1.497,",E",1.923,",,,E",1.0710000000000002,",,,E"
AGE00147709,1888-06-01,36.63,4.2,942.0,"FORT NATIONAL, AG",,,65.2,",E",7.0,",E",5.0,",E",0.0,",E",0.0,",E",0.0,",E",0.0,",E",23.0,",E",0.0,",E",18880623.0,",,E",18880624.0,",,E",18880612.0,",,E",11.0,",E,23,",17.9,",,E,24,",32.0,",E,12,",,,14.7,",E",49.6,",,,E",2.002,",E",2.433,",,,E",1.5699999999999998,",,,E"
AGE00147709,1888-07-01,36.63,4.2,942.0,"FORT NATIONAL, AG",,,173.7,",E",1.0,",E",1.0,",E",0.0,",E",0.0,",E",0.0,",E",0.0,",E",31.0,",E",10.0,",E",18880718.0,",,E",18880713.0,",,E",18880729.0,",,E",13.0,",E,18,",9.0,",,E,13,",37.0,",E,29,",0.0,E,0.0,",E",9.0,",,,E",2.394,",E",2.948,",,,E",1.839,",,,E"
AGE00147709,1888-08-01,36.63,4.2,942.0,"FORT NATIONAL, AG",,,120.2,",E",1.0,",E",1.0,",E",0.0,",E",0.0,",E",0.0,",E",0.0,",E",27.0,",E",2.0,",E",18880828.0,"+,,E",18880827.0,",,E",18880816.0,",,E",12.0,",E,28,+",2.6,",,E,27,",34.0,",E,16,",9.0,E,9.0,",E",2.6,",,,E",2.192,",E",2.7,",,,E",1.684,",,,E"
AGE00147709,1888-09-01,36.63,4.2,942.0,"FORT NATIONAL, AG",,,57.0,",E",9.0,",E",6.0,",E",0.0,",E",0.0,",E",0.0,",E",0.0,",E",25.0,",E",0.0,",E",18880905.0,"+,,E",18880912.0,",,E",18880924.0,",,E",13.0,",E,05,+",24.0,",,E,12,",32.0,",E,24,",14.0,E,5.0,",E",62.3,",,,E",2.007,",E",2.443,",,,E",1.5699999999999998,",,,E"
AGE00147709,1888-10-01,36.63,4.2,942.0,"FORT NATIONAL, AG",,,13.2,",E",7.0,",E",6.0,",E",2.0,",E",0.0,",E",0.0,",E",0.0,",E",4.0,",E",0.0,",E",18881008.0,",,E",18881007.0,",,E",18881002.0,",,E",5.0,",E,08,",38.0,",,E,07,",30.0,",E,02,",178.5,E,164.5,",E",96.0,",,,E",1.345,",E",1.716,",,,E",0.974,",,,E"
AGE00147709,1888-11-01,36.63,4.2,942.0,"FORT NATIONAL, AG",,,0.0,"2,E",9.0,"1,E",8.0,"1,E",2.0,"1,E",0.0,"1,E",0.0,"1,E",0.0,"1,E",0.0,"1,E",0.0,"1,E",18881126.0,"+,1,E",18881113.0,",1,E",18881112.0,",1,E",4.0,"1,E,26,+",35.0,"1,,E,13,",20.0,"1,E,12,",386.8,E,208.3,"1,E",110.2,"1,,,E",1.079,"2,E",1.417,"1,,,E",0.741,"1,,,E"
AGE00147709,1888-12-01,36.63,4.2,942.0,"FORT NATIONAL, AG",,,0.0,",E",11.0,",E",8.0,",E",1.0,",E",0.0,",E",0.0,",E",0.0,",E",0.0,",E",0.0,",E",18881231.0,"+,,E",18881218.0,",,E",18881211.0,",,E",2.0,",E,31,+",28.5,",,E,18,",16.0,",E,11,",680.6,E,293.8,",E",75.7,",,,E",0.885,",E",1.142,",,,E",0.629,",,,E"
AGE00147709,1889-01-01,36.63,4.2,942.0,"FORT NATIONAL, AG",0.0,E,0.0,"5,E",16.0,"1,E",16.0,"1,E",1.0,"1,E",0.0,"2,E",7.0,"2,E",0.0,"3,E",0.0,"3,E",0.0,"3,E",18890125.0,"+,2,E",18890102.0,",1,E",18890106.0,"+,3,E",-4.0,"2,E,25,+",39.3,"1,,E,02,",16.0,"3,E,06,+",1046.3,E,365.7,"3,E",193.6,"1,,,E",0.41900000000000004,"5,E",0.721,"3,,,E",0.11699999999999999,"2,,,E"
AGE00147709,1889-02-01,36.63,4.2,942.0,"FORT NATIONAL, AG",0.0,E,0.0,"4,E",12.0,"2,E",10.0,"2,E",0.0,"2,E",0.0,"2,E",10.0,"2,E",0.0,"2,E",0.0,"2,E",0.0,"2,E",18890214.0,",2,E",18890208.0,",2,E",18890226.0,",2,E",-4.0,"2,E,14,",18.0,"2,,E,08,",16.0,"2,E,26,",1346.3,E,300.0,"2,E",95.1,"2,,,E",0.5599999999999999,"4,E",0.954,"2,,,E",0.16499999999999998,"2,,,E"
AGE00147709,1889-03-01,36.63,4.2,942.0,"FORT NATIONAL, AG",0.0,E,0.0,"2,E",14.0,"1,E",14.0,"1,E",1.0,"1,E",0.0,"1,E",8.0,"1,E",0.0,"1,E",0.0,"1,E",0.0,"1,E",18890330.0,",1,E",18890324.0,",1,E",18890308.0,",1,E",-4.0,"1,E,30,",45.8,"1,,E,24,",20.0,"1,E,08,",1696.0,E,349.7,"1,E",163.6,"1,,,E",0.615,"2,E",0.9730000000000001,"1,,,E",0.257,"1,,,E"
AGE00147709,1889-04-01,36.63,4.2,942.0,"FORT NATIONAL, AG",0.0,E,0.0,"2,E",7.0,"1,E",7.0,"1,E",1.0,"1,E",0.0,"1,E",2.0,"1,E",0.0,"1,E",1.0,"1,E",0.0,"1,E",18890412.0,"+,1,E",18890423.0,",1,E",18890422.0,",1,E",0.0,"1,E,12,+",35.1,"1,,E,23,",23.0,"1,E,22,",1932.3,E,236.3,"1,E",135.8,"1,,,E",0.9789999999999999,"2,E",1.452,"1,,,E",0.507,"1,,,E"
AGE00147709,1889-05-01,36.63,4.2,942.0,"FORT NATIONAL, AG",,,,,11.0,"3,E",10.0,"3,E",2.0,"3,E",0.0,"4,E",0.0,"4,E",0.0,"2,E",9.0,"2,E",0.0,"2,E",18890508.0,",4,E",18890507.0,",3,E",18890518.0,",2,E",6.0,"4,E,08,",59.9,"3,,E,07,",27.0,"2,E,18,",,,,,221.0,"3,,,E",1.473,"5,E",1.934,"2,,,E",1.011,"4,,,E"
AGE00147709,1889-06-01,36.63,4.2,942.0,"FORT NATIONAL, AG",,,28.7,"4,E",0.0,"2,E",0.0,"2,E",0.0,"2,E",0.0,"2,E",0.0,"2,E",0.0,"2,E",16.0,"2,E",2.0,"2,E",18890613.0,",2,E",18890630.0,"+,2,E",18890619.0,",2,E",8.0,"2,E,13,",0.0,"2,,E,30,+",34.0,"2,E,19,",,,40.3,"2,E",0.0,"2,,,E",1.813,"4,E",2.304,"2,,,E",1.3210000000000002,"2,,,E"
AGE00147709,1889-07-01,36.63,4.2,942.0,"FORT NATIONAL, AG",,,171.3,"2,E",0.0,"1,E",0.0,"1,E",0.0,"1,E",0.0,"1,E",0.0,"1,E",0.0,"1,E",28.0,"1,E",11.0,"1,E",18890728.0,",1,E",18890731.0,"+,1,E",18890711.0,"+,1,E",12.0,"1,E,28,",0.0,"1,,E,31,+",36.0,"1,E,11,+",3.0,E,3.0,"1,E",0.0,"1,,,E",2.4370000000000003,"2,E",2.9530000000000003,"1,,,E",1.92,"1,,,E"
AGE00147709,1889-08-01,36.63,4.2,942.0,"FORT NATIONAL, AG",,,228.3,"2,E",1.0,"1,E",0.0,"1,E",0.0,"1,E",0.0,"1,E",0.0,"1,E",0.0,"1,E",30.0,"1,E",13.0,"1,E",18890825.0,"+,1,E",18890818.0,",1,E",18890819.0,"+,1,E",15.0,"1,E,25,+",2.0,"1,,E,18,",37.0,"1,E,19,+",3.0,E,0.0,"1,E",2.0,"1,,,E",2.6,"2,E",3.107,"1,,,E",2.093,"1,,,E"
AGE00147709,1889-09-01,36.63,4.2,942.0,"FORT NATIONAL, AG",,,,,5.0,"1,E",2.0,"1,E",0.0,"1,E",0.0,"5,E",0.0,"5,E",0.0,"3,E",22.0,"3,E",1.0,"3,E",18890919.0,",5,E",18890930.0,",1,E",18890907.0,",3,E",10.0,"5,E,19,",8.4,"1,,E,30,",35.0,"3,E,07,",,,,,14.4,"1,,,E",2.0829999999999997,"7,E",2.5629999999999997,"3,,,E",1.6039999999999999,"5,,,E"
AGE00147709,1889-10-01,36.63,4.2,942.0,"FORT NATIONAL, AG",,,,,7.0,"2,E",6.0,"2,E",1.0,"2,E",0.0,"4,E",0.0,"4,E",0.0,"3,E",8.0,"3,E",0.0,"3,E",18891014.0,"+,4,E",18891006.0,",2,E",18891026.0,",3,E",6.0,"4,E,14,+",35.5,"2,,E,06,",28.0,"3,E,26,",,,,,72.3,"2,,,E",1.499,"6,E",1.95,"3,,,E",1.048,"4,,,E"
AGE00147709,1889-11-01,36.63,4.2,942.0,"FORT NATIONAL, AG",,,,,6.0,"4,E",4.0,"4,E",1.0,"4,E",0.0,"4,E",1.0,"4,E",0.0,"2,E",0.0,"2,E",0.0,"2,E",18891129.0,",4,E",18891128.0,",4,E",18891119.0,",2,E",-1.0,"4,E,29,",36.8,"4,,E,28,",21.0,"2,E,19,",,,,,84.3,"4,,,E",1.026,"6,E",1.386,"2,,,E",0.665,"4,,,E"
AGE00147709,1889-12-01,36.63,4.2,942.0,"FORT NATIONAL, AG",,,0.0,"4,E",15.0,"2,E",13.0,"2,E",1.0,"2,E",0.0,"2,E",8.0,"2,E",0.0,"2,E",0.0,"2,E",0.0,"2,E",18891227.0,"+,2,E",18891226.0,",2,E",18891207.0,",2,E",-1.0,"2,E,27,+",47.0,"2,,E,26,",13.0,"2,E,07,",,,367.0,"2,E",189.0,"2,,,E",0.46399999999999997,"4,E",0.745,"2,,,E",0.183,"2,,,E"
AGE00147709,1890-01-01,36.63,4.2,942.0,"FORT NATIONAL, AG",0.0,E,0.0,"1,E",7.0,",E",7.0,",E",1.0,",E",0.0,"1,E",1.0,"1,E",0.0,",E",0.0,",E",0.0,",E",18900131.0,",1,E",18900131.0,",,E",18900115.0,",,E",-2.0,"1,E,31,",26.0,",,E,31,",18.0,",E,15,",,,329.5,",E",79.4,",,,E",0.745,"1,E",1.087,",,,E",0.403,"1,,,E"
AGE00147709,1890-02-01,36.63,4.2,942.0,"FORT NATIONAL, AG",0.0,E,0.0,"3,E",13.0,",E",12.0,",E",2.0,",E",0.0,"2,E",4.0,"2,E",0.0,"1,E",0.0,"1,E",0.0,"1,E",18900203.0,"+,2,E",18900228.0,",,E",18900225.0,",1,E",-2.0,"2,E,03,+",59.0,",,E,28,",18.0,"1,E,25,",,,304.8,"1,E",162.8,",,,E",0.616,"3,E",0.985,"1,,,E",0.246,"2,,,E"
AGE00147709,1890-03-01,36.63,4.2,942.0,"FORT NATIONAL, AG",0.0,E,0.0,"3,E",16.0,",E",14.0,",E",2.0,",E",0.0,"1,E",8.0,"1,E",0.0,"2,E",0.0,"2,E",0.0,"2,E",18900303.0,"+,1,E",18900315.0,",,E",18900331.0,",2,E",-4.0,"1,E,03,+",32.8,",,E,15,",21.0,"2,E,31,",,,319.3,"2,E",217.2,",,,E",0.678,"3,E",1.072,"2,,,E",0.28300000000000003,"1,,,E"
AGE00147709,1890-04-01,36.63,4.2,942.0,"FORT NATIONAL, AG",0.0,E,0.0,"2,E",13.0,",E",11.0,",E",1.0,",E",0.0,"2,E",0.0,"2,E",0.0,",E",1.0,",E",0.0,",E",18900428.0,"+,2,E",18900407.0,",,E",18900425.0,",,E",2.0,"2,E,28,+",26.5,",,E,07,",23.0,",E,25,",,,223.3,",E",110.7,",,,E",1.056,"2,E",1.49,",,,E",0.621,"2,,,E"
AGE00147709,1890-05-01,36.63,4.2,942.0,"FORT NATIONAL, AG",3.0,E,3.0,"2,E",13.0,",E",9.0,",E",0.0,",E",0.0,"2,E",0.0,"2,E",0.0,",E",9.0,",E",0.0,",E",18900503.0,"+,2,E",18900517.0,",,E",18900524.0,"+,,E",4.0,"2,E,03,+",12.0,",,E,17,",25.0,",E,24,+",,,109.2,",E",62.0,",,,E",1.468,"2,E",1.932,",,,E",1.003,"2,,,E"
AGE00147709,1890-06-01,36.63,4.2,942.0,"FORT NATIONAL, AG",102.3,E,99.3,",E",2.0,",E",1.0,",E",0.0,",E",0.0,",E",0.0,",E",0.0,",E",22.0,",E",2.0,",E",18900603.0,"+,,E",18900602.0,",,E",18900624.0,",,E",8.0,",E,03,+",3.5,",,E,02,",38.0,",E,24,",,,32.8,",E",5.9,",,,E",2.055,",E",2.543,",,,E",1.567,",,,E"
AGE00147709,1890-07-01,36.63,4.2,942.0,"FORT NATIONAL, AG",224.6,E,122.3,"1,E",0.0,",E",0.0,",E",0.0,",E",0.0,",E",0.0,",E",0.0,"1,E",28.0,"1,E",4.0,"1,E",18900722.0,",,E",18900731.0,"+,,E",18900729.0,"+,1,E",12.0,",E,22,",0.0,",,E,31,+",34.0,"1,E,29,+",0.3,E,0.3,"1,E",0.0,",,,E",2.253,"1,E",2.757,"1,,,E",1.748,",,,E"
AGE00147709,1890-08-01,36.63,4.2,942.0,"FORT NATIONAL, AG",447.9,E,223.3,"2,E",0.0,",E",0.0,",E",0.0,",E",0.0,"1,E",0.0,"1,E",0.0,"1,E",29.0,"1,E",10.0,"1,E",18900830.0,",1,E",18900831.0,"+,,E",18900818.0,",1,E",12.0,"1,E,30,",0.0,",,E,31,+",42.0,"1,E,18,",2.8,E,2.5,"1,E",0.0,",,,E",2.587,"2,E",3.0829999999999997,"1,,,E",2.09,"1,,,E"
AGE00147709,1890-09-01,36.63,4.2,942.0,"FORT NATIONAL, AG",479.7,E,31.8,",E",3.0,",E",3.0,",E",0.0,",E",0.0,",E",0.0,",E",0.0,",E",20.0,",E",0.0,",E",18900926.0,"+,,E",18900923.0,",,E",18900922.0,",,E",10.0,",E,26,+",12.3,",,E,23,",30.0,",E,22,",31.6,E,28.8,",E",31.0,",,,E",1.843,",E",2.293,",,,E",1.393,",,,E"
AGE00147709,1890-10-01,36.63,4.2,942.0,"FORT NATIONAL, AG",481.2,E,1.5,"1,E",14.0,",E",11.0,",E",2.0,",E",0.0,"1,E",1.0,"1,E",0.0,",E",8.0,",E",0.0,",E",18901030.0,",1,E",18901028.0,",,E",18901011.0,",,E",-1.0,"1,E,30,",50.8,",,E,28,",25.0,",E,11,",181.1,E,149.5,",E",199.6,",,,E",1.329,"1,E",1.684,",,,E",0.9730000000000001,"1,,,E"
AGE00147709,1890-11-01,36.63,4.2,942.0,"FORT NATIONAL, AG",481.2,E,0.0,",E",15.0,",E",11.0,",E",2.0,",E",0.0,",E",0.0,",E",0.0,",E",0.0,",E",0.0,",E",18901130.0,",,E",18901107.0,",,E",18901102.0,",,E",1.0,",E,30,",30.0,",,E,07,",19.0,",E,02,",482.1,E,301.0,",E",147.7,",,,E",0.8300000000000001,",E",1.137,",,,E",0.523,",,,E"
AGE00147709,1890-12-01,36.63,4.2,942.0,"FORT NATIONAL, AG",481.2,E,0.0,"1,E",15.0,"1,E",13.0,"1,E",3.0,"1,E",0.0,",E",7.0,",E",0.0,"1,E",0.0,"1,E",0.0,"1,E",18901202.0,",,E",18901222.0,",1,E",18901208.0,",1,E",-0.2,",E,02,",53.0,"1,,E,22,",15.0,"1,E,08,",865.7,E,383.6,"1,E",214.1,"1,,,E",0.557,"1,E",0.853,"1,,,E",0.261,",,,E"
AGE00147709,1892-02-01,36.63,4.2,942.0,"FORT NATIONAL, AG",,,0.0,",E",12.0,",E",10.0,",E",0.0,",E",0.0,",E",3.0,",E",0.0,",E",0.0,",E",0.0,",E",18920212.0,"+,,E",18920212.0,",,E",18920220.0,",,E",-2.0,",E,12,+",23.5,",,E,12,",19.0,",E,20,",,,292.2,",E",130.5,",,,E",0.826,",E",1.21,",,,E",0.441,",,,E"
AGE00147709,1892-03-01,36.63,4.2,942.0,"FORT NATIONAL, AG",,,0.0,"1,E",8.0,"1,E",8.0,"1,E",2.0,"1,E",0.0,",E",0.0,",E",0.0,"1,E",1.0,"1,E",0.0,"1,E",18920331.0,"+,,E",18920329.0,",1,E",18920325.0,",1,E",1.0,",E,31,+",45.3,"1,,E,29,",24.0,"1,E,25,",,,233.5,"1,E",108.8,"1,,,E",1.0470000000000002,"1,E",1.503,"1,,,E",0.5900000000000001,",,,E"
AGE00147709,1892-04-01,36.63,4.2,942.0,"FORT NATIONAL, AG",,,0.0,"2,E",18.0,",E",17.0,",E",3.0,",E",0.0,"2,E",0.0,"2,E",0.0,"1,E",0.0,"1,E",0.0,"1,E",18920421.0,",2,E",18920410.0,",,E",18920427.0,",1,E",1.0,"2,E,21,",36.7,",,E,10,",20.0,"1,E,27,",,,225.3,"1,E",258.5,",,,E",1.027,"2,E",1.3900000000000001,"1,,,E",0.6639999999999999,"2,,,E"
AGE00147709,1892-05-01,36.63,4.2,942.0,"FORT NATIONAL, AG",,,26.2,"2,E",5.0,",E",2.0,",E",0.0,",E",0.0,"1,E",0.0,"1,E",0.0,"1,E",11.0,"1,E",0.0,"1,E",18920502.0,"+,1,E",18920506.0,",,E",18920526.0,"+,1,E",5.0,"1,E,02,+",5.8,",,E,06,",30.0,"1,E,26,+",,,122.8,"1,E",16.7,",,,E",1.5050000000000001,"2,E",1.98,"1,,,E",1.03,"1,,,E"
AGE00147709,1892-06-01,36.63,4.2,942.0,"FORT NATIONAL, AG",,,95.2,",E",1.0,",E",1.0,",E",0.0,",E",0.0,",E",0.0,",E",0.0,",E",29.0,",E",1.0,",E",18920619.0,"+,,E",18920617.0,",,E",18920622.0,",,E",12.0,",E,19,+",4.3,",,E,17,",33.0,",E,22,",,,4.7,",E",4.5,",,,E",2.1350000000000002,",E",2.627,",,,E",1.643,",,,E"
AGE00147709,1892-07-01,36.63,4.2,942.0,"FORT NATIONAL, AG",,,247.5,",E",3.0,",E",0.0,",E",0.0,",E",0.0,",E",0.0,",E",0.0,",E",31.0,",E",19.0,",E",18920722.0,",,E",18920705.0,",,E",18920731.0,",,E",12.0,",E,22,",1.5,",,E,05,",38.0,",E,31,",0.3,,0.3,",E",3.8,",,,E",2.631,",E",3.274,",,,E",1.987,",,,E"
AGE00147709,1892-08-01,36.63,4.2,942.0,"FORT NATIONAL, AG",,,165.3,"2,E",3.0,"1,E",2.0,"1,E",0.0,"1,E",0.0,"1,E",0.0,"1,E",0.0,"1,E",30.0,"1,E",9.0,"1,E",18920826.0,"+,1,E",18920831.0,",1,E",18920801.0,",1,E",15.0,"1,E,26,+",9.9,"1,,E,31,",37.0,"1,E,01,",0.3,,0.0,"1,E",12.8,"1,,,E",2.395,"2,E",2.923,"1,,,E",1.8670000000000002,"1,,,E"
AGE00147709,1892-09-01,36.63,4.2,942.0,"FORT NATIONAL, AG",,,132.0,",E",6.0,",E",3.0,",E",1.0,",E",0.0,",E",0.0,",E",0.0,",E",26.0,",E",4.0,",E",18920912.0,"+,,E",18920928.0,",,E",18920922.0,",,E",10.0,",E,12,+",25.5,",,E,28,",35.0,",E,22,",13.3,,13.0,",E",38.8,",,,E",2.23,",E",2.7399999999999998,",,,E",1.72,",,,E"
AGE00147709,1892-10-01,36.63,4.2,942.0,"FORT NATIONAL, AG",,,9.0,",E",12.0,",E",9.0,",E",0.0,",E",0.0,",E",0.0,",E",0.0,",E",11.0,",E",0.0,",E",18921022.0,",,E",18921020.0,",,E",18921001.0,",,E",7.0,",E,22,",22.3,",,E,20,",27.0,",E,01,",98.1,,84.8,",E",77.4,",,,E",1.589,",E",1.9769999999999999,",,,E",1.2,",,,E"
AGE00147709,1892-11-01,36.63,4.2,942.0,"FORT NATIONAL, AG",,,0.0,",E",10.0,",E",9.0,",E",0.0,",E",0.0,",E",0.0,",E",0.0,",E",0.0,",E",0.0,",E",18921130.0,",,E",18921117.0,",,E",18921110.0,",,E",4.0,",E,30,",16.1,",,E,17,",21.0,",E,10,",309.6,,211.5,",E",67.3,",,,E",1.128,",E",1.463,",,,E",0.7929999999999999,",,,E"
AGE00147709,1892-12-01,36.63,4.2,942.0,"FORT NATIONAL, AG",,,0.0,"1,E",18.0,",E",17.0,",E",3.0,",E",0.0,"1,E",2.0,"1,E",0.0,"1,E",0.0,"1,E",0.0,"1,E",18921231.0,"+,1,E",18921221.0,"+,,E",18921219.0,"+,1,E",0.0,"1,E,31,+",31.4,",,E,21,+",16.0,"1,E,19,+",639.6,,330.0,"1,E",248.6,",,,E",0.733,"1,E",1.0230000000000001,"1,,,E",0.44299999999999995,"1,,,E"
AGE00147709,1893-01-01,36.63,4.2,942.0,"FORT NATIONAL, AG",0.0,E,0.0,"2,E",12.0,"1,E",9.0,"1,E",3.0,"1,E",0.0,"1,E",11.0,"1,E",2.0,"1,E",0.0,"1,E",0.0,"1,E",18930117.0,",1,E",18930122.0,",1,E",18930109.0,",1,E",-4.0,"1,E,17,",44.0,"1,,E,22,",14.0,"1,E,09,",1039.3,E,399.7,"1,E",174.2,"1,,,E",0.43499999999999994,"2,E",0.7230000000000001,"1,,,E",0.147,"1,,,E"
AGE00147709,1893-02-01,36.63,4.2,942.0,"FORT NATIONAL, AG",0.0,E,0.0,",E",8.0,",E",5.0,",E",0.0,",E",0.0,",E",3.0,",E",0.0,",E",0.0,",E",0.0,",E",18930208.0,"+,,E",18930205.0,",,E",18930225.0,"+,,E",-2.0,",E,08,+",12.0,",,E,05,",17.0,",E,25,+",1355.6,E,316.3,",E",41.7,",,,E",0.704,",E",1.068,",,,E",0.339,",,,E"
AGE00147709,1893-03-01,36.63,4.2,942.0,"FORT NATIONAL, AG",0.7,E,0.7,",E",6.0,",E",2.0,",E",0.0,",E",0.0,",E",0.0,",E",0.0,",E",3.0,",E",0.0,",E",18930325.0,",,E",18930331.0,",,E",18930317.0,",,E",2.0,",E,25,",11.2,",,E,31,",24.0,",E,17,",1560.6,E,205.0,",E",22.8,",,,E",1.174,",E",1.6190000000000002,",,,E",0.729,",,,E"
AGE00147709,1893-04-01,36.63,4.2,942.0,"FORT NATIONAL, AG",21.9,E,21.2,",E",4.0,",E",4.0,",E",1.0,",E",0.0,",E",0.0,",E",0.0,",E",9.0,",E",0.0,",E",18930412.0,",,E",18930414.0,",,E",18930424.0,",,E",2.0,",E,12,",32.8,",,E,14,",28.0,",E,24,",1711.8,E,151.2,",E",54.8,",,,E",1.4,",E",1.86,",,,E",0.9400000000000001,",,,E"
AGE00147709,1893-05-01,36.63,4.2,942.0,"FORT NATIONAL, AG",31.9,E,10.0,",E",5.0,",E",5.0,",E",0.0,",E",0.0,",E",0.0,",E",0.0,",E",14.0,",E",0.0,",E",18930522.0,",,E",18930521.0,",,E",18930517.0,",,E",7.0,",E,22,",11.0,",,E,21,",27.0,",E,17,",1770.1,E,58.3,",E",42.1,",,,E",1.677,",E",2.1420000000000003,",,,E",1.213,",,,E"
AGE00147709,1893-07-01,36.63,4.2,942.0,"FORT NATIONAL, AG",,,182.0,",E",0.0,",E",0.0,",E",0.0,",E",0.0,",E",0.0,",E",0.0,",E",31.0,",E",6.0,",E",18930729.0,",,E",18930731.0,"+,,E",18930703.0,",,E",12.0,",E,29,",0.0,",,E,31,+",38.0,",E,03,",0.8,E,0.8,",E",0.0,",,,E",2.418,",E",2.91,",,,E",1.9260000000000002,",,,E"
AGE00147709,1893-08-01,36.63,4.2,942.0,"FORT NATIONAL, AG",,,197.2,",E",2.0,",E",1.0,",E",0.0,",E",0.0,",E",0.0,",E",0.0,",E",31.0,",E",2.0,",E",18930831.0,"+,,E",18930803.0,",,E",18930823.0,"+,,E",16.0,",E,31,+",3.2,",,E,03,",33.0,",E,23,+",0.8,E,0.0,",E",4.4,",,,E",2.4690000000000003,",E",2.961,",,,E",1.9769999999999999,",,,E"
AGE00147709,1893-09-01,36.63,4.2,942.0,"FORT NATIONAL, AG",,,140.2,"2,E",4.0,"1,E",0.0,"1,E",0.0,"1,E",0.0,"1,E",0.0,"1,E",0.0,"1,E",26.0,"1,E",8.0,"1,E",18930927.0,"+,1,E",18930912.0,",1,E",18930911.0,"+,1,E",13.0,"1,E,27,+",2.0,"1,,E,12,",36.0,"1,E,11,+",4.3,E,3.5,"1,E",5.8,"1,,,E",2.324,"2,E",2.862,"1,,,E",1.786,"1,,,E"
AGE00147709,1893-10-01,36.63,4.2,942.0,"FORT NATIONAL, AG",,,24.3,"2,E",4.0,",E",2.0,",E",1.0,",E",0.0,"1,E",0.0,"1,E",0.0,"1,E",13.0,"1,E",0.0,"1,E",18931021.0,",1,E",18931020.0,",,E",18931011.0,"+,1,E",1.0,"1,E,21,",28.8,",,E,20,",29.0,"1,E,11,+",77.8,E,73.5,"1,E",39.2,",,,E",1.672,"2,E",2.143,"1,,,E",1.2,"1,,,E"
AGE00147709,1893-11-01,36.63,4.2,942.0,"FORT NATIONAL, AG",,,,,11.0,"2,E",9.0,"2,E",0.0,"2,E",0.0,"4,E",2.0,"4,E",0.0,"4,E",1.0,"4,E",0.0,"4,E",18931125.0,",4,E",18931129.0,",2,E",18931104.0,",4,E",-2.0,"4,E,25,",20.0,"2,,E,29,",27.0,"4,E,04,",,,,,82.5,"2,,,E",1.006,"8,E",1.365,"4,,,E",0.646,"4,,,E"
AGE00147709,1893-12-01,36.63,4.2,942.0,"FORT NATIONAL, AG",,,0.0,"3,E",15.0,"1,E",12.0,"1,E",1.0,"1,E",0.0,"1,E",5.0,"1,E",0.0,"2,E",0.0,"2,E",0.0,"2,E",18931223.0,",1,E",18931221.0,",1,E",18931226.0,"+,2,E",-1.0,"1,E,23,",48.3,"1,,E,21,",14.0,"2,E,26,+",,,353.3,"2,E",159.6,"1,,,E",0.5740000000000001,"3,E",0.866,"2,,,E",0.28300000000000003,"1,,,E"
AGE00147709,1895-01-01,36.63,4.2,942.0,"FORT NATIONAL, AG",0.0,E,0.0,"4,E",11.0,"2,E",11.0,"2,E",2.0,"2,E",0.0,"2,E",10.0,"2,E",1.0,"2,E",0.0,"2,E",0.0,"2,E",18950130.0,",2,E",18950130.0,",2,E",18950118.0,",2,E",-5.0,"2,E,30,",42.0,"2,,E,30,",16.0,"2,E,18,",,,334.0,"2,E",186.9,"2,,,E",0.5549999999999999,"4,E",0.883,"2,,,E",0.22799999999999998,"2,,,E"
AGE00147709,1895-02-01,36.63,4.2,942.0,"FORT NATIONAL, AG",0.0,E,0.0,"3,E",10.0,"1,E",8.0,"1,E",0.0,"1,E",0.0,"1,E",3.0,"1,E",0.0,"2,E",0.0,"2,E",0.0,"2,E",18950201.0,",1,E",18950212.0,",1,E",18950223.0,",2,E",-4.0,"1,E,01,",22.4,"1,,E,12,",20.0,"2,E,23,",,,226.8,"2,E",83.1,"1,,,E",0.915,"3,E",1.323,"2,,,E",0.507,"1,,,E"
AGE00147709,1895-03-01,36.63,4.2,942.0,"FORT NATIONAL, AG",0.0,E,0.0,",E",16.0,",E",9.0,",E",0.0,",E",0.0,",E",3.0,",E",0.0,",E",1.0,",E",0.0,",E",18950306.0,",,E",18950322.0,",,E",18950328.0,",,E",-4.0,",E,06,",21.4,",,E,22,",23.0,",E,28,",,,297.8,",E",114.1,",,,E",0.873,",E",1.2710000000000001,",,,E",0.47400000000000003,",,,E"
AGE00147709,1895-04-01,36.63,4.2,942.0,"FORT NATIONAL, AG",5.2,E,5.2,",E",10.0,",E",8.0,",E",0.0,",E",0.0,",E",0.0,",E",0.0,",E",10.0,",E",0.0,",E",18950402.0,",,E",18950418.0,",,E",18950407.0,",,E",3.0,",E,02,",8.1,",,E,18,",29.0,",E,07,",,,135.2,",E",40.2,",,,E",1.4,",E",1.8699999999999999,",,,E",0.93,",,,E"
AGE00147709,1895-05-01,36.63,4.2,942.0,"FORT NATIONAL, AG",14.4,E,9.2,",E",9.0,",E",9.0,",E",1.0,",E",0.0,",E",0.0,",E",0.0,",E",4.0,",E",0.0,",E",18950507.0,"+,,E",18950526.0,",,E",18950530.0,"+,,E",5.0,",E,07,+",30.0,",,E,26,",30.0,",E,30,+",,,138.0,",E",81.5,",,,E",1.418,",E",1.861,",,,E",0.974,",,,E"
AGE00147709,1895-06-01,36.63,4.2,942.0,"FORT NATIONAL, AG",73.2,E,58.8,",E",7.0,",E",5.0,",E",0.0,",E",0.0,",E",0.0,",E",0.0,",E",18.0,",E",2.0,",E",18950605.0,",,E",18950608.0,",,E",18950629.0,",,E",9.0,",E,05,",8.0,",,E,08,",35.0,",E,29,",,,38.8,",E",31.2,",,,E",1.9,",E",2.403,",,,E",1.397,",,,E"
AGE00147709,1895-07-01,36.63,4.2,942.0,"FORT NATIONAL, AG",295.9,E,222.7,",E",0.0,",E",0.0,",E",0.0,",E",0.0,",E",0.0,",E",0.0,",E",31.0,",E",6.0,",E",18950708.0,"+,,E",18950731.0,"+,,E",18950730.0,",,E",16.0,",E,08,+",0.0,",,E,31,+",36.0,",E,30,",0.0,E,0.0,",E",0.0,",,,E",2.552,",E",3.065,",,,E",2.039,",,,E"
AGE00147709,1895-08-01,36.63,4.2,942.0,"FORT NATIONAL, AG",446.9,E,151.0,",E",2.0,",E",2.0,",E",0.0,",E",0.0,",E",0.0,",E",0.0,",E",30.0,",E",3.0,",E",18950829.0,"+,,E",18950825.0,",,E",18950801.0,",,E",15.0,",E,29,+",11.2,",,E,25,",38.0,",E,01,",0.3,E,0.3,",E",21.4,",,,E",2.319,",E",2.784,",,,E",1.855,",,,E"
AGE00147709,1895-10-01,36.63,4.2,942.0,"FORT NATIONAL, AG",,,42.2,",E",5.0,",E",3.0,",E",1.0,",E",0.0,",E",0.0,",E",0.0,",E",23.0,",E",0.0,",E",18951020.0,",,E",18951019.0,",,E",18951001.0,",,E",6.0,",E,20,",26.3,",,E,19,",31.0,",E,01,",,,33.0,",E",50.3,",,,E",1.863,",E",2.3449999999999998,",,,E",1.381,",,,E"
AGE00147709,1895-11-01,36.63,4.2,942.0,"FORT NATIONAL, AG",,,2.8,",E",8.0,",E",4.0,",E",0.0,",E",0.0,",E",0.0,",E",0.0,",E",3.0,",E",0.0,",E",18951106.0,",,E",18951130.0,",,E",18951110.0,",,E",7.0,",E,06,",20.6,",,E,30,",26.0,",E,10,",,,115.8,",E",61.4,",,,E",1.457,",E",1.827,",,,E",1.087,",,,E"
AGE00147709,1897-01-01,36.63,4.2,942.0,"FORT NATIONAL, AG",,,,,14.0,"1,E",10.0,"1,E",1.0,"1,E",0.0,"3,E",9.0,"3,E",0.0,"3,E",0.0,"3,E",0.0,"3,E",18970126.0,",3,E",18970124.0,",1,E",18970109.0,"+,3,E",-4.0,"3,E,26,",66.0,"1,,E,24,",19.0,"3,E,09,+",,,,,131.6,"1,,,E",0.563,"6,E",0.882,"3,,,E",0.24300000000000002,"3,,,E"
AGE00147709,1897-02-01,36.63,4.2,942.0,"FORT NATIONAL, AG",,,0.0,",E",11.0,",E",9.0,",E",4.0,",E",0.0,",E",1.0,",E",0.0,",E",0.0,",E",0.0,",E",18970223.0,",,E",18970220.0,",,E",18970205.0,",,E",0.0,",E,23,",50.0,",,E,20,",18.0,",E,05,",,,298.3,",E",196.5,",,,E",0.768,",E",1.0390000000000001,",,,E",0.496,",,,E"
AGE00147709,1897-03-01,36.63,4.2,942.0,"FORT NATIONAL, AG",,,1.2,"4,E",6.0,"1,E",5.0,"1,E",0.0,"1,E",0.0,"2,E",0.0,"2,E",0.0,"2,E",5.0,"2,E",0.0,"2,E",18970308.0,"+,2,E",18970315.0,"+,1,E",18970321.0,",2,E",1.0,"2,E,08,+",12.0,"1,,E,15,+",26.0,"2,E,21,",,,164.2,"2,E",44.5,"1,,,E",1.202,"4,E",1.6280000000000001,"2,,,E",0.776,"2,,,E"
AGE00147709,1897-04-01,36.63,4.2,942.0,"FORT NATIONAL, AG",,,2.3,"2,E",4.0,",E",3.0,",E",0.0,",E",0.0,"1,E",0.0,"1,E",0.0,"1,E",5.0,"1,E",0.0,"1,E",18970409.0,",1,E",18970408.0,",,E",18970422.0,",1,E",3.0,"1,E,09,",10.0,",,E,08,",26.0,"1,E,22,",,,168.7,"1,E",22.6,",,,E",1.253,"2,E",1.752,"1,,,E",0.755,"1,,,E"
AGE00147709,1897-05-01,36.63,4.2,942.0,"FORT NATIONAL, AG",,,7.2,",E",7.0,",E",6.0,",E",0.0,",E",0.0,",E",0.0,",E",0.0,",E",8.0,",E",0.0,",E",18970517.0,",,E",18970504.0,",,E",18970521.0,",,E",1.0,",E,17,",20.0,",,E,04,",27.0,",E,21,",,,119.0,",E",57.0,",,,E",1.473,",E",1.9129999999999998,",,,E",1.032,",,,E"
AGE00147709,1897-06-01,36.63,4.2,942.0,"FORT NATIONAL, AG",,,108.2,",E",2.0,",E",2.0,",E",0.0,",E",0.0,",E",0.0,",E",0.0,",E",26.0,",E",4.0,",E",18970605.0,"+,,E",18970625.0,",,E",18970630.0,"+,,E",10.0,",E,05,+",9.0,",,E,25,",36.0,",E,30,+",,,13.7,",E",16.0,",,,E",2.148,",E",2.66,",,,E",1.637,",,,E"
AGE00147709,1897-07-01,36.63,4.2,942.0,"FORT NATIONAL, AG",,,181.8,"2,E",0.0,"1,E",0.0,"1,E",0.0,"1,E",0.0,"1,E",0.0,"1,E",0.0,"1,E",30.0,"1,E",7.0,"1,E",18970706.0,"+,1,E",18970731.0,"+,1,E",18970720.0,",1,E",14.0,"1,E,06,+",0.0,"1,,E,31,+",38.0,"1,E,20,",0.0,E,0.0,"1,E",0.0,"1,,,E",2.46,"2,E",2.9370000000000003,"1,,,E",1.9829999999999999,"1,,,E"
AGE00147709,1897-08-01,36.63,4.2,942.0,"FORT NATIONAL, AG",,,205.7,",E",1.0,",E",0.0,",E",0.0,",E",0.0,",E",0.0,",E",0.0,",E",31.0,",E",5.0,",E",18970824.0,",,E",18970823.0,",,E",18970811.0,",,E",16.0,",E,24,",1.6,",,E,23,",35.0,",E,11,",0.0,E,0.0,",E",1.6,",,,E",2.497,",E",2.984,",,,E",2.0100000000000002,",,,E"
AGE00147709,1897-09-01,36.63,4.2,942.0,"FORT NATIONAL, AG",,,63.5,"2,E",6.0,"1,E",2.0,"1,E",0.0,"1,E",0.0,"1,E",0.0,"1,E",0.0,"1,E",21.0,"1,E",1.0,"1,E",18970921.0,",1,E",18970916.0,",1,E",18970902.0,",1,E",8.0,"1,E,21,",19.0,"1,,E,16,",34.0,"1,E,02,",25.8,E,25.8,"1,E",40.0,"1,,,E",1.9620000000000002,"2,E",2.3899999999999997,"1,,,E",1.534,"1,,,E"
AGE00147709,1897-10-01,36.63,4.2,942.0,"FORT NATIONAL, AG",,,5.2,"2,E",5.0,",E",5.0,",E",1.0,",E",0.0,"1,E",0.0,"1,E",0.0,"1,E",5.0,"1,E",0.0,"1,E",18971004.0,",1,E",18971002.0,",,E",18971017.0,"+,1,E",4.0,"1,E,04,",51.2,",,E,02,",28.0,"1,E,17,+",161.6,E,135.8,"1,E",106.2,",,,E",1.395,"2,E",1.797,"1,,,E",0.993,"1,,,E"
AGE00147709,1897-11-01,36.63,4.2,942.0,"FORT NATIONAL, AG",,,3.5,",E",10.0,",E",5.0,",E",0.0,",E",0.0,",E",0.0,",E",0.0,",E",2.0,",E",0.0,",E",18971128.0,",,E",18971113.0,",,E",18971101.0,",,E",4.0,",E,28,",10.5,",,E,13,",28.0,",E,01,",338.6,E,177.0,",E",44.0,",,,E",1.2550000000000001,",E",1.567,",,,E",0.943,",,,E"
AGE00147709,1897-12-01,36.63,4.2,942.0,"FORT NATIONAL, AG",,,0.0,",E",11.0,",E",5.0,",E",0.0,",E",0.0,",E",2.0,",E",0.0,",E",0.0,",E",0.0,",E",18971205.0,"+,,E",18971204.0,",,E",18971224.0,",,E",0.0,",E,05,+",21.0,",,E,04,",16.0,",E,24,",689.4,E,350.8,",E",76.2,",,,E",0.702,",E",1.019,",,,E",0.384,",,,E"
AGE00147709,1898-01-01,36.63,4.2,942.0,"FORT NATIONAL, AG",0.0,E,0.0,",E",7.0,",E",5.0,",E",1.0,",E",0.0,",E",1.0,",E",0.0,",E",0.0,",E",0.0,",E",18980118.0,",,E",18980121.0,",,E",18980114.0,",,E",0.0,",E,18,",29.4,",,E,21,",21.0,",E,14,",982.2,E,292.8,",E",64.1,",,,E",0.889,",E",1.2810000000000001,",,,E",0.497,",,,E"
AGE00147709,1898-02-01,36.63,4.2,942.0,"FORT NATIONAL, AG",0.0,E,0.0,"1,E",14.0,",E",12.0,",E",2.0,",E",0.0,"1,E",7.0,"1,E",0.0,",E",0.0,",E",0.0,",E",18980226.0,"+,1,E",18980224.0,",,E",18980218.0,",,E",-3.0,"1,E,26,+",41.0,",,E,24,",21.0,",E,18,",1323.2,E,341.0,",E",186.8,",,,E",0.5690000000000001,"1,E",0.954,",,,E",0.185,"1,,,E"
AGE00147709,1898-03-01,36.63,4.2,942.0,"FORT NATIONAL, AG",0.0,E,0.0,"5,E",16.0,"3,E",15.0,"3,E",2.0,"3,E",0.0,"3,E",0.0,"3,E",0.0,"3,E",0.0,"3,E",0.0,"3,E",18980327.0,"+,3,E",18980322.0,",3,E",18980320.0,",3,E",1.0,"3,E,27,+",54.6,"3,,E,22,",17.0,"3,E,20,",1594.4,E,271.2,"3,E",209.0,"3,,,E",0.7889999999999999,"5,E",1.182,"3,,,E",0.396,"3,,,E"
AGE00147709,1898-04-01,36.63,4.2,942.0,"FORT NATIONAL, AG",0.0,E,0.0,"2,E",13.0,",E",11.0,",E",2.0,",E",0.0,"1,E",1.0,"1,E",0.0,"1,E",3.0,"1,E",0.0,"1,E",18980417.0,",1,E",18980426.0,",,E",18980425.0,"+,1,E",0.0,"1,E,17,",81.0,",,E,26,",22.0,"1,E,25,+",1830.7,E,236.3,"1,E",247.1,",,,E",1.0050000000000001,"2,E",1.476,"1,,,E",0.534,"1,,,E"
AGE00147709,1898-05-01,36.63,4.2,942.0,"FORT NATIONAL, AG",4.2,E,4.2,",E",6.0,",E",3.0,",E",1.0,",E",0.0,",E",0.0,",E",0.0,",E",9.0,",E",0.0,",E",18980509.0,",,E",18980518.0,",,E",18980515.0,"+,,E",4.0,",E,09,",38.0,",,E,18,",25.0,",E,15,+",1958.7,E,128.0,",E",56.2,",,,E",1.434,",E",1.9260000000000002,",,,E",0.942,",,,E"
AGE00147709,1898-06-01,36.63,4.2,942.0,"FORT NATIONAL, AG",62.0,E,57.8,"2,E",3.0,",E",0.0,",E",0.0,",E",0.0,"1,E",0.0,"1,E",0.0,"1,E",23.0,"1,E",1.0,"1,E",18980619.0,"+,1,E",18980629.0,"+,,E",18980622.0,",1,E",10.0,"1,E,19,+",2.0,",,E,29,+",35.0,"1,E,22,",1979.9,E,21.2,"1,E",6.0,",,,E",1.969,"2,E",2.503,"1,,,E",1.434,"1,,,E"
AGE00147709,1898-08-01,36.63,4.2,942.0,"FORT NATIONAL, AG",,,181.2,",E",0.0,",E",0.0,",E",0.0,",E",0.0,",E",0.0,",E",0.0,",E",31.0,",E",4.0,",E",18980827.0,"+,,E",18980831.0,"+,,E",18980816.0,",,E",14.0,",E,27,+",0.0,",,E,31,+",41.0,",E,16,",,,0.0,",E",0.0,",,,E",2.418,",E",2.935,",,,E",1.9,",,,E"
AGE00147709,1898-09-01,36.63,4.2,942.0,"FORT NATIONAL, AG",,,87.8,",E",7.0,",E",6.0,",E",0.0,",E",0.0,",E",0.0,",E",0.0,",E",26.0,",E",1.0,",E",18980930.0,",,E",18980928.0,",,E",18980910.0,",,E",10.0,",E,30,",22.6,",,E,28,",36.0,",E,10,",,,15.3,",E",72.6,",,,E",2.075,",E",2.533,",,,E",1.6170000000000002,",,,E"
AGE00147709,1898-10-01,36.63,4.2,942.0,"FORT NATIONAL, AG",,,5.7,",E",7.0,",E",3.0,",E",1.0,",E",0.0,",E",0.0,",E",0.0,",E",8.0,",E",0.0,",E",18981020.0,",,E",18981019.0,",,E",18981031.0,",,E",5.0,",E,20,",45.4,",,E,19,",29.0,",E,31,",,,82.0,",E",62.4,",,,E",1.587,",E",1.987,",,,E",1.1869999999999998,",,,E"
AGE00147709,1898-11-01,36.63,4.2,942.0,"FORT NATIONAL, AG",,,0.0,",E",14.0,",E",13.0,",E",6.0,",E",0.0,",E",0.0,",E",0.0,",E",0.0,",E",0.0,",E",18981130.0,",,E",18981105.0,",,E",18981110.0,",,E",2.0,",E,30,",65.0,",,E,05,",21.0,",E,10,",,,214.0,",E",296.6,",,,E",1.1199999999999999,",E",1.417,",,,E",0.8230000000000001,",,,E"
AGE00147709,1899-01-01,36.63,4.2,942.0,"FORT NATIONAL, AG",0.0,E,0.0,",E",8.0,",E",5.0,",E",0.0,",E",0.0,",E",0.0,",E",0.0,",E",0.0,",E",0.0,",E",18990127.0,"+,,E",18990110.0,",,E",18990130.0,",,E",1.0,",E,27,+",14.0,",,E,10,",16.0,",E,30,",,,333.3,",E",44.4,",,,E",0.758,",E",1.103,",,,E",0.413,",,,E"
AGE00147709,1899-02-01,36.63,4.2,942.0,"FORT NATIONAL, AG",0.0,E,0.0,",E",12.0,",E",11.0,",E",0.0,",E",0.0,",E",0.0,",E",0.0,",E",1.0,",E",0.0,",E",18990228.0,"+,,E",18990218.0,",,E",18990210.0,",,E",1.0,",E,28,+",20.0,",,E,18,",22.0,",E,10,",,,239.3,",E",91.4,",,,E",0.9789999999999999,",E",1.357,",,,E",0.6,",,,E"
AGE00147709,1899-03-01,36.63,4.2,942.0,"FORT NATIONAL, AG",0.0,E,0.0,"1,E",13.0,",E",12.0,",E",3.0,",E",0.0,"1,E",2.0,"1,E",0.0,"1,E",2.0,"1,E",0.0,"1,E",18990326.0,",1,E",18990313.0,",,E",18990322.0,",1,E",-1.0,"1,E,26,",38.6,",,E,13,",23.0,"1,E,22,",,,275.0,"1,E",185.4,",,,E",0.917,"1,E",1.33,"1,,,E",0.503,"1,,,E"
AGE00147709,1899-04-01,36.63,4.2,942.0,"FORT NATIONAL, AG",1.7,E,1.7,",E",6.0,",E",2.0,",E",0.0,",E",0.0,",E",0.0,",E",0.0,",E",3.0,",E",0.0,",E",18990410.0,",,E",18990412.0,",,E",18990428.0,",,E",4.0,",E,10,",11.0,",,E,12,",30.0,",E,28,",,,149.7,",E",19.6,",,,E",1.34,",E",1.8170000000000002,",,,E",0.8630000000000001,",,,E"
AGE00147709,1899-05-01,36.63,4.2,942.0,"FORT NATIONAL, AG",26.7,E,25.0,",E",8.0,",E",3.0,",E",0.0,",E",0.0,",E",0.0,",E",0.0,",E",14.0,",E",1.0,",E",18990509.0,",,E",18990508.0,",,E",18990521.0,",,E",6.0,",E,09,",21.0,",,E,08,",33.0,",E,21,",,,69.3,",E",37.4,",,,E",1.69,",E",2.148,",,,E",1.232,",,,E"
AGE00147709,1899-06-01,36.63,4.2,942.0,"FORT NATIONAL, AG",64.7,E,38.0,",E",8.0,",E",6.0,",E",0.0,",E",0.0,",E",0.0,",E",0.0,",E",16.0,",E",0.0,",E",18990623.0,",,E",18990603.0,",,E",18990610.0,",,E",9.0,",E,23,",18.0,",,E,03,",32.0,",E,10,",,,34.5,",E",68.3,",,,E",1.845,",E",2.293,",,,E",1.397,",,,E"
AGE00147709,1899-09-01,36.63,4.2,942.0,"FORT NATIONAL, AG",,,117.8,",E",6.0,",E",4.0,",E",0.0,",E",0.0,",E",0.0,",E",0.0,",E",25.0,",E",4.0,",E",18990919.0,"+,,E",18990917.0,",,E",18990908.0,",,E",12.0,",E,19,+",19.8,",,E,17,",39.0,",E,08,",,,11.8,",E",35.4,",,,E",2.1870000000000003,",E",2.663,",,,E",1.7100000000000002,",,,E"
AGE00147709,1899-10-01,36.63,4.2,942.0,"FORT NATIONAL, AG",,,49.7,",E",3.0,",E",2.0,",E",0.0,",E",0.0,",E",0.0,",E",0.0,",E",25.0,",E",0.0,",E",18991021.0,"+,,E",18991017.0,",,E",18991002.0,",,E",11.0,",E,21,+",12.5,",,E,17,",29.0,",E,02,",,,10.5,",E",21.1,",,,E",1.9600000000000002,",E",2.384,",,,E",1.535,",,,E"
AGE00147709,1899-11-01,36.63,4.2,942.0,"FORT NATIONAL, AG",,,7.8,",E",6.0,",E",4.0,",E",1.0,",E",0.0,",E",0.0,",E",0.0,",E",9.0,",E",0.0,",E",18991119.0,",,E",18991118.0,",,E",18991113.0,",,E",2.0,",E,19,",28.9,",,E,18,",28.0,",E,13,",,,173.3,",E",64.8,",,,E",1.282,",E",1.6329999999999998,",,,E",0.93,",,,E"
AGE00147709,1899-12-01,36.63,4.2,942.0,"FORT NATIONAL, AG",,,0.0,"3,E",9.0,"1,E",9.0,"1,E",3.0,"1,E",0.0,"2,E",1.0,"2,E",0.0,"2,E",0.0,"2,E",0.0,"2,E",18991217.0,",2,E",18991209.0,",1,E",18991224.0,"+,2,E",-1.0,"2,E,17,",50.0,"1,,E,09,",20.0,"2,E,24,+",,,278.8,"2,E",206.2,"1,,,E",0.8220000000000001,"3,E",1.176,"2,,,E",0.46900000000000003,"2,,,E"
AGE00147709,1900-01-01,36.63,4.2,942.0,"FORT NATIONAL, AG",0.0,E,0.0,"5,E",12.0,"1,E",11.0,"1,E",2.0,"1,E",0.0,"3,E",4.0,"3,E",0.0,"2,E",0.0,"2,E",0.0,"2,E",19000130.0,",3,E",19000106.0,",1,E",19000122.0,"+,2,E",-1.0,"3,E,30,",43.0,"1,,E,06,",19.0,"2,E,22,+",,,281.2,"2,E",201.1,"1,,,E",0.758,"5,E",1.1480000000000001,"2,,,E",0.368,"3,,,E"
AGE00147709,1900-02-01,36.63,4.2,942.0,"FORT NATIONAL, AG",0.0,E,0.0,"2,E",5.0,"1,E",3.0,"1,E",0.0,"1,E",0.0,"1,E",0.0,"1,E",0.0,"1,E",2.0,"1,E",0.0,"1,E",19000211.0,"+,1,E",19000208.0,",1,E",19000224.0,",1,E",3.0,"1,E,11,+",18.4,"1,,E,08,",23.0,"1,E,24,",,,186.2,"1,E",40.6,"1,,,E",1.122,"2,E",1.589,"1,,,E",0.6559999999999999,"1,,,E"
AGE00147709,1900-03-01,36.63,4.2,942.0,"FORT NATIONAL, AG",,,,,10.0,"3,E",9.0,"3,E",2.0,"3,E",0.0,"3,E",3.0,"3,E",0.0,"3,E",0.0,"3,E",0.0,"3,E",19000306.0,",3,E",19000328.0,",3,E",19000327.0,",3,E",-3.0,"3,E,06,",55.0,"3,,E,28,",19.0,"3,E,27,",,,,,128.0,"3,,,E",0.768,"6,E",1.15,"3,,,E",0.386,"3,,,E"
AGE00147709,1900-05-01,36.63,4.2,942.0,"FORT NATIONAL, AG",,,4.5,"5,E",9.0,"3,E",8.0,"3,E",3.0,"3,E",0.0,"2,E",0.0,"2,E",0.0,"4,E",7.0,"4,E",0.0,"4,E",19000518.0,"+,2,E",19000520.0,",3,E",19000530.0,",4,E",6.0,"2,E,18,+",57.0,"3,,E,20,",30.0,"4,E,30,",,,116.7,"4,E",195.8,"3,,,E",1.435,"5,E",1.9149999999999998,"4,,,E",0.9550000000000001,"2,,,E"
AGE00147709,1900-06-01,36.63,4.2,942.0,"FORT NATIONAL, AG",,,95.5,"4,E",5.0,"2,E",5.0,"2,E",0.0,"2,E",0.0,"3,E",0.0,"3,E",0.0,"2,E",22.0,"2,E",4.0,"2,E",19000604.0,",3,E",19000603.0,",2,E",19000623.0,"+,2,E",9.0,"3,E,04,",14.0,"2,,E,03,",39.0,"2,E,23,+",,,18.7,"2,E",44.4,"2,,,E",2.1,"4,E",2.604,"2,,,E",1.596,"3,,,E"
AGE00147709,1900-08-01,36.63,4.2,942.0,"FORT NATIONAL, AG",,,136.0,",E",4.0,",E",1.0,",E",0.0,",E",0.0,",E",0.0,",E",0.0,",E",29.0,",E",5.0,",E",19000831.0,"+,,E",19000823.0,",,E",19000808.0,",,E",13.0,",E,31,+",2.8,",,E,23,",37.0,",E,08,",,,3.8,",E",8.2,",,,E",2.2600000000000002,",E",2.777,",,,E",1.7420000000000002,",,,E"
AGE00147709,1900-09-01,36.63,4.2,942.0,"FORT NATIONAL, AG",,,104.5,"2,E",7.0,"1,E",4.0,"1,E",0.0,"1,E",0.0,"1,E",0.0,"1,E",0.0,"1,E",28.0,"1,E",0.0,"1,E",19000901.0,",1,E",19000918.0,",1,E",19000905.0,"+,1,E",12.0,"1,E,01,",5.8,"1,,E,18,",31.0,"1,E,05,+",,,3.3,"1,E",22.3,"1,,,E",2.21,"2,E",2.679,"1,,,E",1.741,"1,,,E"
AGE00147709,1900-10-01,36.63,4.2,942.0,"FORT NATIONAL, AG",,,26.7,",E",9.0,",E",3.0,",E",0.0,",E",0.0,",E",0.0,",E",0.0,",E",14.0,",E",0.0,",E",19001029.0,",,E",19001027.0,",,E",19001006.0,",,E",9.0,",E,29,",17.0,",,E,27,",29.0,",E,06,",,,56.0,",E",36.7,",,,E",1.739,",E",2.1100000000000003,",,,E",1.3679999999999999,",,,E"
AGE00147709,1900-11-01,36.63,4.2,942.0,"FORT NATIONAL, AG",,,0.0,",E",18.0,",E",17.0,",E",2.0,",E",0.0,",E",3.0,",E",0.0,",E",0.0,",E",0.0,",E",19001130.0,",,E",19001110.0,",,E",19001101.0,",,E",-1.0,",E,30,",68.0,",,E,10,",20.0,",E,01,",,,290.0,",E",273.0,",,,E",0.867,",E",1.177,",,,E",0.557,",,,E"
AGE00147709,1900-12-01,36.63,4.2,942.0,"FORT NATIONAL, AG",,,0.0,"4,E",5.0,"1,E",3.0,"1,E",0.0,"1,E",0.0,"2,E",1.0,"2,E",0.0,"2,E",0.0,"2,E",0.0,"2,E",19001201.0,",2,E",19001203.0,",1,E",19001207.0,",2,E",-1.0,"2,E,01,",19.5,"1,,E,03,",21.0,"2,E,07,",,,299.0,"2,E",37.5,"1,,,E",0.717,"4,E",1.066,"2,,,E",0.369,"2,,,E"
AGE00147709,1901-01-01,36.63,4.2,942.0,"FORT NATIONAL, AG",0.0,E,0.0,",E",11.0,",E",10.0,",E",2.0,",E",0.0,",E",6.0,",E",0.0,",E",0.0,",E",0.0,",E",19010106.0,",,E",19010111.0,",,E",19010120.0,"+,,E",-3.0,",E,06,",32.0,",,E,11,",19.0,",E,20,+",,,354.3,",E",134.0,",,,E",0.6900000000000001,",E",1.113,",,,E",0.268,",,,E"
AGE00147709,1901-02-01,36.63,4.2,942.0,"FORT NATIONAL, AG",0.0,E,0.0,",E",10.0,",E",8.0,",E",1.0,",E",0.0,",E",15.0,",E",0.0,",E",0.0,",E",0.0,",E",19010218.0,",,E",19010212.0,",,E",19010223.0,",,E",-4.0,",E,18,",26.0,",,E,12,",16.0,",E,23,",,,400.8,",E",113.5,",,,E",0.40199999999999997,",E",0.754,",,,E",0.05,",,,E"
AGE00147709,1901-03-01,36.63,4.2,942.0,"FORT NATIONAL, AG",0.0,E,0.0,",E",9.0,",E",8.0,",E",0.0,",E",0.0,",E",5.0,",E",0.0,",E",0.0,",E",0.0,",E",19010328.0,"+,,E",19010327.0,",,E",19010330.0,",,E",-1.0,",E,28,+",20.0,",,E,27,",19.0,",E,30,",,,318.8,",E",71.6,",,,E",0.805,",E",1.2449999999999999,",,,E",0.365,",,,E"
AGE00147709,1901-05-01,36.63,4.2,942.0,"FORT NATIONAL, AG",,,0.0,"1,E",14.0,"1,E",13.0,"1,E",1.0,"1,E",0.0,",E",0.0,",E",0.0,"1,E",0.0,"1,E",0.0,"1,E",19010513.0,"+,,E",19010523.0,",1,E",19010528.0,"+,1,E",4.0,",E,13,+",38.0,"1,,E,23,",21.0,"1,E,28,+",,,185.5,"1,E",156.7,"1,,,E",1.2189999999999999,"1,E",1.5630000000000002,"1,,,E",0.874,",,,E"
AGE00147709,1901-06-01,36.63,4.2,942.0,"FORT NATIONAL, AG",,,115.8,"1,E",0.0,",E",0.0,",E",0.0,",E",0.0,"1,E",0.0,"1,E",0.0,",E",28.0,",E",2.0,",E",19010621.0,"+,1,E",19010630.0,"+,,E",19010629.0,",,E",11.0,"1,E,21,+",0.0,",,E,30,+",35.0,",E,29,",,,6.5,",E",0.0,",,,E",2.2039999999999997,"1,E",2.657,",,,E",1.752,"1,,,E"
AGE00147709,1901-07-01,36.63,4.2,942.0,"FORT NATIONAL, AG",,,,,1.0,"3,E",1.0,"3,E",0.0,"3,E",0.0,"3,E",0.0,"3,E",0.0,"3,E",27.0,"3,E",3.0,"3,E",19010707.0,"+,3,E",19010706.0,",3,E",19010702.0,",3,E",14.0,"3,E,07,+",2.5,"3,,E,06,",35.0,"3,E,02,",,,,,2.5,"3,,,E",2.334,"6,E",2.879,"3,,,E",1.7890000000000001,"3,,,E"
AGE00147709,1901-08-01,36.63,4.2,942.0,"FORT NATIONAL, AG",,,148.2,",E",1.0,",E",0.0,",E",0.0,",E",0.0,",E",0.0,",E",0.0,",E",31.0,",E",3.0,",E",19010818.0,",,E",19010825.0,",,E",19010812.0,",,E",14.0,",E,18,",0.6,",,E,25,",36.0,",E,12,",,,0.0,",E",0.6,",,,E",2.311,",E",2.8129999999999997,",,,E",1.81,",,,E"
AGE00147709,1901-09-01,36.63,4.2,942.0,"FORT NATIONAL, AG",,,69.8,",E",6.0,",E",5.0,",E",2.0,",E",0.0,",E",0.0,",E",0.0,",E",21.0,",E",3.0,",E",19010924.0,",,E",19010923.0,",,E",19010906.0,",,E",9.0,",E,24,",34.2,",,E,23,",36.0,",E,06,",,,32.3,",E",93.0,",,,E",1.9579999999999997,",E",2.393,",,,E",1.5230000000000001,",,,E"
AGE00147709,1901-10-01,36.63,4.2,942.0,"FORT NATIONAL, AG",,,0.0,",E",11.0,",E",8.0,",E",1.0,",E",0.0,",E",0.0,",E",0.0,",E",3.0,",E",0.0,",E",19011021.0,",,E",19011024.0,",,E",19011014.0,",,E",4.0,",E,21,",50.0,",,E,24,",24.0,",E,14,",,,173.3,",E",138.8,",,,E",1.274,",E",1.652,",,,E",0.897,",,,E"
AGE00147709,1901-11-01,36.63,4.2,942.0,"FORT NATIONAL, AG",,,0.0,"1,E",10.0,",E",9.0,",E",0.0,",E",0.0,",E",0.0,",E",0.0,"1,E",2.0,"1,E",0.0,"1,E",19011130.0,",,E",19011128.0,",,E",19011117.0,"+,1,E",1.0,",E,30,",20.6,",,E,28,",22.0,"1,E,17,+",,,233.7,"1,E",97.8,",,,E",1.0230000000000001,"1,E",1.4,"1,,,E",0.647,",,,E"
AGE00147709,1901-12-01,36.63,4.2,942.0,"FORT NATIONAL, AG",,,0.0,",E",12.0,",E",10.0,",E",0.0,",E",0.0,",E",3.0,",E",0.0,",E",0.0,",E",0.0,",E",19011222.0,",,E",19011221.0,",,E",19011230.0,",,E",-4.0,",E,22,",23.2,",,E,21,",20.0,",E,30,",,,375.3,",E",95.6,",,,E",0.623,",E",0.9970000000000001,",,,E",0.248,",,,E"
AGE00147709,1902-01-01,36.63,4.2,942.0,"FORT NATIONAL, AG",0.0,E,0.0,",E",7.0,",E",3.0,",E",0.0,",E",0.0,",E",4.0,",E",0.0,",E",0.0,",E",0.0,",E",19020131.0,"+,,E",19020115.0,",,E",19020125.0,"+,,E",0.0,",E,31,+",22.6,",,E,15,",15.0,",E,25,+",,,383.8,",E",50.2,",,,E",0.595,",E",0.9550000000000001,",,,E",0.23500000000000001,",,,E"
AGE00147709,1902-02-01,36.63,4.2,942.0,"FORT NATIONAL, AG",0.0,E,0.0,"2,E",11.0,",E",10.0,",E",4.0,",E",0.0,"1,E",7.0,"1,E",0.0,"1,E",0.0,"1,E",0.0,"1,E",19020217.0,",1,E",19020221.0,",,E",19020227.0,"+,1,E",-4.0,"1,E,17,",75.0,",,E,21,",19.0,"1,E,27,+",,,260.2,"1,E",294.8,",,,E",0.8089999999999999,"2,E",1.241,"1,,,E",0.378,"1,,,E"
AGE00147709,1902-03-01,36.63,4.2,942.0,"FORT NATIONAL, AG",0.0,E,0.0,"2,E",8.0,"1,E",4.0,"1,E",0.0,"1,E",0.0,"1,E",0.0,"1,E",0.0,"1,E",0.0,"1,E",0.0,"1,E",19020325.0,"+,1,E",19020307.0,",1,E",19020331.0,",1,E",1.0,"1,E,25,+",25.2,"1,,E,07,",19.0,"1,E,31,",,,257.2,"1,E",57.4,"1,,,E",0.95,"2,E",1.347,"1,,,E",0.553,"1,,,E"
AGE00147709,1902-04-01,36.63,4.2,942.0,"FORT NATIONAL, AG",1.8,E,1.8,"2,E",13.0,",E",7.0,",E",2.0,",E",0.0,"1,E",0.0,"1,E",0.0,"1,E",6.0,"1,E",0.0,"1,E",19020425.0,"+,1,E",19020406.0,",,E",19020403.0,"+,1,E",6.0,"1,E,25,+",32.6,",,E,06,",26.0,"1,E,03,+",,,129.7,"1,E",102.3,",,,E",1.381,"2,E",1.845,"1,,,E",0.917,"1,,,E"
AGE00147709,1902-05-01,36.63,4.2,942.0,"FORT NATIONAL, AG",4.3,E,2.5,",E",10.0,",E",6.0,",E",0.0,",E",0.0,",E",0.0,",E",0.0,",E",6.0,",E",0.0,",E",19020509.0,",,E",19020507.0,",,E",19020528.0,"+,,E",2.0,",E,09,",15.4,",,E,07,",25.0,",E,28,+",,,186.3,",E",59.4,",,,E",1.24,",E",1.7129999999999999,",,,E",0.768,",,,E"
AGE00147709,1902-06-01,36.63,4.2,942.0,"FORT NATIONAL, AG",56.5,E,52.2,",E",5.0,",E",1.0,",E",0.0,",E",0.0,",E",0.0,",E",0.0,",E",20.0,",E",1.0,",E",19020612.0,"+,,E",19020610.0,",,E",19020630.0,",,E",10.0,",E,12,+",16.0,",,E,10,",33.0,",E,30,",,,32.2,",E",20.2,",,,E",1.9,",E",2.35,",,,E",1.45,",,,E"
AGE00147709,1902-08-01,36.63,4.2,942.0,"FORT NATIONAL, AG",,,252.2,"2,E",2.0,",E",2.0,",E",0.0,",E",0.0,"1,E",0.0,"1,E",0.0,"1,E",30.0,"1,E",12.0,"1,E",19020830.0,",1,E",19020830.0,",,E",19020822.0,"+,1,E",12.0,"1,E,30,",5.0,",,E,30,",38.0,"1,E,22,+",,,0.3,"1,E",9.6,",,,E",2.6719999999999997,"2,E",3.157,"1,,,E",2.1870000000000003,"1,,,E"
AGE00147709,1902-09-01,36.63,4.2,942.0,"FORT NATIONAL, AG",,,103.0,",E",6.0,",E",3.0,",E",0.0,",E",0.0,",E",0.0,",E",0.0,",E",23.0,",E",4.0,",E",19020928.0,"+,,E",19020927.0,",,E",19020904.0,",,E",10.0,",E,28,+",24.0,",,E,27,",36.0,",E,04,",,,22.0,",E",43.2,",,,E",2.103,",E",2.56,",,,E",1.6469999999999998,",,,E"
AGE00147709,1902-10-01,36.63,4.2,942.0,"FORT NATIONAL, AG",,,10.3,"2,E",13.0,"1,E",10.0,"1,E",1.0,"1,E",0.0,"1,E",0.0,"1,E",0.0,"1,E",7.0,"1,E",0.0,"1,E",19021024.0,",1,E",19021030.0,",1,E",19021009.0,",1,E",5.0,"1,E,24,",27.0,"1,,E,30,",29.0,"1,E,09,",,,123.5,"1,E",101.5,"1,,,E",1.423,"2,E",1.81,"1,,,E",1.037,"1,,,E"
AGE00147709,1902-11-01,36.63,4.2,942.0,"FORT NATIONAL, AG",,,0.0,",E",13.0,",E",12.0,",E",2.0,",E",0.0,",E",0.0,",E",0.0,",E",1.0,",E",0.0,",E",19021128.0,"+,,E",19021130.0,",,E",19021103.0,",,E",5.0,",E,28,+",75.8,",,E,30,",26.0,",E,03,",,,213.5,",E",192.8,",,,E",1.122,",E",1.447,",,,E",0.7969999999999999,",,,E"
AGE00147709,1902-12-01,36.63,4.2,942.0,"FORT NATIONAL, AG",,,0.0,"2,E",17.0,",E",13.0,",E",1.0,",E",0.0,"1,E",2.0,"1,E",0.0,"1,E",0.0,"1,E",0.0,"1,E",19021231.0,"+,1,E",19021214.0,",,E",19021208.0,",1,E",0.0,"1,E,31,+",72.0,",,E,14,",16.0,"1,E,08,",,,319.2,"1,E",217.2,",,,E",0.7230000000000001,"2,E",1.0070000000000001,"1,,,E",0.44000000000000006,"1,,,E"
AGE00147709,1903-01-01,36.63,4.2,942.0,"FORT NATIONAL, AG",0.0,E,0.0,"4,E",8.0,"1,E",4.0,"1,E",0.0,"1,E",0.0,"2,E",1.0,"2,E",0.0,"2,E",0.0,"2,E",0.0,"2,E",19030101.0,",2,E",19030122.0,",1,E",19030110.0,"+,2,E",-1.0,"2,E,01,",19.6,"1,,E,22,",17.0,"2,E,10,+",,,287.5,"2,E",48.6,"1,,,E",0.766,"4,E",1.117,"2,,,E",0.414,"2,,,E"
AGE00147709,1903-02-01,36.63,4.2,942.0,"FORT NATIONAL, AG",0.0,E,0.0,",E",4.0,",E",3.0,",E",1.0,",E",0.0,",E",6.0,",E",0.0,",E",0.0,",E",0.0,",E",19030203.0,",,E",19030202.0,",,E",19030223.0,",,E",-2.0,",E,03,",32.0,",,E,02,",19.0,",E,23,",,,307.8,",E",47.0,",,,E",0.734,",E",1.1320000000000001,",,,E",0.33599999999999997,",,,E"
AGE00147709,1903-03-01,36.63,4.2,942.0,"FORT NATIONAL, AG",0.0,E,0.0,"2,E",10.0,",E",5.0,",E",0.0,",E",0.0,"1,E",2.0,"1,E",0.0,"1,E",1.0,"1,E",0.0,"1,E",19030310.0,"+,1,E",19030326.0,",,E",19030325.0,",1,E",-1.0,"1,E,10,+",15.6,",,E,26,",22.0,"1,E,25,",,,283.2,"1,E",54.4,",,,E",0.873,"2,E",1.327,"1,,,E",0.42000000000000004,"1,,,E"
AGE00147709,1903-04-01,36.63,4.2,942.0,"FORT NATIONAL, AG",0.7,E,0.7,",E",10.0,",E",9.0,",E",0.0,",E",0.0,",E",2.0,",E",0.0,",E",2.0,",E",0.0,",E",19030418.0,",,E",19030422.0,",,E",19030429.0,",,E",-4.0,",E,18,",13.4,",,E,22,",25.0,",E,29,",,,233.7,",E",68.2,",,,E",1.057,",E",1.553,",,,E",0.5599999999999999,",,,E"
AGE00147709,1903-05-01,36.63,4.2,942.0,"FORT NATIONAL, AG",14.0,E,13.3,",E",6.0,",E",3.0,",E",0.0,",E",0.0,",E",0.0,",E",0.0,",E",8.0,",E",0.0,",E",19030502.0,",,E",19030529.0,",,E",19030526.0,"+,,E",4.0,",E,02,",9.0,",,E,29,",26.0,",E,26,+",,,137.7,",E",28.0,",,,E",1.432,",E",1.8809999999999998,",,,E",0.984,",,,E"
AGE00147709,1903-06-01,36.63,4.2,942.0,"FORT NATIONAL, AG",46.0,E,32.0,",E",8.0,",E",4.0,",E",0.0,",E",0.0,",E",0.0,",E",0.0,",E",13.0,",E",1.0,",E",19030603.0,",,E",19030602.0,",,E",19030630.0,",,E",5.0,",E,03,",11.4,",,E,02,",37.0,",E,30,",,,85.0,",E",31.8,",,,E",1.657,",E",2.1399999999999997,",,,E",1.173,",,,E"
AGE00147709,1903-07-01,36.63,4.2,942.0,"FORT NATIONAL, AG",167.2,E,121.2,",E",0.0,",E",0.0,",E",0.0,",E",0.0,",E",0.0,",E",0.0,",E",29.0,",E",1.0,",E",19030710.0,"+,,E",19030731.0,"+,,E",19030717.0,",,E",12.0,",E,10,+",0.0,",,E,31,+",39.0,",E,17,",4.5,E,4.5,",E",0.0,",,,E",2.21,",E",2.745,",,,E",1.674,",,,E"
AGE00147709,1903-08-01,36.63,4.2,942.0,"FORT NATIONAL, AG",380.4,E,213.2,",E",0.0,",E",0.0,",E",0.0,",E",0.0,",E",0.0,",E",0.0,",E",31.0,",E",9.0,",E",19030821.0,"+,,E",19030831.0,"+,,E",19030815.0,",,E",15.0,",E,21,+",0.0,",,E,31,+",38.0,",E,15,",4.5,E,0.0,",E",0.0,",,,E",2.521,",E",3.106,",,,E",1.935,",,,E"
AGE00147709,1903-09-01,36.63,4.2,942.0,"FORT NATIONAL, AG",447.1,E,66.7,"2,E",3.0,",E",1.0,",E",0.0,",E",0.0,"1,E",0.0,"1,E",0.0,"1,E",25.0,"1,E",2.0,"1,E",19030916.0,",1,E",19030909.0,",,E",19030922.0,"+,1,E",7.0,"1,E,16,",7.6,",,E,09,",33.0,"1,E,22,+",24.0,E,19.5,"1,E",9.8,",,,E",2.0140000000000002,"2,E",2.559,"1,,,E",1.4689999999999999,"1,,,E"
AGE00147709,1903-10-01,36.63,4.2,942.0,"FORT NATIONAL, AG",,,,,10.0,"3,E",5.0,"3,E",3.0,"3,E",0.0,"3,E",0.0,"3,E",0.0,"3,E",13.0,"3,E",0.0,"3,E",19031030.0,",3,E",19031030.0,",3,E",19031016.0,",3,E",4.0,"3,E,30,",39.8,"3,,E,30,",32.0,"3,E,16,",,,,,126.6,"3,,,E",1.638,"6,E",2.118,"3,,,E",1.157,"3,,,E"
AGE00147709,1903-12-01,36.63,4.2,942.0,"FORT NATIONAL, AG",,,0.0,"2,E",11.0,"1,E",9.0,"1,E",2.0,"1,E",0.0,"1,E",4.0,"1,E",0.0,"1,E",0.0,"1,E",0.0,"1,E",19031205.0,"+,1,E",19031218.0,",1,E",19031211.0,"+,1,E",0.0,"1,E,05,+",46.6,"1,,E,18,",15.0,"1,E,11,+",,,368.7,"1,E",180.4,"1,,,E",0.5650000000000001,"2,E",0.843,"1,,,E",0.28700000000000003,"1,,,E"
AGE00147709,1904-02-01,36.63,4.2,942.0,"FORT NATIONAL, AG",,,0.0,"4,E",14.0,",E",13.0,",E",2.0,",E",0.0,"2,E",7.0,"2,E",0.0,"2,E",0.0,"2,E",0.0,"2,E",19040221.0,",2,E",19040204.0,",,E",19040202.0,",2,E",-3.0,"2,E,21,",57.4,",,E,04,",21.0,"2,E,02,",,,281.8,"2,E",182.0,",,,E",0.7070000000000001,"4,E",1.0779999999999998,"2,,,E",0.337,"2,,,E"
AGE00147709,1904-03-01,36.63,4.2,942.0,"FORT NATIONAL, AG",,,0.0,",E",14.0,",E",12.0,",E",1.0,",E",0.0,",E",2.0,",E",0.0,",E",0.0,",E",0.0,",E",19040301.0,",,E",19040304.0,",,E",19040312.0,",,E",-2.0,",E,01,",50.4,",,E,04,",21.0,",E,12,",,,318.3,",E",194.8,",,,E",0.806,",E",1.216,",,,E",0.397,",,,E"
AGE00147709,1904-04-01,36.63,4.2,942.0,"FORT NATIONAL, AG",,,0.8,"2,E",11.0,",E",10.0,",E",3.0,",E",0.0,"1,E",0.0,"1,E",0.0,"1,E",4.0,"1,E",0.0,"1,E",19040419.0,"+,1,E",19040426.0,",,E",19040414.0,"+,1,E",3.0,"1,E,19,+",46.8,",,E,26,",27.0,"1,E,14,+",,,206.2,"1,E",189.8,",,,E",1.126,"2,E",1.559,"1,,,E",0.693,"1,,,E"
AGE00147709,1904-05-01,36.63,4.2,942.0,"FORT NATIONAL, AG",,,58.7,"2,E",2.0,",E",2.0,",E",0.0,",E",0.0,"1,E",0.0,"1,E",0.0,"1,E",17.0,"1,E",3.0,"1,E",19040502.0,",1,E",19040506.0,",,E",19040516.0,",1,E",5.0,"1,E,02,",4.6,",,E,06,",35.0,"1,E,16,",,,53.3,"1,E",7.6,",,,E",1.8670000000000002,"2,E",2.3600000000000003,"1,,,E",1.373,"1,,,E"
AGE00147709,1904-06-01,36.63,4.2,942.0,"FORT NATIONAL, AG",,,99.8,",E",4.0,",E",2.0,",E",1.0,",E",0.0,",E",0.0,",E",0.0,",E",27.0,",E",2.0,",E",19040613.0,",,E",19040608.0,",,E",19040627.0,"+,,E",10.0,",E,13,",45.8,",,E,08,",33.0,",E,27,+",,,9.3,",E",52.2,",,,E",2.1350000000000002,",E",2.65,",,,E",1.6199999999999999,",,,E"
AGE00147709,1904-07-01,36.63,4.2,942.0,"FORT NATIONAL, AG",,,199.2,",E",0.0,",E",0.0,",E",0.0,",E",0.0,",E",0.0,",E",0.0,",E",31.0,",E",6.0,",E",19040702.0,"+,,E",19040731.0,"+,,E",19040727.0,"+,,E",15.0,",E,02,+",0.0,",,E,31,+",34.0,",E,27,+",0.0,E,0.0,",E",0.0,",,,E",2.476,",E",2.9899999999999998,",,,E",1.9609999999999999,",,,E"
AGE00147709,1904-08-01,36.63,4.2,942.0,"FORT NATIONAL, AG",,,249.0,",E",1.0,",E",0.0,",E",0.0,",E",0.0,",E",0.0,",E",0.0,",E",31.0,",E",16.0,",E",19040826.0,",,E",19040825.0,",,E",19040813.0,",,E",12.0,",E,26,",1.0,",,E,25,",37.0,",E,13,",0.8,E,0.8,",E",1.0,",,,E",2.634,",E",3.168,",,,E",2.1,",,,E"
AGE00147709,1904-09-01,36.63,4.2,942.0,"FORT NATIONAL, AG",,,61.8,",E",6.0,",E",3.0,",E",2.0,",E",0.0,",E",0.0,",E",0.0,",E",21.0,",E",0.0,",E",19040930.0,",,E",19040920.0,",,E",19040918.0,",,E",7.0,",E,30,",38.2,",,E,20,",32.0,",E,18,",29.6,E,28.8,",E",92.7,",,,E",1.943,",E",2.43,",,,E",1.457,",,,E"
AGE00147709,1904-10-01,36.63,4.2,942.0,"FORT NATIONAL, AG",,,0.7,"2,E",6.0,",E",3.0,",E",2.0,",E",0.0,"1,E",0.0,"1,E",0.0,"1,E",5.0,"1,E",0.0,"1,E",19041011.0,",1,E",19041001.0,",,E",19041007.0,",1,E",5.0,"1,E,11,",41.0,",,E,01,",24.0,"1,E,07,",145.9,E,116.3,"1,E",97.7,",,,E",1.4380000000000002,"2,E",1.8399999999999999,"1,,,E",1.037,"1,,,E"
AGE00147709,1904-11-01,36.63,4.2,942.0,"FORT NATIONAL, AG",,,0.0,",E",9.0,",E",7.0,",E",0.0,",E",0.0,",E",4.0,",E",0.0,",E",2.0,",E",0.0,",E",19041126.0,",,E",19041107.0,",,E",19041119.0,",,E",-2.0,",E,26,",12.0,",,E,07,",24.0,",E,19,",408.4,E,262.5,",E",52.4,",,,E",0.958,",E",1.367,",,,E",0.55,",,,E"
AGE00147709,1904-12-01,36.63,4.2,942.0,"FORT NATIONAL, AG",,,0.0,",E",19.0,",E",17.0,",E",2.0,",E",0.0,",E",1.0,",E",0.0,",E",0.0,",E",0.0,",E",19041230.0,",,E",19041227.0,",,E",19041223.0,",,E",0.0,",E,30,",48.6,",,E,27,",17.0,",E,23,",749.2,E,340.8,",E",259.0,",,,E",0.734,",E",1.0550000000000002,",,,E",0.413,",,,E"
AGE00147709,1905-02-01,36.63,4.2,942.0,"FORT NATIONAL, AG",,,0.0,",E",14.0,",E",12.0,",E",3.0,",E",0.0,",E",15.0,",E",0.0,",E",0.0,",E",0.0,",E",19050222.0,",,E",19050211.0,",,E",19050205.0,",,E",-6.0,",E,22,",32.0,",,E,11,",14.0,",E,05,",,,407.3,",E",188.8,",,,E",0.379,",E",0.746,",,,E",0.011,",,,E"
AGE00147709,1905-03-01,36.63,4.2,942.0,"FORT NATIONAL, AG",,,0.0,"2,E",8.0,"1,E",6.0,"1,E",0.0,"1,E",0.0,"1,E",5.0,"1,E",0.0,"1,E",3.0,"1,E",0.0,"1,E",19050304.0,",1,E",19050303.0,",1,E",19050331.0,"+,1,E",-3.0,"1,E,04,",20.8,"1,,E,03,",23.0,"1,E,31,+",,,239.7,"1,E",73.8,"1,,,E",1.0150000000000001,"2,E",1.45,"1,,,E",0.58,"1,,,E"
AGE00147709,1905-04-01,36.63,4.2,942.0,"FORT NATIONAL, AG",,,4.7,"2,E",6.0,",E",4.0,",E",1.0,",E",0.0,"1,E",0.0,"1,E",0.0,"1,E",9.0,"1,E",0.0,"1,E",19050422.0,",1,E",19050427.0,",,E",19050425.0,",1,E",2.0,"1,E,22,",45.6,",,E,27,",26.0,"1,E,25,",,,129.0,"1,E",79.0,",,,E",1.386,"2,E",1.8690000000000002,"1,,,E",0.9029999999999999,"1,,,E"
AGE00147709,1905-05-01,36.63,4.2,942.0,"FORT NATIONAL, AG",,,0.7,"2,E",9.0,"1,E",9.0,"1,E",1.0,"1,E",0.0,"1,E",0.0,"1,E",0.0,"1,E",4.0,"1,E",0.0,"1,E",19050506.0,",1,E",19050527.0,",1,E",19050519.0,"+,1,E",3.0,"1,E,06,",70.2,"1,,E,27,",23.0,"1,E,19,+",,,166.8,"1,E",133.2,"1,,,E",1.26,"2,E",1.6800000000000002,"1,,,E",0.8400000000000001,"1,,,E"
AGE00147709,1905-06-01,36.63,4.2,942.0,"FORT NATIONAL, AG",,,45.8,"2,E",4.0,"1,E",2.0,"1,E",0.0,"1,E",0.0,"1,E",0.0,"1,E",0.0,"1,E",18.0,"1,E",2.0,"1,E",19050611.0,"+,1,E",19050606.0,",1,E",19050628.0,"+,1,E",9.0,"1,E,11,+",9.2,"1,,E,06,",33.0,"1,E,28,+",,,33.2,"1,E",19.8,"1,,,E",1.895,"2,E",2.331,"1,,,E",1.459,"1,,,E"
AGE00147709,1905-07-01,36.63,4.2,942.0,"FORT NATIONAL, AG",,,209.7,",E",0.0,",E",0.0,",E",0.0,",E",0.0,",E",0.0,",E",0.0,",E",31.0,",E",13.0,",E",19050702.0,",,E",19050731.0,"+,,E",19050717.0,",,E",13.0,",E,02,",0.0,",,E,31,+",38.0,",E,17,",0.0,E,0.0,",E",0.0,",,,E",2.5100000000000002,",E",3.148,",,,E",1.871,",,,E"
AGE00147709,1905-08-01,36.63,4.2,942.0,"FORT NATIONAL, AG",,,219.7,"3,E",1.0,"2,E",0.0,"2,E",0.0,"2,E",0.0,"2,E",0.0,"2,E",0.0,"2,E",29.0,"2,E",17.0,"2,E",19050819.0,"+,2,E",19050801.0,",2,E",19050825.0,",2,E",15.0,"2,E,19,+",1.2,"2,,E,01,",38.0,"2,E,25,",0.0,E,0.0,"2,E",1.2,"2,,,E",2.619,"3,E",3.2659999999999996,"2,,,E",1.972,"2,,,E"
AGE00147709,1905-09-01,36.63,4.2,942.0,"FORT NATIONAL, AG",,,82.0,"2,E",4.0,"1,E",3.0,"1,E",0.0,"1,E",0.0,"1,E",0.0,"1,E",0.0,"1,E",21.0,"1,E",5.0,"1,E",19050930.0,"+,1,E",19050926.0,",1,E",19050916.0,",1,E",10.0,"1,E,30,+",16.6,"1,,E,26,",35.0,"1,E,16,",20.3,E,20.3,"1,E",30.8,"1,,,E",2.06,"2,E",2.59,"1,,,E",1.5310000000000001,"1,,,E"
AGE00147709,1905-10-01,36.63,4.2,942.0,"FORT NATIONAL, AG",,,0.7,",E",13.0,",E",11.0,",E",0.0,",E",0.0,",E",0.0,",E",0.0,",E",7.0,",E",0.0,",E",19051031.0,"+,,E",19051018.0,",,E",19051023.0,"+,,E",5.0,",E,31,+",18.2,",,E,18,",24.0,",E,23,+",165.8,E,145.5,",E",79.4,",,,E",1.366,",E",1.8059999999999998,",,,E",0.9259999999999999,",,,E"
AGE00147709,1905-11-01,36.63,4.2,942.0,"FORT NATIONAL, AG",,,0.0,"2,E",9.0,",E",6.0,",E",0.0,",E",0.0,"1,E",0.0,"1,E",0.0,"1,E",1.0,"1,E",0.0,"1,E",19051130.0,",1,E",19051121.0,",,E",19051119.0,",1,E",1.0,"1,E,30,",19.6,",,E,21,",22.0,"1,E,19,",400.6,E,234.8,"1,E",69.6,",,,E",1.009,"2,E",1.397,"1,,,E",0.621,"1,,,E"
AGE00147709,1905-12-01,36.63,4.2,942.0,"FORT NATIONAL, AG",,,0.0,"2,E",13.0,"1,E",11.0,"1,E",4.0,"1,E",0.0,"1,E",3.0,"1,E",0.0,"1,E",0.0,"1,E",0.0,"1,E",19051215.0,"+,1,E",19051205.0,",1,E",19051218.0,",1,E",0.0,"1,E,15,+",54.2,"1,,E,05,",20.0,"1,E,18,",739.8,E,339.2,"1,E",242.6,"1,,,E",0.657,"2,E",1.09,"1,,,E",0.223,"1,,,E"
AGE00147709,1906-01-01,36.63,4.2,942.0,"FORT NATIONAL, AG",0.0,E,0.0,"2,E",10.0,",E",9.0,",E",5.0,",E",0.0,"1,E",11.0,"1,E",0.0,"1,E",0.0,"1,E",0.0,"1,E",19060125.0,"+,1,E",19060130.0,",,E",19060101.0,",1,E",-5.0,"1,E,25,+",64.6,",,E,30,",17.0,"1,E,01,",1091.5,E,351.7,"1,E",267.1,",,,E",0.617,"2,E",0.9570000000000001,"1,,,E",0.277,"1,,,E"
AGE00147709,1906-02-01,36.63,4.2,942.0,"FORT NATIONAL, AG",,,,,15.0,"2,E",14.0,"2,E",1.0,"2,E",0.0,"2,E",13.0,"2,E",0.0,"2,E",0.0,"2,E",0.0,"2,E",19060213.0,"+,2,E",19060224.0,",2,E",19060227.0,"+,2,E",-3.0,"2,E,13,+",32.2,"2,,E,24,",16.0,"2,E,27,+",,,,,186.2,"2,,,E",0.44000000000000006,"4,E",0.808,"2,,,E",0.073,"2,,,E"
AGE00147709,1906-03-01,36.63,4.2,942.0,"FORT NATIONAL, AG",,,0.0,"2,E",10.0,",E",9.0,",E",0.0,",E",0.0,"1,E",8.0,"1,E",0.0,"1,E",1.0,"1,E",0.0,"1,E",19060330.0,"+,1,E",19060329.0,",,E",19060311.0,",1,E",-2.0,"1,E,30,+",18.0,",,E,29,",23.0,"1,E,11,",,,281.2,"1,E",83.0,",,,E",0.85,"2,E",1.33,"1,,,E",0.37,"1,,,E"
AGE00147709,1906-04-01,36.63,4.2,942.0,"FORT NATIONAL, AG",,,0.2,"2,E",8.0,"1,E",7.0,"1,E",1.0,"1,E",0.0,"1,E",0.0,"1,E",0.0,"1,E",2.0,"1,E",0.0,"1,E",19060402.0,"+,1,E",19060405.0,",1,E",19060416.0,",1,E",1.0,"1,E,02,+",32.4,"1,,E,05,",25.0,"1,E,16,",,,197.0,"1,E",85.2,"1,,,E",1.124,"2,E",1.6309999999999998,"1,,,E",0.617,"1,,,E"
AGE00147709,1906-05-01,36.63,4.2,942.0,"FORT NATIONAL, AG",,,5.2,"2,E",9.0,",E",8.0,",E",0.0,",E",0.0,"1,E",0.0,"1,E",0.0,"1,E",10.0,"1,E",0.0,"1,E",19060520.0,"+,1,E",19060504.0,",,E",19060531.0,",1,E",4.0,"1,E,20,+",25.0,",,E,04,",31.0,"1,E,31,",,,142.3,"1,E",75.6,",,,E",1.397,"2,E",1.89,"1,,,E",0.9029999999999999,"1,,,E"
AGE00147709,1906-06-01,36.63,4.2,942.0,"FORT NATIONAL, AG",,,54.2,"2,E",5.0,"1,E",4.0,"1,E",0.0,"1,E",0.0,"1,E",0.0,"1,E",0.0,"1,E",20.0,"1,E",1.0,"1,E",19060609.0,",1,E",19060612.0,",1,E",19060602.0,",1,E",9.0,"1,E,09,",8.4,"1,,E,12,",33.0,"1,E,02,",,,32.5,"1,E",20.4,"1,,,E",1.934,"2,E",2.414,"1,,,E",1.455,"1,,,E"
AGE00147709,1906-07-01,36.63,4.2,942.0,"FORT NATIONAL, AG",,,161.2,",E",3.0,",E",2.0,",E",0.0,",E",0.0,",E",0.0,",E",0.0,",E",31.0,",E",9.0,",E",19060715.0,"+,,E",19060708.0,",,E",19060723.0,",,E",13.0,",E,15,+",21.6,",,E,08,",36.0,",E,23,",2.0,E,2.0,",E",27.4,",,,E",2.347,",E",2.881,",,,E",1.813,",,,E"
AGE00147709,1906-08-01,36.63,4.2,942.0,"FORT NATIONAL, AG",,,,,1.0,"3,E",0.0,"3,E",0.0,"3,E",0.0,"4,E",0.0,"4,E",0.0,"3,E",28.0,"3,E",9.0,"3,E",19060820.0,",4,E",19060819.0,",3,E",19060814.0,"+,3,E",12.0,"4,E,20,",2.0,"3,,E,19,",37.0,"3,E,14,+",,,,,2.0,"3,,,E",2.505,"7,E",3.025,"3,,,E",1.985,"4,,,E"
AGE00147709,1906-09-01,36.63,4.2,942.0,"FORT NATIONAL, AG",,,114.5,",E",7.0,",E",3.0,",E",0.0,",E",0.0,",E",0.0,",E",0.0,",E",28.0,",E",3.0,",E",19060930.0,",,E",19060930.0,",,E",19060916.0,"+,,E",10.0,",E,30,",6.0,",,E,30,",33.0,",E,16,+",,,8.5,",E",18.6,",,,E",2.1870000000000003,",E",2.707,",,,E",1.6670000000000003,",,,E"
AGE00147709,1906-10-01,36.63,4.2,942.0,"FORT NATIONAL, AG",,,12.2,",E",7.0,",E",7.0,",E",2.0,",E",0.0,",E",0.0,",E",0.0,",E",12.0,",E",0.0,",E",19061015.0,",,E",19061031.0,"+,,E",19061010.0,",,E",5.0,",E,15,",28.0,",,E,31,+",27.0,",E,10,",,,90.0,",E",124.2,",,,E",1.582,",E",1.984,",,,E",1.181,",,,E"
AGE00147709,1906-11-01,36.63,4.2,942.0,"FORT NATIONAL, AG",,,0.0,"2,E",10.0,"1,E",10.0,"1,E",1.0,"1,E",0.0,"1,E",0.0,"1,E",0.0,"1,E",4.0,"1,E",0.0,"1,E",19061122.0,"+,1,E",19061111.0,",1,E",19061126.0,"+,1,E",4.0,"1,E,22,+",26.0,"1,,E,11,",25.0,"1,E,26,+",,,210.8,"1,E",152.4,"1,,,E",1.0779999999999998,"2,E",1.466,"1,,,E",0.6900000000000001,"1,,,E"
AGE00147709,1906-12-01,36.63,4.2,942.0,"FORT NATIONAL, AG",,,0.0,"5,E",19.0,"2,E",17.0,"2,E",4.0,"2,E",0.0,"2,E",7.0,"2,E",0.0,"4,E",0.0,"4,E",0.0,"4,E",19061230.0,",2,E",19061225.0,",2,E",19061201.0,",4,E",-4.0,"2,E,30,",40.6,"2,,E,25,",18.0,"4,E,01,",,,327.7,"4,E",259.2,"2,,,E",0.558,"5,E",0.833,"4,,,E",0.28300000000000003,"2,,,E"
AGE00147709,1907-01-01,36.63,4.2,942.0,"FORT NATIONAL, AG",0.0,E,0.0,"2,E",16.0,",E",16.0,",E",3.0,",E",0.0,"2,E",16.0,"2,E",0.0,"1,E",0.0,"1,E",0.0,"1,E",19070131.0,",2,E",19070112.0,",,E",19070120.0,",1,E",-4.0,"2,E,31,",37.8,",,E,12,",20.0,"1,E,20,",,,402.7,"1,E",253.5,",,,E",0.45199999999999996,"2,E",0.8029999999999999,"1,,,E",0.1,"2,,,E"
AGE00147709,1907-02-01,36.63,4.2,942.0,"FORT NATIONAL, AG",0.0,E,0.0,"2,E",14.0,",E",12.0,",E",4.0,",E",0.0,"1,E",14.0,"1,E",1.0,"1,E",0.0,"1,E",0.0,"1,E",19070204.0,",1,E",19070215.0,",,E",19070213.0,",1,E",-7.0,"1,E,04,",77.4,",,E,15,",16.0,"1,E,13,",,,392.2,"1,E",240.0,",,,E",0.343,"2,E",0.674,"1,,,E",0.011,"1,,,E"
AGE00147709,1907-03-01,36.63,4.2,942.0,"FORT NATIONAL, AG",0.0,E,0.0,"4,E",6.0,"2,E",5.0,"2,E",0.0,"2,E",0.0,"2,E",7.0,"2,E",0.0,"3,E",1.0,"3,E",0.0,"3,E",19070314.0,",2,E",19070308.0,",2,E",19070323.0,",3,E",-3.0,"2,E,14,",16.8,"2,,E,08,",22.0,"3,E,23,",,,287.0,"3,E",48.0,"2,,,E",0.769,"4,E",1.225,"3,,,E",0.314,"2,,,E"
AGE00147709,1907-04-01,36.63,4.2,942.0,"FORT NATIONAL, AG",0.0,E,0.0,"4,E",18.0,"1,E",16.0,"1,E",4.0,"1,E",0.0,"3,E",0.0,"3,E",0.0,"2,E",2.0,"2,E",0.0,"2,E",19070423.0,"+,3,E",19070417.0,",1,E",19070408.0,",2,E",2.0,"3,E,23,+",53.5,"1,,E,17,",23.0,"2,E,08,",,,201.7,"2,E",277.1,"1,,,E",1.049,"4,E",1.457,"2,,,E",0.641,"3,,,E"
AGE00147709,1907-05-01,36.63,4.2,942.0,"FORT NATIONAL, AG",30.3,E,30.3,",E",4.0,",E",3.0,",E",0.0,",E",0.0,",E",0.0,",E",0.0,",E",17.0,",E",0.0,",E",19070503.0,",,E",19070505.0,",,E",19070531.0,",,E",5.0,",E,03,",4.6,",,E,05,",32.0,",E,31,",,,68.7,",E",13.8,",,,E",1.7100000000000002,",E",2.258,",,,E",1.161,",,,E"
AGE00147709,1907-06-01,36.63,4.2,942.0,"FORT NATIONAL, AG",163.0,E,132.7,"2,E",1.0,"1,E",1.0,"1,E",0.0,"1,E",0.0,"1,E",0.0,"1,E",0.0,"1,E",27.0,"1,E",6.0,"1,E",19070616.0,",1,E",19070609.0,",1,E",19070605.0,",1,E",10.0,"1,E,16,",3.6,"1,,E,09,",35.0,"1,E,05,",,,5.5,"1,E",3.6,"1,,,E",2.278,"2,E",2.862,"1,,,E",1.693,"1,,,E"
AGE00147709,1907-07-01,36.63,4.2,942.0,"FORT NATIONAL, AG",269.2,E,106.2,"4,E",0.0,"2,E",0.0,"2,E",0.0,"2,E",0.0,"2,E",0.0,"2,E",0.0,"2,E",29.0,"2,E",2.0,"2,E",19070709.0,",2,E",19070731.0,"+,2,E",19070716.0,"+,2,E",12.0,"2,E,09,",0.0,"2,,E,31,+",33.0,"2,E,16,+",1.7,E,1.7,"2,E",0.0,"2,,,E",2.2239999999999998,"4,E",2.728,"2,,,E",1.721,"2,,,E"
AGE00147709,1907-08-01,36.63,4.2,942.0,"FORT NATIONAL, AG",491.7,E,222.5,",E",0.0,",E",0.0,",E",0.0,",E",0.0,",E",0.0,",E",0.0,",E",31.0,",E",10.0,",E",19070823.0,",,E",19070831.0,"+,,E",19070806.0,"+,,E",13.0,",E,23,",0.0,",,E,31,+",37.0,",E,06,+",2.0,E,0.3,",E",0.0,",,,E",2.55,",E",3.029,",,,E",2.071,",,,E"
AGE00147709,1907-09-01,36.63,4.2,942.0,"FORT NATIONAL, AG",539.4,E,47.7,"2,E",10.0,"1,E",8.0,"1,E",1.0,"1,E",0.0,"1,E",0.0,"1,E",0.0,"1,E",20.0,"1,E",0.0,"1,E",19070918.0,",1,E",19070917.0,",1,E",19070908.0,",1,E",9.0,"1,E,18,",66.9,"1,,E,17,",30.0,"1,E,08,",32.5,E,30.5,"1,E",154.4,"1,,,E",1.902,"2,E",2.314,"1,,,E",1.49,"1,,,E"
AGE00147709,1907-10-01,36.63,4.2,942.0,"FORT NATIONAL, AG",541.4,E,2.0,",E",12.0,",E",12.0,",E",1.0,",E",0.0,",E",0.0,",E",0.0,",E",9.0,",E",0.0,",E",19071018.0,",,E",19071022.0,",,E",19071015.0,",,E",4.0,",E,18,",28.2,",,E,22,",28.0,",E,15,",162.8,E,130.3,",E",128.8,",,,E",1.419,",E",1.839,",,,E",1.0,",,,E"
AGE00147709,1907-11-01,36.63,4.2,942.0,"FORT NATIONAL, AG",541.6,E,0.2,"3,E",10.0,"1,E",9.0,"1,E",2.0,"1,E",0.0,"1,E",0.0,"1,E",0.0,"2,E",2.0,"2,E",0.0,"2,E",19071126.0,"+,1,E",19071122.0,",1,E",19071111.0,"+,2,E",5.0,"1,E,26,+",39.6,"1,,E,22,",23.0,"2,E,11,+",322.0,E,159.2,"2,E",163.6,"1,,,E",1.246,"3,E",1.593,"2,,,E",0.9,"1,,,E"
AGE00147709,1907-12-01,36.63,4.2,942.0,"FORT NATIONAL, AG",541.6,E,0.0,"1,E",8.0,",E",4.0,",E",0.0,",E",0.0,"1,E",1.0,"1,E",0.0,",E",2.0,",E",0.0,",E",19071228.0,",1,E",19071227.0,",,E",19071201.0,",,E",-2.0,"1,E,28,",8.2,",,E,27,",26.0,",E,01,",583.0,E,261.0,",E",26.1,",,,E",0.983,"1,E",1.413,",,,E",0.553,"1,,,E"
AGE00147709,1908-01-01,36.63,4.2,942.0,"FORT NATIONAL, AG",0.0,E,0.0,",E",10.0,",E",9.0,",E",3.0,",E",0.0,",E",2.0,",E",0.0,",E",0.0,",E",0.0,",E",19080131.0,",,E",19080106.0,",,E",19080111.0,",,E",-2.0,",E,31,",50.4,",,E,06,",16.0,",E,11,",934.3,E,351.3,",E",162.6,",,,E",0.7,",E",1.0230000000000001,",,,E",0.377,",,,E"
AGE00147709,1908-02-01,36.63,4.2,942.0,"FORT NATIONAL, AG",0.0,E,0.0,",E",12.0,",E",11.0,",E",3.0,",E",0.0,",E",14.0,",E",0.0,",E",0.0,",E",0.0,",E",19080204.0,",,E",19080204.0,",,E",19080220.0,",,E",-6.0,",E,04,",39.4,",,E,04,",20.0,",E,20,",1314.5,E,380.2,",E",228.4,",,,E",0.522,",E",0.9339999999999999,",,,E",0.11000000000000001,",,,E"
AGE00147709,1908-03-01,36.63,4.2,942.0,"FORT NATIONAL, AG",0.0,E,0.0,",E",20.0,",E",18.0,",E",2.0,",E",0.0,",E",3.0,",E",0.0,",E",0.0,",E",0.0,",E",19080302.0,",,E",19080323.0,",,E",19080331.0,"+,,E",-2.0,",E,02,",52.8,",,E,23,",15.0,",E,31,+",1682.3,E,367.8,",E",250.2,",,,E",0.647,",E",1.0130000000000001,",,,E",0.281,",,,E"
AGE00147709,1908-04-01,36.63,4.2,942.0,"FORT NATIONAL, AG",0.0,E,0.0,",E",15.0,",E",15.0,",E",1.0,",E",0.0,",E",3.0,",E",0.0,",E",1.0,",E",0.0,",E",19080408.0,"+,,E",19080424.0,",,E",19080428.0,",,E",-2.0,",E,08,+",42.2,",,E,24,",25.0,",E,28,",1956.3,E,274.0,",E",174.8,",,,E",0.9199999999999999,",E",1.34,",,,E",0.5,",,,E"
AGE00147709,1908-05-01,36.63,4.2,942.0,"FORT NATIONAL, AG",49.2,E,49.2,"4,E",6.0,",E",5.0,",E",0.0,",E",0.0,"2,E",0.0,"2,E",0.0,"2,E",19.0,"2,E",0.0,"2,E",19080524.0,",2,E",19080516.0,",,E",19080505.0,"+,2,E",7.0,"2,E,24,",23.4,",,E,16,",31.0,"2,E,05,+",1996.0,E,39.7,"2,E",52.2,",,,E",1.8719999999999999,"4,E",2.355,"2,,,E",1.3900000000000001,"2,,,E"
AGE00147709,1908-06-01,36.63,4.2,942.0,"FORT NATIONAL, AG",111.4,E,62.2,"2,E",4.0,"1,E",3.0,"1,E",0.0,"1,E",0.0,"1,E",0.0,"1,E",0.0,"1,E",21.0,"1,E",2.0,"1,E",19080620.0,",1,E",19080615.0,"+,1,E",19080629.0,"+,1,E",10.0,"1,E,20,",4.2,"1,,E,15,+",35.0,"1,E,29,+",2016.0,E,20.0,"1,E",13.2,"1,,,E",1.9809999999999999,"2,E",2.559,"1,,,E",1.403,"1,,,E"
AGE00147709,1908-07-01,36.63,4.2,942.0,"FORT NATIONAL, AG",243.2,E,131.8,",E",2.0,",E",0.0,",E",0.0,",E",0.0,",E",0.0,",E",0.0,",E",31.0,",E",1.0,",E",19080722.0,"+,,E",19080709.0,",,E",19080709.0,",,E",12.0,",E,22,+",2.0,",,E,09,",33.0,",E,09,",1.7,E,1.7,",E",3.0,",,,E",2.253,",E",2.803,",,,E",1.703,",,,E"
AGE00147709,1908-08-01,36.63,4.2,942.0,"FORT NATIONAL, AG",419.9,E,176.7,",E",2.0,",E",2.0,",E",0.0,",E",0.0,",E",0.0,",E",0.0,",E",31.0,",E",4.0,",E",19080802.0,"+,,E",19080801.0,",,E",19080806.0,",,E",14.0,",E,02,+",8.0,",,E,01,",36.0,",E,06,",1.7,E,0.0,",E",14.0,",,,E",2.403,",E",2.91,",,,E",1.8969999999999998,",,,E"
AGE00147709,1908-09-01,36.63,4.2,942.0,"FORT NATIONAL, AG",538.9,E,119.0,",E",7.0,",E",6.0,",E",0.0,",E",0.0,",E",0.0,",E",0.0,",E",27.0,",E",1.0,",E",19080924.0,",,E",19080921.0,",,E",19080912.0,",,E",13.0,",E,24,",16.0,",,E,21,",35.0,",E,12,",4.7,E,3.0,",E",64.5,",,,E",2.2199999999999998,",E",2.7,",,,E",1.7399999999999998,",,,E"
AGE00147709,1908-10-01,36.63,4.2,942.0,"FORT NATIONAL, AG",552.4,E,13.5,",E",8.0,",E",4.0,",E",1.0,",E",0.0,",E",0.0,",E",0.0,",E",14.0,",E",0.0,",E",19081025.0,"+,,E",19081024.0,",,E",19081014.0,",,E",8.0,",E,25,+",29.0,",,E,24,",27.0,",E,14,",75.0,E,70.3,",E",73.0,",,,E",1.65,",E",2.055,",,,E",1.2449999999999999,",,,E"
AGE00147709,1908-11-01,36.63,4.2,942.0,"FORT NATIONAL, AG",552.4,E,0.0,",E",9.0,",E",8.0,",E",1.0,",E",0.0,",E",0.0,",E",0.0,",E",2.0,",E",0.0,",E",19081121.0,",,E",19081120.0,",,E",19081102.0,"+,,E",3.0,",E,21,",34.0,",,E,20,",22.0,",E,02,+",261.0,E,186.0,",E",103.0,",,,E",1.213,",E",1.53,",,,E",0.897,",,,E"
AGE00147709,1908-12-01,36.63,4.2,942.0,"FORT NATIONAL, AG",552.4,E,0.0,"1,E",18.0,",E",17.0,",E",4.0,",E",0.0,",E",0.0,",E",0.0,"1,E",0.0,"1,E",0.0,"1,E",19081229.0,"+,,E",19081226.0,",,E",19081211.0,",1,E",1.0,",E,29,+",65.0,",,E,26,",19.0,"1,E,11,",594.0,E,333.0,"1,E",330.4,",,,E",0.725,"1,E",1.05,"1,,,E",0.4,",,,E"
AGE00147709,1909-02-01,36.63,4.2,942.0,"FORT NATIONAL, AG",,,0.0,",E",8.0,",E",8.0,",E",0.0,",E",0.0,",E",11.0,",E",0.0,",E",0.0,",E",0.0,",E",19090228.0,"+,,E",19090228.0,",,E",19090205.0,",,E",-2.0,",E,28,+",19.0,",,E,28,",13.0,",E,05,",,,385.3,",E",55.5,",,,E",0.457,",E",0.786,",,,E",0.129,",,,E"
AGE00147709,1909-03-01,36.63,4.2,942.0,"FORT NATIONAL, AG",,,0.0,",E",11.0,",E",11.0,",E",0.0,",E",0.0,",E",1.0,",E",0.0,",E",0.0,",E",0.0,",E",19090302.0,",,E",19090320.0,",,E",19090329.0,"+,,E",0.0,",E,02,",15.0,",,E,20,",19.0,",E,29,+",,,313.8,",E",71.6,",,,E",0.8210000000000001,",E",1.174,",,,E",0.46799999999999997,",,,E"
AGE00147709,1909-04-01,36.63,4.2,942.0,"FORT NATIONAL, AG",,,4.2,"4,E",8.0,",E",7.0,",E",0.0,",E",0.0,"2,E",0.0,"2,E",0.0,"2,E",7.0,"2,E",0.0,"2,E",19090405.0,",2,E",19090427.0,",,E",19090417.0,",2,E",1.0,"2,E,05,",16.0,",,E,27,",27.0,"2,E,17,",,,140.8,"2,E",49.5,",,,E",1.3199999999999998,"4,E",1.7890000000000001,"2,,,E",0.85,"2,,,E"
AGE00147709,1909-05-01,36.63,4.2,942.0,"FORT NATIONAL, AG",,,0.0,"5,E",7.0,"3,E",5.0,"3,E",0.0,"3,E",0.0,"3,E",0.0,"3,E",0.0,"3,E",4.0,"3,E",0.0,"3,E",19090503.0,",3,E",19090508.0,",3,E",19090531.0,",3,E",5.0,"3,E,03,",23.0,"3,,E,08,",23.0,"3,E,31,",,,130.2,"3,E",67.5,"3,,,E",1.341,"5,E",1.75,"3,,,E",0.932,"3,,,E"
AGE00147709,1909-06-01,36.63,4.2,942.0,"FORT NATIONAL, AG",,,27.2,"2,E",4.0,"1,E",2.0,"1,E",0.0,"1,E",0.0,"1,E",0.0,"1,E",0.0,"1,E",16.0,"1,E",0.0,"1,E",19090606.0,",1,E",19090609.0,",1,E",19090613.0,",1,E",8.0,"1,E,06,",16.0,"1,,E,09,",32.0,"1,E,13,",,,53.0,"1,E",28.5,"1,,,E",1.7260000000000002,"2,E",2.238,"1,,,E",1.214,"1,,,E"
AGE00147709,1909-07-01,36.63,4.2,942.0,"FORT NATIONAL, AG",,,94.7,",E",0.0,",E",0.0,",E",0.0,",E",0.0,",E",0.0,",E",0.0,",E",23.0,",E",2.0,",E",19090713.0,",,E",19090731.0,"+,,E",19090725.0,",,E",7.0,",E,13,",0.0,",,E,31,+",36.0,",E,25,",32.0,E,32.0,",E",0.0,",,,E",2.035,",E",2.565,",,,E",1.506,",,,E"
AGE00147709,1909-08-01,36.63,4.2,942.0,"FORT NATIONAL, AG",,,156.5,",E",0.0,",E",0.0,",E",0.0,",E",0.0,",E",0.0,",E",0.0,",E",31.0,",E",2.0,",E",19090829.0,",,E",19090831.0,"+,,E",19090809.0,",,E",13.0,",E,29,",0.0,",,E,31,+",37.0,",E,09,",32.3,E,0.3,",E",0.0,",,,E",2.337,",E",2.855,",,,E",1.8190000000000002,",,,E"
AGE00147709,1909-09-01,36.63,4.2,942.0,"FORT NATIONAL, AG",,,37.8,",E",6.0,",E",3.0,",E",0.0,",E",0.0,",E",0.0,",E",0.0,",E",21.0,",E",0.0,",E",19090918.0,"+,,E",19090916.0,",,E",19090908.0,"+,,E",11.0,",E,18,+",10.0,",,E,16,",31.0,",E,08,+",58.1,E,25.8,",E",21.6,",,,E",1.873,",E",2.353,",,,E",1.393,",,,E"
AGE00147709,1909-10-01,36.63,4.2,942.0,"FORT NATIONAL, AG",,,19.0,",E",5.0,",E",5.0,",E",1.0,",E",0.0,",E",0.0,",E",0.0,",E",14.0,",E",0.0,",E",19091031.0,"+,,E",19091023.0,",,E",19091006.0,"+,,E",6.0,",E,31,+",42.0,",,E,23,",28.0,",E,06,+",141.4,E,83.3,",E",85.5,",,,E",1.6260000000000001,",E",2.0260000000000002,",,,E",1.226,",,,E"
AGE00147709,1909-12-01,36.63,4.2,942.0,"FORT NATIONAL, AG",,,0.0,",E",8.0,",E",3.0,",E",0.0,",E",0.0,",E",3.0,",E",0.0,",E",0.0,",E",0.0,",E",19091211.0,",,E",19091208.0,",,E",19091222.0,",,E",-2.0,",E,11,",17.0,",,E,08,",21.0,",E,22,",,,301.3,",E",37.1,",,,E",0.861,",E",1.177,",,,E",0.545,",,,E"
AGE00147709,1910-01-01,36.63,4.2,942.0,"FORT NATIONAL, AG",0.0,E,0.0,"2,E",12.0,",E",10.0,",E",2.0,",E",0.0,"1,E",14.0,"1,E",0.0,"1,E",0.0,"1,E",0.0,"1,E",19100124.0,",1,E",19100102.0,",,E",19100109.0,"+,1,E",-3.0,"1,E,24,",38.0,",,E,02,",15.0,"1,E,09,+",,,393.2,"1,E",180.0,",,,E",0.47800000000000004,"2,E",0.8400000000000001,"1,,,E",0.11699999999999999,"1,,,E"
AGE00147709,1910-02-01,36.63,4.2,942.0,"FORT NATIONAL, AG",0.0,E,0.0,",E",13.0,",E",8.0,",E",0.0,",E",0.0,",E",11.0,",E",0.0,",E",0.0,",E",0.0,",E",19100201.0,",,E",19100202.0,",,E",19100223.0,",,E",-4.0,",E,01,",20.0,",,E,02,",18.0,",E,23,",,,358.3,",E",77.6,",,,E",0.554,",E",0.932,",,,E",0.175,",,,E"
AGE00147709,1910-03-01,36.63,4.2,942.0,"FORT NATIONAL, AG",0.0,E,0.0,"2,E",7.0,",E",5.0,",E",1.0,",E",0.0,"1,E",4.0,"1,E",0.0,"1,E",0.0,"1,E",0.0,"1,E",19100321.0,",1,E",19100321.0,",,E",19100318.0,",1,E",-2.0,"1,E,21,",46.0,",,E,21,",20.0,"1,E,18,",,,300.2,"1,E",80.4,",,,E",0.8019999999999999,"2,E",1.25,"1,,,E",0.353,"1,,,E"
AGE00147709,1910-04-01,36.63,4.2,942.0,"FORT NATIONAL, AG",0.0,E,0.0,",E",8.0,",E",5.0,",E",1.0,",E",0.0,",E",3.0,",E",0.0,",E",5.0,",E",0.0,",E",19100403.0,"+,,E",19100430.0,",,E",19100426.0,"+,,E",-3.0,",E,03,+",45.0,",,E,30,",23.0,",E,26,+",,,226.0,",E",67.7,",,,E",1.08,",E",1.56,",,,E",0.6,",,,E"
AGE00147709,1910-05-01,36.63,4.2,942.0,"FORT NATIONAL, AG",0.0,E,0.0,"4,E",16.0,"1,E",15.0,"1,E",4.0,"1,E",0.0,"2,E",1.0,"2,E",0.0,"2,E",2.0,"2,E",0.0,"2,E",19100502.0,",2,E",19100522.0,",1,E",19100521.0,",2,E",0.0,"2,E,02,",80.0,"1,,E,22,",23.0,"2,E,21,",,,196.5,"2,E",267.7,"1,,,E",1.122,"4,E",1.6,"2,,,E",0.645,"2,,,E"
AGE00147709,1910-06-01,36.63,4.2,942.0,"FORT NATIONAL, AG",50.2,E,50.2,",E",5.0,",E",5.0,",E",2.0,",E",0.0,",E",0.0,",E",0.0,",E",19.0,",E",0.0,",E",19100605.0,",,E",19100605.0,",,E",19100626.0,"+,,E",5.0,",E,05,",37.0,",,E,05,",30.0,",E,26,+",,,51.7,",E",86.9,",,,E",1.828,",E",2.283,",,,E",1.373,",,,E"
AGE00147709,1910-07-01,36.63,4.2,942.0,"FORT NATIONAL, AG",222.2,E,172.0,",E",0.0,",E",0.0,",E",0.0,",E",0.0,",E",0.0,",E",0.0,",E",30.0,",E",5.0,",E",19100707.0,"+,,E",19100731.0,"+,,E",19100722.0,",,E",11.0,",E,07,+",0.0,",,E,31,+",38.0,",E,22,",5.3,E,5.3,",E",0.0,",,,E",2.371,",E",2.877,",,,E",1.8649999999999998,",,,E"
AGE00147709,1910-08-01,36.63,4.2,942.0,"FORT NATIONAL, AG",356.7,E,134.5,"4,E",0.0,",E",0.0,",E",0.0,",E",0.0,"2,E",0.0,"2,E",0.0,"2,E",29.0,"2,E",3.0,"2,E",19100813.0,"+,2,E",19100831.0,"+,,E",19100829.0,",2,E",13.0,"2,E,13,+",0.0,",,E,31,+",36.0,"2,E,29,",6.8,E,1.5,"2,E",0.0,",,,E",2.319,"4,E",2.814,"2,,,E",1.8239999999999998,"2,,,E"
AGE00147709,1910-10-01,36.63,4.2,942.0,"FORT NATIONAL, AG",,,,,2.0,"1,E",1.0,"1,E",0.0,"1,E",0.0,"3,E",0.0,"3,E",0.0,"4,E",17.0,"4,E",0.0,"4,E",19101023.0,"+,3,E",19101027.0,",1,E",19101015.0,",4,E",7.0,"3,E,23,+",3.5,"1,,E,27,",32.0,"4,E,15,",,,,,4.0,"1,,,E",1.7890000000000001,"7,E",2.293,"4,,,E",1.286,"3,,,E"
AGE00147709,1910-11-01,36.63,4.2,942.0,"FORT NATIONAL, AG",,,0.0,"2,E",6.0,"1,E",6.0,"1,E",0.0,"1,E",0.0,"2,E",0.0,"2,E",0.0,",E",1.0,",E",0.0,",E",19101124.0,",2,E",19101105.0,",1,E",19101104.0,",,E",1.0,"2,E,24,",16.0,"1,,E,05,",22.0,",E,04,",,,196.8,",E",55.5,"1,,,E",1.129,"2,E",1.533,",,,E",0.725,"2,,,E"
AGE00147709,1910-12-01,36.63,4.2,942.0,"FORT NATIONAL, AG",,,0.0,"2,E",19.0,",E",13.0,",E",3.0,",E",0.0,"1,E",1.0,"1,E",0.0,"1,E",0.0,"1,E",0.0,"1,E",19101229.0,",1,E",19101230.0,",,E",19101208.0,",1,E",-3.0,"1,E,29,",55.0,",,E,30,",19.0,"1,E,08,",,,310.7,"1,E",304.9,",,,E",0.767,"2,E",1.09,"1,,,E",0.44299999999999995,"1,,,E"
AGE00147709,1911-01-01,36.63,4.2,942.0,"FORT NATIONAL, AG",0.0,E,0.0,",E",18.0,",E",15.0,",E",3.0,",E",0.0,",E",19.0,",E",0.0,",E",0.0,",E",0.0,",E",19110105.0,",,E",19110104.0,",,E",19110131.0,",,E",-3.0,",E,05,",40.0,",,E,04,",11.0,",E,31,",,,478.8,",E",207.5,",,,E",0.28900000000000003,",E",0.587,",,,E",-0.01,",,,E"
AGE00147709,1911-02-01,36.63,4.2,942.0,"FORT NATIONAL, AG",0.0,E,0.0,",E",4.0,",E",3.0,",E",0.0,",E",0.0,",E",4.0,",E",0.0,",E",0.0,",E",0.0,",E",19110205.0,",,E",19110220.0,",,E",19110211.0,",,E",-2.0,",E,05,",14.2,",,E,20,",19.0,",E,11,",,,323.3,",E",32.6,",,,E",0.679,",E",1.0539999999999998,",,,E",0.304,",,,E"
AGE00147709,1911-04-01,36.63,4.2,942.0,"FORT NATIONAL, AG",,,0.0,"1,E",12.0,",E",8.0,",E",3.0,",E",0.0,",E",0.0,",E",0.0,"1,E",1.0,"1,E",0.0,"1,E",19110409.0,",,E",19110420.0,",,E",19110429.0,",1,E",1.0,",E,09,",60.2,",,E,20,",24.0,"1,E,29,",,,238.2,"1,E",191.8,",,,E",1.009,"1,E",1.41,"1,,,E",0.607,",,,E"
AGE00147709,1911-05-01,36.63,4.2,942.0,"FORT NATIONAL, AG",,,0.0,",E",15.0,",E",9.0,",E",1.0,",E",0.0,",E",0.0,",E",0.0,",E",2.0,",E",0.0,",E",19110503.0,",,E",19110512.0,",,E",19110525.0,",,E",4.0,",E,03,",37.0,",,E,12,",26.0,",E,25,",,,182.8,",E",105.3,",,,E",1.244,",E",1.6320000000000001,",,,E",0.8550000000000001,",,,E"
AGE00147709,1911-06-01,36.63,4.2,942.0,"FORT NATIONAL, AG",,,,,3.0,"1,E",1.0,"1,E",0.0,"1,E",0.0,"3,E",0.0,"3,E",0.0,"3,E",18.0,"3,E",1.0,"3,E",19110601.0,",3,E",19110602.0,",1,E",19110619.0,",3,E",10.0,"3,E,01,",4.7,"1,,E,02,",35.0,"3,E,19,",,,,,8.8,"1,,,E",1.941,"6,E",2.4,"3,,,E",1.481,"3,,,E"
AGE00147709,1911-07-01,36.63,4.2,942.0,"FORT NATIONAL, AG",,,163.0,",E",0.0,",E",0.0,",E",0.0,",E",0.0,",E",0.0,",E",0.0,",E",31.0,",E",5.0,",E",19110713.0,",,E",19110731.0,"+,,E",19110729.0,",,E",11.0,",E,13,",0.0,",,E,31,+",35.0,",E,29,",0.3,E,0.3,",E",0.0,",,,E",2.3579999999999997,",E",2.826,",,,E",1.89,",,,E"
AGE00147709,1911-08-01,36.63,4.2,942.0,"FORT NATIONAL, AG",,,193.7,",E",1.0,",E",1.0,",E",0.0,",E",0.0,",E",0.0,",E",0.0,",E",31.0,",E",6.0,",E",19110826.0,"+,,E",19110823.0,",,E",19110820.0,",,E",15.0,",E,26,+",7.6,",,E,23,",37.0,",E,20,",0.3,E,0.0,",E",7.6,",,,E",2.4579999999999997,",E",2.884,",,,E",2.032,",,,E"
AGE00147709,1911-09-01,36.63,4.2,942.0,"FORT NATIONAL, AG",,,108.3,"1,E",5.0,",E",2.0,",E",0.0,",E",0.0,",E",0.0,",E",0.0,"1,E",22.0,"1,E",2.0,"1,E",19110929.0,"+,,E",19110905.0,",,E",19110917.0,",1,E",9.0,",E,29,+",6.2,",,E,05,",42.0,"1,E,17,",17.8,E,17.5,"1,E",14.5,",,,E",2.1399999999999997,"1,E",2.621,"1,,,E",1.6600000000000001,",,,E"
AGE00147709,1911-10-01,36.63,4.2,942.0,"FORT NATIONAL, AG",,,29.2,"5,E",5.0,"1,E",3.0,"1,E",0.0,"1,E",0.0,"3,E",0.0,"3,E",0.0,"2,E",14.0,"2,E",0.0,"2,E",19111030.0,"+,3,E",19111025.0,",1,E",19111008.0,",2,E",8.0,"3,E,30,+",25.0,"1,,E,25,",30.0,"2,E,08,",62.6,E,44.8,"2,E",64.6,"1,,,E",1.7420000000000002,"5,E",2.176,"2,,,E",1.307,"3,,,E"
AGE00147709,1911-11-01,36.63,4.2,942.0,"FORT NATIONAL, AG",,,0.0,",E",13.0,",E",10.0,",E",2.0,",E",0.0,",E",0.0,",E",0.0,",E",0.0,",E",0.0,",E",19111116.0,",,E",19111110.0,",,E",19111122.0,"+,,E",1.0,",E,16,",40.2,",,E,10,",20.0,",E,22,+",297.1,E,234.5,",E",154.6,",,,E",1.052,",E",1.387,",,,E",0.717,",,,E"
AGE00147709,1911-12-01,36.63,4.2,942.0,"FORT NATIONAL, AG",,,0.0,"1,E",7.0,",E",6.0,",E",0.0,",E",0.0,"1,E",0.0,"1,E",0.0,"1,E",0.0,"1,E",0.0,"1,E",19111213.0,",1,E",19111209.0,"+,,E",19111225.0,"+,1,E",4.0,"1,E,13,",18.0,",,E,09,+",17.0,"1,E,25,+",552.6,E,255.5,"1,E",64.6,",,,E",0.982,"1,E",1.2970000000000002,"1,,,E",0.667,"1,,,E"
AGE00147709,1912-01-01,36.63,4.2,942.0,"FORT NATIONAL, AG",0.0,E,0.0,"2,E",15.0,",E",9.0,",E",1.0,",E",0.0,"1,E",4.0,"1,E",0.0,"1,E",0.0,"1,E",0.0,"1,E",19120130.0,"+,1,E",19120128.0,",,E",19120122.0,"+,1,E",-1.0,"1,E,30,+",26.0,",,E,28,",14.0,"1,E,22,+",880.8,E,328.2,"1,E",97.3,",,,E",0.7030000000000001,"2,E",0.9800000000000001,"1,,,E",0.42699999999999994,"1,,,E"
AGE00147709,1912-02-01,36.63,4.2,942.0,"FORT NATIONAL, AG",0.0,E,0.0,",E",8.0,",E",8.0,",E",0.0,",E",0.0,",E",1.0,",E",0.0,",E",1.0,",E",0.0,",E",19120201.0,",,E",19120206.0,",,E",19120225.0,",,E",-2.0,",E,01,",22.5,",,E,06,",22.0,",E,25,",1120.5,E,239.7,",E",65.7,",,,E",1.0070000000000001,",E",1.383,",,,E",0.631,",,,E"
AGE00147709,1912-03-01,36.63,4.2,942.0,"FORT NATIONAL, AG",0.7,E,0.7,"2,E",8.0,",E",4.0,",E",0.0,",E",0.0,"1,E",0.0,"1,E",0.0,"1,E",2.0,"1,E",0.0,"1,E",19120308.0,",1,E",19120307.0,",,E",19120329.0,",1,E",2.0,"1,E,08,",22.5,",,E,07,",23.0,"1,E,29,",1318.3,E,197.8,"1,E",55.0,",,,E",1.167,"2,E",1.557,"1,,,E",0.7769999999999999,"1,,,E"
AGE00147709,1912-04-01,36.63,4.2,942.0,"FORT NATIONAL, AG",0.7,E,0.0,"4,E",20.0,",E",16.0,",E",1.0,",E",0.0,"2,E",0.0,"2,E",0.0,"3,E",0.0,"3,E",0.0,"3,E",19120406.0,"+,2,E",19120429.0,",,E",19120426.0,",3,E",2.0,"2,E,06,+",30.4,",,E,29,",20.0,"3,E,26,",1572.5,E,254.2,"3,E",187.6,",,,E",0.8779999999999999,"4,E",1.17,"3,,,E",0.5860000000000001,"2,,,E"
AGE00147709,1912-05-01,36.63,4.2,942.0,"FORT NATIONAL, AG",33.9,E,33.2,",E",2.0,",E",1.0,",E",0.0,",E",0.0,",E",0.0,",E",0.0,",E",17.0,",E",0.0,",E",19120502.0,"+,,E",19120501.0,",,E",19120514.0,"+,,E",3.0,",E,02,+",3.0,",,E,01,",30.0,",E,14,+",1647.0,E,74.5,",E",4.0,",,,E",1.7,",E",2.174,",,,E",1.226,",,,E"
AGE00147709,1912-06-01,36.63,4.2,942.0,"FORT NATIONAL, AG",122.9,E,89.0,",E",3.0,",E",2.0,",E",1.0,",E",0.0,",E",0.0,",E",0.0,",E",22.0,",E",1.0,",E",19120613.0,",,E",19120612.0,",,E",19120618.0,",,E",7.0,",E,13,",30.5,",,E,12,",34.0,",E,18,",1681.0,E,34.0,",E",47.5,",,,E",2.0170000000000003,",E",2.487,",,,E",1.5470000000000002,",,,E"
AGE00147709,1912-08-01,36.63,4.2,942.0,"FORT NATIONAL, AG",,,146.7,",E",1.0,",E",0.0,",E",0.0,",E",0.0,",E",0.0,",E",0.0,",E",31.0,",E",1.0,",E",19120816.0,"+,,E",19120820.0,",,E",19120819.0,",,E",15.0,",E,16,+",2.0,",,E,20,",33.0,",E,19,",,,0.0,",E",2.0,",,,E",2.306,",E",2.758,",,,E",1.855,",,,E"
AGE00147709,1912-09-01,36.63,4.2,942.0,"FORT NATIONAL, AG",,,16.5,",E",9.0,",E",7.0,",E",0.0,",E",0.0,",E",0.0,",E",0.0,",E",14.0,",E",0.0,",E",19120927.0,"+,,E",19120923.0,",,E",19120917.0,",,E",9.0,",E,27,+",18.6,",,E,23,",30.0,",E,17,",,,66.0,",E",80.2,",,,E",1.668,",E",2.0629999999999997,",,,E",1.2730000000000001,",,,E"
AGE00147709,1912-10-01,36.63,4.2,942.0,"FORT NATIONAL, AG",,,2.3,",E",9.0,",E",8.0,",E",0.0,",E",0.0,",E",0.0,",E",0.0,",E",4.0,",E",0.0,",E",19121023.0,"+,,E",19121016.0,",,E",19121002.0,",,E",7.0,",E,23,+",17.0,",,E,16,",25.0,",E,02,",,,115.7,",E",75.4,",,,E",1.468,",E",1.813,",,,E",1.123,",,,E"
AGE00147709,1912-11-01,36.63,4.2,942.0,"FORT NATIONAL, AG",,,0.0,"4,E",12.0,"1,E",10.0,"1,E",0.0,"1,E",0.0,"2,E",2.0,"2,E",0.0,"2,E",1.0,"2,E",0.0,"2,E",19121126.0,"+,2,E",19121122.0,",1,E",19121103.0,",2,E",0.0,"2,E,26,+",25.0,"1,,E,22,",27.0,"2,E,03,",,,268.7,"2,E",103.5,"1,,,E",0.788,"4,E",1.093,"2,,,E",0.48200000000000004,"2,,,E"
AGE00147709,1912-12-01,36.63,4.2,942.0,"FORT NATIONAL, AG",,,0.0,"2,E",4.0,"1,E",3.0,"1,E",1.0,"1,E",0.0,"1,E",1.0,"1,E",0.0,"1,E",0.0,"1,E",0.0,"1,E",19121206.0,",1,E",19121201.0,",1,E",19121228.0,",1,E",0.0,"1,E,06,",28.0,"1,,E,01,",17.0,"1,E,28,",,,342.7,"1,E",41.1,"1,,,E",0.667,"2,E",0.9470000000000001,"1,,,E",0.387,"1,,,E"
AGE00147709,1913-01-01,36.63,4.2,942.0,"FORT NATIONAL, AG",0.0,E,0.0,",E",15.0,",E",11.0,",E",0.0,",E",0.0,",E",0.0,",E",0.0,",E",0.0,",E",0.0,",E",19130111.0,",,E",19130130.0,",,E",19130124.0,",,E",1.0,",E,11,",13.8,",,E,30,",15.0,",E,24,",,,330.3,",E",75.6,",,,E",0.768,",E",1.019,",,,E",0.516,",,,E"
AGE00147709,1913-02-01,36.63,4.2,942.0,"FORT NATIONAL, AG",0.0,E,0.0,",E",21.0,",E",15.0,",E",3.0,",E",0.0,",E",1.0,",E",0.0,",E",0.0,",E",0.0,",E",19130222.0,",,E",19130209.0,",,E",19130203.0,",,E",-1.0,",E,22,",32.5,",,E,09,",13.0,",E,03,",,,343.3,",E",187.0,",,,E",0.607,",E",0.882,",,,E",0.33199999999999996,",,,E"
AGE00147709,1913-03-01,36.63,4.2,942.0,"FORT NATIONAL, AG",0.0,E,0.0,"2,E",8.0,",E",5.0,",E",0.0,",E",0.0,"1,E",1.0,"1,E",0.0,"1,E",1.0,"1,E",0.0,"1,E",19130301.0,",1,E",19130323.0,",,E",19130322.0,",1,E",0.0,"1,E,01,",19.3,",,E,23,",22.0,"1,E,22,",,,249.7,"1,E",65.7,",,,E",0.9869999999999999,"2,E",1.387,"1,,,E",0.587,"1,,,E"
AGE00147709,1913-04-01,36.63,4.2,942.0,"FORT NATIONAL, AG",2.3,E,2.3,",E",7.0,",E",6.0,",E",1.0,",E",0.0,",E",0.0,",E",0.0,",E",2.0,",E",0.0,",E",19130415.0,",,E",19130425.0,",,E",19130429.0,",,E",1.0,",E,15,",61.0,",,E,25,",29.0,",E,29,",,,218.8,",E",106.0,",,,E",1.1119999999999999,",E",1.56,",,,E",0.663,",,,E"
AGE00147709,1913-05-01,36.63,4.2,942.0,"FORT NATIONAL, AG",21.6,E,19.3,",E",5.0,",E",2.0,",E",0.0,",E",0.0,",E",0.0,",E",0.0,",E",10.0,",E",0.0,",E",19130506.0,",,E",19130514.0,",,E",19130530.0,"+,,E",6.0,",E,06,",5.5,",,E,14,",28.0,",E,30,+",,,119.7,",E",12.9,",,,E",1.51,",E",1.923,",,,E",1.097,",,,E"
AGE00147709,1913-06-01,36.63,4.2,942.0,"FORT NATIONAL, AG",99.8,E,78.2,",E",4.0,",E",3.0,",E",0.0,",E",0.0,",E",0.0,",E",0.0,",E",20.0,",E",2.0,",E",19130603.0,",,E",19130602.0,",,E",19130623.0,",,E",10.0,",E,03,",11.0,",,E,02,",38.0,",E,23,",,,29.2,",E",23.6,",,,E",1.9969999999999999,",E",2.43,",,,E",1.5630000000000002,",,,E"
AGE00147709,1913-07-01,36.63,4.2,942.0,"FORT NATIONAL, AG",264.3,E,164.5,",E",0.0,",E",0.0,",E",0.0,",E",0.0,",E",0.0,",E",0.0,",E",31.0,",E",5.0,",E",19130712.0,",,E",19130731.0,"+,,E",19130724.0,",,E",13.0,",E,12,",0.0,",,E,31,+",35.0,",E,24,",0.3,E,0.3,",E",0.0,",,,E",2.363,",E",2.842,",,,E",1.884,",,,E"
AGE00147709,1913-08-01,36.63,4.2,942.0,"FORT NATIONAL, AG",463.3,E,199.0,",E",2.0,",E",1.0,",E",0.0,",E",0.0,",E",0.0,",E",0.0,",E",31.0,",E",9.0,",E",19130814.0,"+,,E",19130825.0,",,E",19130819.0,"+,,E",14.0,",E,14,+",4.5,",,E,25,",36.0,",E,19,+",0.6,E,0.3,",E",4.9,",,,E",2.4739999999999998,",E",2.948,",,,E",2.0,",,,E"
AGE00147709,1913-09-01,36.63,4.2,942.0,"FORT NATIONAL, AG",561.3,E,98.0,",E",2.0,",E",0.0,",E",0.0,",E",0.0,",E",0.0,",E",0.0,",E",25.0,",E",4.0,",E",19130920.0,"+,,E",19130910.0,",,E",19130902.0,",,E",11.0,",E,20,+",1.0,",,E,10,",35.0,",E,02,",7.1,E,6.5,",E",1.4,",,,E",2.138,",E",2.62,",,,E",1.657,",,,E"
AGE00147709,1913-10-01,36.63,4.2,942.0,"FORT NATIONAL, AG",585.8,E,24.5,",E",7.0,",E",5.0,",E",0.0,",E",0.0,",E",0.0,",E",0.0,",E",14.0,",E",0.0,",E",19131018.0,"+,,E",19131004.0,",,E",19131008.0,",,E",8.0,",E,18,+",5.7,",,E,04,",28.0,",E,08,",84.4,E,77.3,",E",25.0,",,,E",1.6629999999999998,",E",2.055,",,,E",1.2710000000000001,",,,E"
AGE00147709,1913-11-01,36.63,4.2,942.0,"FORT NATIONAL, AG",588.8,E,3.0,"4,E",8.0,"1,E",5.0,"1,E",1.0,"1,E",0.0,"2,E",0.0,"2,E",0.0,"2,E",5.0,"2,E",0.0,"2,E",19131128.0,"+,2,E",19131127.0,",1,E",19131103.0,",2,E",5.0,"2,E,28,+",89.0,"1,,E,27,",24.0,"2,E,03,",248.1,E,163.7,"2,E",159.5,"1,,,E",1.2429999999999999,"4,E",1.5710000000000002,"2,,,E",0.914,"2,,,E"
AGE00147709,1914-01-01,36.63,4.2,942.0,"FORT NATIONAL, AG",0.0,E,0.0,"3,E",16.0,"1,E",14.0,"1,E",3.0,"1,E",0.0,"1,E",8.0,"1,E",1.0,"2,E",0.0,"2,E",0.0,"2,E",19140102.0,",1,E",19140104.0,",1,E",19140130.0,"+,2,E",-5.0,"1,E,02,",62.2,"1,,E,04,",11.0,"2,E,30,+",,,403.3,"2,E",248.4,"1,,,E",0.40700000000000003,"3,E",0.648,"2,,,E",0.16699999999999998,"1,,,E"
AGE00147709,1914-02-01,36.63,4.2,942.0,"FORT NATIONAL, AG",0.0,E,0.0,",E",9.0,",E",8.0,",E",2.0,",E",0.0,",E",3.0,",E",0.0,",E",0.0,",E",0.0,",E",19140228.0,"+,,E",19140228.0,",,E",19140216.0,",,E",-1.0,",E,28,+",87.0,",,E,28,",16.0,",E,16,",,,317.3,",E",215.2,",,,E",0.7,",E",1.05,",,,E",0.35,",,,E"
AGE00147709,1914-03-01,36.63,4.2,942.0,"FORT NATIONAL, AG",0.0,E,0.0,"2,E",9.0,",E",8.0,",E",1.0,",E",0.0,"1,E",1.0,"1,E",0.0,"1,E",1.0,"1,E",0.0,"1,E",19140304.0,",1,E",19140322.0,",,E",19140310.0,",1,E",-1.0,"1,E,04,",26.5,",,E,22,",22.0,"1,E,10,",,,253.7,"1,E",99.0,",,,E",0.962,"2,E",1.34,"1,,,E",0.583,"1,,,E"
AGE00147709,1914-04-01,36.63,4.2,942.0,"FORT NATIONAL, AG",15.5,E,15.5,",E",8.0,",E",6.0,",E",1.0,",E",0.0,",E",0.0,",E",0.0,",E",7.0,",E",0.0,",E",19140409.0,",,E",19140417.0,",,E",19140412.0,",,E",5.0,",E,09,",55.0,",,E,17,",30.0,",E,12,",,,118.5,",E",89.4,",,,E",1.49,",E",1.9129999999999998,",,,E",1.067,",,,E"
AGE00147709,1914-05-01,36.63,4.2,942.0,"FORT NATIONAL, AG",23.5,E,8.0,"4,E",11.0,",E",6.0,",E",0.0,",E",0.0,"2,E",0.0,"2,E",0.0,"2,E",6.0,"2,E",0.0,"2,E",19140511.0,",2,E",19140529.0,",,E",19140508.0,",2,E",4.0,"2,E,11,",24.5,",,E,29,",30.0,"2,E,08,",,,99.5,"2,E",66.9,",,,E",1.483,"4,E",1.9140000000000001,"2,,,E",1.052,"2,,,E"
AGE00147709,1914-06-01,36.63,4.2,942.0,"FORT NATIONAL, AG",56.5,E,33.0,",E",8.0,",E",5.0,",E",0.0,",E",0.0,",E",0.0,",E",0.0,",E",14.0,",E",0.0,",E",19140616.0,"+,,E",19140614.0,",,E",19140626.0,"+,,E",8.0,",E,16,+",25.0,",,E,14,",30.0,",E,26,+",,,60.0,",E",52.4,",,,E",1.7429999999999999,",E",2.217,",,,E",1.27,",,,E"
AGE00147709,1914-07-01,36.63,4.2,942.0,"FORT NATIONAL, AG",187.2,E,130.7,",E",0.0,",E",0.0,",E",0.0,",E",0.0,",E",0.0,",E",0.0,",E",31.0,",E",0.0,",E",19140731.0,"+,,E",19140731.0,"+,,E",19140715.0,",,E",15.0,",E,31,+",0.0,",,E,31,+",31.0,",E,15,",0.0,E,0.0,",E",0.0,",,,E",2.255,",E",2.668,",,,E",1.842,",,,E"
AGE00147709,1914-08-01,36.63,4.2,942.0,"FORT NATIONAL, AG",329.0,E,141.8,",E",3.0,",E",3.0,",E",0.0,",E",0.0,",E",0.0,",E",0.0,",E",30.0,",E",2.0,",E",19140829.0,",,E",19140828.0,",,E",19140805.0,",,E",10.0,",E,29,",8.7,",,E,28,",36.0,",E,05,",7.2,E,7.2,",E",16.7,",,,E",2.268,",E",2.7350000000000003,",,,E",1.8,",,,E"
AGE00147709,1914-09-01,36.63,4.2,942.0,"FORT NATIONAL, AG",418.5,E,89.5,",E",0.0,",E",0.0,",E",0.0,",E",0.0,",E",0.0,",E",0.0,",E",27.0,",E",2.0,",E",19140925.0,",,E",19140930.0,"+,,E",19140913.0,"+,,E",9.0,",E,25,",0.0,",,E,30,+",33.0,",E,13,+",21.7,E,14.5,",E",0.0,",,,E",2.0829999999999997,",E",2.68,",,,E",1.4869999999999999,",,,E"
AGE00147709,1914-10-01,36.63,4.2,942.0,"FORT NATIONAL, AG",421.8,E,3.3,",E",5.0,",E",5.0,",E",2.0,",E",0.0,",E",0.0,",E",0.0,",E",11.0,",E",0.0,",E",19141031.0,",,E",19141024.0,",,E",19141008.0,",,E",3.0,",E,31,",51.8,",,E,24,",28.0,",E,08,",121.9,E,100.2,",E",111.4,",,,E",1.5210000000000001,",E",2.045,",,,E",0.9970000000000001,",,,E"
AGE00147709,1914-11-01,36.63,4.2,942.0,"FORT NATIONAL, AG",421.8,E,0.0,",E",12.0,",E",12.0,",E",1.0,",E",0.0,",E",0.0,",E",0.0,",E",0.0,",E",0.0,",E",19141120.0,",,E",19141103.0,",,E",19141121.0,"+,,E",2.0,",E,20,",40.0,",,E,03,",19.0,",E,21,+",374.4,E,252.5,",E",128.0,",,,E",0.992,",E",1.347,",,,E",0.637,",,,E"
AGE00147709,1914-12-01,36.63,4.2,942.0,"FORT NATIONAL, AG",421.8,E,0.0,",E",12.0,",E",12.0,",E",1.0,",E",0.0,",E",2.0,",E",0.0,",E",0.0,",E",0.0,",E",19141225.0,",,E",19141221.0,",,E",19141214.0,"+,,E",-3.0,",E,25,",31.8,",,E,21,",19.0,",E,14,+",729.7,E,355.3,",E",153.3,",,,E",0.687,",E",1.01,",,,E",0.365,",,,E"
AGE00147709,1915-02-01,36.63,4.2,942.0,"FORT NATIONAL, AG",,,0.0,"3,E",15.0,"1,E",8.0,"1,E",1.0,"1,E",0.0,"2,E",3.0,"2,E",0.0,"1,E",0.0,"1,E",0.0,"1,E",19150228.0,"+,2,E",19150220.0,",1,E",19150213.0,",1,E",-1.0,"2,E,28,+",30.8,"1,,E,20,",18.0,"1,E,13,",,,299.8,"1,E",92.3,"1,,,E",0.609,"3,E",0.9109999999999999,"1,,,E",0.308,"2,,,E"
AGE00147709,1915-03-01,36.63,4.2,942.0,"FORT NATIONAL, AG",,,0.0,"2,E",12.0,"1,E",8.0,"1,E",0.0,"1,E",0.0,"1,E",3.0,"1,E",0.0,"1,E",2.0,"1,E",0.0,"1,E",19150310.0,",1,E",19150310.0,",1,E",19150322.0,",1,E",-3.0,"1,E,10,",21.6,"1,,E,10,",23.0,"1,E,22,",,,230.7,"1,E",115.6,"1,,,E",1.038,"2,E",1.41,"1,,,E",0.667,"1,,,E"
AGE00147709,1915-05-01,36.63,4.2,942.0,"FORT NATIONAL, AG",,,6.3,"2,E",15.0,",E",6.0,",E",0.0,",E",0.0,"1,E",0.0,"1,E",0.0,"1,E",16.0,"1,E",0.0,"1,E",19150511.0,",1,E",19150511.0,",,E",19150507.0,",1,E",8.0,"1,E,11,",14.8,",,E,11,",25.0,"1,E,07,",,,62.0,"1,E",51.0,",,,E",1.6469999999999998,"2,E",2.067,"1,,,E",1.2269999999999999,"1,,,E"
AGE00147709,1915-06-01,36.63,4.2,942.0,"FORT NATIONAL, AG",,,46.0,",E",6.0,",E",4.0,",E",0.0,",E",0.0,",E",0.0,",E",0.0,",E",22.0,",E",0.0,",E",19150603.0,",,E",19150604.0,",,E",19150624.0,",,E",9.0,",E,03,",15.2,",,E,04,",28.0,",E,24,",,,34.0,",E",30.8,",,,E",1.873,",E",2.247,",,,E",1.5,",,,E"
AGE00147709,1915-07-01,36.63,4.2,942.0,"FORT NATIONAL, AG",,,232.8,",E",1.0,",E",0.0,",E",0.0,",E",0.0,",E",0.0,",E",0.0,",E",29.0,",E",7.0,",E",19150702.0,",,E",19150706.0,",,E",19150717.0,",,E",12.0,",E,02,",2.2,",,E,06,",40.0,",E,17,",4.2,E,4.2,",E",2.5,",,,E",2.571,",E",3.0420000000000003,",,,E",2.1,",,,E"
AGE00147709,1915-08-01,36.63,4.2,942.0,"FORT NATIONAL, AG",,,219.2,"2,E",0.0,"1,E",0.0,"1,E",0.0,"1,E",0.0,"1,E",0.0,"1,E",0.0,"1,E",29.0,"1,E",11.0,"1,E",19150827.0,",1,E",19150831.0,"+,1,E",19150811.0,"+,1,E",11.0,"1,E,27,",0.0,"1,,E,31,+",41.0,"1,E,11,+",5.0,E,0.8,"1,E",0.0,"1,,,E",2.597,"2,E",3.1,"1,,,E",2.093,"1,,,E"
AGE00147709,1915-10-01,36.63,4.2,942.0,"FORT NATIONAL, AG",,,8.2,"3,E",13.0,"2,E",10.0,"2,E",1.0,"2,E",0.0,"1,E",0.0,"1,E",0.0,"2,E",6.0,"2,E",0.0,"2,E",19151003.0,"+,1,E",19151004.0,",2,E",19151017.0,",2,E",5.0,"1,E,03,+",25.9,"2,,E,04,",28.0,"2,E,17,",,,133.5,"2,E",116.4,"2,,,E",1.397,"3,E",1.8030000000000002,"2,,,E",0.99,"1,,,E"
AGE00147709,1915-11-01,36.63,4.2,942.0,"FORT NATIONAL, AG",,,0.0,"2,E",13.0,"1,E",9.0,"1,E",1.0,"1,E",0.0,"1,E",0.0,"1,E",0.0,"1,E",2.0,"1,E",0.0,"1,E",19151115.0,"+,1,E",19151121.0,",1,E",19151109.0,"+,1,E",2.0,"1,E,15,+",55.0,"1,,E,21,",22.0,"1,E,09,+",,,205.8,"1,E",153.2,"1,,,E",1.109,"2,E",1.517,"1,,,E",0.7,"1,,,E"
AGE00147709,1915-12-01,36.63,4.2,942.0,"FORT NATIONAL, AG",,,0.0,"4,E",8.0,"1,E",6.0,"1,E",2.0,"1,E",0.0,"3,E",2.0,"3,E",0.0,"2,E",0.0,"2,E",0.0,"2,E",19151216.0,"+,3,E",19151214.0,",1,E",19151208.0,",2,E",0.0,"3,E,16,+",31.0,"1,,E,14,",19.0,"2,E,08,",,,253.0,"2,E",115.3,"1,,,E",0.906,"4,E",1.259,"2,,,E",0.554,"3,,,E"
AGE00147709,1916-01-01,36.63,4.2,942.0,"FORT NATIONAL, AG",0.0,E,0.0,",E",11.0,",E",10.0,",E",0.0,",E",0.0,",E",3.0,",E",0.0,",E",0.0,",E",0.0,",E",19160111.0,",,E",19160112.0,",,E",19160124.0,"+,,E",-2.0,",E,11,",23.0,",,E,12,",16.0,",E,24,+",,,319.3,",E",91.4,",,,E",0.8029999999999999,",E",1.1869999999999998,",,,E",0.41900000000000004,",,,E"
AGE00147709,1916-02-01,36.63,4.2,942.0,"FORT NATIONAL, AG",0.0,E,0.0,"2,E",11.0,"1,E",11.0,"1,E",0.0,"1,E",0.0,"1,E",0.0,"1,E",0.0,"1,E",2.0,"1,E",0.0,"1,E",19160211.0,",1,E",19160205.0,",1,E",19160224.0,"+,1,E",1.0,"1,E,11,",22.7,"1,,E,05,",23.0,"1,E,24,+",,,203.5,"1,E",121.8,"1,,,E",1.064,"2,E",1.5539999999999998,"1,,,E",0.575,"1,,,E"
AGE00147709,1916-03-01,36.63,4.2,942.0,"FORT NATIONAL, AG",0.0,E,0.0,"2,E",15.0,",E",11.0,",E",2.0,",E",0.0,"1,E",0.0,"1,E",0.0,"1,E",5.0,"1,E",0.0,"1,E",19160307.0,",1,E",19160330.0,",,E",19160319.0,",1,E",2.0,"1,E,07,",67.2,",,E,30,",29.0,"1,E,19,",,,183.2,"1,E",175.7,",,,E",1.222,"2,E",1.72,"1,,,E",0.7230000000000001,"1,,,E"
AGE00147709,1916-04-01,36.63,4.2,942.0,"FORT NATIONAL, AG",1.7,E,1.7,",E",10.0,",E",4.0,",E",0.0,",E",0.0,",E",0.0,",E",0.0,",E",10.0,",E",0.0,",E",19160411.0,"+,,E",19160420.0,",,E",19160428.0,",,E",5.0,",E,11,+",19.3,",,E,20,",30.0,",E,28,",,,126.7,",E",38.0,",,,E",1.417,",E",2.02,",,,E",0.8130000000000001,",,,E"
AGE00147709,1916-05-01,36.63,4.2,942.0,"FORT NATIONAL, AG",36.4,E,34.7,",E",9.0,",E",6.0,",E",1.0,",E",0.0,",E",0.0,",E",0.0,",E",25.0,",E",1.0,",E",19160527.0,"+,,E",19160531.0,",,E",19160503.0,",,E",9.0,",E,27,+",27.0,",,E,31,",34.0,",E,03,",,,25.5,",E",56.9,",,,E",1.863,",E",2.506,",,,E",1.2189999999999999,",,,E"
AGE00147709,1916-06-01,36.63,4.2,942.0,"FORT NATIONAL, AG",98.2,E,61.8,",E",4.0,",E",2.0,",E",0.0,",E",0.0,",E",0.0,",E",0.0,",E",22.0,",E",0.0,",E",19160603.0,",,E",19160601.0,",,E",19160625.0,",,E",10.0,",E,03,",13.0,",,E,01,",31.0,",E,25,",,,24.3,",E",17.2,",,,E",1.9579999999999997,",E",2.3600000000000003,",,,E",1.557,",,,E"
AGE00147709,1916-07-01,36.63,4.2,942.0,"FORT NATIONAL, AG",290.4,E,192.2,"2,E",1.0,"1,E",0.0,"1,E",0.0,"1,E",0.0,"1,E",0.0,"1,E",0.0,"1,E",30.0,"1,E",7.0,"1,E",19160730.0,",1,E",19160723.0,",1,E",19160709.0,"+,1,E",14.0,"1,E,30,",1.3,"1,,E,23,",38.0,"1,E,09,+",0.3,E,0.3,"1,E",1.3,"1,,,E",2.498,"2,E",2.9899999999999998,"1,,,E",2.007,"1,,,E"
AGE00147709,1916-08-01,36.63,4.2,942.0,"FORT NATIONAL, AG",509.7,E,219.3,"2,E",0.0,",E",0.0,",E",0.0,",E",0.0,"1,E",0.0,"1,E",0.0,"1,E",30.0,"1,E",5.0,"1,E",19160831.0,",1,E",19160831.0,"+,,E",19160828.0,",1,E",15.0,"1,E,31,",0.0,",,E,31,+",41.0,"1,E,28,",0.3,E,0.0,"1,E",0.0,",,,E",2.585,"2,E",3.097,"1,,,E",2.073,"1,,,E"
AGE00147709,1916-09-01,36.63,4.2,942.0,"FORT NATIONAL, AG",553.0,E,43.3,",E",4.0,",E",0.0,",E",0.0,",E",0.0,",E",0.0,",E",0.0,",E",21.0,",E",0.0,",E",19160921.0,",,E",19160912.0,"+,,E",19160904.0,",,E",9.0,",E,21,",2.3,",,E,12,+",32.0,",E,04,",26.1,E,25.8,",E",6.0,",,,E",1.8920000000000001,",E",2.3329999999999997,",,,E",1.45,",,,E"
AGE00147709,1916-10-01,36.63,4.2,942.0,"FORT NATIONAL, AG",581.0,E,28.0,",E",2.0,",E",2.0,",E",0.0,",E",0.0,",E",0.0,",E",0.0,",E",16.0,",E",0.0,",E",19161027.0,",,E",19161020.0,",,E",19161031.0,"+,,E",9.0,",E,27,",6.3,",,E,20,",27.0,",E,31,+",78.4,E,52.3,",E",10.0,",,,E",1.7550000000000001,",E",2.161,",,,E",1.348,",,,E"
AGE00147709,1916-11-01,36.63,4.2,942.0,"FORT NATIONAL, AG",591.7,E,10.7,"4,E",16.0,",E",15.0,",E",5.0,",E",0.0,"2,E",0.0,"2,E",0.0,"2,E",4.0,"2,E",0.0,"2,E",19161110.0,",2,E",19161110.0,",,E",19161102.0,",2,E",1.0,"2,E,10,",80.4,",,E,10,",27.0,"2,E,02,",290.2,E,211.8,"2,E",373.9,",,,E",1.079,"4,E",1.425,"2,,,E",0.732,"2,,,E"
AGE00147709,1916-12-01,36.63,4.2,942.0,"FORT NATIONAL, AG",591.7,E,0.0,",E",6.0,",E",6.0,",E",1.0,",E",0.0,",E",0.0,",E",0.0,",E",0.0,",E",0.0,",E",19161215.0,"+,,E",19161228.0,",,E",19161225.0,",,E",1.0,",E,15,+",30.5,",,E,28,",21.0,",E,25,",583.5,E,293.3,",E",77.8,",,,E",0.8869999999999999,",E",1.197,",,,E",0.577,",,,E"
AGE00147709,1917-01-01,36.63,4.2,942.0,"FORT NATIONAL, AG",0.0,E,0.0,"2,E",13.0,",E",11.0,",E",2.0,",E",0.0,"1,E",4.0,"1,E",0.0,"1,E",0.0,"1,E",0.0,"1,E",19170112.0,",1,E",19170112.0,",,E",19170103.0,",1,E",-3.0,"1,E,12,",35.7,",,E,12,",14.0,"1,E,03,",957.7,E,374.2,"1,E",162.8,",,,E",0.5429999999999999,"2,E",0.8029999999999999,"1,,,E",0.28300000000000003,"1,,,E"
AGE00147709,1917-02-01,36.63,4.2,942.0,"FORT NATIONAL, AG",0.0,E,0.0,"5,E",10.0,"2,E",8.0,"2,E",0.0,"2,E",0.0,"3,E",1.0,"3,E",0.0,"3,E",0.0,"3,E",0.0,"3,E",19170207.0,",3,E",19170223.0,",2,E",19170214.0,",3,E",-1.0,"3,E,07,",12.3,"2,,E,23,",18.0,"3,E,14,",1216.4,E,258.7,"3,E",65.6,"2,,,E",0.702,"5,E",1.0,"3,,,E",0.404,"3,,,E"
AGE00147709,1917-03-01,36.63,4.2,942.0,"FORT NATIONAL, AG",0.0,E,0.0,"4,E",14.0,",E",10.0,",E",0.0,",E",0.0,"2,E",6.0,"2,E",0.0,"2,E",1.0,"2,E",0.0,"2,E",19170325.0,",2,E",19170316.0,",,E",19170310.0,",2,E",-2.0,"2,E,25,",22.9,",,E,16,",22.0,"2,E,10,",1543.4,E,327.0,"2,E",92.5,",,,E",0.643,"4,E",1.0070000000000001,"2,,,E",0.279,"2,,,E"
AGE00147709,1917-04-01,36.63,4.2,942.0,"FORT NATIONAL, AG",0.0,E,0.0,",E",8.0,",E",4.0,",E",0.0,",E",0.0,",E",1.0,",E",0.0,",E",0.0,",E",0.0,",E",19170424.0,",,E",19170423.0,",,E",19170430.0,"+,,E",0.0,",E,24,",19.7,",,E,23,",21.0,",E,30,+",1773.9,E,230.5,",E",42.3,",,,E",1.065,",E",1.473,",,,E",0.657,",,,E"
AGE00147709,1917-05-01,36.63,4.2,942.0,"FORT NATIONAL, AG",29.7,E,29.7,"5,E",6.0,",E",5.0,",E",0.0,",E",0.0,"2,E",0.0,"2,E",0.0,"3,E",11.0,"3,E",0.0,"3,E",19170530.0,",2,E",19170519.0,",,E",19170513.0,"+,3,E",7.0,"2,E,30,",19.2,",,E,19,",30.0,"3,E,13,+",1858.7,E,84.8,"3,E",51.3,",,,E",1.655,"5,E",2.018,"3,,,E",1.293,"2,,,E"
AGE00147709,1917-06-01,36.63,4.2,942.0,"FORT NATIONAL, AG",72.0,E,42.3,"3,E",14.0,",E",13.0,",E",0.0,",E",0.0,"1,E",0.0,"1,E",0.0,"2,E",12.0,"2,E",1.0,"2,E",19170604.0,"+,1,E",19170623.0,"+,,E",19170625.0,",2,E",11.0,"1,E,04,+",14.6,",,E,23,+",36.0,"2,E,25,",1892.5,E,33.8,"2,E",98.6,",,,E",1.866,"3,E",2.246,"2,,,E",1.486,"1,,,E"
AGE00147709,1917-07-01,36.63,4.2,942.0,"FORT NATIONAL, AG",264.3,E,192.3,"2,E",0.0,",E",0.0,",E",0.0,",E",0.0,",E",0.0,",E",0.0,"2,E",29.0,"2,E",2.0,"2,E",19170702.0,"+,,E",19170731.0,"+,,E",19170714.0,",2,E",16.0,",E,02,+",0.0,",,E,31,+",37.0,"2,E,14,",0.0,E,0.0,"2,E",0.0,",,,E",2.5,"2,E",2.948,"2,,,E",2.052,",,,E"
AGE00147709,1917-08-01,36.63,4.2,942.0,"FORT NATIONAL, AG",479.6,E,215.3,"2,E",0.0,",E",0.0,",E",0.0,",E",0.0,"1,E",0.0,"1,E",0.0,"1,E",30.0,"1,E",7.0,"1,E",19170818.0,",1,E",19170831.0,"+,,E",19170813.0,",1,E",14.0,"1,E,18,",0.0,",,E,31,+",40.0,"1,E,13,",0.0,E,0.0,"1,E",0.0,",,,E",2.5829999999999997,"2,E",3.087,"1,,,E",2.08,"1,,,E"
AGE00147709,1917-10-01,36.63,4.2,942.0,"FORT NATIONAL, AG",,,19.7,"5,E",10.0,",E",7.0,",E",0.0,",E",0.0,"3,E",0.0,"3,E",0.0,"3,E",13.0,"3,E",0.0,"3,E",19171030.0,",3,E",19171016.0,",,E",19171027.0,"+,3,E",2.0,"3,E,30,",25.2,",,E,16,",30.0,"3,E,27,+",,,97.3,"3,E",107.9,",,,E",1.557,"5,E",2.018,"3,,,E",1.096,"3,,,E"
AGE00147709,1917-11-01,36.63,4.2,942.0,"FORT NATIONAL, AG",,,0.0,"4,E",18.0,"1,E",14.0,"1,E",2.0,"1,E",0.0,"2,E",3.0,"2,E",0.0,"2,E",0.0,"2,E",0.0,"2,E",19171128.0,",2,E",19171112.0,",1,E",19171107.0,"+,2,E",-2.0,"2,E,28,",55.2,"1,,E,12,",17.0,"2,E,07,+",,,270.2,"2,E",226.4,"1,,,E",0.786,"4,E",1.032,"2,,,E",0.5389999999999999,"2,,,E"
AGE00147709,1917-12-01,36.63,4.2,942.0,"FORT NATIONAL, AG",,,,,10.0,"2,E",7.0,"2,E",0.0,"2,E",0.0,"4,E",6.0,"4,E",2.0,"3,E",0.0,"3,E",0.0,"3,E",19171228.0,",4,E",19171226.0,",2,E",19171223.0,",3,E",-7.0,"4,E,28,",13.7,"2,,E,26,",11.0,"3,E,23,",,,,,53.2,"2,,,E",0.43,"6,E",0.7,"3,,,E",0.159,"4,,,E"
AGE00147709,1919-01-01,36.63,4.2,942.0,"FORT NATIONAL, AG",0.0,E,0.0,",E",18.0,",E",17.0,",E",4.0,",E",0.0,",E",5.0,",E",0.0,",E",0.0,",E",0.0,",E",19190125.0,"+,,E",19190125.0,",,E",19190131.0,",,E",0.0,",E,25,+",60.9,",,E,25,",13.0,",E,31,",,,427.3,",E",330.2,",,,E",0.45499999999999996,",E",0.6839999999999999,",,,E",0.22599999999999998,",,,E"
AGE00147709,1919-02-01,36.63,4.2,942.0,"FORT NATIONAL, AG",0.0,E,0.0,"2,E",8.0,",E",6.0,",E",0.0,",E",0.0,"1,E",2.0,"1,E",0.0,"1,E",0.0,"1,E",0.0,"1,E",19190205.0,"+,1,E",19190203.0,",,E",19190216.0,",1,E",0.0,"1,E,05,+",24.5,",,E,03,",21.0,"1,E,16,",,,260.2,"1,E",77.6,",,,E",0.8460000000000001,"2,E",1.159,"1,,,E",0.533,"1,,,E"
AGE00147709,1919-03-01,36.63,4.2,942.0,"FORT NATIONAL, AG",1.7,E,1.7,"1,E",10.0,",E",10.0,",E",1.0,",E",0.0,"1,E",3.0,"1,E",0.0,",E",3.0,",E",0.0,",E",19190319.0,",1,E",19190327.0,",,E",19190305.0,",,E",-2.0,"1,E,19,",30.1,",,E,27,",24.0,",E,05,",,,257.7,",E",131.9,",,,E",0.9810000000000001,"1,E",1.3519999999999999,",,,E",0.61,"1,,,E"
AGE00147709,1919-04-01,36.63,4.2,942.0,"FORT NATIONAL, AG",,,,,8.0,"3,E",8.0,"3,E",0.0,"3,E",0.0,"4,E",0.0,"4,E",0.0,"4,E",1.0,"4,E",0.0,"4,E",19190424.0,"+,4,E",19190410.0,",3,E",19190403.0,",4,E",2.0,"4,E,24,+",11.4,"3,,E,10,",23.0,"4,E,03,",,,,,52.9,"3,,,E",1.077,"7,E",1.496,"4,,,E",0.658,"4,,,E"
AGE00147709,1919-05-01,36.63,4.2,942.0,"FORT NATIONAL, AG",,,8.5,",E",8.0,",E",7.0,",E",1.0,",E",0.0,",E",0.0,",E",0.0,",E",12.0,",E",0.0,",E",19190501.0,",,E",19190511.0,",,E",19190528.0,",,E",1.0,",E,01,",34.5,",,E,11,",26.0,",E,28,",,,108.8,",E",68.1,",,,E",1.51,",E",1.923,",,,E",1.097,",,,E"
AGE00147709,1919-06-01,36.63,4.2,942.0,"FORT NATIONAL, AG",,,92.3,",E",3.0,",E",3.0,",E",0.0,",E",0.0,",E",0.0,",E",0.0,",E",24.0,",E",1.0,",E",19190602.0,",,E",19190601.0,",,E",19190620.0,",,E",10.0,",E,02,",21.1,",,E,01,",33.0,",E,20,",,,18.8,",E",29.4,",,,E",2.0780000000000003,",E",2.5,",,,E",1.657,",,,E"
AGE00147709,1919-07-01,36.63,4.2,942.0,"FORT NATIONAL, AG",,,148.2,",E",0.0,",E",0.0,",E",0.0,",E",0.0,",E",0.0,",E",0.0,",E",31.0,",E",2.0,",E",19190723.0,",,E",19190731.0,"+,,E",19190704.0,",,E",13.0,",E,23,",0.0,",,E,31,+",36.0,",E,04,",0.0,E,0.0,",E",0.0,",,,E",2.311,",E",2.79,",,,E",1.832,",,,E"
AGE00147709,1919-08-01,36.63,4.2,942.0,"FORT NATIONAL, AG",,,206.2,",E",0.0,",E",0.0,",E",0.0,",E",0.0,",E",0.0,",E",0.0,",E",31.0,",E",6.0,",E",19190808.0,"+,,E",19190831.0,"+,,E",19190829.0,"+,,E",14.0,",E,08,+",0.0,",,E,31,+",35.0,",E,29,+",0.0,E,0.0,",E",0.0,",,,E",2.498,",E",3.0100000000000002,",,,E",1.987,",,,E"
AGE00147709,1919-09-01,36.63,4.2,942.0,"FORT NATIONAL, AG",,,,,2.0,"5,E",2.0,"5,E",0.0,"5,E",0.0,"4,E",0.0,"4,E",0.0,"5,E",24.0,"5,E",0.0,"5,E",19190923.0,",4,E",19190923.0,",5,E",19190908.0,"+,5,E",12.0,"4,E,23,",4.4,"5,,E,23,",31.0,"5,E,08,+",,,,,7.9,"5,,,E",2.227,"8,E",2.7039999999999997,"5,,,E",1.75,"4,,,E"
AGE00147709,1920-02-01,36.63,4.2,942.0,"FORT NATIONAL, AG",,,,,4.0,"4,E",4.0,"4,E",0.0,"4,E",0.0,"5,E",2.0,"5,E",0.0,"4,E",0.0,"4,E",0.0,"4,E",19200209.0,"+,5,E",19200208.0,",4,E",19200229.0,",4,E",0.0,"5,E,09,+",11.2,"4,,E,08,",21.0,"4,E,29,",,,,,23.2,"4,,,E",0.849,"9,E",1.1640000000000001,"4,,,E",0.533,"5,,,E"
AGE00147709,1920-06-01,36.63,4.2,942.0,"FORT NATIONAL, AG",,,,,1.0,"4,E",1.0,"4,E",1.0,"4,E",0.0,"4,E",0.0,"4,E",0.0,"4,E",21.0,"4,E",1.0,"4,E",19200608.0,"+,4,E",19200607.0,",4,E",19200626.0,",4,E",11.0,"4,E,08,+",27.3,"4,,E,07,",33.0,"4,E,26,",,,,,27.3,"4,,,E",2.05,"8,E",2.5149999999999997,"4,,,E",1.585,"4,,,E"
AGE00147709,1920-08-01,36.63,4.2,942.0,"FORT NATIONAL, AG",,,,,0.0,"4,E",0.0,"4,E",0.0,"4,E",0.0,"5,E",0.0,"5,E",0.0,"4,E",27.0,"4,E",9.0,"4,E",19200830.0,"+,5,E",19200831.0,"+,4,E",19200805.0,",4,E",14.0,"5,E,30,+",0.0,"4,,E,31,+",39.0,"4,E,05,",,,,,0.0,"4,,,E",2.536,"9,E",3.044,"4,,,E",2.027,"5,,,E"
AGE00147709,1920-10-01,36.63,4.2,942.0,"FORT NATIONAL, AG",,,,,8.0,"5,E",8.0,"5,E",0.0,"5,E",0.0,"5,E",0.0,"5,E",0.0,"5,E",9.0,"5,E",0.0,"5,E",19201028.0,"+,5,E",19201022.0,",5,E",19201005.0,",5,E",8.0,"5,E,28,+",17.5,"5,,E,22,",31.0,"5,E,05,",,,,,74.3,"5,,,E",1.546,"0,E",1.935,"5,,,E",1.158,"5,,,E"
AGE00147709,1921-01-01,36.63,4.2,942.0,"FORT NATIONAL, AG",0.0,E,0.0,"3,E",7.0,",E",7.0,",E",1.0,",E",0.0,"3,E",3.0,"3,E",0.0,"2,E",0.0,"2,E",0.0,"2,E",19210119.0,"+,3,E",19210109.0,",,E",19210125.0,",2,E",-2.0,"3,E,19,+",36.0,",,E,09,",15.0,"2,E,25,",,,317.3,"2,E",106.7,",,,E",0.704,"3,E",0.9970000000000001,"2,,,E",0.41100000000000003,"3,,,E"
AGE00147709,1921-02-01,36.63,4.2,942.0,"FORT NATIONAL, AG",,,,,5.0,"2,E",5.0,"2,E",0.0,"2,E",0.0,"4,E",1.0,"4,E",0.0,"4,E",0.0,"4,E",0.0,"4,E",19210207.0,",4,E",19210221.0,",2,E",19210219.0,",4,E",0.0,"4,E,07,",16.9,"2,,E,21,",21.0,"4,E,19,",,,,,42.1,"2,,,E",0.9039999999999999,"7,E",1.283,"4,,,E",0.525,"4,,,E"
AGE00147709,1921-04-01,36.63,4.2,942.0,"FORT NATIONAL, AG",,,0.0,"5,E",11.0,"2,E",11.0,"2,E",2.0,"2,E",0.0,"3,E",0.0,"3,E",0.0,"3,E",1.0,"3,E",0.0,"3,E",19210426.0,"+,3,E",19210403.0,",2,E",19210415.0,",3,E",2.0,"3,E,26,+",42.9,"2,,E,03,",25.0,"3,E,15,",,,189.3,"3,E",149.9,"2,,,E",1.052,"5,E",1.456,"3,,,E",0.648,"3,,,E"
AGE00147709,1921-05-01,36.63,4.2,942.0,"FORT NATIONAL, AG",,,1.5,"3,E",12.0,",E",9.0,",E",1.0,",E",0.0,"3,E",0.0,"3,E",0.0,"1,E",10.0,"1,E",0.0,"1,E",19210501.0,",3,E",19210515.0,",,E",19210528.0,",1,E",6.0,"3,E,01,",65.8,",,E,15,",25.0,"1,E,28,",,,94.8,"1,E",153.7,",,,E",1.486,"3,E",1.9,"1,,,E",1.0710000000000002,"3,,,E"
AGE00147709,1921-06-01,36.63,4.2,942.0,"FORT NATIONAL, AG",,,59.8,"4,E",5.0,"2,E",5.0,"2,E",0.0,"2,E",0.0,"2,E",0.0,"2,E",0.0,"2,E",19.0,"2,E",3.0,"2,E",19210601.0,",2,E",19210606.0,",2,E",19210630.0,",2,E",9.0,"2,E,01,",21.7,"2,,E,06,",40.0,"2,E,30,",,,24.0,"2,E",38.8,"2,,,E",1.971,"4,E",2.457,"2,,,E",1.486,"2,,,E"
AGE00147709,1921-07-01,36.63,4.2,942.0,"FORT NATIONAL, AG",,,,,1.0,"3,E",0.0,"3,E",0.0,"3,E",0.0,"3,E",0.0,"3,E",0.0,"3,E",28.0,"3,E",9.0,"3,E",19210711.0,",3,E",19210713.0,",3,E",19210730.0,",3,E",12.0,"3,E,11,",1.4,"3,,E,13,",42.0,"3,E,30,",,,,,1.4,"3,,,E",2.566,"6,E",3.093,"3,,,E",2.039,"3,,,E"
AGE00147709,1921-08-01,36.63,4.2,942.0,"FORT NATIONAL, AG",,,172.0,",E",2.0,",E",2.0,",E",0.0,",E",0.0,",E",0.0,",E",0.0,",E",29.0,",E",8.0,",E",19210827.0,"+,,E",19210826.0,",,E",19210801.0,",,E",13.0,",E,27,+",5.6,",,E,26,",35.0,",E,01,",,,2.8,",E",8.1,",,,E",2.379,",E",2.8739999999999997,",,,E",1.884,",,,E"
AGE00147709,1921-09-01,36.63,4.2,942.0,"FORT NATIONAL, AG",,,192.5,",E",3.0,",E",1.0,",E",0.0,",E",0.0,",E",0.0,",E",0.0,",E",28.0,",E",7.0,",E",19210929.0,",,E",19210927.0,",,E",19210903.0,",,E",10.0,",E,29,",10.2,",,E,27,",39.0,",E,03,",,,9.0,",E",12.0,",,,E",2.445,",E",2.927,",,,E",1.9629999999999999,",,,E"
AGE00147709,1921-10-01,36.63,4.2,942.0,"FORT NATIONAL, AG",,,73.3,"4,E",5.0,"1,E",4.0,"1,E",2.0,"1,E",0.0,"2,E",0.0,"2,E",0.0,"2,E",21.0,"2,E",1.0,"2,E",19211025.0,",2,E",19211024.0,",1,E",19211008.0,",2,E",4.0,"2,E,25,",43.7,"1,,E,24,",35.0,"2,E,08,",,,40.3,"2,E",88.1,"1,,,E",1.9329999999999998,"4,E",2.386,"2,,,E",1.4789999999999999,"2,,,E"
AGE00147709,1921-11-01,36.63,4.2,942.0,"FORT NATIONAL, AG",,,0.0,"5,E",7.0,"1,E",7.0,"1,E",1.0,"1,E",0.0,"3,E",1.0,"3,E",0.0,"3,E",1.0,"3,E",0.0,"3,E",19211110.0,",3,E",19211108.0,",1,E",19211105.0,",3,E",-2.0,"3,E,10,",48.7,"1,,E,08,",24.0,"3,E,05,",,,180.8,"3,E",101.7,"1,,,E",1.1039999999999999,"5,E",1.459,"3,,,E",0.748,"3,,,E"
AGE00147709,1921-12-01,36.63,4.2,942.0,"FORT NATIONAL, AG",,,0.0,"2,E",19.0,",E",15.0,",E",5.0,",E",0.0,"2,E",1.0,"2,E",0.0,"2,E",0.0,"2,E",0.0,"2,E",19211226.0,",2,E",19211224.0,",,E",19211210.0,",2,E",0.0,"2,E,26,",65.0,",,E,24,",16.0,"2,E,10,",,,334.7,"2,E",269.3,",,,E",0.679,"2,E",0.9339999999999999,"2,,,E",0.42400000000000004,"2,,,E"
AGE00147709,1922-01-01,36.63,4.2,942.0,"FORT NATIONAL, AG",0.0,E,0.0,"4,E",15.0,",E",12.0,",E",2.0,",E",0.0,"2,E",5.0,"2,E",0.0,"3,E",0.0,"3,E",0.0,"3,E",19220106.0,",2,E",19220101.0,",,E",19220130.0,"+,3,E",-3.0,"2,E,06,",47.5,",,E,01,",16.0,"3,E,30,+",,,289.7,"3,E",167.6,",,,E",0.742,"4,E",1.0859999999999999,"3,,,E",0.398,"2,,,E"
AGE00147709,1922-02-01,36.63,4.2,942.0,"FORT NATIONAL, AG",0.0,E,0.0,"2,E",5.0,",E",5.0,",E",2.0,",E",0.0,"1,E",2.0,"1,E",0.0,"1,E",0.0,"1,E",0.0,"1,E",19220207.0,",1,E",19220223.0,",,E",19220218.0,"+,1,E",-1.0,"1,E,07,",44.0,",,E,23,",19.0,"1,E,18,+",,,258.2,"1,E",116.2,",,,E",0.82,"2,E",1.167,"1,,,E",0.47400000000000003,"1,,,E"
AGE00147709,1922-03-01,36.63,4.2,942.0,"FORT NATIONAL, AG",0.7,E,0.7,"2,E",3.0,",E",2.0,",E",0.0,",E",0.0,"1,E",1.0,"1,E",0.0,"1,E",5.0,"1,E",0.0,"1,E",19220324.0,",1,E",19220326.0,",,E",19220311.0,",1,E",0.0,"1,E,24,",4.6,",,E,26,",24.0,"1,E,11,",,,207.3,"1,E",10.5,",,,E",1.1099999999999999,"2,E",1.5630000000000002,"1,,,E",0.657,"1,,,E"
AGE00147709,1922-04-01,36.63,4.2,942.0,"FORT NATIONAL, AG",13.7,E,13.0,"2,E",3.0,",E",2.0,",E",0.0,",E",0.0,"1,E",0.0,"1,E",0.0,"1,E",13.0,"1,E",0.0,"1,E",19220420.0,"+,1,E",19220418.0,",,E",19220415.0,",1,E",1.0,"1,E,20,+",5.6,",,E,18,",30.0,"1,E,15,",,,122.8,"1,E",12.0,",,,E",1.431,"2,E",1.938,"1,,,E",0.924,"1,,,E"
AGE00147709,1922-05-01,36.63,4.2,942.0,"FORT NATIONAL, AG",93.0,E,79.3,",E",2.0,",E",1.0,",E",0.0,",E",0.0,",E",1.0,",E",0.0,",E",18.0,",E",2.0,",E",19220502.0,",,E",19220501.0,",,E",19220527.0,",,E",0.0,",E,02,",12.1,",,E,01,",35.0,",E,27,",,,77.2,",E",13.7,",,,E",1.8399999999999999,",E",2.348,",,,E",1.332,",,,E"
AGE00147709,1922-06-01,36.63,4.2,942.0,"FORT NATIONAL, AG",188.8,E,95.8,",E",3.0,",E",3.0,",E",0.0,",E",0.0,",E",0.0,",E",0.0,",E",27.0,",E",3.0,",E",19220620.0,"+,,E",19220601.0,",,E",19220624.0,",,E",11.0,",E,20,+",9.0,",,E,01,",36.0,",E,24,",,,6.3,",E",15.7,",,,E",2.132,",E",2.673,",,,E",1.59,",,,E"
AGE00147709,1922-07-01,36.63,4.2,942.0,"FORT NATIONAL, AG",390.1,E,201.3,"2,E",0.0,",E",0.0,",E",0.0,",E",0.0,"1,E",0.0,"1,E",0.0,"1,E",30.0,"1,E",12.0,"1,E",19220720.0,"+,1,E",19220731.0,"+,,E",19220722.0,",1,E",15.0,"1,E,20,+",0.0,",,E,31,+",42.0,"1,E,22,",0.0,E,0.0,"1,E",0.0,",,,E",2.532,"2,E",3.143,"1,,,E",1.92,"1,,,E"
AGE00147709,1922-08-01,36.63,4.2,942.0,"FORT NATIONAL, AG",672.9,E,282.8,"2,E",0.0,"1,E",0.0,"1,E",0.0,"1,E",0.0,"1,E",0.0,"1,E",0.0,"1,E",30.0,"1,E",21.0,"1,E",19220831.0,"+,1,E",19220831.0,"+,1,E",19220825.0,"+,1,E",15.0,"1,E,31,+",0.0,"1,,E,31,+",41.0,"1,E,25,+",0.0,E,0.0,"1,E",0.0,"1,,,E",2.808,"2,E",3.397,"1,,,E",2.2199999999999998,"1,,,E"
AGE00147709,1922-09-01,36.63,4.2,942.0,"FORT NATIONAL, AG",726.2,E,53.3,",E",2.0,",E",1.0,",E",0.0,",E",0.0,",E",0.0,",E",0.0,",E",24.0,",E",1.0,",E",19220929.0,",,E",19220929.0,",,E",19220923.0,",,E",8.0,",E,29,",4.7,",,E,29,",34.0,",E,23,",15.8,E,15.8,",E",5.5,",,,E",1.9579999999999997,",E",2.45,",,,E",1.467,",,,E"
AGE00147709,1922-10-01,36.63,4.2,942.0,"FORT NATIONAL, AG",759.2,E,33.0,",E",7.0,",E",7.0,",E",0.0,",E",0.0,",E",0.0,",E",0.0,",E",15.0,",E",0.0,",E",19221031.0,"+,,E",19221018.0,",,E",19221007.0,",,E",9.0,",E,31,+",14.6,",,E,18,",32.0,",E,07,",78.1,E,62.3,",E",61.4,",,,E",1.739,",E",2.145,",,,E",1.332,",,,E"
AGE00147709,1922-11-01,36.63,4.2,942.0,"FORT NATIONAL, AG",759.2,E,0.0,"3,E",9.0,",E",7.0,",E",0.0,",E",0.0,"3,E",0.0,"3,E",0.0,"1,E",1.0,"1,E",0.0,"1,E",19221129.0,",3,E",19221105.0,",,E",19221104.0,",1,E",1.0,"3,E,29,",23.4,",,E,05,",23.0,"1,E,04,",311.6,E,233.5,"1,E",96.0,",,,E",0.9730000000000001,"3,E",1.3279999999999998,"1,,,E",0.619,"3,,,E"
AGE00147709,1922-12-01,36.63,4.2,942.0,"FORT NATIONAL, AG",759.2,E,0.0,"3,E",12.0,",E",11.0,",E",1.0,",E",0.0,"3,E",1.0,"3,E",0.0,"2,E",0.0,"2,E",0.0,"2,E",19221211.0,",3,E",19221220.0,",,E",19221202.0,",2,E",-2.0,"3,E,11,",48.0,",,E,20,",19.0,"2,E,02,",627.4,E,315.8,"2,E",170.9,",,,E",0.702,"3,E",1.0,"2,,,E",0.404,"3,,,E"
AGE00147709,1923-01-01,36.63,4.2,942.0,"FORT NATIONAL, AG",0.0,E,0.0,"4,E",21.0,",E",20.0,",E",4.0,",E",0.0,"3,E",10.0,"3,E",0.0,"1,E",0.0,"1,E",0.0,"1,E",19230122.0,",3,E",19230123.0,",,E",19230128.0,",1,E",-3.0,"3,E,22,",54.6,",,E,23,",12.0,"1,E,28,",1028.4,E,401.0,"1,E",319.0,",,,E",0.34199999999999997,"4,E",0.563,"1,,,E",0.121,"3,,,E"
AGE00147709,1923-02-01,36.63,4.2,942.0,"FORT NATIONAL, AG",0.0,E,0.0,"2,E",9.0,",E",8.0,",E",0.0,",E",0.0,"2,E",1.0,"2,E",0.0,"1,E",0.0,"1,E",0.0,"1,E",19230221.0,",2,E",19230205.0,",,E",19230210.0,",1,E",0.0,"2,E,21,",23.9,",,E,05,",18.0,"1,E,10,",1310.1,E,281.7,"1,E",91.6,",,,E",0.744,"2,E",1.093,"1,,,E",0.396,"2,,,E"
AGE00147709,1923-03-01,36.63,4.2,942.0,"FORT NATIONAL, AG",,,,,16.0,"2,E",14.0,"2,E",2.0,"2,E",0.0,"5,E",1.0,"5,E",0.0,"4,E",0.0,"4,E",0.0,"4,E",19230313.0,",5,E",19230329.0,",2,E",19230331.0,"+,4,E",0.0,"5,E,13,",55.2,"2,,E,29,",20.0,"4,E,31,+",,,,,237.8,"2,,,E",0.961,"6,E",1.326,"4,,,E",0.596,"5,,,E"
AGE00147709,1923-04-01,36.63,4.2,942.0,"FORT NATIONAL, AG",,,0.0,"5,E",12.0,",E",12.0,",E",2.0,",E",0.0,"3,E",1.0,"3,E",0.0,"3,E",2.0,"3,E",0.0,"3,E",19230407.0,",3,E",19230404.0,",,E",19230421.0,"+,3,E",0.0,"3,E,07,",29.1,",,E,04,",22.0,"3,E,21,+",,,174.3,"3,E",124.1,",,,E",1.144,"5,E",1.6039999999999999,"3,,,E",0.6849999999999999,"3,,,E"
AGE00147709,1923-05-01,36.63,4.2,942.0,"FORT NATIONAL, AG",,,8.0,"2,E",12.0,",E",9.0,",E",0.0,",E",0.0,"1,E",0.0,"1,E",0.0,"1,E",11.0,"1,E",0.0,"1,E",19230514.0,"+,1,E",19230511.0,",,E",19230505.0,",1,E",8.0,"1,E,14,+",20.3,",,E,11,",27.0,"1,E,05,",,,85.2,"1,E",78.2,",,,E",1.577,"2,E",2.0170000000000003,"1,,,E",1.137,"1,,,E"
AGE00147709,1923-06-01,36.63,4.2,942.0,"FORT NATIONAL, AG",,,18.2,"3,E",2.0,"1,E",1.0,"1,E",0.0,"1,E",0.0,"2,E",0.0,"2,E",0.0,"2,E",16.0,"2,E",0.0,"2,E",19230620.0,",2,E",19230603.0,",1,E",19230621.0,",2,E",8.0,"2,E,20,",5.3,"1,,E,03,",32.0,"2,E,21,",,,49.2,"2,E",6.3,"1,,,E",1.707,"3,E",2.186,"2,,,E",1.2289999999999999,"2,,,E"
AGE00147709,1923-07-01,36.63,4.2,942.0,"FORT NATIONAL, AG",,,253.7,",E",0.0,",E",0.0,",E",0.0,",E",0.0,",E",0.0,",E",0.0,",E",31.0,",E",12.0,",E",19230701.0,",,E",19230731.0,"+,,E",19230713.0,",,E",16.0,",E,01,",0.0,",,E,31,+",41.0,",E,13,",0.0,E,0.0,",E",0.0,",,,E",2.652,",E",3.148,",,,E",2.1550000000000002,",,,E"
AGE00147709,1923-08-01,36.63,4.2,942.0,"FORT NATIONAL, AG",,,245.2,",E",0.0,",E",0.0,",E",0.0,",E",0.0,",E",0.0,",E",0.0,",E",31.0,",E",11.0,",E",19230827.0,",,E",19230831.0,"+,,E",19230818.0,",,E",16.0,",E,27,",0.0,",,E,31,+",38.0,",E,18,",0.0,E,0.0,",E",0.0,",,,E",2.6239999999999997,",E",3.165,",,,E",2.084,",,,E"
AGE00147709,1923-09-01,36.63,4.2,942.0,"FORT NATIONAL, AG",,,58.5,",E",4.0,"1,E",4.0,"1,E",0.0,"1,E",0.0,",E",0.0,",E",0.0,",E",20.0,",E",2.0,",E",19230921.0,"+,,E",19230903.0,",1,E",19230901.0,",,E",10.0,",E,21,+",18.2,"1,,E,03,",35.0,",E,01,",26.0,E,26.0,",E",35.3,"1,,,E",1.9420000000000002,",E",2.4530000000000003,",,,E",1.4300000000000002,",,,E"
AGE00147709,1923-10-01,36.63,4.2,942.0,"FORT NATIONAL, AG",,,89.0,",E",4.0,",E",3.0,",E",0.0,",E",0.0,",E",0.0,",E",0.0,",E",25.0,",E",3.0,",E",19231006.0,",,E",19231030.0,",,E",19231020.0,",,E",7.0,",E,06,",20.3,",,E,30,",34.0,",E,20,",50.3,E,24.3,",E",59.0,",,,E",2.0420000000000003,",E",2.619,",,,E",1.465,",,,E"
AGE00147709,1923-11-01,36.63,4.2,942.0,"FORT NATIONAL, AG",,,0.2,"3,E",9.0,",E",8.0,",E",3.0,",E",0.0,"2,E",0.0,"2,E",0.0,"2,E",2.0,"2,E",0.0,"2,E",19231122.0,",2,E",19231103.0,",,E",19231128.0,"+,2,E",1.0,"2,E,22,",106.8,",,E,03,",22.0,"2,E,28,+",227.5,E,177.2,"2,E",269.3,",,,E",1.1640000000000001,"3,E",1.532,"2,,,E",0.796,"2,,,E"
AGE00147709,1923-12-01,36.63,4.2,942.0,"FORT NATIONAL, AG",,,0.0,",E",10.0,",E",10.0,",E",3.0,",E",0.0,",E",4.0,",E",0.0,",E",0.0,",E",0.0,",E",19231222.0,"+,,E",19231211.0,",,E",19231229.0,"+,,E",-2.0,",E,22,+",107.7,",,E,11,",15.0,",E,29,+",606.3,E,378.8,",E",251.7,",,,E",0.611,",E",0.9189999999999999,",,,E",0.303,",,,E"
AGE00147709,1924-01-01,36.63,4.2,942.0,"FORT NATIONAL, AG",0.0,E,0.0,",E",10.0,",E",9.0,",E",1.0,",E",0.0,",E",4.0,",E",0.0,",E",0.0,",E",0.0,",E",19240131.0,",,E",19240130.0,",,E",19240122.0,"+,,E",-4.0,",E,31,",27.0,",,E,30,",16.0,",E,22,+",973.6,E,367.3,",E",109.9,",,,E",0.648,",E",0.945,",,,E",0.352,",,,E"
AGE00147709,1924-02-01,36.63,4.2,942.0,"FORT NATIONAL, AG",,,,,14.0,"1,E",12.0,"1,E",2.0,"1,E",0.0,"4,E",5.0,"4,E",0.0,"4,E",0.0,"4,E",0.0,"4,E",19240228.0,",4,E",19240223.0,",1,E",19240216.0,"+,4,E",-4.0,"4,E,28,",27.5,"1,,E,23,",18.0,"4,E,16,+",,,,,119.4,"1,,,E",0.626,"6,E",1.016,"4,,,E",0.236,"4,,,E"
AGE00147709,1924-03-01,36.63,4.2,942.0,"FORT NATIONAL, AG",,,0.0,",E",10.0,",E",7.0,",E",0.0,",E",0.0,",E",1.0,",E",0.0,",E",1.0,",E",0.0,",E",19240301.0,",,E",19240331.0,",,E",19240326.0,",,E",-1.0,",E,01,",25.0,",,E,31,",23.0,",E,26,",,,225.8,",E",78.5,",,,E",1.105,",E",1.51,",,,E",0.7,",,,E"
AGE00147709,1924-04-01,36.63,4.2,942.0,"FORT NATIONAL, AG",,,15.5,",E",5.0,",E",4.0,",E",1.0,",E",0.0,",E",0.0,",E",0.0,",E",9.0,",E",1.0,",E",19240404.0,",,E",19240408.0,",,E",19240426.0,",,E",2.0,",E,04,",30.7,",,E,08,",33.0,",E,26,",,,143.5,",E",52.3,",,,E",1.407,",E",1.893,",,,E",0.9199999999999999,",,,E"
AGE00147709,1924-05-01,36.63,4.2,942.0,"FORT NATIONAL, AG",,,91.5,"4,E",1.0,"3,E",1.0,"3,E",0.0,"3,E",0.0,"2,E",0.0,"2,E",0.0,"2,E",25.0,"2,E",3.0,"2,E",19240510.0,",2,E",19240525.0,",3,E",19240505.0,",2,E",8.0,"2,E,10,",9.7,"3,,E,25,",39.0,"2,E,05,",,,20.0,"2,E",9.7,"3,,,E",2.112,"4,E",2.659,"2,,,E",1.566,"2,,,E"
AGE00147709,1924-06-01,36.63,4.2,942.0,"FORT NATIONAL, AG",,,129.0,",E",4.0,",E",3.0,",E",0.0,",E",0.0,",E",0.0,",E",0.0,",E",28.0,",E",4.0,",E",19240624.0,"+,,E",19240605.0,",,E",19240604.0,",,E",12.0,",E,24,+",6.6,",,E,05,",39.0,",E,04,",,,4.0,",E",17.5,",,,E",2.25,",E",2.783,",,,E",1.717,",,,E"
AGE00147709,1924-07-01,36.63,4.2,942.0,"FORT NATIONAL, AG",,,237.3,"2,E",0.0,",E",0.0,",E",0.0,",E",0.0,"1,E",0.0,"1,E",0.0,"1,E",30.0,"1,E",16.0,"1,E",19240711.0,",1,E",19240731.0,"+,,E",19240707.0,",1,E",14.0,"1,E,11,",0.0,",,E,31,+",40.0,"1,E,07,",0.0,E,0.0,"1,E",0.0,",,,E",2.648,"2,E",3.257,"1,,,E",2.04,"1,,,E"
AGE00147709,1924-08-01,36.63,4.2,942.0,"FORT NATIONAL, AG",,,227.2,",E",0.0,",E",0.0,",E",0.0,",E",0.0,",E",0.0,",E",0.0,",E",31.0,",E",9.0,",E",19240826.0,",,E",19240831.0,"+,,E",19240830.0,"+,,E",15.0,",E,26,",0.0,",,E,31,+",38.0,",E,30,+",0.0,E,0.0,",E",0.0,",,,E",2.566,",E",3.123,",,,E",2.0100000000000002,",,,E"
AGE00147709,1924-09-01,36.63,4.2,942.0,"FORT NATIONAL, AG",,,153.5,"2,E",3.0,"1,E",3.0,"1,E",2.0,"1,E",0.0,"1,E",0.0,"1,E",0.0,"1,E",28.0,"1,E",8.0,"1,E",19240929.0,",1,E",19240930.0,",1,E",19240909.0,",1,E",13.0,"1,E,29,",35.2,"1,,E,30,",38.0,"1,E,09,",0.3,E,0.3,"1,E",68.8,"1,,,E",2.386,"2,E",2.903,"1,,,E",1.8690000000000002,"1,,,E"
AGE00147709,1924-10-01,36.63,4.2,942.0,"FORT NATIONAL, AG",,,14.7,"2,E",7.0,"1,E",6.0,"1,E",0.0,"1,E",0.0,"1,E",0.0,"1,E",0.0,"1,E",13.0,"1,E",0.0,"1,E",19241009.0,",1,E",19241020.0,",1,E",19241011.0,",1,E",9.0,"1,E,09,",21.6,"1,,E,20,",29.0,"1,E,11,",53.6,E,53.3,"1,E",51.9,"1,,,E",1.6969999999999998,"2,E",2.113,"1,,,E",1.28,"1,,,E"
AGE00147709,1924-11-01,36.63,4.2,942.0,"FORT NATIONAL, AG",,,6.0,"3,E",10.0,",E",10.0,",E",3.0,",E",0.0,"2,E",0.0,"2,E",0.0,"1,E",5.0,"1,E",0.0,"1,E",19241129.0,"+,2,E",19241108.0,",,E",19241106.0,"+,1,E",4.0,"2,E,29,+",44.5,",,E,08,",27.0,"1,E,06,+",244.6,E,191.0,"1,E",163.7,",,,E",1.1640000000000001,"3,E",1.5310000000000001,"1,,,E",0.796,"2,,,E"
AGE00147709,1924-12-01,36.63,4.2,942.0,"FORT NATIONAL, AG",,,0.0,"3,E",13.0,"1,E",12.0,"1,E",3.0,"1,E",0.0,"2,E",0.0,"2,E",0.0,"2,E",0.0,"2,E",0.0,"2,E",19241230.0,"+,2,E",19241216.0,",1,E",19241227.0,"+,2,E",2.0,"2,E,30,+",88.8,"1,,E,16,",16.0,"2,E,27,+",544.9,E,300.3,"2,E",276.1,"1,,,E",0.769,"3,E",1.069,"2,,,E",0.46900000000000003,"2,,,E"
AGE00147709,1925-01-01,36.63,4.2,942.0,"FORT NATIONAL, AG",0.0,E,0.0,"2,E",1.0,"1,E",1.0,"1,E",0.0,"1,E",0.0,"1,E",0.0,"1,E",0.0,"1,E",0.0,"1,E",0.0,"1,E",19250111.0,"+,1,E",19250107.0,",1,E",19250131.0,"+,1,E",1.0,"1,E,11,+",5.2,"1,,E,07,",15.0,"1,E,31,+",874.6,E,329.7,"1,E",5.2,"1,,,E",0.697,"2,E",1.067,"1,,,E",0.327,"1,,,E"
AGE00147709,1925-02-01,36.63,4.2,942.0,"FORT NATIONAL, AG",0.0,E,0.0,"4,E",8.0,"2,E",6.0,"2,E",1.0,"2,E",0.0,"3,E",2.0,"3,E",0.0,"3,E",1.0,"3,E",0.0,"3,E",19250223.0,",3,E",19250220.0,",2,E",19250214.0,",3,E",-1.0,"3,E,23,",28.7,"2,,E,20,",22.0,"3,E,14,",1131.6,E,257.0,"3,E",67.6,"2,,,E",0.756,"4,E",1.128,"3,,,E",0.384,"3,,,E"
AGE00147709,1925-03-01,36.63,4.2,942.0,"FORT NATIONAL, AG",0.0,E,0.0,",E",13.0,",E",13.0,",E",1.0,",E",0.0,",E",5.0,",E",0.0,",E",0.0,",E",0.0,",E",19250321.0,"+,,E",19250331.0,",,E",19250328.0,"+,,E",-1.0,",E,21,+",30.7,",,E,31,",16.0,",E,28,+",1508.4,E,376.8,",E",148.4,",,,E",0.618,",E",0.932,",,,E",0.303,",,,E"
AGE00147709,1925-04-01,36.63,4.2,942.0,"FORT NATIONAL, AG",4.0,E,4.0,"3,E",12.0,",E",6.0,",E",1.0,",E",0.0,"2,E",0.0,"2,E",0.0,"1,E",6.0,"1,E",0.0,"1,E",19250415.0,"+,2,E",19250424.0,",,E",19250418.0,",1,E",3.0,"2,E,15,+",38.9,",,E,24,",29.0,"1,E,18,",1679.4,E,171.0,"1,E",97.5,",,,E",1.213,"3,E",1.659,"1,,,E",0.768,"2,,,E"
AGE00147709,1925-05-01,36.63,4.2,942.0,"FORT NATIONAL, AG",10.0,E,6.0,"4,E",9.0,"1,E",4.0,"1,E",1.0,"1,E",0.0,"3,E",0.0,"3,E",0.0,"3,E",10.0,"3,E",0.0,"3,E",19250503.0,",3,E",19250519.0,",1,E",19250528.0,",3,E",4.0,"3,E,03,",29.7,"1,,E,19,",30.0,"3,E,28,",1779.4,E,100.0,"3,E",79.0,"1,,,E",1.491,"4,E",1.9609999999999999,"3,,,E",1.0210000000000001,"3,,,E"
AGE00147709,1925-06-01,36.63,4.2,942.0,"FORT NATIONAL, AG",98.8,E,88.8,"2,E",4.0,"1,E",3.0,"1,E",0.0,"1,E",0.0,"1,E",0.0,"1,E",0.0,"1,E",22.0,"1,E",2.0,"1,E",19250601.0,",1,E",19250624.0,",1,E",19250613.0,",1,E",11.0,"1,E,01,",8.2,"1,,E,24,",38.0,"1,E,13,",1791.6,E,12.2,"1,E",18.7,"1,,,E",2.112,"2,E",2.6,"1,,,E",1.6239999999999999,"1,,,E"
AGE00147709,1925-07-01,36.63,4.2,942.0,"FORT NATIONAL, AG",,,,,2.0,"3,E",2.0,"3,E",0.0,"3,E",0.0,"3,E",0.0,"3,E",0.0,"3,E",27.0,"3,E",11.0,"3,E",19250711.0,"+,3,E",19250701.0,",3,E",19250729.0,",3,E",13.0,"3,E,11,+",9.6,"3,,E,01,",45.0,"3,E,29,",,,,,16.6,"3,,,E",2.377,"6,E",2.993,"3,,,E",1.761,"3,,,E"
AGE00147709,1925-08-01,36.63,4.2,942.0,"FORT NATIONAL, AG",,,180.3,"4,E",0.0,"2,E",0.0,"2,E",0.0,"2,E",0.0,"2,E",0.0,"2,E",0.0,"2,E",29.0,"2,E",13.0,"2,E",19250826.0,",2,E",19250831.0,"+,2,E",19250808.0,",2,E",13.0,"2,E,26,",0.0,"2,,E,31,+",42.0,"2,E,08,",,,0.3,"2,E",0.0,"2,,,E",2.5100000000000002,"4,E",3.0789999999999997,"2,,,E",1.941,"2,,,E"
AGE00147709,1925-09-01,36.63,4.2,942.0,"FORT NATIONAL, AG",,,110.5,"1,E",10.0,",E",9.0,",E",3.0,",E",0.0,"1,E",0.0,"1,E",0.0,",E",23.0,",E",4.0,",E",19250929.0,",1,E",19250927.0,",,E",19250919.0,",,E",8.0,"1,E,29,",84.0,",,E,27,",39.0,",E,19,",,,33.7,",E",193.8,",,,E",2.08,"1,E",2.587,",,,E",1.572,"1,,,E"
AGE00147709,1925-10-01,36.63,4.2,942.0,"FORT NATIONAL, AG",,,0.7,",E",15.0,",E",14.0,",E",3.0,",E",0.0,",E",0.0,",E",0.0,",E",5.0,",E",0.0,",E",19251026.0,",,E",19251003.0,",,E",19251010.0,",,E",5.0,",E,26,",45.5,",,E,03,",26.0,",E,10,",,,115.5,",E",216.7,",,,E",1.463,",E",1.81,",,,E",1.116,",,,E"
AGE00147709,1925-11-01,36.63,4.2,942.0,"FORT NATIONAL, AG",,,0.2,"2,E",12.0,",E",11.0,",E",0.0,",E",0.0,"2,E",0.0,"2,E",0.0,"2,E",1.0,"2,E",0.0,"2,E",19251130.0,"+,2,E",19251101.0,",,E",19251128.0,",2,E",2.0,"2,E,30,+",24.6,",,E,01,",23.0,"2,E,28,",,,234.0,"2,E",149.7,",,,E",0.998,"2,E",1.346,"2,,,E",0.65,"2,,,E"
AGE00147709,1925-12-01,36.63,4.2,942.0,"FORT NATIONAL, AG",,,,,6.0,",E",5.0,",E",0.0,",E",0.0,"2,E",2.0,"2,E",0.0,"2,E",0.0,"2,E",0.0,"2,E",19251217.0,",2,E",19251215.0,",,E",19251212.0,",2,E",-1.0,"2,E,17,",13.3,",,E,15,",20.0,"2,E,12,",,,,,34.4,",,,E",0.9970000000000001,"4,E",1.3279999999999998,"2,,,E",0.666,"2,,,E"
AGE00147709,1926-01-01,36.63,4.2,942.0,"FORT NATIONAL, AG",0.0,E,0.0,"2,E",7.0,",E",6.0,",E",0.0,",E",0.0,"1,E",0.0,"1,E",0.0,"1,E",0.0,"1,E",0.0,"1,E",19260125.0,",1,E",19260125.0,",,E",19260102.0,",1,E",1.0,"1,E,25,",16.4,",,E,25,",20.0,"1,E,02,",,,282.2,"1,E",57.7,",,,E",0.8619999999999999,"2,E",1.213,"1,,,E",0.51,"1,,,E"
AGE00147709,1926-02-01,36.63,4.2,942.0,"FORT NATIONAL, AG",0.2,E,0.2,"4,E",4.0,"2,E",4.0,"2,E",1.0,"2,E",0.0,"3,E",0.0,"3,E",0.0,"3,E",3.0,"3,E",0.0,"3,E",19260215.0,"+,3,E",19260212.0,",2,E",19260220.0,",3,E",3.0,"3,E,15,+",26.4,"2,,E,12,",24.0,"3,E,20,",,,159.2,"3,E",65.4,"2,,,E",1.15,"4,E",1.524,"3,,,E",0.776,"3,,,E"
AGE00147709,1926-03-01,36.63,4.2,942.0,"FORT NATIONAL, AG",0.2,E,0.0,",E",9.0,",E",8.0,",E",1.0,",E",0.0,",E",1.0,",E",0.0,",E",4.0,",E",0.0,",E",19260304.0,",,E",19260301.0,",,E",19260328.0,"+,,E",0.0,",E,04,",26.5,",,E,01,",23.0,",E,28,+",,,224.3,",E",85.7,",,,E",1.1099999999999999,",E",1.516,",,,E",0.7030000000000001,",,,E"
AGE00147709,1926-04-01,36.63,4.2,942.0,"FORT NATIONAL, AG",2.7,E,2.5,"3,E",8.0,"1,E",7.0,"1,E",1.0,"1,E",0.0,"2,E",0.0,"2,E",0.0,"1,E",12.0,"1,E",0.0,"1,E",19260424.0,",2,E",19260414.0,",1,E",19260428.0,",1,E",4.0,"2,E,24,",46.0,"1,,E,14,",27.0,"1,E,28,",,,103.0,"1,E",134.4,"1,,,E",1.44,"3,E",1.9449999999999998,"1,,,E",0.9359999999999999,"2,,,E"
AGE00147709,1926-05-01,36.63,4.2,942.0,"FORT NATIONAL, AG",16.9,E,14.2,",E",4.0,"1,E",4.0,"1,E",0.0,"1,E",0.0,",E",0.0,",E",0.0,",E",10.0,",E",0.0,",E",19260519.0,",,E",19260510.0,",1,E",19260529.0,",,E",4.0,",E,19,",13.4,"1,,E,10,",30.0,",E,29,",,,121.0,",E",30.0,"1,,,E",1.489,",E",1.9739999999999998,",,,E",1.003,",,,E"
AGE00147709,1926-06-01,36.63,4.2,942.0,"FORT NATIONAL, AG",89.7,E,72.8,"2,E",0.0,"1,E",0.0,"1,E",0.0,"1,E",0.0,"1,E",0.0,"1,E",0.0,"1,E",25.0,"1,E",1.0,"1,E",19260621.0,"+,1,E",19260630.0,"+,1,E",19260612.0,",1,E",10.0,"1,E,21,+",0.0,"1,,E,30,+",33.0,"1,E,12,",,,14.2,"1,E",0.0,"1,,,E",2.038,"2,E",2.559,"1,,,E",1.517,"1,,,E"
AGE00147709,1926-07-01,36.63,4.2,942.0,"FORT NATIONAL, AG",261.4,E,171.7,"2,E",2.0,"2,E",2.0,"2,E",0.0,"2,E",0.0,"1,E",0.0,"1,E",0.0,"1,E",30.0,"1,E",9.0,"1,E",19260730.0,"+,1,E",19260706.0,",2,E",19260724.0,",1,E",12.0,"1,E,30,+",8.2,"2,,E,06,",43.0,"1,E,24,",0.8,E,0.8,"1,E",12.2,"2,,,E",2.44,"2,E",3.037,"1,,,E",1.843,"1,,,E"
AGE00147709,1926-08-01,36.63,4.2,942.0,"FORT NATIONAL, AG",486.1,E,224.7,",E",1.0,",E",0.0,",E",0.0,",E",0.0,",E",0.0,",E",0.0,",E",31.0,",E",13.0,",E",19260808.0,"+,,E",19260831.0,",,E",19260822.0,",,E",16.0,",E,08,+",2.3,",,E,31,",43.0,",E,22,",0.8,E,0.0,",E",2.3,",,,E",2.558,",E",3.152,",,,E",1.9649999999999999,",,,E"
AGE00147709,1926-09-01,36.63,4.2,942.0,"FORT NATIONAL, AG",621.4,E,135.3,",E",2.0,",E",0.0,",E",0.0,",E",0.0,",E",0.0,",E",0.0,",E",26.0,",E",7.0,",E",19260930.0,",,E",19260929.0,",,E",19260925.0,",,E",11.0,",E,30,",2.4,",,E,29,",40.0,",E,25,",6.6,E,5.8,",E",4.0,",,,E",2.2649999999999997,",E",2.817,",,,E",1.7129999999999999,",,,E"
AGE00147709,1926-10-01,36.63,4.2,942.0,"FORT NATIONAL, AG",726.1,E,104.7,"1,E",5.0,",E",3.0,",E",0.0,",E",0.0,"1,E",0.0,"1,E",0.0,"1,E",27.0,"1,E",5.0,"1,E",19261026.0,"+,1,E",19261011.0,",,E",19261016.0,"+,1,E",9.0,"1,E,26,+",18.6,",,E,11,",35.0,"1,E,16,+",24.8,E,18.2,"1,E",35.4,",,,E",2.122,"1,E",2.707,"1,,,E",1.537,"1,,,E"
AGE00147709,1926-12-01,36.63,4.2,942.0,"FORT NATIONAL, AG",,,0.0,"5,E",12.0,"1,E",10.0,"1,E",2.0,"1,E",0.0,"3,E",3.0,"3,E",0.0,"3,E",0.0,"3,E",0.0,"3,E",19261227.0,",3,E",19261202.0,",1,E",19261218.0,"+,3,E",-2.0,"3,E,27,",69.3,"1,,E,02,",17.0,"3,E,18,+",,,303.2,"3,E",147.9,"1,,,E",0.65,"5,E",0.9289999999999999,"3,,,E",0.371,"3,,,E"
AGE00147709,1927-02-01,36.63,4.2,942.0,"FORT NATIONAL, AG",,,0.0,"3,E",9.0,",E",8.0,",E",1.0,",E",0.0,"2,E",3.0,"2,E",0.0,"2,E",2.0,"2,E",0.0,"2,E",19270209.0,",2,E",19270209.0,",,E",19270228.0,"+,2,E",-2.0,"2,E,09,",34.6,",,E,09,",22.0,"2,E,28,+",,,262.8,"2,E",92.0,",,,E",0.771,"3,E",1.15,"2,,,E",0.392,"2,,,E"
AGE00147709,1927-03-01,36.63,4.2,942.0,"FORT NATIONAL, AG",,,,,7.0,"3,E",6.0,"3,E",0.0,"3,E",0.0,"4,E",1.0,"4,E",0.0,"4,E",2.0,"4,E",0.0,"4,E",19270329.0,",4,E",19270328.0,",3,E",19270326.0,",4,E",0.0,"4,E,29,",18.5,"3,,E,28,",25.0,"4,E,26,",,,,,73.5,"3,,,E",1.083,"7,E",1.559,"4,,,E",0.607,"4,,,E"
AGE00147709,1927-04-01,36.63,4.2,942.0,"FORT NATIONAL, AG",,,9.3,",E",6.0,",E",3.0,",E",0.0,",E",0.0,",E",0.0,",E",0.0,",E",10.0,",E",0.0,",E",19270419.0,",,E",19270417.0,",,E",19270429.0,"+,,E",2.0,",E,19,",9.6,",,E,17,",26.0,",E,29,+",,,141.3,",E",21.1,",,,E",1.393,",E",1.847,",,,E",0.9400000000000001,",,,E"
AGE00147709,1927-05-01,36.63,4.2,942.0,"FORT NATIONAL, AG",,,,,5.0,"1,E",5.0,"1,E",0.0,"1,E",0.0,"2,E",0.0,"2,E",0.0,"2,E",15.0,"2,E",0.0,"2,E",19270506.0,",2,E",19270527.0,",1,E",19270521.0,",2,E",7.0,"2,E,06,",14.5,"1,,E,27,",30.0,"2,E,21,",,,,,50.5,"1,,,E",1.7449999999999999,"4,E",2.21,"2,,,E",1.279,"2,,,E"
AGE00147709,1927-06-01,36.63,4.2,942.0,"FORT NATIONAL, AG",,,139.0,",E",0.0,",E",0.0,",E",0.0,",E",0.0,",E",0.0,",E",0.0,",E",28.0,",E",6.0,",E",19270606.0,",,E",19270630.0,"+,,E",19270625.0,",,E",10.0,",E,06,",0.0,",,E,30,+",39.0,",E,25,",,,5.5,",E",0.0,",,,E",2.278,",E",2.84,",,,E",1.717,",,,E"
AGE00147709,1927-08-01,36.63,4.2,942.0,"FORT NATIONAL, AG",,,,,0.0,"4,E",0.0,"4,E",0.0,"4,E",0.0,"4,E",0.0,"4,E",0.0,"4,E",27.0,"4,E",14.0,"4,E",19270827.0,",4,E",19270831.0,"+,4,E",19270813.0,",4,E",14.0,"4,E,27,",0.0,"4,,E,31,+",41.0,"4,E,13,",,,,,0.0,"4,,,E",2.717,"6,E",3.304,"4,,,E",2.13,"4,,,E"
AGE00147709,1927-09-01,36.63,4.2,942.0,"FORT NATIONAL, AG",,,148.0,",E",4.0,",E",2.0,",E",0.0,",E",0.0,",E",0.0,",E",0.0,",E",24.0,",E",7.0,",E",19270929.0,"+,,E",19270926.0,",,E",19270903.0,",,E",9.0,",E,29,+",21.0,",,E,26,",40.0,",E,03,",,,20.0,",E",36.5,",,,E",2.2600000000000002,",E",2.757,",,,E",1.763,",,,E"
AGE00147709,1927-10-01,36.63,4.2,942.0,"FORT NATIONAL, AG",,,15.7,"1,E",9.0,",E",7.0,",E",2.0,",E",0.0,"1,E",0.0,"1,E",0.0,"1,E",15.0,"1,E",0.0,"1,E",19271017.0,",1,E",19271016.0,",,E",19271029.0,"+,1,E",8.0,"1,E,17,",27.1,",,E,16,",28.0,"1,E,29,+",,,54.2,"1,E",101.5,",,,E",1.705,"1,E",2.157,"1,,,E",1.253,"1,,,E"
AGE00147709,1927-12-01,36.63,4.2,942.0,"FORT NATIONAL, AG",,,0.0,"2,E",18.0,"1,E",14.0,"1,E",2.0,"1,E",0.0,"1,E",2.0,"1,E",0.0,"2,E",0.0,"2,E",0.0,"2,E",19271229.0,"+,1,E",19271208.0,",1,E",19271224.0,",2,E",-1.0,"1,E,29,+",50.0,"1,,E,08,",19.0,"2,E,24,",,,273.7,"2,E",199.0,"1,,,E",0.885,"2,E",1.2,"2,,,E",0.5700000000000001,"1,,,E"
AGE00147709,1928-01-01,36.63,4.2,942.0,"FORT NATIONAL, AG",,,,,17.0,"1,E",15.0,"1,E",5.0,"1,E",0.0,"4,E",3.0,"4,E",0.0,"3,E",0.0,"3,E",0.0,"3,E",19280124.0,"+,4,E",19280130.0,",1,E",19280114.0,",3,E",-1.0,"4,E,24,+",54.0,"1,,E,30,",15.0,"3,E,14,",,,,,312.7,"1,,,E",0.615,"6,E",0.893,"3,,,E",0.337,"4,,,E"
AGE00147709,1928-02-01,36.63,4.2,942.0,"FORT NATIONAL, AG",,,0.0,"2,E",12.0,"1,E",7.0,"1,E",4.0,"1,E",0.0,"1,E",4.0,"1,E",0.0,"1,E",1.0,"1,E",0.0,"1,E",19280208.0,",1,E",19280203.0,",1,E",19280224.0,",1,E",-1.0,"1,E,08,",38.0,"1,,E,03,",22.0,"1,E,24,",,,251.5,"1,E",153.3,"1,,,E",0.9199999999999999,"2,E",1.2890000000000001,"1,,,E",0.55,"1,,,E"
AGE00147709,1928-03-01,36.63,4.2,942.0,"FORT NATIONAL, AG",,,0.0,"2,E",16.0,",E",12.0,",E",2.0,",E",0.0,"2,E",0.0,"2,E",0.0,"1,E",2.0,"1,E",0.0,"1,E",19280326.0,"+,2,E",19280310.0,",,E",19280331.0,",1,E",2.0,"2,E,26,+",68.0,",,E,10,",26.0,"1,E,31,",,,237.7,"1,E",187.4,",,,E",1.008,"2,E",1.417,"1,,,E",0.6,"2,,,E"
AGE00147709,1928-04-01,36.63,4.2,942.0,"FORT NATIONAL, AG",,,0.2,"5,E",8.0,",E",6.0,",E",0.0,",E",0.0,"3,E",0.0,"3,E",0.0,"3,E",8.0,"3,E",0.0,"3,E",19280423.0,",3,E",19280423.0,"+,,E",19280426.0,"+,3,E",1.0,"3,E,23,",13.0,",,E,23,+",27.0,"3,E,26,+",,,130.5,"3,E",44.0,",,,E",1.335,"5,E",1.8699999999999999,"3,,,E",0.8,"3,,,E"
AGE00147709,1928-05-01,36.63,4.2,942.0,"FORT NATIONAL, AG",,,9.7,"2,E",9.0,"1,E",5.0,"1,E",1.0,"1,E",0.0,"1,E",0.0,"1,E",0.0,"1,E",11.0,"1,E",0.0,"1,E",19280507.0,",1,E",19280517.0,",1,E",19280528.0,",1,E",5.0,"1,E,07,",47.0,"1,,E,17,",29.0,"1,E,28,",,,111.8,"1,E",98.5,"1,,,E",1.482,"2,E",1.923,"1,,,E",1.04,"1,,,E"
AGE00147709,1928-06-01,36.63,4.2,942.0,"FORT NATIONAL, AG",,,159.5,",E",0.0,",E",0.0,",E",0.0,",E",0.0,",E",0.0,",E",0.0,",E",30.0,",E",9.0,",E",19280629.0,"+,,E",19280630.0,"+,,E",19280630.0,"+,,E",12.0,",E,29,+",0.0,",,E,30,+",40.0,",E,30,+",,,0.0,",E",0.0,",,,E",2.3649999999999998,",E",2.957,",,,E",1.7730000000000001,",,,E"
AGE00147709,1928-07-01,36.63,4.2,942.0,"FORT NATIONAL, AG",,,213.5,"4,E",1.0,"2,E",0.0,"2,E",0.0,"2,E",0.0,"2,E",0.0,"2,E",0.0,"2,E",29.0,"2,E",14.0,"2,E",19280718.0,",2,E",19280715.0,",2,E",19280728.0,",2,E",16.0,"2,E,18,",2.0,"2,,E,15,",40.0,"2,E,28,",0.0,E,0.0,"2,E",2.0,"2,,,E",2.616,"4,E",3.169,"2,,,E",2.0620000000000003,"2,,,E"
AGE00147709,1928-08-01,36.63,4.2,942.0,"FORT NATIONAL, AG",,,243.0,"4,E",4.0,"1,E",1.0,"1,E",0.0,"1,E",0.0,"3,E",0.0,"3,E",0.0,"2,E",29.0,"2,E",14.0,"2,E",19280818.0,",3,E",19280817.0,",1,E",19280825.0,"+,2,E",16.0,"3,E,18,",5.0,"1,,E,17,",39.0,"2,E,25,+",0.0,E,0.0,"2,E",6.3,"1,,,E",2.727,"4,E",3.279,"2,,,E",2.175,"3,,,E"
AGE00147709,1928-09-01,36.63,4.2,942.0,"FORT NATIONAL, AG",,,139.5,"2,E",3.0,"1,E",2.0,"1,E",1.0,"1,E",0.0,"1,E",0.0,"1,E",0.0,"1,E",26.0,"1,E",6.0,"1,E",19280907.0,",1,E",19280914.0,",1,E",19280915.0,",1,E",11.0,"1,E,07,",33.0,"1,,E,14,",39.0,"1,E,15,",1.8,E,1.8,"1,E",40.3,"1,,,E",2.34,"2,E",2.924,"1,,,E",1.7550000000000001,"1,,,E"
AGE00147709,1928-10-01,36.63,4.2,942.0,"FORT NATIONAL, AG",,,33.5,",E",11.0,",E",8.0,",E",1.0,",E",0.0,",E",0.0,",E",0.0,",E",16.0,",E",1.0,",E",19281031.0,"+,,E",19281016.0,",,E",19281001.0,",,E",7.0,",E,31,+",103.2,",,E,16,",37.0,",E,01,",69.6,E,67.8,",E",176.4,",,,E",1.723,",E",2.174,",,,E",1.2710000000000001,",,,E"
AGE00147709,1928-11-01,36.63,4.2,942.0,"FORT NATIONAL, AG",,,0.0,"2,E",11.0,"1,E",10.0,"1,E",1.0,"1,E",0.0,"1,E",0.0,"1,E",0.0,"1,E",0.0,"1,E",0.0,"1,E",19281130.0,",1,E",19281129.0,",1,E",19281121.0,"+,1,E",1.0,"1,E,30,",43.0,"1,,E,29,",21.0,"1,E,21,+",268.9,E,199.3,"1,E",135.0,"1,,,E",1.117,"2,E",1.476,"1,,,E",0.759,"1,,,E"
AGE00147709,1928-12-01,36.63,4.2,942.0,"FORT NATIONAL, AG",,,,,16.0,"3,E",13.0,"3,E",2.0,"3,E",0.0,"4,E",5.0,"4,E",0.0,"4,E",0.0,"4,E",0.0,"4,E",19281214.0,",4,E",19281201.0,",3,E",19281215.0,",4,E",-2.0,"4,E,14,",93.0,"3,,E,01,",17.0,"4,E,15,",,,,,217.4,"3,,,E",0.585,"6,E",0.9369999999999999,"4,,,E",0.233,"4,,,E"
AGE00147709,1929-01-01,36.63,4.2,942.0,"FORT NATIONAL, AG",,,,,13.0,"4,E",10.0,"4,E",1.0,"4,E",0.0,"5,E",9.0,"5,E",0.0,"5,E",0.0,"5,E",0.0,"5,E",19290104.0,"+,5,E",19290108.0,",4,E",19290121.0,",5,E",-2.0,"5,E,04,+",50.0,"4,,E,08,",15.0,"5,E,21,",,,,,160.0,"4,,,E",0.529,"8,E",0.842,"5,,,E",0.215,"5,,,E"
AGE00147709,1929-02-01,36.63,4.2,942.0,"FORT NATIONAL, AG",,,0.0,"2,E",16.0,",E",13.0,",E",1.0,",E",0.0,"2,E",5.0,"2,E",0.0,",E",0.0,",E",0.0,",E",19290222.0,"+,2,E",19290216.0,",,E",19290223.0,",,E",-1.0,"2,E,22,+",60.5,",,E,16,",19.0,",E,23,",,,320.2,",E",237.9,",,,E",0.593,"2,E",0.925,",,,E",0.262,"2,,,E"
AGE00147709,1929-03-01,36.63,4.2,942.0,"FORT NATIONAL, AG",,,0.0,"4,E",11.0,",E",9.0,",E",2.0,",E",0.0,"2,E",2.0,"2,E",0.0,"2,E",2.0,"2,E",0.0,"2,E",19290301.0,",2,E",19290302.0,",,E",19290323.0,"+,2,E",-2.0,"2,E,01,",44.5,",,E,02,",22.0,"2,E,23,+",,,233.5,"2,E",164.4,",,,E",0.9570000000000001,"4,E",1.372,"2,,,E",0.541,"2,,,E"
AGE00147709,1929-04-01,36.63,4.2,942.0,"FORT NATIONAL, AG",,,3.5,"2,E",5.0,",E",2.0,",E",0.0,",E",0.0,"1,E",1.0,"1,E",0.0,"1,E",8.0,"1,E",0.0,"1,E",19290404.0,",1,E",19290403.0,",,E",19290420.0,",1,E",0.0,"1,E,04,",24.4,",,E,03,",28.0,"1,E,20,",,,145.3,"1,E",33.5,",,,E",1.331,"2,E",1.834,"1,,,E",0.828,"1,,,E"
AGE00147709,1929-05-01,36.63,4.2,942.0,"FORT NATIONAL, AG",,,14.3,",E",8.0,",E",8.0,",E",1.0,",E",0.0,",E",0.0,",E",0.0,",E",9.0,",E",0.0,",E",19290502.0,",,E",19290525.0,",,E",19290507.0,",,E",5.0,",E,02,",63.0,",,E,25,",30.0,",E,07,",,,100.2,",E",140.0,",,,E",1.556,",E",1.9899999999999998,",,,E",1.123,",,,E"
AGE00147709,1929-06-01,36.63,4.2,942.0,"FORT NATIONAL, AG",,,102.5,"2,E",2.0,",E",1.0,",E",0.0,",E",0.0,"1,E",0.0,"1,E",0.0,"1,E",26.0,"1,E",2.0,"1,E",19290603.0,",1,E",19290611.0,",,E",19290629.0,",1,E",8.0,"1,E,03,",3.0,",,E,11,",38.0,"1,E,29,",,,10.3,"1,E",5.1,",,,E",2.153,"2,E",2.714,"1,,,E",1.593,"1,,,E"
AGE00147709,1929-07-01,36.63,4.2,942.0,"FORT NATIONAL, AG",,,205.3,"2,E",0.0,",E",0.0,",E",0.0,",E",0.0,"1,E",0.0,"1,E",0.0,"1,E",30.0,"1,E",10.0,"1,E",19290712.0,",1,E",19290731.0,"+,,E",19290727.0,",1,E",14.0,"1,E,12,",0.0,",,E,31,+",43.0,"1,E,27,",0.0,E,0.0,"1,E",0.0,",,,E",2.545,"2,E",3.103,"1,,,E",1.987,"1,,,E"
AGE00147709,1929-08-01,36.63,4.2,942.0,"FORT NATIONAL, AG",,,,,3.0,"5,E",3.0,"5,E",0.0,"5,E",0.0,"5,E",0.0,"5,E",0.0,"5,E",23.0,"5,E",4.0,"5,E",19290823.0,",5,E",19290804.0,",5,E",19290829.0,"+,5,E",11.0,"5,E,23,",10.0,"5,,E,04,",39.0,"5,E,29,+",,,,,27.2,"5,,,E",2.288,"0,E",2.819,"5,,,E",1.7579999999999998,"5,,,E"
AGE00147709,1929-09-01,36.63,4.2,942.0,"FORT NATIONAL, AG",,,105.3,"2,E",7.0,"1,E",5.0,"1,E",1.0,"1,E",0.0,"1,E",0.0,"1,E",0.0,"1,E",24.0,"1,E",2.0,"1,E",19290928.0,",1,E",19290909.0,",1,E",19290907.0,",1,E",10.0,"1,E,28,",31.5,"1,,E,09,",40.0,"1,E,07,",,,15.7,"1,E",86.5,"1,,,E",2.133,"2,E",2.586,"1,,,E",1.6789999999999998,"1,,,E"
AGE00147709,1929-10-01,36.63,4.2,942.0,"FORT NATIONAL, AG",,,17.8,"2,E",9.0,"1,E",7.0,"1,E",1.0,"1,E",0.0,"1,E",0.0,"1,E",0.0,"1,E",17.0,"1,E",0.0,"1,E",19291023.0,",1,E",19291007.0,",1,E",19291005.0,",1,E",7.0,"1,E,23,",33.4,"1,,E,07,",32.0,"1,E,05,",,,64.5,"1,E",103.4,"1,,,E",1.6629999999999998,"2,E",2.193,"1,,,E",1.133,"1,,,E"
AGE00147709,1929-11-01,36.63,4.2,942.0,"FORT NATIONAL, AG",,,,,7.0,"5,E",6.0,"5,E",4.0,"5,E",0.0,"5,E",0.0,"5,E",0.0,"4,E",1.0,"4,E",0.0,"4,E",19291105.0,",5,E",19291103.0,",5,E",19291116.0,",4,E",3.0,"5,E,05,",63.0,"5,,E,03,",22.0,"4,E,16,",,,,,184.5,"5,,,E",1.1480000000000001,"7,E",1.512,"4,,,E",0.784,"5,,,E"
AGE00147709,1929-12-01,36.63,4.2,942.0,"FORT NATIONAL, AG",,,,,11.0,"1,E",10.0,"1,E",0.0,"1,E",0.0,"4,E",1.0,"4,E",0.0,"2,E",0.0,"2,E",0.0,"2,E",19291220.0,",4,E",19291226.0,",1,E",19291224.0,",2,E",-2.0,"4,E,20,",22.5,"1,,E,26,",19.0,"2,E,24,",,,,,128.7,"1,,,E",0.9650000000000001,"6,E",1.341,"2,,,E",0.589,"4,,,E"
AGE00147709,1930-01-01,36.63,4.2,942.0,"FORT NATIONAL, AG",0.0,E,0.0,"3,E",13.0,"3,E",10.0,"3,E",1.0,"3,E",0.0,"2,E",0.0,"2,E",0.0,"2,E",0.0,"2,E",0.0,"2,E",19300129.0,"+,2,E",19300128.0,",3,E",19300114.0,",2,E",1.0,"2,E,29,+",30.0,"3,,E,28,",19.0,"2,E,14,",,,280.3,"2,E",113.4,"3,,,E",0.8400000000000001,"3,E",1.183,"2,,,E",0.497,"2,,,E"
AGE00147709,1930-02-01,36.63,4.2,942.0,"FORT NATIONAL, AG",0.0,E,0.0,"1,E",11.0,"1,E",9.0,"1,E",2.0,"1,E",0.0,"1,E",6.0,"1,E",0.0,",E",0.0,",E",0.0,",E",19300220.0,"+,1,E",19300202.0,",1,E",19300227.0,",,E",-3.0,"1,E,20,+",31.0,"1,,E,02,",18.0,",E,27,",,,318.0,",E",121.6,"1,,,E",0.647,"1,E",0.968,",,,E",0.32599999999999996,"1,,,E"
AGE00147709,1930-03-01,36.63,4.2,942.0,"FORT NATIONAL, AG",4.2,E,4.2,"5,E",5.0,"1,E",4.0,"1,E",0.0,"1,E",0.0,"4,E",1.0,"4,E",0.0,"4,E",6.0,"4,E",0.0,"4,E",19300325.0,",4,E",19300325.0,",1,E",19300322.0,",4,E",0.0,"4,E,25,",24.0,"1,,E,25,",28.0,"4,E,22,",,,158.3,"4,E",72.3,"1,,,E",1.23,"5,E",1.7109999999999999,"4,,,E",0.748,"4,,,E"
AGE00147709,1930-04-01,36.63,4.2,942.0,"FORT NATIONAL, AG",15.4,E,11.2,",E",15.0,",E",10.0,",E",1.0,",E",0.0,",E",0.0,",E",0.0,",E",6.0,",E",0.0,",E",19300416.0,",,E",19300408.0,",,E",19300412.0,",,E",1.0,",E,16,",44.0,",,E,08,",30.0,",E,12,",,,197.7,",E",133.7,",,,E",1.212,",E",1.643,",,,E",0.78,",,,E"
AGE00147709,1930-05-01,36.63,4.2,942.0,"FORT NATIONAL, AG",33.9,E,18.5,",E",1.0,",E",1.0,",E",0.0,",E",0.0,",E",0.0,",E",0.0,",E",17.0,",E",0.0,",E",19300509.0,",,E",19300524.0,",,E",19300521.0,",,E",5.0,",E,09,",12.0,",,E,24,",30.0,",E,21,",,,66.3,",E",12.0,",,,E",1.6789999999999998,",E",2.242,",,,E",1.116,",,,E"
AGE00147709,1930-06-01,36.63,4.2,942.0,"FORT NATIONAL, AG",129.4,E,95.5,",E",5.0,",E",2.0,",E",0.0,",E",0.0,",E",0.0,",E",0.0,",E",26.0,",E",5.0,",E",19300605.0,",,E",19300626.0,",,E",19300629.0,"+,,E",9.0,",E,05,",7.0,",,E,26,",36.0,",E,29,+",,,8.0,",E",14.2,",,,E",2.125,",E",2.7329999999999997,",,,E",1.517,",,,E"
AGE00147709,1930-09-01,36.63,4.2,942.0,"FORT NATIONAL, AG",,,119.8,",E",3.0,"3,E",3.0,"3,E",1.0,"3,E",0.0,",E",0.0,",E",0.0,",E",27.0,",E",3.0,",E",19300929.0,",,E",19300914.0,",3,E",19300927.0,"+,,E",12.0,",E,29,",44.0,"3,,E,14,",34.0,",E,27,+",,,2.8,",E",52.0,"3,,,E",2.223,",E",2.777,",,,E",1.67,",,,E"
AGE00147709,1930-10-01,36.63,4.2,942.0,"FORT NATIONAL, AG",,,72.8,",E",4.0,",E",4.0,",E",1.0,",E",0.0,",E",0.0,",E",0.0,",E",22.0,",E",3.0,",E",19301028.0,"+,,E",19301023.0,",,E",19301011.0,",,E",7.0,",E,28,+",35.0,",,E,23,",37.0,",E,11,",,,52.2,",E",70.5,",,,E",1.9,",E",2.371,",,,E",1.4289999999999998,",,,E"
AGE00147709,1930-11-01,36.63,4.2,942.0,"FORT NATIONAL, AG",,,3.8,"3,E",4.0,"1,E",3.0,"1,E",0.0,"1,E",0.0,"2,E",0.0,"2,E",0.0,"2,E",6.0,"2,E",0.0,"2,E",19301118.0,"+,2,E",19301114.0,",1,E",19301101.0,",2,E",5.0,"2,E,18,+",5.5,"1,,E,14,",27.0,"2,E,01,",,,118.3,"2,E",15.0,"1,,,E",1.4140000000000001,"3,E",1.861,"2,,,E",0.968,"2,,,E"
AGE00147709,1931-01-01,36.63,4.2,942.0,"FORT NATIONAL, AG",0.0,E,0.0,"4,E",14.0,"1,E",13.0,"1,E",3.0,"1,E",0.0,"3,E",3.0,"3,E",0.0,"2,E",0.0,"2,E",0.0,"2,E",19310113.0,"+,3,E",19310113.0,",1,E",19310103.0,",2,E",-1.0,"3,E,13,+",40.5,"1,,E,13,",21.0,"2,E,03,",,,297.0,"2,E",188.2,"1,,,E",0.72,"4,E",0.986,"2,,,E",0.454,"3,,,E"
AGE00147709,1931-02-01,36.63,4.2,942.0,"FORT NATIONAL, AG",0.0,E,0.0,"1,E",18.0,",E",16.0,",E",3.0,",E",0.0,",E",7.0,",E",0.0,"1,E",0.0,"1,E",0.0,"1,E",19310216.0,",,E",19310201.0,",,E",19310228.0,",1,E",-2.0,",E,16,",61.0,",,E,01,",18.0,"1,E,28,",,,357.5,"1,E",297.8,",,,E",0.517,"1,E",0.8300000000000001,"1,,,E",0.20400000000000001,",,,E"
AGE00147709,1931-03-01,36.63,4.2,942.0,"FORT NATIONAL, AG",0.0,E,0.0,"3,E",7.0,"1,E",5.0,"1,E",1.0,"1,E",0.0,"2,E",0.0,"2,E",0.0,"2,E",1.0,"2,E",0.0,"2,E",19310326.0,"+,2,E",19310316.0,",1,E",19310314.0,",2,E",5.0,"2,E,26,+",30.0,"1,,E,16,",25.0,"2,E,14,",,,155.3,"2,E",55.0,"1,,,E",1.279,"3,E",1.6760000000000002,"2,,,E",0.883,"2,,,E"
AGE00147709,1931-04-01,36.63,4.2,942.0,"FORT NATIONAL, AG",,,,,9.0,",E",7.0,",E",1.0,",E",0.0,"3,E",0.0,"3,E",0.0,"3,E",6.0,"3,E",0.0,"3,E",19310420.0,",3,E",19310407.0,",,E",19310411.0,",3,E",4.0,"3,E,20,",36.5,",,E,07,",26.0,"3,E,11,",,,,,116.6,",,,E",1.356,"6,E",1.8850000000000002,"3,,,E",0.826,"3,,,E"
AGE00147709,1931-05-01,36.63,4.2,942.0,"FORT NATIONAL, AG",,,52.3,",E",8.0,",E",5.0,",E",0.0,",E",0.0,",E",0.0,",E",0.0,",E",15.0,",E",1.0,",E",19310505.0,",,E",19310503.0,",,E",19310523.0,",,E",5.0,",E,05,",8.4,",,E,03,",38.0,",E,23,",,,72.7,",E",26.7,",,,E",1.768,",E",2.261,",,,E",1.274,",,,E"
AGE00147709,1931-06-01,36.63,4.2,942.0,"FORT NATIONAL, AG",,,193.7,"2,E",2.0,"1,E",2.0,"1,E",0.0,"1,E",0.0,"1,E",0.0,"1,E",0.0,"1,E",28.0,"1,E",12.0,"1,E",19310602.0,"+,1,E",19310621.0,",1,E",19310627.0,"+,1,E",12.0,"1,E,02,+",6.0,"1,,E,21,",41.0,"1,E,27,+",,,5.0,"1,E",9.6,"1,,,E",2.521,"2,E",3.103,"1,,,E",1.938,"1,,,E"
AGE00147709,1931-07-01,36.63,4.2,942.0,"FORT NATIONAL, AG",,,248.2,",E",0.0,",E",0.0,",E",0.0,",E",0.0,",E",0.0,",E",0.0,",E",31.0,",E",17.0,",E",19310722.0,",,E",19310731.0,"+,,E",19310713.0,",,E",13.0,",E,22,",0.0,",,E,31,+",39.0,",E,13,",0.0,E,0.0,",E",0.0,",,,E",2.634,",E",3.255,",,,E",2.013,",,,E"
AGE00147709,1931-08-01,36.63,4.2,942.0,"FORT NATIONAL, AG",,,226.3,"2,E",0.0,"1,E",0.0,"1,E",0.0,"1,E",0.0,"1,E",0.0,"1,E",0.0,"1,E",30.0,"1,E",15.0,"1,E",19310812.0,"+,1,E",19310831.0,"+,1,E",19310805.0,",1,E",15.0,"1,E,12,+",0.0,"1,,E,31,+",40.0,"1,E,05,",0.0,E,0.0,"1,E",0.0,"1,,,E",2.618,"2,E",3.213,"1,,,E",2.023,"1,,,E"
AGE00147709,1931-10-01,36.63,4.2,942.0,"FORT NATIONAL, AG",,,,,5.0,"2,E",4.0,"2,E",1.0,"2,E",0.0,"2,E",0.0,"2,E",0.0,"2,E",16.0,"2,E",0.0,"2,E",19311030.0,"+,2,E",19311002.0,",2,E",19311010.0,",2,E",4.0,"2,E,30,+",51.3,"2,,E,02,",30.0,"2,E,10,",,,,,63.5,"2,,,E",1.691,"4,E",2.107,"2,,,E",1.276,"2,,,E"
AGE00147709,1931-11-01,36.63,4.2,942.0,"FORT NATIONAL, AG",,,0.0,"4,E",13.0,",E",10.0,",E",0.0,",E",0.0,"3,E",0.0,"3,E",0.0,"2,E",1.0,"2,E",0.0,"2,E",19311117.0,"+,3,E",19311121.0,",,E",19311112.0,",2,E",5.0,"3,E,17,+",23.0,",,E,21,",22.0,"2,E,12,",,,157.2,"2,E",120.5,",,,E",1.228,"4,E",1.568,"2,,,E",0.889,"3,,,E"
AGE00147709,1931-12-01,36.63,4.2,942.0,"FORT NATIONAL, AG",,,0.0,",E",14.0,",E",10.0,",E",2.0,",E",0.0,",E",6.0,",E",0.0,",E",0.0,",E",0.0,",E",19311222.0,"+,,E",19311209.0,",,E",19311206.0,",,E",-3.0,",E,22,+",113.0,",,E,09,",21.0,",E,06,",,,379.8,",E",288.1,",,,E",0.608,",E",0.9029999999999999,",,,E",0.313,",,,E"
AGE00147709,1932-01-01,36.63,4.2,942.0,"FORT NATIONAL, AG",0.0,E,0.0,"4,E",7.0,"1,E",4.0,"1,E",2.0,"1,E",0.0,"2,E",1.0,"2,E",0.0,"2,E",0.0,"2,E",0.0,"2,E",19320102.0,",2,E",19320103.0,",1,E",19320118.0,"+,2,E",-3.0,"2,E,02,",107.0,"1,,E,03,",17.0,"2,E,18,+",,,281.5,"2,E",186.4,"1,,,E",0.791,"4,E",1.124,"2,,,E",0.45899999999999996,"2,,,E"
AGE00147709,1932-02-01,36.63,4.2,942.0,"FORT NATIONAL, AG",0.0,E,0.0,"2,E",12.0,",E",9.0,",E",0.0,",E",0.0,"2,E",9.0,"2,E",0.0,"1,E",0.0,"1,E",0.0,"1,E",19320219.0,",2,E",19320211.0,",,E",19320205.0,",1,E",-2.0,"2,E,19,",15.0,",,E,11,",20.0,"1,E,05,",,,324.0,"1,E",91.2,",,,E",0.631,"2,E",1.025,"1,,,E",0.23700000000000002,"2,,,E"
AGE00147709,1932-03-01,36.63,4.2,942.0,"FORT NATIONAL, AG",,,,,8.0,"3,E",4.0,"3,E",0.0,"3,E",0.0,"5,E",0.0,"5,E",0.0,"4,E",3.0,"4,E",0.0,"4,E",19320307.0,",5,E",19320306.0,",3,E",19320331.0,"+,4,E",1.0,"5,E,07,",23.0,"3,,E,06,",23.0,"4,E,31,+",,,,,53.6,"3,,,E",1.119,"7,E",1.533,"4,,,E",0.704,"5,,,E"
AGE00147709,1932-04-01,36.63,4.2,942.0,"FORT NATIONAL, AG",,,0.8,"3,E",9.0,",E",9.0,",E",1.0,",E",0.0,"2,E",0.0,"2,E",0.0,"2,E",6.0,"2,E",0.0,"2,E",19320414.0,"+,2,E",19320424.0,",,E",19320405.0,",2,E",1.0,"2,E,14,+",26.0,",,E,24,",28.0,"2,E,05,",,,148.3,"2,E",88.5,",,,E",1.268,"3,E",1.7710000000000001,"2,,,E",0.764,"2,,,E"
AGE00147709,1932-05-01,36.63,4.2,942.0,"FORT NATIONAL, AG",,,24.3,",E",2.0,",E",2.0,",E",1.0,",E",0.0,",E",0.0,",E",0.0,",E",15.0,",E",0.0,",E",19320509.0,"+,,E",19320517.0,",,E",19320514.0,",,E",7.0,",E,09,+",36.0,",,E,17,",30.0,",E,14,",,,59.2,",E",40.0,",,,E",1.721,",E",2.19,",,,E",1.252,",,,E"
AGE00147709,1932-06-01,36.63,4.2,942.0,"FORT NATIONAL, AG",,,51.8,"2,E",4.0,"1,E",4.0,"1,E",0.0,"1,E",0.0,"1,E",0.0,"1,E",0.0,"1,E",22.0,"1,E",4.0,"1,E",19320619.0,"+,1,E",19320603.0,",1,E",19320627.0,"+,1,E",10.0,"1,E,19,+",5.0,"1,,E,03,",34.0,"1,E,27,+",,,21.7,"1,E",15.0,"1,,,E",1.9280000000000002,"2,E",2.4690000000000003,"1,,,E",1.386,"1,,,E"
AGE00147709,1932-07-01,36.63,4.2,942.0,"FORT NATIONAL, AG",,,141.0,"2,E",1.0,"1,E",1.0,"1,E",0.0,"1,E",0.0,"1,E",0.0,"1,E",0.0,"1,E",29.0,"1,E",8.0,"1,E",19320721.0,",1,E",19320712.0,",1,E",19320730.0,"+,1,E",10.0,"1,E,21,",3.5,"1,,E,12,",38.0,"1,E,30,+",3.2,E,3.2,"1,E",3.5,"1,,,E",2.298,"2,E",2.9,"1,,,E",1.6969999999999998,"1,,,E"
AGE00147709,1932-08-01,36.63,4.2,942.0,"FORT NATIONAL, AG",,,246.3,"2,E",2.0,"1,E",0.0,"1,E",0.0,"1,E",0.0,"1,E",0.0,"1,E",0.0,"1,E",30.0,"1,E",17.0,"1,E",19320806.0,"+,1,E",19320810.0,"+,1,E",19320815.0,"+,1,E",15.0,"1,E,06,+",1.0,"1,,E,10,+",41.0,"1,E,15,+",3.2,E,0.0,"1,E",2.0,"1,,,E",2.66,"2,E",3.207,"1,,,E",2.113,"1,,,E"
AGE00147709,1932-09-01,36.63,4.2,942.0,"FORT NATIONAL, AG",,,141.0,"1,E",6.0,"1,E",4.0,"1,E",1.0,"1,E",0.0,"1,E",0.0,"1,E",0.0,"1,E",25.0,"1,E",8.0,"1,E",19320930.0,",1,E",19320912.0,",1,E",19320920.0,"+,1,E",11.0,"1,E,30,",38.0,"1,,E,12,",38.0,"1,E,20,+",11.9,E,8.7,"1,E",70.7,"1,,,E",2.29,"1,E",2.866,"1,,,E",1.714,"1,,,E"
AGE00147709,1932-10-01,36.63,4.2,942.0,"FORT NATIONAL, AG",,,16.7,"4,E",13.0,"2,E",8.0,"2,E",2.0,"2,E",0.0,"2,E",0.0,"2,E",0.0,"2,E",11.0,"2,E",1.0,"2,E",19321017.0,",2,E",19321016.0,",2,E",19321001.0,",2,E",7.0,"2,E,17,",56.0,"2,,E,16,",35.0,"2,E,01,",97.6,E,85.7,"2,E",126.0,"2,,,E",1.593,"4,E",2.0170000000000003,"2,,,E",1.169,"2,,,E"
AGE00147709,1932-11-01,36.63,4.2,942.0,"FORT NATIONAL, AG",,,0.0,"4,E",12.0,"1,E",9.0,"1,E",0.0,"1,E",0.0,"3,E",0.0,"3,E",0.0,"2,E",2.0,"2,E",0.0,"2,E",19321123.0,",3,E",19321120.0,",1,E",19321105.0,",2,E",4.0,"3,E,23,",22.0,"1,,E,20,",25.0,"2,E,05,",272.8,E,175.2,"2,E",109.0,"1,,,E",1.159,"4,E",1.5,"2,,,E",0.819,"3,,,E"
AGE00147709,1933-01-01,36.63,4.2,942.0,"FORT NATIONAL, AG",0.0,E,0.0,"3,E",18.0,",E",16.0,",E",1.0,",E",0.0,"2,E",4.0,"2,E",0.0,"2,E",0.0,"2,E",0.0,"2,E",19330123.0,",2,E",19330106.0,",,E",19330128.0,",2,E",-1.0,"2,E,23,",63.0,",,E,06,",18.0,"2,E,28,",,,336.8,"2,E",206.2,",,,E",0.626,"3,E",0.897,"2,,,E",0.355,"2,,,E"
AGE00147709,1933-02-01,36.63,4.2,942.0,"FORT NATIONAL, AG",0.0,E,0.0,"1,E",6.0,",E",4.0,",E",1.0,",E",0.0,"1,E",5.0,"1,E",1.0,",E",1.0,",E",0.0,",E",19330220.0,",1,E",19330216.0,",,E",19330211.0,",,E",-4.0,"1,E,20,",35.0,",,E,16,",23.0,",E,11,",,,261.0,",E",80.0,",,,E",0.8539999999999999,"1,E",1.207,",,,E",0.5,"1,,,E"
AGE00147709,1933-03-01,36.63,4.2,942.0,"FORT NATIONAL, AG",0.0,E,0.0,",E",13.0,",E",10.0,",E",1.0,",E",0.0,",E",0.0,",E",0.0,",E",1.0,",E",0.0,",E",19330309.0,"+,,E",19330314.0,",,E",19330304.0,",,E",3.0,",E,09,+",41.0,",,E,14,",25.0,",E,04,",,,258.8,",E",131.2,",,,E",0.998,",E",1.335,",,,E",0.661,",,,E"
AGE00147709,1933-04-01,36.63,4.2,942.0,"FORT NATIONAL, AG",,,,,4.0,"2,E",3.0,"2,E",0.0,"2,E",0.0,"3,E",0.0,"3,E",0.0,"3,E",9.0,"3,E",0.0,"3,E",19330423.0,",3,E",19330416.0,",2,E",19330429.0,",3,E",4.0,"3,E,23,",18.0,"2,,E,16,",30.0,"3,E,29,",,,,,36.0,"2,,,E",1.413,"6,E",1.893,"3,,,E",0.933,"3,,,E"
AGE00147709,1933-05-01,36.63,4.2,942.0,"FORT NATIONAL, AG",,,41.3,"2,E",6.0,",E",3.0,",E",0.0,",E",0.0,"1,E",0.0,"1,E",0.0,"1,E",22.0,"1,E",1.0,"1,E",19330528.0,"+,1,E",19330522.0,",,E",19330520.0,",1,E",9.0,"1,E,28,+",12.0,",,E,22,",34.0,"1,E,20,",,,41.5,"1,E",23.0,",,,E",1.828,"2,E",2.373,"1,,,E",1.283,"1,,,E"
AGE00147709,1933-06-01,36.63,4.2,942.0,"FORT NATIONAL, AG",,,62.7,",E",4.0,",E",4.0,",E",0.0,",E",0.0,",E",0.0,",E",0.0,",E",24.0,",E",1.0,",E",19330605.0,",,E",19330616.0,",,E",19330624.0,",,E",8.0,",E,05,",10.0,",,E,16,",37.0,",E,24,",,,21.7,",E",29.0,",,,E",1.97,",E",2.523,",,,E",1.417,",,,E"
AGE00147709,1933-08-01,36.63,4.2,942.0,"FORT NATIONAL, AG",,,,,0.0,"4,E",0.0,"4,E",0.0,"4,E",0.0,"5,E",0.0,"5,E",0.0,"4,E",27.0,"4,E",10.0,"4,E",19330805.0,",5,E",19330831.0,"+,4,E",19330825.0,",4,E",15.0,"5,E,05,",0.0,"4,,E,31,+",37.0,"4,E,25,",,,,,0.0,"4,,,E",2.614,"9,E",3.159,"4,,,E",2.069,"5,,,E"
AGE00147709,1933-09-01,36.63,4.2,942.0,"FORT NATIONAL, AG",,,,,5.0,"3,E",4.0,"3,E",0.0,"3,E",0.0,"4,E",0.0,"4,E",0.0,"4,E",25.0,"4,E",4.0,"4,E",19330923.0,",4,E",19330910.0,",3,E",19330915.0,",4,E",7.0,"4,E,23,",22.0,"3,,E,10,",34.0,"4,E,15,",,,,,51.4,"3,,,E",2.304,"8,E",2.819,"4,,,E",1.7879999999999998,"4,,,E"
AGE00147709,1933-10-01,36.63,4.2,942.0,"FORT NATIONAL, AG",,,82.2,"4,E",2.0,"1,E",2.0,"1,E",0.0,"1,E",0.0,"3,E",0.0,"3,E",0.0,"2,E",21.0,"2,E",1.0,"2,E",19331031.0,",3,E",19331028.0,",1,E",19331007.0,",2,E",6.0,"3,E,31,",4.2,"1,,E,28,",38.0,"2,E,07,",,,28.7,"2,E",7.2,"1,,,E",2.049,"4,E",2.534,"2,,,E",1.564,"3,,,E"
AGE00147709,1933-11-01,36.63,4.2,942.0,"FORT NATIONAL, AG",,,,,17.0,"2,E",13.0,"2,E",2.0,"2,E",0.0,"5,E",0.0,"5,E",0.0,"5,E",1.0,"5,E",0.0,"5,E",19331108.0,",5,E",19331130.0,",2,E",19331117.0,",5,E",0.6,"5,E,08,",40.0,"2,,E,30,",22.0,"5,E,17,",,,,,194.3,"2,,,E",0.899,"9,E",1.252,"5,,,E",0.546,"5,,,E"
AGE00147709,1933-12-01,36.63,4.2,942.0,"FORT NATIONAL, AG",,,0.0,"2,E",11.0,",E",7.0,",E",1.0,",E",0.0,"2,E",5.0,"2,E",0.0,"2,E",0.0,"2,E",0.0,"2,E",19331219.0,",2,E",19331228.0,",,E",19331205.0,",2,E",-4.0,"2,E,19,",37.0,",,E,28,",16.0,"2,E,05,",,,349.7,"2,E",88.0,",,,E",0.628,"2,E",0.914,"2,,,E",0.341,"2,,,E"
AGE00147709,1934-01-01,36.63,4.2,942.0,"FORT NATIONAL, AG",0.0,E,0.0,",E",17.0,",E",13.0,",E",3.0,",E",0.0,",E",6.0,",E",0.0,",E",0.0,",E",0.0,",E",19340101.0,",,E",19340102.0,",,E",19340127.0,"+,,E",-2.0,",E,01,",50.0,",,E,02,",15.0,",E,27,+",,,408.8,",E",218.0,",,,E",0.515,",E",0.768,",,,E",0.261,",,,E"
AGE00147709,1934-02-01,36.63,4.2,942.0,"FORT NATIONAL, AG",0.0,E,0.0,"1,E",8.0,",E",6.0,",E",2.0,",E",0.0,"1,E",7.0,"1,E",0.0,"1,E",0.0,"1,E",0.0,"1,E",19340203.0,"+,1,E",19340205.0,",,E",19340224.0,"+,1,E",-3.0,"1,E,03,+",65.0,",,E,05,",18.0,"1,E,24,+",,,304.5,"1,E",125.8,",,,E",0.706,"1,E",1.0779999999999998,"1,,,E",0.333,"1,,,E"
AGE00147709,1934-03-01,36.63,4.2,942.0,"FORT NATIONAL, AG",0.0,E,0.0,"5,E",21.0,",E",19.0,",E",2.0,",E",0.0,"3,E",7.0,"3,E",0.0,"4,E",0.0,"4,E",0.0,"4,E",19340302.0,",3,E",19340325.0,",,E",19340310.0,",4,E",-5.0,"3,E,02,",34.0,",,E,25,",21.0,"4,E,10,",,,297.7,"4,E",252.2,",,,E",0.7,"5,E",1.096,"4,,,E",0.304,"3,,,E"
AGE00147709,1934-04-01,36.63,4.2,942.0,"FORT NATIONAL, AG",2.7,E,2.7,"1,E",10.0,",E",7.0,",E",3.0,",E",0.0,"1,E",0.0,"1,E",0.0,"1,E",7.0,"1,E",0.0,"1,E",19340425.0,"+,1,E",19340404.0,",,E",19340417.0,",1,E",3.0,"1,E,25,+",55.0,",,E,04,",27.0,"1,E,17,",,,177.8,"1,E",148.5,",,,E",1.2289999999999999,"1,E",1.6760000000000002,"1,,,E",0.783,"1,,,E"
AGE00147709,1934-05-01,36.63,4.2,942.0,"FORT NATIONAL, AG",36.5,E,33.8,"2,E",6.0,"1,E",4.0,"1,E",3.0,"1,E",0.0,"1,E",0.0,"1,E",0.0,"1,E",14.0,"1,E",0.0,"1,E",19340503.0,",1,E",19340502.0,",1,E",19340531.0,"+,1,E",2.0,"1,E,03,",36.0,"1,,E,02,",30.0,"1,E,31,+",,,91.0,"1,E",100.5,"1,,,E",1.627,"2,E",2.08,"1,,,E",1.173,"1,,,E"
AGE00147709,1934-06-01,36.63,4.2,942.0,"FORT NATIONAL, AG",139.3,E,102.8,"2,E",3.0,",E",0.0,",E",0.0,",E",0.0,"1,E",0.0,"1,E",0.0,"1,E",25.0,"1,E",3.0,"1,E",19340630.0,"+,1,E",19340617.0,",,E",19340623.0,"+,1,E",12.0,"1,E,30,+",2.0,",,E,17,",38.0,"1,E,23,+",,,4.7,"1,E",4.0,",,,E",2.183,"2,E",2.738,"1,,,E",1.6280000000000001,"1,,,E"
AGE00147709,1934-07-01,36.63,4.2,942.0,"FORT NATIONAL, AG",354.1,E,214.8,"2,E",0.0,"1,E",0.0,"1,E",0.0,"1,E",0.0,"1,E",0.0,"1,E",0.0,"1,E",30.0,"1,E",12.0,"1,E",19340701.0,",1,E",19340731.0,"+,1,E",19340707.0,",1,E",14.0,"1,E,01,",0.0,"1,,E,31,+",39.0,"1,E,07,",0.0,E,0.0,"1,E",0.0,"1,,,E",2.592,"2,E",3.1670000000000003,"1,,,E",2.0170000000000003,"1,,,E"
AGE00147709,1934-08-01,36.63,4.2,942.0,"FORT NATIONAL, AG",499.9,E,145.8,"2,E",5.0,"1,E",5.0,"1,E",1.0,"1,E",0.0,"1,E",0.0,"1,E",0.0,"1,E",27.0,"1,E",4.0,"1,E",19340811.0,",1,E",19340819.0,",1,E",19340818.0,",1,E",12.0,"1,E,11,",34.0,"1,,E,19,",36.0,"1,E,18,",2.0,E,2.0,"1,E",90.0,"1,,,E",2.338,"2,E",2.847,"1,,,E",1.83,"1,,,E"
AGE00147709,1934-09-01,36.63,4.2,942.0,"FORT NATIONAL, AG",606.7,E,106.8,"1,E",7.0,",E",6.0,",E",1.0,",E",0.0,"1,E",0.0,"1,E",0.0,"1,E",26.0,"1,E",4.0,"1,E",19340921.0,",1,E",19340920.0,",,E",19340908.0,",1,E",10.0,"1,E,21,",48.0,",,E,20,",40.0,"1,E,08,",10.5,E,8.5,"1,E",110.0,",,,E",2.1719999999999997,"1,E",2.662,"1,,,E",1.6829999999999998,"1,,,E"
AGE00147709,1934-10-01,36.63,4.2,942.0,"FORT NATIONAL, AG",611.9,E,5.2,"3,E",9.0,",E",6.0,",E",0.0,",E",0.0,"2,E",0.0,"2,E",0.0,"2,E",9.0,"2,E",0.0,"2,E",19341017.0,",2,E",19341020.0,",,E",19341031.0,",2,E",6.0,"2,E,17,",12.0,",,E,20,",27.0,"2,E,31,",90.5,E,80.0,"2,E",47.0,",,,E",1.5550000000000002,"3,E",2.0100000000000002,"2,,,E",1.1,"2,,,E"
AGE00147709,1934-11-01,36.63,4.2,942.0,"FORT NATIONAL, AG",612.1,E,0.2,"4,E",12.0,"1,E",7.0,"1,E",0.0,"1,E",0.0,"2,E",0.0,"2,E",0.0,"2,E",2.0,"2,E",0.0,"2,E",19341117.0,",2,E",19341125.0,",1,E",19341110.0,"+,2,E",3.0,"2,E,17,",21.0,"1,,E,25,",25.0,"2,E,10,+",300.8,E,210.3,"2,E",93.0,"1,,,E",1.014,"4,E",1.3539999999999999,"2,,,E",0.675,"2,,,E"
AGE00147709,1934-12-01,36.63,4.2,942.0,"FORT NATIONAL, AG",612.1,E,0.0,",E",14.0,",E",10.0,",E",1.0,",E",0.0,",E",0.0,",E",0.0,",E",0.0,",E",0.0,",E",19341231.0,",,E",19341224.0,",,E",19341215.0,",,E",3.0,",E,31,",32.0,",,E,24,",21.0,",E,15,",518.1,E,217.3,",E",103.3,",,,E",1.1320000000000001,",E",1.448,",,,E",0.8160000000000001,",,,E"
AGE00147709,1935-01-01,36.63,4.2,942.0,"FORT NATIONAL, AG",,,,,15.0,"4,E",14.0,"4,E",1.0,"4,E",0.0,"5,E",7.0,"5,E",0.0,"5,E",0.0,"5,E",0.0,"5,E",19350131.0,"+,5,E",19350102.0,",4,E",19350110.0,",5,E",-4.0,"5,E,31,+",42.0,"4,,E,02,",13.0,"5,E,10,",,,,,150.6,"4,,,E",0.454,"8,E",0.727,"5,,,E",0.181,"5,,,E"
AGE00147709,1935-03-01,36.63,4.2,942.0,"FORT NATIONAL, AG",,,0.0,"5,E",8.0,"2,E",5.0,"2,E",3.0,"2,E",0.0,"3,E",2.0,"3,E",0.0,"4,E",0.0,"4,E",0.0,"4,E",19350313.0,",3,E",19350317.0,",2,E",19350330.0,"+,4,E",-2.0,"3,E,13,",36.0,"2,,E,17,",20.0,"4,E,30,+",,,231.2,"4,E",123.5,"2,,,E",0.9730000000000001,"5,E",1.363,"4,,,E",0.5820000000000001,"3,,,E"
AGE00147709,1935-04-01,36.63,4.2,942.0,"FORT NATIONAL, AG",,,8.3,"3,E",4.0,"1,E",4.0,"1,E",2.0,"1,E",0.0,"2,E",0.0,"2,E",0.0,"1,E",9.0,"1,E",0.0,"1,E",19350405.0,",2,E",19350429.0,",1,E",19350411.0,",1,E",2.0,"2,E,05,",70.5,"1,,E,29,",29.0,"1,E,11,",,,138.8,"1,E",126.5,"1,,,E",1.346,"3,E",1.831,"1,,,E",0.861,"2,,,E"
AGE00147709,1935-05-01,36.63,4.2,942.0,"FORT NATIONAL, AG",,,1.2,"1,E",17.0,",E",11.0,",E",2.0,",E",0.0,"1,E",0.0,"1,E",0.0,"1,E",6.0,"1,E",0.0,"1,E",19350524.0,",1,E",19350519.0,",,E",19350515.0,"+,1,E",3.0,"1,E,24,",33.0,",,E,19,",24.0,"1,E,15,+",,,142.2,"1,E",129.2,",,,E",1.363,"1,E",1.807,"1,,,E",0.9199999999999999,"1,,,E"
AGE00147709,1935-06-01,36.63,4.2,942.0,"FORT NATIONAL, AG",,,160.8,",E",1.0,",E",1.0,",E",0.0,",E",0.0,",E",0.0,",E",0.0,",E",30.0,",E",8.0,",E",19350601.0,",,E",19350614.0,",,E",19350629.0,"+,,E",9.0,",E,01,",4.0,",,E,14,",40.0,",E,29,+",,,1.8,",E",4.0,",,,E",2.363,",E",2.933,",,,E",1.793,",,,E"
AGE00147709,1935-07-01,36.63,4.2,942.0,"FORT NATIONAL, AG",,,222.0,",E",0.0,",E",0.0,",E",0.0,",E",0.0,",E",0.0,",E",0.0,",E",30.0,",E",14.0,",E",19350706.0,"+,,E",19350731.0,"+,,E",19350720.0,",,E",13.0,",E,06,+",0.0,",,E,31,+",39.0,",E,20,",1.8,E,1.8,",E",0.0,",,,E",2.544,",E",3.1260000000000003,",,,E",1.9609999999999999,",,,E"
AGE00147709,1935-08-01,36.63,4.2,942.0,"FORT NATIONAL, AG",,,236.2,",E",3.0,",E",2.0,",E",0.0,",E",0.0,",E",0.0,",E",0.0,",E",31.0,",E",15.0,",E",19350828.0,"+,,E",19350807.0,",,E",19350810.0,",,E",16.0,",E,28,+",3.6,",,E,07,",41.0,",E,10,",1.8,E,0.0,",E",7.6,",,,E",2.5949999999999998,",E",3.174,",,,E",2.016,",,,E"
AGE00147709,1935-11-01,36.63,4.2,942.0,"FORT NATIONAL, AG",,,0.7,"1,E",13.0,",E",10.0,",E",3.0,",E",0.0,"1,E",0.0,"1,E",0.0,"1,E",3.0,"1,E",0.0,"1,E",19351112.0,",1,E",19351112.0,"+,,E",19351102.0,",1,E",1.0,"1,E,12,",30.0,",,E,12,+",25.0,"1,E,02,",,,178.3,"1,E",177.0,",,,E",1.221,"1,E",1.59,"1,,,E",0.852,"1,,,E"
AGE00147709,1935-12-01,36.63,4.2,942.0,"FORT NATIONAL, AG",,,0.0,"2,E",13.0,",E",9.0,",E",1.0,",E",0.0,"2,E",3.0,"2,E",0.0,"2,E",0.0,"2,E",0.0,"2,E",19351212.0,",2,E",19351229.0,",,E",19351228.0,",2,E",-1.0,"2,E,12,",36.0,",,E,29,",20.0,"2,E,28,",,,277.7,"2,E",112.0,",,,E",0.876,"2,E",1.169,"2,,,E",0.583,"2,,,E"
AGE00147709,1936-01-01,36.63,4.2,942.0,"FORT NATIONAL, AG",0.0,E,0.0,"4,E",7.0,"1,E",6.0,"1,E",1.0,"1,E",0.0,"2,E",0.0,"2,E",0.0,"2,E",0.0,"2,E",0.0,"2,E",19360127.0,"+,2,E",19360101.0,",1,E",19360125.0,",2,E",3.0,"2,E,27,+",26.0,"1,,E,01,",21.0,"2,E,25,",,,195.0,"2,E",87.0,"1,,,E",1.122,"4,E",1.459,"2,,,E",0.786,"2,,,E"
AGE00147709,1936-02-01,36.63,4.2,942.0,"FORT NATIONAL, AG",2.3,E,2.3,"2,E",12.0,",E",7.0,",E",0.0,",E",0.0,"2,E",1.0,"2,E",0.0,"2,E",2.0,"2,E",0.0,"2,E",19360208.0,",2,E",19360227.0,",,E",19360222.0,",2,E",0.0,"2,E,08,",22.0,",,E,27,",24.0,"2,E,22,",,,202.8,"2,E",85.3,",,,E",1.091,"2,E",1.452,"2,,,E",0.73,"2,,,E"
AGE00147709,1936-03-01,36.63,4.2,942.0,"FORT NATIONAL, AG",2.3,E,0.0,",E",12.0,",E",12.0,",E",0.0,",E",0.0,",E",0.0,",E",0.0,",E",0.0,",E",0.0,",E",19360313.0,"+,,E",19360312.0,",,E",19360328.0,"+,,E",2.0,",E,13,+",15.0,",,E,12,",21.0,",E,28,+",,,255.8,",E",83.0,",,,E",1.008,",E",1.397,",,,E",0.619,",,,E"
AGE00147709,1936-04-01,36.63,4.2,942.0,"FORT NATIONAL, AG",11.6,E,9.3,"3,E",13.0,"2,E",12.0,"2,E",1.0,"2,E",0.0,"2,E",0.0,"2,E",0.0,"2,E",7.0,"2,E",0.0,"2,E",19360418.0,",2,E",19360420.0,",2,E",19360406.0,",2,E",2.0,"2,E,18,",34.0,"2,,E,20,",29.0,"2,E,06,",,,154.8,"2,E",115.2,"2,,,E",1.288,"3,E",1.7429999999999999,"2,,,E",0.8320000000000001,"2,,,E"
AGE00147709,1936-05-01,36.63,4.2,942.0,"FORT NATIONAL, AG",11.9,E,0.3,"3,E",15.0,",E",13.0,",E",0.0,",E",0.0,"2,E",0.0,"2,E",0.0,"1,E",2.0,"1,E",0.0,"1,E",19360509.0,",2,E",19360517.0,",,E",19360516.0,"+,1,E",2.0,"2,E,09,",25.0,",,E,17,",24.0,"1,E,16,+",,,152.7,"1,E",145.6,",,,E",1.261,"3,E",1.687,"1,,,E",0.834,"2,,,E"
AGE00147709,1936-06-01,36.63,4.2,942.0,"FORT NATIONAL, AG",63.9,E,52.0,"3,E",6.0,"1,E",6.0,"1,E",0.0,"1,E",0.0,"2,E",0.0,"2,E",0.0,"2,E",19.0,"2,E",1.0,"2,E",19360605.0,",2,E",19360614.0,",1,E",19360627.0,",2,E",7.0,"2,E,05,",13.2,"1,,E,14,",33.0,"2,E,27,",,,36.0,"2,E",42.2,"1,,,E",1.8800000000000001,"3,E",2.4,"2,,,E",1.361,"2,,,E"
AGE00147709,1936-07-01,36.63,4.2,942.0,"FORT NATIONAL, AG",264.2,E,200.3,"5,E",1.0,"2,E",0.0,"2,E",0.0,"2,E",0.0,"2,E",0.0,"2,E",0.0,"3,E",28.0,"3,E",10.0,"3,E",19360731.0,",2,E",19360730.0,",2,E",19360718.0,",3,E",12.0,"2,E,31,",2.0,"2,,E,30,",40.0,"3,E,18,",0.0,E,0.0,"3,E",2.0,"2,,,E",2.576,"5,E",3.207,"3,,,E",1.9449999999999998,"2,,,E"
AGE00147709,1936-12-01,36.63,4.2,942.0,"FORT NATIONAL, AG",,,,,11.0,"2,E",7.0,"2,E",1.0,"2,E",0.0,"4,E",4.0,"4,E",0.0,"4,E",0.0,"4,E",0.0,"4,E",19361210.0,"+,4,E",19361209.0,",2,E",19361205.0,",4,E",-2.0,"4,E,10,+",50.0,"2,,E,09,",16.0,"4,E,05,",,,,,91.2,"2,,,E",0.6940000000000001,"6,E",1.048,"4,,,E",0.341,"4,,,E"
AGE00147709,1937-05-01,36.63,4.2,942.0,"FORT NATIONAL, AG",,,25.2,"1,E",3.0,",E",3.0,",E",0.0,",E",0.0,"1,E",0.0,"1,E",0.0,"1,E",18.0,"1,E",0.0,"1,E",19370522.0,"+,1,E",19370520.0,"+,,E",19370531.0,",1,E",8.0,"1,E,22,+",5.0,",,E,20,+",30.0,"1,E,31,",,,58.7,"1,E",15.0,",,,E",1.722,"1,E",2.263,"1,,,E",1.1800000000000002,"1,,,E"
AGE00147709,1937-06-01,36.63,4.2,942.0,"FORT NATIONAL, AG",,,69.5,"4,E",5.0,"1,E",3.0,"1,E",0.0,"1,E",0.0,"2,E",0.0,"2,E",0.0,"2,E",23.0,"2,E",1.0,"2,E",19370629.0,",2,E",19370628.0,"+,1,E",19370619.0,",2,E",10.0,"2,E,29,",4.0,"1,,E,28,+",36.0,"2,E,19,",,,12.7,"2,E",12.4,"1,,,E",2.066,"4,E",2.604,"2,,,E",1.529,"2,,,E"
AGE00147709,1937-07-01,36.63,4.2,942.0,"FORT NATIONAL, AG",,,204.3,"2,E",0.0,"1,E",0.0,"1,E",0.0,"1,E",0.0,"1,E",0.0,"1,E",0.0,"1,E",30.0,"1,E",12.0,"1,E",19370719.0,"+,1,E",19370731.0,"+,1,E",19370724.0,",1,E",14.0,"1,E,19,+",0.0,"1,,E,31,+",40.0,"1,E,24,",0.0,E,0.0,"1,E",0.0,"1,,,E",2.538,"2,E",3.143,"1,,,E",1.9329999999999998,"1,,,E"
AGE00147709,1937-08-01,36.63,4.2,942.0,"FORT NATIONAL, AG",,,257.2,",E",3.0,",E",2.0,",E",0.0,",E",0.0,",E",0.0,",E",0.0,",E",31.0,",E",13.0,",E",19370830.0,"+,,E",19370827.0,",,E",19370807.0,",,E",17.0,",E,30,+",12.0,",,E,27,",42.0,",E,07,",0.0,E,0.0,",E",15.4,",,,E",2.663,",E",3.213,",,,E",2.113,",,,E"
AGE00147709,1937-09-01,36.63,4.2,942.0,"FORT NATIONAL, AG",,,,,4.0,"4,E",3.0,"4,E",0.0,"4,E",0.0,"4,E",0.0,"4,E",0.0,"4,E",23.0,"4,E",2.0,"4,E",19370922.0,",4,E",19370924.0,",4,E",19370910.0,"+,4,E",10.0,"4,E,22,",6.0,"4,,E,24,",34.0,"4,E,10,+",,,,,16.5,"4,,,E",2.192,"7,E",2.715,"4,,,E",1.669,"4,,,E"
AGE00147709,1937-10-01,36.63,4.2,942.0,"FORT NATIONAL, AG",,,23.7,"4,E",7.0,"2,E",4.0,"2,E",0.0,"2,E",0.0,"3,E",0.0,"3,E",0.0,"3,E",14.0,"3,E",1.0,"3,E",19371029.0,"+,3,E",19371011.0,",2,E",19371002.0,",3,E",9.0,"3,E,29,+",10.0,"2,,E,11,",35.0,"3,E,02,",,,63.7,"3,E",30.0,"2,,,E",1.689,"4,E",2.164,"3,,,E",1.214,"3,,,E"
AGE00147709,1937-11-01,36.63,4.2,942.0,"FORT NATIONAL, AG",,,1.8,"1,E",8.0,",E",6.0,",E",1.0,",E",0.0,"1,E",0.0,"1,E",0.0,",E",5.0,",E",0.0,",E",19371129.0,"+,1,E",19371103.0,",,E",19371122.0,",,E",5.0,"1,E,29,+",85.0,",,E,03,",24.0,",E,22,",,,131.5,",E",146.0,",,,E",1.3960000000000001,"1,E",1.75,",,,E",1.041,"1,,,E"
AGE00147709,1938-01-01,36.63,4.2,942.0,"FORT NATIONAL, AG",0.0,E,0.0,"5,E",8.0,"4,E",6.0,"4,E",0.0,"4,E",0.0,"3,E",6.0,"3,E",0.0,"3,E",0.0,"3,E",0.0,"3,E",19380107.0,",3,E",19380107.0,",4,E",19380112.0,",3,E",-2.0,"3,E,07,",20.0,"4,,E,07,",17.0,"3,E,12,",,,313.2,"3,E",70.0,"4,,,E",0.636,"5,E",0.9359999999999999,"3,,,E",0.33599999999999997,"3,,,E"
AGE00147709,1938-02-01,36.63,4.2,942.0,"FORT NATIONAL, AG",0.0,E,0.0,"5,E",9.0,"1,E",8.0,"1,E",0.0,"1,E",0.0,"3,E",7.0,"3,E",0.0,"2,E",0.0,"2,E",0.0,"2,E",19380216.0,"+,3,E",19380213.0,",1,E",19380226.0,",2,E",-4.0,"3,E,16,+",25.0,"1,,E,13,",18.0,"2,E,26,",,,303.2,"2,E",87.0,"1,,,E",0.515,"5,E",0.835,"2,,,E",0.196,"3,,,E"
AGE00147709,1938-03-01,36.63,4.2,942.0,"FORT NATIONAL, AG",0.0,E,0.0,"2,E",4.0,"1,E",3.0,"1,E",0.0,"1,E",0.0,"1,E",1.0,"1,E",0.0,"1,E",0.0,"1,E",0.0,"1,E",19380315.0,",1,E",19380323.0,",1,E",19380307.0,"+,1,E",0.0,"1,E,15,",15.0,"1,,E,23,",20.0,"1,E,07,+",,,254.7,"1,E",23.0,"1,,,E",0.9630000000000001,"2,E",1.443,"1,,,E",0.483,"1,,,E"
AGE00147709,1938-04-01,36.63,4.2,942.0,"FORT NATIONAL, AG",0.0,E,0.0,"3,E",12.0,"1,E",8.0,"1,E",1.0,"1,E",0.0,"2,E",0.0,"2,E",0.0,"2,E",3.0,"2,E",0.0,"2,E",19380413.0,"+,2,E",19380418.0,",1,E",19380416.0,",2,E",2.0,"2,E,13,+",29.0,"1,,E,18,",28.0,"2,E,16,",,,204.0,"2,E",81.7,"1,,,E",1.1019999999999999,"3,E",1.5539999999999998,"2,,,E",0.65,"2,,,E"
AGE00147709,1938-05-01,36.63,4.2,942.0,"FORT NATIONAL, AG",14.8,E,14.8,"1,E",10.0,",E",8.0,",E",0.0,",E",0.0,"1,E",0.0,"1,E",0.0,",E",9.0,",E",0.0,",E",19380520.0,"+,1,E",19380519.0,",,E",19380514.0,",,E",4.0,"1,E,20,+",19.0,",,E,19,",30.0,",E,14,",,,132.3,",E",62.5,",,,E",1.425,"1,E",1.8809999999999998,",,,E",0.97,"1,,,E"
AGE00147709,1938-06-01,36.63,4.2,942.0,"FORT NATIONAL, AG",203.6,E,188.8,",E",3.0,",E",1.0,",E",0.0,",E",0.0,",E",0.0,",E",0.0,",E",29.0,",E",10.0,",E",19380614.0,",,E",19380604.0,",,E",19380624.0,",,E",11.0,",E,14,",6.0,",,E,04,",41.0,",E,24,",,,5.8,",E",9.0,",,,E",2.443,",E",3.087,",,,E",1.8,",,,E"
AGE00147709,1938-07-01,36.63,4.2,942.0,"FORT NATIONAL, AG",496.8,E,293.2,",E",0.0,"1,E",0.0,"1,E",0.0,"1,E",0.0,",E",0.0,",E",0.0,",E",31.0,",E",28.0,",E",19380704.0,",,E",19380731.0,"+,1,E",19380708.0,",,E",8.0,",E,04,",0.0,"1,,E,31,+",42.0,",E,08,",0.0,E,0.0,",E",0.0,"1,,,E",2.779,",E",3.6390000000000002,",,,E",1.919,",,,E"
AGE00147709,1938-08-01,36.63,4.2,942.0,"FORT NATIONAL, AG",684.8,E,188.0,",E",1.0,",E",1.0,",E",0.0,",E",0.0,",E",0.0,",E",0.0,",E",31.0,",E",8.0,",E",19380831.0,",,E",19380829.0,",,E",19380802.0,",,E",11.0,",E,31,",9.0,",,E,29,",40.0,",E,02,",1.3,E,1.3,",E",9.0,",,,E",2.435,",E",2.968,",,,E",1.903,",,,E"
AGE00147709,1938-09-01,36.63,4.2,942.0,"FORT NATIONAL, AG",728.1,E,43.3,"2,E",6.0,"1,E",4.0,"1,E",1.0,"1,E",0.0,"1,E",0.0,"1,E",0.0,"1,E",24.0,"1,E",0.0,"1,E",19380910.0,",1,E",19380909.0,",1,E",19380902.0,",1,E",10.0,"1,E,10,",35.0,"1,,E,09,",30.0,"1,E,02,",13.5,E,12.2,"1,E",55.0,"1,,,E",1.95,"2,E",2.366,"1,,,E",1.534,"1,,,E"
AGE00147709,1938-11-01,36.63,4.2,942.0,"FORT NATIONAL, AG",,,0.0,",E",7.0,",E",7.0,",E",2.0,",E",0.0,",E",0.0,",E",0.0,",E",6.0,",E",0.0,",E",19381130.0,",,E",19381130.0,",,E",19381113.0,"+,,E",2.0,",E,30,",40.0,",,E,30,",24.0,",E,13,+",,,189.5,",E",135.0,",,,E",1.202,",E",1.557,",,,E",0.8470000000000001,",,,E"
AGE00147709,1938-12-01,36.63,4.2,942.0,"FORT NATIONAL, AG",,,,,15.0,"3,E",12.0,"3,E",3.0,"3,E",0.0,"4,E",6.0,"4,E",0.0,"5,E",0.0,"5,E",0.0,"5,E",19381226.0,"+,4,E",19381228.0,"+,3,E",19381208.0,",5,E",-2.0,"4,E,26,+",30.0,"3,,E,28,+",18.0,"5,E,08,",,,,,162.3,"3,,,E",0.709,"7,E",1.004,"5,,,E",0.41500000000000004,"4,,,E"
