STATION,DATE,LATITUDE,LONGITUDE,ELEVATION,NAME,CDSD,CDSD_ATTRIBUTES,CLDD,CLDD_ATTRIBUTES,DP01,DP01_ATTRIBUTES,DP10,DP10_ATTRIBUTES,DP1X,DP1X_ATTRIBUTES,DT00,DT00_ATTRIBUTES,DT32,DT32_ATTRIBUTES,DX32,DX32_ATTRIBUTES,DX70,DX70_ATTRIBUTES,DX90,DX90_ATTRIBUTES,DYNT,DYNT_ATTRIBUTES,DYXP,DYXP_ATTRIBUTES,DYXT,DYXT_ATTRIBUTES,EMNT,EMNT_ATTRIBUTES,EMXP,EMXP_ATTRIBUTES,EMXT,EMXT_ATTRIBUTES,HDSD,HDSD_ATTRIBUTES,HTDD,HTDD_ATTRIBUTES,PRCP,PRCP_ATTRIBUTES,TAVG,TAVG_ATTRIBUTES,TMAX,TMAX_ATTRIBUTES,TMIN,TMIN_ATTRIBUTES
AGE00147713,1878-01-01,36.18,5.4,1081.0,"SETIF, AG",0.0,E,0.0,",E",10.0,",E",4.0,",E",0.0,",E",0.0,",E",23.0,",E",0.0,",E",0.0,",E",0.0,",E",18780113.0,",,E",18780113.0,",,E",18780123.0,",,E",-4.0,",E,13,",8.4,",,E,13,",12.5,",E,23,",,,458.2,",E",29.9,",,,E",0.355,",E",0.7929999999999999,",,,E",-0.08299999999999999,",,,E"
AGE00147713,1878-02-01,36.18,5.4,1081.0,"SETIF, AG",0.0,E,0.0,",E",7.0,",E",3.0,",E",0.0,",E",0.0,",E",12.0,",E",0.0,",E",0.0,",E",0.0,",E",18780204.0,",,E",18780224.0,",,E",18780215.0,",,E",-3.9,",E,04,",6.0,",,E,24,",17.1,",E,15,",,,351.3,",E",15.8,",,,E",0.579,",E",1.109,",,,E",0.049,",,,E"
AGE00147713,1878-03-01,36.18,5.4,1081.0,"SETIF, AG",0.0,E,0.0,",E",5.0,",E",2.0,",E",0.0,",E",0.0,",E",10.0,",E",0.0,",E",4.0,",E",0.0,",E",18780315.0,",,E",18780317.0,",,E",18780310.0,"+,,E",-5.8,",E,15,",5.5,",,E,17,",22.2,",E,10,+",,,316.4,",E",14.0,",,,E",0.8130000000000001,",E",1.482,",,,E",0.143,",,,E"
AGE00147713,1878-04-01,36.18,5.4,1081.0,"SETIF, AG",4.5,E,4.5,",E",2.0,",E",0.0,",E",0.0,",E",0.0,",E",1.0,",E",0.0,",E",14.0,",E",0.0,",E",18780401.0,",,E",18780417.0,",,E",18780430.0,",,E",-2.2,",E,01,",2.3,",,E,17,",31.2,",E,30,",,,158.9,",E",4.2,",,,E",1.319,",E",2.007,",,,E",0.63,",,,E"
AGE00147713,1878-05-01,36.18,5.4,1081.0,"SETIF, AG",53.3,E,48.8,",E",2.0,",E",1.0,",E",0.0,",E",0.0,",E",0.0,",E",0.0,",E",29.0,",E",3.0,",E",18780503.0,",,E",18780502.0,",,E",18780531.0,",,E",3.9,",E,03,",9.6,",,E,02,",33.0,",E,31,",,,28.7,",E",10.2,",,,E",1.8980000000000001,",E",2.726,",,,E",1.0699999999999998,",,,E"
AGE00147713,1878-06-01,36.18,5.4,1081.0,"SETIF, AG",235.9,E,182.6,",E",3.0,",E",1.0,",E",0.0,",E",0.0,",E",0.0,",E",0.0,",E",30.0,",E",19.0,",E",18780602.0,",,E",18780613.0,",,E",18780621.0,"+,,E",11.0,",E,02,",10.1,",,E,13,",36.8,",E,21,+",,,0.0,",E",12.6,",,,E",2.442,",E",3.282,",,,E",1.6019999999999999,",,,E"
AGE00147713,1878-07-01,36.18,5.4,1081.0,"SETIF, AG",472.9,E,237.0,"2,E",2.0,",E",0.0,",E",0.0,",E",0.0,"1,E",0.0,"1,E",0.0,"1,E",30.0,"1,E",23.0,"1,E",18780705.0,",1,E",18780721.0,",,E",18780717.0,",1,E",9.4,"1,E,05,",1.0,",,E,21,",40.0,"1,E,17,",0.0,E,0.0,"1,E",1.6,",,,E",2.65,"2,E",3.4909999999999997,"1,,,E",1.809,"1,,,E"
AGE00147713,1878-08-01,36.18,5.4,1081.0,"SETIF, AG",753.6,E,280.7,",E",3.0,",E",2.0,",E",0.0,",E",0.0,",E",0.0,",E",0.0,",E",31.0,",E",29.0,",E",18780804.0,",,E",18780811.0,",,E",18780823.0,"+,,E",15.7,",E,04,",3.7,",,E,11,",38.2,",E,23,+",0.0,E,0.0,",E",7.0,",,,E",2.739,",E",3.5810000000000004,",,,E",1.8960000000000001,",,,E"
AGE00147713,1878-09-01,36.18,5.4,1081.0,"SETIF, AG",813.3,E,59.7,",E",1.0,",E",1.0,",E",0.0,",E",0.0,",E",0.0,",E",0.0,",E",27.0,",E",3.0,",E",18780927.0,",,E",18780912.0,",,E",18780903.0,",,E",6.5,",E,27,",8.6,",,E,12,",34.6,",E,03,",18.7,E,18.7,",E",8.6,",,,E",1.97,",E",2.659,",,,E",1.2810000000000001,",,,E"
AGE00147713,1878-10-01,36.18,5.4,1081.0,"SETIF, AG",828.8,E,15.5,"1,E",7.0,",E",5.0,",E",0.0,",E",0.0,",E",0.0,",E",0.0,"1,E",23.0,"1,E",0.0,"1,E",18781031.0,",,E",18781029.0,",,E",18781006.0,",1,E",2.9,",E,31,",22.3,",,E,29,",27.9,"1,E,06,",73.3,E,54.6,"1,E",63.7,",,,E",1.698,"1,E",2.341,"1,,,E",1.0550000000000002,",,,E"
AGE00147713,1878-11-01,36.18,5.4,1081.0,"SETIF, AG",828.8,E,0.0,",E",6.0,",E",2.0,",E",1.0,",E",0.0,",E",8.0,",E",0.0,",E",0.0,",E",0.0,",E",18781122.0,"+,,E",18781114.0,",,E",18781127.0,",,E",-2.1,",E,22,+",29.0,",,E,14,",20.3,",E,27,",380.3,E,307.0,",E",37.4,",,,E",0.8099999999999999,",E",1.374,",,,E",0.246,",,,E"
AGE00147713,1878-12-01,36.18,5.4,1081.0,"SETIF, AG",828.8,E,0.0,",E",6.0,",E",4.0,",E",0.0,",E",0.0,",E",13.0,",E",0.0,",E",0.0,",E",0.0,",E",18781206.0,",,E",18781213.0,",,E",18781220.0,"+,,E",-2.8,",E,06,",8.8,",,E,13,",18.9,",E,20,+",734.9,E,354.6,",E",29.3,",,,E",0.6900000000000001,",E",1.198,",,,E",0.181,",,,E"
AGE00147713,1879-01-01,36.18,5.4,1081.0,"SETIF, AG",0.0,E,0.0,",E",8.0,",E",4.0,",E",0.0,",E",0.0,",E",1.0,",E",0.0,",E",0.0,",E",0.0,",E",18790128.0,",,E",18790112.0,",,E",18790101.0,",,E",0.0,",E,28,",22.2,",,E,12,",17.2,",E,01,",1086.0,E,351.1,",E",41.2,",,,E",0.701,",E",1.185,",,,E",0.217,",,,E"
AGE00147713,1879-02-01,36.18,5.4,1081.0,"SETIF, AG",0.0,E,0.0,",E",9.0,",E",4.0,",E",0.0,",E",0.0,",E",6.0,",E",0.0,",E",0.0,",E",0.0,",E",18790227.0,",,E",18790205.0,",,E",18790210.0,",,E",-5.3,",E,27,",9.1,",,E,05,",19.3,",E,10,",1405.2,E,319.2,",E",35.7,",,,E",0.693,",E",1.25,",,,E",0.137,",,,E"
AGE00147713,1879-03-01,36.18,5.4,1081.0,"SETIF, AG",0.0,E,0.0,",E",7.0,",E",3.0,",E",0.0,",E",0.0,",E",9.0,",E",0.0,",E",1.0,",E",0.0,",E",18790301.0,",,E",18790329.0,",,E",18790331.0,",,E",-2.5,",E,01,",5.5,",,E,29,",21.5,",E,31,",1723.4,E,318.2,",E",18.3,",,,E",0.807,",E",1.459,",,,E",0.155,",,,E"
AGE00147713,1879-04-01,36.18,5.4,1081.0,"SETIF, AG",0.0,E,0.0,"2,E",7.0,",E",6.0,",E",0.0,",E",0.0,"1,E",7.0,"1,E",0.0,"1,E",4.0,"1,E",0.0,"1,E",18790406.0,",1,E",18790408.0,",,E",18790420.0,",1,E",-2.0,"1,E,06,",15.2,",,E,08,",24.2,"1,E,20,",1977.0,E,253.6,"1,E",42.8,",,,E",0.9400000000000001,"2,E",1.6,"1,,,E",0.27999999999999997,"1,,,E"
AGE00147713,1879-05-01,36.18,5.4,1081.0,"SETIF, AG",11.0,E,11.0,",E",10.0,",E",5.0,",E",0.0,",E",0.0,",E",4.0,",E",0.0,",E",13.0,",E",0.0,",E",18790513.0,",,E",18790517.0,",,E",18790529.0,",,E",-0.6,",E,13,",17.2,",,E,17,",30.6,",E,29,",2171.7,E,194.7,",E",37.4,",,,E",1.241,",E",1.968,",,,E",0.514,",,,E"
AGE00147713,1879-06-01,36.18,5.4,1081.0,"SETIF, AG",205.9,E,194.9,",E",0.0,",E",0.0,",E",0.0,",E",0.0,",E",0.0,",E",0.0,",E",30.0,",E",21.0,",E",18790601.0,",,E",18790630.0,"+,,E",18790628.0,"+,,E",8.1,",E,01,",0.0,",,E,30,+",39.2,",E,28,+",2172.8,E,1.1,",E",0.0,",,,E",2.479,",E",3.383,",,,E",1.575,",,,E"
AGE00147713,1879-07-01,36.18,5.4,1081.0,"SETIF, AG",409.4,E,203.5,",E",0.0,",E",0.0,",E",0.0,",E",0.0,",E",0.0,",E",0.0,",E",31.0,",E",25.0,",E",18790711.0,",,E",18790731.0,"+,,E",18790701.0,",,E",11.9,",E,11,",0.0,",,E,31,+",36.2,",E,01,",0.0,E,0.0,",E",0.0,",,,E",2.4899999999999998,",E",3.321,",,,E",1.658,",,,E"
AGE00147713,1879-08-01,36.18,5.4,1081.0,"SETIF, AG",642.0,E,232.6,",E",4.0,",E",2.0,",E",0.0,",E",0.0,",E",0.0,",E",0.0,",E",31.0,",E",24.0,",E",18790816.0,",,E",18790819.0,",,E",18790813.0,",,E",13.0,",E,16,",8.1,",,E,19,",37.2,",E,13,",0.0,E,0.0,",E",17.4,",,,E",2.584,",E",3.3840000000000003,",,,E",1.784,",,,E"
AGE00147713,1879-09-01,36.18,5.4,1081.0,"SETIF, AG",731.8,E,89.8,"2,E",4.0,",E",1.0,",E",0.0,",E",0.0,"1,E",0.0,"1,E",0.0,"1,E",23.0,"1,E",7.0,"1,E",18790929.0,",1,E",18790928.0,",,E",18790908.0,",1,E",4.2,"1,E,29,",3.0,",,E,28,",36.4,"1,E,08,",38.7,E,38.7,"1,E",6.3,",,,E",2.024,"2,E",2.682,"1,,,E",1.366,"1,,,E"
AGE00147713,1879-10-01,36.18,5.4,1081.0,"SETIF, AG",733.2,E,1.4,",E",8.0,",E",2.0,",E",0.0,",E",0.0,",E",0.0,",E",0.0,",E",16.0,",E",0.0,",E",18791018.0,",,E",18791014.0,",,E",18791006.0,",,E",3.1,",E,18,",6.5,",,E,14,",26.6,",E,06,",162.3,E,123.6,",E",17.0,",,,E",1.439,",E",2.065,",,,E",0.8140000000000001,",,,E"
AGE00147713,1879-11-01,36.18,5.4,1081.0,"SETIF, AG",733.2,E,0.0,",E",3.0,",E",2.0,",E",0.0,",E",0.0,",E",4.0,",E",0.0,",E",1.0,",E",0.0,",E",18791117.0,",,E",18791116.0,",,E",18791102.0,",,E",-1.6,",E,17,",5.2,",,E,16,",24.2,",E,02,",415.4,E,253.1,",E",9.8,",,,E",0.99,",E",1.568,",,,E",0.41200000000000003,",,,E"
AGE00147713,1879-12-01,36.18,5.4,1081.0,"SETIF, AG",733.2,E,0.0,",E",9.0,",E",5.0,",E",1.0,",E",0.0,",E",25.0,",E",0.0,",E",0.0,",E",0.0,",E",18791229.0,",,E",18791214.0,",,E",18791206.0,"+,,E",-6.9,",E,29,",36.0,",,E,14,",17.6,",E,06,+",909.9,E,494.5,",E",61.9,",,,E",0.238,",E",0.671,",,,E",-0.195,",,,E"
AGE00147713,1880-01-01,36.18,5.4,1081.0,"SETIF, AG",0.0,E,0.0,"1,E",9.0,",E",3.0,",E",0.0,",E",0.0,"1,E",20.0,"1,E",0.0,",E",0.0,",E",0.0,",E",18800118.0,"+,1,E",18800130.0,",,E",18800119.0,",,E",-3.8,"1,E,18,+",20.2,",,E,30,",12.4,",E,19,",1344.5,E,434.6,",E",46.9,",,,E",0.386,"1,E",0.787,",,,E",-0.014000000000000002,"1,,,E"
AGE00147713,1880-02-01,36.18,5.4,1081.0,"SETIF, AG",0.0,E,0.0,",E",6.0,",E",2.0,",E",0.0,",E",0.0,",E",9.0,",E",0.0,",E",1.0,",E",0.0,",E",18800215.0,",,E",18800227.0,",,E",18800221.0,",,E",-3.8,",E,15,",23.5,",,E,27,",21.5,",E,21,",1686.9,E,342.4,",E",33.3,",,,E",0.653,",E",1.2,",,,E",0.10500000000000001,",,,E"
AGE00147713,1880-03-01,36.18,5.4,1081.0,"SETIF, AG",0.0,E,0.0,",E",5.0,",E",3.0,",E",0.0,",E",0.0,",E",0.0,",E",0.0,",E",0.0,",E",0.0,",E",18800331.0,",,E",18800330.0,",,E",18800317.0,",,E",0.2,",E,31,",8.8,",,E,30,",20.6,",E,17,",1967.9,E,281.0,",E",20.3,",,,E",0.9269999999999999,",E",1.572,",,,E",0.281,",,,E"
AGE00147713,1880-04-01,36.18,5.4,1081.0,"SETIF, AG",1.2,E,1.2,",E",8.0,",E",6.0,",E",0.0,",E",0.0,",E",0.0,",E",0.0,",E",9.0,",E",0.0,",E",18800408.0,",,E",18800415.0,",,E",18800426.0,",,E",0.9,",E,08,",9.8,",,E,15,",27.6,",E,26,",2161.2,E,193.3,",E",40.3,",,,E",1.193,",E",1.8489999999999998,",,,E",0.537,",,,E"
AGE00147713,1880-05-01,36.18,5.4,1081.0,"SETIF, AG",11.1,E,9.9,"1,E",9.0,",E",1.0,",E",0.0,",E",0.0,"1,E",0.0,"1,E",0.0,",E",22.0,",E",0.0,",E",18800504.0,",1,E",18800501.0,",,E",18800526.0,",,E",2.7,"1,E,04,",12.7,",,E,01,",31.6,",E,26,",2260.1,E,98.9,",E",24.5,",,,E",1.538,"1,E",2.317,",,,E",0.759,"1,,,E"
AGE00147713,1880-06-01,36.18,5.4,1081.0,"SETIF, AG",79.0,E,67.9,"1,E",5.0,",E",5.0,",E",0.0,",E",0.0,"1,E",0.0,"1,E",0.0,",E",24.0,",E",2.0,",E",18800608.0,",1,E",18800630.0,",,E",18800623.0,",,E",6.8,"1,E,08,",19.9,",,E,30,",33.3,",E,23,",2290.6,E,30.5,",E",66.8,",,,E",1.9579999999999997,"1,E",2.694,",,,E",1.221,"1,,,E"
AGE00147713,1880-07-01,36.18,5.4,1081.0,"SETIF, AG",335.6,E,256.6,",E",2.0,",E",2.0,",E",0.0,",E",0.0,",E",0.0,",E",0.0,",E",31.0,",E",25.0,",E",18800701.0,",,E",18800706.0,",,E",18800731.0,"+,,E",11.3,",E,01,",3.8,",,E,06,",38.8,",E,31,+",0.0,E,0.0,",E",6.7,",,,E",2.661,",E",3.476,",,,E",1.846,",,,E"
AGE00147713,1880-08-01,36.18,5.4,1081.0,"SETIF, AG",506.8,E,171.2,"2,E",4.0,",E",2.0,",E",0.0,",E",0.0,"1,E",0.0,"1,E",0.0,"1,E",30.0,"1,E",12.0,"1,E",18800811.0,",1,E",18800816.0,",,E",18800825.0,",1,E",8.2,"1,E,11,",8.3,",,E,16,",36.2,"1,E,25,",0.0,E,0.0,"1,E",14.5,",,,E",2.423,"2,E",3.119,"1,,,E",1.7280000000000002,"1,,,E"
AGE00147713,1880-09-01,36.18,5.4,1081.0,"SETIF, AG",605.7,E,98.9,",E",2.0,",E",0.0,",E",0.0,",E",0.0,",E",0.0,",E",0.0,",E",28.0,",E",7.0,",E",18800930.0,",,E",18800915.0,",,E",18800919.0,",,E",7.6,",E,30,",0.5,",,E,15,",36.8,",E,19,",14.5,E,14.5,",E",1.0,",,,E",2.114,",E",2.847,",,,E",1.381,",,,E"
AGE00147713,1880-10-01,36.18,5.4,1081.0,"SETIF, AG",617.0,E,11.3,"1,E",0.0,",E",0.0,",E",0.0,",E",0.0,"1,E",0.0,"1,E",0.0,",E",21.0,",E",0.0,",E",18801015.0,",1,E",18801014.0,",,E",18801007.0,",,E",3.9,"1,E,15,",0.2,",,E,14,",28.9,",E,07,",103.6,E,89.1,",E",0.3,",,,E",1.575,"1,E",2.2510000000000003,",,,E",0.9,"1,,,E"
AGE00147713,1880-11-01,36.18,5.4,1081.0,"SETIF, AG",617.0,E,0.0,",E",8.0,",E",3.0,",E",0.0,",E",0.0,",E",0.0,",E",0.0,",E",3.0,",E",0.0,",E",18801122.0,",,E",18801104.0,",,E",18801107.0,",,E",0.3,",E,22,",6.5,",,E,04,",22.0,",E,07,",331.8,E,228.2,",E",21.7,",,,E",1.073,",E",1.5779999999999998,",,,E",0.567,",,,E"
AGE00147713,1880-12-01,36.18,5.4,1081.0,"SETIF, AG",617.0,E,0.0,",E",2.0,",E",1.0,",E",0.0,",E",0.0,",E",1.0,",E",0.0,",E",0.0,",E",0.0,",E",18801208.0,",,E",18801204.0,",,E",18801227.0,",,E",0.0,",E,08,",10.8,",,E,04,",16.6,",E,27,",677.3,E,345.5,",E",13.4,",,,E",0.7190000000000001,",E",1.223,",,,E",0.215,",,,E"
AGE00147713,1881-01-01,36.18,5.4,1081.0,"SETIF, AG",0.0,E,0.0,",E",11.0,",E",3.0,",E",0.0,",E",0.0,",E",6.0,",E",0.0,",E",1.0,",E",0.0,",E",18810109.0,",,E",18810108.0,",,E",18810128.0,",,E",-3.0,",E,09,",11.0,",,E,08,",22.0,",E,28,",979.0,E,301.7,",E",34.8,",,,E",0.86,",E",1.385,",,,E",0.335,",,,E"
AGE00147713,1881-02-01,36.18,5.4,1081.0,"SETIF, AG",0.0,E,0.0,",E",11.0,",E",6.0,",E",0.0,",E",0.0,",E",6.0,",E",0.0,",E",0.0,",E",0.0,",E",18810214.0,",,E",18810206.0,",,E",18810216.0,"+,,E",-4.0,",E,14,",10.0,",,E,06,",17.0,",E,16,+",1278.5,E,299.5,",E",38.0,",,,E",0.764,",E",1.306,",,,E",0.221,",,,E"
AGE00147713,1881-03-01,36.18,5.4,1081.0,"SETIF, AG",0.0,E,0.0,",E",6.0,",E",6.0,",E",1.0,",E",0.0,",E",2.0,",E",0.0,",E",11.0,",E",0.0,",E",18810317.0,"+,,E",18810327.0,",,E",18810312.0,"+,,E",0.0,",E,17,+",28.0,",,E,27,",26.0,",E,12,+",1486.4,E,207.9,",E",79.0,",,,E",1.163,",E",1.8539999999999999,",,,E",0.472,",,,E"
AGE00147713,1881-04-01,36.18,5.4,1081.0,"SETIF, AG",8.5,E,8.5,",E",4.0,",E",3.0,",E",0.0,",E",0.0,",E",2.0,",E",0.0,",E",12.0,",E",0.0,",E",18810430.0,",,E",18810423.0,",,E",18810419.0,",,E",-2.0,",E,30,",11.0,",,E,23,",29.0,",E,19,",1656.0,E,169.6,",E",23.0,",,,E",1.296,",E",1.953,",,,E",0.64,",,,E"
AGE00147713,1881-05-01,36.18,5.4,1081.0,"SETIF, AG",15.7,E,7.2,",E",8.0,",E",7.0,",E",0.0,",E",0.0,",E",0.0,",E",0.0,",E",13.0,",E",0.0,",E",18810513.0,",,E",18810514.0,",,E",18810525.0,",,E",2.0,",E,13,",18.0,",,E,14,",28.0,",E,25,",1814.5,E,158.5,",E",71.0,",,,E",1.345,",E",1.9789999999999999,",,,E",0.7110000000000001,",,,E"
AGE00147713,1881-06-01,36.18,5.4,1081.0,"SETIF, AG",102.8,E,87.1,",E",3.0,",E",3.0,",E",0.0,",E",0.0,",E",0.0,",E",0.0,",E",22.0,",E",11.0,",E",18810610.0,",,E",18810601.0,",,E",18810622.0,",,E",0.2,",E,10,",9.0,",,E,01,",35.2,",E,22,",1877.4,E,62.9,",E",17.5,",,,E",1.9140000000000001,",E",2.707,",,,E",1.121,",,,E"
AGE00147713,1881-07-01,36.18,5.4,1081.0,"SETIF, AG",379.3,E,276.5,",E",2.0,",E",0.0,",E",0.0,",E",0.0,",E",0.0,",E",0.0,",E",31.0,",E",31.0,",E",18810701.0,",,E",18810711.0,"+,,E",18810727.0,"+,,E",11.2,",E,01,",2.0,",,E,11,+",40.0,",E,27,+",0.0,E,0.0,",E",4.0,",,,E",2.725,",E",3.607,",,,E",1.843,",,,E"
AGE00147713,1881-08-01,36.18,5.4,1081.0,"SETIF, AG",584.9,E,205.6,",E",0.0,",E",0.0,",E",0.0,",E",0.0,",E",0.0,",E",0.0,",E",31.0,",E",27.0,",E",18810817.0,",,E",18810831.0,"+,,E",18810820.0,",,E",12.0,",E,17,",0.0,",,E,31,+",38.2,",E,20,",0.0,E,0.0,",E",0.0,",,,E",2.496,",E",3.3869999999999996,",,,E",1.6059999999999999,",,,E"
AGE00147713,1881-09-01,36.18,5.4,1081.0,"SETIF, AG",690.1,E,105.2,",E",2.0,",E",1.0,",E",0.0,",E",0.0,",E",0.0,",E",0.0,",E",26.0,",E",7.0,",E",18810918.0,",,E",18810929.0,",,E",18810913.0,"+,,E",3.2,",E,18,",13.0,",,E,29,",34.8,",E,13,+",20.1,E,20.1,",E",13.7,",,,E",2.117,",E",2.8899999999999997,",,,E",1.345,",,,E"
AGE00147713,1881-10-01,36.18,5.4,1081.0,"SETIF, AG",690.1,E,0.0,",E",7.0,",E",6.0,",E",1.0,",E",0.0,",E",0.0,",E",0.0,",E",13.0,",E",0.0,",E",18811007.0,",,E",18811007.0,",,E",18811016.0,",,E",4.0,",E,07,",59.2,",,E,07,",26.6,",E,16,",143.5,E,123.4,",E",90.2,",,,E",1.435,",E",2.068,",,,E",0.8029999999999999,",,,E"
AGE00147713,1881-11-01,36.18,5.4,1081.0,"SETIF, AG",690.1,E,0.0,",E",2.0,",E",1.0,",E",0.0,",E",0.0,",E",6.0,",E",0.0,",E",0.0,",E",0.0,",E",18811124.0,"+,,E",18811130.0,",,E",18811109.0,"+,,E",-1.2,",E,24,+",3.0,",,E,30,",20.2,",E,09,+",422.1,E,278.6,",E",4.0,",,,E",0.905,",E",1.559,",,,E",0.25,",,,E"
AGE00147713,1881-12-01,36.18,5.4,1081.0,"SETIF, AG",690.1,E,0.0,",E",9.0,",E",8.0,",E",1.0,",E",0.0,",E",9.0,",E",0.0,",E",0.0,",E",0.0,",E",18811231.0,"+,,E",18811215.0,",,E",18811222.0,"+,,E",-1.0,",E,31,+",30.0,",,E,15,",13.8,",E,22,+",820.8,E,398.7,",E",85.0,",,,E",0.5469999999999999,",E",0.969,",,,E",0.125,",,,E"
AGE00147713,1882-01-01,36.18,5.4,1081.0,"SETIF, AG",0.0,E,0.0,"1,E",5.0,",E",1.0,",E",0.0,",E",0.0,",E",24.0,",E",0.0,"1,E",0.0,"1,E",0.0,"1,E",18820128.0,"+,,E",18820105.0,",,E",18820106.0,",1,E",-3.0,",E,28,+",22.0,",,E,05,",15.0,"1,E,06,",1227.2,E,406.4,"1,E",28.0,",,,E",0.476,"1,E",1.077,"1,,,E",-0.125,",,,E"
AGE00147713,1882-02-01,36.18,5.4,1081.0,"SETIF, AG",0.0,E,0.0,"1,E",2.0,",E",0.0,",E",0.0,",E",0.0,"1,E",20.0,"1,E",0.0,",E",0.0,",E",0.0,",E",18820222.0,",1,E",18820220.0,",,E",18820226.0,",,E",-3.8,"1,E,22,",2.0,",,E,20,",18.8,",E,26,",1574.0,E,346.8,",E",3.2,",,,E",0.5549999999999999,"1,E",1.212,",,,E",-0.10300000000000001,"1,,,E"
AGE00147713,1882-03-01,36.18,5.4,1081.0,"SETIF, AG",0.0,E,0.0,"2,E",5.0,",E",3.0,",E",0.0,",E",0.0,"1,E",8.0,"1,E",0.0,"1,E",1.0,"1,E",0.0,"1,E",18820324.0,",1,E",18820305.0,",,E",18820322.0,",1,E",-3.0,"1,E,24,",20.0,",,E,05,",22.0,"1,E,22,",1892.9,E,318.9,"1,E",32.4,",,,E",0.744,"2,E",1.373,"1,,,E",0.11499999999999999,"1,,,E"
AGE00147713,1882-04-01,36.18,5.4,1081.0,"SETIF, AG",0.0,E,0.0,",E",6.0,",E",5.0,",E",0.0,",E",0.0,",E",2.0,",E",0.0,",E",7.0,",E",0.0,",E",18820412.0,"+,,E",18820406.0,",,E",18820430.0,",,E",0.0,",E,12,+",22.4,",,E,06,",28.0,",E,30,",2121.9,E,229.0,",E",56.0,",,,E",1.0699999999999998,",E",1.816,",,,E",0.324,",,,E"
AGE00147713,1882-05-01,36.18,5.4,1081.0,"SETIF, AG",51.8,E,51.8,",E",4.0,",E",4.0,",E",0.0,",E",0.0,",E",0.0,",E",0.0,",E",28.0,",E",6.0,",E",18820507.0,",,E",18820506.0,",,E",18820531.0,",,E",4.4,",E,07,",17.0,",,E,06,",35.0,",E,31,",2163.4,E,41.5,",E",44.0,",,,E",1.866,",E",2.647,",,,E",1.0859999999999999,",,,E"
AGE00147713,1882-06-01,36.18,5.4,1081.0,"SETIF, AG",184.0,E,132.2,",E",5.0,",E",5.0,",E",1.0,",E",0.0,",E",0.0,",E",0.0,",E",30.0,",E",13.0,",E",18820620.0,",,E",18820625.0,",,E",18820606.0,",,E",10.0,",E,20,",35.0,",,E,25,",36.0,",E,06,",2164.9,E,1.5,",E",73.0,",,,E",2.269,",E",3.127,",,,E",1.411,",,,E"
AGE00147713,1882-07-01,36.18,5.4,1081.0,"SETIF, AG",391.5,E,207.5,",E",2.0,",E",1.0,",E",0.0,",E",0.0,",E",0.0,",E",0.0,",E",31.0,",E",22.0,",E",18820727.0,",,E",18820704.0,",,E",18820708.0,",,E",9.2,",E,27,",6.8,",,E,04,",37.8,",E,08,",0.0,E,0.0,",E",7.4,",,,E",2.503,",E",3.364,",,,E",1.641,",,,E"
AGE00147713,1882-08-01,36.18,5.4,1081.0,"SETIF, AG",555.4,E,163.9,",E",6.0,",E",2.0,",E",0.0,",E",0.0,",E",0.0,",E",0.0,",E",31.0,",E",16.0,",E",18820801.0,",,E",18820826.0,",,E",18820813.0,",,E",11.0,",E,01,",10.6,",,E,26,",36.8,",E,13,",0.0,E,0.0,",E",19.8,",,,E",2.362,",E",3.2039999999999997,",,,E",1.52,",,,E"
AGE00147713,1882-09-01,36.18,5.4,1081.0,"SETIF, AG",605.5,E,50.1,"1,E",7.0,",E",4.0,",E",0.0,",E",0.0,"1,E",0.0,"1,E",0.0,",E",23.0,",E",4.0,",E",18820921.0,",1,E",18820911.0,",,E",18820903.0,"+,,E",6.6,"1,E,21,",19.0,",,E,11,",33.8,",E,03,+",61.5,E,61.5,",E",58.0,",,,E",1.7879999999999998,"1,E",2.447,",,,E",1.1300000000000001,"1,,,E"
AGE00147713,1882-10-01,36.18,5.4,1081.0,"SETIF, AG",615.6,E,10.1,"3,E",4.0,",E",2.0,",E",1.0,",E",0.0,",E",0.0,",E",0.0,"3,E",20.0,"3,E",0.0,"3,E",18821031.0,",,E",18821005.0,",,E",18821008.0,",3,E",0.4,",E,31,",37.4,",,E,05,",28.6,"3,E,08,",133.8,E,72.3,"3,E",45.4,",,,E",1.5859999999999999,"3,E",2.343,"3,,,E",0.829,",,,E"
AGE00147713,1882-11-01,36.18,5.4,1081.0,"SETIF, AG",615.6,E,0.0,"4,E",2.0,",E",0.0,",E",0.0,",E",0.0,"1,E",6.0,"1,E",0.0,"3,E",0.0,"3,E",0.0,"3,E",18821129.0,",1,E",18821122.0,",,E",18821112.0,",3,E",-2.0,"1,E,29,",2.0,",,E,22,",20.8,"3,E,12,",374.8,E,241.0,"3,E",2.6,",,,E",0.892,"4,E",1.542,"3,,,E",0.24300000000000002,"1,,,E"
AGE00147713,1882-12-01,36.18,5.4,1081.0,"SETIF, AG",615.6,E,0.0,",E",10.0,",E",2.0,",E",0.0,",E",0.0,",E",10.0,",E",0.0,",E",0.0,",E",0.0,",E",18821228.0,",,E",18821215.0,",,E",18821227.0,",,E",-2.2,",E,28,",7.0,",,E,15,",13.2,",E,27,",780.0,E,405.2,",E",23.9,",,,E",0.526,",E",0.9480000000000001,",,,E",0.10500000000000001,",,,E"
AGE00147713,1886-04-01,36.18,5.4,1081.0,"SETIF, AG",,,,,7.0,"4,E",7.0,"4,E",1.0,"4,E",0.0,"4,E",2.0,"4,E",0.0,"4,E",4.0,"4,E",0.0,"4,E",18860414.0,"+,4,E",18860406.0,",4,E",18860424.0,"+,4,E",0.0,"4,E,14,+",88.0,"4,,E,06,",23.0,"4,E,24,+",,,,,135.6,"4,,,E",1.079,"7,E",1.6309999999999998,"4,,,E",0.5269999999999999,"4,,,E"
AGE00147713,1886-05-01,36.18,5.4,1081.0,"SETIF, AG",,,9.5,"4,E",0.0,"2,E",0.0,"2,E",0.0,"2,E",0.0,"2,E",0.0,"2,E",0.0,"2,E",20.0,"2,E",0.0,"2,E",18860502.0,",2,E",18860531.0,"+,2,E",18860521.0,",2,E",2.0,"2,E,02,",0.0,"2,,E,31,+",29.0,"2,E,21,",,,70.0,"2,E",0.0,"2,,,E",1.567,"4,E",2.324,"2,,,E",0.8099999999999999,"2,,,E"
AGE00147713,1886-06-01,36.18,5.4,1081.0,"SETIF, AG",,,67.2,"4,E",0.0,"2,E",0.0,"2,E",0.0,"2,E",0.0,"2,E",0.0,"2,E",0.0,"2,E",25.0,"2,E",6.0,"2,E",18860616.0,"+,2,E",18860630.0,"+,2,E",18860630.0,"+,2,E",7.0,"2,E,16,+",0.0,"2,,E,30,+",35.0,"2,E,30,+",,,19.3,"2,E",0.0,"2,,,E",2.011,"4,E",2.786,"2,,,E",1.236,"2,,,E"
AGE00147713,1886-07-01,36.18,5.4,1081.0,"SETIF, AG",,,,,0.0,"2,E",0.0,"2,E",0.0,"2,E",0.0,"4,E",0.0,"4,E",0.0,"4,E",27.0,"4,E",20.0,"4,E",18860724.0,",4,E",18860731.0,"+,2,E",18860707.0,",4,E",10.0,"4,E,24,",0.0,"2,,E,31,+",38.0,"4,E,07,",,,,,0.0,"2,,,E",2.591,"8,E",3.415,"4,,,E",1.7670000000000001,"4,,,E"
AGE00147713,1886-08-01,36.18,5.4,1081.0,"SETIF, AG",,,130.3,"4,E",1.0,"2,E",0.0,"2,E",0.0,"2,E",0.0,"2,E",0.0,"2,E",0.0,"2,E",28.0,"2,E",10.0,"2,E",18860820.0,",2,E",18860823.0,",2,E",18860811.0,",2,E",10.0,"2,E,20,",1.0,"2,,E,23,",36.0,"2,E,11,",,,0.3,"2,E",1.0,"2,,,E",2.309,"4,E",3.041,"2,,,E",1.576,"2,,,E"
AGE00147713,1886-09-01,36.18,5.4,1081.0,"SETIF, AG",,,92.2,"2,E",3.0,"1,E",2.0,"1,E",0.0,"1,E",0.0,"1,E",0.0,"1,E",0.0,"1,E",27.0,"1,E",4.0,"1,E",18860928.0,"+,1,E",18860901.0,",1,E",18860909.0,"+,1,E",10.0,"1,E,28,+",20.0,"1,,E,01,",33.0,"1,E,09,+",9.8,,10.5,"1,E",32.0,"1,,,E",2.122,"2,E",2.7760000000000002,"1,,,E",1.4689999999999999,"1,,,E"
AGE00147713,1886-10-01,36.18,5.4,1081.0,"SETIF, AG",,,13.8,"1,E",2.0,"1,E",1.0,"1,E",0.0,"1,E",0.0,",E",0.0,",E",0.0,"1,E",20.0,"1,E",0.0,"1,E",18861029.0,",,E",18861008.0,",1,E",18861003.0,",1,E",6.0,",E,29,",2.5,"1,,E,08,",28.0,"1,E,03,",80.1,,70.3,"1,E",3.7,"1,,,E",1.639,"1,E",2.19,"1,,,E",1.087,",,,E"
AGE00147713,1886-11-01,36.18,5.4,1081.0,"SETIF, AG",,,0.0,"3,E",3.0,",E",3.0,",E",0.0,",E",0.0,"3,E",2.0,"3,E",0.0,"1,E",2.0,"1,E",0.0,"1,E",18861126.0,"+,3,E",18861118.0,",,E",18861106.0,",1,E",0.0,"3,E,26,+",21.0,",,E,18,",25.0,"1,E,06,",333.6,,253.5,"1,E",40.2,",,,E",0.8960000000000001,"3,E",1.348,"1,,,E",0.44400000000000006,"3,,,E"
AGE00147713,1886-12-01,36.18,5.4,1081.0,"SETIF, AG",,,,,1.0,"4,E",1.0,"4,E",0.0,"4,E",0.0,"3,E",10.0,"3,E",0.0,"4,E",0.0,"4,E",0.0,"4,E",18861224.0,"+,3,E",18861229.0,",4,E",18861213.0,",4,E",-3.0,"3,E,24,+",8.0,"4,,E,29,",17.0,"4,E,13,",,,,,8.0,"4,,,E",0.546,"7,E",0.9560000000000001,"4,,,E",0.136,"3,,,E"
AGE00147713,1887-01-01,36.18,5.4,1081.0,"SETIF, AG",,,,,2.0,"3,E",1.0,"3,E",0.0,"3,E",0.0,"3,E",17.0,"3,E",0.0,"4,E",0.0,"4,E",0.0,"4,E",18870102.0,",3,E",18870119.0,",3,E",18870130.0,"+,4,E",-10.0,"3,E,02,",4.2,"3,,E,19,",15.0,"4,E,30,+",,,,,6.6,"3,,,E",0.365,"7,E",0.8039999999999999,"4,,,E",-0.073,"3,,,E"
AGE00147713,1887-02-01,36.18,5.4,1081.0,"SETIF, AG",,,0.0,"5,E",3.0,"3,E",3.0,"3,E",1.0,"3,E",0.0,"3,E",14.0,"3,E",0.0,"3,E",0.0,"3,E",0.0,"3,E",18870212.0,",3,E",18870217.0,",3,E",18870227.0,",3,E",-4.0,"3,E,12,",26.0,"3,,E,17,",17.0,"3,E,27,",,,316.2,"3,E",41.6,"3,,,E",0.454,"5,E",0.9279999999999999,"3,,,E",-0.02,"3,,,E"
AGE00147713,1887-03-01,36.18,5.4,1081.0,"SETIF, AG",,,0.0,"5,E",5.0,"1,E",4.0,"1,E",0.0,"1,E",0.0,"4,E",0.0,"4,E",0.0,"1,E",2.0,"1,E",0.0,"1,E",18870304.0,"+,4,E",18870311.0,",1,E",18870325.0,",1,E",2.0,"4,E,04,+",18.0,"1,,E,11,",23.0,"1,E,25,",,,212.7,"1,E",34.2,"1,,,E",1.041,"5,E",1.537,"1,,,E",0.544,"4,,,E"
AGE00147713,1887-04-01,36.18,5.4,1081.0,"SETIF, AG",,,0.2,"4,E",9.0,"2,E",8.0,"2,E",0.0,"2,E",0.0,"2,E",2.0,"2,E",0.0,"2,E",3.0,"2,E",0.0,"2,E",18870408.0,",2,E",18870404.0,",2,E",18870429.0,",2,E",-2.0,"2,E,08,",15.4,"2,,E,04,",27.0,"2,E,29,",,,219.5,"2,E",76.9,"2,,,E",0.976,"4,E",1.536,"2,,,E",0.41600000000000004,"2,,,E"
AGE00147713,1887-06-01,36.18,5.4,1081.0,"SETIF, AG",,,113.8,"2,E",3.0,"2,E",3.0,"2,E",0.0,"2,E",0.0,"1,E",0.0,"1,E",0.0,"1,E",27.0,"1,E",7.0,"1,E",18870607.0,"+,1,E",18870630.0,",2,E",18870625.0,",1,E",9.0,"1,E,07,+",13.1,"2,,E,30,",36.0,"1,E,25,",,,8.7,"1,E",24.6,"2,,,E",2.195,"2,E",2.907,"1,,,E",1.483,"1,,,E"
AGE00147713,1887-07-01,36.18,5.4,1081.0,"SETIF, AG",,,224.3,"2,E",0.0,"1,E",0.0,"1,E",0.0,"1,E",0.0,"1,E",0.0,"1,E",0.0,"1,E",30.0,"1,E",18.0,"1,E",18870728.0,"+,1,E",18870731.0,"+,1,E",18870723.0,"+,1,E",14.0,"1,E,28,+",0.0,"1,,E,31,+",37.0,"1,E,23,+",0.0,E,0.0,"1,E",0.0,"1,,,E",2.6079999999999997,"2,E",3.283,"1,,,E",1.9329999999999998,"1,,,E"
AGE00147713,1887-08-01,36.18,5.4,1081.0,"SETIF, AG",,,230.8,"2,E",4.0,"1,E",4.0,"1,E",2.0,"1,E",0.0,"1,E",0.0,"1,E",0.0,"1,E",30.0,"1,E",22.0,"1,E",18870823.0,",1,E",18870830.0,",1,E",18870824.0,"+,1,E",14.0,"1,E,23,",28.7,"1,,E,30,",38.0,"1,E,24,+",0.0,E,0.0,"1,E",84.4,"1,,,E",2.63,"2,E",3.41,"1,,,E",1.85,"1,,,E"
AGE00147713,1887-09-01,36.18,5.4,1081.0,"SETIF, AG",,,130.3,"4,E",2.0,"1,E",2.0,"1,E",0.0,"1,E",0.0,"3,E",0.0,"3,E",0.0,"1,E",28.0,"1,E",9.0,"1,E",18870925.0,"+,3,E",18870920.0,",1,E",18870906.0,",1,E",8.0,"3,E,25,+",22.6,"1,,E,20,",38.0,"1,E,06,",3.0,E,3.0,"1,E",28.0,"1,,,E",2.307,"4,E",3.007,"1,,,E",1.607,"3,,,E"
AGE00147713,1887-11-01,36.18,5.4,1081.0,"SETIF, AG",,,0.0,"2,E",5.0,"4,E",5.0,"4,E",2.0,"4,E",0.0,"1,E",2.0,"1,E",0.0,"1,E",5.0,"1,E",0.0,"1,E",18871130.0,"+,1,E",18871102.0,",4,E",18871118.0,"+,1,E",0.0,"1,E,30,+",32.4,"4,,E,02,",27.0,"1,E,18,+",,,238.8,"1,E",85.3,"4,,,E",0.983,"2,E",1.534,"1,,,E",0.43099999999999994,"1,,,E"
AGE00147713,1887-12-01,36.18,5.4,1081.0,"SETIF, AG",,,0.0,"2,E",6.0,"1,E",5.0,"1,E",1.0,"1,E",0.0,"1,E",10.0,"1,E",0.0,"1,E",0.0,"1,E",0.0,"1,E",18871224.0,",1,E",18871226.0,",1,E",18871204.0,",1,E",-5.0,"1,E,24,",27.0,"1,,E,26,",20.0,"1,E,04,",,,355.9,"1,E",48.3,"1,,,E",0.5940000000000001,"2,E",1.113,"1,,,E",0.075,"1,,,E"
AGE00147713,1888-01-01,36.18,5.4,1081.0,"SETIF, AG",,,,,12.0,"2,E",4.0,"2,E",0.0,"2,E",0.0,"4,E",19.0,"4,E",0.0,"4,E",0.0,"4,E",0.0,"4,E",18880121.0,",4,E",18880118.0,",2,E",18880126.0,",4,E",-9.0,"4,E,21,",3.7,"2,,E,18,",16.0,"4,E,26,",,,,,19.5,"2,,,E",0.441,"6,E",0.9189999999999999,"4,,,E",-0.037,"4,,,E"
AGE00147713,1888-02-01,36.18,5.4,1081.0,"SETIF, AG",,,0.0,"4,E",14.0,"2,E",7.0,"2,E",0.0,"2,E",0.0,"2,E",14.0,"2,E",0.0,"2,E",0.0,"2,E",0.0,"2,E",18880201.0,",2,E",18880204.0,",2,E",18880212.0,",2,E",-6.0,"2,E,01,",11.9,"2,,E,04,",17.0,"2,E,12,",,,352.7,"2,E",46.8,"2,,,E",0.425,"4,E",0.868,"2,,,E",-0.019,"2,,,E"
AGE00147713,1888-03-01,36.18,5.4,1081.0,"SETIF, AG",,,0.0,"2,E",13.0,",E",7.0,",E",0.0,",E",0.0,"1,E",10.0,"1,E",0.0,"1,E",2.0,"1,E",0.0,"1,E",18880319.0,",1,E",18880328.0,",,E",18880328.0,"+,1,E",-3.0,"1,E,19,",16.1,",,E,28,",23.0,"1,E,28,+",,,305.7,"1,E",54.2,",,,E",0.775,"2,E",1.2890000000000001,"1,,,E",0.261,"1,,,E"
AGE00147713,1888-04-01,36.18,5.4,1081.0,"SETIF, AG",,,4.4,"2,E",7.0,"1,E",3.0,"1,E",0.0,"1,E",0.0,"1,E",0.0,"1,E",0.0,"1,E",8.0,"1,E",0.0,"1,E",18880412.0,",1,E",18880403.0,",1,E",18880429.0,",1,E",1.0,"1,E,12,",8.8,"1,,E,03,",30.0,"1,E,29,",,,164.8,"1,E",17.2,"1,,,E",1.2550000000000001,"2,E",1.924,"1,,,E",0.5860000000000001,"1,,,E"
AGE00147713,1888-05-01,36.18,5.4,1081.0,"SETIF, AG",,,7.2,"3,E",8.0,",E",6.0,",E",0.0,",E",0.0,"1,E",0.0,"1,E",0.0,"2,E",18.0,"2,E",0.0,"2,E",18880507.0,",1,E",18880525.0,",,E",18880519.0,",2,E",3.0,"1,E,07,",20.3,",,E,25,",29.0,"2,E,19,",,,87.5,"2,E",65.4,",,,E",1.544,"3,E",2.21,"2,,,E",0.877,"1,,,E"
AGE00147713,1888-06-01,36.18,5.4,1081.0,"SETIF, AG",,,122.2,",E",7.0,",E",2.0,",E",0.0,",E",0.0,",E",0.0,",E",0.0,",E",29.0,",E",7.0,",E",18880601.0,",,E",18880616.0,",,E",18880605.0,",,E",10.0,",E,01,",10.6,",,E,16,",35.0,",E,05,",,,4.7,",E",26.8,",,,E",2.225,",E",2.963,",,,E",1.4869999999999999,",,,E"
AGE00147713,1888-07-01,36.18,5.4,1081.0,"SETIF, AG",,,210.8,"2,E",1.0,"1,E",0.0,"1,E",0.0,"1,E",0.0,"1,E",0.0,"1,E",0.0,"1,E",30.0,"1,E",23.0,"1,E",18880719.0,",1,E",18880726.0,",1,E",18880726.0,",1,E",10.0,"1,E,19,",1.5,"1,,E,26,",40.0,"1,E,26,",0.0,E,0.0,"1,E",1.5,"1,,,E",2.558,"2,E",3.4869999999999997,"1,,,E",1.6300000000000001,"1,,,E"
AGE00147713,1888-08-01,36.18,5.4,1081.0,"SETIF, AG",,,91.8,"4,E",2.0,"2,E",2.0,"2,E",0.0,"2,E",0.0,"2,E",0.0,"2,E",0.0,"2,E",28.0,"2,E",9.0,"2,E",18880819.0,",2,E",18880825.0,",2,E",18880817.0,"+,2,E",8.0,"2,E,19,",3.2,"2,,E,25,",36.0,"2,E,17,+",4.8,E,4.8,"2,E",6.0,"2,,,E",2.183,"4,E",3.055,"2,,,E",1.31,"2,,,E"
AGE00147713,1888-09-01,36.18,5.4,1081.0,"SETIF, AG",,,89.5,"2,E",10.0,"1,E",9.0,"1,E",0.0,"1,E",0.0,"1,E",0.0,"1,E",0.0,"1,E",29.0,"1,E",2.0,"1,E",18880913.0,",1,E",18880905.0,",1,E",18880911.0,"+,1,E",8.0,"1,E,13,",12.6,"1,,E,05,",33.0,"1,E,11,+",5.6,E,0.8,"1,E",67.6,"1,,,E",2.147,"2,E",2.9170000000000003,"1,,,E",1.376,"1,,,E"
AGE00147713,1888-10-01,36.18,5.4,1081.0,"SETIF, AG",,,11.7,"2,E",8.0,"1,E",4.0,"1,E",0.0,"1,E",0.0,"1,E",0.0,"1,E",0.0,"1,E",6.0,"1,E",0.0,"1,E",18881009.0,",1,E",18881004.0,",1,E",18881001.0,",1,E",2.0,"1,E,09,",4.8,"1,,E,04,",32.0,"1,E,01,",150.9,E,145.3,"1,E",18.8,"1,,,E",1.365,"2,E",1.9969999999999999,"1,,,E",0.733,"1,,,E"
AGE00147713,1888-11-01,36.18,5.4,1081.0,"SETIF, AG",,,0.0,",E",8.0,",E",3.0,",E",1.0,",E",0.0,",E",1.0,",E",0.0,",E",0.0,",E",0.0,",E",18881128.0,",,E",18881114.0,",,E",18881116.0,",,E",0.0,",E,28,",28.7,",,E,14,",21.0,",E,16,",419.9,E,269.0,",E",54.8,",,,E",0.9369999999999999,",E",1.52,",,,E",0.353,",,,E"
AGE00147713,1888-12-01,36.18,5.4,1081.0,"SETIF, AG",,,0.0,"3,E",9.0,"3,E",3.0,"3,E",0.0,"3,E",0.0,"1,E",3.0,"1,E",0.0,"2,E",0.0,"2,E",0.0,"2,E",18881231.0,",1,E",18881218.0,",3,E",18881201.0,",2,E",-1.0,"1,E,31,",20.8,"3,,E,18,",18.0,"2,E,01,",726.7,E,306.8,"2,E",31.9,"3,,,E",0.737,"3,E",1.2,"2,,,E",0.273,"1,,,E"
AGE00147713,1890-06-01,36.18,5.4,1081.0,"SETIF, AG",,,,,3.0,"2,E",3.0,"2,E",0.0,"2,E",0.0,"5,E",0.0,"5,E",0.0,"5,E",22.0,"5,E",11.0,"5,E",18900615.0,",5,E",18900629.0,",2,E",18900626.0,",5,E",6.0,"5,E,15,",8.4,"2,,E,29,",37.0,"5,E,26,",,,,,19.3,"2,,,E",2.1420000000000003,"9,E",2.968,"5,,,E",1.316,"5,,,E"
AGE00147713,1890-07-01,36.18,5.4,1081.0,"SETIF, AG",,,,,4.0,",E",4.0,",E",0.0,",E",0.0,"5,E",0.0,"5,E",0.0,"4,E",27.0,"4,E",16.0,"4,E",18900714.0,",5,E",18900729.0,",,E",18900717.0,",4,E",10.0,"5,E,14,",16.1,",,E,29,",39.0,"4,E,17,",,,,,33.3,",,,E",2.4899999999999998,"8,E",3.3369999999999997,"4,,,E",1.6420000000000001,"5,,,E"
AGE00147713,1890-09-01,36.18,5.4,1081.0,"SETIF, AG",,,,,3.0,"2,E",3.0,"2,E",0.0,"2,E",0.0,"2,E",0.0,"2,E",0.0,"5,E",23.0,"5,E",0.0,"5,E",18900908.0,",2,E",18900917.0,",2,E",18900902.0,",5,E",8.0,"2,E,08,",12.0,"2,,E,17,",32.0,"5,E,02,",,,,,27.6,"2,,,E",1.8980000000000001,"7,E",2.6239999999999997,"5,,,E",1.171,"2,,,E"
AGE00147713,1890-10-01,36.18,5.4,1081.0,"SETIF, AG",,,0.3,"5,E",9.0,"2,E",8.0,"2,E",1.0,"2,E",0.0,"2,E",2.0,"2,E",0.0,"3,E",12.0,"3,E",0.0,"3,E",18901030.0,",2,E",18901007.0,",2,E",18901001.0,",3,E",-4.0,"2,E,30,",46.0,"2,,E,07,",26.0,"3,E,01,",,,145.0,"3,E",116.8,"2,,,E",1.264,"5,E",1.811,"3,,,E",0.717,"2,,,E"
AGE00147713,1890-12-01,36.18,5.4,1081.0,"SETIF, AG",,,0.0,"5,E",11.0,"2,E",7.0,"2,E",0.0,"2,E",0.0,"2,E",24.0,"2,E",0.0,"3,E",0.0,"3,E",0.0,"3,E",18901219.0,",2,E",18901213.0,",2,E",18901217.0,"+,3,E",-6.0,"2,E,19,",7.0,"2,,E,13,",10.0,"3,E,17,+",,,409.7,"3,E",40.2,"2,,,E",0.258,"5,E",0.686,"3,,,E",-0.16899999999999998,"2,,,E"
AGE00147713,1892-02-01,36.18,5.4,1081.0,"SETIF, AG",,,0.0,"3,E",7.0,",E",6.0,",E",0.0,",E",0.0,"1,E",14.0,"1,E",0.0,"2,E",0.0,"2,E",0.0,"2,E",18920211.0,"+,1,E",18920227.0,",,E",18920226.0,"+,2,E",-4.0,"1,E,11,+",9.0,",,E,27,",17.0,"2,E,26,+",,,321.2,"2,E",29.5,",,,E",0.603,"3,E",1.1480000000000001,"2,,,E",0.056999999999999995,"1,,,E"
AGE00147713,1892-03-01,36.18,5.4,1081.0,"SETIF, AG",,,0.0,"1,E",2.0,"1,E",1.0,"1,E",0.0,"1,E",0.0,",E",1.0,",E",0.0,"1,E",4.0,"1,E",0.0,"1,E",18920302.0,",,E",18920328.0,",1,E",18920327.0,",1,E",0.0,",E,02,",8.0,"1,,E,28,",26.0,"1,E,27,",,,231.0,"1,E",10.0,"1,,,E",1.058,"1,E",1.69,"1,,,E",0.426,",,,E"
AGE00147713,1892-04-01,36.18,5.4,1081.0,"SETIF, AG",,,0.0,"3,E",12.0,"1,E",9.0,"1,E",1.0,"1,E",0.0,"2,E",3.0,"2,E",0.0,"1,E",0.0,"1,E",0.0,"1,E",18920421.0,",2,E",18920427.0,",1,E",18920426.0,"+,1,E",-4.0,"2,E,21,",29.5,"1,,E,27,",21.0,"1,E,26,+",,,234.0,"1,E",107.7,"1,,,E",0.952,"3,E",1.503,"1,,,E",0.4,"2,,,E"
AGE00147713,1892-05-01,36.18,5.4,1081.0,"SETIF, AG",,,25.5,",E",10.0,",E",8.0,",E",0.0,",E",0.0,",E",0.0,",E",0.0,",E",14.0,",E",0.0,",E",18920512.0,"+,,E",18920528.0,",,E",18920531.0,"+,,E",2.0,",E,12,+",13.4,",,E,28,",30.0,",E,31,+",,,138.8,",E",58.7,",,,E",1.468,",E",2.152,",,,E",0.784,",,,E"
AGE00147713,1892-06-01,36.18,5.4,1081.0,"SETIF, AG",,,126.7,",E",1.0,",E",1.0,",E",0.0,",E",0.0,",E",0.0,",E",0.0,",E",30.0,",E",12.0,",E",18920610.0,",,E",18920622.0,",,E",18920624.0,"+,,E",9.0,",E,10,",6.8,",,E,22,",36.0,",E,24,+",,,2.2,",E",6.8,",,,E",2.248,",E",3.1100000000000003,",,,E",1.387,",,,E"
AGE00147713,1892-07-01,36.18,5.4,1081.0,"SETIF, AG",,,235.2,",E",2.0,",E",1.0,",E",0.0,",E",0.0,",E",0.0,",E",0.0,",E",31.0,",E",27.0,",E",18920722.0,",,E",18920705.0,",,E",18920728.0,",,E",9.0,",E,22,",22.0,",,E,05,",40.0,",E,28,",0.0,E,0.0,",E",24.0,",,,E",2.592,",E",3.526,",,,E",1.658,",,,E"
AGE00147713,1892-08-01,36.18,5.4,1081.0,"SETIF, AG",,,187.7,"3,E",4.0,"1,E",3.0,"1,E",0.0,"1,E",0.0,"1,E",0.0,"1,E",0.0,"2,E",29.0,"2,E",21.0,"2,E",18920814.0,",1,E",18920808.0,",1,E",18920831.0,",2,E",11.0,"1,E,14,",8.6,"1,,E,08,",39.0,"2,E,31,",0.0,E,0.0,"2,E",17.9,"1,,,E",2.492,"3,E",3.4240000000000004,"2,,,E",1.56,"1,,,E"
AGE00147713,1892-09-01,36.18,5.4,1081.0,"SETIF, AG",,,121.8,"2,E",2.0,",E",2.0,",E",0.0,",E",0.0,",E",0.0,",E",0.0,"2,E",28.0,"2,E",11.0,"2,E",18920913.0,"+,,E",18920928.0,",,E",18920919.0,",2,E",7.0,",E,13,+",16.2,",,E,28,",40.0,"2,E,19,",6.7,E,6.7,"2,E",22.1,",,,E",2.2359999999999998,"2,E",3.186,"2,,,E",1.287,",,,E"
AGE00147713,1892-12-01,36.18,5.4,1081.0,"SETIF, AG",,,0.0,"4,E",11.0,"1,E",9.0,"1,E",2.0,"1,E",0.0,"1,E",18.0,"1,E",0.0,"3,E",0.0,"3,E",0.0,"3,E",18921231.0,",1,E",18921209.0,",1,E",18921203.0,",3,E",-4.0,"1,E,31,",30.0,"1,,E,09,",13.0,"3,E,03,",,,378.0,"3,E",119.7,"1,,,E",0.438,"4,E",0.8789999999999999,"3,,,E",-0.003,"1,,,E"
AGE00147713,1893-01-01,36.18,5.4,1081.0,"SETIF, AG",0.0,E,0.0,",E",4.0,",E",3.0,",E",0.0,",E",0.0,",E",29.0,",E",1.0,",E",0.0,",E",0.0,",E",18930117.0,",,E",18930112.0,",,E",18930123.0,",,E",-9.0,",E,17,",8.4,",,E,12,",15.0,",E,23,",,,520.8,",E",17.1,",,,E",0.153,",E",0.6679999999999999,",,,E",-0.361,",,,E"
AGE00147713,1893-02-01,36.18,5.4,1081.0,"SETIF, AG",0.0,E,0.0,"2,E",0.0,"1,E",0.0,"1,E",0.0,"1,E",0.0,"1,E",20.0,"1,E",0.0,"1,E",0.0,"1,E",0.0,"1,E",18930208.0,"+,1,E",18930228.0,"+,1,E",18930227.0,"+,1,E",-6.0,"1,E,08,+",0.0,"1,,E,28,+",18.0,"1,E,27,+",,,341.7,"1,E",0.0,"1,,,E",0.493,"2,E",1.096,"1,,,E",-0.11100000000000002,"1,,,E"
AGE00147713,1893-03-01,36.18,5.4,1081.0,"SETIF, AG",0.0,E,0.0,",E",6.0,",E",5.0,",E",0.0,",E",0.0,",E",14.0,",E",0.0,",E",4.0,",E",0.0,",E",18930326.0,",,E",18930322.0,",,E",18930317.0,",,E",-3.0,",E,26,",17.8,",,E,22,",23.0,",E,17,",,,286.3,",E",46.2,",,,E",0.9099999999999999,",E",1.6260000000000001,",,,E",0.194,",,,E"
AGE00147713,1893-04-01,36.18,5.4,1081.0,"SETIF, AG",2.8,E,2.8,",E",5.0,",E",4.0,",E",0.0,",E",0.0,",E",3.0,",E",0.0,",E",11.0,",E",0.0,",E",18930412.0,",,E",18930430.0,",,E",18930426.0,",,E",-3.0,",E,12,",10.5,",,E,30,",29.0,",E,26,",,,190.3,",E",30.5,",,,E",1.208,",E",1.9899999999999998,",,,E",0.42699999999999994,",,,E"
AGE00147713,1893-05-01,36.18,5.4,1081.0,"SETIF, AG",12.5,E,9.7,"3,E",6.0,",E",4.0,",E",0.0,",E",0.0,"2,E",0.0,"2,E",0.0,"2,E",27.0,"2,E",0.0,"2,E",18930523.0,",2,E",18930503.0,",,E",18930530.0,"+,2,E",3.0,"2,E,23,",14.5,",,E,03,",30.0,"2,E,30,+",,,50.0,"2,E",47.2,",,,E",1.6809999999999998,"3,E",2.572,"2,,,E",0.79,"2,,,E"
AGE00147713,1893-06-01,36.18,5.4,1081.0,"SETIF, AG",101.5,E,89.0,"1,E",4.0,",E",4.0,",E",0.0,",E",0.0,"1,E",0.0,"1,E",0.0,",E",29.0,",E",11.0,",E",18930605.0,",1,E",18930601.0,",,E",18930630.0,"+,,E",4.0,"1,E,05,",8.5,",,E,01,",37.0,",E,30,+",,,29.7,",E",21.0,",,,E",2.04,"1,E",2.987,",,,E",1.093,"1,,,E"
AGE00147713,1893-07-01,36.18,5.4,1081.0,"SETIF, AG",259.5,E,158.0,"2,E",3.0,",E",3.0,",E",0.0,",E",0.0,"1,E",0.0,"1,E",0.0,"1,E",30.0,"1,E",19.0,"1,E",18930730.0,"+,1,E",18930721.0,",,E",18930704.0,",1,E",8.0,"1,E,30,+",5.4,",,E,21,",38.0,"1,E,04,",2.2,E,2.2,"1,E",13.7,",,,E",2.373,"2,E",3.3270000000000004,"1,,,E",1.42,"1,,,E"
AGE00147713,1893-08-01,36.18,5.4,1081.0,"SETIF, AG",414.3,E,154.8,"2,E",1.0,",E",1.0,",E",0.0,",E",0.0,"1,E",0.0,"1,E",0.0,"1,E",30.0,"1,E",18.0,"1,E",18930819.0,",1,E",18930818.0,",,E",18930819.0,"+,1,E",8.0,"1,E,19,",9.5,",,E,18,",36.0,"1,E,19,+",2.2,E,0.0,"1,E",9.5,",,,E",2.367,"2,E",3.277,"1,,,E",1.457,"1,,,E"
AGE00147713,1893-09-01,36.18,5.4,1081.0,"SETIF, AG",534.3,E,120.0,"3,E",4.0,"2,E",3.0,"2,E",0.0,"2,E",0.0,"2,E",0.0,"2,E",0.0,"1,E",29.0,"1,E",12.0,"1,E",18930928.0,"+,2,E",18930910.0,",2,E",18930911.0,",1,E",10.0,"2,E,28,+",14.0,"2,,E,10,",38.0,"1,E,11,",2.2,E,0.0,"1,E",31.6,"2,,,E",2.279,"3,E",3.176,"1,,,E",1.3820000000000001,"2,,,E"
AGE00147713,1893-10-01,36.18,5.4,1081.0,"SETIF, AG",544.8,E,10.5,"4,E",5.0,"1,E",4.0,"1,E",0.0,"1,E",0.0,"2,E",0.0,"2,E",0.0,"2,E",16.0,"2,E",0.0,"2,E",18931028.0,"+,2,E",18931020.0,",1,E",18931012.0,"+,2,E",2.0,"2,E,28,+",10.0,"1,,E,20,",30.0,"2,E,12,+",105.2,E,103.0,"2,E",23.8,"1,,,E",1.483,"4,E",2.303,"2,,,E",0.662,"2,,,E"
AGE00147713,1893-11-01,36.18,5.4,1081.0,"SETIF, AG",544.8,E,0.0,"5,E",5.0,"1,E",5.0,"1,E",0.0,"1,E",0.0,"2,E",10.0,"2,E",1.0,"3,E",1.0,"3,E",0.0,"3,E",18931126.0,"+,2,E",18931121.0,",1,E",18931105.0,",3,E",-8.0,"2,E,26,+",17.0,"1,,E,21,",24.0,"3,E,05,",373.0,E,267.8,"3,E",44.5,"1,,,E",0.704,"5,E",1.311,"3,,,E",0.096,"2,,,E"
AGE00147713,1909-12-01,36.18,5.4,1081.0,"SETIF, AG",,,0.0,",E",6.0,",E",1.0,",E",0.0,",E",0.0,",E",10.0,",E",0.0,",E",0.0,",E",0.0,",E",19091212.0,",,E",19091210.0,",,E",19091224.0,"+,,E",-5.0,",E,12,",5.6,",,E,10,",20.0,",E,24,+",,,345.8,",E",9.5,",,,E",0.718,",E",1.2449999999999999,",,,E",0.19,",,,E"
AGE00147713,1910-01-01,36.18,5.4,1081.0,"SETIF, AG",0.0,E,0.0,",E",12.0,",E",6.0,",E",0.0,",E",0.0,",E",24.0,",E",1.0,",E",0.0,",E",0.0,",E",19100124.0,",,E",19100102.0,",,E",19100129.0,"+,,E",-5.0,",E,24,",24.9,",,E,02,",13.0,",E,29,+",,,452.6,",E",73.0,",,,E",0.373,",E",0.8230000000000001,",,,E",-0.076,",,,E"
AGE00147713,1910-02-01,36.18,5.4,1081.0,"SETIF, AG",0.0,E,0.0,",E",13.0,",E",6.0,",E",0.0,",E",0.0,",E",16.0,",E",0.0,",E",0.0,",E",0.0,",E",19100201.0,",,E",19100204.0,",,E",19100223.0,",,E",-5.0,",E,01,",20.6,",,E,04,",20.0,",E,23,",,,388.3,",E",56.2,",,,E",0.446,",E",0.9109999999999999,",,,E",-0.018,",,,E"
AGE00147713,1910-03-01,36.18,5.4,1081.0,"SETIF, AG",0.0,E,0.0,",E",9.0,",E",5.0,",E",0.0,",E",0.0,",E",7.0,",E",0.0,",E",0.0,",E",0.0,",E",19100321.0,",,E",19100331.0,",,E",19100318.0,",,E",-4.0,",E,21,",12.9,",,E,31,",21.0,",E,18,",,,313.8,",E",35.7,",,,E",0.8210000000000001,",E",1.4060000000000001,",,,E",0.23500000000000001,",,,E"
AGE00147713,1910-04-01,36.18,5.4,1081.0,"SETIF, AG",0.2,E,0.2,",E",9.0,",E",2.0,",E",0.0,",E",0.0,",E",5.0,",E",0.0,",E",9.0,",E",0.0,",E",19100404.0,",,E",19100430.0,",,E",19100426.0,",,E",-3.0,",E,04,",9.2,",,E,30,",27.0,",E,26,",,,217.7,",E",25.9,",,,E",1.108,",E",1.7469999999999999,",,,E",0.47000000000000003,",,,E"
AGE00147713,1910-05-01,36.18,5.4,1081.0,"SETIF, AG",0.4,E,0.2,",E",15.0,",E",11.0,",E",0.0,",E",0.0,",E",2.0,",E",0.0,",E",8.0,",E",0.0,",E",19100511.0,",,E",19100522.0,",,E",19100521.0,"+,,E",-1.0,",E,11,",24.2,",,E,22,",26.0,",E,21,+",,,172.5,",E",92.7,",,,E",1.277,",E",1.8969999999999998,",,,E",0.658,",,,E"
AGE00147713,1910-06-01,36.18,5.4,1081.0,"SETIF, AG",73.1,E,72.7,",E",4.0,",E",2.0,",E",0.0,",E",0.0,",E",0.0,",E",0.0,",E",24.0,",E",4.0,",E",19100605.0,",,E",19100611.0,",,E",19100630.0,",,E",3.0,",E,05,",9.5,",,E,11,",39.0,",E,30,",,,40.2,",E",15.9,",,,E",1.9420000000000002,",E",2.713,",,,E",1.17,",,,E"
AGE00147713,1910-07-01,36.18,5.4,1081.0,"SETIF, AG",338.1,E,265.0,",E",2.0,",E",1.0,",E",0.0,",E",0.0,",E",0.0,",E",0.0,",E",31.0,",E",24.0,",E",19100705.0,",,E",19100729.0,",,E",19100722.0,"+,,E",9.0,",E,05,",4.5,",,E,29,",41.0,",E,22,+",0.8,E,0.8,",E",5.0,",,,E",2.685,",E",3.568,",,,E",1.8030000000000002,",,,E"
AGE00147713,1910-08-01,36.18,5.4,1081.0,"SETIF, AG",562.8,E,224.7,",E",2.0,",E",1.0,",E",0.0,",E",0.0,",E",0.0,",E",0.0,",E",31.0,",E",23.0,",E",19100813.0,",,E",19100808.0,",,E",19100807.0,"+,,E",9.0,",E,13,",3.5,",,E,08,",39.0,",E,07,+",0.8,E,0.0,",E",5.1,",,,E",2.558,",E",3.4479999999999995,",,,E",1.668,",,,E"
AGE00147713,1910-09-01,36.18,5.4,1081.0,"SETIF, AG",597.0,E,34.2,",E",6.0,",E",5.0,",E",0.0,",E",0.0,",E",0.0,",E",0.0,",E",25.0,",E",0.0,",E",19100926.0,",,E",19100920.0,",,E",19100907.0,"+,,E",6.0,",E,26,",7.0,",,E,20,",31.0,",E,07,+",41.0,E,40.2,",E",24.2,",,,E",1.813,",E",2.56,",,,E",1.067,",,,E"
AGE00147713,1910-10-01,36.18,5.4,1081.0,"SETIF, AG",650.3,E,53.3,",E",0.0,",E",0.0,",E",0.0,",E",0.0,",E",0.0,",E",0.0,",E",25.0,",E",0.0,",E",19101022.0,",,E",19101031.0,"+,,E",19101015.0,",,E",5.0,",E,22,",0.0,",,E,31,+",31.0,",E,15,",75.7,E,34.7,",E",0.0,",,,E",1.8940000000000001,",E",2.568,",,,E",1.2189999999999999,",,,E"
AGE00147713,1910-11-01,36.18,5.4,1081.0,"SETIF, AG",650.3,E,0.0,",E",6.0,",E",2.0,",E",0.0,",E",0.0,",E",3.0,",E",0.0,",E",3.0,",E",0.0,",E",19101121.0,",,E",19101105.0,",,E",19101104.0,",,E",-1.0,",E,21,",3.4,",,E,05,",24.0,",E,04,",308.7,E,233.0,",E",9.5,",,,E",1.057,",E",1.673,",,,E",0.44000000000000006,",,,E"
AGE00147713,1910-12-01,36.18,5.4,1081.0,"SETIF, AG",650.3,E,0.0,",E",15.0,",E",6.0,",E",0.0,",E",0.0,",E",9.0,",E",0.0,",E",0.0,",E",0.0,",E",19101229.0,",,E",19101211.0,",,E",19101208.0,",,E",-4.0,",E,29,",21.6,",,E,11,",18.0,",E,08,",678.0,E,369.3,",E",77.0,",,,E",0.642,",E",1.061,",,,E",0.223,",,,E"
AGE00147713,1911-01-01,36.18,5.4,1081.0,"SETIF, AG",0.0,E,0.0,",E",14.0,",E",6.0,",E",0.0,",E",0.0,",E",28.0,",E",0.0,",E",0.0,",E",0.0,",E",19110107.0,"+,,E",19110114.0,"+,,E",19110131.0,",,E",-5.0,",E,07,+",5.6,",,E,14,+",12.0,",E,31,",1180.3,E,502.3,",E",33.2,",,,E",0.213,",E",0.584,",,,E",-0.158,",,,E"
AGE00147713,1911-02-01,36.18,5.4,1081.0,"SETIF, AG",0.0,E,0.0,",E",8.0,",E",3.0,",E",0.0,",E",0.0,",E",13.0,",E",0.0,",E",0.0,",E",0.0,",E",19110203.0,",,E",19110220.0,",,E",19110225.0,"+,,E",-3.0,",E,03,",14.6,",,E,20,",20.0,",E,25,+",1507.6,E,327.3,",E",35.9,",,,E",0.6639999999999999,",E",1.207,",,,E",0.121,",,,E"
AGE00147713,1911-03-01,36.18,5.4,1081.0,"SETIF, AG",0.0,E,0.0,"2,E",9.0,",E",4.0,",E",0.0,",E",0.0,"1,E",7.0,"1,E",0.0,"1,E",1.0,"1,E",0.0,"1,E",19110317.0,",1,E",19110309.0,",,E",19110327.0,",1,E",-2.0,"1,E,17,",11.7,",,E,09,",22.0,"1,E,27,",1802.8,E,295.2,"1,E",29.6,",,,E",0.8220000000000001,"2,E",1.387,"1,,,E",0.257,"1,,,E"
AGE00147713,1911-04-01,36.18,5.4,1081.0,"SETIF, AG",0.7,E,0.7,",E",12.0,",E",6.0,",E",0.0,",E",0.0,",E",3.0,",E",0.0,",E",2.0,",E",0.0,",E",19110415.0,",,E",19110420.0,",,E",19110429.0,",,E",-2.0,",E,15,",19.7,",,E,20,",26.0,",E,29,",2037.5,E,234.7,",E",63.1,",,,E",1.053,",E",1.653,",,,E",0.453,",,,E"
AGE00147713,1911-05-01,36.18,5.4,1081.0,"SETIF, AG",8.2,E,7.5,",E",13.0,",E",5.0,",E",1.0,",E",0.0,",E",1.0,",E",0.0,",E",12.0,",E",0.0,",E",19110502.0,",,E",19110526.0,",,E",19110525.0,",,E",0.0,",E,02,",27.6,",,E,26,",30.0,",E,25,",2181.8,E,144.3,",E",66.6,",,,E",1.392,",E",2.0420000000000003,",,,E",0.742,",,,E"
AGE00147713,1911-06-01,36.18,5.4,1081.0,"SETIF, AG",148.0,E,139.8,",E",4.0,",E",0.0,",E",0.0,",E",0.0,",E",0.0,",E",0.0,",E",30.0,",E",15.0,",E",19110611.0,",,E",19110601.0,",,E",19110624.0,"+,,E",8.0,",E,11,",1.6,",,E,01,",37.0,",E,24,+",2188.1,E,6.3,",E",4.7,",,,E",2.278,",E",3.107,",,,E",1.45,",,,E"
AGE00147713,1911-07-01,36.18,5.4,1081.0,"SETIF, AG",359.7,E,211.7,",E",6.0,",E",3.0,",E",0.0,",E",0.0,",E",0.0,",E",0.0,",E",31.0,",E",16.0,",E",19110713.0,",,E",19110708.0,",,E",19110729.0,"+,,E",11.0,",E,13,",19.1,",,E,08,",38.0,",E,29,+",0.0,E,0.0,",E",36.1,",,,E",2.516,",E",3.3289999999999997,",,,E",1.703,",,,E"
AGE00147713,1911-08-01,36.18,5.4,1081.0,"SETIF, AG",602.4,E,242.7,",E",1.0,",E",0.0,",E",0.0,",E",0.0,",E",0.0,",E",0.0,",E",31.0,",E",26.0,",E",19110830.0,",,E",19110809.0,",,E",19110820.0,",,E",12.0,",E,30,",0.6,",,E,09,",39.0,",E,20,",0.0,E,0.0,",E",0.6,",,,E",2.616,",E",3.497,",,,E",1.735,",,,E"
AGE00147713,1911-09-01,36.18,5.4,1081.0,"SETIF, AG",709.7,E,107.3,",E",4.0,",E",0.0,",E",0.0,",E",0.0,",E",0.0,",E",0.0,",E",28.0,",E",7.0,",E",19110923.0,",,E",19110905.0,",,E",19110917.0,",,E",7.0,",E,23,",1.8,",,E,05,",36.0,",E,17,",15.8,E,15.8,",E",4.4,",,,E",2.138,",E",2.887,",,,E",1.3900000000000001,",,,E"
AGE00147713,1911-10-01,36.18,5.4,1081.0,"SETIF, AG",749.2,E,39.5,",E",8.0,",E",7.0,",E",2.0,",E",0.0,",E",0.0,",E",0.0,",E",20.0,",E",0.0,",E",19111031.0,",,E",19111030.0,",,E",19111009.0,",,E",3.0,",E,31,",67.0,",,E,30,",31.0,",E,09,",90.6,E,74.8,",E",131.1,",,,E",1.719,",E",2.3579999999999997,",,,E",1.081,",,,E"
AGE00147713,1911-11-01,36.18,5.4,1081.0,"SETIF, AG",749.2,E,0.0,",E",7.0,",E",5.0,",E",1.0,",E",0.0,",E",0.0,",E",0.0,",E",0.0,",E",0.0,",E",19111126.0,"+,,E",19111114.0,",,E",19111107.0,"+,,E",1.0,",E,26,+",34.2,",,E,14,",19.0,",E,07,+",349.1,E,258.5,",E",68.6,",,,E",0.9720000000000001,",E",1.433,",,,E",0.51,",,,E"
AGE00147713,1911-12-01,36.18,5.4,1081.0,"SETIF, AG",749.2,E,0.0,",E",7.0,",E",0.0,",E",0.0,",E",0.0,",E",0.0,",E",0.0,",E",0.0,",E",0.0,",E",19111212.0,",,E",19111209.0,",,E",19111230.0,",,E",1.0,",E,12,",1.6,",,E,09,",19.0,",E,30,",632.9,E,283.8,",E",7.1,",,,E",0.9179999999999999,",E",1.439,",,,E",0.397,",,,E"
AGE00147713,1912-01-01,36.18,5.4,1081.0,"SETIF, AG",0.0,E,0.0,",E",12.0,",E",4.0,",E",0.0,",E",0.0,",E",12.0,",E",0.0,",E",0.0,",E",0.0,",E",19120131.0,",,E",19120130.0,",,E",19120107.0,"+,,E",-3.0,",E,31,",8.5,",,E,30,",16.0,",E,07,+",1029.2,E,396.3,",E",37.1,",,,E",0.5549999999999999,",E",1.026,",,,E",0.08399999999999999,",,,E"
AGE00147713,1912-02-01,36.18,5.4,1081.0,"SETIF, AG",0.0,E,0.0,",E",9.0,",E",4.0,",E",0.0,",E",0.0,",E",4.0,",E",0.0,",E",2.0,",E",0.0,",E",19120201.0,",,E",19120213.0,",,E",19120225.0,",,E",-5.0,",E,01,",10.7,",,E,13,",23.0,",E,25,",1313.9,E,284.7,",E",39.4,",,,E",0.852,",E",1.3900000000000001,",,,E",0.314,",,,E"
AGE00147713,1912-04-01,36.18,5.4,1081.0,"SETIF, AG",,,0.0,"1,E",17.0,",E",9.0,",E",0.0,",E",0.0,"1,E",5.0,"1,E",0.0,",E",3.0,",E",0.0,",E",19120406.0,"+,1,E",19120424.0,",,E",19120412.0,",,E",-2.0,"1,E,06,+",11.1,",,E,24,",24.0,",E,12,",,,255.7,",E",64.1,",,,E",0.9550000000000001,"1,E",1.537,",,,E",0.372,"1,,,E"
AGE00147713,1912-05-01,36.18,5.4,1081.0,"SETIF, AG",,,50.0,",E",6.0,",E",2.0,",E",0.0,",E",0.0,",E",1.0,",E",0.0,",E",24.0,",E",3.0,",E",19120503.0,",,E",19120521.0,",,E",19120520.0,",,E",-1.0,",E,03,",5.5,",,E,21,",35.0,",E,20,",,,64.8,",E",12.2,",,,E",1.7850000000000001,",E",2.587,",,,E",0.984,",,,E"
AGE00147713,1912-06-01,36.18,5.4,1081.0,"SETIF, AG",,,108.8,",E",4.0,",E",4.0,",E",0.0,",E",0.0,",E",0.0,",E",0.0,",E",28.0,",E",10.0,",E",19120614.0,"+,,E",19120611.0,",,E",19120630.0,"+,,E",6.0,",E,14,+",17.4,",,E,11,",38.0,",E,30,+",,,22.8,",E",32.1,",,,E",2.12,",E",3.007,",,,E",1.233,",,,E"
AGE00147713,1912-07-01,36.18,5.4,1081.0,"SETIF, AG",,,281.2,",E",1.0,",E",0.0,",E",0.0,",E",0.0,",E",0.0,",E",0.0,",E",31.0,",E",30.0,",E",19120709.0,"+,,E",19120712.0,",,E",19120717.0,"+,,E",12.0,",E,09,+",0.6,",,E,12,",41.0,",E,17,+",0.0,E,0.0,",E",0.6,",,,E",2.7399999999999998,",E",3.6390000000000002,",,,E",1.842,",,,E"
AGE00147713,1912-08-01,36.18,5.4,1081.0,"SETIF, AG",,,230.7,",E",3.0,",E",3.0,",E",0.0,",E",0.0,",E",0.0,",E",0.0,",E",31.0,",E",24.0,",E",19120823.0,",,E",19120816.0,",,E",19120810.0,"+,,E",10.0,",E,23,",21.6,",,E,16,",40.0,",E,10,+",0.0,E,0.0,",E",32.4,",,,E",2.577,",E",3.471,",,,E",1.684,",,,E"
AGE00147713,1912-09-01,36.18,5.4,1081.0,"SETIF, AG",,,21.5,",E",11.0,",E",9.0,",E",1.0,",E",0.0,",E",0.0,",E",0.0,",E",21.0,",E",0.0,",E",19120927.0,",,E",19120925.0,",,E",19120906.0,",,E",4.0,",E,27,",30.2,",,E,25,",32.0,",E,06,",54.0,E,54.0,",E",101.7,",,,E",1.725,",E",2.4170000000000003,",,,E",1.033,",,,E"
AGE00147713,1912-10-01,36.18,5.4,1081.0,"SETIF, AG",,,1.3,",E",8.0,",E",8.0,",E",1.0,",E",0.0,",E",0.0,",E",0.0,",E",7.0,",E",0.0,",E",19121023.0,"+,,E",19121007.0,",,E",19121003.0,",,E",3.0,",E,23,+",31.2,",,E,07,",27.0,",E,03,",189.7,E,135.7,",E",86.7,",,,E",1.4,",E",1.9739999999999998,",,,E",0.826,",,,E"
AGE00147713,1912-11-01,36.18,5.4,1081.0,"SETIF, AG",,,0.0,"1,E",7.0,",E",3.0,",E",0.0,",E",0.0,"1,E",11.0,"1,E",0.0,"1,E",0.0,"1,E",0.0,"1,E",19121123.0,"+,1,E",19121123.0,",,E",19121111.0,",1,E",-3.0,"1,E,23,+",24.0,",,E,23,",19.0,"1,E,11,",517.4,E,327.7,"1,E",44.7,",,,E",0.7030000000000001,"1,E",1.2449999999999999,"1,,,E",0.162,"1,,,E"
AGE00147713,1912-12-01,36.18,5.4,1081.0,"SETIF, AG",,,0.0,",E",6.0,",E",3.0,",E",0.0,",E",0.0,",E",17.0,",E",0.0,",E",0.0,",E",0.0,",E",19121212.0,"+,,E",19121218.0,",,E",19121229.0,"+,,E",-3.0,",E,12,+",10.5,",,E,18,",19.0,",E,29,+",911.2,E,393.8,",E",28.6,",,,E",0.563,",E",1.081,",,,E",0.045,",,,E"
AGE00147713,1913-01-01,36.18,5.4,1081.0,"SETIF, AG",0.0,E,0.0,",E",8.0,",E",5.0,",E",0.0,",E",0.0,",E",9.0,",E",0.0,",E",0.0,",E",0.0,",E",19130105.0,",,E",19130110.0,",,E",19130128.0,"+,,E",-2.0,",E,05,",14.7,",,E,10,",16.0,",E,28,+",1274.0,E,362.8,",E",50.3,",,,E",0.663,",E",1.165,",,,E",0.161,",,,E"
AGE00147713,1913-02-01,36.18,5.4,1081.0,"SETIF, AG",0.0,E,0.0,",E",14.0,",E",10.0,",E",0.0,",E",0.0,",E",18.0,",E",0.0,",E",0.0,",E",0.0,",E",19130216.0,"+,,E",19130222.0,",,E",19130202.0,",,E",-3.0,",E,16,+",17.3,",,E,22,",15.0,",E,02,",1638.3,E,364.3,",E",83.9,",,,E",0.532,",E",1.018,",,,E",0.046,",,,E"
AGE00147713,1913-03-01,36.18,5.4,1081.0,"SETIF, AG",0.0,E,0.0,",E",8.0,",E",1.0,",E",1.0,",E",0.0,",E",9.0,",E",0.0,",E",2.0,",E",0.0,",E",19130311.0,"+,,E",19130301.0,",,E",19130330.0,"+,,E",-3.0,",E,11,+",30.7,",,E,01,",22.0,",E,30,+",1916.1,E,277.8,",E",39.3,",,,E",0.9369999999999999,",E",1.561,",,,E",0.313,",,,E"
AGE00147713,1913-04-01,36.18,5.4,1081.0,"SETIF, AG",0.0,E,0.0,",E",7.0,"1,E",3.0,"1,E",0.0,"1,E",0.0,",E",3.0,",E",0.0,",E",8.0,",E",0.0,",E",19130415.0,",,E",19130425.0,",1,E",19130422.0,",,E",-4.0,",E,15,",9.8,"1,,E,25,",26.0,",E,22,",2141.6,E,225.5,",E",30.4,"1,,,E",1.082,",E",1.737,",,,E",0.42699999999999994,",,,E"
AGE00147713,1913-05-01,36.18,5.4,1081.0,"SETIF, AG",23.5,E,23.5,",E",6.0,",E",1.0,",E",0.0,",E",0.0,",E",0.0,",E",0.0,",E",22.0,",E",2.0,",E",19130506.0,",,E",19130514.0,",,E",19130531.0,"+,,E",1.0,",E,06,",14.6,",,E,14,",33.0,",E,31,+",2238.4,E,96.8,",E",17.8,",,,E",1.597,",E",2.377,",,,E",0.8160000000000001,",,,E"
AGE00147713,1913-06-01,36.18,5.4,1081.0,"SETIF, AG",130.8,E,107.3,",E",4.0,",E",2.0,",E",0.0,",E",0.0,",E",0.0,",E",0.0,",E",29.0,",E",5.0,",E",19130608.0,",,E",19130619.0,",,E",19130624.0,",,E",7.0,",E,08,",3.0,",,E,19,",37.0,",E,24,",2246.2,E,7.8,",E",7.5,",,,E",2.165,",E",2.973,",,,E",1.357,",,,E"
AGE00147713,1913-07-01,36.18,5.4,1081.0,"SETIF, AG",355.5,E,224.7,",E",1.0,",E",1.0,",E",0.0,",E",0.0,",E",0.0,",E",0.0,",E",31.0,",E",22.0,",E",19130720.0,",,E",19130710.0,",,E",19130714.0,",,E",8.0,",E,20,",4.0,",,E,10,",41.0,",E,14,",0.0,E,0.0,",E",4.0,",,,E",2.558,",E",3.474,",,,E",1.6420000000000001,",,,E"
AGE00147713,1913-08-01,36.18,5.4,1081.0,"SETIF, AG",601.0,E,245.5,",E",0.0,",E",0.0,",E",0.0,",E",0.0,",E",0.0,",E",0.0,",E",31.0,",E",27.0,",E",19130815.0,"+,,E",19130831.0,"+,,E",19130806.0,",,E",10.0,",E,15,+",0.0,",,E,31,+",39.0,",E,06,",0.8,E,0.8,",E",0.0,",,,E",2.623,",E",3.503,",,,E",1.7420000000000002,",,,E"
AGE00147713,1913-09-01,36.18,5.4,1081.0,"SETIF, AG",745.2,E,144.2,",E",2.0,",E",1.0,",E",0.0,",E",0.0,",E",0.0,",E",0.0,",E",30.0,",E",9.0,",E",19130919.0,",,E",19130907.0,",,E",19130906.0,"+,,E",7.0,",E,19,",5.6,",,E,07,",37.0,",E,06,+",5.0,E,4.2,",E",6.8,",,,E",2.3,",E",3.1100000000000003,",,,E",1.49,",,,E"
AGE00147713,1913-10-01,36.18,5.4,1081.0,"SETIF, AG",767.2,E,22.0,",E",8.0,",E",6.0,",E",0.0,",E",0.0,",E",0.0,",E",0.0,",E",21.0,",E",0.0,",E",19131018.0,"+,,E",19131015.0,",,E",19131011.0,",,E",5.0,",E,18,+",13.0,",,E,15,",30.0,",E,11,",81.8,E,76.8,",E",48.7,",,,E",1.656,",E",2.303,",,,E",1.01,",,,E"
AGE00147713,1913-11-01,36.18,5.4,1081.0,"SETIF, AG",767.4,E,0.2,",E",6.0,",E",3.0,",E",0.0,",E",0.0,",E",1.0,",E",0.0,",E",10.0,",E",0.0,",E",19131127.0,",,E",19131127.0,",,E",19131104.0,",,E",0.0,",E,27,",13.0,",,E,27,",26.0,",E,04,",265.5,E,183.7,",E",23.4,",,,E",1.222,",E",1.823,",,,E",0.62,",,,E"
AGE00147713,1913-12-01,36.18,5.4,1081.0,"SETIF, AG",767.4,E,0.0,",E",8.0,",E",3.0,",E",0.0,",E",0.0,",E",7.0,",E",0.0,",E",0.0,",E",0.0,",E",19131231.0,",,E",19131207.0,",,E",19131216.0,",,E",-4.0,",E,31,",18.0,",,E,07,",16.0,",E,16,",640.3,E,374.8,",E",32.0,",,,E",0.624,",E",1.126,",,,E",0.123,",,,E"
AGE00147713,1914-01-01,36.18,5.4,1081.0,"SETIF, AG",0.0,E,0.0,"1,E",14.0,",E",11.0,",E",2.0,",E",0.0,"1,E",16.0,"1,E",1.0,",E",0.0,",E",0.0,",E",19140117.0,"+,1,E",19140104.0,",,E",19140130.0,",,E",-6.0,"1,E,17,+",72.8,",,E,04,",13.0,",E,30,",1095.3,E,455.0,",E",160.2,",,,E",0.311,"1,E",0.665,",,,E",-0.043,"1,,,E"
AGE00147713,1914-02-01,36.18,5.4,1081.0,"SETIF, AG",0.0,E,0.0,",E",13.0,",E",10.0,",E",1.0,",E",0.0,",E",9.0,",E",0.0,",E",0.0,",E",0.0,",E",19140227.0,"+,,E",19140228.0,",,E",19140221.0,"+,,E",-1.0,",E,27,+",31.7,",,E,28,",17.0,",E,21,+",1430.6,E,335.3,",E",113.0,",,,E",0.636,",E",1.082,",,,E",0.189,",,,E"
AGE00147713,1914-03-01,36.18,5.4,1081.0,"SETIF, AG",0.0,E,0.0,",E",7.0,",E",4.0,",E",0.0,",E",0.0,",E",4.0,",E",0.0,",E",4.0,",E",0.0,",E",19140322.0,"+,,E",19140304.0,",,E",19140329.0,",,E",-2.0,",E,22,+",10.7,",,E,04,",25.0,",E,29,",1695.9,E,265.3,",E",27.6,",,,E",0.977,",E",1.568,",,,E",0.387,",,,E"
AGE00147713,1914-04-01,36.18,5.4,1081.0,"SETIF, AG",3.3,E,3.3,",E",7.0,",E",4.0,",E",0.0,",E",0.0,",E",0.0,",E",0.0,",E",18.0,",E",0.0,",E",19140409.0,",,E",19140421.0,",,E",19140413.0,",,E",1.0,",E,09,",8.2,",,E,21,",28.0,",E,13,",1796.7,E,100.8,",E",29.8,",,,E",1.508,",E",2.237,",,,E",0.78,",,,E"
AGE00147713,1914-05-01,36.18,5.4,1081.0,"SETIF, AG",15.8,E,12.5,",E",8.0,",E",2.0,",E",0.0,",E",0.0,",E",0.0,",E",0.0,",E",21.0,",E",0.0,",E",19140527.0,"+,,E",19140529.0,",,E",19140515.0,",,E",4.0,",E,27,+",23.7,",,E,29,",30.0,",E,15,",1874.5,E,77.8,",E",34.3,",,,E",1.623,",E",2.3449999999999998,",,,E",0.9,",,,E"
AGE00147713,1914-06-01,36.18,5.4,1081.0,"SETIF, AG",104.8,E,89.0,",E",8.0,",E",3.0,",E",0.0,",E",0.0,",E",0.0,",E",0.0,",E",29.0,",E",7.0,",E",19140601.0,",,E",19140605.0,",,E",19140629.0,",,E",6.0,",E,01,",7.7,",,E,05,",38.0,",E,29,",1898.0,E,23.5,",E",18.1,",,,E",2.052,",E",2.853,",,,E",1.25,",,,E"
AGE00147713,1914-07-01,36.18,5.4,1081.0,"SETIF, AG",315.5,E,210.7,",E",1.0,",E",0.0,",E",0.0,",E",0.0,",E",0.0,",E",0.0,",E",31.0,",E",22.0,",E",19140709.0,"+,,E",19140702.0,",,E",19140715.0,",,E",12.0,",E,09,+",1.2,",,E,02,",38.0,",E,15,",0.0,E,0.0,",E",1.2,",,,E",2.513,",E",3.3810000000000002,",,,E",1.645,",,,E"
AGE00147713,1914-08-01,36.18,5.4,1081.0,"SETIF, AG",477.7,E,162.2,"1,E",6.0,",E",3.0,",E",0.0,",E",0.0,"1,E",0.0,"1,E",0.0,",E",30.0,",E",11.0,",E",19140829.0,",1,E",19140813.0,",,E",19140805.0,",,E",9.0,"1,E,29,",8.1,",,E,13,",38.0,",E,05,",3.7,E,3.7,",E",20.1,",,,E",2.357,"1,E",3.165,",,,E",1.55,"1,,,E"
AGE00147713,1914-09-01,36.18,5.4,1081.0,"SETIF, AG",566.9,E,89.2,",E",3.0,",E",2.0,",E",0.0,",E",0.0,",E",0.0,",E",0.0,",E",28.0,",E",6.0,",E",19140925.0,",,E",19140910.0,",,E",19140925.0,",,E",5.0,",E,25,",11.5,",,E,10,",34.0,",E,25,",13.4,E,9.7,",E",17.3,",,,E",2.098,",E",2.88,",,,E",1.317,",,,E"
AGE00147713,1914-10-01,36.18,5.4,1081.0,"SETIF, AG",571.6,E,4.7,",E",4.0,",E",3.0,",E",0.0,",E",0.0,",E",0.0,",E",0.0,",E",20.0,",E",0.0,",E",19141031.0,",,E",19141030.0,",,E",19141002.0,",,E",3.0,",E,31,",11.9,",,E,30,",30.0,",E,02,",111.4,E,98.0,",E",23.8,",,,E",1.532,",E",2.174,",,,E",0.89,",,,E"
AGE00147713,1914-11-01,36.18,5.4,1081.0,"SETIF, AG",571.6,E,0.0,",E",12.0,",E",6.0,",E",0.0,",E",0.0,",E",1.0,",E",0.0,",E",0.0,",E",0.0,",E",19141120.0,",,E",19141113.0,",,E",19141121.0,",,E",0.0,",E,20,",15.0,",,E,13,",20.0,",E,21,",381.9,E,270.5,",E",67.7,",,,E",0.932,",E",1.407,",,,E",0.457,",,,E"
AGE00147713,1914-12-01,36.18,5.4,1081.0,"SETIF, AG",571.6,E,0.0,",E",10.0,",E",4.0,",E",1.0,",E",0.0,",E",15.0,",E",0.0,",E",0.0,",E",0.0,",E",19141226.0,",,E",19141226.0,",,E",19141208.0,"+,,E",-3.0,",E,26,",32.7,",,E,26,",18.0,",E,08,+",771.7,E,389.8,",E",62.6,",,,E",0.576,",E",1.061,",,,E",0.09,",,,E"
AGE00147713,1915-01-01,36.18,5.4,1081.0,"SETIF, AG",0.0,E,0.0,"1,E",15.0,"1,E",7.0,"1,E",0.0,"1,E",0.0,",E",18.0,",E",0.0,"1,E",0.0,"1,E",0.0,"1,E",19150123.0,"+,,E",19150120.0,",1,E",19150116.0,"+,1,E",-5.0,",E,23,+",20.3,"1,,E,20,",16.0,"1,E,16,+",1190.7,E,419.0,"1,E",57.2,"1,,,E",0.434,"1,E",0.8230000000000001,"1,,,E",0.045,",,,E"
AGE00147713,1915-02-01,36.18,5.4,1081.0,"SETIF, AG",0.0,E,0.0,"2,E",14.0,"1,E",2.0,"1,E",0.0,"1,E",0.0,"1,E",16.0,"1,E",0.0,"1,E",0.0,"1,E",0.0,"1,E",19150228.0,"+,1,E",19150216.0,",1,E",19150222.0,",1,E",-4.0,"1,E,28,+",5.5,"1,,E,16,",16.0,"1,E,22,",1539.9,E,349.2,"1,E",22.3,"1,,,E",0.46900000000000003,"2,E",0.9189999999999999,"1,,,E",0.019,"1,,,E"
AGE00147713,1915-03-01,36.18,5.4,1081.0,"SETIF, AG",0.0,E,0.0,"2,E",13.0,"1,E",7.0,"1,E",0.0,"1,E",0.0,"1,E",5.0,"1,E",0.0,"1,E",1.0,"1,E",0.0,"1,E",19150311.0,"+,1,E",19150323.0,",1,E",19150319.0,",1,E",-4.0,"1,E,11,+",13.1,"1,,E,23,",22.0,"1,E,19,",1785.6,E,245.7,"1,E",57.2,"1,,,E",0.9880000000000001,"2,E",1.54,"1,,,E",0.437,"1,,,E"
AGE00147713,1915-04-01,36.18,5.4,1081.0,"SETIF, AG",0.0,E,0.0,"2,E",15.0,"1,E",10.0,"1,E",1.0,"1,E",0.0,"2,E",5.0,"2,E",0.0,"1,E",4.0,"1,E",0.0,"1,E",19150414.0,",2,E",19150424.0,",1,E",19150421.0,",1,E",-3.0,"2,E,14,",35.7,"1,,E,24,",24.0,"1,E,21,",2020.9,E,235.3,"1,E",120.3,"1,,,E",0.99,"2,E",1.541,"1,,,E",0.43899999999999995,"2,,,E"
AGE00147713,1915-05-01,36.18,5.4,1081.0,"SETIF, AG",14.7,E,14.7,",E",11.0,",E",7.0,",E",0.0,",E",0.0,",E",0.0,",E",0.0,",E",20.0,",E",0.0,",E",19150510.0,",,E",19150508.0,",,E",19150530.0,"+,,E",6.0,",E,10,",23.2,",,E,08,",29.0,",E,30,+",2070.4,E,49.5,",E",83.3,",,,E",1.721,",E",2.3609999999999998,",,,E",1.081,",,,E"
AGE00147713,1915-06-01,36.18,5.4,1081.0,"SETIF, AG",99.7,E,85.0,",E",5.0,",E",2.0,",E",0.0,",E",0.0,",E",0.0,",E",0.0,",E",26.0,",E",3.0,",E",19150603.0,",,E",19150603.0,",,E",19150626.0,",,E",9.0,",E,03,",8.7,",,E,03,",36.0,",E,26,",2088.4,E,18.0,",E",19.5,",,,E",2.057,",E",2.753,",,,E",1.3599999999999999,",,,E"
AGE00147713,1915-07-01,36.18,5.4,1081.0,"SETIF, AG",344.0,E,244.3,",E",2.0,",E",0.0,",E",0.0,",E",0.0,",E",0.0,",E",0.0,",E",31.0,",E",27.0,",E",19150703.0,",,E",19150709.0,",,E",19150712.0,",,E",7.0,",E,03,",1.4,",,E,09,",39.0,",E,12,",5.7,E,5.7,",E",2.2,",,,E",2.603,",E",3.442,",,,E",1.765,",,,E"
AGE00147713,1915-08-01,36.18,5.4,1081.0,"SETIF, AG",545.0,E,201.0,"2,E",3.0,"1,E",0.0,"1,E",0.0,"1,E",0.0,"1,E",0.0,"1,E",0.0,"1,E",30.0,"1,E",23.0,"1,E",19150825.0,",1,E",19150816.0,",1,E",19150814.0,"+,1,E",9.0,"1,E,25,",0.8,"1,,E,16,",37.0,"1,E,14,+",6.9,E,1.2,"1,E",1.9,"1,,,E",2.532,"2,E",3.35,"1,,,E",1.7129999999999999,"1,,,E"
AGE00147713,1915-10-01,36.18,5.4,1081.0,"SETIF, AG",,,9.3,"1,E",10.0,"1,E",2.0,"1,E",0.0,"1,E",0.0,",E",0.0,",E",0.0,"1,E",13.0,"1,E",0.0,"1,E",19151031.0,"+,,E",19151027.0,",1,E",19151011.0,"+,1,E",2.0,",E,31,+",5.5,"1,,E,27,",28.0,"1,E,11,+",,,134.8,"1,E",18.9,"1,,,E",1.405,"1,E",2.0,"1,,,E",0.8099999999999999,",,,E"
AGE00147713,1915-11-01,36.18,5.4,1081.0,"SETIF, AG",,,0.0,"2,E",9.0,"1,E",3.0,"1,E",1.0,"1,E",0.0,"1,E",0.0,"1,E",0.0,"1,E",2.0,"1,E",0.0,"1,E",19151115.0,"+,1,E",19151121.0,",1,E",19151107.0,"+,1,E",1.0,"1,E,15,+",29.2,"1,,E,21,",23.0,"1,E,07,+",,,226.3,"1,E",45.0,"1,,,E",1.0310000000000001,"2,E",1.534,"1,,,E",0.528,"1,,,E"
AGE00147713,1915-12-01,36.18,5.4,1081.0,"SETIF, AG",,,,,5.0,"4,E",2.0,"4,E",1.0,"4,E",0.0,"5,E",7.0,"5,E",0.0,"4,E",0.0,"4,E",0.0,"4,E",19151220.0,",5,E",19151217.0,",4,E",19151211.0,"+,4,E",-4.0,"5,E,20,",26.6,"4,,E,17,",19.0,"4,E,11,+",,,,,33.7,"4,,,E",0.768,"6,E",1.2630000000000001,"4,,,E",0.273,"5,,,E"
AGE00147713,1916-02-01,36.18,5.4,1081.0,"SETIF, AG",,,0.0,"4,E",10.0,"2,E",4.0,"2,E",0.0,"2,E",0.0,"2,E",8.0,"2,E",0.0,"2,E",0.0,"2,E",0.0,"2,E",19160215.0,",2,E",19160211.0,",2,E",19160224.0,",2,E",-3.0,"2,E,15,",20.6,"2,,E,11,",18.0,"2,E,24,",,,293.3,"2,E",73.5,"2,,,E",0.624,"4,E",1.0699999999999998,"2,,,E",0.178,"2,,,E"
AGE00147713,1916-03-01,36.18,5.4,1081.0,"SETIF, AG",,,0.0,",E",14.0,",E",7.0,",E",0.0,",E",0.0,",E",7.0,",E",0.0,",E",3.0,",E",0.0,",E",19160309.0,"+,,E",19160311.0,",,E",19160325.0,",,E",-2.0,",E,09,+",20.0,",,E,11,",24.0,",E,25,",,,285.8,",E",73.4,",,,E",0.9109999999999999,",E",1.448,",,,E",0.374,",,,E"
AGE00147713,1916-04-01,36.18,5.4,1081.0,"SETIF, AG",,,0.0,",E",11.0,",E",0.0,",E",0.0,",E",0.0,",E",2.0,",E",0.0,",E",7.0,",E",0.0,",E",19160424.0,"+,,E",19160411.0,",,E",19160428.0,"+,,E",0.0,",E,24,+",2.4,",,E,11,",26.0,",E,28,+",,,201.5,",E",12.1,",,,E",1.162,",E",1.813,",,,E",0.51,",,,E"
AGE00147713,1916-05-01,36.18,5.4,1081.0,"SETIF, AG",,,7.0,",E",7.0,",E",2.0,",E",0.0,",E",0.0,",E",0.0,",E",0.0,",E",20.0,",E",0.0,",E",19160527.0,"+,,E",19160531.0,",,E",19160507.0,",,E",4.0,",E,27,+",14.3,",,E,31,",29.0,",E,07,",,,82.3,",E",29.5,",,,E",1.59,",E",2.268,",,,E",0.913,",,,E"
AGE00147713,1916-06-01,36.18,5.4,1081.0,"SETIF, AG",,,122.7,"1,E",6.0,",E",4.0,",E",0.0,",E",0.0,",E",0.0,",E",0.0,"1,E",27.0,"1,E",12.0,"1,E",19160603.0,",,E",19160629.0,",,E",19160617.0,",1,E",8.0,",E,03,",8.2,",,E,29,",36.0,"1,E,17,",,,10.8,"1,E",20.6,",,,E",2.217,"1,E",3.0170000000000003,"1,,,E",1.417,",,,E"
AGE00147713,1916-07-01,36.18,5.4,1081.0,"SETIF, AG",,,216.0,"4,E",8.0,"1,E",2.0,"1,E",0.0,"1,E",0.0,"2,E",0.0,"2,E",0.0,"2,E",29.0,"2,E",21.0,"2,E",19160731.0,"+,2,E",19160731.0,",1,E",19160710.0,",2,E",11.0,"2,E,31,+",3.3,"1,,E,31,",38.0,"2,E,10,",0.0,E,0.0,"2,E",9.9,"1,,,E",2.638,"4,E",3.403,"2,,,E",1.8719999999999999,"2,,,E"
AGE00147713,1916-08-01,36.18,5.4,1081.0,"SETIF, AG",,,166.7,"3,E",1.0,"1,E",1.0,"1,E",0.0,"1,E",0.0,"2,E",0.0,"2,E",0.0,"2,E",29.0,"2,E",12.0,"2,E",19160819.0,",2,E",19160817.0,",1,E",19160827.0,"+,2,E",11.0,"2,E,19,",4.7,"1,,E,17,",35.0,"2,E,27,+",0.0,E,0.0,"2,E",4.7,"1,,,E",2.426,"3,E",3.214,"2,,,E",1.638,"2,,,E"
AGE00147713,1916-09-01,36.18,5.4,1081.0,"SETIF, AG",,,33.2,"1,E",9.0,",E",3.0,",E",1.0,",E",0.0,",E",0.0,",E",0.0,"1,E",23.0,"1,E",0.0,"1,E",19160921.0,",,E",19160909.0,",,E",19160904.0,",1,E",6.0,",E,21,",37.8,",,E,09,",32.0,"1,E,04,",33.8,E,33.8,"1,E",65.8,",,,E",1.8329999999999997,"1,E",2.459,"1,,,E",1.207,",,,E"
AGE00147713,1916-10-01,36.18,5.4,1081.0,"SETIF, AG",,,,,7.0,"2,E",1.0,"2,E",0.0,"2,E",0.0,"3,E",0.0,"3,E",0.0,"4,E",16.0,"4,E",0.0,"4,E",19161019.0,",3,E",19161013.0,",2,E",19161007.0,",4,E",1.0,"3,E,19,",10.2,"2,,E,13,",28.0,"4,E,07,",,,,,17.3,"2,,,E",1.545,"7,E",2.196,"4,,,E",0.893,"3,,,E"
AGE00147713,1916-11-01,36.18,5.4,1081.0,"SETIF, AG",,,0.0,"2,E",13.0,",E",10.0,",E",1.0,",E",0.0,"1,E",1.0,"1,E",0.0,"1,E",4.0,"1,E",0.0,"1,E",19161110.0,",1,E",19161124.0,",,E",19161101.0,",1,E",-1.0,"1,E,10,",34.4,",,E,24,",25.0,"1,E,01,",,,268.3,"1,E",120.1,",,,E",0.866,"2,E",1.303,"1,,,E",0.42800000000000005,"1,,,E"
AGE00147713,1916-12-01,36.18,5.4,1081.0,"SETIF, AG",,,0.0,"3,E",5.0,",E",2.0,",E",0.0,",E",0.0,"2,E",9.0,"2,E",0.0,"3,E",0.0,"3,E",0.0,"3,E",19161209.0,",2,E",19161213.0,",,E",19161225.0,",3,E",-2.0,"2,E,09,",4.4,",,E,13,",20.0,"3,E,25,",,,296.3,"3,E",13.0,",,,E",0.772,"3,E",1.3,"3,,,E",0.24500000000000002,"2,,,E"
AGE00147713,1917-01-01,36.18,5.4,1081.0,"SETIF, AG",0.0,E,0.0,"1,E",15.0,",E",5.0,",E",0.0,",E",0.0,"1,E",17.0,"1,E",0.0,",E",0.0,",E",0.0,",E",19170112.0,",1,E",19170131.0,",,E",19170109.0,",,E",-5.0,"1,E,12,",9.5,",,E,31,",16.0,",E,09,",,,418.5,",E",34.5,",,,E",0.441,"1,E",0.865,",,,E",0.017,"1,,,E"
AGE00147713,1917-02-01,36.18,5.4,1081.0,"SETIF, AG",0.0,E,0.0,"3,E",8.0,"2,E",2.0,"2,E",0.0,"2,E",0.0,"2,E",12.0,"2,E",0.0,"2,E",0.0,"2,E",0.0,"2,E",19170225.0,"+,2,E",19170219.0,",2,E",19170214.0,",2,E",-1.0,"2,E,25,+",6.0,"2,,E,19,",17.0,"2,E,14,",,,303.8,"2,E",17.1,"2,,,E",0.61,"3,E",1.115,"2,,,E",0.10400000000000001,"2,,,E"
AGE00147713,1917-03-01,36.18,5.4,1081.0,"SETIF, AG",0.0,E,0.0,"2,E",9.0,",E",3.0,",E",0.0,",E",0.0,"1,E",16.0,"1,E",0.0,"1,E",0.0,"1,E",0.0,"1,E",19170326.0,",1,E",19170316.0,",,E",19170311.0,"+,1,E",-5.0,"1,E,26,",12.5,",,E,16,",21.0,"1,E,11,+",,,348.2,"1,E",31.2,",,,E",0.638,"2,E",1.233,"1,,,E",0.043,"1,,,E"
AGE00147713,1917-04-01,36.18,5.4,1081.0,"SETIF, AG",0.7,E,0.7,",E",3.0,",E",1.0,",E",0.0,",E",0.0,",E",6.0,",E",0.0,",E",3.0,",E",0.0,",E",19170417.0,",,E",19170423.0,",,E",19170430.0,",,E",-2.0,",E,17,",4.5,",,E,23,",24.0,",E,30,",,,221.7,",E",5.3,",,,E",1.097,",E",1.75,",,,E",0.44299999999999995,",,,E"
AGE00147713,1917-10-01,36.18,5.4,1081.0,"SETIF, AG",,,9.5,"2,E",7.0,"1,E",2.0,"1,E",0.0,"1,E",0.0,"1,E",1.0,"1,E",0.0,"1,E",11.0,"1,E",0.0,"1,E",19171031.0,",1,E",19171005.0,",1,E",19171002.0,",1,E",0.0,"1,E,31,",13.8,"1,,E,05,",29.0,"1,E,02,",,,128.2,"1,E",23.3,"1,,,E",1.407,"2,E",2.0629999999999997,"1,,,E",0.75,"1,,,E"
AGE00147713,1917-11-01,36.18,5.4,1081.0,"SETIF, AG",,,0.0,"2,E",15.0,"1,E",9.0,"1,E",1.0,"1,E",0.0,"1,E",9.0,"1,E",0.0,"1,E",0.0,"1,E",0.0,"1,E",19171127.0,",1,E",19171112.0,",1,E",19171106.0,",1,E",-3.0,"1,E,27,",42.0,"1,,E,12,",17.0,"1,E,06,",,,340.3,"1,E",101.1,"1,,,E",0.631,"2,E",0.9970000000000001,"1,,,E",0.266,"1,,,E"
AGE00147713,1917-12-01,36.18,5.4,1081.0,"SETIF, AG",,,0.0,",E",8.0,",E",1.0,",E",0.0,",E",0.0,",E",25.0,",E",2.0,",E",0.0,",E",0.0,",E",19171228.0,",,E",19171210.0,",,E",19171224.0,"+,,E",-9.0,",E,28,",9.2,",,E,10,",12.0,",E,24,+",,,488.3,",E",15.7,",,,E",0.258,",E",0.6839999999999999,",,,E",-0.16799999999999998,",,,E"
AGE00147713,1919-01-01,36.18,5.4,1081.0,"SETIF, AG",0.0,E,0.0,"1,E",15.0,",E",8.0,",E",1.0,",E",0.0,",E",23.0,",E",0.0,"1,E",0.0,"1,E",0.0,"1,E",19190120.0,",,E",19190125.0,",,E",19190116.0,",1,E",-3.0,",E,20,",29.5,",,E,25,",13.0,"1,E,16,",,,452.5,"1,E",109.3,",,,E",0.325,"1,E",0.6799999999999999,"1,,,E",-0.028999999999999998,",,,E"
AGE00147713,1919-02-01,36.18,5.4,1081.0,"SETIF, AG",0.0,E,0.0,"2,E",8.0,",E",4.0,",E",0.0,",E",0.0,"1,E",5.0,"1,E",0.0,"1,E",0.0,"1,E",0.0,"1,E",19190205.0,",1,E",19190217.0,",,E",19190216.0,",1,E",-2.0,"1,E,05,",11.9,",,E,17,",20.0,"1,E,16,",,,282.2,"1,E",35.0,",,,E",0.739,"2,E",1.2109999999999999,"1,,,E",0.267,"1,,,E"
AGE00147713,1919-03-01,36.18,5.4,1081.0,"SETIF, AG",0.0,E,0.0,"4,E",7.0,"2,E",4.0,"2,E",0.0,"2,E",0.0,"2,E",9.0,"2,E",0.0,"2,E",4.0,"2,E",0.0,"2,E",19190319.0,",2,E",19190317.0,",2,E",19190305.0,",2,E",-5.0,"2,E,19,",13.6,"2,,E,17,",25.0,"2,E,05,",,,250.5,"2,E",30.3,"2,,,E",0.897,"4,E",1.4789999999999999,"2,,,E",0.314,"2,,,E"
AGE00147713,1919-04-01,36.18,5.4,1081.0,"SETIF, AG",1.7,E,1.7,"5,E",5.0,"3,E",4.0,"3,E",1.0,"3,E",0.0,"3,E",5.0,"3,E",0.0,"3,E",4.0,"3,E",0.0,"3,E",19190419.0,",3,E",19190406.0,",3,E",19190404.0,",3,E",-2.0,"3,E,19,",47.0,"3,,E,06,",26.0,"3,E,04,",,,190.5,"3,E",64.1,"3,,,E",1.061,"5,E",1.6440000000000001,"3,,,E",0.47800000000000004,"3,,,E"
AGE00147713,1919-05-01,36.18,5.4,1081.0,"SETIF, AG",6.2,E,4.5,",E",4.0,",E",4.0,",E",2.0,",E",0.0,",E",1.0,",E",0.0,",E",17.0,",E",0.0,",E",19190501.0,",,E",19190509.0,",,E",19190529.0,",,E",-2.0,",E,01,",53.4,",,E,09,",28.0,",E,29,",,,131.3,",E",103.1,",,,E",1.424,",E",2.087,",,,E",0.761,",,,E"
AGE00147713,1919-06-01,36.18,5.4,1081.0,"SETIF, AG",80.2,E,74.0,",E",7.0,",E",3.0,",E",1.0,",E",0.0,",E",0.0,",E",0.0,",E",28.0,",E",1.0,",E",19190602.0,",,E",19190601.0,",,E",19190621.0,",,E",8.0,",E,02,",34.5,",,E,01,",33.0,",E,21,",,,12.5,",E",51.2,",,,E",2.038,",E",2.697,",,,E",1.3800000000000001,",,,E"
AGE00147713,1919-07-01,36.18,5.4,1081.0,"SETIF, AG",266.4,E,186.2,",E",4.0,",E",1.0,",E",0.0,",E",0.0,",E",0.0,",E",0.0,",E",31.0,",E",18.0,",E",19190717.0,",,E",19190729.0,",,E",19190712.0,",,E",8.0,",E,17,",5.3,",,E,29,",38.0,",E,12,",0.0,E,0.0,",E",8.6,",,,E",2.434,",E",3.2649999999999997,",,,E",1.6030000000000002,",,,E"
AGE00147713,1919-08-01,36.18,5.4,1081.0,"SETIF, AG",423.1,E,156.7,",E",0.0,",E",0.0,",E",0.0,",E",0.0,",E",0.0,",E",0.0,",E",31.0,",E",16.0,",E",19190811.0,"+,,E",19190831.0,"+,,E",19190829.0,"+,,E",10.0,",E,11,+",0.0,",,E,31,+",35.0,",E,29,+",0.0,E,0.0,",E",0.0,",,,E",2.339,",E",3.181,",,,E",1.497,",,,E"
AGE00147713,1919-09-01,36.18,5.4,1081.0,"SETIF, AG",481.4,E,58.3,"2,E",8.0,"1,E",5.0,"1,E",0.0,"1,E",0.0,"1,E",0.0,"1,E",0.0,"1,E",27.0,"1,E",1.0,"1,E",19190922.0,",1,E",19190920.0,",1,E",19190903.0,",1,E",5.0,"1,E,22,",7.6,"1,,E,20,",33.0,"1,E,03,",13.2,E,13.2,"1,E",29.0,"1,,,E",1.9929999999999999,"2,E",2.734,"1,,,E",1.252,"1,,,E"
AGE00147713,1919-10-01,36.18,5.4,1081.0,"SETIF, AG",482.2,E,0.8,"2,E",6.0,"1,E",3.0,"1,E",0.0,"1,E",0.0,"1,E",1.0,"1,E",0.0,"1,E",7.0,"1,E",0.0,"1,E",19191029.0,",1,E",19191016.0,",1,E",19191006.0,",1,E",-1.0,"1,E,29,",14.5,"1,,E,16,",25.0,"1,E,06,",198.7,E,185.5,"1,E",33.8,"1,,,E",1.212,"2,E",1.7870000000000001,"1,,,E",0.637,"1,,,E"
AGE00147713,1919-11-01,36.18,5.4,1081.0,"SETIF, AG",482.2,E,0.0,"2,E",5.0,",E",1.0,",E",0.0,",E",0.0,"1,E",6.0,"1,E",0.0,"1,E",1.0,"1,E",0.0,"1,E",19191119.0,"+,1,E",19191110.0,",,E",19191105.0,",1,E",-2.0,"1,E,19,+",3.2,",,E,10,",23.0,"1,E,05,",427.5,E,228.8,"1,E",8.0,",,,E",1.014,"2,E",1.6239999999999999,"1,,,E",0.403,"1,,,E"
AGE00147713,1919-12-01,36.18,5.4,1081.0,"SETIF, AG",482.2,E,0.0,"2,E",8.0,",E",5.0,",E",0.0,",E",0.0,"1,E",14.0,"1,E",0.0,"1,E",0.0,"1,E",0.0,"1,E",19191210.0,",1,E",19191221.0,",,E",19191229.0,"+,1,E",-5.0,"1,E,10,",16.7,",,E,21,",15.0,"1,E,29,+",799.7,E,372.2,"1,E",48.3,",,,E",0.537,"2,E",1.04,"1,,,E",0.033,"1,,,E"
AGE00147713,1920-01-01,36.18,5.4,1081.0,"SETIF, AG",0.0,E,0.0,"2,E",8.0,",E",6.0,",E",0.0,",E",0.0,"1,E",16.0,"1,E",0.0,"1,E",0.0,"1,E",0.0,"1,E",19200123.0,"+,1,E",19200105.0,",,E",19200113.0,",1,E",-3.0,"1,E,23,+",16.8,",,E,05,",20.0,"1,E,13,",1155.9,E,356.2,"1,E",53.8,",,,E",0.5980000000000001,"2,E",1.1869999999999998,"1,,,E",0.01,"1,,,E"
AGE00147713,1920-02-01,36.18,5.4,1081.0,"SETIF, AG",0.0,E,0.0,"2,E",10.0,"1,E",4.0,"1,E",0.0,"1,E",0.0,"1,E",9.0,"1,E",0.0,"1,E",0.0,"1,E",0.0,"1,E",19200211.0,"+,1,E",19200202.0,",1,E",19200219.0,",1,E",-3.0,"1,E,11,+",11.2,"1,,E,02,",21.0,"1,E,19,",1465.9,E,310.0,"1,E",30.2,"1,,,E",0.6950000000000001,"2,E",1.221,"1,,,E",0.16799999999999998,"1,,,E"
AGE00147713,1920-03-01,36.18,5.4,1081.0,"SETIF, AG",0.0,E,0.0,",E",8.0,",E",3.0,",E",0.0,",E",0.0,",E",10.0,",E",0.0,",E",3.0,",E",0.0,",E",19200311.0,"+,,E",19200317.0,",,E",19200306.0,",,E",-4.0,",E,11,+",23.9,",,E,17,",25.0,",E,06,",1761.7,E,295.8,",E",37.7,",,,E",0.8789999999999999,",E",1.506,",,,E",0.252,",,,E"
AGE00147713,1920-04-01,36.18,5.4,1081.0,"SETIF, AG",,,,,6.0,"3,E",3.0,"3,E",0.0,"3,E",0.0,"3,E",3.0,"3,E",0.0,"3,E",8.0,"3,E",0.0,"3,E",19200423.0,",3,E",19200424.0,",3,E",19200429.0,"+,3,E",-1.0,"3,E,23,",8.9,"3,,E,24,",27.0,"3,E,29,+",,,,,21.0,"3,,,E",1.293,"6,E",1.9440000000000002,"3,,,E",0.641,"3,,,E"
AGE00147713,1920-05-01,36.18,5.4,1081.0,"SETIF, AG",,,64.2,",E",7.0,",E",4.0,",E",0.0,",E",0.0,",E",0.0,",E",0.0,",E",30.0,",E",1.0,",E",19200506.0,",,E",19200519.0,",,E",19200514.0,",,E",3.0,",E,06,",12.1,",,E,19,",33.0,",E,14,",,,22.0,",E",37.9,",,,E",1.969,",E",2.752,",,,E",1.1869999999999998,",,,E"
AGE00147713,1920-06-01,36.18,5.4,1081.0,"SETIF, AG",,,84.2,",E",3.0,",E",1.0,",E",0.0,",E",0.0,",E",0.0,",E",0.0,",E",28.0,",E",5.0,",E",19200604.0,",,E",19200629.0,",,E",19200630.0,"+,,E",7.0,",E,04,",4.0,",,E,29,",33.0,",E,30,+",,,15.7,",E",6.1,",,,E",2.0620000000000003,",E",2.843,",,,E",1.28,",,,E"
AGE00147713,1920-07-01,36.18,5.4,1081.0,"SETIF, AG",,,218.7,",E",3.0,",E",2.0,",E",0.0,",E",0.0,",E",0.0,",E",0.0,",E",31.0,",E",22.0,",E",19200730.0,",,E",19200706.0,",,E",19200719.0,"+,,E",12.0,",E,30,",22.6,",,E,06,",38.0,",E,19,+",0.0,E,0.0,",E",30.6,",,,E",2.539,",E",3.3810000000000002,",,,E",1.6969999999999998,",,,E"
AGE00147713,1920-08-01,36.18,5.4,1081.0,"SETIF, AG",,,182.2,"2,E",5.0,"1,E",2.0,"1,E",0.0,"1,E",0.0,"1,E",0.0,"1,E",0.0,"1,E",30.0,"1,E",16.0,"1,E",19200831.0,"+,1,E",19200817.0,",1,E",19200822.0,"+,1,E",10.0,"1,E,31,+",5.5,"1,,E,17,",38.0,"1,E,22,+",0.3,E,0.3,"1,E",13.3,"1,,,E",2.465,"2,E",3.2630000000000003,"1,,,E",1.6670000000000003,"1,,,E"
AGE00147713,1920-09-01,36.18,5.4,1081.0,"SETIF, AG",,,97.3,"1,E",7.0,",E",2.0,",E",0.0,",E",0.0,"1,E",0.0,"1,E",0.0,",E",30.0,",E",6.0,",E",19200915.0,",1,E",19200912.0,",,E",19200911.0,",,E",9.0,"1,E,15,",8.8,",,E,12,",35.0,",E,11,",2.8,E,2.5,",E",21.9,",,,E",2.165,"1,E",2.93,",,,E",1.4,"1,,,E"
AGE00147713,1920-10-01,36.18,5.4,1081.0,"SETIF, AG",,,20.5,"2,E",8.0,"1,E",4.0,"1,E",0.0,"1,E",0.0,"1,E",0.0,"1,E",0.0,"1,E",17.0,"1,E",0.0,"1,E",19201026.0,",1,E",19201022.0,",1,E",19201006.0,"+,1,E",4.0,"1,E,26,",17.8,"1,,E,22,",30.0,"1,E,06,+",98.0,E,95.2,"1,E",56.1,"1,,,E",1.56,"2,E",2.17,"1,,,E",0.95,"1,,,E"
AGE00147713,1920-11-01,36.18,5.4,1081.0,"SETIF, AG",,,0.0,"2,E",12.0,"1,E",9.0,"1,E",0.0,"1,E",0.0,"1,E",0.0,"1,E",0.0,"1,E",0.0,"1,E",0.0,"1,E",19201130.0,"+,1,E",19201128.0,",1,E",19201109.0,",1,E",1.0,"1,E,30,+",16.9,"1,,E,28,",20.0,"1,E,09,",365.3,E,267.3,"1,E",77.2,"1,,,E",0.881,"2,E",1.293,"1,,,E",0.46900000000000003,"1,,,E"
AGE00147713,1920-12-01,36.18,5.4,1081.0,"SETIF, AG",,,0.0,",E",6.0,",E",4.0,",E",0.0,",E",0.0,",E",13.0,",E",0.0,",E",0.0,",E",0.0,",E",19201218.0,",,E",19201216.0,",,E",19201230.0,",,E",-3.0,",E,18,",16.0,",,E,16,",20.0,",E,30,",747.1,E,381.8,",E",37.0,",,,E",0.602,",E",1.087,",,,E",0.11599999999999999,",,,E"
AGE00147713,1921-01-01,36.18,5.4,1081.0,"SETIF, AG",0.0,E,0.0,"4,E",6.0,"2,E",2.0,"2,E",1.0,"2,E",0.0,"2,E",17.0,"2,E",0.0,"2,E",0.0,"2,E",0.0,"2,E",19210116.0,",2,E",19210119.0,",2,E",19210101.0,",2,E",-3.0,"2,E,16,",32.0,"2,,E,19,",17.0,"2,E,01,",1104.6,E,357.5,"2,E",59.0,"2,,,E",0.519,"4,E",1.01,"2,,,E",0.028000000000000004,"2,,,E"
AGE00147713,1921-02-01,36.18,5.4,1081.0,"SETIF, AG",0.0,E,0.0,"3,E",6.0,"2,E",1.0,"2,E",0.0,"2,E",0.0,"2,E",11.0,"2,E",0.0,"2,E",0.0,"2,E",0.0,"2,E",19210211.0,"+,2,E",19210223.0,",2,E",19210222.0,"+,2,E",-2.0,"2,E,11,+",4.3,"2,,E,23,",18.0,"2,E,22,+",1392.9,E,288.3,"2,E",9.2,"2,,,E",0.683,"3,E",1.231,"2,,,E",0.135,"2,,,E"
AGE00147713,1921-03-01,36.18,5.4,1081.0,"SETIF, AG",,,,,12.0,"4,E",8.0,"4,E",0.0,"4,E",0.0,"4,E",7.0,"4,E",0.0,"4,E",0.0,"4,E",0.0,"4,E",19210322.0,",4,E",19210323.0,",4,E",19210331.0,",4,E",-2.0,"4,E,22,",12.7,"4,,E,23,",17.0,"4,E,31,",,,,,56.7,"4,,,E",0.724,"6,E",1.252,"4,,,E",0.196,"4,,,E"
AGE00147713,1921-04-01,36.18,5.4,1081.0,"SETIF, AG",,,0.0,"5,E",15.0,"3,E",8.0,"3,E",1.0,"3,E",0.0,"3,E",8.0,"3,E",0.0,"3,E",0.0,"3,E",0.0,"3,E",19210427.0,"+,3,E",19210403.0,",3,E",19210428.0,",3,E",0.0,"3,E,27,+",26.5,"3,,E,03,",21.0,"3,E,28,",,,238.3,"3,E",84.9,"3,,,E",0.8779999999999999,"5,E",1.4300000000000002,"3,,,E",0.32599999999999996,"3,,,E"
AGE00147713,1921-05-01,36.18,5.4,1081.0,"SETIF, AG",,,0.7,"5,E",15.0,"1,E",11.0,"1,E",0.0,"1,E",0.0,"3,E",1.0,"3,E",0.0,"3,E",8.0,"3,E",0.0,"3,E",19210502.0,",3,E",19210515.0,",1,E",19210523.0,"+,3,E",0.0,"3,E,02,",23.7,"1,,E,15,",25.0,"3,E,23,+",,,130.3,"3,E",135.0,"1,,,E",1.363,"5,E",1.9140000000000001,"3,,,E",0.8109999999999999,"3,,,E"
AGE00147713,1921-06-01,36.18,5.4,1081.0,"SETIF, AG",,,,,5.0,"2,E",4.0,"2,E",0.0,"2,E",0.0,"3,E",0.0,"3,E",0.0,"3,E",20.0,"3,E",4.0,"3,E",19210612.0,"+,3,E",19210606.0,",2,E",19210630.0,"+,3,E",6.0,"3,E,12,+",7.1,"2,,E,06,",34.0,"3,E,30,+",,,,,22.2,"2,,,E",1.859,"6,E",2.5780000000000003,"3,,,E",1.141,"3,,,E"
AGE00147713,1921-07-01,36.18,5.4,1081.0,"SETIF, AG",,,,,1.0,"4,E",0.0,"4,E",0.0,"4,E",0.0,"4,E",0.0,"4,E",0.0,"4,E",27.0,"4,E",17.0,"4,E",19210711.0,",4,E",19210725.0,",4,E",19210720.0,"+,4,E",10.0,"4,E,11,",0.3,"4,,E,25,",37.0,"4,E,20,+",,,,,0.3,"4,,,E",2.5170000000000003,"8,E",3.315,"4,,,E",1.719,"4,,,E"
AGE00147713,1921-08-01,36.18,5.4,1081.0,"SETIF, AG",,,,,3.0,"4,E",0.0,"4,E",0.0,"4,E",0.0,"4,E",0.0,"4,E",0.0,"4,E",26.0,"4,E",5.0,"4,E",19210813.0,",4,E",19210824.0,",4,E",19210809.0,",4,E",8.0,"4,E,13,",1.8,"4,,E,24,",35.0,"4,E,09,",,,,,3.9,"4,,,E",2.228,"8,E",2.941,"4,,,E",1.5150000000000001,"4,,,E"
AGE00147713,1921-09-01,36.18,5.4,1081.0,"SETIF, AG",,,,,8.0,"4,E",3.0,"4,E",0.0,"4,E",0.0,"4,E",0.0,"4,E",0.0,"4,E",25.0,"4,E",3.0,"4,E",19210930.0,",4,E",19210925.0,",4,E",19210906.0,"+,4,E",7.0,"4,E,30,",8.8,"4,,E,25,",34.0,"4,E,06,+",,,,,24.4,"4,,,E",2.213,"8,E",2.9,"4,,,E",1.527,"4,,,E"
AGE00147713,1921-10-01,36.18,5.4,1081.0,"SETIF, AG",,,12.7,"4,E",4.0,"1,E",3.0,"1,E",0.0,"1,E",0.0,"2,E",0.0,"2,E",0.0,"2,E",18.0,"2,E",0.0,"2,E",19211027.0,"+,2,E",19211009.0,",1,E",19211012.0,",2,E",2.0,"2,E,27,+",11.2,"1,,E,09,",29.0,"2,E,12,",,,102.2,"2,E",24.5,"1,,,E",1.51,"4,E",2.152,"2,,,E",0.869,"2,,,E"
AGE00147713,1921-11-01,36.18,5.4,1081.0,"SETIF, AG",,,,,8.0,"3,E",5.0,"3,E",0.0,"3,E",0.0,"4,E",3.0,"4,E",1.0,"4,E",0.0,"4,E",0.0,"4,E",19211111.0,",4,E",19211112.0,",3,E",19211105.0,"+,4,E",-5.0,"4,E,11,",22.6,"3,,E,12,",20.0,"4,E,05,+",,,,,63.5,"3,,,E",0.883,"6,E",1.427,"4,,,E",0.33799999999999997,"4,,,E"
AGE00147713,1921-12-01,36.18,5.4,1081.0,"SETIF, AG",,,0.0,"5,E",16.0,"2,E",5.0,"2,E",0.0,"2,E",0.0,"2,E",13.0,"2,E",0.0,"3,E",0.0,"3,E",0.0,"3,E",19211225.0,"+,2,E",19211204.0,",2,E",19211206.0,",3,E",-2.0,"2,E,25,+",7.7,"2,,E,04,",19.0,"3,E,06,",,,355.7,"3,E",42.2,"2,,,E",0.505,"5,E",0.9179999999999999,"3,,,E",0.093,"2,,,E"
AGE00147713,1922-01-01,36.18,5.4,1081.0,"SETIF, AG",0.0,E,0.0,"1,E",13.0,",E",11.0,",E",0.0,",E",0.0,"1,E",18.0,"1,E",1.0,",E",0.0,",E",0.0,",E",19220106.0,",1,E",19220106.0,",,E",19220130.0,",,E",-6.0,"1,E,06,",11.4,",,E,06,",16.0,",E,30,",,,427.5,",E",62.7,",,,E",0.392,"1,E",0.8029999999999999,",,,E",-0.02,"1,,,E"
AGE00147713,1922-02-01,36.18,5.4,1081.0,"SETIF, AG",0.0,E,0.0,"3,E",8.0,"2,E",5.0,"2,E",0.0,"2,E",0.0,"2,E",11.0,"2,E",0.0,"2,E",0.0,"2,E",0.0,"2,E",19220208.0,",2,E",19220223.0,",2,E",19220228.0,"+,2,E",-4.0,"2,E,08,",24.4,"2,,E,23,",18.0,"2,E,28,+",,,300.3,"2,E",44.5,"2,,,E",0.64,"3,E",1.173,"2,,,E",0.10800000000000001,"2,,,E"
AGE00147713,1922-03-01,36.18,5.4,1081.0,"SETIF, AG",0.0,E,0.0,",E",1.0,",E",0.0,",E",0.0,",E",0.0,",E",6.0,",E",0.0,",E",2.0,",E",0.0,",E",19220325.0,"+,,E",19220314.0,",,E",19220313.0,",,E",-3.0,",E,25,+",0.4,",,E,14,",23.0,",E,13,",,,248.8,",E",0.7,",,,E",1.0310000000000001,",E",1.674,",,,E",0.387,",,,E"
AGE00147713,1922-04-01,36.18,5.4,1081.0,"SETIF, AG",0.7,E,0.7,"2,E",2.0,"1,E",1.0,"1,E",0.0,"1,E",0.0,"1,E",4.0,"1,E",0.0,"1,E",10.0,"1,E",0.0,"1,E",19220421.0,"+,1,E",19220420.0,",1,E",19220429.0,"+,1,E",-2.0,"1,E,21,+",5.4,"1,,E,20,",27.0,"1,E,29,+",,,166.0,"1,E",7.3,"1,,,E",1.252,"2,E",1.986,"1,,,E",0.517,"1,,,E"
AGE00147713,1922-05-01,36.18,5.4,1081.0,"SETIF, AG",28.2,E,27.5,"3,E",6.0,"1,E",2.0,"1,E",0.0,"1,E",0.0,"1,E",2.0,"1,E",0.0,"2,E",18.0,"2,E",0.0,"2,E",19220502.0,"+,1,E",19220530.0,",1,E",19220527.0,",2,E",-1.0,"1,E,02,+",4.8,"1,,E,30,",31.0,"2,E,27,",,,96.3,"2,E",13.0,"1,,,E",1.616,"3,E",2.338,"2,,,E",0.893,"1,,,E"
AGE00147713,1922-06-01,36.18,5.4,1081.0,"SETIF, AG",89.0,E,60.8,"5,E",5.0,"1,E",3.0,"1,E",0.0,"1,E",0.0,"2,E",0.0,"2,E",0.0,"3,E",26.0,"3,E",1.0,"3,E",19220619.0,",2,E",19220622.0,",1,E",19220626.0,",3,E",8.0,"2,E,19,",11.0,"1,,E,22,",33.0,"3,E,26,",,,7.7,"3,E",21.0,"1,,,E",2.0420000000000003,"5,E",2.774,"3,,,E",1.311,"2,,,E"
AGE00147713,1922-08-01,36.18,5.4,1081.0,"SETIF, AG",,,160.8,"5,E",5.0,"2,E",3.0,"2,E",0.0,"2,E",0.0,"2,E",0.0,"2,E",0.0,"3,E",28.0,"3,E",12.0,"3,E",19220820.0,",2,E",19220818.0,",2,E",19220809.0,"+,3,E",13.0,"2,E,20,",7.8,"2,,E,18,",36.0,"3,E,09,+",,,0.0,"3,E",19.0,"2,,,E",2.461,"5,E",3.214,"3,,,E",1.707,"2,,,E"
AGE00147713,1922-09-01,36.18,5.4,1081.0,"SETIF, AG",,,,,5.0,"3,E",2.0,"3,E",0.0,"3,E",0.0,"5,E",0.0,"5,E",0.0,"3,E",27.0,"3,E",0.0,"3,E",19220930.0,"+,5,E",19220925.0,",3,E",19220910.0,",3,E",8.0,"5,E,30,+",9.6,"3,,E,25,",32.0,"3,E,10,",,,,,15.3,"3,,,E",1.895,"8,E",2.585,"3,,,E",1.204,"5,,,E"
AGE00147713,1922-10-01,36.18,5.4,1081.0,"SETIF, AG",,,0.5,"2,E",4.0,"1,E",4.0,"1,E",0.0,"1,E",0.0,"1,E",0.0,"1,E",0.0,"1,E",16.0,"1,E",0.0,"1,E",19221027.0,",1,E",19221025.0,",1,E",19221006.0,",1,E",3.0,"1,E,27,",12.9,"1,,E,25,",27.0,"1,E,06,",,,105.2,"1,E",33.9,"1,,,E",1.482,"2,E",2.07,"1,,,E",0.893,"1,,,E"
AGE00147713,1922-11-01,36.18,5.4,1081.0,"SETIF, AG",,,0.0,",E",12.0,",E",4.0,",E",0.0,",E",0.0,",E",5.0,",E",0.0,",E",0.0,",E",0.0,",E",19221127.0,"+,,E",19221103.0,",,E",19221104.0,",,E",-1.0,",E,27,+",10.0,",,E,03,",16.0,",E,04,",,,338.5,",E",31.1,",,,E",0.705,",E",1.117,",,,E",0.29300000000000004,",,,E"
AGE00147713,1922-12-01,36.18,5.4,1081.0,"SETIF, AG",,,0.0,"5,E",11.0,"2,E",8.0,"2,E",1.0,"2,E",0.0,"3,E",16.0,"3,E",1.0,"2,E",0.0,"2,E",0.0,"2,E",19221214.0,"+,3,E",19221220.0,",2,E",19221201.0,",2,E",-5.0,"3,E,14,+",29.7,"2,,E,20,",15.0,"2,E,01,",,,370.7,"2,E",75.4,"2,,,E",0.388,"5,E",0.776,"2,,,E",0.0,"3,,,E"
AGE00147713,1923-01-01,36.18,5.4,1081.0,"SETIF, AG",,,,,23.0,"2,E",15.0,"2,E",0.0,"2,E",0.0,"2,E",26.0,"2,E",0.0,"2,E",0.0,"2,E",0.0,"2,E",19230122.0,"+,2,E",19230102.0,",2,E",19230111.0,",2,E",-4.0,"2,E,22,+",15.8,"2,,E,02,",8.0,"2,E,11,",,,,,124.8,"2,,,E",0.145,"4,E",0.441,"2,,,E",-0.152,"2,,,E"
AGE00147713,1923-02-01,36.18,5.4,1081.0,"SETIF, AG",,,0.0,"2,E",14.0,",E",5.0,",E",0.0,",E",0.0,"1,E",8.0,"1,E",0.0,"1,E",0.0,"1,E",0.0,"1,E",19230221.0,",1,E",19230220.0,",,E",19230227.0,"+,1,E",-2.0,"1,E,21,",9.3,",,E,20,",15.0,"1,E,27,+",,,317.7,"1,E",45.1,",,,E",0.604,"2,E",1.085,"1,,,E",0.122,"1,,,E"
AGE00147713,1923-03-01,36.18,5.4,1081.0,"SETIF, AG",,,,,17.0,"2,E",14.0,"2,E",0.0,"2,E",0.0,"4,E",5.0,"4,E",0.0,"4,E",0.0,"4,E",0.0,"4,E",19230313.0,",4,E",19230305.0,",2,E",19230321.0,"+,4,E",-2.0,"4,E,13,",21.8,"2,,E,05,",16.0,"4,E,21,+",,,,,138.2,"2,,,E",0.8109999999999999,"6,E",1.267,"4,,,E",0.356,"4,,,E"
AGE00147713,1923-04-01,36.18,5.4,1081.0,"SETIF, AG",,,0.0,",E",11.0,",E",7.0,",E",0.0,",E",0.0,",E",2.0,",E",0.0,",E",3.0,",E",0.0,",E",19230407.0,",,E",19230408.0,",,E",19230412.0,",,E",-3.0,",E,07,",13.7,",,E,08,",23.0,",E,12,",,,236.5,",E",47.2,",,,E",1.045,",E",1.64,",,,E",0.45,",,,E"
AGE00147713,1923-05-01,36.18,5.4,1081.0,"SETIF, AG",,,1.0,",E",6.0,",E",2.0,",E",0.0,",E",0.0,",E",0.0,",E",0.0,",E",20.0,",E",0.0,",E",19230513.0,",,E",19230527.0,",,E",19230529.0,",,E",2.0,",E,13,",9.3,",,E,27,",27.0,",E,29,",,,99.8,",E",18.9,",,,E",1.5150000000000001,",E",2.184,",,,E",0.845,",,,E"
AGE00147713,1923-06-01,36.18,5.4,1081.0,"SETIF, AG",,,11.7,"5,E",5.0,"2,E",3.0,"2,E",0.0,"2,E",0.0,"3,E",0.0,"3,E",0.0,"2,E",20.0,"2,E",0.0,"2,E",19230623.0,",3,E",19230625.0,",2,E",19230625.0,",2,E",4.0,"3,E,23,",14.1,"2,,E,25,",30.0,"2,E,25,",,,59.5,"2,E",26.4,"2,,,E",1.6510000000000002,"5,E",2.368,"2,,,E",0.933,"3,,,E"
AGE00147713,1923-08-01,36.18,5.4,1081.0,"SETIF, AG",,,129.3,"4,E",2.0,"1,E",1.0,"1,E",0.0,"1,E",0.0,"3,E",0.0,"3,E",0.0,"1,E",30.0,"1,E",6.0,"1,E",19230827.0,",3,E",19230815.0,",1,E",19230802.0,",1,E",9.0,"3,E,27,",14.8,"1,,E,15,",37.0,"1,E,02,",,,0.3,"1,E",15.7,"1,,,E",2.317,"4,E",3.117,"1,,,E",1.518,"3,,,E"
AGE00147713,1923-09-01,36.18,5.4,1081.0,"SETIF, AG",,,15.0,"5,E",7.0,"3,E",3.0,"3,E",1.0,"3,E",0.0,"2,E",0.0,"2,E",0.0,"3,E",21.0,"3,E",0.0,"3,E",19230909.0,",2,E",19230910.0,",3,E",19230903.0,"+,3,E",7.0,"2,E,09,",30.7,"3,,E,10,",29.0,"3,E,03,+",,,36.3,"3,E",48.3,"3,,,E",1.777,"5,E",2.43,"3,,,E",1.125,"2,,,E"
AGE00147713,1923-10-01,36.18,5.4,1081.0,"SETIF, AG",,,3.0,"3,E",4.0,"1,E",2.0,"1,E",1.0,"1,E",0.0,"2,E",0.0,"2,E",0.0,"1,E",24.0,"1,E",1.0,"1,E",19231006.0,",2,E",19231031.0,",1,E",19231001.0,",1,E",3.0,"2,E,06,",27.1,"1,,E,31,",33.0,"1,E,01,",,,58.3,"1,E",34.2,"1,,,E",1.656,"3,E",2.35,"1,,,E",0.962,"2,,,E"
AGE00147713,1923-11-01,36.18,5.4,1081.0,"SETIF, AG",,,0.0,"2,E",9.0,",E",3.0,",E",0.0,",E",0.0,"1,E",2.0,"1,E",0.0,"1,E",0.0,"1,E",0.0,"1,E",19231123.0,"+,1,E",19231102.0,",,E",19231112.0,",1,E",-2.0,"1,E,23,+",4.7,",,E,02,",20.0,"1,E,12,",,,245.3,"1,E",15.6,",,,E",0.9640000000000001,"2,E",1.459,"1,,,E",0.46900000000000003,"1,,,E"
AGE00147713,1923-12-01,36.18,5.4,1081.0,"SETIF, AG",,,0.0,",E",12.0,",E",4.0,",E",0.0,",E",0.0,",E",25.0,",E",1.0,",E",0.0,",E",0.0,",E",19231222.0,"+,,E",19231212.0,",,E",19231229.0,",,E",-6.0,",E,22,+",25.0,",,E,12,",16.0,",E,29,",,,458.3,",E",57.5,",,,E",0.355,",E",0.8,",,,E",-0.09,",,,E"
AGE00147713,1924-01-01,36.18,5.4,1081.0,"SETIF, AG",0.0,E,0.0,"3,E",11.0,"1,E",6.0,"1,E",0.0,"1,E",0.0,"1,E",15.0,"1,E",1.0,"2,E",0.0,"2,E",0.0,"2,E",19240131.0,",1,E",19240131.0,",1,E",19240122.0,",2,E",-5.0,"1,E,31,",16.0,"1,,E,31,",18.0,"2,E,22,",,,381.8,"2,E",60.5,"1,,,E",0.46399999999999997,"3,E",0.914,"2,,,E",0.013000000000000001,"1,,,E"
AGE00147713,1924-02-01,36.18,5.4,1081.0,"SETIF, AG",0.0,E,0.0,"3,E",14.0,"1,E",6.0,"1,E",0.0,"1,E",0.0,"2,E",16.0,"2,E",1.0,"1,E",0.0,"1,E",0.0,"1,E",19240229.0,"+,2,E",19240201.0,",1,E",19240216.0,",1,E",-6.0,"2,E,29,+",18.5,"1,,E,01,",15.0,"1,E,16,",,,365.2,"1,E",59.9,"1,,,E",0.425,"3,E",0.8539999999999999,"1,,,E",-0.004,"2,,,E"
AGE00147713,1924-03-01,36.18,5.4,1081.0,"SETIF, AG",0.0,E,0.0,",E",14.0,",E",7.0,",E",0.0,",E",0.0,",E",1.0,",E",0.0,",E",0.0,",E",0.0,",E",19240301.0,",,E",19240320.0,",,E",19240325.0,",,E",-3.0,",E,01,",21.3,",,E,20,",20.0,",E,25,",,,295.3,",E",58.8,",,,E",0.881,",E",1.342,",,,E",0.41900000000000004,",,,E"
AGE00147713,1924-04-01,36.18,5.4,1081.0,"SETIF, AG",2.3,E,2.3,"2,E",4.0,"1,E",2.0,"1,E",0.0,"1,E",0.0,"1,E",1.0,"1,E",0.0,"1,E",8.0,"1,E",0.0,"1,E",19240404.0,",1,E",19240408.0,",1,E",19240425.0,",1,E",-1.0,"1,E,04,",7.3,"1,,E,08,",27.0,"1,E,25,",,,186.7,"1,E",15.5,"1,,,E",1.198,"2,E",1.807,"1,,,E",0.5900000000000001,"1,,,E"
AGE00147713,1924-05-01,36.18,5.4,1081.0,"SETIF, AG",50.0,E,47.7,"2,E",6.0,"1,E",2.0,"1,E",1.0,"1,E",0.0,"1,E",0.0,"1,E",0.0,"1,E",26.0,"1,E",0.0,"1,E",19240510.0,",1,E",19240530.0,",1,E",19240505.0,",1,E",2.0,"1,E,10,",26.8,"1,,E,30,",32.0,"1,E,05,",,,28.8,"1,E",32.4,"1,,,E",1.9,"2,E",2.62,"1,,,E",1.1800000000000002,"1,,,E"
AGE00147713,1924-06-01,36.18,5.4,1081.0,"SETIF, AG",116.5,E,66.5,"2,E",4.0,"1,E",1.0,"1,E",0.0,"1,E",0.0,"1,E",0.0,"1,E",0.0,"1,E",28.0,"1,E",0.0,"1,E",19240624.0,"+,1,E",19240607.0,",1,E",19240611.0,"+,1,E",7.0,"1,E,24,+",21.4,"1,,E,07,",32.0,"1,E,11,+",,,11.8,"1,E",24.3,"1,,,E",2.038,"2,E",2.728,"1,,,E",1.348,"1,,,E"
AGE00147713,1924-07-01,36.18,5.4,1081.0,"SETIF, AG",,,,,2.0,"2,E",0.0,"2,E",0.0,"2,E",0.0,"3,E",0.0,"3,E",0.0,"3,E",28.0,"3,E",12.0,"3,E",19240712.0,",3,E",19240717.0,",2,E",19240708.0,",3,E",10.0,"3,E,12,",1.0,"2,,E,17,",39.0,"3,E,08,",,,,,1.6,"2,,,E",2.445,"6,E",3.221,"3,,,E",1.668,"3,,,E"
AGE00147713,1924-08-01,36.18,5.4,1081.0,"SETIF, AG",,,179.7,"2,E",1.0,"1,E",1.0,"1,E",0.0,"1,E",0.0,"1,E",0.0,"1,E",0.0,"1,E",30.0,"1,E",12.0,"1,E",19240828.0,",1,E",19240809.0,",1,E",19240828.0,"+,1,E",10.0,"1,E,28,",4.9,"1,,E,09,",37.0,"1,E,28,+",,,0.3,"1,E",4.9,"1,,,E",2.44,"2,E",3.2,"1,,,E",1.6800000000000002,"1,,,E"
AGE00147713,1924-10-01,36.18,5.4,1081.0,"SETIF, AG",,,0.0,"1,E",9.0,",E",4.0,",E",0.0,",E",0.0,",E",0.0,",E",0.0,"1,E",10.0,"1,E",0.0,"1,E",19241031.0,"+,,E",19241004.0,",,E",19241013.0,",1,E",7.0,",E,31,+",7.4,",,E,04,",24.0,"1,E,13,",,,113.0,"1,E",22.7,",,,E",1.459,"1,E",1.97,"1,,,E",0.9480000000000001,",,,E"
AGE00147713,1924-11-01,36.18,5.4,1081.0,"SETIF, AG",,,0.0,"4,E",10.0,",E",5.0,",E",0.0,",E",0.0,"2,E",2.0,"2,E",0.0,"2,E",2.0,"2,E",0.0,"2,E",19241120.0,",2,E",19241128.0,",,E",19241104.0,",2,E",-1.0,"2,E,20,",11.0,",,E,28,",23.0,"2,E,04,",,,253.2,"2,E",34.8,",,,E",0.8859999999999999,"4,E",1.282,"2,,,E",0.489,"2,,,E"
AGE00147713,1924-12-01,36.18,5.4,1081.0,"SETIF, AG",,,0.0,"3,E",15.0,"1,E",6.0,"1,E",0.0,"1,E",0.0,"1,E",14.0,"1,E",0.0,"2,E",0.0,"2,E",0.0,"2,E",19241227.0,",1,E",19241215.0,",1,E",19241224.0,"+,2,E",-5.0,"1,E,27,",24.1,"1,,E,15,",14.0,"2,E,24,+",,,368.8,"2,E",81.0,"1,,,E",0.515,"3,E",0.924,"2,,,E",0.10700000000000001,"1,,,E"
AGE00147713,1925-02-01,36.18,5.4,1081.0,"SETIF, AG",,,0.0,"4,E",7.0,"2,E",2.0,"2,E",0.0,"2,E",0.0,"2,E",14.0,"2,E",0.0,"2,E",0.0,"2,E",0.0,"2,E",19250202.0,",2,E",19250225.0,",2,E",19250228.0,",2,E",-7.0,"2,E,02,",9.8,"2,,E,25,",17.0,"2,E,28,",,,317.0,"2,E",20.8,"2,,,E",0.519,"4,E",1.0150000000000001,"2,,,E",0.023,"2,,,E"
AGE00147713,1925-03-01,36.18,5.4,1081.0,"SETIF, AG",,,0.0,",E",12.0,",E",7.0,",E",0.0,",E",0.0,",E",12.0,",E",0.0,",E",0.0,",E",0.0,",E",19250320.0,"+,,E",19250317.0,",,E",19250309.0,",,E",-3.0,",E,20,+",15.8,",,E,17,",17.0,",E,09,",,,405.3,",E",60.1,",,,E",0.526,",E",0.9480000000000001,",,,E",0.10300000000000001,",,,E"
AGE00147713,1925-04-01,36.18,5.4,1081.0,"SETIF, AG",,,2.5,",E",11.0,",E",4.0,",E",0.0,",E",0.0,",E",1.0,",E",0.0,",E",8.0,",E",0.0,",E",19250409.0,",,E",19250413.0,",,E",19250419.0,",,E",0.0,",E,09,",10.3,",,E,13,",27.0,",E,19,",,,218.5,",E",34.3,",,,E",1.113,",E",1.687,",,,E",0.54,",,,E"
AGE00147713,1925-05-01,36.18,5.4,1081.0,"SETIF, AG",,,2.0,"2,E",10.0,"1,E",5.0,"1,E",0.0,"1,E",0.0,"1,E",0.0,"1,E",0.0,"1,E",12.0,"1,E",0.0,"1,E",19250512.0,"+,1,E",19250505.0,",1,E",19250525.0,",1,E",3.0,"1,E,12,+",12.1,"1,,E,05,",29.0,"1,E,25,",,,126.2,"1,E",34.5,"1,,,E",1.397,"2,E",2.0170000000000003,"1,,,E",0.7769999999999999,"1,,,E"
AGE00147713,1925-06-01,36.18,5.4,1081.0,"SETIF, AG",,,64.0,"2,E",6.0,"1,E",5.0,"1,E",0.0,"1,E",0.0,"1,E",0.0,"1,E",0.0,"1,E",28.0,"1,E",0.0,"1,E",19250601.0,",1,E",19250610.0,",1,E",19250624.0,"+,1,E",9.0,"1,E,01,",21.0,"1,,E,10,",32.0,"1,E,24,+",,,3.3,"1,E",63.4,"1,,,E",2.057,"2,E",2.745,"1,,,E",1.369,"1,,,E"
AGE00147713,1925-07-01,36.18,5.4,1081.0,"SETIF, AG",,,146.0,"2,E",3.0,"1,E",1.0,"1,E",0.0,"1,E",0.0,"1,E",0.0,"1,E",0.0,"1,E",29.0,"1,E",9.0,"1,E",19250711.0,",1,E",19250716.0,",1,E",19250729.0,"+,1,E",9.0,"1,E,11,",21.6,"1,,E,16,",37.0,"1,E,29,+",2.2,E,2.2,"1,E",24.7,"1,,,E",2.33,"2,E",3.023,"1,,,E",1.637,"1,,,E"
AGE00147713,1925-08-01,36.18,5.4,1081.0,"SETIF, AG",,,179.3,"2,E",1.0,"1,E",0.0,"1,E",0.0,"1,E",0.0,"1,E",0.0,"1,E",0.0,"1,E",30.0,"1,E",17.0,"1,E",19250831.0,"+,1,E",19250804.0,",1,E",19250810.0,",1,E",11.0,"1,E,31,+",0.5,"1,,E,04,",38.0,"1,E,10,",2.2,E,0.0,"1,E",0.5,"1,,,E",2.462,"2,E",3.22,"1,,,E",1.703,"1,,,E"
AGE00147713,1925-09-01,36.18,5.4,1081.0,"SETIF, AG",,,67.3,"2,E",14.0,",E",8.0,",E",0.0,",E",0.0,"1,E",0.0,"1,E",0.0,"1,E",22.0,"1,E",0.0,"1,E",19250930.0,",1,E",19250925.0,",,E",19250910.0,",1,E",5.0,"1,E,30,",22.6,",,E,25,",31.0,"1,E,10,",37.4,E,35.2,"1,E",92.5,",,,E",1.934,"2,E",2.5170000000000003,"1,,,E",1.3519999999999999,"1,,,E"
AGE00147713,1925-10-01,36.18,5.4,1081.0,"SETIF, AG",,,0.0,",E",10.0,",E",5.0,",E",1.0,",E",0.0,",E",0.0,",E",0.0,",E",0.0,",E",0.0,",E",19251019.0,",,E",19251014.0,",,E",19251022.0,",,E",1.0,",E,19,",37.1,",,E,14,",21.0,",E,22,",222.2,E,184.8,",E",82.7,",,,E",1.2369999999999999,",E",1.719,",,,E",0.755,",,,E"
AGE00147713,1925-11-01,36.18,5.4,1081.0,"SETIF, AG",,,0.0,"4,E",12.0,"2,E",6.0,"2,E",0.0,"2,E",0.0,"2,E",2.0,"2,E",0.0,"2,E",0.0,"2,E",0.0,"2,E",19251114.0,",2,E",19251108.0,",2,E",19251108.0,"+,2,E",-1.0,"2,E,14,",14.2,"2,,E,08,",17.0,"2,E,08,+",483.9,E,261.7,"2,E",52.9,"2,,,E",0.8130000000000001,"4,E",1.214,"2,,,E",0.41100000000000003,"2,,,E"
AGE00147713,1925-12-01,36.18,5.4,1081.0,"SETIF, AG",,,0.0,",E",8.0,",E",3.0,",E",0.0,",E",0.0,",E",10.0,",E",0.0,",E",0.0,",E",0.0,",E",19251218.0,",,E",19251211.0,",,E",19251227.0,"+,,E",-4.0,",E,18,",9.1,",,E,11,",18.0,",E,27,+",831.2,E,347.3,",E",31.1,",,,E",0.713,",E",1.174,",,,E",0.252,",,,E"
AGE00147713,1926-01-01,36.18,5.4,1081.0,"SETIF, AG",0.0,E,0.0,"2,E",8.0,"1,E",4.0,"1,E",0.0,"1,E",0.0,"1,E",8.0,"1,E",0.0,"1,E",0.0,"1,E",0.0,"1,E",19260123.0,",1,E",19260104.0,",1,E",19260130.0,"+,1,E",-2.0,"1,E,23,",19.1,"1,,E,04,",17.0,"1,E,30,+",1168.4,E,337.2,"1,E",38.3,"1,,,E",0.67,"2,E",1.143,"1,,,E",0.197,"1,,,E"
AGE00147713,1926-02-01,36.18,5.4,1081.0,"SETIF, AG",0.0,E,0.0,"3,E",6.0,"2,E",3.0,"2,E",0.0,"2,E",0.0,"2,E",3.0,"2,E",0.0,"2,E",1.0,"2,E",0.0,"2,E",19260219.0,"+,2,E",19260214.0,",2,E",19260221.0,",2,E",0.0,"2,E,19,+",17.0,"2,,E,14,",24.0,"2,E,21,",1390.2,E,221.8,"2,E",34.1,"2,,,E",0.942,"3,E",1.504,"2,,,E",0.381,"2,,,E"
AGE00147713,1926-03-01,36.18,5.4,1081.0,"SETIF, AG",0.0,E,0.0,"1,E",9.0,",E",3.0,",E",0.0,",E",0.0,",E",5.0,",E",0.0,"1,E",3.0,"1,E",0.0,"1,E",19260312.0,"+,,E",19260302.0,",,E",19260329.0,",1,E",-2.0,",E,12,+",8.3,",,E,02,",25.0,"1,E,29,",1648.7,E,258.5,"1,E",20.1,",,,E",0.968,"1,E",1.537,"1,,,E",0.4,",,,E"
AGE00147713,1926-04-01,36.18,5.4,1081.0,"SETIF, AG",0.5,E,0.5,"3,E",10.0,",E",5.0,",E",0.0,",E",0.0,"2,E",0.0,"2,E",0.0,"1,E",10.0,"1,E",0.0,"1,E",19260426.0,"+,2,E",19260423.0,",,E",19260428.0,",1,E",1.0,"2,E,26,+",19.9,",,E,23,",27.0,"1,E,28,",1796.2,E,147.5,"1,E",49.0,",,,E",1.2710000000000001,"3,E",1.9449999999999998,"1,,,E",0.596,"2,,,E"
AGE00147713,1926-05-01,36.18,5.4,1081.0,"SETIF, AG",12.7,E,12.2,"2,E",8.0,"1,E",2.0,"1,E",0.0,"1,E",0.0,"1,E",1.0,"1,E",0.0,"1,E",14.0,"1,E",0.0,"1,E",19260516.0,",1,E",19260522.0,",1,E",19260531.0,",1,E",0.0,"1,E,16,",15.9,"1,,E,22,",32.0,"1,E,31,",1923.0,E,126.8,"1,E",34.2,"1,,,E",1.4300000000000002,"2,E",2.057,"1,,,E",0.8029999999999999,"1,,,E"
AGE00147713,1926-06-01,36.18,5.4,1081.0,"SETIF, AG",78.5,E,65.8,"2,E",3.0,"1,E",2.0,"1,E",0.0,"1,E",0.0,"1,E",0.0,"1,E",0.0,"1,E",28.0,"1,E",3.0,"1,E",19260621.0,",1,E",19260625.0,",1,E",19260612.0,",1,E",6.0,"1,E,21,",11.0,"1,,E,25,",35.0,"1,E,12,",1947.2,E,24.2,"1,E",16.1,"1,,,E",1.9829999999999999,"2,E",2.693,"1,,,E",1.272,"1,,,E"
AGE00147713,1926-07-01,36.18,5.4,1081.0,"SETIF, AG",240.5,E,162.0,",E",3.0,",E",1.0,",E",0.0,",E",0.0,",E",0.0,",E",0.0,",E",31.0,",E",13.0,",E",19260729.0,",,E",19260705.0,",,E",19260725.0,"+,,E",9.0,",E,29,",2.6,",,E,05,",38.0,",E,25,+",3.8,E,3.8,",E",4.4,",,,E",2.3440000000000003,",E",3.123,",,,E",1.565,",,,E"
AGE00147713,1926-09-01,36.18,5.4,1081.0,"SETIF, AG",,,86.3,",E",7.0,",E",1.0,",E",0.0,",E",0.0,",E",0.0,",E",0.0,",E",28.0,",E",0.0,",E",19260930.0,",,E",19260903.0,",,E",19260905.0,"+,,E",8.0,",E,30,",3.6,",,E,03,",32.0,",E,05,+",,,7.8,",E",8.9,",,,E",2.0949999999999998,",E",2.7800000000000002,",,,E",1.41,",,,E"
AGE00147713,1926-11-01,36.18,5.4,1081.0,"SETIF, AG",,,0.0,",E",8.0,",E",3.0,",E",0.0,",E",0.0,",E",0.0,",E",0.0,",E",2.0,",E",0.0,",E",19261130.0,"+,,E",19261124.0,",,E",19261115.0,",,E",1.0,",E,30,+",10.3,",,E,24,",23.0,",E,15,",,,223.0,",E",30.3,",,,E",1.09,",E",1.5630000000000002,",,,E",0.617,",,,E"
AGE00147713,1926-12-01,36.18,5.4,1081.0,"SETIF, AG",,,0.0,"3,E",11.0,"1,E",5.0,"1,E",0.0,"1,E",0.0,"1,E",14.0,"1,E",0.0,"2,E",0.0,"2,E",0.0,"2,E",19261228.0,"+,1,E",19261203.0,",1,E",19261216.0,"+,2,E",-4.0,"1,E,28,+",19.3,"1,,E,03,",16.0,"2,E,16,+",,,374.3,"2,E",57.0,"1,,,E",0.47400000000000003,"3,E",0.9380000000000001,"2,,,E",0.01,"1,,,E"
AGE00147713,1927-02-01,36.18,5.4,1081.0,"SETIF, AG",,,0.0,"3,E",13.0,"2,E",2.0,"2,E",0.0,"2,E",0.0,"2,E",11.0,"2,E",0.0,"2,E",1.0,"2,E",0.0,"2,E",19270209.0,",2,E",19270220.0,",2,E",19270228.0,",2,E",-3.0,"2,E,09,",6.3,"2,,E,20,",24.0,"2,E,28,",,,304.3,"2,E",20.6,"2,,,E",0.621,"3,E",1.1039999999999999,"2,,,E",0.13799999999999998,"2,,,E"
AGE00147713,1927-03-01,36.18,5.4,1081.0,"SETIF, AG",,,0.0,"4,E",11.0,"2,E",7.0,"2,E",0.0,"2,E",0.0,"2,E",6.0,"2,E",0.0,"2,E",1.0,"2,E",0.0,"2,E",19270307.0,"+,2,E",19270319.0,",2,E",19270326.0,",2,E",-2.0,"2,E,07,+",10.4,"2,,E,19,",22.0,"2,E,26,",,,243.5,"2,E",38.1,"2,,,E",0.924,"4,E",1.51,"2,,,E",0.33799999999999997,"2,,,E"
AGE00147713,1927-04-01,36.18,5.4,1081.0,"SETIF, AG",,,,,3.0,"2,E",1.0,"2,E",0.0,"2,E",0.0,"2,E",0.0,"2,E",0.0,"2,E",11.0,"2,E",0.0,"2,E",19270420.0,"+,2,E",19270416.0,",2,E",19270429.0,",2,E",1.0,"2,E,20,+",2.5,"2,,E,16,",28.0,"2,E,29,",,,,,7.2,"2,,,E",1.3,"4,E",1.996,"2,,,E",0.604,"2,,,E"
AGE00147713,1927-05-01,36.18,5.4,1081.0,"SETIF, AG",,,,,9.0,"1,E",5.0,"1,E",1.0,"1,E",0.0,"3,E",0.0,"3,E",0.0,"5,E",16.0,"5,E",0.0,"5,E",19270507.0,",3,E",19270514.0,",1,E",19270531.0,",5,E",5.0,"3,E,07,",32.1,"1,,E,14,",30.0,"5,E,31,",,,,,79.5,"1,,,E",1.7149999999999999,"8,E",2.277,"5,,,E",1.154,"3,,,E"
AGE00147713,1927-06-01,36.18,5.4,1081.0,"SETIF, AG",,,,,1.0,",E",1.0,",E",0.0,",E",0.0,"3,E",0.0,"3,E",0.0,"3,E",27.0,"3,E",10.0,"3,E",19270606.0,",3,E",19270610.0,",,E",19270621.0,",3,E",8.0,"3,E,06,",3.5,",,E,10,",36.0,"3,E,21,",,,,,3.5,",,,E",2.302,"6,E",3.089,"3,,,E",1.5150000000000001,"3,,,E"
AGE00147713,1927-07-01,36.18,5.4,1081.0,"SETIF, AG",,,,,0.0,"3,E",0.0,"3,E",0.0,"3,E",0.0,"3,E",0.0,"3,E",0.0,"3,E",28.0,"3,E",20.0,"3,E",19270710.0,",3,E",19270731.0,"+,3,E",19270706.0,",3,E",11.0,"3,E,10,",0.0,"3,,E,31,+",39.0,"3,E,06,",,,,,0.0,"3,,,E",2.564,"6,E",3.382,"3,,,E",1.746,"3,,,E"
AGE00147713,1927-10-01,36.18,5.4,1081.0,"SETIF, AG",,,0.2,",E",9.0,"1,E",5.0,"1,E",0.0,"1,E",0.0,",E",0.0,",E",0.0,",E",7.0,",E",0.0,",E",19271021.0,",,E",19271018.0,",1,E",19271005.0,",,E",3.0,",E,21,",13.5,"1,,E,18,",26.0,",E,05,",,,121.5,",E",41.1,"1,,,E",1.442,",E",1.9940000000000002,",,,E",0.89,",,,E"
AGE00147713,1927-11-01,36.18,5.4,1081.0,"SETIF, AG",,,,,11.0,"4,E",3.0,"4,E",0.0,"4,E",0.0,"4,E",3.0,"4,E",0.0,"4,E",0.0,"4,E",0.0,"4,E",19271118.0,",4,E",19271127.0,",4,E",19271109.0,",4,E",-2.0,"4,E,18,",15.3,"4,,E,27,",21.0,"4,E,09,",,,,,44.4,"4,,,E",0.931,"8,E",1.369,"4,,,E",0.492,"4,,,E"
AGE00147713,1927-12-01,36.18,5.4,1081.0,"SETIF, AG",,,0.0,"2,E",14.0,"1,E",6.0,"1,E",0.0,"1,E",0.0,",E",5.0,",E",0.0,"2,E",0.0,"2,E",0.0,"2,E",19271229.0,",,E",19271208.0,",1,E",19271219.0,",2,E",-4.0,",E,29,",22.7,"1,,E,08,",15.0,"2,E,19,",,,342.7,"2,E",54.4,"1,,,E",0.649,"2,E",1.024,"2,,,E",0.274,",,,E"
AGE00147713,1928-01-01,36.18,5.4,1081.0,"SETIF, AG",0.0,E,0.0,"3,E",19.0,"1,E",6.0,"1,E",0.0,"1,E",0.0,"2,E",14.0,"2,E",0.0,"1,E",0.0,"1,E",0.0,"1,E",19280103.0,",2,E",19280110.0,",1,E",19280108.0,",1,E",-3.0,"2,E,03,",25.2,"1,,E,10,",13.0,"1,E,08,",,,374.8,"1,E",79.4,"1,,,E",0.492,"3,E",0.867,"1,,,E",0.11699999999999999,"2,,,E"
AGE00147713,1928-02-01,36.18,5.4,1081.0,"SETIF, AG",,,,,7.0,"3,E",2.0,"3,E",1.0,"3,E",0.0,"4,E",9.0,"4,E",0.0,"4,E",0.0,"4,E",0.0,"4,E",19280210.0,"+,4,E",19280205.0,",3,E",19280217.0,",4,E",-4.0,"4,E,10,+",34.5,"3,,E,05,",21.0,"4,E,17,",,,,,52.5,"3,,,E",0.688,"8,E",1.232,"4,,,E",0.144,"4,,,E"
AGE00147713,1928-03-01,36.18,5.4,1081.0,"SETIF, AG",,,0.0,"4,E",10.0,"2,E",9.0,"2,E",0.0,"2,E",0.0,"2,E",3.0,"2,E",0.0,"2,E",1.0,"2,E",0.0,"2,E",19280314.0,",2,E",19280301.0,",2,E",19280331.0,",2,E",-1.0,"2,E,14,",19.9,"2,,E,01,",23.0,"2,E,31,",,,267.0,"2,E",93.6,"2,,,E",0.8480000000000001,"4,E",1.345,"2,,,E",0.352,"2,,,E"
AGE00147713,1928-04-01,36.18,5.4,1081.0,"SETIF, AG",,,3.5,"2,E",7.0,"1,E",1.0,"1,E",0.0,"1,E",0.0,"1,E",2.0,"1,E",0.0,"1,E",9.0,"1,E",0.0,"1,E",19280424.0,",1,E",19280406.0,",1,E",19280426.0,"+,1,E",-1.0,"1,E,24,",3.9,"1,,E,06,",27.0,"1,E,26,+",,,163.8,"1,E",9.5,"1,,,E",1.274,"2,E",1.907,"1,,,E",0.641,"1,,,E"
AGE00147713,1928-05-01,36.18,5.4,1081.0,"SETIF, AG",,,10.3,"2,E",8.0,"1,E",2.0,"1,E",0.0,"1,E",0.0,"1,E",0.0,"1,E",0.0,"1,E",15.0,"1,E",0.0,"1,E",19280521.0,",1,E",19280506.0,",1,E",19280501.0,",1,E",3.0,"1,E,21,",14.3,"1,,E,06,",31.0,"1,E,01,",,,104.5,"1,E",24.0,"1,,,E",1.488,"2,E",2.1670000000000003,"1,,,E",0.8099999999999999,"1,,,E"
AGE00147713,1928-06-01,36.18,5.4,1081.0,"SETIF, AG",,,161.7,"2,E",2.0,"1,E",1.0,"1,E",0.0,"1,E",0.0,"1,E",0.0,"1,E",0.0,"1,E",29.0,"1,E",18.0,"1,E",19280617.0,"+,1,E",19280630.0,",1,E",19280624.0,"+,1,E",11.0,"1,E,17,+",4.5,"1,,E,30,",36.0,"1,E,24,+",,,0.0,"1,E",5.8,"1,,,E",2.409,"2,E",3.2479999999999998,"1,,,E",1.569,"1,,,E"
AGE00147713,1928-07-01,36.18,5.4,1081.0,"SETIF, AG",,,,,6.0,"3,E",5.0,"3,E",0.0,"3,E",0.0,"3,E",0.0,"3,E",0.0,"3,E",28.0,"3,E",11.0,"3,E",19280719.0,"+,3,E",19280715.0,",3,E",19280731.0,",3,E",13.0,"3,E,19,+",21.0,"3,,E,15,",37.0,"3,E,31,",,,,,66.8,"3,,,E",2.37,"6,E",3.086,"3,,,E",1.654,"3,,,E"
AGE00147713,1928-09-01,36.18,5.4,1081.0,"SETIF, AG",,,79.7,",E",7.0,",E",3.0,",E",1.0,",E",0.0,",E",0.0,",E",0.0,",E",30.0,",E",3.0,",E",19280917.0,",,E",19280915.0,",,E",19280902.0,"+,,E",10.0,",E,17,",28.7,",,E,15,",34.0,",E,02,+",,,6.2,",E",44.0,",,,E",2.0780000000000003,",E",2.697,",,,E",1.46,",,,E"
AGE00147713,1928-10-01,36.18,5.4,1081.0,"SETIF, AG",,,20.8,"1,E",10.0,"1,E",5.0,"1,E",0.0,"1,E",0.0,",E",0.0,",E",0.0,"1,E",17.0,"1,E",0.0,"1,E",19281023.0,",,E",19281030.0,",1,E",19281001.0,",1,E",6.0,",E,23,",18.0,"1,,E,30,",29.0,"1,E,01,",,,85.3,"1,E",53.5,"1,,,E",1.612,"1,E",2.137,"1,,,E",1.087,",,,E"
AGE00147713,1928-11-01,36.18,5.4,1081.0,"SETIF, AG",,,,,11.0,"3,E",7.0,"3,E",0.0,"3,E",0.0,"5,E",1.0,"5,E",0.0,"3,E",1.0,"3,E",0.0,"3,E",19281130.0,",5,E",19281129.0,",3,E",19281121.0,",3,E",-2.0,"5,E,30,",11.5,"3,,E,29,",22.0,"3,E,21,",,,,,56.5,"3,,,E",0.861,"8,E",1.367,"3,,,E",0.356,"5,,,E"
AGE00147713,1928-12-01,36.18,5.4,1081.0,"SETIF, AG",,,0.0,"4,E",14.0,"2,E",8.0,"2,E",0.0,"2,E",0.0,"2,E",19.0,"2,E",0.0,"2,E",0.0,"2,E",0.0,"2,E",19281217.0,"+,2,E",19281201.0,",2,E",19281228.0,",2,E",-2.0,"2,E,17,+",12.2,"2,,E,01,",15.0,"2,E,28,",,,371.0,"2,E",49.8,"2,,,E",0.45499999999999996,"4,E",0.8859999999999999,"2,,,E",0.024,"2,,,E"
AGE00147713,1929-01-01,36.18,5.4,1081.0,"SETIF, AG",,,,,10.0,"3,E",5.0,"3,E",0.0,"3,E",0.0,"3,E",19.0,"3,E",0.0,"3,E",0.0,"3,E",0.0,"3,E",19290105.0,",3,E",19290109.0,",3,E",19290130.0,",3,E",-4.0,"3,E,05,",7.6,"3,,E,09,",15.0,"3,E,30,",,,,,27.5,"3,,,E",0.396,"6,E",0.8109999999999999,"3,,,E",-0.018,"3,,,E"
AGE00147713,1929-02-01,36.18,5.4,1081.0,"SETIF, AG",,,,,17.0,"3,E",5.0,"3,E",0.0,"3,E",0.0,"4,E",14.0,"4,E",0.0,"3,E",0.0,"3,E",0.0,"3,E",19290212.0,"+,4,E",19290203.0,",3,E",19290224.0,",3,E",-3.0,"4,E,12,+",15.1,"3,,E,03,",16.0,"3,E,24,",,,,,65.3,"3,,,E",0.485,"7,E",0.932,"3,,,E",0.038,"4,,,E"
AGE00147713,1929-03-01,36.18,5.4,1081.0,"SETIF, AG",,,0.0,",E",11.0,",E",5.0,",E",0.0,",E",0.0,",E",8.0,",E",0.0,",E",0.0,",E",0.0,",E",19290301.0,",,E",19290302.0,",,E",19290314.0,"+,,E",-4.0,",E,01,",11.9,",,E,02,",20.0,",E,14,+",,,315.3,",E",33.1,",,,E",0.8160000000000001,",E",1.345,",,,E",0.28700000000000003,",,,E"
AGE00147713,1929-04-01,36.18,5.4,1081.0,"SETIF, AG",,,2.2,"2,E",4.0,"1,E",1.0,"1,E",0.0,"1,E",0.0,"1,E",2.0,"1,E",0.0,"1,E",7.0,"1,E",0.0,"1,E",19290408.0,",1,E",19290403.0,",1,E",19290426.0,",1,E",-3.0,"1,E,08,",2.6,"1,,E,03,",27.0,"1,E,26,",,,165.5,"1,E",5.9,"1,,,E",1.252,"2,E",1.9140000000000001,"1,,,E",0.5900000000000001,"1,,,E"
AGE00147713,1929-05-01,36.18,5.4,1081.0,"SETIF, AG",,,7.5,"4,E",8.0,"2,E",5.0,"2,E",1.0,"2,E",0.0,"2,E",0.0,"2,E",0.0,"2,E",17.0,"2,E",0.0,"2,E",19290502.0,",2,E",19290509.0,",2,E",19290530.0,",2,E",2.0,"2,E,02,",39.7,"2,,E,09,",28.0,"2,E,30,",,,77.0,"2,E",77.4,"2,,,E",1.559,"4,E",2.159,"2,,,E",0.959,"2,,,E"
AGE00147713,1929-06-01,36.18,5.4,1081.0,"SETIF, AG",,,61.2,"4,E",4.0,"2,E",4.0,"2,E",2.0,"2,E",0.0,"2,E",0.0,"2,E",0.0,"2,E",27.0,"2,E",1.0,"2,E",19290603.0,",2,E",19290619.0,",2,E",19290630.0,",2,E",8.0,"2,E,03,",43.5,"2,,E,19,",33.0,"2,E,30,",,,13.3,"2,E",85.9,"2,,,E",2.0,"4,E",2.679,"2,,,E",1.3210000000000002,"2,,,E"
AGE00147713,1929-07-01,36.18,5.4,1081.0,"SETIF, AG",,,158.5,"4,E",4.0,"2,E",1.0,"2,E",0.0,"2,E",0.0,"2,E",0.0,"2,E",0.0,"2,E",29.0,"2,E",11.0,"2,E",19290712.0,"+,2,E",19290716.0,",2,E",19290726.0,",2,E",12.0,"2,E,12,+",6.8,"2,,E,16,",38.0,"2,E,26,",0.0,E,0.0,"2,E",8.8,"2,,,E",2.428,"4,E",3.141,"2,,,E",1.714,"2,,,E"
AGE00147713,1929-08-01,36.18,5.4,1081.0,"SETIF, AG",,,111.2,"4,E",2.0,"1,E",1.0,"1,E",0.0,"1,E",0.0,"2,E",0.0,"2,E",0.0,"2,E",28.0,"2,E",8.0,"2,E",19290823.0,",2,E",19290817.0,",1,E",19290816.0,"+,2,E",10.0,"2,E,23,",19.3,"1,,E,17,",35.0,"2,E,16,+",4.7,E,4.7,"2,E",20.4,"1,,,E",2.255,"4,E",2.924,"2,,,E",1.5859999999999999,"2,,,E"
AGE00147713,1929-09-01,36.18,5.4,1081.0,"SETIF, AG",,,,,10.0,"3,E",7.0,"3,E",1.0,"3,E",0.0,"3,E",0.0,"3,E",0.0,"3,E",21.0,"3,E",0.0,"3,E",19290929.0,"+,3,E",19290909.0,",3,E",19290903.0,"+,3,E",7.0,"3,E,29,+",35.6,"3,,E,09,",32.0,"3,E,03,+",,,,,86.9,"3,,,E",2.0309999999999997,"6,E",2.57,"3,,,E",1.4929999999999999,"3,,,E"
AGE00147713,1929-10-01,36.18,5.4,1081.0,"SETIF, AG",,,0.0,"3,E",4.0,"1,E",4.0,"1,E",0.0,"1,E",0.0,"2,E",0.0,"2,E",0.0,"1,E",11.0,"1,E",0.0,"1,E",19291029.0,",2,E",19291006.0,",1,E",19291002.0,",1,E",4.0,"2,E,29,",7.0,"1,,E,06,",26.0,"1,E,02,",,,136.3,"1,E",21.8,"1,,,E",1.338,"3,E",1.92,"1,,,E",0.755,"2,,,E"
AGE00147713,1929-11-01,36.18,5.4,1081.0,"SETIF, AG",,,0.0,"5,E",9.0,"3,E",4.0,"3,E",0.0,"3,E",0.0,"3,E",1.0,"3,E",0.0,"3,E",0.0,"3,E",0.0,"3,E",19291126.0,",3,E",19291108.0,",3,E",19291130.0,"+,3,E",0.0,"3,E,26,",21.5,"3,,E,08,",20.0,"3,E,30,+",,,229.3,"3,E",57.9,"3,,,E",0.8960000000000001,"5,E",1.381,"3,,,E",0.41100000000000003,"3,,,E"
AGE00147713,1929-12-01,36.18,5.4,1081.0,"SETIF, AG",,,0.0,"3,E",11.0,"1,E",4.0,"1,E",0.0,"1,E",0.0,"2,E",5.0,"2,E",0.0,"1,E",0.0,"1,E",0.0,"1,E",19291220.0,",2,E",19291222.0,",1,E",19291229.0,"+,1,E",-4.0,"2,E,20,",14.6,"1,,E,22,",18.0,"1,E,29,+",,,300.8,"1,E",40.1,"1,,,E",0.74,"3,E",1.2630000000000001,"1,,,E",0.217,"2,,,E"
AGE00147713,1930-01-01,36.18,5.4,1081.0,"SETIF, AG",,,,,12.0,"2,E",3.0,"2,E",0.0,"2,E",0.0,"2,E",14.0,"2,E",0.0,"2,E",0.0,"2,E",0.0,"2,E",19300131.0,"+,2,E",19300126.0,",2,E",19300114.0,",2,E",-2.0,"2,E,31,+",7.0,"2,,E,26,",18.0,"2,E,14,",,,,,22.6,"2,,,E",0.614,"4,E",1.093,"2,,,E",0.134,"2,,,E"
AGE00147713,1930-02-01,36.18,5.4,1081.0,"SETIF, AG",,,0.0,",E",14.0,",E",4.0,",E",0.0,",E",0.0,",E",17.0,",E",0.0,",E",0.0,",E",0.0,",E",19300220.0,",,E",19300221.0,",,E",19300228.0,"+,,E",-5.0,",E,20,",8.4,",,E,21,",15.0,",E,28,+",,,382.8,",E",30.9,",,,E",0.466,",E",0.907,",,,E",0.025,",,,E"
AGE00147713,1930-03-01,36.18,5.4,1081.0,"SETIF, AG",,,0.0,",E",4.0,",E",1.0,",E",0.0,",E",0.0,",E",3.0,",E",0.0,",E",3.0,",E",0.0,",E",19300312.0,",,E",19300324.0,",,E",19300317.0,",,E",-2.0,",E,12,",4.6,",,E,24,",25.0,",E,17,",,,233.8,",E",8.6,",,,E",1.079,",E",1.716,",,,E",0.442,",,,E"
AGE00147713,1930-04-01,36.18,5.4,1081.0,"SETIF, AG",,,1.7,",E",9.0,",E",4.0,",E",0.0,",E",0.0,",E",5.0,",E",0.0,",E",8.0,",E",0.0,",E",19300418.0,"+,,E",19300407.0,",,E",19300427.0,",,E",-1.0,",E,18,+",12.7,",,E,07,",27.0,",E,27,",,,232.2,",E",41.8,",,,E",1.065,",E",1.65,",,,E",0.48,",,,E"
AGE00147713,1930-05-01,36.18,5.4,1081.0,"SETIF, AG",,,,,3.0,"3,E",2.0,"3,E",0.0,"3,E",0.0,"3,E",0.0,"3,E",0.0,"3,E",18.0,"3,E",0.0,"3,E",19300509.0,",3,E",19300524.0,",3,E",19300521.0,",3,E",1.0,"3,E,09,",10.0,"3,,E,24,",30.0,"3,E,21,",,,,,13.1,"3,,,E",1.588,"6,E",2.307,"3,,,E",0.868,"3,,,E"
AGE00147713,1930-06-01,36.18,5.4,1081.0,"SETIF, AG",,,76.2,"3,E",6.0,"2,E",1.0,"2,E",0.0,"2,E",0.0,"1,E",0.0,"1,E",0.0,"2,E",26.0,"2,E",2.0,"2,E",19300621.0,",1,E",19300626.0,",2,E",19300629.0,"+,2,E",10.0,"1,E,21,",6.7,"2,,E,26,",34.0,"2,E,29,+",,,4.2,"2,E",13.1,"2,,,E",2.101,"3,E",2.779,"2,,,E",1.424,"1,,,E"
AGE00147713,1930-09-01,36.18,5.4,1081.0,"SETIF, AG",,,,,5.0,"4,E",3.0,"4,E",0.0,"4,E",0.0,"4,E",0.0,"4,E",0.0,"4,E",23.0,"4,E",1.0,"4,E",19300917.0,",4,E",19300913.0,",4,E",19300906.0,",4,E",8.0,"4,E,17,",7.8,"4,,E,13,",33.0,"4,E,06,",,,,,19.3,"4,,,E",2.075,"8,E",2.758,"4,,,E",1.392,"4,,,E"
AGE00147713,1930-11-01,36.18,5.4,1081.0,"SETIF, AG",,,0.0,",E",2.0,",E",0.0,",E",0.0,",E",0.0,",E",0.0,",E",0.0,",E",6.0,",E",0.0,",E",19301115.0,",,E",19301113.0,",,E",19301125.0,",,E",1.0,",E,15,",2.4,",,E,13,",27.0,",E,25,",,,176.5,",E",2.8,",,,E",1.2449999999999999,",E",1.86,",,,E",0.63,",,,E"
AGE00147713,1930-12-01,36.18,5.4,1081.0,"SETIF, AG",,,0.0,",E",16.0,",E",12.0,",E",1.0,",E",0.0,",E",4.0,",E",0.0,",E",0.0,",E",0.0,",E",19301228.0,"+,,E",19301226.0,",,E",19301206.0,",,E",0.0,",E,28,+",35.0,",,E,26,",18.0,",E,06,",,,348.8,",E",113.5,",,,E",0.708,",E",1.045,",,,E",0.371,",,,E"
AGE00147713,1931-01-01,36.18,5.4,1081.0,"SETIF, AG",0.0,E,0.0,",E",13.0,",E",6.0,",E",0.0,",E",0.0,",E",11.0,",E",0.0,",E",0.0,",E",0.0,",E",19310113.0,",,E",19310116.0,",,E",19310103.0,",,E",-4.0,",E,13,",6.4,",,E,16,",20.0,",E,03,",,,381.3,",E",30.0,",,,E",0.603,",E",1.019,",,,E",0.187,",,,E"
AGE00147713,1931-02-01,36.18,5.4,1081.0,"SETIF, AG",,,,,16.0,"3,E",9.0,"3,E",0.0,"3,E",0.0,"3,E",20.0,"3,E",0.0,"3,E",0.0,"3,E",0.0,"3,E",19310227.0,",3,E",19310202.0,",3,E",19310228.0,"+,3,E",-4.0,"3,E,27,",12.0,"3,,E,02,",14.0,"3,E,28,+",,,,,49.4,"3,,,E",0.32599999999999996,"4,E",0.74,"3,,,E",-0.088,"3,,,E"
AGE00147713,1931-03-01,36.18,5.4,1081.0,"SETIF, AG",,,0.0,",E",5.0,",E",2.0,",E",0.0,",E",0.0,",E",0.0,",E",0.0,",E",4.0,",E",0.0,",E",19310302.0,"+,,E",19310316.0,",,E",19310311.0,",,E",2.0,",E,02,+",10.4,",,E,16,",25.0,",E,11,",,,198.8,",E",17.9,",,,E",1.192,",E",1.777,",,,E",0.606,",,,E"
AGE00147713,1931-04-01,36.18,5.4,1081.0,"SETIF, AG",,,0.0,",E",6.0,",E",3.0,",E",0.0,",E",0.0,",E",1.0,",E",0.0,",E",7.0,",E",0.0,",E",19310421.0,",,E",19310424.0,",,E",19310430.0,"+,,E",-1.0,",E,21,",10.0,",,E,24,",23.0,",E,30,+",,,171.0,",E",20.9,",,,E",1.2630000000000001,",E",1.9170000000000003,",,,E",0.61,",,,E"
AGE00147713,1931-05-01,36.18,5.4,1081.0,"SETIF, AG",,,46.5,",E",4.0,",E",2.0,",E",0.0,",E",0.0,",E",0.0,",E",0.0,",E",19.0,",E",1.0,",E",19310511.0,"+,,E",19310504.0,",,E",19310524.0,",,E",3.0,",E,11,+",9.5,",,E,04,",33.0,",E,24,",,,88.8,",E",18.1,",,,E",1.6969999999999998,",E",2.368,",,,E",1.026,",,,E"
AGE00147713,1931-06-01,36.18,5.4,1081.0,"SETIF, AG",,,199.3,",E",3.0,",E",1.0,",E",0.0,",E",0.0,",E",0.0,",E",0.0,",E",29.0,",E",16.0,",E",19310609.0,"+,,E",19310604.0,",,E",19310629.0,"+,,E",13.0,",E,09,+",2.5,",,E,04,",36.0,",E,29,+",,,0.8,",E",6.0,",,,E",2.495,",E",3.183,",,,E",1.807,",,,E"
AGE00147713,1931-07-01,36.18,5.4,1081.0,"SETIF, AG",,,283.5,",E",0.0,",E",0.0,",E",0.0,",E",0.0,",E",0.0,",E",0.0,",E",31.0,",E",26.0,",E",19310722.0,",,E",19310710.0,",,E",19310713.0,",,E",13.0,",E,22,",0.2,",,E,10,",40.0,",E,13,",0.3,E,0.3,",E",0.2,",,,E",2.747,",E",3.497,",,,E",1.9969999999999999,",,,E"
AGE00147713,1931-09-01,36.18,5.4,1081.0,"SETIF, AG",,,,,6.0,"5,E",1.0,"5,E",0.0,"5,E",0.0,"5,E",0.0,"5,E",0.0,"5,E",22.0,"5,E",6.0,"5,E",19310918.0,"+,5,E",19310924.0,",5,E",19310910.0,"+,5,E",9.0,"5,E,18,+",4.6,"5,,E,24,",35.0,"5,E,10,+",,,,,10.0,"5,,,E",2.114,"8,E",2.7760000000000002,"5,,,E",1.452,"5,,,E"
AGE00147713,1931-11-01,36.18,5.4,1081.0,"SETIF, AG",,,0.0,"4,E",11.0,"1,E",5.0,"1,E",0.0,"1,E",0.0,"2,E",0.0,"2,E",0.0,"2,E",1.0,"2,E",0.0,"2,E",19311114.0,",2,E",19311116.0,",1,E",19311112.0,",2,E",2.0,"2,E,14,",23.3,"1,,E,16,",22.0,"2,E,12,",,,201.2,"2,E",49.9,"1,,,E",1.0699999999999998,"4,E",1.496,"2,,,E",0.643,"2,,,E"
AGE00147713,1931-12-01,36.18,5.4,1081.0,"SETIF, AG",,,0.0,"5,E",9.0,"3,E",5.0,"3,E",2.0,"3,E",0.0,"3,E",11.0,"3,E",0.0,"3,E",0.0,"3,E",0.0,"3,E",19311222.0,",3,E",19311209.0,",3,E",19311206.0,",3,E",-4.0,"3,E,22,",44.7,"3,,E,09,",19.0,"3,E,06,",,,343.7,"3,E",118.8,"3,,,E",0.525,"5,E",0.907,"3,,,E",0.143,"3,,,E"
AGE00147713,1932-01-01,36.18,5.4,1081.0,"SETIF, AG",,,,,9.0,"4,E",6.0,"4,E",0.0,"4,E",0.0,"5,E",6.0,"5,E",0.0,"4,E",0.0,"4,E",0.0,"4,E",19320103.0,",5,E",19320102.0,",4,E",19320128.0,",4,E",-4.0,"5,E,03,",22.3,"4,,E,02,",15.0,"4,E,28,",,,,,48.2,"4,,,E",0.615,"8,E",1.03,"4,,,E",0.2,"5,,,E"
AGE00147713,1932-02-01,36.18,5.4,1081.0,"SETIF, AG",,,0.0,"3,E",11.0,"1,E",4.0,"1,E",0.0,"1,E",0.0,"2,E",16.0,"2,E",0.0,"1,E",0.0,"1,E",0.0,"1,E",19320205.0,",2,E",19320222.0,",1,E",19320205.0,",1,E",-4.0,"2,E,05,",18.7,"1,,E,22,",15.0,"1,E,05,",,,344.2,"1,E",42.2,"1,,,E",0.499,"3,E",0.954,"1,,,E",0.044,"2,,,E"
AGE00147713,1932-03-01,36.18,5.4,1081.0,"SETIF, AG",,,0.0,"5,E",7.0,"3,E",6.0,"3,E",0.0,"3,E",0.0,"3,E",6.0,"3,E",0.0,"3,E",3.0,"3,E",0.0,"3,E",19320323.0,",3,E",19320316.0,",3,E",19320314.0,",3,E",-1.0,"3,E,23,",16.4,"3,,E,16,",24.0,"3,E,14,",,,223.7,"3,E",43.1,"3,,,E",0.966,"5,E",1.532,"3,,,E",0.4,"3,,,E"
AGE00147713,1932-04-01,36.18,5.4,1081.0,"SETIF, AG",,,0.0,"3,E",5.0,"2,E",2.0,"2,E",0.0,"2,E",0.0,"1,E",3.0,"1,E",0.0,"2,E",2.0,"2,E",0.0,"2,E",19320414.0,",1,E",19320422.0,",2,E",19320402.0,",2,E",-2.0,"1,E,14,",9.3,"2,,E,22,",24.0,"2,E,02,",,,187.0,"2,E",15.4,"2,,,E",1.1480000000000001,"3,E",1.768,"2,,,E",0.528,"1,,,E"
AGE00147713,1932-05-01,36.18,5.4,1081.0,"SETIF, AG",,,,,3.0,"4,E",3.0,"4,E",0.0,"4,E",0.0,"5,E",0.0,"5,E",0.0,"4,E",21.0,"4,E",0.0,"4,E",19320513.0,",5,E",19320518.0,",4,E",19320519.0,",4,E",1.0,"5,E,13,",17.0,"4,,E,18,",28.0,"4,E,19,",,,,,27.3,"4,,,E",1.657,"9,E",2.33,"4,,,E",0.985,"5,,,E"
AGE00147713,1932-09-01,36.18,5.4,1081.0,"SETIF, AG",,,70.0,"4,E",4.0,"2,E",2.0,"2,E",0.0,"2,E",0.0,"2,E",0.0,"2,E",0.0,"2,E",24.0,"2,E",0.0,"2,E",19320905.0,",2,E",19320926.0,",2,E",19320910.0,"+,2,E",11.0,"2,E,05,",15.0,"2,,E,26,",32.0,"2,E,10,+",,,9.7,"2,E",28.0,"2,,,E",2.066,"4,E",2.589,"2,,,E",1.543,"2,,,E"
AGE00147713,1932-11-01,36.18,5.4,1081.0,"SETIF, AG",,,,,6.0,"4,E",3.0,"4,E",0.0,"4,E",0.0,"5,E",0.0,"5,E",0.0,"4,E",0.0,"4,E",0.0,"4,E",19321124.0,",5,E",19321120.0,",4,E",19321105.0,",4,E",1.0,"5,E,24,",23.0,"4,,E,20,",18.0,"4,E,05,",,,,,55.4,"4,,,E",0.942,"9,E",1.408,"4,,,E",0.476,"5,,,E"
AGE00147713,1933-03-01,36.18,5.4,1081.0,"SETIF, AG",,,,,8.0,"3,E",4.0,"3,E",0.0,"3,E",0.0,"4,E",3.0,"4,E",0.0,"4,E",0.0,"4,E",0.0,"4,E",19330323.0,"+,4,E",19330325.0,",3,E",19330323.0,",4,E",-1.0,"4,E,23,+",11.3,"3,,E,25,",21.0,"4,E,23,",,,,,29.6,"3,,,E",0.8699999999999999,"7,E",1.415,"4,,,E",0.32599999999999996,"4,,,E"
AGE00147713,1933-04-01,36.18,5.4,1081.0,"SETIF, AG",,,0.7,"4,E",4.0,"2,E",4.0,"2,E",1.0,"2,E",0.0,"2,E",0.0,"2,E",0.0,"2,E",4.0,"2,E",0.0,"2,E",19330423.0,",2,E",19330417.0,",2,E",19330430.0,"+,2,E",1.0,"2,E,23,",37.0,"2,,E,17,",24.0,"2,E,30,+",,,164.3,"2,E",54.6,"2,,,E",1.2109999999999999,"4,E",1.839,"2,,,E",0.5820000000000001,"2,,,E"
AGE00147713,1933-05-01,36.18,5.4,1081.0,"SETIF, AG",,,11.2,"4,E",6.0,"1,E",4.0,"1,E",1.0,"1,E",0.0,"2,E",0.0,"2,E",0.0,"2,E",17.0,"2,E",0.0,"2,E",19330528.0,"+,2,E",19330522.0,",1,E",19330501.0,",2,E",6.0,"2,E,28,+",28.4,"1,,E,22,",29.0,"2,E,01,",,,71.2,"2,E",67.4,"1,,,E",1.614,"4,E",2.248,"2,,,E",0.9789999999999999,"2,,,E"
AGE00147713,1933-06-01,36.18,5.4,1081.0,"SETIF, AG",,,25.2,"3,E",6.0,"1,E",2.0,"1,E",0.0,"1,E",0.0,"2,E",0.0,"2,E",0.0,"1,E",22.0,"1,E",0.0,"1,E",19330612.0,"+,2,E",19330619.0,",1,E",19330626.0,",1,E",8.0,"2,E,12,+",9.0,"1,,E,19,",32.0,"1,E,26,",,,37.7,"1,E",22.0,"1,,,E",1.8030000000000002,"3,E",2.441,"1,,,E",1.1640000000000001,"2,,,E"
AGE00147713,1933-07-01,36.18,5.4,1081.0,"SETIF, AG",,,176.5,"4,E",0.0,"2,E",0.0,"2,E",0.0,"2,E",0.0,"2,E",0.0,"2,E",0.0,"2,E",29.0,"2,E",15.0,"2,E",19330704.0,",2,E",19330731.0,"+,2,E",19330720.0,"+,2,E",12.0,"2,E,04,",0.0,"2,,E,31,+",35.0,"2,E,20,+",0.0,E,0.0,"2,E",0.0,"2,,,E",2.493,"4,E",3.21,"2,,,E",1.7760000000000002,"2,,,E"
AGE00147713,1933-08-01,36.18,5.4,1081.0,"SETIF, AG",,,145.8,"5,E",4.0,"3,E",1.0,"3,E",0.0,"3,E",0.0,"3,E",0.0,"3,E",0.0,"3,E",28.0,"3,E",12.0,"3,E",19330805.0,",3,E",19330817.0,",3,E",19330822.0,",3,E",11.0,"3,E,05,",2.5,"3,,E,17,",35.0,"3,E,22,",0.0,E,0.0,"3,E",7.1,"3,,,E",2.391,"5,E",3.1109999999999998,"3,,,E",1.671,"3,,,E"
AGE00147713,1933-09-01,36.18,5.4,1081.0,"SETIF, AG",,,71.2,"5,E",6.0,"3,E",3.0,"3,E",0.0,"3,E",0.0,"2,E",0.0,"2,E",0.0,"3,E",25.0,"3,E",0.0,"3,E",19330923.0,",2,E",19330910.0,",3,E",19330915.0,",3,E",7.0,"2,E,23,",21.9,"3,,E,10,",32.0,"3,E,15,",9.5,E,9.5,"3,E",48.3,"3,,,E",2.096,"5,E",2.678,"3,,,E",1.514,"2,,,E"
AGE00147713,1933-11-01,36.18,5.4,1081.0,"SETIF, AG",,,,,13.0,"4,E",8.0,"4,E",0.0,"4,E",0.0,"4,E",1.0,"4,E",0.0,"4,E",0.0,"4,E",0.0,"4,E",19331127.0,",4,E",19331103.0,",4,E",19331119.0,",4,E",-2.0,"4,E,27,",21.2,"4,,E,03,",17.0,"4,E,19,",,,,,73.8,"4,,,E",0.75,"8,E",1.135,"4,,,E",0.365,"4,,,E"
AGE00147713,1934-02-01,36.18,5.4,1081.0,"SETIF, AG",,,,,2.0,"4,E",0.0,"4,E",0.0,"4,E",0.0,"4,E",15.0,"4,E",0.0,"3,E",0.0,"3,E",0.0,"3,E",19340201.0,",4,E",19340226.0,",4,E",19340224.0,"+,3,E",-5.0,"4,E,01,",1.8,"4,,E,26,",17.0,"3,E,24,+",,,,,2.1,"4,,,E",0.5,"7,E",1.02,"3,,,E",-0.020999999999999998,"4,,,E"
AGE00147713,1934-04-01,36.18,5.4,1081.0,"SETIF, AG",,,,,6.0,"4,E",4.0,"4,E",0.0,"4,E",0.0,"5,E",0.0,"5,E",0.0,"4,E",9.0,"4,E",0.0,"4,E",19340426.0,"+,5,E",19340401.0,",4,E",19340418.0,"+,4,E",1.0,"5,E,26,+",8.8,"4,,E,01,",26.0,"4,E,18,+",,,,,30.8,"4,,,E",1.2630000000000001,"9,E",1.862,"4,,,E",0.6639999999999999,"5,,,E"
AGE00147713,1934-05-01,36.18,5.4,1081.0,"SETIF, AG",,,,,8.0,"4,E",4.0,"4,E",0.0,"4,E",0.0,"4,E",0.0,"4,E",0.0,"4,E",12.0,"4,E",0.0,"4,E",19340503.0,",4,E",19340502.0,",4,E",19340531.0,",4,E",3.0,"4,E,03,",11.7,"4,,E,02,",28.0,"4,E,31,",,,,,30.8,"4,,,E",1.502,"8,E",2.119,"4,,,E",0.885,"4,,,E"
AGE00147713,1934-06-01,36.18,5.4,1081.0,"SETIF, AG",,,,,4.0,"5,E",2.0,"5,E",0.0,"5,E",0.0,"5,E",0.0,"5,E",0.0,"5,E",25.0,"5,E",4.0,"5,E",19340630.0,"+,5,E",19340611.0,",5,E",19340627.0,"+,5,E",10.0,"5,E,30,+",11.2,"5,,E,11,",34.0,"5,E,27,+",,,,,18.4,"5,,,E",2.174,"0,E",2.8760000000000003,"5,,,E",1.472,"5,,,E"
AGE00147713,1935-07-01,36.18,5.4,1081.0,"SETIF, AG",,,,,1.0,"5,E",0.0,"5,E",0.0,"5,E",0.0,"5,E",0.0,"5,E",0.0,"5,E",26.0,"5,E",10.0,"5,E",19350706.0,",5,E",19350726.0,",5,E",19350717.0,",5,E",10.0,"5,E,06,",2.2,"5,,E,26,",38.0,"5,E,17,",,,,,2.2,"5,,,E",2.4059999999999997,"0,E",3.146,"5,,,E",1.6649999999999998,"5,,,E"
AGE00147713,1935-09-01,36.18,5.4,1081.0,"SETIF, AG",,,,,3.0,"4,E",3.0,"4,E",0.0,"4,E",0.0,"5,E",0.0,"5,E",0.0,"4,E",25.0,"4,E",2.0,"4,E",19350927.0,"+,5,E",19350912.0,",4,E",19350903.0,"+,4,E",11.0,"5,E,27,+",17.0,"4,,E,12,",33.0,"4,E,03,+",,,,,27.0,"4,,,E",2.104,"9,E",2.777,"4,,,E",1.432,"5,,,E"
AGE00147713,1935-11-01,36.18,5.4,1081.0,"SETIF, AG",,,,,8.0,"5,E",4.0,"5,E",0.0,"5,E",0.0,"5,E",2.0,"5,E",0.0,"5,E",2.0,"5,E",0.0,"5,E",19351130.0,"+,5,E",19351122.0,",5,E",19351103.0,"+,5,E",0.0,"5,E,30,+",5.3,"5,,E,22,",22.0,"5,E,03,+",,,,,19.2,"5,,,E",0.9960000000000001,"0,E",1.464,"5,,,E",0.528,"5,,,E"
AGE00147713,1936-02-01,36.18,5.4,1081.0,"SETIF, AG",,,,,5.0,"5,E",2.0,"5,E",0.0,"5,E",0.0,"4,E",9.0,"4,E",0.0,"5,E",4.0,"5,E",0.0,"5,E",19360208.0,",4,E",19360202.0,",5,E",19360222.0,",5,E",-3.0,"4,E,08,",6.9,"5,,E,02,",24.0,"5,E,22,",,,,,13.1,"5,,,E",0.9339999999999999,"9,E",1.488,"5,,,E",0.38,"4,,,E"
AGE00147713,1936-06-01,36.18,5.4,1081.0,"SETIF, AG",,,,,4.0,"4,E",1.0,"4,E",0.0,"4,E",0.0,"3,E",0.0,"3,E",0.0,"4,E",20.0,"4,E",2.0,"4,E",19360608.0,",3,E",19360606.0,",4,E",19360629.0,",4,E",6.0,"3,E,08,",7.0,"4,,E,06,",35.0,"4,E,29,",,,,,10.7,"4,,,E",1.8559999999999999,"6,E",2.512,"4,,,E",1.2,"3,,,E"
AGE00147713,1938-02-01,36.18,5.4,1081.0,"SETIF, AG",,,0.0,"4,E",12.0,"2,E",4.0,"2,E",2.0,"2,E",0.0,"2,E",18.0,"2,E",0.0,"2,E",0.0,"2,E",0.0,"2,E",19380216.0,"+,2,E",19380214.0,",2,E",19380227.0,"+,2,E",-6.0,"2,E,16,+",65.0,"2,,E,14,",14.0,"2,E,27,+",,,354.0,"2,E",136.2,"2,,,E",0.352,"4,E",0.8039999999999999,"2,,,E",-0.1,"2,,,E"
AGE00147713,1938-03-01,36.18,5.4,1081.0,"SETIF, AG",,,0.0,",E",2.0,",E",0.0,",E",0.0,",E",0.0,",E",10.0,",E",0.0,",E",0.0,",E",0.0,",E",19380315.0,",,E",19380315.0,"+,,E",19380329.0,"+,,E",-4.0,",E,15,",0.6,",,E,15,+",19.0,",E,29,+",,,311.3,",E",1.3,",,,E",0.829,",E",1.506,",,,E",0.152,",,,E"
AGE00147713,1938-05-01,36.18,5.4,1081.0,"SETIF, AG",,,7.7,",E",9.0,",E",6.0,",E",0.0,",E",0.0,",E",0.0,",E",0.0,",E",13.0,",E",0.0,",E",19380522.0,",,E",19380508.0,",,E",19380531.0,",,E",2.0,",E,22,",19.8,",,E,08,",30.0,",E,31,",,,136.5,",E",54.4,",,,E",1.418,",E",2.006,",,,E",0.829,",,,E"
AGE00147713,1938-06-01,36.18,5.4,1081.0,"SETIF, AG",,,,,2.0,"4,E",1.0,"4,E",0.0,"4,E",0.0,"4,E",0.0,"4,E",0.0,"4,E",26.0,"4,E",6.0,"4,E",19380614.0,",4,E",19380606.0,",4,E",19380625.0,",4,E",9.0,"4,E,14,",19.5,"4,,E,06,",35.0,"4,E,25,",,,,,20.3,"4,,,E",2.2600000000000002,"8,E",2.9690000000000003,"4,,,E",1.55,"4,,,E"
AGE00147713,1938-07-01,36.18,5.4,1081.0,"SETIF, AG",,,176.7,"5,E",0.0,"2,E",0.0,"2,E",0.0,"2,E",0.0,"2,E",0.0,"2,E",0.0,"3,E",27.0,"3,E",16.0,"3,E",19380704.0,",2,E",19380706.0,",2,E",19380717.0,",3,E",10.0,"2,E,04,",0.1,"2,,E,06,",37.0,"3,E,17,",0.8,E,0.8,"3,E",0.1,"2,,,E",2.5140000000000002,"5,E",3.239,"3,,,E",1.7899999999999998,"2,,,E"
AGE00147713,1938-08-01,36.18,5.4,1081.0,"SETIF, AG",,,182.5,"3,E",2.0,"1,E",1.0,"1,E",0.0,"1,E",0.0,"2,E",0.0,"2,E",0.0,"1,E",30.0,"1,E",13.0,"1,E",19380831.0,",2,E",19380819.0,",1,E",19380817.0,",1,E",9.0,"2,E,31,",10.2,"1,,E,19,",37.0,"1,E,17,",2.1,E,1.3,"1,E",10.7,"1,,,E",2.473,"3,E",3.1399999999999997,"1,,,E",1.807,"2,,,E"
AGE00147713,1938-09-01,36.18,5.4,1081.0,"SETIF, AG",,,,,5.0,"5,E",3.0,"5,E",0.0,"5,E",0.0,"4,E",0.0,"4,E",0.0,"5,E",25.0,"5,E",0.0,"5,E",19380920.0,"+,4,E",19380909.0,",5,E",19380914.0,"+,5,E",11.0,"4,E,20,+",18.1,"5,,E,09,",31.0,"5,E,14,+",,,,,38.2,"5,,,E",2.0010000000000003,"9,E",2.572,"5,,,E",1.431,"4,,,E"
AGE00147713,1938-11-01,36.18,5.4,1081.0,"SETIF, AG",,,,,11.0,"1,E",7.0,"1,E",0.0,"1,E",0.0,"4,E",0.0,"4,E",0.0,"2,E",0.0,"2,E",0.0,"2,E",19381129.0,"+,4,E",19381127.0,",1,E",19381109.0,"+,2,E",2.0,"4,E,29,+",13.3,"1,,E,27,",20.0,"2,E,09,+",,,,,63.1,"1,,,E",1.043,"6,E",1.536,"2,,,E",0.55,"4,,,E"
