STATION,DATE,LATITUDE,LONGITUDE,ELEVATION,NAME,CDSD,CDSD_ATTRIBUTES,CLDD,CLDD_ATTRIBUTES,DP01,DP01_ATTRIBUTES,DP10,DP10_ATTRIBUTES,DP1X,DP1X_ATTRIBUTES,DT00,DT00_ATTRIBUTES,DT32,DT32_ATTRIBUTES,DX32,DX32_ATTRIBUTES,DX70,DX70_ATTRIBUTES,DX90,DX90_ATTRIBUTES,DYNT,DYNT_ATTRIBUTES,DYXP,DYXP_ATTRIBUTES,DYXT,DYXT_ATTRIBUTES,EMNT,EMNT_ATTRIBUTES,EMXP,EMXP_ATTRIBUTES,EMXT,EMXT_ATTRIBUTES,HDSD,HDSD_ATTRIBUTES,HTDD,HTDD_ATTRIBUTES,PRCP,PRCP_ATTRIBUTES,TAVG,TAVG_ATTRIBUTES,TMAX,TMAX_ATTRIBUTES,TMIN,TMIN_ATTRIBUTES
AGE00147718,1880-03-01,34.85,5.72,125.0,"BISKRA, AG",,,2.8,",E",2.0,",E",1.0,",E",0.0,",E",0.0,",E",0.0,",E",0.0,",E",20.0,",E",0.0,",E",18800301.0,",,E",18800327.0,",,E",18800318.0,",,E",4.2,",E,01,",3.0,",,E,27,",29.0,",E,18,",,,79.5,",E",5.0,",,,E",1.5859999999999999,",E",2.274,",,,E",0.898,",,,E"
AGE00147718,1880-05-01,34.85,5.72,125.0,"BISKRA, AG",,,150.7,",E",1.0,",E",0.0,",E",0.0,",E",0.0,",E",0.0,",E",0.0,",E",31.0,",E",8.0,",E",18800507.0,",,E",18800531.0,",,E",18800516.0,",,E",9.0,",E,07,",1.4,",,E,31,",36.0,",E,16,",,,0.0,",E",1.4,",,,E",2.319,",E",3.161,",,,E",1.4769999999999999,",,,E"
AGE00147718,1880-06-01,34.85,5.72,125.0,"BISKRA, AG",,,267.4,",E",1.0,",E",1.0,",E",0.0,",E",0.0,",E",0.0,",E",0.0,",E",30.0,",E",24.0,",E",18800608.0,",,E",18800608.0,",,E",18800626.0,",,E",13.0,",E,08,",9.0,",,E,08,",40.6,",E,26,",,,0.0,",E",9.0,",,,E",2.725,",E",3.526,",,,E",1.923,",,,E"
AGE00147718,1880-07-01,34.85,5.72,125.0,"BISKRA, AG",,,441.8,",E",1.0,",E",0.0,",E",0.0,",E",0.0,",E",0.0,",E",0.0,",E",31.0,",E",31.0,",E",18800702.0,",,E",18800716.0,",,E",18800728.0,",,E",19.0,",E,02,",0.3,",,E,16,",46.2,",E,28,",0.0,E,0.0,",E",0.3,",,,E",3.258,",E",4.135,",,,E",2.382,",,,E"
AGE00147718,1880-08-01,34.85,5.72,125.0,"BISKRA, AG",,,436.2,",E",0.0,",E",0.0,",E",0.0,",E",0.0,",E",0.0,",E",0.0,",E",31.0,",E",30.0,",E",18800811.0,",,E",18800831.0,"+,,E",18800825.0,",,E",21.8,",E,11,",0.0,",,E,31,+",45.0,",E,25,",0.0,E,0.0,",E",0.0,",,,E",3.2399999999999998,",E",3.993,",,,E",2.488,",,,E"
AGE00147718,1880-09-01,34.85,5.72,125.0,"BISKRA, AG",,,303.2,",E",0.0,",E",0.0,",E",0.0,",E",0.0,",E",0.0,",E",0.0,",E",30.0,",E",27.0,",E",18800930.0,",,E",18800930.0,"+,,E",18800915.0,"+,,E",14.8,",E,30,",0.0,",,E,30,+",40.6,",E,15,+",0.0,E,0.0,",E",0.0,",,,E",2.8440000000000003,",E",3.59,",,,E",2.098,",,,E"
AGE00147718,1880-10-01,34.85,5.72,125.0,"BISKRA, AG",,,140.3,",E",0.0,",E",0.0,",E",0.0,",E",0.0,",E",0.0,",E",0.0,",E",31.0,",E",3.0,",E",18801017.0,"+,,E",18801031.0,"+,,E",18801008.0,",,E",11.4,",E,17,+",0.0,",,E,31,+",33.9,",E,08,",0.0,E,0.0,",E",0.0,",,,E",2.286,",E",2.95,",,,E",1.6219999999999999,",,,E"
AGE00147718,1880-11-01,34.85,5.72,125.0,"BISKRA, AG",,,70.9,",E",0.0,",E",0.0,",E",0.0,",E",0.0,",E",0.0,",E",0.0,",E",29.0,",E",0.0,",E",18801106.0,",,E",18801130.0,"+,,E",18801130.0,",,E",10.3,",E,06,",0.0,",,E,30,+",29.6,",E,30,",1.6,E,1.6,",E",0.0,",,,E",2.064,",E",2.372,",,,E",1.7570000000000001,",,,E"
AGE00147718,1880-12-01,34.85,5.72,125.0,"BISKRA, AG",,,0.0,",E",3.0,",E",2.0,",E",0.0,",E",0.0,",E",0.0,",E",0.0,",E",4.0,",E",0.0,",E",18801218.0,",,E",18801202.0,",,E",18801211.0,",,E",4.1,",E,18,",15.2,",,E,02,",22.1,",E,11,",150.4,E,148.8,",E",19.2,",,,E",1.353,",E",1.925,",,,E",0.782,",,,E"
AGE00147718,1881-01-01,34.85,5.72,125.0,"BISKRA, AG",4.5,E,4.5,"1,E",1.0,",E",0.0,",E",0.0,",E",0.0,",E",0.0,",E",0.0,"1,E",13.0,"1,E",0.0,"1,E",18810107.0,",,E",18810105.0,",,E",18810128.0,",1,E",4.1,",E,07,",1.0,",,E,05,",25.8,"1,E,28,",248.6,E,98.2,"1,E",1.0,",,,E",1.5210000000000001,"1,E",2.049,"1,,,E",0.994,",,,E"
AGE00147718,1881-02-01,34.85,5.72,125.0,"BISKRA, AG",5.6,E,1.1,",E",5.0,",E",1.0,",E",0.0,",E",0.0,",E",0.0,",E",0.0,",E",12.0,",E",0.0,",E",18810214.0,",,E",18810221.0,",,E",18810217.0,",,E",3.0,",E,14,",6.0,",,E,21,",24.8,",E,17,",334.9,E,86.3,",E",12.0,",,,E",1.529,",E",2.065,",,,E",0.994,",,,E"
AGE00147718,1881-03-01,34.85,5.72,125.0,"BISKRA, AG",71.7,E,66.1,",E",2.0,",E",0.0,",E",0.0,",E",0.0,",E",0.0,",E",0.0,",E",24.0,",E",2.0,",E",18810304.0,",,E",18810329.0,"+,,E",18810311.0,",,E",8.0,",E,04,",1.0,",,E,29,+",33.0,",E,11,",367.1,E,32.2,",E",2.0,",,,E",1.943,",E",2.5620000000000003,",,,E",1.323,",,,E"
AGE00147718,1881-04-01,34.85,5.72,125.0,"BISKRA, AG",201.7,E,130.0,",E",1.0,",E",0.0,",E",0.0,",E",0.0,",E",0.0,",E",0.0,",E",30.0,",E",5.0,",E",18810430.0,",,E",18810422.0,",,E",18810418.0,",,E",9.8,",E,30,",1.0,",,E,22,",37.8,",E,18,",369.7,E,2.6,",E",1.0,",,,E",2.258,",E",2.8850000000000002,",,,E",1.6309999999999998,",,,E"
AGE00147718,1881-05-01,34.85,5.72,125.0,"BISKRA, AG",334.7,E,133.0,",E",6.0,",E",1.0,",E",0.0,",E",0.0,",E",0.0,",E",0.0,",E",30.0,",E",2.0,",E",18810513.0,",,E",18810517.0,",,E",18810525.0,",,E",10.8,",E,13,",3.0,",,E,17,",36.4,",E,25,",373.2,E,3.5,",E",10.0,",,,E",2.2510000000000003,",E",2.8649999999999998,",,,E",1.637,",,,E"
AGE00147718,1881-06-01,34.85,5.72,125.0,"BISKRA, AG",623.2,E,288.5,",E",0.0,",E",0.0,",E",0.0,",E",0.0,",E",0.0,",E",0.0,",E",30.0,",E",18.0,",E",18810611.0,",,E",18810630.0,"+,,E",18810627.0,"+,,E",12.2,",E,11,",0.0,",,E,30,+",41.6,",E,27,+",373.2,E,0.0,",E",0.0,",,,E",2.795,",E",3.473,",,,E",2.117,",,,E"
AGE00147718,1881-07-01,34.85,5.72,125.0,"BISKRA, AG",1110.7,E,487.5,",E",0.0,",E",0.0,",E",0.0,",E",0.0,",E",0.0,",E",0.0,",E",31.0,",E",31.0,",E",18810701.0,",,E",18810731.0,"+,,E",18810728.0,"+,,E",22.4,",E,01,",0.0,",,E,31,+",46.6,",E,28,+",0.0,E,0.0,",E",0.0,",,,E",3.406,",E",4.174,",,,E",2.638,",,,E"
AGE00147718,1881-08-01,34.85,5.72,125.0,"BISKRA, AG",1566.9,E,456.2,",E",0.0,",E",0.0,",E",0.0,",E",0.0,",E",0.0,",E",0.0,",E",31.0,",E",31.0,",E",18810816.0,",,E",18810831.0,"+,,E",18810819.0,",,E",21.6,",E,16,",0.0,",,E,31,+",45.0,",E,19,",0.0,E,0.0,",E",0.0,",,,E",3.3049999999999997,",E",4.085,",,,E",2.525,",,,E"
AGE00147718,1881-10-01,34.85,5.72,125.0,"BISKRA, AG",,,114.8,"2,E",1.0,",E",1.0,",E",1.0,",E",0.0,",E",0.0,",E",0.0,"2,E",28.0,"2,E",1.0,"2,E",18811031.0,",,E",18811007.0,",,E",18811004.0,",2,E",11.3,",E,31,",40.0,",,E,07,",33.4,"2,E,04,",,,4.9,"2,E",40.0,",,,E",2.214,"2,E",2.784,"2,,,E",1.6440000000000001,",,,E"
AGE00147718,1881-11-01,34.85,5.72,125.0,"BISKRA, AG",,,7.3,",E",0.0,",E",0.0,",E",0.0,",E",0.0,",E",0.0,",E",0.0,",E",19.0,",E",0.0,",E",18811124.0,",,E",18811130.0,"+,,E",18811109.0,"+,,E",5.0,",E,24,",0.0,",,E,30,+",28.0,",E,09,+",,,77.7,",E",0.0,",,,E",1.599,",E",2.232,",,,E",0.966,",,,E"
AGE00147718,1882-01-01,34.85,5.72,125.0,"BISKRA, AG",0.0,E,0.0,",E",3.0,",E",2.0,",E",0.0,",E",0.0,",E",0.0,",E",0.0,",E",0.0,",E",0.0,",E",18820113.0,",,E",18820104.0,",,E",18820109.0,",,E",2.0,",E,13,",13.8,",,E,04,",19.2,",E,09,",,,247.3,",E",25.7,",,,E",1.035,",E",1.629,",,,E",0.442,",,,E"
AGE00147718,1882-02-01,34.85,5.72,125.0,"BISKRA, AG",0.4,E,0.4,",E",3.0,",E",1.0,",E",0.0,",E",0.0,",E",0.0,",E",0.0,",E",4.0,",E",0.0,",E",18820201.0,",,E",18820203.0,",,E",18820228.0,",,E",3.4,",E,01,",3.5,",,E,03,",26.0,",E,28,",,,172.5,",E",6.2,",,,E",1.2189999999999999,",E",1.8059999999999998,",,,E",0.631,",,,E"
AGE00147718,1882-04-01,34.85,5.72,125.0,"BISKRA, AG",,,12.8,",E",0.0,",E",0.0,",E",0.0,",E",0.0,",E",0.0,",E",0.0,",E",30.0,",E",0.0,",E",18820417.0,",,E",18820430.0,"+,,E",18820430.0,",,E",6.4,",E,17,",0.0,",,E,30,+",31.6,",E,30,",,,33.8,",E",0.0,",,,E",1.763,",E",2.697,",,,E",0.829,",,,E"
AGE00147718,1882-05-01,34.85,5.72,125.0,"BISKRA, AG",,,215.5,",E",1.0,",E",1.0,",E",0.0,",E",0.0,",E",0.0,",E",0.0,",E",31.0,",E",16.0,",E",18820507.0,",,E",18820506.0,",,E",18820527.0,",,E",11.8,",E,07,",4.2,",,E,06,",39.2,",E,27,",,,0.0,",E",4.2,",,,E",2.528,",E",3.2340000000000004,",,,E",1.823,",,,E"
AGE00147718,1882-06-01,34.85,5.72,125.0,"BISKRA, AG",,,318.1,",E",1.0,",E",1.0,",E",0.0,",E",0.0,",E",0.0,",E",0.0,",E",30.0,",E",29.0,",E",18820610.0,",,E",18820622.0,",,E",18820607.0,",,E",17.6,",E,10,",2.8,",,E,22,",40.4,",E,07,",,,0.0,",E",2.8,",,,E",2.894,",E",3.5759999999999996,",,,E",2.211,",,,E"
AGE00147718,1882-07-01,34.85,5.72,125.0,"BISKRA, AG",,,377.7,",E",1.0,",E",1.0,",E",0.0,",E",0.0,",E",0.0,",E",0.0,",E",31.0,",E",31.0,",E",18820711.0,",,E",18820703.0,",,E",18820708.0,",,E",21.6,",E,11,",3.0,",,E,03,",41.4,",E,08,",0.0,E,0.0,",E",3.0,",,,E",3.052,",E",3.728,",,,E",2.375,",,,E"
AGE00147718,1882-08-01,34.85,5.72,125.0,"BISKRA, AG",,,373.6,",E",0.0,",E",0.0,",E",0.0,",E",0.0,",E",0.0,",E",0.0,",E",31.0,",E",31.0,",E",18820829.0,",,E",18820831.0,"+,,E",18820817.0,"+,,E",20.8,",E,29,",0.0,",,E,31,+",39.8,",E,17,+",0.0,E,0.0,",E",0.0,",,,E",3.038,",E",3.697,",,,E",2.38,",,,E"
AGE00147718,1882-09-01,34.85,5.72,125.0,"BISKRA, AG",,,219.6,",E",1.0,",E",1.0,",E",0.0,",E",0.0,",E",0.0,",E",0.0,",E",30.0,",E",16.0,",E",18820926.0,"+,,E",18820915.0,",,E",18820902.0,",,E",14.4,",E,26,+",5.8,",,E,15,",37.4,",E,02,",0.0,E,0.0,",E",5.8,",,,E",2.565,",E",3.179,",,,E",1.951,",,,E"
AGE00147718,1882-10-01,34.85,5.72,125.0,"BISKRA, AG",,,130.0,",E",0.0,",E",0.0,",E",0.0,",E",0.0,",E",0.0,",E",0.0,",E",28.0,",E",6.0,",E",18821029.0,",,E",18821031.0,"+,,E",18821007.0,",,E",10.4,",E,29,",0.0,",,E,31,+",34.0,",E,07,",9.7,E,9.7,",E",0.0,",,,E",2.221,",E",2.839,",,,E",1.6039999999999999,",,,E"
AGE00147718,1882-11-01,34.85,5.72,125.0,"BISKRA, AG",,,0.3,",E",0.0,",E",0.0,",E",0.0,",E",0.0,",E",0.0,",E",0.0,",E",19.0,",E",0.0,",E",18821127.0,",,E",18821130.0,"+,,E",18821111.0,",,E",5.0,",E,27,",0.0,",,E,30,+",25.2,",E,11,",99.2,E,89.5,",E",0.0,",,,E",1.536,",E",2.18,",,,E",0.892,",,,E"
AGE00147718,1882-12-01,34.85,5.72,125.0,"BISKRA, AG",,,0.0,",E",5.0,",E",3.0,",E",0.0,",E",0.0,",E",0.0,",E",0.0,",E",0.0,",E",0.0,",E",18821205.0,",,E",18821219.0,",,E",18821226.0,"+,,E",2.8,",E,05,",11.7,",,E,19,",20.2,",E,26,+",287.7,E,188.5,",E",20.9,",,,E",1.225,",E",1.725,",,,E",0.726,",,,E"
AGE00147718,1883-01-01,34.85,5.72,125.0,"BISKRA, AG",0.0,E,0.0,",E",3.0,",E",3.0,",E",0.0,",E",0.0,",E",0.0,",E",0.0,",E",3.0,",E",0.0,",E",18830108.0,",,E",18830113.0,",,E",18830129.0,"+,,E",3.0,",E,08,",15.0,",,E,13,",21.8,",E,29,+",494.0,E,206.3,",E",21.8,",,,E",1.168,",E",1.701,",,,E",0.635,",,,E"
AGE00147718,1883-02-01,34.85,5.72,125.0,"BISKRA, AG",0.0,E,0.0,",E",0.0,",E",0.0,",E",0.0,",E",0.0,",E",0.0,",E",0.0,",E",8.0,",E",0.0,",E",18830220.0,",,E",18830228.0,"+,,E",18830224.0,",,E",5.0,",E,20,",0.0,",,E,28,+",25.0,",E,24,",624.4,E,130.4,",E",0.0,",,,E",1.3679999999999999,",E",2.019,",,,E",0.716,",,,E"
AGE00147718,1883-03-01,34.85,5.72,125.0,"BISKRA, AG",13.5,E,13.5,",E",0.0,",E",0.0,",E",0.0,",E",0.0,",E",0.0,",E",0.0,",E",15.0,",E",0.0,",E",18830304.0,",,E",18830331.0,"+,,E",18830325.0,",,E",3.4,",E,04,",0.0,",,E,31,+",29.8,",E,25,",745.6,E,121.2,",E",0.0,",,,E",1.486,",E",2.137,",,,E",0.834,",,,E"
AGE00147718,1883-04-01,34.85,5.72,125.0,"BISKRA, AG",47.0,E,33.5,"1,E",3.0,",E",0.0,",E",0.0,",E",0.0,",E",0.0,",E",0.0,"1,E",26.0,"1,E",0.0,"1,E",18830415.0,"+,,E",18830412.0,"+,,E",18830427.0,",1,E",8.2,",E,15,+",1.8,",,E,12,+",31.8,"1,E,27,",761.9,E,16.3,"1,E",4.4,",,,E",1.8850000000000002,"1,E",2.5170000000000003,"1,,,E",1.254,",,,E"
AGE00147718,1883-05-01,34.85,5.72,125.0,"BISKRA, AG",205.6,E,158.6,"1,E",0.0,",E",0.0,",E",0.0,",E",0.0,",E",0.0,",E",0.0,"1,E",30.0,"1,E",6.0,"1,E",18830501.0,",,E",18830531.0,"+,,E",18830520.0,",1,E",14.0,",E,01,",0.0,",,E,31,+",36.2,"1,E,20,",761.9,E,0.0,"1,E",0.0,",,,E",2.367,"1,E",3.021,"1,,,E",1.7129999999999999,",,,E"
AGE00147718,1883-06-01,34.85,5.72,125.0,"BISKRA, AG",507.9,E,302.3,",E",1.0,",E",0.0,",E",0.0,",E",0.0,",E",0.0,",E",0.0,",E",30.0,",E",25.0,",E",18830621.0,",,E",18830613.0,",,E",18830626.0,",,E",17.0,",E,21,",1.8,",,E,13,",43.4,",E,26,",761.9,E,0.0,",E",1.8,",,,E",2.841,",E",3.5770000000000004,",,,E",2.105,",,,E"
AGE00147718,1883-07-01,34.85,5.72,125.0,"BISKRA, AG",846.9,E,339.0,"3,E",0.0,",E",0.0,",E",0.0,",E",0.0,",E",0.0,",E",0.0,"3,E",28.0,"3,E",28.0,"3,E",18830731.0,"+,,E",18830731.0,"+,,E",18830716.0,",3,E",19.4,",E,31,+",0.0,",,E,31,+",43.6,"3,E,16,",0.0,E,0.0,"3,E",0.0,",,,E",3.044,"3,E",3.8840000000000003,"3,,,E",2.2039999999999997,",,,E"
AGE00147718,1883-08-01,34.85,5.72,125.0,"BISKRA, AG",1176.5,E,329.6,"1,E",4.0,",E",1.0,",E",0.0,",E",0.0,",E",0.0,",E",0.0,"1,E",30.0,"1,E",30.0,"1,E",18830819.0,",,E",18830831.0,",,E",18830814.0,"+,1,E",15.0,",E,19,",3.4,",,E,31,",44.2,"1,E,14,+",0.0,E,0.0,"1,E",7.6,",,,E",2.932,"1,E",3.9590000000000005,"1,,,E",1.905,",,,E"
AGE00147718,1883-09-01,34.85,5.72,125.0,"BISKRA, AG",1421.8,E,245.3,"1,E",1.0,",E",0.0,",E",0.0,",E",0.0,",E",0.0,",E",0.0,"1,E",29.0,"1,E",29.0,"1,E",18830916.0,",,E",18830903.0,",,E",18830904.0,",1,E",13.2,",E,16,",1.0,",,E,03,",42.0,"1,E,04,",0.0,E,0.0,"1,E",1.0,",,,E",2.68,"1,E",3.684,"1,,,E",1.675,",,,E"
AGE00147718,1883-11-01,34.85,5.72,125.0,"BISKRA, AG",,,0.0,"3,E",4.0,",E",2.0,",E",0.0,",E",0.0,",E",0.0,",E",0.0,"3,E",12.0,"3,E",0.0,"3,E",18831126.0,",,E",18831103.0,",,E",18831101.0,",3,E",2.4,",E,26,",6.8,",,E,03,",25.2,"3,E,01,",,,119.0,"3,E",14.0,",,,E",1.395,"3,E",2.122,"3,,,E",0.669,",,,E"
AGE00147718,1883-12-01,34.85,5.72,125.0,"BISKRA, AG",,,0.0,",E",3.0,",E",0.0,",E",0.0,",E",0.0,",E",1.0,",E",0.0,",E",1.0,",E",0.0,",E",18831210.0,",,E",18831221.0,",,E",18831203.0,",,E",-1.4,",E,10,",1.0,",,E,21,",22.0,",E,03,",,,266.4,",E",1.9,",,,E",0.974,",E",1.595,",,,E",0.352,",,,E"
AGE00147718,1885-02-01,34.85,5.72,125.0,"BISKRA, AG",,,4.1,",E",0.0,",E",0.0,",E",0.0,",E",0.0,",E",0.0,",E",0.0,",E",13.0,",E",0.0,",E",18850213.0,",,E",18850228.0,"+,,E",18850222.0,",,E",6.0,",E,13,",0.0,",,E,28,+",29.4,",E,22,",,,87.3,",E",0.0,",,,E",1.536,",E",2.148,",,,E",0.924,",,,E"
AGE00147718,1885-03-01,34.85,5.72,125.0,"BISKRA, AG",,,5.6,",E",9.0,",E",4.0,",E",0.0,",E",0.0,",E",0.0,",E",0.0,",E",19.0,",E",0.0,",E",18850316.0,",,E",18850324.0,",,E",18850311.0,",,E",5.8,",E,16,",14.1,",,E,24,",28.6,",E,11,",,,90.3,",E",44.7,",,,E",1.56,",E",2.231,",,,E",0.889,",,,E"
AGE00147718,1885-04-01,34.85,5.72,125.0,"BISKRA, AG",,,13.0,",E",3.0,",E",2.0,",E",0.0,",E",0.0,",E",0.0,",E",0.0,",E",25.0,",E",0.0,",E",18850409.0,",,E",18850417.0,",,E",18850414.0,",,E",7.0,",E,09,",12.8,",,E,17,",30.0,",E,14,",,,44.4,",E",17.0,",,,E",1.7289999999999999,",E",2.3440000000000003,",,,E",1.113,",,,E"
AGE00147718,1885-05-01,34.85,5.72,125.0,"BISKRA, AG",,,173.3,",E",0.0,",E",0.0,",E",0.0,",E",0.0,",E",0.0,",E",0.0,",E",31.0,",E",8.0,",E",18850501.0,",,E",18850531.0,"+,,E",18850524.0,",,E",10.0,",E,01,",0.0,",,E,31,+",35.2,",E,24,",,,1.5,",E",0.0,",,,E",2.387,",E",3.045,",,,E",1.73,",,,E"
AGE00147718,1885-06-01,34.85,5.72,125.0,"BISKRA, AG",,,281.0,",E",0.0,",E",0.0,",E",0.0,",E",0.0,",E",0.0,",E",0.0,",E",30.0,",E",25.0,",E",18850606.0,"+,,E",18850630.0,"+,,E",18850626.0,"+,,E",17.0,",E,06,+",0.0,",,E,30,+",39.0,",E,26,+",,,0.0,",E",0.0,",,,E",2.77,",E",3.4549999999999996,",,,E",2.085,",,,E"
AGE00147718,1885-07-01,34.85,5.72,125.0,"BISKRA, AG",,,406.4,",E",4.0,",E",3.0,",E",0.0,",E",0.0,",E",0.0,",E",0.0,",E",31.0,",E",31.0,",E",18850709.0,",,E",18850730.0,",,E",18850716.0,",,E",21.0,",E,09,",6.4,",,E,30,",45.6,",E,16,",0.0,E,0.0,",E",13.7,",,,E",3.144,",E",3.883,",,,E",2.4059999999999997,",,,E"
AGE00147718,1885-08-01,34.85,5.72,125.0,"BISKRA, AG",,,499.0,",E",2.0,",E",1.0,",E",0.0,",E",0.0,",E",0.0,",E",0.0,",E",31.0,",E",31.0,",E",18850831.0,",,E",18850831.0,",,E",18850811.0,"+,,E",18.0,",E,31,",17.4,",,E,31,",46.0,",E,11,+",0.0,E,0.0,",E",19.4,",,,E",3.443,",E",4.224,",,,E",2.662,",,,E"
AGE00147718,1885-09-01,34.85,5.72,125.0,"BISKRA, AG",,,239.0,",E",3.0,",E",3.0,",E",0.0,",E",0.0,",E",0.0,",E",0.0,",E",30.0,",E",16.0,",E",18850930.0,",,E",18850928.0,",,E",18850907.0,",,E",16.0,",E,30,",8.9,",,E,28,",39.0,",E,07,",0.0,E,0.0,",E",19.6,",,,E",2.63,",E",3.245,",,,E",2.0149999999999997,",,,E"
AGE00147718,1885-10-01,34.85,5.72,125.0,"BISKRA, AG",,,65.2,",E",0.0,",E",0.0,",E",0.0,",E",0.0,",E",0.0,",E",0.0,",E",25.0,",E",0.0,",E",18851016.0,",,E",18851031.0,"+,,E",18851005.0,",,E",8.0,",E,16,",0.0,",,E,31,+",29.8,",E,05,",30.8,E,30.8,",E",0.0,",,,E",1.9440000000000002,",E",2.443,",,,E",1.4449999999999998,",,,E"
AGE00147718,1885-11-01,34.85,5.72,125.0,"BISKRA, AG",,,0.0,",E",2.0,",E",1.0,",E",0.0,",E",0.0,",E",0.0,",E",0.0,",E",6.0,",E",0.0,",E",18851111.0,",,E",18851120.0,",,E",18851130.0,"+,,E",6.4,",E,11,",20.8,",,E,20,",22.4,",E,30,+",142.9,E,112.1,",E",21.2,",,,E",1.46,",E",1.9300000000000002,",,,E",0.9890000000000001,",,,E"
AGE00147718,1885-12-01,34.85,5.72,125.0,"BISKRA, AG",,,0.1,",E",0.0,",E",0.0,",E",0.0,",E",0.0,",E",0.0,",E",0.0,",E",3.0,",E",0.0,",E",18851217.0,",,E",18851231.0,"+,,E",18851201.0,",,E",1.6,",E,17,",0.0,",,E,31,+",23.6,",E,01,",329.2,E,186.3,",E",0.0,",,,E",1.233,",E",1.7269999999999999,",,,E",0.738,",,,E"
AGE00147718,1886-01-01,34.85,5.72,125.0,"BISKRA, AG",0.0,E,0.0,"2,E",1.0,",E",1.0,",E",0.0,",E",0.0,"1,E",1.0,"1,E",0.0,"1,E",0.0,"1,E",0.0,"1,E",18860114.0,",1,E",18860116.0,",,E",18860127.0,"+,1,E",0.0,"1,E,14,",24.2,",,E,16,",17.2,"1,E,27,+",582.0,E,252.8,"1,E",24.2,",,,E",0.958,"2,E",1.475,"1,,,E",0.442,"1,,,E"
AGE00147718,1886-02-01,34.85,5.72,125.0,"BISKRA, AG",0.0,E,0.0,",E",5.0,",E",4.0,",E",0.0,",E",0.0,",E",0.0,",E",0.0,",E",2.0,",E",0.0,",E",18860210.0,",,E",18860209.0,",,E",18860228.0,"+,,E",2.6,",E,10,",10.4,",,E,09,",21.8,",E,28,+",755.8,E,173.8,",E",21.6,",,,E",1.213,",E",1.7890000000000001,",,,E",0.636,",,,E"
AGE00147718,1886-03-01,34.85,5.72,125.0,"BISKRA, AG",10.2,E,10.2,"1,E",1.0,",E",0.0,",E",0.0,",E",0.0,",E",0.0,",E",0.0,"1,E",27.0,"1,E",0.0,"1,E",18860302.0,",,E",18860309.0,",,E",18860318.0,",1,E",7.0,",E,02,",2.2,",,E,09,",27.2,"1,E,18,",802.4,E,46.6,"1,E",2.2,",,,E",1.716,"1,E",2.3649999999999998,"1,,,E",1.066,",,,E"
AGE00147718,1886-04-01,34.85,5.72,125.0,"BISKRA, AG",62.0,E,51.8,",E",6.0,",E",3.0,",E",0.0,",E",0.0,",E",0.0,",E",0.0,",E",26.0,",E",0.0,",E",18860414.0,"+,,E",18860411.0,",,E",18860423.0,",,E",8.2,",E,14,+",5.4,",,E,11,",30.4,",E,23,",822.1,E,19.7,",E",16.8,",,,E",1.94,",E",2.523,",,,E",1.358,",,,E"
AGE00147718,1886-05-01,34.85,5.72,125.0,"BISKRA, AG",215.1,E,153.1,"1,E",1.0,",E",1.0,",E",0.0,",E",0.0,",E",0.0,",E",0.0,"1,E",30.0,"1,E",10.0,"1,E",18860504.0,",,E",18860501.0,",,E",18860531.0,",1,E",11.6,",E,04,",4.6,",,E,01,",38.6,"1,E,31,",823.8,E,1.7,"1,E",4.6,",,,E",2.3329999999999997,"1,E",3.022,"1,,,E",1.645,",,,E"
AGE00147718,1886-06-01,34.85,5.72,125.0,"BISKRA, AG",522.5,E,307.4,"1,E",0.0,",E",0.0,",E",0.0,",E",0.0,",E",0.0,",E",0.0,"1,E",29.0,"1,E",28.0,"1,E",18860616.0,",,E",18860630.0,"+,,E",18860627.0,",1,E",16.8,",E,16,",0.0,",,E,30,+",41.2,"1,E,27,",823.8,E,0.0,"1,E",0.0,",,,E",2.8920000000000003,"1,E",3.6659999999999995,"1,,,E",2.119,",,,E"
AGE00147718,1886-08-01,34.85,5.72,125.0,"BISKRA, AG",,,316.7,"4,E",2.0,",E",1.0,",E",0.0,",E",0.0,",E",0.0,",E",0.0,"4,E",27.0,"4,E",25.0,"4,E",18860822.0,",,E",18860821.0,",,E",18860812.0,"+,4,E",19.0,",E,22,",13.2,",,E,21,",42.0,"4,E,12,+",,,0.0,"4,E",14.0,",,,E",3.009,"4,E",3.7039999999999997,"4,,,E",2.314,",,,E"
AGE00147718,1886-09-01,34.85,5.72,125.0,"BISKRA, AG",,,273.8,"1,E",3.0,",E",3.0,",E",0.0,",E",0.0,",E",0.0,",E",0.0,"1,E",29.0,"1,E",19.0,"1,E",18860927.0,",,E",18860913.0,",,E",18860909.0,"+,1,E",16.0,",E,27,",17.2,",,E,13,",40.0,"1,E,09,+",,,0.0,"1,E",34.8,",,,E",2.772,"1,E",3.4210000000000003,"1,,,E",2.123,",,,E"
AGE00147718,1886-10-01,34.85,5.72,125.0,"BISKRA, AG",,,135.6,",E",0.0,",E",0.0,",E",0.0,",E",0.0,",E",0.0,",E",0.0,",E",28.0,",E",3.0,",E",18861030.0,",,E",18861031.0,"+,,E",18861010.0,",,E",11.4,",E,30,",0.0,",,E,31,+",33.0,",E,10,",,,7.2,",E",0.0,",,,E",2.247,",E",2.809,",,,E",1.686,",,,E"
AGE00147718,1886-11-01,34.85,5.72,125.0,"BISKRA, AG",,,3.0,"1,E",1.0,",E",1.0,",E",0.0,",E",0.0,",E",0.0,",E",0.0,"1,E",10.0,"1,E",0.0,"1,E",18861110.0,",,E",18861119.0,",,E",18861108.0,",1,E",5.0,",E,10,",7.6,",,E,19,",24.6,"1,E,08,",,,100.9,"1,E",7.6,",,,E",1.501,"1,E",2.011,"1,,,E",0.991,",,,E"
AGE00147718,1886-12-01,34.85,5.72,125.0,"BISKRA, AG",,,0.0,"1,E",3.0,",E",1.0,",E",0.0,",E",0.0,",E",0.0,",E",0.0,"1,E",0.0,"1,E",0.0,"1,E",18861223.0,",,E",18861201.0,",,E",18861212.0,",1,E",3.0,",E,23,",14.2,",,E,01,",21.0,"1,E,12,",,,212.0,"1,E",19.0,",,,E",1.129,"1,E",1.661,"1,,,E",0.597,",,,E"
AGE00147718,1887-01-01,34.85,5.72,125.0,"BISKRA, AG",0.0,E,0.0,"3,E",1.0,",E",1.0,",E",0.0,",E",0.0,"1,E",2.0,"1,E",0.0,"2,E",0.0,"2,E",0.0,"2,E",18870104.0,"+,1,E",18870109.0,",,E",18870120.0,",2,E",0.0,"1,E,04,+",3.4,",,E,09,",18.2,"2,E,20,",,,254.1,"2,E",3.4,",,,E",0.93,"3,E",1.501,"2,,,E",0.359,"1,,,E"
AGE00147718,1887-02-01,34.85,5.72,125.0,"BISKRA, AG",0.0,E,0.0,"1,E",3.0,",E",0.0,",E",0.0,",E",0.0,",E",0.0,",E",0.0,"1,E",0.0,"1,E",0.0,"1,E",18870211.0,"+,,E",18870219.0,",,E",18870228.0,",1,E",2.0,",E,11,+",2.0,",,E,19,",20.0,"1,E,28,",,,187.1,"1,E",4.6,",,,E",1.134,"1,E",1.7489999999999999,"1,,,E",0.52,",,,E"
AGE00147718,1887-03-01,34.85,5.72,125.0,"BISKRA, AG",14.4,E,14.4,"2,E",5.0,",E",3.0,",E",0.0,",E",0.0,",E",0.0,",E",0.0,"2,E",24.0,"2,E",0.0,"2,E",18870304.0,",,E",18870301.0,",,E",18870326.0,",2,E",6.0,",E,04,",6.4,",,E,01,",30.8,"2,E,26,",,,41.2,"2,E",15.0,",,,E",1.7420000000000002,"2,E",2.37,"2,,,E",1.114,",,,E"
AGE00147718,1887-04-01,34.85,5.72,125.0,"BISKRA, AG",33.8,E,19.4,"1,E",6.0,",E",4.0,",E",0.0,",E",0.0,",E",0.0,",E",0.0,"1,E",19.0,"1,E",0.0,"1,E",18870418.0,",,E",18870417.0,",,E",18870430.0,",1,E",6.0,",E,18,",18.4,",,E,17,",31.0,"1,E,30,",,,60.2,"1,E",44.2,",,,E",1.691,"1,E",2.302,"1,,,E",1.081,",,,E"
AGE00147718,1887-05-01,34.85,5.72,125.0,"BISKRA, AG",217.7,E,183.9,",E",2.0,",E",1.0,",E",0.0,",E",0.0,",E",0.0,",E",0.0,",E",31.0,",E",10.0,",E",18870525.0,",,E",18870525.0,",,E",18870531.0,",,E",13.0,",E,25,",10.6,",,E,25,",38.4,",E,31,",,,0.0,",E",11.8,",,,E",2.426,",E",3.0989999999999998,",,,E",1.754,",,,E"
AGE00147718,1887-06-01,34.85,5.72,125.0,"BISKRA, AG",525.9,E,308.2,"1,E",1.0,",E",1.0,",E",0.0,",E",0.0,",E",0.0,",E",0.0,"1,E",29.0,"1,E",26.0,"1,E",18870611.0,",,E",18870625.0,",,E",18870625.0,",1,E",18.0,",E,11,",2.6,",,E,25,",42.0,"1,E,25,",,,0.0,"1,E",2.6,",,,E",2.897,"1,E",3.585,"1,,,E",2.21,",,,E"
AGE00147718,1887-07-01,34.85,5.72,125.0,"BISKRA, AG",925.1,E,399.2,"1,E",0.0,",E",0.0,",E",0.0,",E",0.0,",E",0.0,",E",0.0,"1,E",30.0,"1,E",30.0,"1,E",18870728.0,",,E",18870731.0,"+,,E",18870719.0,",1,E",22.4,",E,28,",0.0,",,E,31,+",41.8,"1,E,19,",0.0,E,0.0,"1,E",0.0,",,,E",3.165,"1,E",3.8689999999999998,"1,,,E",2.461,",,,E"
AGE00147718,1887-08-01,34.85,5.72,125.0,"BISKRA, AG",1319.7,E,394.6,",E",2.0,",E",1.0,",E",0.0,",E",0.0,",E",0.0,",E",0.0,",E",31.0,",E",31.0,",E",18870831.0,",,E",18870830.0,",,E",18870814.0,",,E",20.1,",E,31,",3.7,",,E,30,",43.0,",E,14,",0.0,E,0.0,",E",5.4,",,,E",3.106,",E",3.8259999999999996,",,,E",2.387,",,,E"
AGE00147718,1887-09-01,34.85,5.72,125.0,"BISKRA, AG",1623.7,E,304.0,",E",3.0,",E",0.0,",E",0.0,",E",0.0,",E",0.0,",E",0.0,",E",30.0,",E",21.0,",E",18870929.0,",,E",18870920.0,",,E",18870905.0,",,E",17.8,",E,29,",1.8,",,E,20,",41.8,",E,05,",0.0,E,0.0,",E",3.0,",,,E",2.847,",E",3.4840000000000004,",,,E",2.209,",,,E"
AGE00147718,1887-10-01,34.85,5.72,125.0,"BISKRA, AG",1699.5,E,75.8,"1,E",1.0,",E",0.0,",E",0.0,",E",0.0,",E",0.0,",E",0.0,"1,E",24.0,"1,E",2.0,"1,E",18871025.0,",,E",18871011.0,",,E",18871003.0,",1,E",4.2,",E,25,",2.4,",,E,11,",34.0,"1,E,03,",50.3,E,50.3,"1,E",2.4,",,,E",1.903,"1,E",2.4829999999999997,"1,,,E",1.324,",,,E"
AGE00147718,1887-11-01,34.85,5.72,125.0,"BISKRA, AG",1703.1,E,3.6,",E",4.0,",E",1.0,",E",0.0,",E",0.0,",E",0.0,",E",0.0,",E",13.0,",E",0.0,",E",18871130.0,",,E",18871120.0,",,E",18871116.0,",,E",5.0,",E,30,",3.8,",,E,20,",24.8,",E,16,",136.8,E,86.5,",E",8.6,",,,E",1.557,",E",2.053,",,,E",1.061,",,,E"
AGE00147718,1887-12-01,34.85,5.72,125.0,"BISKRA, AG",1703.1,E,0.0,"3,E",2.0,",E",2.0,",E",0.0,",E",0.0,",E",0.0,",E",0.0,"3,E",1.0,"3,E",0.0,"3,E",18871227.0,"+,,E",18871230.0,"+,,E",18871223.0,",3,E",1.4,",E,27,+",4.2,",,E,30,+",21.2,"3,E,23,",334.9,E,198.1,"3,E",8.4,",,,E",1.122,"3,E",1.661,"3,,,E",0.583,",,,E"
AGE00147718,1888-01-01,34.85,5.72,125.0,"BISKRA, AG",0.0,E,0.0,",E",2.0,",E",2.0,",E",0.0,",E",0.0,",E",1.0,",E",0.0,",E",1.0,",E",0.0,",E",18880122.0,",,E",18880108.0,",,E",18880115.0,",,E",0.0,",E,22,",11.6,",,E,08,",21.8,",E,15,",568.4,E,233.5,",E",14.2,",,,E",1.08,",E",1.65,",,,E",0.51,",,,E"
AGE00147718,1888-02-01,34.85,5.72,125.0,"BISKRA, AG",0.0,E,0.0,"1,E",6.0,",E",3.0,",E",0.0,",E",0.0,",E",0.0,",E",0.0,"1,E",1.0,"1,E",0.0,"1,E",18880202.0,",,E",18880205.0,",,E",18880214.0,",1,E",1.0,",E,02,",7.9,",,E,05,",22.0,"1,E,14,",771.5,E,203.1,"1,E",25.5,",,,E",1.114,"1,E",1.6620000000000001,"1,,,E",0.5660000000000001,",,,E"
AGE00147718,1888-03-01,34.85,5.72,125.0,"BISKRA, AG",22.1,E,22.1,",E",2.0,",E",0.0,",E",0.0,",E",0.0,",E",0.0,",E",0.0,",E",17.0,",E",0.0,",E",18880301.0,",,E",18880302.0,",,E",18880328.0,",,E",4.0,",E,01,",0.8,",,E,02,",31.0,",E,28,",850.2,E,78.7,",E",1.5,",,,E",1.6510000000000002,",E",2.198,",,,E",1.103,",,,E"
AGE00147718,1888-04-01,34.85,5.72,125.0,"BISKRA, AG",121.4,E,99.3,",E",1.0,",E",0.0,",E",0.0,",E",0.0,",E",0.0,",E",0.0,",E",30.0,",E",4.0,",E",18880412.0,",,E",18880415.0,",,E",18880423.0,",,E",11.0,",E,12,",1.4,",,E,15,",35.0,",E,23,",851.5,E,1.3,",E",1.4,",,,E",2.16,",E",2.8,",,,E",1.52,",,,E"
AGE00147718,1888-05-01,34.85,5.72,125.0,"BISKRA, AG",287.9,E,166.5,"2,E",2.0,",E",1.0,",E",0.0,",E",0.0,"2,E",0.0,"2,E",0.0,",E",31.0,",E",6.0,",E",18880508.0,",2,E",18880514.0,",,E",18880502.0,",,E",13.2,"2,E,08,",4.9,",,E,14,",34.0,",E,02,",851.5,E,0.0,",E",6.7,",,,E",2.404,"2,E",3.0010000000000003,",,,E",1.807,"2,,,E"
AGE00147718,1888-06-01,34.85,5.72,125.0,"BISKRA, AG",638.8,E,350.9,",E",1.0,",E",1.0,",E",0.0,",E",0.0,",E",0.0,",E",0.0,",E",30.0,",E",30.0,",E",18880620.0,",,E",18880620.0,",,E",18880630.0,",,E",16.8,",E,20,",9.0,",,E,20,",43.0,",E,30,",851.5,E,0.0,",E",9.0,",,,E",3.003,",E",3.751,",,,E",2.255,",,,E"
AGE00147718,1888-07-01,34.85,5.72,125.0,"BISKRA, AG",1133.4,E,494.6,",E",0.0,",E",0.0,",E",0.0,",E",0.0,",E",0.0,",E",0.0,",E",31.0,",E",31.0,",E",18880703.0,",,E",18880731.0,"+,,E",18880728.0,",,E",21.4,",E,03,",0.0,",,E,31,+",46.0,",E,28,",0.0,E,0.0,",E",0.0,",,,E",3.429,",E",4.208,",,,E",2.649,",,,E"
AGE00147718,1888-08-01,34.85,5.72,125.0,"BISKRA, AG",1519.4,E,386.0,",E",1.0,",E",0.0,",E",0.0,",E",0.0,",E",0.0,",E",0.0,",E",31.0,",E",31.0,",E",18880830.0,",,E",18880805.0,",,E",18880801.0,",,E",18.2,",E,30,",1.2,",,E,05,",45.4,",E,01,",0.0,E,0.0,",E",1.2,",,,E",3.0780000000000003,",E",3.821,",,,E",2.335,",,,E"
AGE00147718,1888-09-01,34.85,5.72,125.0,"BISKRA, AG",1834.8,E,315.4,"1,E",4.0,",E",2.0,",E",0.0,",E",0.0,",E",0.0,",E",0.0,"1,E",29.0,"1,E",26.0,"1,E",18880930.0,"+,,E",18880909.0,",,E",18880907.0,",1,E",18.0,",E,30,+",6.0,",,E,09,",39.2,"1,E,07,",0.0,E,0.0,"1,E",11.2,",,,E",2.924,"1,E",3.618,"1,,,E",2.231,",,,E"
AGE00147718,1888-10-01,34.85,5.72,125.0,"BISKRA, AG",1908.5,E,73.7,"1,E",2.0,",E",2.0,",E",0.0,",E",0.0,",E",0.0,",E",0.0,"1,E",29.0,"1,E",4.0,"1,E",18881031.0,",,E",18881005.0,",,E",18881003.0,"+,1,E",8.8,",E,31,",4.8,",,E,05,",36.2,"1,E,03,+",10.9,E,10.9,"1,E",8.2,",,,E",2.034,"1,E",2.598,"1,,,E",1.4689999999999999,",,,E"
AGE00147718,1888-11-01,34.85,5.72,125.0,"BISKRA, AG",1912.1,E,3.6,"1,E",4.0,",E",2.0,",E",1.0,",E",0.0,",E",0.0,",E",0.0,"1,E",11.0,"1,E",0.0,"1,E",18881125.0,",,E",18881115.0,",,E",18881109.0,",1,E",4.3,",E,25,",31.2,",,E,15,",28.6,"1,E,09,",111.2,E,100.3,"1,E",48.2,",,,E",1.496,"1,E",2.032,"1,,,E",0.959,",,,E"
AGE00147718,1888-12-01,34.85,5.72,125.0,"BISKRA, AG",1912.1,E,0.0,"5,E",5.0,",E",3.0,",E",1.0,",E",0.0,"4,E",0.0,"4,E",0.0,"2,E",1.0,"2,E",0.0,"2,E",18881210.0,",4,E",18881218.0,",,E",18881205.0,",2,E",5.3,"4,E,10,",29.6,",,E,18,",21.4,"2,E,05,",244.2,E,133.0,"2,E",44.8,",,,E",1.326,"5,E",1.8030000000000002,"2,,,E",0.849,"4,,,E"
AGE00147718,1889-01-01,34.85,5.72,125.0,"BISKRA, AG",0.0,E,0.0,",E",5.0,",E",2.0,",E",0.0,",E",0.0,",E",0.0,",E",0.0,",E",0.0,",E",0.0,",E",18890125.0,",,E",18890121.0,",,E",18890103.0,",,E",0.8,",E,25,",6.0,",,E,21,",18.6,",E,03,",492.3,E,248.1,",E",15.0,",,,E",1.033,",E",1.506,",,,E",0.5589999999999999,",,,E"
AGE00147718,1889-02-01,34.85,5.72,125.0,"BISKRA, AG",0.0,E,0.0,",E",1.0,",E",0.0,",E",0.0,",E",0.0,",E",0.0,",E",0.0,",E",6.0,",E",0.0,",E",18890214.0,",,E",18890208.0,",,E",18890221.0,",,E",1.8,",E,14,",0.3,",,E,08,",24.4,",E,21,",649.3,E,157.0,",E",0.3,",,,E",1.2730000000000001,",E",1.861,",,,E",0.6839999999999999,",,,E"
AGE00147718,1889-03-01,34.85,5.72,125.0,"BISKRA, AG",4.2,E,4.2,"1,E",2.0,",E",1.0,",E",0.0,",E",0.0,",E",0.0,",E",0.0,"1,E",10.0,"1,E",0.0,"1,E",18890318.0,",,E",18890313.0,",,E",18890320.0,",1,E",3.0,",E,18,",3.6,",,E,13,",25.8,"1,E,20,",782.0,E,132.7,"1,E",5.8,",,,E",1.411,"1,E",1.957,"1,,,E",0.865,",,,E"
AGE00147718,1889-04-01,34.85,5.72,125.0,"BISKRA, AG",30.2,E,26.0,"1,E",1.0,",E",0.0,",E",0.0,",E",0.0,",E",0.0,",E",0.0,"1,E",27.0,"1,E",1.0,"1,E",18890420.0,",,E",18890408.0,",,E",18890429.0,",1,E",6.8,",E,20,",0.5,",,E,08,",32.4,"1,E,29,",812.7,E,30.7,"1,E",0.5,",,,E",1.814,"1,E",2.4699999999999998,"1,,,E",1.159,",,,E"
AGE00147718,1889-05-01,34.85,5.72,125.0,"BISKRA, AG",196.0,E,165.8,",E",1.0,",E",1.0,",E",1.0,",E",0.0,",E",0.0,",E",0.0,",E",30.0,",E",9.0,",E",18890509.0,",,E",18890508.0,",,E",18890524.0,",,E",10.0,",E,09,",31.9,",,E,08,",37.2,",E,24,",816.2,E,3.5,",E",31.9,",,,E",2.357,",E",3.003,",,,E",1.7120000000000002,",,,E"
AGE00147718,1889-06-01,34.85,5.72,125.0,"BISKRA, AG",516.6,E,320.6,",E",0.0,",E",0.0,",E",0.0,",E",0.0,",E",0.0,",E",0.0,",E",30.0,",E",26.0,",E",18890613.0,",,E",18890630.0,"+,,E",18890626.0,",,E",16.6,",E,13,",0.0,",,E,30,+",47.2,",E,26,",816.2,E,0.0,",E",0.0,",,,E",2.902,",E",3.621,",,,E",2.183,",,,E"
AGE00147718,1889-07-01,34.85,5.72,125.0,"BISKRA, AG",951.6,E,435.0,",E",0.0,",E",0.0,",E",0.0,",E",0.0,",E",0.0,",E",0.0,",E",31.0,",E",31.0,",E",18890702.0,",,E",18890731.0,"+,,E",18890726.0,",,E",18.2,",E,02,",0.0,",,E,31,+",47.5,",E,26,",0.0,E,0.0,",E",0.0,",,,E",3.2359999999999998,",E",3.992,",,,E",2.481,",,,E"
AGE00147718,1889-08-01,34.85,5.72,125.0,"BISKRA, AG",1392.7,E,441.1,",E",2.0,",E",0.0,",E",0.0,",E",0.0,",E",0.0,",E",0.0,",E",31.0,",E",31.0,",E",18890827.0,",,E",18890826.0,",,E",18890810.0,",,E",18.9,",E,27,",2.1,",,E,26,",46.2,",E,10,",0.0,E,0.0,",E",2.4,",,,E",3.2560000000000002,",E",4.011,",,,E",2.5010000000000003,",,,E"
AGE00147718,1889-09-01,34.85,5.72,125.0,"BISKRA, AG",1669.7,E,277.0,",E",2.0,",E",2.0,",E",0.0,",E",0.0,",E",0.0,",E",0.0,",E",30.0,",E",22.0,",E",18890925.0,",,E",18890928.0,",,E",18890907.0,",,E",14.0,",E,25,",11.8,",,E,28,",40.1,",E,07,",0.0,E,0.0,",E",22.7,",,,E",2.757,",E",3.438,",,,E",2.075,",,,E"
AGE00147718,1889-10-01,34.85,5.72,125.0,"BISKRA, AG",1801.6,E,131.9,",E",0.0,",E",0.0,",E",0.0,",E",0.0,",E",0.0,",E",0.0,",E",31.0,",E",4.0,",E",18891016.0,",,E",18891031.0,"+,,E",18891004.0,",,E",11.8,",E,16,",0.0,",,E,31,+",33.8,",E,04,",0.0,E,0.0,",E",0.0,",,,E",2.259,",E",2.856,",,,E",1.6620000000000001,",,,E"
AGE00147718,1889-11-01,34.85,5.72,125.0,"BISKRA, AG",1804.2,E,2.6,",E",1.0,",E",0.0,",E",0.0,",E",0.0,",E",0.0,",E",0.0,",E",12.0,",E",0.0,",E",18891130.0,",,E",18891123.0,",,E",18891111.0,"+,,E",3.8,",E,30,",1.8,",,E,23,",24.4,",E,11,+",104.3,E,104.3,",E",1.8,",,,E",1.494,",E",2.019,",,,E",0.97,",,,E"
AGE00147718,1889-12-01,34.85,5.72,125.0,"BISKRA, AG",1804.2,E,0.0,",E",5.0,",E",5.0,",E",0.0,",E",0.0,",E",0.0,",E",0.0,",E",0.0,",E",0.0,",E",18891202.0,",,E",18891227.0,",,E",18891206.0,",,E",0.6,",E,02,",11.4,",,E,27,",17.2,",E,06,",373.0,E,268.7,",E",30.8,",,,E",0.966,",E",1.428,",,,E",0.505,",,,E"
AGE00147718,1890-01-01,34.85,5.72,125.0,"BISKRA, AG",0.0,E,0.0,",E",2.0,",E",1.0,",E",0.0,",E",0.0,",E",0.0,",E",0.0,",E",3.0,",E",0.0,",E",18900104.0,",,E",18900108.0,",,E",18900104.0,",,E",2.6,",E,04,",3.5,",,E,08,",21.6,",E,04,",597.9,E,224.9,",E",4.8,",,,E",1.108,",E",1.6789999999999998,",,,E",0.536,",,,E"
AGE00147718,1890-02-01,34.85,5.72,125.0,"BISKRA, AG",0.0,E,0.0,",E",2.0,",E",1.0,",E",0.0,",E",0.0,",E",0.0,",E",0.0,",E",2.0,",E",0.0,",E",18900209.0,"+,,E",18900226.0,",,E",18900219.0,",,E",3.8,",E,09,+",3.8,",,E,26,",22.4,",E,19,",770.6,E,172.7,",E",4.6,",,,E",1.217,",E",1.778,",,,E",0.655,",,,E"
AGE00147718,1890-03-01,34.85,5.72,125.0,"BISKRA, AG",0.6,E,0.6,",E",5.0,",E",2.0,",E",1.0,",E",0.0,",E",0.0,",E",0.0,",E",4.0,",E",0.0,",E",18900302.0,",,E",18900315.0,",,E",18900331.0,",,E",3.0,",E,02,",71.9,",,E,15,",26.4,",E,31,",920.4,E,149.8,",E",100.0,",,,E",1.3519999999999999,",E",1.8519999999999999,",,,E",0.852,",,,E"
AGE00147718,1890-04-01,34.85,5.72,125.0,"BISKRA, AG",22.0,E,21.4,",E",3.0,",E",2.0,",E",1.0,",E",0.0,",E",0.0,",E",0.0,",E",26.0,",E",0.0,",E",18900413.0,",,E",18900420.0,",,E",18900425.0,",,E",8.9,",E,13,",28.5,",,E,20,",28.4,",E,25,",952.1,E,31.7,",E",48.7,",,,E",1.799,",E",2.384,",,,E",1.214,",,,E"
AGE00147718,1890-05-01,34.85,5.72,125.0,"BISKRA, AG",153.1,E,131.1,",E",4.0,",E",3.0,",E",0.0,",E",0.0,",E",0.0,",E",0.0,",E",31.0,",E",4.0,",E",18900512.0,",,E",18900531.0,",,E",18900529.0,"+,,E",9.5,",E,12,",16.0,",,E,31,",32.4,",E,29,+",957.9,E,5.8,",E",28.7,",,,E",2.237,",E",2.8579999999999997,",,,E",1.6170000000000002,",,,E"
AGE00147718,1890-06-01,34.85,5.72,125.0,"BISKRA, AG",443.3,E,290.2,",E",0.0,",E",0.0,",E",0.0,",E",0.0,",E",0.0,",E",0.0,",E",30.0,",E",24.0,",E",18900601.0,",,E",18900630.0,"+,,E",18900623.0,",,E",15.0,",E,01,",0.0,",,E,30,+",42.8,",E,23,",957.9,E,0.0,",E",0.0,",,,E",2.801,",E",3.527,",,,E",2.074,",,,E"
AGE00147718,1890-07-01,34.85,5.72,125.0,"BISKRA, AG",860.7,E,417.4,"2,E",0.0,",E",0.0,",E",0.0,",E",0.0,"2,E",0.0,"2,E",0.0,",E",31.0,",E",31.0,",E",18900715.0,"+,2,E",18900731.0,"+,,E",18900710.0,",,E",22.0,"2,E,15,+",0.0,",,E,31,+",44.0,",E,10,",0.0,E,0.0,",E",0.0,",,,E",3.268,"2,E",3.939,",,,E",2.596,"2,,,E"
AGE00147718,1890-09-01,34.85,5.72,125.0,"BISKRA, AG",,,220.1,",E",3.0,",E",2.0,",E",1.0,",E",0.0,",E",0.0,",E",0.0,",E",30.0,",E",12.0,",E",18900918.0,",,E",18900902.0,",,E",18900901.0,",,E",15.6,",E,18,",27.0,",,E,02,",37.0,",E,01,",,,0.0,",E",30.3,",,,E",2.567,",E",3.179,",,,E",1.955,",,,E"
AGE00147718,1890-10-01,34.85,5.72,125.0,"BISKRA, AG",,,103.7,"1,E",2.0,",E",0.0,",E",0.0,",E",0.0,",E",0.0,",E",0.0,"1,E",21.0,"1,E",0.0,"1,E",18901031.0,",,E",18901021.0,",,E",18901007.0,",1,E",8.6,",E,31,",2.0,",,E,21,",31.2,"1,E,07,",,,14.6,"1,E",3.0,",,,E",2.117,"1,E",2.59,"1,,,E",1.6440000000000001,",,,E"
AGE00147718,1890-11-01,34.85,5.72,125.0,"BISKRA, AG",,,,,2.0,",E",1.0,",E",0.0,",E",0.0,"3,E",0.0,"3,E",0.0,"5,E",4.0,"5,E",0.0,"5,E",18901129.0,",3,E",18901120.0,",,E",18901116.0,"+,5,E",5.0,"3,E,29,",3.5,",,E,20,",21.8,"5,E,16,+",,,,,5.0,",,,E",1.4769999999999999,"7,E",1.925,"5,,,E",1.028,"3,,,E"
AGE00147718,1890-12-01,34.85,5.72,125.0,"BISKRA, AG",,,,,8.0,",E",4.0,",E",0.0,",E",0.0,"4,E",0.0,"4,E",0.0,"4,E",0.0,"4,E",0.0,"4,E",18901204.0,"+,4,E",18901222.0,",,E",18901223.0,",4,E",2.4,"4,E,04,+",12.5,",,E,22,",19.8,"4,E,23,",,,,,39.1,",,,E",1.011,"6,E",1.467,"4,,,E",0.554,"4,,,E"
AGE00147718,1891-03-01,34.85,5.72,125.0,"BISKRA, AG",,,3.9,"1,E",1.0,",E",0.0,",E",0.0,",E",0.0,",E",0.0,",E",0.0,"1,E",17.0,"1,E",0.0,"1,E",18910305.0,",,E",18910322.0,",,E",18910320.0,",1,E",4.6,",E,05,",1.0,",,E,22,",26.8,"1,E,20,",,,101.4,"1,E",1.0,",,,E",1.506,"1,E",2.131,"1,,,E",0.881,",,,E"
AGE00147718,1891-04-01,34.85,5.72,125.0,"BISKRA, AG",,,89.6,",E",3.0,",E",2.0,",E",0.0,",E",0.0,",E",0.0,",E",0.0,",E",30.0,",E",6.0,",E",18910417.0,",,E",18910424.0,",,E",18910408.0,",,E",7.8,",E,17,",10.0,",,E,24,",34.2,",E,08,",,,6.0,",E",15.7,",,,E",2.112,",E",2.9,",,,E",1.324,",,,E"
AGE00147718,1891-05-01,34.85,5.72,125.0,"BISKRA, AG",,,139.5,",E",4.0,",E",2.0,",E",0.0,",E",0.0,",E",0.0,",E",0.0,",E",31.0,",E",4.0,",E",18910508.0,",,E",18910517.0,"+,,E",18910521.0,",,E",12.4,",E,08,",2.5,",,E,17,+",35.2,",E,21,",,,0.1,",E",7.5,",,,E",2.283,",E",2.898,",,,E",1.668,",,,E"
AGE00147718,1892-01-01,34.85,5.72,125.0,"BISKRA, AG",,,,,2.0,"5,E",2.0,"5,E",0.0,"5,E",0.0,"5,E",0.0,"5,E",0.0,"5,E",0.0,"5,E",0.0,"5,E",18920121.0,"+,5,E",18920107.0,",5,E",18920122.0,"+,5,E",6.0,"5,E,21,+",6.0,"5,,E,07,",21.0,"5,E,22,+",,,,,8.8,"5,,,E",1.41,"0,E",1.8579999999999999,"5,,,E",0.962,"5,,,E"
AGE00147718,1892-04-01,34.85,5.72,125.0,"BISKRA, AG",,,45.2,"5,E",2.0,"2,E",1.0,"2,E",0.0,"2,E",0.0,"3,E",0.0,"3,E",0.0,"2,E",27.0,"2,E",0.0,"2,E",18920421.0,",3,E",18920425.0,",2,E",18920415.0,",2,E",11.0,"3,E,21,",9.0,"2,,E,25,",28.0,"2,E,15,",,,2.0,"2,E",10.0,"2,,,E",2.0,"5,E",2.521,"2,,,E",1.478,"3,,,E"
AGE00147718,1892-05-01,34.85,5.72,125.0,"BISKRA, AG",,,129.2,"2,E",6.0,"1,E",5.0,"1,E",0.0,"1,E",0.0,"1,E",0.0,"1,E",0.0,"1,E",27.0,"1,E",9.0,"1,E",18920512.0,"+,1,E",18920510.0,",1,E",18920521.0,",1,E",11.0,"1,E,12,+",24.0,"1,,E,10,",38.0,"1,E,21,",,,9.3,"1,E",68.1,"1,,,E",2.232,"2,E",2.893,"1,,,E",1.5699999999999998,"1,,,E"
AGE00147718,1892-06-01,34.85,5.72,125.0,"BISKRA, AG",,,,,0.0,"3,E",0.0,"3,E",0.0,"3,E",0.0,"3,E",0.0,"3,E",0.0,"3,E",27.0,"3,E",25.0,"3,E",18920611.0,"+,3,E",18920630.0,"+,3,E",18920626.0,",3,E",19.0,"3,E,11,+",0.0,"3,,E,30,+",47.0,"3,E,26,",,,,,0.0,"3,,,E",3.006,"6,E",3.7630000000000003,"3,,,E",2.248,"3,,,E"
AGE00147718,1892-07-01,34.85,5.72,125.0,"BISKRA, AG",,,428.7,",E",0.0,",E",0.0,",E",0.0,",E",0.0,",E",0.0,",E",0.0,",E",31.0,",E",31.0,",E",18920724.0,",,E",18920731.0,"+,,E",18920727.0,"+,,E",18.0,",E,24,",0.0,",,E,31,+",48.0,",E,27,+",0.0,,0.0,",E",0.0,",,,E",3.2159999999999997,",E",4.135,",,,E",2.2969999999999997,",,,E"
AGE00147718,1892-08-01,34.85,5.72,125.0,"BISKRA, AG",,,313.3,"2,E",0.0,"1,E",0.0,"1,E",0.0,"1,E",0.0,"1,E",0.0,"1,E",0.0,"1,E",30.0,"1,E",29.0,"1,E",18920808.0,"+,1,E",18920831.0,"+,1,E",18920802.0,",1,E",15.0,"1,E,08,+",0.0,"1,,E,31,+",46.0,"1,E,02,",0.0,,0.0,"1,E",0.0,"1,,,E",2.915,"2,E",3.7,"1,,,E",2.13,"1,,,E"
AGE00147718,1892-09-01,34.85,5.72,125.0,"BISKRA, AG",,,243.2,"2,E",0.0,"1,E",0.0,"1,E",0.0,"1,E",0.0,"1,E",0.0,"1,E",0.0,"1,E",29.0,"1,E",21.0,"1,E",18920914.0,",1,E",18920930.0,"+,1,E",18920904.0,",1,E",11.0,"1,E,14,",0.0,"1,,E,30,+",46.0,"1,E,04,",0.0,,0.0,"1,E",0.0,"1,,,E",2.709,"2,E",3.476,"1,,,E",1.941,"1,,,E"
AGE00147718,1892-10-01,34.85,5.72,125.0,"BISKRA, AG",,,143.5,",E",4.0,",E",3.0,",E",0.0,",E",0.0,",E",0.0,",E",0.0,",E",31.0,",E",4.0,",E",18921020.0,",,E",18921006.0,",,E",18921001.0,",,E",14.0,",E,20,",19.0,",,E,06,",39.0,",E,01,",0.3,,0.3,",E",42.0,",,,E",2.295,",E",2.794,",,,E",1.797,",,,E"
AGE00147718,1893-04-01,34.85,5.72,125.0,"BISKRA, AG",,,104.0,",E",1.0,",E",1.0,",E",0.0,",E",0.0,",E",0.0,",E",0.0,",E",30.0,",E",9.0,",E",18930413.0,",,E",18930404.0,",,E",18930430.0,",,E",8.0,",E,13,",6.0,",,E,04,",36.0,",E,30,",,,4.0,",E",6.0,",,,E",2.1670000000000003,",E",3.0,",,,E",1.333,",,,E"
AGE00147718,1893-05-01,34.85,5.72,125.0,"BISKRA, AG",,,,,1.0,"5,E",1.0,"5,E",0.0,"5,E",0.0,"4,E",0.0,"4,E",0.0,"5,E",26.0,"5,E",23.0,"5,E",18930518.0,"+,4,E",18930512.0,",5,E",18930528.0,",5,E",12.0,"4,E,18,+",4.0,"5,,E,12,",37.0,"5,E,28,",,,,,4.0,"5,,,E",2.622,"8,E",3.4810000000000003,"5,,,E",1.763,"4,,,E"
AGE00147718,1901-11-01,34.85,5.72,125.0,"BISKRA, AG",,,2.0,"3,E",3.0,"1,E",2.0,"1,E",0.0,"1,E",0.0,"2,E",0.0,"2,E",0.0,"2,E",6.0,"2,E",0.0,"2,E",19011124.0,",2,E",19011128.0,",1,E",19011118.0,",2,E",8.0,"2,E,24,",6.4,"1,,E,28,",25.0,"2,E,18,",,,78.5,"2,E",13.0,"1,,,E",1.55,"3,E",2.0,"2,,,E",1.1,"2,,,E"
AGE00147718,1901-12-01,34.85,5.72,125.0,"BISKRA, AG",,,0.0,"4,E",4.0,"1,E",4.0,"1,E",0.0,"1,E",0.0,"2,E",0.0,"2,E",0.0,"3,E",0.0,"3,E",0.0,"3,E",19011222.0,",2,E",19011222.0,",1,E",19011210.0,",3,E",3.0,"2,E,22,",19.0,"1,,E,22,",18.0,"3,E,10,",,,202.0,"3,E",40.2,"1,,,E",1.08,"4,E",1.5390000000000001,"3,,,E",0.621,"2,,,E"
AGE00147718,1902-02-01,34.85,5.72,125.0,"BISKRA, AG",,,4.0,"2,E",5.0,"1,E",3.0,"1,E",0.0,"1,E",0.0,"1,E",0.0,"1,E",0.0,"1,E",15.0,"1,E",0.0,"1,E",19020217.0,",1,E",19020214.0,",1,E",19020228.0,"+,1,E",3.0,"1,E,17,",11.2,"1,,E,14,",26.0,"1,E,28,+",,,93.7,"1,E",22.4,"1,,,E",1.5,"2,E",2.093,"1,,,E",0.907,"1,,,E"
AGE00147718,1902-03-01,34.85,5.72,125.0,"BISKRA, AG",,,12.0,"4,E",0.0,"2,E",0.0,"2,E",0.0,"2,E",0.0,"2,E",0.0,"2,E",0.0,"2,E",23.0,"2,E",0.0,"2,E",19020327.0,"+,2,E",19020331.0,"+,2,E",19020331.0,",2,E",8.0,"2,E,27,+",0.0,"2,,E,31,+",30.0,"2,E,31,",,,49.0,"2,E",0.0,"2,,,E",1.684,"4,E",2.334,"2,,,E",1.034,"2,,,E"
AGE00147718,1902-04-01,34.85,5.72,125.0,"BISKRA, AG",,,74.3,"2,E",1.0,"1,E",1.0,"1,E",0.0,"1,E",0.0,"1,E",0.0,"1,E",0.0,"1,E",28.0,"1,E",0.0,"1,E",19020419.0,",1,E",19020423.0,",1,E",19020427.0,"+,1,E",11.0,"1,E,19,",3.0,"1,,E,23,",31.0,"1,E,27,+",,,2.2,"1,E",3.0,"1,,,E",2.0949999999999998,"2,E",2.7,"1,,,E",1.49,"1,,,E"
AGE00147718,1902-05-01,34.85,5.72,125.0,"BISKRA, AG",,,,,2.0,"2,E",2.0,"2,E",0.0,"2,E",0.0,"2,E",0.0,"2,E",0.0,"2,E",29.0,"2,E",2.0,"2,E",19020523.0,",2,E",19020513.0,",2,E",19020530.0,",2,E",5.0,"2,E,23,",15.0,"2,,E,13,",36.0,"2,E,30,",,,,,24.0,"2,,,E",2.093,"4,E",2.741,"2,,,E",1.4449999999999998,"2,,,E"
AGE00147718,1902-06-01,34.85,5.72,125.0,"BISKRA, AG",,,272.2,"2,E",1.0,"1,E",1.0,"1,E",0.0,"1,E",0.0,"1,E",0.0,"1,E",0.0,"1,E",29.0,"1,E",19.0,"1,E",19020620.0,",1,E",19020603.0,",1,E",19020628.0,",1,E",12.0,"1,E,20,",9.0,"1,,E,03,",41.0,"1,E,28,",,,0.0,"1,E",9.0,"1,,,E",2.805,"2,E",3.4590000000000005,"1,,,E",2.152,"1,,,E"
AGE00147718,1902-08-01,34.85,5.72,125.0,"BISKRA, AG",,,405.8,"2,E",0.0,"1,E",0.0,"1,E",0.0,"1,E",0.0,"1,E",0.0,"1,E",0.0,"1,E",30.0,"1,E",30.0,"1,E",19020806.0,",1,E",19020831.0,"+,1,E",19020821.0,"+,1,E",20.0,"1,E,06,",0.0,"1,,E,31,+",43.0,"1,E,21,+",,,0.0,"1,E",0.0,"1,,,E",3.2299999999999995,"2,E",3.9299999999999997,"1,,,E",2.5300000000000002,"1,,,E"
AGE00147718,1902-09-01,34.85,5.72,125.0,"BISKRA, AG",,,280.5,",E",1.0,",E",1.0,",E",1.0,",E",0.0,",E",0.0,",E",0.0,",E",30.0,",E",17.0,",E",19020930.0,"+,,E",19020926.0,",,E",19020906.0,",,E",16.0,",E,30,+",34.0,",,E,26,",40.0,",E,06,",,,0.0,",E",34.0,",,,E",2.768,",E",3.3770000000000002,",,,E",2.16,",,,E"
AGE00147718,1902-10-01,34.85,5.72,125.0,"BISKRA, AG",,,,,1.0,"2,E",0.0,"2,E",0.0,"2,E",0.0,"2,E",0.0,"2,E",0.0,"2,E",26.0,"2,E",3.0,"2,E",19021027.0,",2,E",19021030.0,",2,E",19021002.0,",2,E",11.0,"2,E,27,",1.0,"2,,E,30,",34.0,"2,E,02,",,,,,1.0,"2,,,E",2.114,"4,E",2.607,"2,,,E",1.621,"2,,,E"
AGE00147718,1902-11-01,34.85,5.72,125.0,"BISKRA, AG",,,1.5,"4,E",4.0,"2,E",4.0,"2,E",0.0,"2,E",0.0,"2,E",0.0,"2,E",0.0,"2,E",9.0,"2,E",0.0,"2,E",19021128.0,"+,2,E",19021106.0,",2,E",19021113.0,"+,2,E",10.0,"2,E,28,+",24.0,"2,,E,06,",25.0,"2,E,13,+",,,45.7,"2,E",43.8,"2,,,E",1.666,"4,E",2.086,"2,,,E",1.246,"2,,,E"
AGE00147718,1902-12-01,34.85,5.72,125.0,"BISKRA, AG",,,0.0,"2,E",2.0,"1,E",1.0,"1,E",0.0,"1,E",0.0,"1,E",0.0,"1,E",0.0,"1,E",0.0,"1,E",0.0,"1,E",19021230.0,"+,1,E",19021214.0,",1,E",19021213.0,"+,1,E",8.0,"1,E,30,+",16.4,"1,,E,14,",21.0,"1,E,13,+",,,111.2,"1,E",17.6,"1,,,E",1.457,"2,E",1.877,"1,,,E",1.037,"1,,,E"
AGE00147718,1903-02-01,34.85,5.72,125.0,"BISKRA, AG",,,0.0,"2,E",0.0,"1,E",0.0,"1,E",0.0,"1,E",0.0,"1,E",0.0,"1,E",0.0,"1,E",11.0,"1,E",0.0,"1,E",19030208.0,"+,1,E",19030228.0,"+,1,E",19030228.0,"+,1,E",9.0,"1,E,08,+",0.0,"1,,E,28,+",23.0,"1,E,28,+",,,63.2,"1,E",0.0,"1,,,E",1.591,"2,E",2.141,"1,,,E",1.041,"1,,,E"
AGE00147718,1903-03-01,34.85,5.72,125.0,"BISKRA, AG",,,0.2,"2,E",0.0,"1,E",0.0,"1,E",0.0,"1,E",0.0,"1,E",0.0,"1,E",0.0,"1,E",28.0,"1,E",0.0,"1,E",19030331.0,"+,1,E",19030331.0,"+,1,E",19030329.0,"+,1,E",10.0,"1,E,31,+",0.0,"1,,E,31,+",25.0,"1,E,29,+",,,30.3,"1,E",0.0,"1,,,E",1.7269999999999999,"2,E",2.347,"1,,,E",1.107,"1,,,E"
AGE00147718,1903-04-01,34.85,5.72,125.0,"BISKRA, AG",,,,,1.0,"4,E",1.0,"4,E",0.0,"4,E",0.0,"4,E",0.0,"4,E",0.0,"4,E",21.0,"4,E",1.0,"4,E",19030426.0,"+,4,E",19030425.0,",4,E",19030430.0,",4,E",10.0,"4,E,26,+",4.2,"4,,E,25,",33.0,"4,E,30,",,,,,4.2,"4,,,E",1.777,"7,E",2.435,"4,,,E",1.119,"4,,,E"
AGE00147718,1903-05-01,34.85,5.72,125.0,"BISKRA, AG",,,139.2,"2,E",0.0,"1,E",0.0,"1,E",0.0,"1,E",0.0,"1,E",0.0,"1,E",0.0,"1,E",30.0,"1,E",7.0,"1,E",19030502.0,",1,E",19030531.0,"+,1,E",19030528.0,",1,E",10.0,"1,E,02,",0.0,"1,,E,31,+",37.0,"1,E,28,",,,1.8,"1,E",0.0,"1,,,E",2.307,"2,E",2.95,"1,,,E",1.6629999999999998,"1,,,E"
AGE00147718,1903-07-01,34.85,5.72,125.0,"BISKRA, AG",,,375.0,"4,E",0.0,"2,E",0.0,"2,E",0.0,"2,E",0.0,"2,E",0.0,"2,E",0.0,"2,E",29.0,"2,E",28.0,"2,E",19030710.0,",2,E",19030731.0,"+,2,E",19030723.0,",2,E",22.0,"2,E,10,",0.0,"2,,E,31,+",46.0,"2,E,23,",0.0,E,0.0,"2,E",0.0,"2,,,E",3.2310000000000003,"4,E",3.793,"2,,,E",2.669,"2,,,E"
AGE00147718,1903-08-01,34.85,5.72,125.0,"BISKRA, AG",,,403.5,"4,E",0.0,"2,E",0.0,"2,E",0.0,"2,E",0.0,"2,E",0.0,"2,E",0.0,"2,E",29.0,"2,E",29.0,"2,E",19030801.0,",2,E",19030831.0,"+,2,E",19030815.0,",2,E",25.0,"2,E,01,",0.0,"2,,E,31,+",43.0,"2,E,15,",0.0,E,0.0,"2,E",0.0,"2,,,E",3.3240000000000003,"4,E",3.8520000000000003,"2,,,E",2.7969999999999997,"2,,,E"
AGE00147718,1903-09-01,34.85,5.72,125.0,"BISKRA, AG",,,256.7,"2,E",3.0,"1,E",1.0,"1,E",0.0,"1,E",0.0,"1,E",0.0,"1,E",0.0,"1,E",29.0,"1,E",15.0,"1,E",19030929.0,",1,E",19030925.0,",1,E",19030912.0,"+,1,E",16.0,"1,E,29,",24.0,"1,,E,25,",37.0,"1,E,12,+",0.0,E,0.0,"1,E",27.0,"1,,,E",2.759,"2,E",3.183,"1,,,E",2.334,"1,,,E"
AGE00147718,1903-10-01,34.85,5.72,125.0,"BISKRA, AG",,,,,1.0,"4,E",0.0,"4,E",0.0,"4,E",0.0,"4,E",0.0,"4,E",0.0,"5,E",25.0,"5,E",2.0,"5,E",19031031.0,"+,4,E",19031002.0,",4,E",19031015.0,"+,5,E",12.0,"4,E,31,+",1.0,"4,,E,02,",33.0,"5,E,15,+",,,,,1.0,"4,,,E",2.291,"9,E",2.8,"5,,,E",1.781,"4,,,E"
AGE00147718,1903-12-01,34.85,5.72,125.0,"BISKRA, AG",,,0.7,"4,E",4.0,"2,E",3.0,"2,E",0.0,"2,E",0.0,"2,E",0.0,"2,E",0.0,"2,E",1.0,"2,E",0.0,"2,E",19031228.0,"+,2,E",19031203.0,",2,E",19031210.0,",2,E",11.0,"2,E,28,+",15.4,"2,,E,03,",22.0,"2,E,10,",,,62.7,"2,E",26.4,"2,,,E",1.6030000000000002,"4,E",1.9829999999999999,"2,,,E",1.224,"2,,,E"
AGE00147718,1904-04-01,34.85,5.72,125.0,"BISKRA, AG",,,48.8,"2,E",1.0,"1,E",1.0,"1,E",0.0,"1,E",0.0,"1,E",0.0,"1,E",0.0,"1,E",28.0,"1,E",0.0,"1,E",19040429.0,",1,E",19040423.0,",1,E",19040413.0,",1,E",10.0,"1,E,29,",5.0,"1,,E,23,",32.0,"1,E,13,",,,8.7,"1,E",5.0,"1,,,E",1.9760000000000002,"2,E",2.597,"1,,,E",1.355,"1,,,E"
AGE00147718,1904-05-01,34.85,5.72,125.0,"BISKRA, AG",,,214.5,"1,E",0.0,"1,E",0.0,"1,E",0.0,"1,E",0.0,",E",0.0,",E",0.0,"1,E",30.0,"1,E",14.0,"1,E",19040503.0,"+,,E",19040531.0,"+,1,E",19040530.0,",1,E",14.0,",E,03,+",0.0,"1,,E,31,+",41.0,"1,E,30,",,,0.0,"1,E",0.0,"1,,,E",2.5620000000000003,"1,E",3.2270000000000003,"1,,,E",1.8969999999999998,",,,E"
AGE00147718,1904-12-01,34.85,5.72,125.0,"BISKRA, AG",,,0.0,"4,E",0.0,"2,E",0.0,"2,E",0.0,"2,E",0.0,"2,E",0.0,"2,E",0.0,"2,E",15.0,"2,E",0.0,"2,E",19041229.0,"+,2,E",19041231.0,"+,2,E",19041229.0,"+,2,E",10.0,"2,E,29,+",0.0,"2,,E,31,+",23.0,"2,E,29,+",,,52.5,"2,E",0.0,"2,,,E",1.64,"4,E",2.159,"2,,,E",1.121,"2,,,E"
AGE00147718,1905-01-01,34.85,5.72,125.0,"BISKRA, AG",,,,,1.0,"4,E",1.0,"4,E",0.0,"4,E",0.0,"4,E",0.0,"4,E",0.0,"4,E",8.0,"4,E",0.0,"4,E",19050114.0,"+,4,E",19050117.0,",4,E",19050130.0,"+,4,E",9.0,"4,E,14,+",8.2,"4,,E,17,",23.0,"4,E,30,+",,,,,8.2,"4,,,E",1.548,"7,E",2.0629999999999997,"4,,,E",1.033,"4,,,E"
AGE00147718,1905-02-01,34.85,5.72,125.0,"BISKRA, AG",,,1.2,"4,E",0.0,"1,E",0.0,"1,E",0.0,"1,E",0.0,"1,E",0.0,"1,E",0.0,"3,E",8.0,"3,E",0.0,"3,E",19050227.0,"+,1,E",19050228.0,"+,1,E",19050208.0,",3,E",8.0,"1,E,27,+",0.0,"1,,E,28,+",28.0,"3,E,08,",,,65.2,"3,E",0.0,"1,,,E",1.5630000000000002,"4,E",2.112,"3,,,E",1.0150000000000001,"1,,,E"
AGE00147718,1905-04-01,34.85,5.72,125.0,"BISKRA, AG",,,,,1.0,"5,E",1.0,"5,E",0.0,"5,E",0.0,"5,E",0.0,"5,E",0.0,"5,E",25.0,"5,E",1.0,"5,E",19050424.0,",5,E",19050427.0,",5,E",19050405.0,",5,E",8.0,"5,E,24,",6.2,"5,,E,27,",34.0,"5,E,05,",,,,,6.2,"5,,,E",2.1399999999999997,"9,E",2.8,"5,,,E",1.48,"5,,,E"
AGE00147718,1905-10-01,34.85,5.72,125.0,"BISKRA, AG",,,103.3,",E",7.0,",E",6.0,",E",1.0,",E",0.0,",E",0.0,",E",0.0,",E",31.0,",E",1.0,",E",19051015.0,",,E",19051029.0,",,E",19051001.0,",,E",11.0,",E,15,",27.0,",,E,29,",35.0,",E,01,",,,1.7,",E",91.4,",,,E",2.161,",E",2.7190000000000003,",,,E",1.6030000000000002,",,,E"
AGE00147718,1905-12-01,34.85,5.72,125.0,"BISKRA, AG",,,,,3.0,"4,E",3.0,"4,E",0.0,"4,E",0.0,"3,E",0.0,"3,E",0.0,"4,E",1.0,"4,E",0.0,"4,E",19051203.0,",3,E",19051227.0,",4,E",19051210.0,",4,E",8.0,"3,E,03,",14.0,"4,,E,27,",22.0,"4,E,10,",,,,,27.6,"4,,,E",1.411,"6,E",1.815,"4,,,E",1.0070000000000001,"3,,,E"
AGE00147718,1906-01-01,34.85,5.72,125.0,"BISKRA, AG",,,,,1.0,"4,E",1.0,"4,E",1.0,"4,E",0.0,"5,E",0.0,"5,E",0.0,"4,E",0.0,"4,E",0.0,"4,E",19060123.0,",5,E",19060128.0,",4,E",19060108.0,",4,E",7.0,"5,E,23,",46.0,"4,,E,28,",21.0,"4,E,08,",,,,,46.0,"4,,,E",1.399,"7,E",1.844,"4,,,E",0.954,"5,,,E"
AGE00147718,1906-03-01,34.85,5.72,125.0,"BISKRA, AG",,,,,2.0,"3,E",2.0,"3,E",0.0,"3,E",0.0,"4,E",0.0,"4,E",0.0,"3,E",24.0,"3,E",0.0,"3,E",19060324.0,",4,E",19060326.0,",3,E",19060322.0,"+,3,E",4.0,"4,E,24,",13.2,"3,,E,26,",27.0,"3,E,22,+",,,,,23.6,"3,,,E",1.6949999999999998,"7,E",2.346,"3,,,E",1.044,"4,,,E"
AGE00147718,1906-05-01,34.85,5.72,125.0,"BISKRA, AG",,,,,1.0,"5,E",1.0,"5,E",0.0,"5,E",0.0,"5,E",0.0,"5,E",0.0,"5,E",26.0,"5,E",5.0,"5,E",19060506.0,",5,E",19060501.0,",5,E",19060531.0,",5,E",12.0,"5,E,06,",3.2,"5,,E,01,",38.0,"5,E,31,",,,,,3.2,"5,,,E",2.212,"8,E",2.823,"5,,,E",1.6,"5,,,E"
AGE00147718,1906-11-01,34.85,5.72,125.0,"BISKRA, AG",,,22.3,"2,E",2.0,"1,E",2.0,"1,E",0.0,"1,E",0.0,"1,E",0.0,"1,E",0.0,"1,E",23.0,"1,E",0.0,"1,E",19061130.0,"+,1,E",19061124.0,",1,E",19061106.0,",1,E",11.0,"1,E,30,+",9.4,"1,,E,24,",28.0,"1,E,06,",,,22.7,"1,E",18.2,"1,,,E",1.831,"2,E",2.3449999999999998,"1,,,E",1.317,"1,,,E"
AGE00147718,1907-01-01,34.85,5.72,125.0,"BISKRA, AG",,,,,0.0,"4,E",0.0,"4,E",0.0,"4,E",0.0,"5,E",0.0,"5,E",0.0,"4,E",0.0,"4,E",0.0,"4,E",19070120.0,"+,5,E",19070131.0,"+,4,E",19070129.0,",4,E",8.0,"5,E,20,+",0.0,"4,,E,31,+",20.0,"4,E,29,",,,,,0.0,"4,,,E",1.371,"7,E",1.815,"4,,,E",0.9269999999999999,"5,,,E"
AGE00147718,1907-05-01,34.85,5.72,125.0,"BISKRA, AG",,,,,0.0,"3,E",0.0,"3,E",0.0,"3,E",0.0,"4,E",0.0,"4,E",0.0,"3,E",28.0,"3,E",10.0,"3,E",19070504.0,"+,4,E",19070531.0,"+,3,E",19070528.0,"+,3,E",12.0,"4,E,04,+",0.0,"3,,E,31,+",36.0,"3,E,28,+",,,,,0.0,"3,,,E",2.435,"7,E",3.129,"3,,,E",1.741,"4,,,E"
AGE00147718,1907-10-01,34.85,5.72,125.0,"BISKRA, AG",,,82.0,"3,E",1.0,"2,E",0.0,"2,E",0.0,"2,E",0.0,"3,E",0.0,"3,E",0.0,"2,E",29.0,"2,E",1.0,"2,E",19071029.0,",3,E",19071021.0,",2,E",19071003.0,",2,E",10.0,"3,E,29,",2.4,"2,,E,21,",33.0,"2,E,03,",,,3.3,"2,E",2.4,"2,,,E",2.1239999999999997,"3,E",2.731,"2,,,E",1.518,"3,,,E"
AGE00147718,1908-03-01,34.85,5.72,125.0,"BISKRA, AG",,,0.2,",E",1.0,",E",1.0,",E",0.0,",E",0.0,",E",0.0,",E",0.0,",E",21.0,",E",0.0,",E",19080326.0,"+,,E",19080307.0,",,E",19080331.0,",,E",10.0,",E,26,+",10.2,",,E,07,",26.0,",E,31,",,,59.0,",E",10.2,",,,E",1.6440000000000001,",E",2.2,",,,E",1.087,",,,E"
AGE00147718,1908-04-01,34.85,5.72,125.0,"BISKRA, AG",,,24.5,"2,E",1.0,"1,E",0.0,"1,E",0.0,"1,E",0.0,"1,E",0.0,"1,E",0.0,"1,E",25.0,"1,E",1.0,"1,E",19080407.0,",1,E",19080422.0,",1,E",19080429.0,",1,E",9.0,"1,E,07,",2.4,"1,,E,22,",34.0,"1,E,29,",,,21.3,"1,E",2.4,"1,,,E",1.848,"2,E",2.534,"1,,,E",1.162,"1,,,E"
AGE00147718,1908-05-01,34.85,5.72,125.0,"BISKRA, AG",,,216.8,"5,E",1.0,"3,E",0.0,"3,E",0.0,"3,E",0.0,"3,E",0.0,"3,E",0.0,"3,E",28.0,"3,E",20.0,"3,E",19080502.0,",3,E",19080517.0,",3,E",19080513.0,"+,3,E",14.0,"3,E,02,",1.2,"3,,E,17,",38.0,"3,E,13,+",,,0.0,"3,E",1.2,"3,,,E",2.668,"5,E",3.3890000000000002,"3,,,E",1.9460000000000002,"3,,,E"
AGE00147718,1908-12-01,34.85,5.72,125.0,"BISKRA, AG",,,0.0,"4,E",3.0,"3,E",1.0,"3,E",0.0,"3,E",0.0,"2,E",0.0,"2,E",0.0,"2,E",5.0,"2,E",0.0,"2,E",19081204.0,"+,2,E",19081216.0,",3,E",19081212.0,"+,2,E",9.0,"2,E,04,+",4.2,"3,,E,16,",22.0,"2,E,12,+",,,79.0,"2,E",6.8,"3,,,E",1.538,"4,E",2.007,"2,,,E",1.069,"2,,,E"
AGE00147718,1909-06-01,34.85,5.72,125.0,"BISKRA, AG",,,255.7,"2,E",3.0,"1,E",3.0,"1,E",0.0,"1,E",0.0,"1,E",0.0,"1,E",0.0,"1,E",29.0,"1,E",20.0,"1,E",19090601.0,",1,E",19090604.0,",1,E",19090630.0,"+,1,E",16.0,"1,E,01,",4.6,"1,,E,04,",39.0,"1,E,30,+",,,0.0,"1,E",11.7,"1,,,E",2.743,"2,E",3.4240000000000004,"1,,,E",2.0620000000000003,"1,,,E"
AGE00147718,1909-07-01,34.85,5.72,125.0,"BISKRA, AG",,,331.3,"2,E",0.0,"1,E",0.0,"1,E",0.0,"1,E",0.0,"1,E",0.0,"1,E",0.0,"1,E",30.0,"1,E",27.0,"1,E",19090705.0,"+,1,E",19090731.0,"+,1,E",19090729.0,",1,E",18.0,"1,E,05,+",0.0,"1,,E,31,+",44.0,"1,E,29,",0.0,E,0.0,"1,E",0.0,"1,,,E",2.9699999999999998,"2,E",3.69,"1,,,E",2.25,"1,,,E"
AGE00147718,1909-09-01,34.85,5.72,125.0,"BISKRA, AG",,,281.0,",E",2.0,",E",1.0,",E",0.0,",E",0.0,",E",0.0,",E",0.0,",E",30.0,",E",23.0,",E",19090918.0,",,E",19090917.0,",,E",19090922.0,"+,,E",16.0,",E,18,",2.6,",,E,17,",37.0,",E,22,+",,,0.0,",E",4.8,",,,E",2.77,",E",3.4,",,,E",2.1399999999999997,",,,E"
AGE00147718,1909-10-01,34.85,5.72,125.0,"BISKRA, AG",,,97.5,"2,E",3.0,"1,E",3.0,"1,E",0.0,"1,E",0.0,"1,E",0.0,"1,E",0.0,"1,E",30.0,"1,E",0.0,"1,E",19091030.0,",1,E",19091020.0,",1,E",19091006.0,"+,1,E",12.0,"1,E,30,",11.0,"1,,E,20,",32.0,"1,E,06,+",,,2.2,"1,E",24.0,"1,,,E",2.175,"2,E",2.707,"1,,,E",1.643,"1,,,E"
AGE00147718,1909-11-01,34.85,5.72,125.0,"BISKRA, AG",,,0.3,",E",3.0,",E",2.0,",E",0.0,",E",0.0,",E",0.0,",E",0.0,",E",11.0,",E",0.0,",E",19091125.0,",,E",19091115.0,",,E",19091119.0,"+,,E",5.0,",E,25,",4.3,",,E,15,",23.0,",E,19,+",,,85.8,",E",7.1,",,,E",1.548,",E",1.987,",,,E",1.1099999999999999,",,,E"
AGE00147718,1909-12-01,34.85,5.72,125.0,"BISKRA, AG",,,0.0,",E",0.0,",E",0.0,",E",0.0,",E",0.0,",E",0.0,",E",0.0,",E",1.0,",E",0.0,",E",19091212.0,",,E",19091231.0,"+,,E",19091226.0,",,E",2.0,",E,12,",0.0,",,E,31,+",22.0,",E,26,",,,208.3,",E",0.0,",,,E",1.161,",E",1.684,",,,E",0.639,",,,E"
AGE00147718,1910-02-01,34.85,5.72,125.0,"BISKRA, AG",,,0.0,"2,E",1.0,",E",1.0,",E",1.0,",E",0.0,"2,E",0.0,"2,E",0.0,",E",5.0,",E",0.0,",E",19100213.0,",2,E",19100204.0,",,E",19100227.0,"+,,E",5.0,"2,E,13,",34.4,",,E,04,",22.0,",E,27,+",,,129.2,",E",34.4,",,,E",1.327,"2,E",1.889,",,,E",0.765,"2,,,E"
AGE00147718,1910-03-01,34.85,5.72,125.0,"BISKRA, AG",,,3.0,",E",2.0,",E",2.0,",E",1.0,",E",0.0,",E",0.0,",E",0.0,",E",19.0,",E",0.0,",E",19100321.0,"+,,E",19100331.0,",,E",19100329.0,"+,,E",6.0,",E,21,+",30.2,",,E,31,",27.0,",E,29,+",,,77.8,",E",40.9,",,,E",1.592,",E",2.248,",,,E",0.9349999999999999,",,,E"
AGE00147718,1910-04-01,34.85,5.72,125.0,"BISKRA, AG",,,85.0,",E",3.0,",E",3.0,",E",2.0,",E",0.0,",E",0.0,",E",0.0,",E",25.0,",E",1.0,",E",19100403.0,",,E",19100415.0,",,E",19100427.0,",,E",5.0,",E,03,",31.7,",,E,15,",34.0,",E,27,",,,28.5,",E",63.5,",,,E",2.022,",E",2.633,",,,E",1.41,",,,E"
AGE00147718,1910-05-01,34.85,5.72,125.0,"BISKRA, AG",,,123.7,"2,E",5.0,"1,E",5.0,"1,E",3.0,"1,E",0.0,"1,E",0.0,"1,E",0.0,"1,E",28.0,"1,E",3.0,"1,E",19100502.0,",1,E",19100529.0,",1,E",19100518.0,",1,E",10.0,"1,E,02,",221.3,"1,,E,29,",35.0,"1,E,18,",,,5.3,"1,E",428.0,"1,,,E",2.2649999999999997,"2,E",2.863,"1,,,E",1.6670000000000003,"1,,,E"
AGE00147718,1910-06-01,34.85,5.72,125.0,"BISKRA, AG",,,297.5,",E",2.0,",E",0.0,",E",0.0,",E",0.0,",E",0.0,",E",0.0,",E",30.0,",E",22.0,",E",19100606.0,"+,,E",19100605.0,",,E",19100627.0,",,E",15.0,",E,06,+",1.8,",,E,05,",45.0,",E,27,",,,0.0,",E",3.2,",,,E",2.825,",E",3.4770000000000003,",,,E",2.173,",,,E"
AGE00147718,1910-10-01,34.85,5.72,125.0,"BISKRA, AG",,,,,0.0,"2,E",0.0,"2,E",0.0,"2,E",0.0,"3,E",0.0,"3,E",0.0,"5,E",26.0,"5,E",7.0,"5,E",19101023.0,",3,E",19101031.0,"+,2,E",19101029.0,",5,E",14.0,"3,E,23,",0.0,"2,,E,31,+",36.0,"5,E,29,",,,,,0.0,"2,,,E",2.402,"8,E",2.965,"5,,,E",1.839,"3,,,E"
AGE00147718,1910-11-01,34.85,5.72,125.0,"BISKRA, AG",,,,,0.0,"2,E",0.0,"2,E",0.0,"2,E",0.0,"4,E",0.0,"4,E",0.0,"4,E",8.0,"4,E",0.0,"4,E",19101130.0,"+,4,E",19101130.0,"+,2,E",19101101.0,",4,E",8.0,"4,E,30,+",0.0,"2,,E,30,+",27.0,"4,E,01,",,,,,0.0,"2,,,E",1.652,"8,E",2.119,"4,,,E",1.185,"4,,,E"
AGE00147718,1910-12-01,34.85,5.72,125.0,"BISKRA, AG",,,,,6.0,"2,E",4.0,"2,E",0.0,"2,E",0.0,"4,E",0.0,"4,E",0.0,"5,E",1.0,"5,E",0.0,"5,E",19101205.0,"+,4,E",19101221.0,",2,E",19101216.0,",5,E",6.0,"4,E,05,+",7.1,"2,,E,21,",26.0,"5,E,16,",,,,,21.5,"2,,,E",1.314,"9,E",1.735,"5,,,E",0.893,"4,,,E"
AGE00147718,1911-03-01,34.85,5.72,125.0,"BISKRA, AG",,,6.5,"1,E",7.0,",E",6.0,",E",0.0,",E",0.0,",E",0.0,",E",0.0,"1,E",12.0,"1,E",0.0,"1,E",19110317.0,",,E",19110316.0,",,E",19110321.0,",1,E",7.0,",E,17,",16.4,",,E,16,",27.0,"1,E,21,",,,82.5,"1,E",53.6,",,,E",1.5779999999999998,"1,E",2.12,"1,,,E",1.035,",,,E"
AGE00147718,1911-04-01,34.85,5.72,125.0,"BISKRA, AG",,,40.7,",E",3.0,",E",3.0,",E",0.0,",E",0.0,",E",0.0,",E",0.0,",E",23.0,",E",1.0,",E",19110420.0,",,E",19110411.0,",,E",19110429.0,",,E",6.0,",E,20,",8.5,",,E,11,",33.0,",E,29,",,,24.7,",E",16.2,",,,E",1.887,",E",2.4699999999999998,",,,E",1.303,",,,E"
AGE00147718,1911-05-01,34.85,5.72,125.0,"BISKRA, AG",,,142.7,",E",3.0,",E",2.0,",E",0.0,",E",0.0,",E",0.0,",E",0.0,",E",31.0,",E",3.0,",E",19110503.0,"+,,E",19110509.0,",,E",19110527.0,"+,,E",12.0,",E,03,+",15.9,",,E,09,",33.0,",E,27,+",,,0.0,",E",23.8,",,,E",2.294,",E",2.868,",,,E",1.719,",,,E"
AGE00147718,1911-06-01,34.85,5.72,125.0,"BISKRA, AG",,,,,1.0,"2,E",0.0,"2,E",0.0,"2,E",0.0,"3,E",0.0,"3,E",0.0,"3,E",27.0,"3,E",24.0,"3,E",19110602.0,",3,E",19110601.0,",2,E",19110625.0,",3,E",19.0,"3,E,02,",0.8,"2,,E,01,",43.0,"3,E,25,",,,,,0.8,"2,,,E",3.006,"6,E",3.633,"3,,,E",2.378,"3,,,E"
AGE00147718,1911-07-01,34.85,5.72,125.0,"BISKRA, AG",,,391.0,"4,E",2.0,"1,E",0.0,"1,E",0.0,"1,E",0.0,"2,E",0.0,"2,E",0.0,"2,E",29.0,"2,E",29.0,"2,E",19110724.0,"+,2,E",19110708.0,",1,E",19110719.0,",2,E",22.0,"2,E,24,+",1.8,"1,,E,08,",46.0,"2,E,19,",0.0,E,0.0,"2,E",2.4,"1,,,E",3.29,"4,E",3.979,"2,,,E",2.6,"2,,,E"
AGE00147718,1911-08-01,34.85,5.72,125.0,"BISKRA, AG",,,451.7,",E",0.0,",E",0.0,",E",0.0,",E",0.0,",E",0.0,",E",0.0,",E",31.0,",E",31.0,",E",19110831.0,"+,,E",19110831.0,"+,,E",19110801.0,",,E",25.0,",E,31,+",0.0,",,E,31,+",43.0,",E,01,",0.0,E,0.0,",E",0.0,",,,E",3.29,",E",3.9259999999999997,",,,E",2.6550000000000002,",,,E"
AGE00147718,1911-09-01,34.85,5.72,125.0,"BISKRA, AG",,,272.8,"1,E",3.0,"1,E",1.0,"1,E",0.0,"1,E",0.0,",E",0.0,",E",0.0,"1,E",29.0,"1,E",18.0,"1,E",19110924.0,"+,,E",19110906.0,",1,E",19110918.0,",1,E",17.0,",E,24,+",4.1,"1,,E,06,",41.0,"1,E,18,",0.0,E,0.0,"1,E",6.6,"1,,,E",2.773,"1,E",3.376,"1,,,E",2.17,",,,E"
AGE00147718,1911-10-01,34.85,5.72,125.0,"BISKRA, AG",,,161.8,"2,E",3.0,",E",3.0,",E",0.0,",E",0.0,"1,E",0.0,"1,E",0.0,"1,E",27.0,"1,E",7.0,"1,E",19111031.0,",1,E",19111029.0,",,E",19111008.0,",1,E",10.0,"1,E,31,",5.7,",,E,29,",37.0,"1,E,08,",7.0,E,7.0,"1,E",14.1,",,,E",2.37,"2,E",2.877,"1,,,E",1.863,"1,,,E"
AGE00147718,1911-11-01,34.85,5.72,125.0,"BISKRA, AG",,,1.7,"2,E",1.0,"1,E",0.0,"1,E",0.0,"1,E",0.0,"1,E",0.0,"1,E",0.0,"1,E",14.0,"1,E",0.0,"1,E",19111128.0,"+,1,E",19111124.0,",1,E",19111113.0,"+,1,E",7.0,"1,E,28,+",0.5,"1,,E,24,",24.0,"1,E,13,+",71.0,E,64.0,"1,E",0.5,"1,,,E",1.612,"2,E",2.0829999999999997,"1,,,E",1.141,"1,,,E"
AGE00147718,1911-12-01,34.85,5.72,125.0,"BISKRA, AG",,,2.2,",E",2.0,",E",2.0,",E",0.0,",E",0.0,",E",0.0,",E",0.0,",E",9.0,",E",0.0,",E",19111226.0,"+,,E",19111206.0,",,E",19111228.0,",,E",7.0,",E,26,+",22.4,",,E,06,",25.0,",E,28,",186.0,E,115.0,",E",33.4,",,,E",1.4689999999999999,",E",1.903,",,,E",1.035,",,,E"
AGE00147718,1912-01-01,34.85,5.72,125.0,"BISKRA, AG",0.0,E,0.0,"2,E",4.0,"2,E",3.0,"2,E",0.0,"2,E",0.0,"1,E",0.0,"1,E",0.0,"2,E",1.0,"2,E",0.0,"2,E",19120106.0,"+,1,E",19120127.0,"+,2,E",19120101.0,",2,E",3.0,"1,E,06,+",12.0,"2,,E,27,+",22.0,"2,E,01,",362.7,E,176.7,"2,E",30.0,"2,,,E",1.22,"2,E",1.693,"2,,,E",0.747,"1,,,E"
AGE00147718,1912-02-01,34.85,5.72,125.0,"BISKRA, AG",5.2,E,5.2,"5,E",1.0,"3,E",0.0,"3,E",0.0,"3,E",0.0,"4,E",0.0,"4,E",0.0,"3,E",13.0,"3,E",0.0,"3,E",19120204.0,",4,E",19120211.0,",3,E",19120227.0,"+,3,E",7.0,"4,E,04,",1.4,"3,,E,11,",26.0,"3,E,27,+",420.4,E,57.7,"3,E",1.4,"3,,,E",1.599,"5,E",2.146,"3,,,E",1.052,"4,,,E"
AGE00147718,1912-04-01,34.85,5.72,125.0,"BISKRA, AG",,,32.8,",E",1.0,",E",0.0,",E",0.0,",E",0.0,",E",0.0,",E",0.0,",E",28.0,",E",0.0,",E",19120409.0,"+,,E",19120423.0,",,E",19120412.0,",,E",8.0,",E,09,+",1.7,",,E,23,",31.0,",E,12,",,,25.8,",E",1.7,",,,E",1.857,",E",2.477,",,,E",1.2369999999999999,",,,E"
AGE00147718,1912-06-01,34.85,5.72,125.0,"BISKRA, AG",,,282.8,"1,E",2.0,",E",0.0,",E",0.0,",E",0.0,"1,E",0.0,"1,E",0.0,",E",30.0,",E",23.0,",E",19120612.0,",1,E",19120611.0,",,E",19120623.0,",,E",13.0,"1,E,12,",1.5,",,E,11,",43.0,",E,23,",,,0.0,",E",2.8,",,,E",2.799,"1,E",3.543,",,,E",2.055,"1,,,E"
AGE00147718,1912-07-01,34.85,5.72,125.0,"BISKRA, AG",,,413.3,"5,E",0.0,"2,E",0.0,"2,E",0.0,"2,E",0.0,"2,E",0.0,"2,E",0.0,"3,E",28.0,"3,E",28.0,"3,E",19120716.0,",2,E",19120731.0,"+,2,E",19120718.0,"+,3,E",22.0,"2,E,16,",0.0,"2,,E,31,+",48.0,"3,E,18,+",0.0,E,0.0,"3,E",0.0,"2,,,E",3.4170000000000003,"5,E",4.186,"3,,,E",2.648,"2,,,E"
AGE00147718,1912-08-01,34.85,5.72,125.0,"BISKRA, AG",,,435.5,"1,E",0.0,",E",0.0,",E",0.0,",E",0.0,"1,E",0.0,"1,E",0.0,",E",31.0,",E",31.0,",E",19120824.0,",1,E",19120831.0,"+,,E",19120811.0,"+,,E",23.0,"1,E,24,",0.0,",,E,31,+",44.0,",E,11,+",0.0,E,0.0,",E",0.0,",,,E",3.283,"1,E",3.9259999999999997,",,,E",2.6399999999999997,"1,,,E"
AGE00147718,1912-09-01,34.85,5.72,125.0,"BISKRA, AG",,,172.8,"4,E",2.0,"2,E",2.0,"2,E",0.0,"2,E",0.0,"2,E",0.0,"2,E",0.0,"2,E",28.0,"2,E",7.0,"2,E",19120930.0,"+,2,E",19120925.0,",2,E",19120907.0,",2,E",15.0,"2,E,30,+",5.5,"2,,E,25,",35.0,"2,E,07,",0.0,E,0.0,"2,E",8.0,"2,,,E",2.5,"4,E",2.993,"2,,,E",2.007,"2,,,E"
AGE00147718,1912-10-01,34.85,5.72,125.0,"BISKRA, AG",,,53.0,"2,E",2.0,"1,E",2.0,"1,E",0.0,"1,E",0.0,"1,E",0.0,"1,E",0.0,"1,E",26.0,"1,E",0.0,"1,E",19121021.0,",1,E",19121018.0,",1,E",19121005.0,",1,E",11.0,"1,E,21,",14.2,"1,,E,18,",30.0,"1,E,05,",8.2,E,8.2,"1,E",21.0,"1,,,E",1.998,"2,E",2.467,"1,,,E",1.53,"1,,,E"
AGE00147718,1912-11-01,34.85,5.72,125.0,"BISKRA, AG",,,,,0.0,"3,E",0.0,"3,E",0.0,"3,E",0.0,"3,E",0.0,"3,E",0.0,"3,E",2.0,"3,E",0.0,"3,E",19121120.0,",3,E",19121130.0,"+,3,E",19121107.0,"+,3,E",1.0,"3,E,20,",0.0,"3,,E,30,+",22.0,"3,E,07,+",,,,,0.0,"3,,,E",1.326,"6,E",1.8,"3,,,E",0.852,"3,,,E"
AGE00147718,1913-02-01,34.85,5.72,125.0,"BISKRA, AG",,,,,2.0,",E",2.0,",E",0.0,",E",0.0,"4,E",0.0,"4,E",0.0,"3,E",0.0,"3,E",0.0,"3,E",19130222.0,"+,4,E",19130220.0,",,E",19130219.0,",3,E",7.0,"4,E,22,+",5.0,",,E,20,",20.0,"3,E,19,",,,,,7.5,",,,E",1.3050000000000002,"7,E",1.7399999999999998,"3,,,E",0.8710000000000001,"4,,,E"
AGE00147718,1913-03-01,34.85,5.72,125.0,"BISKRA, AG",,,9.3,"5,E",0.0,"1,E",0.0,"1,E",0.0,"1,E",0.0,"4,E",0.0,"4,E",0.0,"1,E",7.0,"1,E",0.0,"1,E",19130304.0,"+,4,E",19130331.0,"+,1,E",19130326.0,",1,E",8.0,"4,E,04,+",0.0,"1,,E,31,+",30.0,"1,E,26,",,,84.5,"1,E",0.0,"1,,,E",1.534,"5,E",1.9899999999999998,"1,,,E",1.0779999999999998,"4,,,E"
AGE00147718,1913-04-01,34.85,5.72,125.0,"BISKRA, AG",,,,,1.0,"1,E",1.0,"1,E",0.0,"1,E",0.0,"2,E",0.0,"2,E",0.0,"3,E",22.0,"3,E",0.0,"3,E",19130417.0,"+,2,E",19130425.0,",1,E",19130429.0,"+,3,E",9.0,"2,E,17,+",9.3,"1,,E,25,",29.0,"3,E,29,+",,,,,9.3,"1,,,E",1.936,"5,E",2.504,"3,,,E",1.3679999999999999,"2,,,E"
AGE00147718,1913-05-01,34.85,5.72,125.0,"BISKRA, AG",,,191.7,",E",0.0,",E",0.0,",E",0.0,",E",0.0,",E",0.0,",E",0.0,",E",31.0,",E",9.0,",E",19130506.0,",,E",19130531.0,"+,,E",19130531.0,"+,,E",13.0,",E,06,",0.0,",,E,31,+",36.0,",E,31,+",,,0.0,",E",0.0,",,,E",2.452,",E",3.074,",,,E",1.829,",,,E"
AGE00147718,1913-06-01,34.85,5.72,125.0,"BISKRA, AG",,,342.0,",E",0.0,",E",0.0,",E",0.0,",E",0.0,",E",0.0,",E",0.0,",E",30.0,",E",28.0,",E",19130628.0,",,E",19130630.0,"+,,E",19130625.0,",,E",19.0,",E,28,",0.0,",,E,30,+",42.0,",E,25,",,,0.0,",E",0.0,",,,E",2.973,",E",3.617,",,,E",2.33,",,,E"
AGE00147718,1913-07-01,34.85,5.72,125.0,"BISKRA, AG",,,425.7,",E",0.0,",E",0.0,",E",0.0,",E",0.0,",E",0.0,",E",0.0,",E",31.0,",E",30.0,",E",19130730.0,",,E",19130731.0,"+,,E",19130728.0,"+,,E",18.0,",E,30,",0.0,",,E,31,+",45.0,",E,28,+",0.0,E,0.0,",E",0.0,",,,E",3.2060000000000004,",E",3.9159999999999995,",,,E",2.497,",,,E"
AGE00147718,1913-08-01,34.85,5.72,125.0,"BISKRA, AG",,,408.8,"2,E",0.0,"1,E",0.0,"1,E",0.0,"1,E",0.0,"1,E",0.0,"1,E",0.0,"1,E",30.0,"1,E",30.0,"1,E",19130818.0,"+,1,E",19130831.0,"+,1,E",19130811.0,"+,1,E",22.0,"1,E,18,+",0.0,"1,,E,31,+",43.0,"1,E,11,+",0.0,E,0.0,"1,E",0.0,"1,,,E",3.243,"2,E",3.883,"1,,,E",2.603,"1,,,E"
AGE00147718,1913-09-01,34.85,5.72,125.0,"BISKRA, AG",,,345.0,",E",0.0,",E",0.0,",E",0.0,",E",0.0,",E",0.0,",E",0.0,",E",30.0,",E",22.0,",E",19130920.0,"+,,E",19130930.0,"+,,E",19130904.0,"+,,E",18.0,",E,20,+",0.0,",,E,30,+",41.0,",E,04,+",0.0,E,0.0,",E",0.0,",,,E",2.9829999999999997,",E",3.59,",,,E",2.377,",,,E"
AGE00147718,1913-10-01,34.85,5.72,125.0,"BISKRA, AG",,,128.2,",E",3.0,",E",3.0,",E",0.0,",E",0.0,",E",0.0,",E",0.0,",E",31.0,",E",2.0,",E",19131018.0,",,E",19131027.0,",,E",19131001.0,",,E",13.0,",E,18,",14.8,",,E,27,",34.0,",E,01,",0.0,E,0.0,",E",25.5,",,,E",2.247,",E",2.748,",,,E",1.7449999999999999,",,,E"
AGE00147718,1913-12-01,34.85,5.72,125.0,"BISKRA, AG",,,0.0,",E",1.0,",E",1.0,",E",0.0,",E",0.0,",E",0.0,",E",0.0,",E",0.0,",E",0.0,",E",19131231.0,"+,,E",19131227.0,",,E",19131208.0,",,E",6.0,",E,31,+",17.5,",,E,27,",20.0,",E,08,",,,192.3,",E",17.5,",,,E",1.213,",E",1.6260000000000001,",,,E",0.8,",,,E"
AGE00147718,1914-01-01,34.85,5.72,125.0,"BISKRA, AG",0.0,E,0.0,"2,E",5.0,"1,E",4.0,"1,E",0.0,"1,E",0.0,"1,E",0.0,"1,E",0.0,"1,E",0.0,"1,E",0.0,"1,E",19140103.0,",1,E",19140117.0,",1,E",19140122.0,",1,E",4.0,"1,E,03,",10.0,"1,,E,17,",19.0,"1,E,22,",,,232.7,"1,E",29.4,"1,,,E",1.032,"2,E",1.3900000000000001,"1,,,E",0.673,"1,,,E"
AGE00147718,1914-02-01,34.85,5.72,125.0,"BISKRA, AG",0.0,E,0.0,"2,E",4.0,"1,E",2.0,"1,E",0.0,"1,E",0.0,"1,E",0.0,"1,E",0.0,"1,E",0.0,"1,E",0.0,"1,E",19140206.0,"+,1,E",19140208.0,",1,E",19140222.0,"+,1,E",7.0,"1,E,06,+",11.7,"1,,E,08,",21.0,"1,E,22,+",,,133.7,"1,E",16.9,"1,,,E",1.319,"2,E",1.73,"1,,,E",0.907,"1,,,E"
AGE00147718,1914-03-01,34.85,5.72,125.0,"BISKRA, AG",23.7,E,23.7,",E",0.0,",E",0.0,",E",0.0,",E",0.0,",E",0.0,",E",0.0,",E",21.0,",E",0.0,",E",19140302.0,",,E",19140331.0,"+,,E",19140330.0,"+,,E",6.0,",E,02,",0.0,",,E,31,+",27.0,",E,30,+",,,45.0,",E",0.0,",,,E",1.765,",E",2.3,",,,E",1.2289999999999999,",,,E"
AGE00147718,1914-04-01,34.85,5.72,125.0,"BISKRA, AG",118.7,E,95.0,"5,E",3.0,"1,E",2.0,"1,E",0.0,"1,E",0.0,"3,E",0.0,"3,E",0.0,"2,E",28.0,"2,E",0.0,"2,E",19140401.0,",3,E",19140419.0,",1,E",19140430.0,",2,E",12.0,"3,E,01,",4.9,"1,,E,19,",32.0,"2,E,30,",,,1.3,"2,E",9.9,"1,,,E",2.184,"5,E",2.779,"2,,,E",1.589,"3,,,E"
AGE00147718,1914-05-01,34.85,5.72,125.0,"BISKRA, AG",306.9,E,188.2,",E",4.0,",E",2.0,",E",0.0,",E",0.0,",E",0.0,",E",0.0,",E",31.0,",E",6.0,",E",19140511.0,",,E",19140525.0,",,E",19140509.0,"+,,E",13.0,",E,11,",13.0,",,E,25,",35.0,",E,09,+",,,0.0,",E",21.2,",,,E",2.44,",E",3.003,",,,E",1.877,",,,E"
AGE00147718,1914-06-01,34.85,5.72,125.0,"BISKRA, AG",616.9,E,310.0,",E",0.0,",E",0.0,",E",0.0,",E",0.0,",E",0.0,",E",0.0,",E",30.0,",E",19.0,",E",19140602.0,"+,,E",19140630.0,"+,,E",19140629.0,"+,,E",17.0,",E,02,+",0.0,",,E,30,+",41.0,",E,29,+",,,0.0,",E",0.0,",,,E",2.867,",E",3.46,",,,E",2.273,",,,E"
AGE00147718,1914-07-01,34.85,5.72,125.0,"BISKRA, AG",999.9,E,383.0,"4,E",0.0,"1,E",0.0,"1,E",0.0,"1,E",0.0,"1,E",0.0,"1,E",0.0,"3,E",28.0,"3,E",27.0,"3,E",19140728.0,"+,1,E",19140731.0,"+,1,E",19140723.0,",3,E",24.0,"1,E,28,+",0.0,"1,,E,31,+",44.0,"3,E,23,",0.0,E,0.0,"3,E",0.0,"1,,,E",3.249,"4,E",3.868,"3,,,E",2.63,"1,,,E"
AGE00147718,1914-08-01,34.85,5.72,125.0,"BISKRA, AG",1357.9,E,358.0,"1,E",0.0,",E",0.0,",E",0.0,",E",0.0,",E",0.0,",E",0.0,"1,E",30.0,"1,E",28.0,"1,E",19140831.0,"+,,E",19140831.0,"+,,E",19140817.0,",1,E",21.0,",E,31,+",0.0,",,E,31,+",40.0,"1,E,17,",0.0,E,0.0,"1,E",0.0,",,,E",3.029,"1,E",3.593,"1,,,E",2.465,",,,E"
AGE00147718,1914-10-01,34.85,5.72,125.0,"BISKRA, AG",,,106.8,"1,E",1.0,",E",0.0,",E",0.0,",E",0.0,"1,E",0.0,"1,E",0.0,",E",29.0,",E",1.0,",E",19141030.0,",1,E",19141019.0,",,E",19141019.0,",,E",13.0,"1,E,30,",0.4,",,E,19,",40.0,",E,19,",,,0.8,",E",0.4,",,,E",2.177,"1,E",2.665,",,,E",1.69,"1,,,E"
AGE00147718,1914-12-01,34.85,5.72,125.0,"BISKRA, AG",,,0.0,"3,E",1.0,",E",0.0,",E",0.0,",E",0.0,"3,E",2.0,"3,E",0.0,",E",0.0,",E",0.0,",E",19141227.0,",3,E",19141223.0,",,E",19141215.0,",,E",-5.0,"3,E,27,",0.5,",,E,23,",19.0,",E,15,",,,214.3,",E",0.5,",,,E",1.0699999999999998,"3,E",1.552,",,,E",0.589,"3,,,E"
AGE00147718,1915-01-01,34.85,5.72,125.0,"BISKRA, AG",0.0,E,0.0,"1,E",3.0,"1,E",3.0,"1,E",0.0,"1,E",0.0,",E",0.0,",E",0.0,"1,E",0.0,"1,E",0.0,"1,E",19150120.0,",,E",19150130.0,",1,E",19150114.0,",1,E",4.0,",E,20,",10.5,"1,,E,30,",21.0,"1,E,14,",,,203.0,"1,E",21.0,"1,,,E",1.157,"1,E",1.557,"1,,,E",0.758,",,,E"
AGE00147718,1915-02-01,34.85,5.72,125.0,"BISKRA, AG",0.0,E,0.0,"5,E",1.0,"3,E",0.0,"3,E",0.0,"3,E",0.0,"3,E",0.0,"3,E",0.0,"3,E",1.0,"3,E",0.0,"3,E",19150203.0,",3,E",19150211.0,",3,E",19150222.0,",3,E",2.0,"3,E,03,",1.5,"3,,E,11,",22.0,"3,E,22,",,,149.2,"3,E",1.5,"3,,,E",1.174,"5,E",1.652,"3,,,E",0.696,"3,,,E"
AGE00147718,1915-03-01,34.85,5.72,125.0,"BISKRA, AG",12.7,E,12.7,"2,E",4.0,"1,E",4.0,"1,E",0.0,"1,E",0.0,"1,E",0.0,"1,E",0.0,"1,E",18.0,"1,E",0.0,"1,E",19150312.0,",1,E",19150315.0,",1,E",19150322.0,",1,E",4.0,"1,E,12,",8.5,"1,,E,15,",27.0,"1,E,22,",,,61.8,"1,E",25.0,"1,,,E",1.6600000000000001,"2,E",2.177,"1,,,E",1.143,"1,,,E"
AGE00147718,1915-04-01,34.85,5.72,125.0,"BISKRA, AG",68.2,E,55.5,"2,E",3.0,"1,E",1.0,"1,E",0.0,"1,E",0.0,"2,E",0.0,"2,E",0.0,"1,E",23.0,"1,E",0.0,"1,E",19150414.0,",2,E",19150424.0,",1,E",19150421.0,",1,E",6.0,"2,E,14,",20.0,"1,,E,24,",30.0,"1,E,21,",,,27.3,"1,E",21.9,"1,,,E",1.932,"2,E",2.5,"1,,,E",1.364,"2,,,E"
AGE00147718,1915-05-01,34.85,5.72,125.0,"BISKRA, AG",297.4,E,229.2,",E",2.0,",E",1.0,",E",0.0,",E",0.0,",E",0.0,",E",0.0,",E",31.0,",E",12.0,",E",19150521.0,"+,,E",19150503.0,",,E",19150531.0,"+,,E",16.0,",E,21,+",11.0,",,E,03,",36.0,",E,31,+",,,0.0,",E",13.2,",,,E",2.573,",E",3.2030000000000003,",,,E",1.9420000000000002,",,,E"
AGE00147718,1915-06-01,34.85,5.72,125.0,"BISKRA, AG",620.4,E,323.0,",E",4.0,",E",3.0,",E",0.0,",E",0.0,",E",0.0,",E",0.0,",E",30.0,",E",24.0,",E",19150604.0,",,E",19150604.0,",,E",19150626.0,",,E",17.0,",E,04,",10.5,",,E,04,",43.0,",E,26,",,,0.0,",E",22.7,",,,E",2.91,",E",3.503,",,,E",2.317,",,,E"
AGE00147718,1915-09-01,34.85,5.72,125.0,"BISKRA, AG",,,245.5,",E",4.0,",E",4.0,",E",0.0,",E",0.0,",E",0.0,",E",0.0,",E",30.0,",E",12.0,",E",19150929.0,"+,,E",19150911.0,",,E",19150910.0,"+,,E",17.0,",E,29,+",16.0,",,E,11,",37.0,",E,10,+",,,0.0,",E",38.8,",,,E",2.652,",E",3.16,",,,E",2.143,",,,E"
AGE00147718,1915-10-01,34.85,5.72,125.0,"BISKRA, AG",,,90.0,"1,E",4.0,"1,E",3.0,"1,E",1.0,"1,E",0.0,",E",0.0,",E",0.0,"1,E",27.0,"1,E",0.0,"1,E",19151031.0,",,E",19151015.0,",1,E",19151011.0,",1,E",12.0,",E,31,",35.0,"1,,E,15,",32.0,"1,E,11,",,,4.5,"1,E",43.5,"1,,,E",2.1109999999999998,"1,E",2.6,"1,,,E",1.623,",,,E"
AGE00147718,1915-11-01,34.85,5.72,125.0,"BISKRA, AG",,,8.7,"4,E",2.0,"2,E",1.0,"2,E",0.0,"2,E",0.0,"2,E",0.0,"2,E",0.0,"2,E",10.0,"2,E",0.0,"2,E",19151116.0,",2,E",19151120.0,",2,E",19151108.0,",2,E",7.0,"2,E,16,",6.5,"2,,E,20,",26.0,"2,E,08,",,,61.8,"2,E",8.3,"2,,,E",1.625,"4,E",2.082,"2,,,E",1.168,"2,,,E"
AGE00147718,1915-12-01,34.85,5.72,125.0,"BISKRA, AG",,,,,1.0,"3,E",0.0,"3,E",0.0,"3,E",0.0,"4,E",0.0,"4,E",0.0,"3,E",0.0,"3,E",0.0,"3,E",19151225.0,"+,4,E",19151219.0,",3,E",19151210.0,"+,3,E",3.0,"4,E,25,+",0.6,"3,,E,19,",21.0,"3,E,10,+",,,,,0.6,"3,,,E",1.1880000000000002,"6,E",1.639,"3,,,E",0.737,"4,,,E"
AGE00147718,1916-02-01,34.85,5.72,125.0,"BISKRA, AG",,,1.2,"3,E",6.0,"2,E",3.0,"2,E",0.0,"2,E",0.0,"2,E",0.0,"2,E",0.0,"2,E",4.0,"2,E",0.0,"2,E",19160215.0,"+,2,E",19160203.0,",2,E",19160225.0,",2,E",5.0,"2,E,15,+",10.0,"2,,E,03,",24.0,"2,E,25,",,,116.3,"2,E",24.7,"2,,,E",1.3699999999999999,"3,E",1.859,"2,,,E",0.881,"2,,,E"
AGE00147718,1916-03-01,34.85,5.72,125.0,"BISKRA, AG",,,20.5,",E",2.0,",E",2.0,",E",0.0,",E",0.0,",E",0.0,",E",0.0,",E",20.0,",E",0.0,",E",19160331.0,"+,,E",19160330.0,",,E",19160324.0,"+,,E",8.0,",E,31,+",25.0,",,E,30,",29.0,",E,24,+",,,58.3,",E",35.5,",,,E",1.7109999999999999,",E",2.255,",,,E",1.168,",,,E"
AGE00147718,1916-04-01,34.85,5.72,125.0,"BISKRA, AG",,,45.7,"2,E",2.0,"1,E",1.0,"1,E",0.0,"1,E",0.0,"1,E",0.0,"1,E",0.0,"1,E",27.0,"1,E",0.0,"1,E",19160401.0,",1,E",19160422.0,",1,E",19160420.0,",1,E",8.0,"1,E,01,",9.0,"1,,E,22,",32.0,"1,E,20,",,,18.5,"1,E",11.0,"1,,,E",1.95,"2,E",2.559,"1,,,E",1.341,"1,,,E"
AGE00147718,1916-05-01,34.85,5.72,125.0,"BISKRA, AG",,,193.7,",E",1.0,",E",1.0,",E",0.0,",E",0.0,",E",0.0,",E",0.0,",E",31.0,",E",8.0,",E",19160514.0,",,E",19160513.0,",,E",19160508.0,"+,,E",15.0,",E,14,",4.0,",,E,13,",38.0,",E,08,+",,,0.0,",E",4.0,",,,E",2.4579999999999997,",E",3.068,",,,E",1.848,",,,E"
AGE00147718,1916-06-01,34.85,5.72,125.0,"BISKRA, AG",,,,,2.0,",E",0.0,",E",0.0,",E",0.0,"2,E",0.0,"2,E",0.0,"4,E",26.0,"4,E",24.0,"4,E",19160603.0,"+,2,E",19160622.0,"+,,E",19160628.0,",4,E",18.0,"2,E,03,+",1.0,",,E,22,+",45.0,"4,E,28,",,,,,2.0,",,,E",3.198,"6,E",3.8579999999999997,"4,,,E",2.539,"2,,,E"
AGE00147718,1916-07-01,34.85,5.72,125.0,"BISKRA, AG",,,,,0.0,"1,E",0.0,"1,E",0.0,"1,E",0.0,"2,E",0.0,"2,E",0.0,"4,E",27.0,"4,E",27.0,"4,E",19160731.0,",2,E",19160731.0,"+,1,E",19160713.0,",4,E",24.0,"2,E,31,",0.0,"1,,E,31,+",48.0,"4,E,13,",,,,,0.0,"1,,,E",3.5149999999999997,"6,E",4.174,"4,,,E",2.855,"2,,,E"
AGE00147718,1916-08-01,34.85,5.72,125.0,"BISKRA, AG",,,389.5,"4,E",0.0,",E",0.0,",E",0.0,",E",0.0,"1,E",0.0,"1,E",0.0,"4,E",27.0,"4,E",27.0,"4,E",19160820.0,"+,1,E",19160831.0,"+,,E",19160805.0,",4,E",24.0,"1,E,20,+",0.0,",,E,31,+",44.0,"4,E,05,",,,0.0,"4,E",0.0,",,,E",3.275,"4,E",3.937,"4,,,E",2.613,"1,,,E"
AGE00147718,1916-09-01,34.85,5.72,125.0,"BISKRA, AG",,,266.0,",E",1.0,",E",1.0,",E",0.0,",E",0.0,",E",0.0,",E",0.0,",E",30.0,",E",18.0,",E",19160922.0,",,E",19160909.0,",,E",19160905.0,",,E",15.0,",E,22,",17.0,",,E,09,",39.0,",E,05,",,,0.0,",E",17.0,",,,E",2.7199999999999998,",E",3.29,",,,E",2.15,",,,E"
AGE00147718,1916-10-01,34.85,5.72,125.0,"BISKRA, AG",,,137.8,"2,E",2.0,"1,E",2.0,"1,E",0.0,"1,E",0.0,"1,E",0.0,"1,E",0.0,"1,E",29.0,"1,E",2.0,"1,E",19161031.0,"+,1,E",19161024.0,",1,E",19161007.0,"+,1,E",15.0,"1,E,31,+",11.0,"1,,E,24,",33.0,"1,E,07,+",,,0.0,"1,E",14.0,"1,,,E",2.308,"2,E",2.863,"1,,,E",1.7530000000000001,"1,,,E"
AGE00147718,1916-11-01,34.85,5.72,125.0,"BISKRA, AG",,,10.2,",E",2.0,",E",2.0,",E",1.0,",E",0.0,",E",0.0,",E",0.0,",E",14.0,",E",0.0,",E",19161127.0,"+,,E",19161121.0,",,E",19161101.0,",,E",7.0,",E,27,+",37.0,",,E,21,",27.0,",E,01,",,,78.2,",E",45.4,",,,E",1.607,",E",2.097,",,,E",1.117,",,,E"
AGE00147718,1916-12-01,34.85,5.72,125.0,"BISKRA, AG",,,0.0,"4,E",6.0,"1,E",4.0,"1,E",0.0,"1,E",0.0,"2,E",0.0,"2,E",0.0,"2,E",3.0,"2,E",0.0,"2,E",19161207.0,",2,E",19161209.0,",1,E",19161225.0,"+,2,E",2.0,"2,E,07,",14.0,"1,,E,09,",23.0,"2,E,25,+",,,148.0,"2,E",32.9,"1,,,E",1.266,"4,E",1.814,"2,,,E",0.717,"2,,,E"
AGE00147718,1917-02-01,34.85,5.72,125.0,"BISKRA, AG",,,0.0,"3,E",3.0,"2,E",3.0,"2,E",0.0,"2,E",0.0,"2,E",0.0,"2,E",0.0,"2,E",2.0,"2,E",0.0,"2,E",19170228.0,"+,2,E",19170206.0,"+,2,E",19170215.0,"+,2,E",6.0,"2,E,28,+",20.0,"2,,E,06,+",22.0,"2,E,15,+",,,119.3,"2,E",45.0,"2,,,E",1.356,"3,E",1.8539999999999999,"2,,,E",0.858,"2,,,E"
AGE00147718,1917-03-01,34.85,5.72,125.0,"BISKRA, AG",,,3.5,",E",3.0,",E",2.0,",E",0.0,",E",0.0,",E",0.0,",E",0.0,",E",11.0,",E",0.0,",E",19170329.0,"+,,E",19170328.0,",,E",19170311.0,"+,,E",5.0,",E,29,+",5.6,",,E,28,",26.0,",E,11,+",,,119.8,",E",10.3,",,,E",1.458,",E",2.003,",,,E",0.913,",,,E"
AGE00147718,1917-04-01,34.85,5.72,125.0,"BISKRA, AG",,,40.2,"4,E",1.0,"2,E",0.0,"2,E",0.0,"2,E",0.0,"2,E",0.0,"2,E",0.0,"2,E",25.0,"2,E",0.0,"2,E",19170427.0,"+,2,E",19170423.0,",2,E",19170430.0,",2,E",9.0,"2,E,27,+",0.6,"2,,E,23,",32.0,"2,E,30,",,,19.3,"2,E",0.6,"2,,,E",1.911,"4,E",2.475,"2,,,E",1.346,"2,,,E"
AGE00147718,1919-01-01,34.85,5.72,125.0,"BISKRA, AG",0.0,E,0.0,"2,E",6.0,",E",2.0,",E",0.0,",E",0.0,"1,E",0.0,"1,E",0.0,"1,E",0.0,"1,E",0.0,"1,E",19190125.0,"+,1,E",19190106.0,",,E",19190131.0,",1,E",4.0,"1,E,25,+",14.4,",,E,06,",20.0,"1,E,31,",,,219.7,"1,E",27.0,",,,E",1.073,"2,E",1.4929999999999999,"1,,,E",0.653,"1,,,E"
AGE00147718,1919-02-01,34.85,5.72,125.0,"BISKRA, AG",1.5,E,1.5,",E",2.0,",E",0.0,",E",0.0,",E",0.0,",E",0.0,",E",0.0,",E",9.0,",E",0.0,",E",19190205.0,",,E",19190202.0,",,E",19190224.0,"+,,E",6.0,",E,05,",2.0,",,E,02,",24.0,",E,24,+",,,91.8,",E",3.1,",,,E",1.511,",E",1.996,",,,E",1.025,",,,E"
AGE00147718,1919-03-01,34.85,5.72,125.0,"BISKRA, AG",29.7,E,28.2,",E",2.0,",E",0.0,",E",0.0,",E",0.0,",E",0.0,",E",0.0,",E",19.0,",E",0.0,",E",19190319.0,",,E",19190326.0,",,E",19190325.0,",,E",6.0,",E,19,",1.7,",,E,26,",32.0,",E,25,",,,66.5,",E",2.1,",,,E",1.7100000000000002,",E",2.274,",,,E",1.145,",,,E"
AGE00147718,1919-04-01,34.85,5.72,125.0,"BISKRA, AG",88.4,E,58.7,"3,E",0.0,"2,E",0.0,"2,E",0.0,"2,E",0.0,"2,E",0.0,"2,E",0.0,"2,E",25.0,"2,E",1.0,"2,E",19190419.0,"+,2,E",19190406.0,",2,E",19190404.0,",2,E",9.0,"2,E,19,+",0.2,"2,,E,06,",33.0,"2,E,04,",,,13.7,"2,E",0.3,"2,,,E",1.998,"3,E",2.55,"2,,,E",1.4460000000000002,"2,,,E"
AGE00147718,1919-06-01,34.85,5.72,125.0,"BISKRA, AG",,,382.0,",E",2.0,",E",1.0,",E",1.0,",E",0.0,",E",0.0,",E",0.0,",E",30.0,",E",27.0,",E",19190602.0,",,E",19190601.0,",,E",19190624.0,"+,,E",18.0,",E,02,",27.0,",,E,01,",41.0,",E,24,+",,,0.0,",E",27.9,",,,E",3.107,",E",3.617,",,,E",2.597,",,,E"
AGE00147718,1919-07-01,34.85,5.72,125.0,"BISKRA, AG",,,,,1.0,"3,E",1.0,"3,E",0.0,"3,E",0.0,"3,E",0.0,"3,E",0.0,"3,E",28.0,"3,E",28.0,"3,E",19190724.0,",3,E",19190721.0,",3,E",19190721.0,",3,E",23.0,"3,E,24,",3.4,"3,,E,21,",49.0,"3,E,21,",,,,,3.4,"3,,,E",3.4799999999999995,"6,E",4.171,"3,,,E",2.789,"3,,,E"
AGE00147718,1919-09-01,34.85,5.72,125.0,"BISKRA, AG",,,269.5,",E",8.0,",E",6.0,",E",0.0,",E",0.0,",E",0.0,",E",0.0,",E",30.0,",E",19.0,",E",19190923.0,"+,,E",19190909.0,",,E",19190904.0,",,E",16.0,",E,23,+",17.0,",,E,09,",38.0,",E,04,",,,0.0,",E",50.4,",,,E",2.732,",E",3.307,",,,E",2.157,",,,E"
AGE00147718,1919-10-01,34.85,5.72,125.0,"BISKRA, AG",,,89.0,",E",5.0,",E",3.0,",E",0.0,",E",0.0,",E",0.0,",E",0.0,",E",27.0,",E",0.0,",E",19191031.0,"+,,E",19191004.0,",,E",19191001.0,",,E",9.0,",E,31,+",14.9,",,E,04,",32.0,",E,01,",,,20.8,",E",26.2,",,,E",2.053,",E",2.577,",,,E",1.529,",,,E"
AGE00147718,1919-11-01,34.85,5.72,125.0,"BISKRA, AG",,,24.0,"3,E",0.0,"1,E",0.0,"1,E",0.0,"1,E",0.0,"2,E",0.0,"2,E",0.0,"1,E",12.0,"1,E",0.0,"1,E",19191120.0,"+,2,E",19191130.0,"+,1,E",19191108.0,",1,E",7.0,"2,E,20,+",0.0,"1,,E,30,+",29.0,"1,E,08,",,,55.5,"1,E",0.0,"1,,,E",1.707,"3,E",2.183,"1,,,E",1.232,"2,,,E"
AGE00147718,1919-12-01,34.85,5.72,125.0,"BISKRA, AG",,,0.0,"3,E",0.0,"2,E",0.0,"2,E",0.0,"2,E",0.0,"2,E",0.0,"2,E",0.0,"2,E",3.0,"2,E",0.0,"2,E",19191230.0,"+,2,E",19191231.0,"+,2,E",19191204.0,"+,2,E",2.0,"2,E,30,+",0.0,"2,,E,31,+",22.0,"2,E,04,+",,,170.8,"2,E",0.0,"2,,,E",1.222,"3,E",1.7449999999999999,"2,,,E",0.7,"2,,,E"
AGE00147718,1920-01-01,34.85,5.72,125.0,"BISKRA, AG",0.0,E,0.0,"2,E",2.0,"1,E",0.0,"1,E",0.0,"1,E",0.0,"1,E",1.0,"1,E",0.0,"1,E",3.0,"1,E",0.0,"1,E",19200126.0,",1,E",19200105.0,",1,E",19200115.0,"+,1,E",0.0,"1,E,26,",1.0,"1,,E,05,",24.0,"1,E,15,+",,,184.7,"1,E",1.5,"1,,,E",1.192,"2,E",1.797,"1,,,E",0.587,"1,,,E"
AGE00147718,1920-02-01,34.85,5.72,125.0,"BISKRA, AG",1.7,E,1.7,",E",2.0,",E",0.0,",E",0.0,",E",0.0,",E",0.0,",E",0.0,",E",3.0,",E",0.0,",E",19200211.0,",,E",19200215.0,",,E",19200228.0,",,E",2.0,",E,11,",1.0,",,E,15,",28.0,",E,28,",,,147.8,",E",1.5,",,,E",1.329,",E",1.903,",,,E",0.755,",,,E"
AGE00147718,1920-03-01,34.85,5.72,125.0,"BISKRA, AG",11.5,E,9.8,",E",1.0,",E",0.0,",E",0.0,",E",0.0,",E",0.0,",E",0.0,",E",18.0,",E",0.0,",E",19200311.0,"+,,E",19200317.0,",,E",19200329.0,"+,,E",5.0,",E,11,+",1.0,",,E,17,",28.0,",E,29,+",,,84.7,",E",1.0,",,,E",1.592,",E",2.206,",,,E",0.977,",,,E"
AGE00147718,1920-04-01,34.85,5.72,125.0,"BISKRA, AG",120.7,E,109.2,",E",0.0,",E",0.0,",E",0.0,",E",0.0,",E",0.0,",E",0.0,",E",29.0,",E",5.0,",E",19200402.0,",,E",19200430.0,"+,,E",19200416.0,"+,,E",9.0,",E,02,",0.0,",,E,30,+",34.0,",E,16,+",,,6.7,",E",0.0,",,,E",2.175,",E",2.83,",,,E",1.52,",,,E"
AGE00147718,1920-05-01,34.85,5.72,125.0,"BISKRA, AG",384.0,E,263.3,"2,E",1.0,"1,E",1.0,"1,E",0.0,"1,E",0.0,"1,E",0.0,"1,E",0.0,"1,E",30.0,"1,E",23.0,"1,E",19200509.0,"+,1,E",19200518.0,",1,E",19200531.0,",1,E",17.0,"1,E,09,+",6.5,"1,,E,18,",40.0,"1,E,31,",,,0.0,"1,E",6.5,"1,,,E",2.7329999999999997,"2,E",3.41,"1,,,E",2.057,"1,,,E"
AGE00147718,1920-06-01,34.85,5.72,125.0,"BISKRA, AG",717.0,E,333.0,",E",2.0,",E",2.0,",E",1.0,",E",0.0,",E",0.0,",E",0.0,",E",30.0,",E",27.0,",E",19200604.0,"+,,E",19200601.0,",,E",19200628.0,",,E",18.0,",E,04,+",34.5,",,E,01,",40.0,",E,28,",,,0.0,",E",41.8,",,,E",2.943,",E",3.537,",,,E",2.35,",,,E"
AGE00147718,1920-07-01,34.85,5.72,125.0,"BISKRA, AG",1133.0,E,416.0,"4,E",1.0,"1,E",1.0,"1,E",0.0,"1,E",0.0,"2,E",0.0,"2,E",0.0,"2,E",29.0,"2,E",29.0,"2,E",19200710.0,",2,E",19200710.0,",1,E",19200709.0,",2,E",20.0,"2,E,10,",3.5,"1,,E,10,",45.0,"2,E,09,",0.0,E,0.0,"2,E",3.5,"1,,,E",3.3659999999999997,"4,E",4.0280000000000005,"2,,,E",2.7030000000000003,"2,,,E"
AGE00147718,1920-08-01,34.85,5.72,125.0,"BISKRA, AG",1581.7,E,448.7,",E",2.0,",E",1.0,",E",0.0,",E",0.0,",E",0.0,",E",0.0,",E",31.0,",E",31.0,",E",19200831.0,"+,,E",19200811.0,",,E",19200823.0,"+,,E",22.0,",E,31,+",2.5,",,E,11,",44.0,",E,23,+",0.0,E,0.0,",E",3.0,",,,E",3.281,",E",3.9259999999999997,",,,E",2.6350000000000002,",,,E"
AGE00147718,1920-09-01,34.85,5.72,125.0,"BISKRA, AG",1902.2,E,320.5,",E",2.0,",E",0.0,",E",0.0,",E",0.0,",E",0.0,",E",0.0,",E",30.0,",E",25.0,",E",19200917.0,",,E",19200913.0,"+,,E",19200911.0,",,E",20.0,",E,17,",0.5,",,E,13,+",41.0,",E,11,",0.0,E,0.0,",E",1.0,",,,E",2.902,",E",3.467,",,,E",2.337,",,,E"
AGE00147718,1920-10-01,34.85,5.72,125.0,"BISKRA, AG",2062.5,E,160.3,",E",1.0,",E",0.0,",E",0.0,",E",0.0,",E",0.0,",E",0.0,",E",31.0,",E",8.0,",E",19201025.0,"+,,E",19201017.0,",,E",19201005.0,"+,,E",12.0,",E,25,+",2.0,",,E,17,",36.0,",E,05,+",0.7,E,0.7,",E",2.0,",,,E",2.348,",E",2.881,",,,E",1.816,",,,E"
AGE00147718,1920-11-01,34.85,5.72,125.0,"BISKRA, AG",2066.7,E,4.2,",E",4.0,",E",1.0,",E",0.0,",E",0.0,",E",0.0,",E",0.0,",E",15.0,",E",0.0,",E",19201130.0,"+,,E",19201128.0,",,E",19201118.0,"+,,E",8.0,",E,30,+",3.3,",,E,28,",25.0,",E,18,+",56.9,E,56.2,",E",6.4,",,,E",1.6600000000000001,",E",2.107,",,,E",1.213,",,,E"
AGE00147718,1920-12-01,34.85,5.72,125.0,"BISKRA, AG",2066.9,E,0.2,",E",1.0,",E",1.0,",E",0.0,",E",0.0,",E",0.0,",E",0.0,",E",5.0,",E",0.0,",E",19201221.0,"+,,E",19201214.0,",,E",19201229.0,",,E",4.0,",E,21,+",5.0,",,E,14,",25.0,",E,29,",241.4,E,184.5,",E",5.0,",,,E",1.239,",E",1.748,",,,E",0.729,",,,E"
AGE00147718,1921-03-01,34.85,5.72,125.0,"BISKRA, AG",,,0.0,"4,E",4.0,"2,E",3.0,"2,E",0.0,"2,E",0.0,"2,E",0.0,"2,E",0.0,"3,E",7.0,"3,E",0.0,"3,E",19210322.0,"+,2,E",19210330.0,",2,E",19210327.0,",3,E",8.0,"2,E,22,+",21.0,"2,,E,30,",24.0,"3,E,27,",,,79.0,"3,E",30.8,"2,,,E",1.534,"4,E",2.057,"3,,,E",1.01,"2,,,E"
AGE00147718,1921-04-01,34.85,5.72,125.0,"BISKRA, AG",,,23.7,"3,E",5.0,"2,E",2.0,"2,E",0.0,"2,E",0.0,"2,E",0.0,"2,E",0.0,"2,E",18.0,"2,E",0.0,"2,E",19210426.0,"+,2,E",19210421.0,",2,E",19210430.0,"+,2,E",9.0,"2,E,26,+",14.3,"2,,E,21,",30.0,"2,E,30,+",,,36.7,"2,E",29.6,"2,,,E",1.786,"3,E",2.321,"2,,,E",1.25,"2,,,E"
AGE00147718,1921-05-01,34.85,5.72,125.0,"BISKRA, AG",,,128.2,"2,E",5.0,"1,E",4.0,"1,E",0.0,"1,E",0.0,"1,E",0.0,"1,E",0.0,"1,E",30.0,"1,E",5.0,"1,E",19210502.0,",1,E",19210514.0,",1,E",19210523.0,",1,E",11.0,"1,E,02,",20.3,"1,,E,14,",34.0,"1,E,23,",,,0.8,"1,E",52.9,"1,,,E",2.287,"2,E",2.8329999999999997,"1,,,E",1.7399999999999998,"1,,,E"
AGE00147718,1921-06-01,34.85,5.72,125.0,"BISKRA, AG",,,,,0.0,"2,E",0.0,"2,E",0.0,"2,E",0.0,"3,E",0.0,"3,E",0.0,"3,E",27.0,"3,E",22.0,"3,E",19210601.0,",3,E",19210630.0,"+,2,E",19210628.0,",3,E",17.0,"3,E,01,",0.0,"2,,E,30,+",42.0,"3,E,28,",,,,,0.0,"2,,,E",2.815,"6,E",3.463,"3,,,E",2.1670000000000003,"3,,,E"
AGE00147718,1921-07-01,34.85,5.72,125.0,"BISKRA, AG",,,,,1.0,"3,E",0.0,"3,E",0.0,"3,E",0.0,"4,E",0.0,"4,E",0.0,"4,E",27.0,"4,E",27.0,"4,E",19210711.0,",4,E",19210709.0,",3,E",19210717.0,"+,4,E",20.0,"4,E,11,",2.3,"3,,E,09,",45.0,"4,E,17,+",,,,,2.3,"3,,,E",3.3520000000000003,"8,E",4.037,"4,,,E",2.6670000000000003,"4,,,E"
AGE00147718,1921-08-01,34.85,5.72,125.0,"BISKRA, AG",,,433.7,",E",1.0,",E",0.0,",E",0.0,",E",0.0,",E",0.0,",E",0.0,",E",31.0,",E",30.0,",E",19210823.0,",,E",19210831.0,",,E",19210806.0,",,E",20.0,",E,23,",0.7,",,E,31,",45.0,",E,06,",,,0.0,",E",0.7,",,,E",3.232,",E",3.8649999999999998,",,,E",2.6,",,,E"
AGE00147718,1921-10-01,34.85,5.72,125.0,"BISKRA, AG",,,125.8,"2,E",0.0,"1,E",0.0,"1,E",0.0,"1,E",0.0,"1,E",0.0,"1,E",0.0,"1,E",28.0,"1,E",2.0,"1,E",19211027.0,"+,1,E",19211031.0,"+,1,E",19211007.0,",1,E",10.0,"1,E,27,+",0.0,"1,,E,31,+",39.0,"1,E,07,",,,5.0,"1,E",0.0,"1,,,E",2.255,"2,E",2.83,"1,,,E",1.6800000000000002,"1,,,E"
AGE00147718,1921-11-01,34.85,5.72,125.0,"BISKRA, AG",,,3.8,"3,E",2.0,"1,E",2.0,"1,E",0.0,"1,E",0.0,"2,E",0.0,"2,E",0.0,"1,E",11.0,"1,E",0.0,"1,E",19211112.0,"+,2,E",19211107.0,",1,E",19211104.0,",1,E",6.0,"2,E,12,+",4.6,"1,,E,07,",27.0,"1,E,04,",,,70.8,"1,E",7.7,"1,,,E",1.5859999999999999,"3,E",2.097,"1,,,E",1.075,"2,,,E"
AGE00147718,1921-12-01,34.85,5.72,125.0,"BISKRA, AG",,,,,2.0,"3,E",1.0,"3,E",0.0,"3,E",0.0,"4,E",0.0,"4,E",0.0,"3,E",0.0,"3,E",0.0,"3,E",19211224.0,",4,E",19211201.0,",3,E",19211209.0,"+,3,E",3.0,"4,E,24,",7.6,"3,,E,01,",20.0,"3,E,09,+",,,,,8.8,"3,,,E",1.216,"5,E",1.732,"3,,,E",0.7,"4,,,E"
AGE00147718,1922-01-01,34.85,5.72,125.0,"BISKRA, AG",0.0,E,0.0,",E",4.0,",E",2.0,",E",0.0,",E",0.0,",E",0.0,",E",0.0,",E",1.0,",E",0.0,",E",19220113.0,",,E",19220114.0,",,E",19220130.0,",,E",2.0,",E,13,",6.3,",,E,14,",22.0,",E,30,",,,218.8,",E",11.5,",,,E",1.127,",E",1.6190000000000002,",,,E",0.635,",,,E"
AGE00147718,1922-02-01,34.85,5.72,125.0,"BISKRA, AG",0.2,E,0.2,",E",2.0,",E",1.0,",E",0.0,",E",0.0,",E",0.0,",E",0.0,",E",6.0,",E",0.0,",E",19220209.0,"+,,E",19220212.0,",,E",19220228.0,"+,,E",3.0,",E,09,+",6.4,",,E,12,",24.0,",E,28,+",,,129.5,",E",7.0,",,,E",1.371,",E",1.879,",,,E",0.8640000000000001,",,,E"
AGE00147718,1922-03-01,34.85,5.72,125.0,"BISKRA, AG",26.7,E,26.5,",E",1.0,",E",1.0,",E",0.0,",E",0.0,",E",0.0,",E",0.0,",E",23.0,",E",0.0,",E",19220328.0,"+,,E",19220314.0,",,E",19220321.0,",,E",8.0,",E,28,+",5.1,",,E,14,",29.0,",E,21,",,,40.8,",E",5.1,",,,E",1.7870000000000001,",E",2.355,",,,E",1.2189999999999999,",,,E"
AGE00147718,1922-04-01,34.85,5.72,125.0,"BISKRA, AG",130.0,E,103.3,",E",0.0,",E",0.0,",E",0.0,",E",0.0,",E",0.0,",E",0.0,",E",26.0,",E",3.0,",E",19220420.0,"+,,E",19220430.0,"+,,E",19220429.0,",,E",9.0,",E,20,+",0.0,",,E,30,+",38.0,",E,29,",,,12.3,",E",0.0,",,,E",2.137,",E",2.7670000000000003,",,,E",1.5070000000000001,",,,E"
AGE00147718,1922-05-01,34.85,5.72,125.0,"BISKRA, AG",334.8,E,204.8,",E",0.0,",E",0.0,",E",0.0,",E",0.0,",E",0.0,",E",0.0,",E",31.0,",E",13.0,",E",19220502.0,",,E",19220531.0,"+,,E",19220514.0,",,E",9.0,",E,02,",0.0,",,E,31,+",37.0,",E,14,",,,4.2,",E",0.0,",,,E",2.481,",E",3.129,",,,E",1.832,",,,E"
AGE00147718,1922-06-01,34.85,5.72,125.0,"BISKRA, AG",684.3,E,349.5,",E",1.0,",E",0.0,",E",0.0,",E",0.0,",E",0.0,",E",0.0,",E",30.0,",E",30.0,",E",19220603.0,",,E",19220603.0,",,E",19220615.0,",,E",19.0,",E,03,",2.3,",,E,03,",45.0,",E,15,",,,0.0,",E",2.3,",,,E",2.998,",E",3.65,",,,E",2.347,",,,E"
AGE00147718,1922-09-01,34.85,5.72,125.0,"BISKRA, AG",,,268.5,",E",1.0,",E",0.0,",E",0.0,",E",0.0,",E",0.0,",E",0.0,",E",30.0,",E",16.0,",E",19220929.0,",,E",19220924.0,",,E",19220902.0,",,E",16.0,",E,29,",0.6,",,E,24,",39.0,",E,02,",,,0.0,",E",0.6,",,,E",2.728,",E",3.2670000000000003,",,,E",2.19,",,,E"
AGE00147718,1922-10-01,34.85,5.72,125.0,"BISKRA, AG",,,140.3,",E",5.0,",E",1.0,",E",0.0,",E",0.0,",E",0.0,",E",0.0,",E",31.0,",E",1.0,",E",19221028.0,",,E",19221022.0,",,E",19221005.0,",,E",11.0,",E,28,",3.3,",,E,22,",33.0,",E,05,",,,1.2,",E",7.4,",,,E",2.282,",E",2.816,",,,E",1.748,",,,E"
AGE00147718,1922-11-01,34.85,5.72,125.0,"BISKRA, AG",,,4.2,",E",5.0,",E",2.0,",E",0.0,",E",0.0,",E",0.0,",E",0.0,",E",8.0,",E",0.0,",E",19221130.0,",,E",19221112.0,",,E",19221105.0,",,E",4.0,",E,30,",9.5,",,E,12,",26.0,",E,05,",,,88.7,",E",15.0,",,,E",1.552,",E",2.003,",,,E",1.1,",,,E"
AGE00147718,1922-12-01,34.85,5.72,125.0,"BISKRA, AG",,,0.0,",E",5.0,",E",2.0,",E",0.0,",E",0.0,",E",0.0,",E",0.0,",E",0.0,",E",0.0,",E",19221216.0,",,E",19221204.0,",,E",19221226.0,"+,,E",1.0,",E,16,",21.3,",,E,04,",19.0,",E,26,+",,,245.8,",E",33.8,",,,E",1.04,",E",1.5230000000000001,",,,E",0.558,",,,E"
AGE00147718,1923-01-01,34.85,5.72,125.0,"BISKRA, AG",0.0,E,0.0,",E",5.0,",E",0.0,",E",0.0,",E",0.0,",E",0.0,",E",0.0,",E",0.0,",E",0.0,",E",19230116.0,",,E",19230129.0,",,E",19230128.0,"+,,E",2.0,",E,16,",2.4,",,E,29,",18.0,",E,28,+",,,256.3,",E",8.1,",,,E",1.006,",E",1.435,",,,E",0.577,",,,E"
AGE00147718,1923-02-01,34.85,5.72,125.0,"BISKRA, AG",0.0,E,0.0,",E",4.0,",E",2.0,",E",0.0,",E",0.0,",E",0.0,",E",0.0,",E",4.0,",E",0.0,",E",19230201.0,",,E",19230203.0,",,E",19230224.0,",,E",5.0,",E,01,",5.0,",,E,03,",24.0,",E,24,",,,134.8,",E",11.2,",,,E",1.3519999999999999,",E",1.879,",,,E",0.825,",,,E"
AGE00147718,1923-04-01,34.85,5.72,125.0,"BISKRA, AG",,,44.0,"2,E",4.0,"1,E",3.0,"1,E",0.0,"1,E",0.0,"1,E",0.0,"1,E",0.0,"1,E",21.0,"1,E",0.0,"1,E",19230407.0,",1,E",19230404.0,",1,E",19230420.0,",1,E",7.0,"1,E,07,",11.0,"1,,E,04,",31.0,"1,E,20,",,,26.3,"1,E",29.5,"1,,,E",1.8829999999999998,"2,E",2.428,"1,,,E",1.338,"1,,,E"
AGE00147718,1923-05-01,34.85,5.72,125.0,"BISKRA, AG",,,192.2,",E",1.0,",E",0.0,",E",0.0,",E",0.0,",E",0.0,",E",0.0,",E",30.0,",E",7.0,",E",19230508.0,",,E",19230522.0,",,E",19230529.0,",,E",8.0,",E,08,",1.2,",,E,22,",36.0,",E,29,",,,0.0,",E",1.2,",,,E",2.4530000000000003,",E",3.071,",,,E",1.8350000000000002,",,,E"
AGE00147718,1923-06-01,34.85,5.72,125.0,"BISKRA, AG",,,259.5,",E",1.0,",E",0.0,",E",0.0,",E",0.0,",E",0.0,",E",0.0,",E",30.0,",E",16.0,",E",19230623.0,"+,,E",19230619.0,",,E",19230628.0,"+,,E",18.0,",E,23,+",0.9,",,E,19,",38.0,",E,28,+",,,0.0,",E",0.9,",,,E",2.698,",E",3.293,",,,E",2.103,",,,E"
AGE00147718,1923-07-01,34.85,5.72,125.0,"BISKRA, AG",,,430.7,",E",0.0,",E",0.0,",E",0.0,",E",0.0,",E",0.0,",E",0.0,",E",31.0,",E",31.0,",E",19230720.0,",,E",19230731.0,"+,,E",19230721.0,"+,,E",19.0,",E,20,",0.0,",,E,31,+",44.0,",E,21,+",0.0,E,0.0,",E",0.0,",,,E",3.223,",E",3.897,",,,E",2.548,",,,E"
AGE00147718,1923-08-01,34.85,5.72,125.0,"BISKRA, AG",,,420.7,",E",0.0,",E",0.0,",E",0.0,",E",0.0,",E",0.0,",E",0.0,",E",31.0,",E",31.0,",E",19230811.0,",,E",19230831.0,"+,,E",19230801.0,",,E",15.0,",E,11,",0.0,",,E,31,+",43.0,",E,01,",0.0,E,0.0,",E",0.0,",,,E",3.19,",E",3.871,",,,E",2.5100000000000002,",,,E"
AGE00147718,1923-09-01,34.85,5.72,125.0,"BISKRA, AG",,,260.0,",E",4.0,",E",2.0,",E",0.0,",E",0.0,",E",0.0,",E",0.0,",E",30.0,",E",14.0,",E",19230922.0,"+,,E",19230913.0,",,E",19230917.0,"+,,E",18.0,",E,22,+",5.3,",,E,13,",38.0,",E,17,+",0.0,E,0.0,",E",10.1,",,,E",2.7,",E",3.2600000000000002,",,,E",2.1399999999999997,",,,E"
AGE00147718,1923-10-01,34.85,5.72,125.0,"BISKRA, AG",,,162.0,",E",4.0,",E",3.0,",E",0.0,",E",0.0,",E",0.0,",E",0.0,",E",30.0,",E",2.0,",E",19231031.0,"+,,E",19231031.0,",,E",19231016.0,",,E",15.0,",E,31,+",13.5,",,E,31,",34.0,",E,16,",0.3,E,0.3,",E",23.6,",,,E",2.355,",E",2.929,",,,E",1.781,",,,E"
AGE00147718,1923-11-01,34.85,5.72,125.0,"BISKRA, AG",,,6.3,",E",1.0,",E",1.0,",E",0.0,",E",0.0,",E",0.0,",E",0.0,",E",13.0,",E",0.0,",E",19231123.0,",,E",19231113.0,",,E",19231112.0,",,E",4.0,",E,23,",4.0,",,E,13,",26.0,",E,12,",75.6,E,75.3,",E",4.0,",,,E",1.6030000000000002,",E",2.07,",,,E",1.137,",,,E"
AGE00147718,1923-12-01,34.85,5.72,125.0,"BISKRA, AG",,,0.0,",E",1.0,",E",0.0,",E",0.0,",E",0.0,",E",0.0,",E",0.0,",E",0.0,",E",0.0,",E",19231221.0,"+,,E",19231211.0,",,E",19231228.0,"+,,E",3.0,",E,21,+",1.2,",,E,11,",20.0,",E,28,+",292.9,E,217.3,",E",1.2,",,,E",1.1320000000000001,",E",1.616,",,,E",0.648,",,,E"
AGE00147718,1924-01-01,34.85,5.72,125.0,"BISKRA, AG",0.0,E,0.0,",E",0.0,",E",0.0,",E",0.0,",E",0.0,",E",0.0,",E",0.0,",E",0.0,",E",0.0,",E",19240126.0,"+,,E",19240131.0,"+,,E",19240121.0,",,E",2.0,",E,26,+",0.0,",,E,31,+",21.0,",E,21,",518.7,E,225.8,",E",0.0,",,,E",1.105,",E",1.6190000000000002,",,,E",0.5900000000000001,",,,E"
AGE00147718,1924-02-01,34.85,5.72,125.0,"BISKRA, AG",0.0,E,0.0,"2,E",3.0,"1,E",2.0,"1,E",0.0,"1,E",0.0,"1,E",0.0,"1,E",0.0,"1,E",1.0,"1,E",0.0,"1,E",19240229.0,"+,1,E",19240209.0,",1,E",19240213.0,",1,E",2.0,"1,E,29,+",5.3,"1,,E,09,",22.0,"1,E,13,",688.2,E,169.5,"1,E",10.9,"1,,,E",1.207,"2,E",1.718,"1,,,E",0.696,"1,,,E"
AGE00147718,1924-03-01,34.85,5.72,125.0,"BISKRA, AG",9.7,E,9.7,"1,E",5.0,",E",3.0,",E",0.0,",E",0.0,",E",0.0,",E",0.0,"1,E",16.0,"1,E",0.0,"1,E",19240302.0,",,E",19240315.0,",,E",19240325.0,",1,E",3.0,",E,02,",8.8,",,E,15,",29.0,"1,E,25,",766.9,E,78.7,"1,E",23.5,",,,E",1.609,"1,E",2.13,"1,,,E",1.087,",,,E"
AGE00147718,1924-04-01,34.85,5.72,125.0,"BISKRA, AG",95.7,E,86.0,",E",0.0,",E",0.0,",E",0.0,",E",0.0,",E",0.0,",E",0.0,",E",28.0,",E",2.0,",E",19240404.0,"+,,E",19240430.0,"+,,E",19240426.0,"+,,E",10.0,",E,04,+",0.0,",,E,30,+",33.0,",E,26,+",776.9,E,10.0,",E",0.0,",,,E",2.087,",E",2.717,",,,E",1.457,",,,E"
AGE00147718,1924-06-01,34.85,5.72,125.0,"BISKRA, AG",,,353.0,",E",1.0,",E",0.0,",E",0.0,",E",0.0,",E",0.0,",E",0.0,",E",30.0,",E",26.0,",E",19240624.0,"+,,E",19240617.0,",,E",19240612.0,",,E",21.0,",E,24,+",1.0,",,E,17,",42.0,",E,12,",,,0.0,",E",1.0,",,,E",3.0100000000000002,",E",3.6,",,,E",2.42,",,,E"
AGE00147718,1924-07-01,34.85,5.72,125.0,"BISKRA, AG",,,464.7,",E",0.0,",E",0.0,",E",0.0,",E",0.0,",E",0.0,",E",0.0,",E",31.0,",E",31.0,",E",19240714.0,"+,,E",19240731.0,"+,,E",19240709.0,"+,,E",22.0,",E,14,+",0.0,",,E,31,+",47.0,",E,09,+",0.0,E,0.0,",E",0.0,",,,E",3.332,",E",4.032,",,,E",2.632,",,,E"
AGE00147718,1924-08-01,34.85,5.72,125.0,"BISKRA, AG",,,428.8,"2,E",0.0,"1,E",0.0,"1,E",0.0,"1,E",0.0,"1,E",0.0,"1,E",0.0,"1,E",30.0,"1,E",30.0,"1,E",19240829.0,"+,1,E",19240831.0,"+,1,E",19240814.0,"+,1,E",23.0,"1,E,29,+",0.0,"1,,E,31,+",45.0,"1,E,14,+",0.0,E,0.0,"1,E",0.0,"1,,,E",3.3049999999999997,"2,E",3.973,"1,,,E",2.637,"1,,,E"
AGE00147718,1924-09-01,34.85,5.72,125.0,"BISKRA, AG",,,381.5,",E",1.0,",E",0.0,",E",0.0,",E",0.0,",E",0.0,",E",0.0,",E",30.0,",E",27.0,",E",19240929.0,",,E",19240928.0,",,E",19240914.0,",,E",18.0,",E,29,",2.4,",,E,28,",43.0,",E,14,",0.0,E,0.0,",E",2.4,",,,E",3.105,",E",3.723,",,,E",2.487,",,,E"
AGE00147718,1924-10-01,34.85,5.72,125.0,"BISKRA, AG",,,123.8,"2,E",2.0,"1,E",2.0,"1,E",0.0,"1,E",0.0,"1,E",0.0,"1,E",0.0,"1,E",29.0,"1,E",1.0,"1,E",19241030.0,",1,E",19241005.0,",1,E",19241007.0,",1,E",14.0,"1,E,30,",5.0,"1,,E,05,",38.0,"1,E,07,",0.0,E,0.0,"1,E",7.5,"1,,,E",2.253,"2,E",2.7399999999999998,"1,,,E",1.7670000000000001,"1,,,E"
AGE00147718,1924-11-01,34.85,5.72,125.0,"BISKRA, AG",,,13.2,",E",6.0,",E",4.0,",E",0.0,",E",0.0,",E",0.0,",E",0.0,",E",15.0,",E",0.0,",E",19241123.0,",,E",19241128.0,",,E",19241103.0,",,E",8.0,",E,23,",13.6,",,E,28,",29.0,",E,03,",67.2,E,67.2,",E",33.7,",,,E",1.653,",E",2.12,",,,E",1.1869999999999998,",,,E"
AGE00147718,1924-12-01,34.85,5.72,125.0,"BISKRA, AG",,,0.0,"3,E",4.0,"2,E",0.0,"2,E",0.0,"2,E",0.0,"2,E",0.0,"2,E",0.0,"2,E",0.0,"2,E",0.0,"2,E",19241229.0,"+,2,E",19241203.0,",2,E",19241206.0,",2,E",4.0,"2,E,29,+",2.4,"2,,E,03,",21.0,"2,E,06,",235.0,E,167.8,"2,E",4.2,"2,,,E",1.241,"3,E",1.69,"2,,,E",0.7929999999999999,"2,,,E"
AGE00147718,1925-01-01,34.85,5.72,125.0,"BISKRA, AG",0.0,E,0.0,"3,E",0.0,"1,E",0.0,"1,E",0.0,"1,E",0.0,"1,E",0.0,"1,E",0.0,"2,E",0.0,"2,E",0.0,"2,E",19250111.0,"+,1,E",19250131.0,"+,1,E",19250130.0,"+,2,E",2.0,"1,E,11,+",0.0,"1,,E,31,+",19.0,"2,E,30,+",454.3,E,219.3,"2,E",0.0,"1,,,E",1.058,"3,E",1.659,"2,,,E",0.457,"1,,,E"
AGE00147718,1925-02-01,34.85,5.72,125.0,"BISKRA, AG",0.0,E,0.0,"4,E",1.0,"2,E",1.0,"2,E",0.0,"2,E",0.0,"2,E",0.0,"2,E",0.0,"2,E",2.0,"2,E",0.0,"2,E",19250222.0,"+,2,E",19250212.0,",2,E",19250228.0,"+,2,E",5.0,"2,E,22,+",5.0,"2,,E,12,",23.0,"2,E,28,+",593.3,E,139.0,"2,E",5.0,"2,,,E",1.254,"4,E",1.7879999999999998,"2,,,E",0.7190000000000001,"2,,,E"
AGE00147718,1925-03-01,34.85,5.72,125.0,"BISKRA, AG",0.0,E,0.0,"2,E",6.0,",E",3.0,",E",0.0,",E",0.0,"1,E",0.0,"1,E",0.0,"1,E",9.0,"1,E",0.0,"1,E",19250320.0,",1,E",19250310.0,",,E",19250309.0,",1,E",4.0,"1,E,20,",17.2,",,E,10,",25.0,"1,E,09,",728.5,E,135.2,"1,E",30.0,",,,E",1.375,"2,E",1.86,"1,,,E",0.89,"1,,,E"
AGE00147718,1925-04-01,34.85,5.72,125.0,"BISKRA, AG",,,,,0.0,"2,E",0.0,"2,E",0.0,"2,E",0.0,"2,E",0.0,"2,E",0.0,"2,E",23.0,"2,E",4.0,"2,E",19250409.0,"+,2,E",19250430.0,"+,2,E",19250430.0,",2,E",9.0,"2,E,09,+",0.0,"2,,E,30,+",36.0,"2,E,30,",,,,,0.0,"2,,,E",2.007,"4,E",2.589,"2,,,E",1.425,"2,,,E"
AGE00147718,1925-05-01,34.85,5.72,125.0,"BISKRA, AG",,,161.2,"2,E",2.0,"1,E",1.0,"1,E",1.0,"1,E",0.0,"1,E",0.0,"1,E",0.0,"1,E",30.0,"1,E",4.0,"1,E",19250512.0,",1,E",19250517.0,",1,E",19250525.0,",1,E",12.0,"1,E,12,",26.4,"1,,E,17,",35.0,"1,E,25,",,,0.8,"1,E",27.3,"1,,,E",2.368,"2,E",2.927,"1,,,E",1.81,"1,,,E"
AGE00147718,1925-06-01,34.85,5.72,125.0,"BISKRA, AG",,,315.7,"2,E",0.0,"1,E",0.0,"1,E",0.0,"1,E",0.0,"1,E",0.0,"1,E",0.0,"1,E",29.0,"1,E",25.0,"1,E",19250609.0,"+,1,E",19250630.0,"+,1,E",19250624.0,",1,E",18.0,"1,E,09,+",0.0,"1,,E,30,+",43.0,"1,E,24,",,,0.0,"1,E",0.0,"1,,,E",2.971,"2,E",3.5789999999999997,"1,,,E",2.362,"1,,,E"
AGE00147718,1925-07-01,34.85,5.72,125.0,"BISKRA, AG",,,396.3,"2,E",3.0,"1,E",3.0,"1,E",0.0,"1,E",0.0,"1,E",0.0,"1,E",0.0,"1,E",30.0,"1,E",28.0,"1,E",19250716.0,"+,1,E",19250713.0,",1,E",19250731.0,"+,1,E",21.0,"1,E,16,+",10.0,"1,,E,13,",45.0,"1,E,31,+",0.0,E,0.0,"1,E",18.0,"1,,,E",3.192,"2,E",3.8200000000000003,"1,,,E",2.5629999999999997,"1,,,E"
AGE00147718,1925-09-01,34.85,5.72,125.0,"BISKRA, AG",,,275.8,"2,E",3.0,"1,E",2.0,"1,E",0.0,"1,E",0.0,"1,E",0.0,"1,E",0.0,"1,E",29.0,"1,E",20.0,"1,E",19250930.0,",1,E",19250927.0,"+,1,E",19250910.0,",1,E",12.0,"1,E,30,",10.0,"1,,E,27,+",41.0,"1,E,10,",,,1.2,"1,E",21.0,"1,,,E",2.81,"2,E",3.3280000000000003,"1,,,E",2.293,"1,,,E"
AGE00147718,1925-10-01,34.85,5.72,125.0,"BISKRA, AG",,,65.0,"5,E",3.0,"2,E",2.0,"2,E",0.0,"2,E",0.0,"3,E",0.0,"3,E",0.0,"2,E",29.0,"2,E",0.0,"2,E",19251020.0,",3,E",19251029.0,",2,E",19251013.0,"+,2,E",10.0,"3,E,20,",8.1,"2,,E,29,",29.0,"2,E,13,+",,,0.7,"2,E",12.6,"2,,,E",2.076,"5,E",2.638,"2,,,E",1.514,"3,,,E"
AGE00147718,1925-11-01,34.85,5.72,125.0,"BISKRA, AG",,,5.2,"2,E",5.0,",E",2.0,",E",0.0,",E",0.0,"1,E",0.0,"1,E",0.0,"1,E",9.0,"1,E",0.0,"1,E",19251116.0,",1,E",19251128.0,",,E",19251108.0,"+,1,E",7.0,"1,E,16,",6.4,",,E,28,",26.0,"1,E,08,+",,,89.0,"1,E",11.1,",,,E",1.5470000000000002,"2,E",1.969,"1,,,E",1.124,"1,,,E"
AGE00147718,1925-12-01,34.85,5.72,125.0,"BISKRA, AG",,,0.0,"3,E",4.0,"2,E",1.0,"2,E",0.0,"2,E",0.0,"2,E",0.0,"2,E",0.0,"2,E",6.0,"2,E",0.0,"2,E",19251207.0,",2,E",19251211.0,",2,E",19251225.0,"+,2,E",3.0,"2,E,07,",5.6,"2,,E,11,",23.0,"2,E,25,+",,,150.8,"2,E",9.8,"2,,,E",1.2810000000000001,"3,E",1.834,"2,,,E",0.728,"2,,,E"
AGE00147718,1926-01-01,34.85,5.72,125.0,"BISKRA, AG",0.0,E,0.0,"2,E",0.0,"1,E",0.0,"1,E",0.0,"1,E",0.0,"1,E",1.0,"1,E",0.0,"1,E",0.0,"1,E",0.0,"1,E",19260112.0,",1,E",19260131.0,"+,1,E",19260131.0,"+,1,E",0.0,"1,E,12,",0.0,"1,,E,31,+",21.0,"1,E,31,+",,,165.2,"1,E",0.0,"1,,,E",1.272,"2,E",1.793,"1,,,E",0.75,"1,,,E"
AGE00147718,1926-02-01,34.85,5.72,125.0,"BISKRA, AG",0.3,E,0.3,"3,E",0.0,"2,E",0.0,"2,E",0.0,"2,E",0.0,"2,E",0.0,"2,E",0.0,"2,E",11.0,"2,E",0.0,"2,E",19260217.0,"+,2,E",19260228.0,"+,2,E",19260223.0,"+,2,E",7.0,"2,E,17,+",0.0,"2,,E,28,+",27.0,"2,E,23,+",,,70.7,"2,E",0.0,"2,,,E",1.5539999999999998,"3,E",2.15,"2,,,E",0.958,"2,,,E"
AGE00147718,1926-03-01,34.85,5.72,125.0,"BISKRA, AG",29.0,E,28.7,"1,E",0.0,",E",0.0,",E",0.0,",E",0.0,",E",0.0,",E",0.0,"1,E",23.0,"1,E",0.0,"1,E",19260313.0,"+,,E",19260331.0,"+,,E",19260329.0,",1,E",7.0,",E,13,+",0.0,",,E,31,+",31.0,"1,E,29,",,,38.7,"1,E",0.0,",,,E",1.797,"1,E",2.42,"1,,,E",1.174,",,,E"
AGE00147718,1926-04-01,34.85,5.72,125.0,"BISKRA, AG",98.5,E,69.5,",E",4.0,",E",3.0,",E",0.0,",E",0.0,",E",0.0,",E",0.0,",E",27.0,",E",0.0,",E",19260417.0,",,E",19260412.0,",,E",19260429.0,"+,,E",8.0,",E,17,",8.0,",,E,12,",32.0,",E,29,+",,,12.0,",E",17.5,",,,E",2.025,",E",2.6,",,,E",1.45,",,,E"
AGE00147718,1926-05-01,34.85,5.72,125.0,"BISKRA, AG",,,,,2.0,"1,E",2.0,"1,E",0.0,"1,E",0.0,"3,E",0.0,"3,E",0.0,"3,E",28.0,"3,E",3.0,"3,E",19260523.0,",3,E",19260518.0,",1,E",19260531.0,",3,E",13.0,"3,E,23,",4.6,"1,,E,18,",40.0,"3,E,31,",,,,,7.3,"1,,,E",2.398,"6,E",2.961,"3,,,E",1.8359999999999999,"3,,,E"
AGE00147718,1926-06-01,34.85,5.72,125.0,"BISKRA, AG",,,287.3,"4,E",1.0,"1,E",0.0,"1,E",0.0,"1,E",0.0,"2,E",0.0,"2,E",0.0,"2,E",28.0,"2,E",23.0,"2,E",19260622.0,"+,2,E",19260617.0,",1,E",19260611.0,",2,E",19.0,"2,E,22,+",1.4,"1,,E,17,",43.0,"2,E,11,",,,0.0,"2,E",1.4,"1,,,E",2.945,"4,E",3.5789999999999997,"2,,,E",2.311,"2,,,E"
AGE00147718,1926-07-01,34.85,5.72,125.0,"BISKRA, AG",,,401.7,"3,E",0.0,",E",0.0,",E",0.0,",E",0.0,",E",0.0,",E",0.0,"3,E",28.0,"3,E",28.0,"3,E",19260711.0,"+,,E",19260731.0,"+,,E",19260727.0,",3,E",21.0,",E,11,+",0.0,",,E,31,+",48.0,"3,E,27,",0.0,E,0.0,"3,E",0.0,",,,E",3.2670000000000003,"3,E",3.943,"3,,,E",2.59,",,,E"
AGE00147718,1926-08-01,34.85,5.72,125.0,"BISKRA, AG",,,422.7,",E",0.0,",E",0.0,",E",0.0,",E",0.0,",E",0.0,",E",0.0,",E",31.0,",E",31.0,",E",19260803.0,",,E",19260831.0,",,E",19260813.0,",,E",22.0,",E,03,",0.1,",,E,31,",46.0,",E,13,",0.0,E,0.0,",E",0.1,",,,E",3.197,",E",3.839,",,,E",2.555,",,,E"
AGE00147718,1926-09-01,34.85,5.72,125.0,"BISKRA, AG",,,,,1.0,"1,E",0.0,"1,E",0.0,"1,E",0.0,"3,E",0.0,"3,E",0.0,"4,E",26.0,"4,E",25.0,"4,E",19260930.0,",3,E",19260915.0,",1,E",19260905.0,",4,E",18.0,"3,E,30,",1.0,"1,,E,15,",40.0,"4,E,05,",,,,,1.0,"1,,,E",2.9579999999999997,"6,E",3.5380000000000003,"4,,,E",2.378,"3,,,E"
AGE00147718,1926-10-01,34.85,5.72,125.0,"BISKRA, AG",,,175.2,"3,E",1.0,"1,E",0.0,"1,E",0.0,"1,E",0.0,",E",0.0,",E",0.0,"3,E",28.0,"3,E",4.0,"3,E",19261001.0,",,E",19261011.0,",1,E",19261017.0,",3,E",11.0,",E,01,",0.9,"1,,E,11,",35.0,"3,E,17,",,,0.0,"3,E",0.9,"1,,,E",2.471,"3,E",3.029,"3,,,E",1.9129999999999998,",,,E"
AGE00147718,1926-11-01,34.85,5.72,125.0,"BISKRA, AG",,,,,6.0,",E",3.0,",E",0.0,",E",0.0,"3,E",0.0,"3,E",0.0,"4,E",16.0,"4,E",0.0,"4,E",19261130.0,",3,E",19261107.0,",,E",19261115.0,"+,4,E",6.0,"3,E,30,",11.0,",,E,07,",28.0,"4,E,15,+",,,,,22.7,",,,E",1.794,"7,E",2.2920000000000003,"4,,,E",1.296,"3,,,E"
AGE00147718,1927-01-01,34.85,5.72,125.0,"BISKRA, AG",,,,,2.0,"3,E",2.0,"3,E",0.0,"3,E",0.0,"5,E",1.0,"5,E",0.0,"4,E",0.0,"4,E",0.0,"4,E",19270121.0,",5,E",19270118.0,",3,E",19270111.0,",4,E",-1.0,"5,E,21,",7.6,"3,,E,18,",20.0,"4,E,11,",,,,,15.0,"3,,,E",1.16,"9,E",1.6670000000000003,"4,,,E",0.654,"5,,,E"
AGE00147718,1927-02-01,34.85,5.72,125.0,"BISKRA, AG",,,3.3,"1,E",2.0,",E",0.0,",E",0.0,",E",0.0,"1,E",0.0,"1,E",0.0,",E",5.0,",E",0.0,",E",19270222.0,",1,E",19270203.0,",,E",19270228.0,",,E",4.0,"1,E,22,",0.7,",,E,03,",28.0,",E,28,",,,135.3,",E",1.1,",,,E",1.338,"1,E",1.8679999999999999,",,,E",0.807,"1,,,E"
AGE00147718,1927-03-01,34.85,5.72,125.0,"BISKRA, AG",,,14.8,"5,E",6.0,"2,E",4.0,"2,E",0.0,"2,E",0.0,"3,E",0.0,"3,E",0.0,"2,E",16.0,"2,E",0.0,"2,E",19270329.0,"+,3,E",19270320.0,",2,E",19270326.0,",2,E",7.0,"3,E,29,+",11.9,"2,,E,20,",29.0,"2,E,26,",,,58.5,"2,E",32.1,"2,,,E",1.682,"5,E",2.214,"2,,,E",1.15,"3,,,E"
AGE00147718,1927-04-01,34.85,5.72,125.0,"BISKRA, AG",,,93.2,"5,E",0.0,"2,E",0.0,"2,E",0.0,"2,E",0.0,"2,E",0.0,"2,E",0.0,"3,E",27.0,"3,E",6.0,"3,E",19270419.0,",2,E",19270430.0,"+,2,E",19270430.0,"+,3,E",8.0,"2,E,19,",0.0,"2,,E,30,+",34.0,"3,E,30,+",,,2.5,"3,E",0.0,"2,,,E",2.165,"5,E",2.819,"3,,,E",1.511,"2,,,E"
AGE00147718,1927-05-01,34.85,5.72,125.0,"BISKRA, AG",,,185.3,"5,E",7.0,"1,E",5.0,"1,E",0.0,"1,E",0.0,"1,E",0.0,"1,E",0.0,"4,E",27.0,"4,E",10.0,"4,E",19270512.0,",1,E",19270526.0,",1,E",19270531.0,",4,E",11.0,"1,E,12,",6.1,"1,,E,26,",39.0,"4,E,31,",,,0.0,"4,E",24.0,"1,,,E",2.559,"5,E",3.17,"4,,,E",1.9469999999999998,"1,,,E"
AGE00147718,1927-06-01,34.85,5.72,125.0,"BISKRA, AG",,,375.7,"2,E",2.0,",E",1.0,",E",0.0,",E",0.0,",E",0.0,",E",0.0,"2,E",28.0,"2,E",27.0,"2,E",19270608.0,"+,,E",19270603.0,",,E",19270630.0,",2,E",21.0,",E,08,+",5.6,",,E,03,",44.0,"2,E,30,",,,0.0,"2,E",6.5,",,,E",3.18,"2,E",3.839,"2,,,E",2.52,",,,E"
AGE00147718,1927-07-01,34.85,5.72,125.0,"BISKRA, AG",,,418.3,"5,E",0.0,"2,E",0.0,"2,E",0.0,"2,E",0.0,"2,E",0.0,"2,E",0.0,"4,E",27.0,"4,E",27.0,"4,E",19270726.0,",2,E",19270731.0,"+,2,E",19270721.0,"+,4,E",23.0,"2,E,26,",0.0,"2,,E,31,+",46.0,"4,E,21,+",0.0,E,0.0,"4,E",0.0,"2,,,E",3.4530000000000003,"5,E",4.148,"4,,,E",2.759,"2,,,E"
AGE00147718,1927-09-01,34.85,5.72,125.0,"BISKRA, AG",,,303.3,"4,E",1.0,",E",1.0,",E",0.0,",E",0.0,"1,E",0.0,"1,E",0.0,"4,E",26.0,"4,E",21.0,"4,E",19270930.0,",1,E",19270928.0,",,E",19270907.0,",4,E",17.0,"1,E,30,",5.5,",,E,28,",41.0,"4,E,07,",,,0.0,"4,E",5.5,",,,E",3.0149999999999997,"4,E",3.585,"4,,,E",2.445,"1,,,E"
AGE00147718,1927-10-01,34.85,5.72,125.0,"BISKRA, AG",,,104.3,"2,E",4.0,",E",4.0,",E",0.0,",E",0.0,",E",0.0,",E",0.0,"2,E",28.0,"2,E",0.0,"2,E",19271011.0,",,E",19271016.0,",,E",19271006.0,"+,2,E",12.0,",E,11,",24.6,",,E,16,",32.0,"2,E,06,+",,,0.0,"2,E",49.5,",,,E",2.196,"2,E",2.7239999999999998,"2,,,E",1.668,",,,E"
AGE00147718,1927-11-01,34.85,5.72,125.0,"BISKRA, AG",,,,,5.0,"4,E",3.0,"4,E",0.0,"4,E",0.0,"4,E",0.0,"4,E",0.0,"4,E",11.0,"4,E",0.0,"4,E",19271117.0,",4,E",19271125.0,",4,E",19271109.0,",4,E",5.0,"4,E,17,",5.2,"4,,E,25,",27.0,"4,E,09,",,,,,14.3,"4,,,E",1.6620000000000001,"8,E",2.127,"4,,,E",1.1960000000000002,"4,,,E"
AGE00147718,1928-02-01,34.85,5.72,125.0,"BISKRA, AG",,,0.2,"3,E",0.0,",E",0.0,",E",0.0,",E",0.0,",E",0.0,",E",0.0,"3,E",7.0,"3,E",0.0,"3,E",19280211.0,"+,,E",19280229.0,"+,,E",19280218.0,"+,3,E",4.0,",E,11,+",0.0,",,E,29,+",25.0,"3,E,18,+",,,105.3,"3,E",0.0,",,,E",1.409,"3,E",1.938,"3,,,E",0.8789999999999999,",,,E"
AGE00147718,1928-03-01,34.85,5.72,125.0,"BISKRA, AG",,,6.8,"4,E",7.0,",E",3.0,",E",0.0,",E",0.0,",E",0.0,",E",0.0,"4,E",10.0,"4,E",0.0,"4,E",19280319.0,",,E",19280309.0,",,E",19280331.0,",4,E",4.0,",E,19,",9.7,",,E,09,",30.0,"4,E,31,",,,69.8,"4,E",20.1,",,,E",1.599,"4,E",2.104,"4,,,E",1.0939999999999999,",,,E"
AGE00147718,1928-04-01,34.85,5.72,125.0,"BISKRA, AG",,,85.2,"4,E",0.0,"1,E",0.0,"1,E",0.0,"1,E",0.0,"2,E",0.0,"2,E",0.0,"3,E",24.0,"3,E",2.0,"3,E",19280424.0,",2,E",19280430.0,"+,1,E",19280419.0,",3,E",9.0,"2,E,24,",0.0,"1,,E,30,+",35.0,"3,E,19,",,,8.8,"3,E",0.0,"1,,,E",2.1350000000000002,"4,E",2.744,"3,,,E",1.525,"2,,,E"
AGE00147718,1928-05-01,34.85,5.72,125.0,"BISKRA, AG",,,152.0,"3,E",0.0,",E",0.0,",E",0.0,",E",0.0,"1,E",0.0,"1,E",0.0,"3,E",28.0,"3,E",4.0,"3,E",19280508.0,"+,1,E",19280531.0,"+,,E",19280531.0,",3,E",14.0,"1,E,08,+",0.0,",,E,31,+",38.0,"3,E,31,",,,0.3,"3,E",0.0,",,,E",2.382,"3,E",2.964,"3,,,E",1.8,"1,,,E"
AGE00147718,1928-07-01,34.85,5.72,125.0,"BISKRA, AG",,,,,2.0,"3,E",0.0,"3,E",0.0,"3,E",0.0,"4,E",0.0,"4,E",0.0,"5,E",26.0,"5,E",26.0,"5,E",19280715.0,",4,E",19280714.0,",3,E",19280731.0,",5,E",21.0,"4,E,15,",2.3,"3,,E,14,",47.0,"5,E,31,",,,,,2.8,"3,,,E",3.2880000000000003,"8,E",3.942,"5,,,E",2.633,"4,,,E"
AGE00147718,1928-08-01,34.85,5.72,125.0,"BISKRA, AG",,,475.0,"1,E",1.0,",E",1.0,",E",0.0,",E",0.0,",E",0.0,",E",0.0,"1,E",30.0,"1,E",30.0,"1,E",19280819.0,",,E",19280825.0,",,E",19280828.0,"+,1,E",25.0,",E,19,",9.6,",,E,25,",44.0,"1,E,28,+",,,0.0,"1,E",9.6,",,,E",3.4200000000000004,"1,E",4.04,"1,,,E",2.8,",,,E"
AGE00147718,1928-09-01,34.85,5.72,125.0,"BISKRA, AG",,,,,0.0,",E",0.0,",E",0.0,",E",0.0,"1,E",0.0,"1,E",0.0,"5,E",25.0,"5,E",20.0,"5,E",19280923.0,"+,1,E",19280930.0,"+,,E",19280903.0,",5,E",20.0,"1,E,23,+",0.0,",,E,30,+",40.0,"5,E,03,",,,,,0.0,",,,E",2.926,"6,E",3.496,"5,,,E",2.355,"1,,,E"
AGE00147718,1928-10-01,34.85,5.72,125.0,"BISKRA, AG",,,143.7,"2,E",5.0,",E",3.0,",E",0.0,",E",0.0,",E",0.0,",E",0.0,"2,E",26.0,"2,E",5.0,"2,E",19281031.0,",,E",19281029.0,"+,,E",19281001.0,",2,E",12.0,",E,31,",5.5,",,E,29,+",38.0,"2,E,01,",,,4.3,"2,E",18.6,",,,E",2.32,"2,E",2.807,"2,,,E",1.832,",,,E"
AGE00147718,1928-11-01,34.85,5.72,125.0,"BISKRA, AG",,,,,2.0,"3,E",0.0,"3,E",0.0,"3,E",0.0,"3,E",0.0,"3,E",0.0,"3,E",14.0,"3,E",0.0,"3,E",19281130.0,",3,E",19281107.0,",3,E",19281127.0,"+,3,E",7.0,"3,E,30,",1.6,"3,,E,07,",25.0,"3,E,27,+",,,,,2.3,"3,,,E",1.58,"6,E",2.081,"3,,,E",1.0779999999999998,"3,,,E"
AGE00147718,1928-12-01,34.85,5.72,125.0,"BISKRA, AG",,,,,2.0,"2,E",1.0,"2,E",0.0,"2,E",0.0,"3,E",0.0,"3,E",0.0,"2,E",1.0,"2,E",0.0,"2,E",19281221.0,"+,3,E",19281210.0,",2,E",19281215.0,",2,E",4.0,"3,E,21,+",2.8,"2,,E,10,",22.0,"2,E,15,",,,,,4.8,"2,,,E",1.166,"5,E",1.6309999999999998,"2,,,E",0.7,"3,,,E"
AGE00147718,1929-01-01,34.85,5.72,125.0,"BISKRA, AG",,,,,3.0,"3,E",2.0,"3,E",0.0,"3,E",0.0,"4,E",0.0,"4,E",0.0,"3,E",0.0,"3,E",0.0,"3,E",19290121.0,"+,4,E",19290115.0,",3,E",19290131.0,",3,E",2.0,"4,E,21,+",3.2,"3,,E,15,",19.0,"3,E,31,",,,,,7.5,"3,,,E",0.978,"7,E",1.475,"3,,,E",0.481,"4,,,E"
AGE00147718,1929-02-01,34.85,5.72,125.0,"BISKRA, AG",,,0.0,"3,E",4.0,",E",2.0,",E",0.0,",E",0.0,"2,E",0.0,"2,E",0.0,"1,E",2.0,"1,E",0.0,"1,E",19290209.0,",2,E",19290203.0,",,E",19290228.0,"+,1,E",3.0,"2,E,09,",12.8,",,E,03,",22.0,"1,E,28,+",,,150.8,"1,E",19.3,",,,E",1.232,"3,E",1.748,"1,,,E",0.7150000000000001,"2,,,E"
AGE00147718,1929-03-01,34.85,5.72,125.0,"BISKRA, AG",,,3.5,"4,E",6.0,",E",3.0,",E",0.0,",E",0.0,"3,E",0.0,"3,E",0.0,"1,E",8.0,"1,E",0.0,"1,E",19290303.0,"+,3,E",19290325.0,",,E",19290311.0,",1,E",6.0,"3,E,03,+",17.5,",,E,25,",27.0,"1,E,11,",,,70.5,"1,E",31.5,",,,E",1.585,"4,E",2.0629999999999997,"1,,,E",1.107,"3,,,E"
AGE00147718,1929-04-01,34.85,5.72,125.0,"BISKRA, AG",,,77.5,"3,E",0.0,"1,E",0.0,"1,E",0.0,"1,E",0.0,"1,E",0.0,"1,E",0.0,"2,E",23.0,"2,E",2.0,"2,E",19290408.0,"+,1,E",19290430.0,"+,1,E",19290426.0,",2,E",8.0,"1,E,08,+",0.0,"1,,E,30,+",34.0,"2,E,26,",,,18.5,"2,E",0.0,"1,,,E",2.0629999999999997,"3,E",2.657,"2,,,E",1.4689999999999999,"1,,,E"
AGE00147718,1929-05-01,34.85,5.72,125.0,"BISKRA, AG",,,176.5,"1,E",4.0,",E",3.0,",E",0.0,",E",0.0,"1,E",0.0,"1,E",0.0,",E",31.0,",E",10.0,",E",19290502.0,",1,E",19290525.0,",,E",19290530.0,",,E",13.0,"1,E,02,",9.5,",,E,25,",37.0,",E,30,",,,0.0,",E",20.0,",,,E",2.428,"1,E",3.0420000000000003,",,,E",1.813,"1,,,E"
AGE00147718,1929-06-01,34.85,5.72,125.0,"BISKRA, AG",,,329.5,",E",4.0,",E",3.0,",E",0.0,",E",0.0,",E",0.0,",E",0.0,",E",30.0,",E",28.0,",E",19290603.0,",,E",19290621.0,",,E",19290630.0,",,E",18.0,",E,03,",8.6,",,E,21,",42.0,",E,30,",,,0.0,",E",17.8,",,,E",2.932,",E",3.5469999999999997,",,,E",2.317,",,,E"
AGE00147718,1929-07-01,34.85,5.72,125.0,"BISKRA, AG",,,426.0,"1,E",1.0,",E",0.0,",E",0.0,",E",0.0,",E",0.0,",E",0.0,"1,E",30.0,"1,E",30.0,"1,E",19290703.0,",,E",19290716.0,",,E",19290703.0,",1,E",21.0,",E,03,",1.8,",,E,16,",45.0,"1,E,03,",0.0,E,0.0,"1,E",1.8,",,,E",3.249,"1,E",3.9170000000000003,"1,,,E",2.581,",,,E"
AGE00147718,1929-08-01,34.85,5.72,125.0,"BISKRA, AG",,,351.8,"5,E",0.0,"3,E",0.0,"3,E",0.0,"3,E",0.0,"3,E",0.0,"3,E",0.0,"4,E",27.0,"4,E",26.0,"4,E",19290826.0,"+,3,E",19290831.0,"+,3,E",19290803.0,"+,4,E",21.0,"3,E,26,+",0.0,"3,,E,31,+",44.0,"4,E,03,+",0.0,E,0.0,"4,E",0.0,"3,,,E",3.189,"5,E",3.793,"4,,,E",2.586,"3,,,E"
AGE00147718,1929-10-01,34.85,5.72,125.0,"BISKRA, AG",,,,,4.0,"2,E",0.0,"2,E",0.0,"2,E",0.0,"3,E",0.0,"3,E",0.0,"4,E",26.0,"4,E",1.0,"4,E",19291030.0,",3,E",19291020.0,",2,E",19291016.0,",4,E",10.0,"3,E,30,",2.2,"2,,E,20,",34.0,"4,E,16,",,,,,6.5,"2,,,E",2.114,"7,E",2.67,"4,,,E",1.557,"3,,,E"
AGE00147718,1929-11-01,34.85,5.72,125.0,"BISKRA, AG",,,0.0,"4,E",2.0,"2,E",2.0,"2,E",0.0,"2,E",0.0,"2,E",0.0,"2,E",0.0,"3,E",8.0,"3,E",0.0,"3,E",19291126.0,",2,E",19291104.0,",2,E",19291129.0,"+,3,E",6.0,"2,E,26,",15.2,"2,,E,04,",23.0,"3,E,29,+",,,76.7,"3,E",19.0,"2,,,E",1.54,"4,E",2.052,"3,,,E",1.029,"2,,,E"
AGE00147718,1929-12-01,34.85,5.72,125.0,"BISKRA, AG",,,0.7,",E",2.0,",E",1.0,",E",0.0,",E",0.0,",E",0.0,",E",0.0,",E",3.0,",E",0.0,",E",19291220.0,",,E",19291222.0,",,E",19291213.0,",,E",4.0,",E,20,",5.4,",,E,22,",27.0,",E,13,",,,137.0,",E",6.7,",,,E",1.394,",E",1.935,",,,E",0.852,",,,E"
AGE00147718,1930-01-01,34.85,5.72,125.0,"BISKRA, AG",,,,,2.0,"1,E",1.0,"1,E",0.0,"1,E",0.0,"4,E",0.0,"4,E",0.0,"4,E",1.0,"4,E",0.0,"4,E",19300104.0,",4,E",19300126.0,",1,E",19300116.0,",4,E",4.0,"4,E,04,",12.1,"1,,E,26,",22.0,"4,E,16,",,,,,12.5,"1,,,E",1.185,"8,E",1.6440000000000001,"4,,,E",0.726,"4,,,E"
AGE00147718,1930-02-01,34.85,5.72,125.0,"BISKRA, AG",,,0.0,"5,E",3.0,"2,E",1.0,"2,E",0.0,"2,E",0.0,"1,E",0.0,"1,E",0.0,"4,E",0.0,"4,E",0.0,"4,E",19300220.0,",1,E",19300215.0,",2,E",19300227.0,"+,4,E",4.0,"1,E,20,",7.6,"2,,E,15,",20.0,"4,E,27,+",,,139.7,"4,E",8.3,"2,,,E",1.231,"5,E",1.6670000000000003,"4,,,E",0.796,"1,,,E"
AGE00147718,1930-03-01,34.85,5.72,125.0,"BISKRA, AG",,,,,1.0,"1,E",0.0,"1,E",0.0,"1,E",0.0,"4,E",0.0,"4,E",0.0,"2,E",19.0,"2,E",0.0,"2,E",19300306.0,",4,E",19300318.0,",1,E",19300323.0,",2,E",8.0,"4,E,06,",2.1,"1,,E,18,",29.0,"2,E,23,",,,,,2.1,"1,,,E",1.7890000000000001,"6,E",2.348,"2,,,E",1.23,"4,,,E"
AGE00147718,1930-04-01,34.85,5.72,125.0,"BISKRA, AG",,,64.7,"1,E",2.0,",E",1.0,",E",0.0,",E",0.0,",E",0.0,",E",0.0,"1,E",21.0,"1,E",1.0,"1,E",19300418.0,"+,,E",19300407.0,",,E",19300424.0,",1,E",9.0,",E,18,+",14.3,",,E,07,",33.0,"1,E,24,",,,30.8,"1,E",15.2,",,,E",1.951,"1,E",2.4899999999999998,"1,,,E",1.413,",,,E"
AGE00147718,1930-05-01,34.85,5.72,125.0,"BISKRA, AG",,,184.5,"3,E",2.0,"1,E",2.0,"1,E",0.0,"1,E",0.0,"1,E",0.0,"1,E",0.0,"2,E",28.0,"2,E",12.0,"2,E",19300512.0,",1,E",19300524.0,",1,E",19300521.0,",2,E",13.0,"1,E,12,",15.6,"1,,E,24,",39.0,"2,E,21,",,,0.3,"2,E",20.3,"1,,,E",2.492,"3,E",3.114,"2,,,E",1.8699999999999999,"1,,,E"
AGE00147718,1930-06-01,34.85,5.72,125.0,"BISKRA, AG",,,290.8,"4,E",1.0,"2,E",1.0,"2,E",0.0,"2,E",0.0,"2,E",0.0,"2,E",0.0,"2,E",28.0,"2,E",24.0,"2,E",19300621.0,",2,E",19300601.0,",2,E",19300630.0,",2,E",20.0,"2,E,21,",21.1,"2,,E,01,",43.0,"2,E,30,",,,0.0,"2,E",21.2,"2,,,E",2.971,"4,E",3.582,"2,,,E",2.3609999999999998,"2,,,E"
AGE00147718,1930-09-01,34.85,5.72,125.0,"BISKRA, AG",,,270.3,"4,E",1.0,",E",0.0,",E",0.0,",E",0.0,"1,E",0.0,"1,E",0.0,"3,E",27.0,"3,E",20.0,"3,E",19300916.0,"+,1,E",19300927.0,",,E",19300930.0,"+,3,E",18.0,"1,E,16,+",0.8,",,E,27,",38.0,"3,E,30,+",,,0.0,"3,E",0.8,",,,E",2.8649999999999998,"4,E",3.4479999999999995,"3,,,E",2.283,"1,,,E"
AGE00147718,1930-10-01,34.85,5.72,125.0,"BISKRA, AG",,,183.3,"1,E",0.0,",E",0.0,",E",0.0,",E",0.0,",E",0.0,",E",0.0,"1,E",30.0,"1,E",10.0,"1,E",19301028.0,",,E",19301031.0,"+,,E",19301001.0,",1,E",9.0,",E,28,",0.0,",,E,31,+",38.0,"1,E,01,",,,0.8,"1,E",0.0,",,,E",2.425,"1,E",2.98,"1,,,E",1.871,",,,E"
AGE00147718,1930-11-01,34.85,5.72,125.0,"BISKRA, AG",,,19.2,"3,E",0.0,",E",0.0,",E",0.0,",E",0.0,",E",0.0,",E",0.0,"3,E",25.0,"3,E",0.0,"3,E",19301119.0,",,E",19301130.0,"+,,E",19301108.0,",3,E",5.0,",E,19,",0.0,",,E,30,+",30.0,"3,E,08,",,,39.7,"3,E",0.0,",,,E",1.766,"3,E",2.381,"3,,,E",1.15,",,,E"
AGE00147718,1930-12-01,34.85,5.72,125.0,"BISKRA, AG",,,,,4.0,"1,E",2.0,"1,E",0.0,"1,E",0.0,"2,E",0.0,"2,E",0.0,"3,E",7.0,"3,E",0.0,"3,E",19301217.0,",2,E",19301225.0,",1,E",19301204.0,",3,E",5.0,"2,E,17,",15.3,"1,,E,25,",27.0,"3,E,04,",,,,,28.6,"1,,,E",1.417,"5,E",1.811,"3,,,E",1.024,"2,,,E"
AGE00147718,1931-02-01,34.85,5.72,125.0,"BISKRA, AG",,,0.0,"2,E",2.0,"1,E",2.0,"1,E",0.0,"1,E",0.0,"1,E",0.0,"1,E",0.0,"1,E",0.0,"1,E",0.0,"1,E",19310217.0,",1,E",19310204.0,",1,E",19310213.0,"+,1,E",3.0,"1,E,17,",8.0,"1,,E,04,",20.0,"1,E,13,+",,,168.2,"1,E",15.8,"1,,,E",1.178,"2,E",1.656,"1,,,E",0.7,"1,,,E"
AGE00147718,1931-03-01,34.85,5.72,125.0,"BISKRA, AG",,,45.5,"1,E",1.0,",E",1.0,",E",0.0,",E",0.0,",E",0.0,",E",0.0,"1,E",29.0,"1,E",0.0,"1,E",19310302.0,"+,,E",19310316.0,",,E",19310312.0,"+,1,E",8.0,",E,02,+",6.2,",,E,16,",31.0,"1,E,12,+",,,12.0,"1,E",6.2,",,,E",1.936,"1,E",2.537,"1,,,E",1.335,",,,E"
AGE00147718,1931-05-01,34.85,5.72,125.0,"BISKRA, AG",,,203.7,"3,E",3.0,",E",2.0,",E",0.0,",E",0.0,"2,E",0.0,"2,E",0.0,"1,E",30.0,"1,E",12.0,"1,E",19310512.0,"+,2,E",19310529.0,",,E",19310525.0,",1,E",14.0,"2,E,12,+",11.2,",,E,29,",40.0,"1,E,25,",,,0.0,"1,E",18.7,",,,E",2.565,"3,E",3.213,"1,,,E",1.9170000000000003,"2,,,E"
AGE00147718,1931-06-01,34.85,5.72,125.0,"BISKRA, AG",,,,,0.0,"4,E",0.0,"4,E",0.0,"4,E",0.0,"5,E",0.0,"5,E",0.0,"4,E",26.0,"4,E",25.0,"4,E",19310605.0,",5,E",19310630.0,"+,4,E",19310629.0,",4,E",21.0,"5,E,05,",0.0,"4,,E,30,+",46.0,"4,E,29,",,,,,0.0,"4,,,E",3.3729999999999998,"9,E",4.05,"4,,,E",2.696,"5,,,E"
AGE00147718,1931-07-01,34.85,5.72,125.0,"BISKRA, AG",,,,,0.0,"4,E",0.0,"4,E",0.0,"4,E",0.0,"4,E",0.0,"4,E",0.0,"5,E",26.0,"5,E",26.0,"5,E",19310725.0,",4,E",19310731.0,"+,4,E",19310709.0,",5,E",20.0,"4,E,25,",0.0,"4,,E,31,+",48.0,"5,E,09,",,,,,0.0,"4,,,E",3.504,"8,E",4.208,"5,,,E",2.8,"4,,,E"
AGE00147718,1931-10-01,34.85,5.72,125.0,"BISKRA, AG",,,125.5,"2,E",2.0,",E",2.0,",E",0.0,",E",0.0,"1,E",0.0,"1,E",0.0,"1,E",28.0,"1,E",2.0,"1,E",19311029.0,"+,1,E",19311026.0,"+,,E",19311014.0,",1,E",11.0,"1,E,29,+",6.2,",,E,26,+",38.0,"1,E,14,",,,2.2,"1,E",12.4,",,,E",2.257,"2,E",2.7969999999999997,"1,,,E",1.717,"1,,,E"
AGE00147718,1931-11-01,34.85,5.72,125.0,"BISKRA, AG",,,16.5,",E",3.0,",E",1.0,",E",0.0,",E",0.0,",E",0.0,",E",0.0,",E",22.0,",E",0.0,",E",19311127.0,"+,,E",19311119.0,",,E",19311111.0,",,E",9.0,",E,27,+",11.2,",,E,19,",28.0,",E,11,",,,34.0,",E",13.4,",,,E",1.775,",E",2.2800000000000002,",,,E",1.27,",,,E"
AGE00147718,1931-12-01,34.85,5.72,125.0,"BISKRA, AG",,,0.0,"3,E",5.0,"1,E",4.0,"1,E",0.0,"1,E",0.0,"2,E",1.0,"2,E",0.0,"1,E",0.0,"1,E",0.0,"1,E",19311223.0,",2,E",19311208.0,",1,E",19311205.0,",1,E",-1.0,"2,E,23,",16.1,"1,,E,08,",21.0,"1,E,05,",,,217.3,"1,E",31.4,"1,,,E",1.0619999999999998,"3,E",1.503,"1,,,E",0.621,"2,,,E"
AGE00147718,1932-01-01,34.85,5.72,125.0,"BISKRA, AG",0.0,E,0.0,"2,E",4.0,"1,E",2.0,"1,E",0.0,"1,E",0.0,"1,E",1.0,"1,E",0.0,"1,E",0.0,"1,E",0.0,"1,E",19320101.0,",1,E",19320111.0,",1,E",19320115.0,"+,1,E",0.0,"1,E,01,",13.5,"1,,E,11,",19.0,"1,E,15,+",,,222.2,"1,E",25.3,"1,,,E",1.0630000000000002,"2,E",1.5630000000000002,"1,,,E",0.563,"1,,,E"
AGE00147718,1932-02-01,34.85,5.72,125.0,"BISKRA, AG",0.0,E,0.0,"4,E",6.0,"1,E",4.0,"1,E",1.0,"1,E",0.0,"1,E",0.0,"1,E",0.0,"3,E",2.0,"3,E",0.0,"3,E",19320203.0,",1,E",19320220.0,",1,E",19320213.0,",3,E",1.0,"1,E,03,",76.8,"1,,E,20,",24.0,"3,E,13,",,,183.8,"3,E",105.5,"1,,,E",1.107,"4,E",1.588,"3,,,E",0.625,"1,,,E"
AGE00147718,1932-03-01,34.85,5.72,125.0,"BISKRA, AG",,,,,4.0,"2,E",4.0,"2,E",0.0,"2,E",0.0,"3,E",0.0,"3,E",0.0,"4,E",15.0,"4,E",0.0,"4,E",19320309.0,"+,3,E",19320316.0,",2,E",19320331.0,",4,E",7.0,"3,E,09,+",15.2,"2,,E,16,",29.0,"4,E,31,",,,,,32.5,"2,,,E",1.584,"6,E",2.104,"4,,,E",1.064,"3,,,E"
AGE00147718,1932-04-01,34.85,5.72,125.0,"BISKRA, AG",,,71.0,"1,E",1.0,",E",1.0,",E",0.0,",E",0.0,"1,E",0.0,"1,E",0.0,",E",29.0,",E",2.0,",E",19320415.0,",1,E",19320424.0,",,E",19320430.0,",,E",9.0,"1,E,15,",4.2,",,E,24,",34.0,",E,30,",,,7.2,",E",4.2,",,,E",2.04,"1,E",2.6870000000000003,",,,E",1.393,"1,,,E"
AGE00147718,1932-05-01,34.85,5.72,125.0,"BISKRA, AG",,,205.5,"4,E",2.0,"1,E",2.0,"1,E",0.0,"1,E",0.0,"2,E",0.0,"2,E",0.0,"2,E",29.0,"2,E",16.0,"2,E",19320518.0,",2,E",19320524.0,",1,E",19320523.0,"+,2,E",12.0,"2,E,18,",8.8,"1,,E,24,",36.0,"2,E,23,+",,,0.0,"2,E",12.0,"1,,,E",2.605,"4,E",3.21,"2,,,E",2.0,"2,,,E"
AGE00147718,1932-06-01,34.85,5.72,125.0,"BISKRA, AG",,,310.5,"3,E",0.0,"1,E",0.0,"1,E",0.0,"1,E",0.0,"1,E",0.0,"1,E",0.0,"2,E",28.0,"2,E",27.0,"2,E",19320617.0,"+,1,E",19320630.0,"+,1,E",19320620.0,",2,E",20.0,"1,E,17,+",0.0,"1,,E,30,+",42.0,"2,E,20,",,,0.0,"2,E",0.0,"1,,,E",2.991,"3,E",3.65,"2,,,E",2.331,"1,,,E"
AGE00147718,1932-07-01,34.85,5.72,125.0,"BISKRA, AG",,,,,0.0,"2,E",0.0,"2,E",0.0,"2,E",0.0,"3,E",0.0,"3,E",0.0,"3,E",28.0,"3,E",28.0,"3,E",19320726.0,",3,E",19320731.0,"+,2,E",19320728.0,",3,E",18.0,"3,E,26,",0.0,"2,,E,31,+",45.0,"3,E,28,",,,,,0.0,"2,,,E",3.1550000000000002,"6,E",3.843,"3,,,E",2.468,"3,,,E"
AGE00147718,1932-08-01,34.85,5.72,125.0,"BISKRA, AG",,,333.3,"5,E",0.0,"2,E",0.0,"2,E",0.0,"2,E",0.0,"2,E",0.0,"2,E",0.0,"3,E",28.0,"3,E",28.0,"3,E",19320811.0,",2,E",19320831.0,"+,2,E",19320818.0,",3,E",15.0,"2,E,11,",0.0,"2,,E,31,+",42.0,"3,E,18,",,,0.0,"3,E",0.0,"2,,,E",3.121,"5,E",3.746,"3,,,E",2.497,"2,,,E"
AGE00147718,1932-09-01,34.85,5.72,125.0,"BISKRA, AG",,,330.8,"1,E",2.0,",E",2.0,",E",0.0,",E",0.0,",E",0.0,",E",0.0,"1,E",29.0,"1,E",25.0,"1,E",19320929.0,",,E",19320928.0,",,E",19320910.0,",1,E",16.0,",E,29,",24.5,",,E,28,",42.0,"1,E,10,",,,0.0,"1,E",30.5,",,,E",2.9699999999999998,"1,E",3.5789999999999997,"1,,,E",2.3600000000000003,",,,E"
AGE00147718,1932-10-01,34.85,5.72,125.0,"BISKRA, AG",,,127.2,"5,E",4.0,"2,E",1.0,"2,E",0.0,"2,E",0.0,"2,E",0.0,"2,E",0.0,"4,E",26.0,"4,E",7.0,"4,E",19321029.0,",2,E",19321013.0,",2,E",19321002.0,",4,E",11.0,"2,E,29,",8.1,"2,,E,13,",35.0,"4,E,02,",,,1.8,"4,E",11.2,"2,,,E",2.307,"5,E",2.804,"4,,,E",1.81,"2,,,E"
AGE00147718,1932-11-01,34.85,5.72,125.0,"BISKRA, AG",,,6.7,"5,E",4.0,"2,E",3.0,"2,E",0.0,"2,E",0.0,"2,E",0.0,"2,E",0.0,"3,E",9.0,"3,E",0.0,"3,E",19321129.0,",2,E",19321110.0,",2,E",19321105.0,"+,3,E",8.0,"2,E,29,",9.5,"2,,E,10,",26.0,"3,E,05,+",,,63.0,"3,E",22.8,"2,,,E",1.585,"5,E",2.07,"3,,,E",1.1,"2,,,E"
AGE00147718,1932-12-01,34.85,5.72,125.0,"BISKRA, AG",,,0.0,"5,E",6.0,"1,E",4.0,"1,E",0.0,"1,E",0.0,"3,E",0.0,"3,E",0.0,"3,E",2.0,"3,E",0.0,"3,E",19321231.0,"+,3,E",19321216.0,",1,E",19321207.0,"+,3,E",5.0,"3,E,31,+",24.7,"1,,E,16,",22.0,"3,E,07,+",,,145.2,"3,E",55.5,"1,,,E",1.266,"5,E",1.721,"3,,,E",0.8109999999999999,"3,,,E"
AGE00147718,1933-02-01,34.85,5.72,125.0,"BISKRA, AG",,,0.7,"1,E",3.0,",E",3.0,",E",0.0,",E",0.0,"1,E",0.0,"1,E",0.0,"1,E",8.0,"1,E",0.0,"1,E",19330221.0,",1,E",19330228.0,",,E",19330210.0,",1,E",2.0,"1,E,21,",5.9,",,E,28,",28.0,"1,E,10,",,,147.7,"1,E",15.7,",,,E",1.2890000000000001,"1,E",1.826,"1,,,E",0.752,"1,,,E"
AGE00147718,1933-03-01,34.85,5.72,125.0,"BISKRA, AG",,,1.7,",E",9.0,",E",6.0,",E",0.0,",E",0.0,",E",0.0,",E",0.0,",E",11.0,",E",0.0,",E",19330309.0,",,E",19330313.0,",,E",19330321.0,",,E",7.0,",E,09,",19.3,",,E,13,",26.0,",E,21,",,,82.0,",E",63.0,",,,E",1.574,",E",2.055,",,,E",1.0939999999999999,",,,E"
AGE00147718,1933-04-01,34.85,5.72,125.0,"BISKRA, AG",,,61.3,"1,E",1.0,",E",1.0,",E",0.0,",E",0.0,"1,E",0.0,"1,E",0.0,",E",28.0,",E",0.0,",E",19330424.0,"+,1,E",19330410.0,",,E",19330430.0,",,E",11.0,"1,E,24,+",7.0,",,E,10,",32.0,",E,30,",,,6.0,",E",7.0,",,,E",2.025,"1,E",2.66,",,,E",1.3900000000000001,"1,,,E"
AGE00147718,1933-06-01,34.85,5.72,125.0,"BISKRA, AG",,,226.2,"5,E",1.0,"1,E",1.0,"1,E",0.0,"1,E",0.0,"1,E",0.0,"1,E",0.0,"4,E",26.0,"4,E",16.0,"4,E",19330610.0,",1,E",19330618.0,",1,E",19330626.0,",4,E",13.0,"1,E,10,",3.2,"1,,E,18,",41.0,"4,E,26,",,,0.0,"4,E",3.2,"1,,,E",2.756,"5,E",3.346,"4,,,E",2.166,"1,,,E"
AGE00147718,1933-08-01,34.85,5.72,125.0,"BISKRA, AG",,,383.3,"5,E",1.0,"2,E",1.0,"2,E",0.0,"2,E",0.0,"2,E",0.0,"2,E",0.0,"3,E",28.0,"3,E",28.0,"3,E",19330808.0,",2,E",19330827.0,",2,E",19330801.0,",3,E",18.0,"2,E,08,",14.6,"2,,E,27,",49.0,"3,E,01,",,,0.0,"3,E",14.6,"2,,,E",3.2990000000000004,"5,E",4.036,"3,,,E",2.5620000000000003,"2,,,E"
AGE00147718,1933-09-01,34.85,5.72,125.0,"BISKRA, AG",,,312.3,"1,E",0.0,",E",0.0,",E",0.0,",E",0.0,",E",0.0,",E",0.0,"1,E",29.0,"1,E",24.0,"1,E",19330923.0,",,E",19330930.0,"+,,E",19330916.0,",1,E",16.0,",E,23,",0.0,",,E,30,+",42.0,"1,E,16,",,,0.0,"1,E",0.0,",,,E",2.898,"1,E",3.4829999999999997,"1,,,E",2.3129999999999997,",,,E"
AGE00147718,1933-10-01,34.85,5.72,125.0,"BISKRA, AG",,,176.8,"2,E",3.0,",E",2.0,",E",0.0,",E",0.0,",E",0.0,",E",0.0,"2,E",27.0,"2,E",13.0,"2,E",19331002.0,",,E",19331031.0,",,E",19331005.0,",2,E",8.0,",E,02,",10.5,",,E,31,",37.0,"2,E,05,",,,0.0,"2,E",17.9,",,,E",2.446,"2,E",2.9899999999999998,"2,,,E",1.903,",,,E"
AGE00147718,1933-11-01,34.85,5.72,125.0,"BISKRA, AG",,,2.3,"3,E",8.0,",E",7.0,",E",1.0,",E",0.0,"2,E",0.0,"2,E",0.0,"1,E",7.0,"1,E",0.0,"1,E",19331113.0,",2,E",19331129.0,",,E",19331119.0,"+,1,E",4.0,"2,E,13,",45.0,",,E,29,",26.0,"1,E,19,+",,,99.8,"1,E",100.0,",,,E",1.467,"3,E",1.921,"1,,,E",1.014,"2,,,E"
AGE00147718,1934-01-01,34.85,5.72,125.0,"BISKRA, AG",0.0,E,0.0,"1,E",3.0,",E",1.0,",E",0.0,",E",0.0,",E",0.0,",E",0.0,"1,E",0.0,"1,E",0.0,"1,E",19340106.0,"+,,E",19340106.0,",,E",19340120.0,"+,1,E",3.0,",E,06,+",15.2,",,E,06,",19.0,"1,E,20,+",,,233.0,"1,E",17.7,",,,E",1.057,"1,E",1.51,"1,,,E",0.603,",,,E"
AGE00147718,1934-02-01,34.85,5.72,125.0,"BISKRA, AG",0.0,E,0.0,"5,E",0.0,"1,E",0.0,"1,E",0.0,"1,E",0.0,"2,E",0.0,"2,E",0.0,"3,E",1.0,"3,E",0.0,"3,E",19340203.0,",2,E",19340228.0,"+,1,E",19340211.0,",3,E",3.0,"2,E,03,",0.0,"1,,E,28,+",25.0,"3,E,11,",,,151.7,"3,E",0.0,"1,,,E",1.184,"5,E",1.6600000000000001,"3,,,E",0.708,"2,,,E"
AGE00147718,1934-03-01,34.85,5.72,125.0,"BISKRA, AG",0.0,E,0.0,"4,E",5.0,"1,E",3.0,"1,E",0.0,"1,E",0.0,"1,E",0.0,"1,E",0.0,"3,E",5.0,"3,E",0.0,"3,E",19340302.0,",1,E",19340325.0,",1,E",19340331.0,"+,3,E",2.0,"1,E,02,",10.8,"1,,E,25,",23.0,"3,E,31,+",,,127.0,"3,E",24.7,"1,,,E",1.356,"4,E",1.871,"3,,,E",0.8400000000000001,"1,,,E"
AGE00147718,1934-06-01,34.85,5.72,125.0,"BISKRA, AG",,,333.5,"3,E",3.0,",E",1.0,",E",0.0,",E",0.0,"1,E",0.0,"1,E",0.0,"2,E",28.0,"2,E",27.0,"2,E",19340617.0,",1,E",19340610.0,",,E",19340626.0,",2,E",19.0,"1,E,17,",6.1,",,E,10,",43.0,"2,E,26,",,,0.0,"2,E",9.0,",,,E",3.069,"3,E",3.7039999999999997,"2,,,E",2.434,"1,,,E"
AGE00147718,1934-07-01,34.85,5.72,125.0,"BISKRA, AG",,,,,0.0,"2,E",0.0,"2,E",0.0,"2,E",0.0,"2,E",0.0,"2,E",0.0,"4,E",27.0,"4,E",27.0,"4,E",19340729.0,"+,2,E",19340731.0,"+,2,E",19340721.0,"+,4,E",21.0,"2,E,29,+",0.0,"2,,E,31,+",46.0,"4,E,21,+",,,,,0.0,"2,,,E",3.3049999999999997,"6,E",4.037,"4,,,E",2.572,"2,,,E"
AGE00147718,1934-08-01,34.85,5.72,125.0,"BISKRA, AG",,,,,0.0,"3,E",0.0,"3,E",0.0,"3,E",0.0,"5,E",0.0,"5,E",0.0,"5,E",26.0,"5,E",25.0,"5,E",19340825.0,",5,E",19340831.0,"+,3,E",19340801.0,",5,E",20.0,"5,E,25,",0.0,"3,,E,31,+",43.0,"5,E,01,",,,,,0.0,"3,,,E",3.279,"9,E",3.8649999999999998,"5,,,E",2.692,"5,,,E"
AGE00147718,1934-09-01,34.85,5.72,125.0,"BISKRA, AG",,,,,3.0,"3,E",2.0,"3,E",0.0,"3,E",0.0,"4,E",0.0,"4,E",0.0,"4,E",26.0,"4,E",15.0,"4,E",19340922.0,"+,4,E",19340930.0,",3,E",19340906.0,",4,E",18.0,"4,E,22,+",12.0,"3,,E,30,",39.0,"4,E,06,",,,,,21.2,"3,,,E",2.746,"8,E",3.2729999999999997,"4,,,E",2.2190000000000003,"4,,,E"
AGE00147718,1934-11-01,34.85,5.72,125.0,"BISKRA, AG",,,,,6.0,"3,E",4.0,"3,E",0.0,"3,E",0.0,"3,E",0.0,"3,E",0.0,"4,E",8.0,"4,E",0.0,"4,E",19341124.0,",3,E",19341114.0,",3,E",19341103.0,",4,E",7.0,"3,E,24,",13.3,"3,,E,14,",27.0,"4,E,03,",,,,,39.6,"3,,,E",1.6039999999999999,"7,E",2.008,"4,,,E",1.2,"3,,,E"
AGE00147718,1934-12-01,34.85,5.72,125.0,"BISKRA, AG",,,0.0,"3,E",0.0,"2,E",0.0,"2,E",0.0,"2,E",0.0,"2,E",0.0,"2,E",0.0,"2,E",4.0,"2,E",0.0,"2,E",19341229.0,",2,E",19341231.0,"+,2,E",19341227.0,",2,E",5.0,"2,E,29,",0.0,"2,,E,31,+",26.0,"2,E,27,",,,125.3,"2,E",0.0,"2,,,E",1.379,"3,E",1.8969999999999998,"2,,,E",0.8619999999999999,"2,,,E"
AGE00147718,1935-01-01,34.85,5.72,125.0,"BISKRA, AG",,,,,2.0,"2,E",2.0,"2,E",0.0,"2,E",0.0,"3,E",2.0,"3,E",0.0,"5,E",0.0,"5,E",0.0,"5,E",19350129.0,",3,E",19350126.0,",2,E",19350108.0,"+,5,E",-3.0,"3,E,29,",5.5,"2,,E,26,",17.0,"5,E,08,+",,,,,9.0,"2,,,E",0.8949999999999999,"7,E",1.365,"5,,,E",0.425,"3,,,E"
AGE00147718,1935-02-01,34.85,5.72,125.0,"BISKRA, AG",,,,,3.0,"3,E",2.0,"3,E",0.0,"3,E",0.0,"3,E",0.0,"3,E",0.0,"4,E",5.0,"4,E",0.0,"4,E",19350214.0,"+,3,E",19350208.0,",3,E",19350225.0,"+,4,E",2.0,"3,E,14,+",6.1,"3,,E,08,",24.0,"4,E,25,+",,,,,9.0,"3,,,E",1.174,"6,E",1.688,"4,,,E",0.6599999999999999,"3,,,E"
AGE00147718,1935-03-01,34.85,5.72,125.0,"BISKRA, AG",,,,,5.0,"3,E",3.0,"3,E",0.0,"3,E",0.0,"3,E",0.0,"3,E",0.0,"5,E",13.0,"5,E",0.0,"5,E",19350313.0,",3,E",19350307.0,",3,E",19350322.0,"+,5,E",5.0,"3,E,13,",22.8,"3,,E,07,",24.0,"5,E,22,+",,,,,35.3,"3,,,E",1.597,"8,E",2.058,"5,,,E",1.136,"3,,,E"
AGE00147718,1935-04-01,34.85,5.72,125.0,"BISKRA, AG",,,,,2.0,"3,E",1.0,"3,E",0.0,"3,E",0.0,"4,E",0.0,"4,E",0.0,"4,E",22.0,"4,E",0.0,"4,E",19350401.0,",4,E",19350429.0,",3,E",19350415.0,"+,4,E",8.0,"4,E,01,",9.8,"3,,E,29,",32.0,"4,E,15,+",,,,,10.9,"3,,,E",2.012,"7,E",2.6149999999999998,"4,,,E",1.408,"4,,,E"
AGE00147718,1935-05-01,34.85,5.72,125.0,"BISKRA, AG",,,132.3,"4,E",2.0,",E",2.0,",E",0.0,",E",0.0,",E",0.0,",E",0.0,"4,E",27.0,"4,E",7.0,"4,E",19350518.0,",,E",19350521.0,",,E",19350515.0,",4,E",12.0,",E,18,",4.5,",,E,21,",36.0,"4,E,15,",,,0.3,"4,E",7.0,",,,E",2.327,"4,E",2.963,"4,,,E",1.69,",,,E"
AGE00147718,1935-06-01,34.85,5.72,125.0,"BISKRA, AG",,,,,0.0,"3,E",0.0,"3,E",0.0,"3,E",0.0,"4,E",0.0,"4,E",0.0,"3,E",27.0,"3,E",26.0,"3,E",19350627.0,"+,4,E",19350630.0,"+,3,E",19350609.0,",3,E",20.0,"4,E,27,+",0.0,"3,,E,30,+",45.0,"3,E,09,",,,,,0.0,"3,,,E",3.287,"7,E",3.978,"3,,,E",2.596,"4,,,E"
AGE00147718,1935-07-01,34.85,5.72,125.0,"BISKRA, AG",,,414.0,"4,E",3.0,"1,E",2.0,"1,E",0.0,"1,E",0.0,"1,E",0.0,"1,E",0.0,"4,E",27.0,"4,E",27.0,"4,E",19350708.0,"+,1,E",19350725.0,",1,E",19350721.0,",4,E",23.0,"1,E,08,+",13.0,"1,,E,25,",47.0,"4,E,21,",0.0,E,0.0,"4,E",18.5,"1,,,E",3.3560000000000003,"4,E",4.081,"4,,,E",2.63,"1,,,E"
AGE00147718,1935-08-01,34.85,5.72,125.0,"BISKRA, AG",,,459.0,"1,E",4.0,",E",3.0,",E",0.0,",E",0.0,",E",0.0,",E",0.0,"1,E",30.0,"1,E",30.0,"1,E",19350828.0,",,E",19350821.0,",,E",19350813.0,"+,1,E",24.0,",E,28,",12.3,",,E,21,",44.0,"1,E,13,+",0.0,E,0.0,"1,E",28.1,",,,E",3.3609999999999998,"1,E",4.0,"1,,,E",2.723,",,,E"
AGE00147718,1935-09-01,34.85,5.72,125.0,"BISKRA, AG",,,,,0.0,"5,E",0.0,"5,E",0.0,"5,E",0.0,"5,E",0.0,"5,E",0.0,"5,E",25.0,"5,E",17.0,"5,E",19350916.0,"+,5,E",19350930.0,"+,5,E",19350908.0,"+,5,E",20.0,"5,E,16,+",0.0,"5,,E,30,+",40.0,"5,E,08,+",,,,,0.0,"5,,,E",2.896,"8,E",3.472,"5,,,E",2.32,"5,,,E"
AGE00147718,1936-01-01,34.85,5.72,125.0,"BISKRA, AG",,,,,1.0,"2,E",1.0,"2,E",0.0,"2,E",0.0,"5,E",0.0,"5,E",0.0,"3,E",1.0,"3,E",0.0,"3,E",19360114.0,",5,E",19360126.0,",2,E",19360111.0,",3,E",4.0,"5,E,14,",2.7,"2,,E,26,",23.0,"3,E,11,",,,,,2.7,"2,,,E",1.241,"7,E",1.8359999999999999,"3,,,E",0.646,"5,,,E"
AGE00147718,1936-07-01,34.85,5.72,125.0,"BISKRA, AG",,,,,0.0,"3,E",0.0,"3,E",0.0,"3,E",0.0,"3,E",0.0,"3,E",0.0,"4,E",27.0,"4,E",27.0,"4,E",19360716.0,",3,E",19360731.0,"+,3,E",19360721.0,",4,E",20.0,"3,E,16,",0.0,"3,,E,31,+",46.0,"4,E,21,",,,,,0.0,"3,,,E",3.3909999999999996,"6,E",4.078,"4,,,E",2.7039999999999997,"3,,,E"
AGE00147718,1937-05-01,34.85,5.72,125.0,"BISKRA, AG",,,210.2,",E",0.0,",E",0.0,",E",0.0,",E",0.0,",E",0.0,",E",0.0,",E",31.0,",E",12.0,",E",19370501.0,",,E",19370531.0,"+,,E",19370518.0,",,E",10.0,",E,01,",0.0,",,E,31,+",42.0,",E,18,",,,0.0,",E",0.0,",,,E",2.511,",E",3.113,",,,E",1.9100000000000001,",,,E"
AGE00147718,1937-06-01,34.85,5.72,125.0,"BISKRA, AG",,,339.2,"5,E",1.0,"2,E",0.0,"2,E",0.0,"2,E",0.0,"2,E",0.0,"2,E",0.0,"3,E",27.0,"3,E",27.0,"3,E",19370602.0,"+,2,E",19370604.0,",2,E",19370623.0,",3,E",21.0,"2,E,02,+",0.7,"2,,E,04,",43.0,"3,E,23,",,,0.0,"3,E",0.7,"2,,,E",3.2009999999999996,"5,E",3.848,"3,,,E",2.554,"2,,,E"
AGE00147718,1937-07-01,34.85,5.72,125.0,"BISKRA, AG",,,412.7,"3,E",1.0,"1,E",0.0,"1,E",0.0,"1,E",0.0,"1,E",0.0,"1,E",0.0,"2,E",29.0,"2,E",29.0,"2,E",19370715.0,"+,1,E",19370709.0,",1,E",19370727.0,",2,E",22.0,"1,E,15,+",0.3,"1,,E,09,",46.0,"2,E,27,",0.0,E,0.0,"2,E",0.3,"1,,,E",3.325,"3,E",4.024,"2,,,E",2.627,"1,,,E"
AGE00147718,1937-08-01,34.85,5.72,125.0,"BISKRA, AG",,,437.5,"1,E",2.0,",E",2.0,",E",0.0,",E",0.0,",E",0.0,",E",0.0,"1,E",30.0,"1,E",28.0,"1,E",19370831.0,"+,,E",19370825.0,",,E",19370812.0,",1,E",21.0,",E,31,+",7.2,",,E,25,",49.0,"1,E,12,",0.0,E,0.0,"1,E",11.3,",,,E",3.2960000000000003,"1,E",4.037,"1,,,E",2.555,",,,E"
AGE00147718,1937-09-01,34.85,5.72,125.0,"BISKRA, AG",,,,,2.0,"5,E",1.0,"5,E",0.0,"5,E",0.0,"5,E",0.0,"5,E",0.0,"5,E",25.0,"5,E",17.0,"5,E",19370913.0,",5,E",19370908.0,",5,E",19370929.0,",5,E",15.0,"5,E,13,",22.4,"5,,E,08,",40.0,"5,E,29,",,,,,22.7,"5,,,E",2.826,"9,E",3.428,"5,,,E",2.2239999999999998,"5,,,E"
AGE00147718,1937-10-01,34.85,5.72,125.0,"BISKRA, AG",,,,,0.0,"2,E",0.0,"2,E",0.0,"2,E",0.0,"2,E",0.0,"2,E",0.0,"5,E",26.0,"5,E",5.0,"5,E",19371019.0,",2,E",19371031.0,"+,2,E",19371002.0,",5,E",10.0,"2,E,19,",0.0,"2,,E,31,+",38.0,"5,E,02,",,,,,0.0,"2,,,E",2.1870000000000003,"6,E",2.873,"5,,,E",1.5,"2,,,E"
AGE00147718,1937-11-01,34.85,5.72,125.0,"BISKRA, AG",,,,,1.0,"2,E",0.0,"2,E",0.0,"2,E",0.0,"5,E",0.0,"5,E",0.0,"2,E",25.0,"2,E",0.0,"2,E",19371106.0,",5,E",19371114.0,",2,E",19371120.0,",2,E",10.0,"5,E,06,",1.7,"2,,E,14,",29.0,"2,E,20,",,,,,1.7,"2,,,E",1.916,"7,E",2.504,"2,,,E",1.3279999999999998,"5,,,E"
AGE00147718,1937-12-01,34.85,5.72,125.0,"BISKRA, AG",,,,,0.0,"3,E",0.0,"3,E",0.0,"3,E",0.0,"3,E",0.0,"3,E",0.0,"5,E",0.0,"5,E",0.0,"5,E",19371230.0,",3,E",19371231.0,"+,3,E",19371207.0,",5,E",2.0,"3,E,30,",0.0,"3,,E,31,+",20.0,"5,E,07,",,,,,0.0,"3,,,E",1.088,"7,E",1.55,"5,,,E",0.625,"3,,,E"
AGE00147718,1938-01-01,34.85,5.72,125.0,"BISKRA, AG",0.0,E,0.0,"3,E",1.0,"2,E",1.0,"2,E",0.0,"2,E",0.0,"2,E",0.0,"2,E",0.0,"2,E",3.0,"2,E",0.0,"2,E",19380127.0,"+,2,E",19380102.0,",2,E",19380116.0,"+,2,E",4.0,"2,E,27,+",11.5,"2,,E,02,",22.0,"2,E,16,+",,,186.8,"2,E",11.5,"2,,,E",1.166,"3,E",1.69,"2,,,E",0.641,"2,,,E"
AGE00147718,1938-02-01,34.85,5.72,125.0,"BISKRA, AG",0.0,E,0.0,"4,E",2.0,"1,E",1.0,"1,E",0.0,"1,E",0.0,"2,E",0.0,"2,E",0.0,"2,E",0.0,"2,E",0.0,"2,E",19380209.0,"+,2,E",19380223.0,",1,E",19380201.0,",2,E",4.0,"2,E,09,+",4.3,"1,,E,23,",20.0,"2,E,01,",,,160.5,"2,E",5.6,"1,,,E",1.163,"4,E",1.627,"2,,,E",0.7,"2,,,E"
AGE00147718,1938-03-01,34.85,5.72,125.0,"BISKRA, AG",0.0,E,0.0,"1,E",1.0,",E",0.0,",E",0.0,",E",0.0,"1,E",0.0,"1,E",0.0,",E",20.0,",E",0.0,",E",19380317.0,"+,1,E",19380313.0,",,E",19380327.0,"+,,E",6.0,"1,E,17,+",0.7,",,E,13,",24.0,",E,27,+",,,82.0,",E",0.7,",,,E",1.552,"1,E",2.161,",,,E",0.943,"1,,,E"
AGE00147718,1938-04-01,34.85,5.72,125.0,"BISKRA, AG",14.7,E,14.7,",E",8.0,",E",3.0,",E",0.0,",E",0.0,",E",0.0,",E",0.0,",E",22.0,",E",0.0,",E",19380413.0,",,E",19380417.0,",,E",19380429.0,",,E",7.0,",E,13,",21.0,",,E,17,",28.0,",E,29,",,,45.7,",E",39.9,",,,E",1.73,",E",2.243,",,,E",1.217,",,,E"
AGE00147718,1938-05-01,34.85,5.72,125.0,"BISKRA, AG",159.5,E,144.8,"1,E",1.0,",E",0.0,",E",0.0,",E",0.0,",E",0.0,",E",0.0,"1,E",30.0,"1,E",4.0,"1,E",19380509.0,",,E",19380506.0,",,E",19380531.0,",1,E",12.0,",E,09,",1.0,",,E,06,",34.0,"1,E,31,",,,0.3,"1,E",1.0,",,,E",2.326,"1,E",2.94,"1,,,E",1.7129999999999999,",,,E"
AGE00147718,1938-06-01,34.85,5.72,125.0,"BISKRA, AG",513.2,E,353.7,"2,E",0.0,"1,E",0.0,"1,E",0.0,"1,E",0.0,"1,E",0.0,"1,E",0.0,"1,E",29.0,"1,E",29.0,"1,E",19380615.0,",1,E",19380630.0,"+,1,E",19380629.0,"+,1,E",21.0,"1,E,15,",0.0,"1,,E,30,+",43.0,"1,E,29,+",,,0.0,"1,E",0.0,"1,,,E",3.0949999999999998,"2,E",3.7689999999999997,"1,,,E",2.4210000000000003,"1,,,E"
AGE00147718,1938-08-01,34.85,5.72,125.0,"BISKRA, AG",,,472.0,"1,E",1.0,",E",0.0,",E",0.0,",E",0.0,",E",0.0,",E",0.0,"1,E",30.0,"1,E",30.0,"1,E",19380831.0,",,E",19380827.0,",,E",19380819.0,",1,E",21.0,",E,31,",0.7,",,E,27,",48.0,"1,E,19,",,,0.0,"1,E",0.7,",,,E",3.404,"1,E",4.029999999999999,"1,,,E",2.777,",,,E"
AGE00147718,1938-12-01,34.85,5.72,125.0,"BISKRA, AG",,,0.0,"4,E",3.0,"2,E",3.0,"2,E",0.0,"2,E",0.0,"2,E",0.0,"2,E",0.0,"3,E",1.0,"3,E",0.0,"3,E",19381227.0,",2,E",19381213.0,",2,E",19381208.0,",3,E",1.0,"2,E,27,",19.3,"2,,E,13,",22.0,"3,E,08,",,,182.0,"3,E",29.1,"2,,,E",1.155,"4,E",1.6179999999999999,"3,,,E",0.693,"2,,,E"
AGE00147718,1957-07-01,34.85,5.72,125.0,"BISKRA, AG",,,427.0,",S",,,,,,,0.0,",S",0.0,",S",0.0,",S",31.0,",S",31.0,",S",19570724.0,",,S",,,19570704.0,",,S",21.1,",S,24,",,,43.9,",S,04,",0.0,S,0.0,",S",,,3.211,",S",3.8939999999999997,",,,S",2.527,",,,S"
AGE00147718,1957-08-01,34.85,5.72,125.0,"BISKRA, AG",,,430.8,",S",,,,,,,0.0,",S",0.0,",S",0.0,",S",31.0,",S",31.0,",S",19570821.0,",,S",,,19570818.0,"+,,S",21.1,",S,21,",,,42.8,",S,18,+",0.0,S,0.0,",S",,,3.223,",S",3.91,",,,S",2.535,",,,S"
AGE00147718,1957-09-01,34.85,5.72,125.0,"BISKRA, AG",,,290.5,",S",,,,,,,0.0,",S",0.0,",S",0.0,",S",30.0,",S",26.0,",S",19570906.0,",,S",,,19570913.0,"+,,S",17.8,",S,06,",,,37.2,",S,13,+",0.0,S,0.0,",S",,,2.802,",S",3.3979999999999997,",,,S",2.205,",,,S"
AGE00147718,1957-12-01,34.85,5.72,125.0,"BISKRA, AG",,,0.0,"5,S",,,,,,,0.0,"5,S",0.0,"5,S",0.0,"5,S",0.0,"5,S",0.0,"5,S",19571225.0,",5,S",,,19571213.0,"+,5,S",2.8,"5,S,25,",,,17.8,"5,S,13,+",,,193.8,"5,S",,,1.088,"5,S",1.5150000000000001,"5,,,S",0.6599999999999999,"5,,,S"
AGE00147718,1958-01-01,34.85,5.72,125.0,"BISKRA, AG",0.0,,0.0,"2,S",,,,,,,0.0,"2,S",0.0,"2,S",0.0,",S",0.0,",S",0.0,",S",19580126.0,"+,2,S",,,19580107.0,",,S",3.9,"2,S,26,+",,,20.0,",S,07,",,,230.2,",S",,,1.024,"2,S",1.405,",,,S",0.642,"2,,,S"
AGE00147718,1958-03-01,34.85,5.72,125.0,"BISKRA, AG",,,30.9,",S",,,,,,,0.0,",S",0.0,",S",0.0,",S",20.0,",S",0.0,",S",19580313.0,",,S",,,19580328.0,"+,,S",5.0,",S,13,",,,28.9,",S,28,+",,,74.4,",S",,,1.693,",S",2.2640000000000002,",,,S",1.122,",,,S"
AGE00147718,1958-04-01,34.85,5.72,125.0,"BISKRA, AG",,,34.2,",S",,,,,,,0.0,",S",0.0,",S",0.0,",S",28.0,",S",0.0,",S",19580420.0,"+,,S",,,19580428.0,"+,,S",7.8,",S,20,+",,,30.0,",S,28,+",,,28.0,",S",,,1.8539999999999999,",S",2.426,",,,S",1.282,",,,S"
AGE00147718,1958-05-01,34.85,5.72,125.0,"BISKRA, AG",,,255.6,",S",,,,,,,0.0,",S",0.0,",S",0.0,",S",31.0,",S",22.0,",S",19580502.0,",,S",,,19580527.0,",,S",12.8,",S,02,",,,42.2,",S,27,",,,0.0,",S",,,2.658,",S",3.303,",,,S",2.013,",,,S"
AGE00147718,1958-06-01,34.85,5.72,125.0,"BISKRA, AG",,,357.7,",S",,,,,,,0.0,",S",0.0,",S",0.0,",S",30.0,",S",28.0,",S",19580618.0,"+,,S",,,19580626.0,",,S",20.0,",S,18,+",,,42.8,",S,26,",,,0.0,",S",,,3.0260000000000002,",S",3.655,",,,S",2.396,",,,S"
AGE00147718,1958-07-01,34.85,5.72,125.0,"BISKRA, AG",,,448.3,",S",,,,,,,0.0,",S",0.0,",S",0.0,",S",31.0,",S",31.0,",S",19580710.0,",,S",,,19580708.0,",,S",21.1,",S,10,",,,47.2,",S,08,",0.0,,0.0,",S",,,3.28,",S",3.943,",,,S",2.616,",,,S"
AGE00147718,1958-08-01,34.85,5.72,125.0,"BISKRA, AG",,,459.7,",S",,,,,,,0.0,",S",0.0,",S",0.0,",S",31.0,",S",31.0,",S",19580831.0,",,S",,,19580821.0,",,S",20.0,",S,31,",,,45.0,",S,21,",0.0,,0.0,",S",,,3.316,",S",4.015,",,,S",2.618,",,,S"
AGE00147718,1958-09-01,34.85,5.72,125.0,"BISKRA, AG",,,312.7,",S",,,,,,,0.0,",S",0.0,",S",0.0,",S",30.0,",S",30.0,",S",19580915.0,",,S",,,19580912.0,",,S",18.9,",S,15,",,,41.1,",S,12,",0.0,,0.0,",S",,,2.8760000000000003,",S",3.5090000000000003,",,,S",2.242,",,,S"
AGE00147718,1967-02-01,34.85,5.72,125.0,"BISKRA, AG",,,,,,,,,,,0.0,"4,S",1.0,"4,S",0.0,"5,S",8.0,"5,S",0.0,"5,S",19670210.0,",4,S",,,19670228.0,",5,S",0.0,"4,S,10,",,,27.2,"5,S,28,",,,,,,,1.386,"8,S",1.927,"5,,,S",0.845,"4,,,S"
AGE00147718,1967-09-01,34.85,5.72,125.0,"BISKRA, AG",,,220.2,"5,S",,,,,,,0.0,"5,S",0.0,"5,S",0.0,"5,S",25.0,"5,S",15.0,"5,S",19670913.0,",5,S",,,19670901.0,",5,S",15.0,"5,S,13,",,,38.9,"5,S,01,",,,0.0,"5,S",,,2.714,"5,S",3.251,"5,,,S",2.177,"5,,,S"
AGE00147718,1973-03-01,34.85,5.72,125.0,"BISKRA, AG",,,4.7,"3,S",,,,,,,0.0,"2,S",0.0,"2,S",0.0,"1,S",10.0,"1,S",0.0,"1,S",19730302.0,",2,S",,,19730322.0,"+,1,S",2.0,"2,S,02,",,,26.0,"1,S,22,+",,,116.0,"1,S",,,1.428,"3,S",1.953,"1,,,S",0.9029999999999999,"2,,,S"
AGE00147718,1973-04-01,34.85,5.72,125.0,"BISKRA, AG",,,,,,,,,,,0.0,"4,S",0.0,"4,S",0.0,"3,S",16.0,"3,S",2.0,"3,S",19730406.0,",4,S",,,19730428.0,",3,S",7.0,"4,S,06,",,,36.0,"3,S,28,",,,,,,,1.859,"6,S",2.419,"3,,,S",1.3,"4,,,S"
AGE00147718,1974-01-01,34.85,5.72,125.0,"BISKRA, AG",0.0,S,0.0,"4,S",,,,,,,0.0,"3,S",0.0,"3,S",0.0,"2,S",1.0,"2,S",0.0,"2,S",19740130.0,"+,3,S",,,19740111.0,",2,S",4.0,"3,S,30,+",,,24.0,"2,S,11,",,,157.5,"2,S",,,1.269,"4,S",1.834,"2,,,S",0.704,"3,,,S"
AGE00147718,1974-02-01,34.85,5.72,125.0,"BISKRA, AG",0.0,S,0.0,"5,S",,,,,,,0.0,"2,S",0.0,"2,S",0.0,"3,S",0.0,"3,S",0.0,"3,S",19740211.0,",2,S",,,19740213.0,"+,3,S",4.0,"2,S,11,",,,21.0,"3,S,13,+",,,128.7,"3,S",,,1.2570000000000001,"5,S",1.7760000000000002,"3,,,S",0.738,"2,,,S"
AGE00147718,1974-06-01,34.85,5.72,125.0,"BISKRA, AG",,,,,,,,,,,0.0,"4,S",0.0,"4,S",0.0,"2,S",28.0,"2,S",25.0,"2,S",19740621.0,",4,S",,,19740629.0,",2,S",19.0,"4,S,21,",,,42.0,"2,S,29,",,,,,,,3.06,"6,S",3.693,"2,,,S",2.427,"4,,,S"
AGE00147718,1974-08-01,34.85,5.72,125.0,"BISKRA, AG",,,,,,,,,,,0.0,"3,S",0.0,"3,S",0.0,"3,S",28.0,"3,S",28.0,"3,S",19740817.0,",3,S",,,19740814.0,",3,S",22.0,"3,S,17,",,,47.0,"3,S,14,",,,,,,,3.196,"6,S",3.868,"3,,,S",2.525,"3,,,S"
AGE00147718,1974-09-01,34.85,5.72,125.0,"BISKRA, AG",,,,,,,,,,,0.0,"3,S",0.0,"3,S",0.0,"5,S",25.0,"5,S",15.0,"5,S",19740922.0,",3,S",,,19740904.0,"+,5,S",17.0,"3,S,22,",,,42.0,"5,S,04,+",,,,,,,2.866,"7,S",3.428,"5,,,S",2.304,"3,,,S"
AGE00147718,1974-10-01,34.85,5.72,125.0,"BISKRA, AG",,,,,,,,,,,0.0,"3,S",0.0,"3,S",0.0,"5,S",23.0,"5,S",1.0,"5,S",19741030.0,",3,S",,,19741005.0,",5,S",9.0,"3,S,30,",,,33.0,"5,S,05,",,,,,,,1.9760000000000002,"8,S",2.5309999999999997,"5,,,S",1.421,"3,,,S"
AGE00147718,1975-05-01,34.85,5.72,125.0,"BISKRA, AG",,,,,,,,,,,0.0,"3,S",0.0,"3,S",0.0,"5,S",26.0,"5,S",7.0,"5,S",19750523.0,",3,S",,,19750529.0,"+,5,S",13.0,"3,S,23,",,,36.0,"5,S,29,+",,,,,,,2.37,"6,S",2.965,"5,,,S",1.775,"3,,,S"
AGE00147718,1975-06-01,34.85,5.72,125.0,"BISKRA, AG",,,,,,,,,,,0.0,"4,S",0.0,"4,S",0.0,"5,S",25.0,"5,S",19.0,"5,S",19750604.0,",4,S",,,19750630.0,",5,S",17.0,"4,S,04,",,,46.0,"5,S,30,",,,,,,,2.87,"9,S",3.524,"5,,,S",2.215,"4,,,S"
AGE00147718,1975-08-01,34.85,5.72,125.0,"BISKRA, AG",,,,,,,,,,,0.0,"5,S",0.0,"5,S",0.0,"5,S",26.0,"5,S",22.0,"5,S",19750828.0,"+,5,S",,,19750816.0,"+,5,S",20.0,"5,S,28,+",,,42.0,"5,S,16,+",,,,,,,3.198,"9,S",3.7960000000000003,"5,,,S",2.6,"5,,,S"
AGE00147718,1975-10-01,34.85,5.72,125.0,"BISKRA, AG",,,,,,,,,,,0.0,"2,S",0.0,"2,S",0.0,"5,S",26.0,"5,S",3.0,"5,S",19751021.0,",2,S",,,19751001.0,",5,S",11.0,"2,S,21,",,,34.0,"5,S,01,",,,,,,,2.162,"6,S",2.7079999999999997,"5,,,S",1.6170000000000002,"2,,,S"
AGE00147718,1976-03-01,34.85,5.72,125.0,"BISKRA, AG",,,0.7,"4,S",,,,,,,0.0,"2,S",0.0,"2,S",0.0,"3,S",4.0,"3,S",0.0,"3,S",19760324.0,"+,2,S",,,19760322.0,"+,3,S",7.0,"2,S,24,+",,,22.0,"3,S,22,+",,,103.2,"3,S",,,1.4460000000000002,"4,S",1.939,"3,,,S",0.952,"2,,,S"
AGE00147718,1976-05-01,34.85,5.72,125.0,"BISKRA, AG",,,144.8,"5,S",,,,,,,0.0,"2,S",0.0,"2,S",0.0,"5,S",26.0,"5,S",6.0,"5,S",19760501.0,",2,S",,,19760523.0,",5,S",14.0,"2,S,01,",,,35.0,"5,S,23,",,,0.0,"5,S",,,2.395,"5,S",2.965,"5,,,S",1.8239999999999998,"2,,,S"
AGE00147718,1976-06-01,34.85,5.72,125.0,"BISKRA, AG",,,,,,,,,,,0.0,"3,S",0.0,"3,S",0.0,"5,S",25.0,"5,S",20.0,"5,S",19760607.0,",3,S",,,19760622.0,"+,5,S",15.0,"3,S,07,",,,40.0,"5,S,22,+",,,,,,,2.8760000000000003,"7,S",3.504,"5,,,S",2.248,"3,,,S"
AGE00147718,1976-07-01,34.85,5.72,125.0,"BISKRA, AG",,,,,,,,,,,0.0,"4,S",0.0,"4,S",0.0,"3,S",28.0,"3,S",28.0,"3,S",19760709.0,"+,4,S",,,19760721.0,"+,3,S",20.0,"4,S,09,+",,,42.0,"3,S,21,+",,,,,,,3.215,"7,S",3.804,"3,,,S",2.6260000000000003,"4,,,S"
AGE00147718,1976-08-01,34.85,5.72,125.0,"BISKRA, AG",,,387.2,"3,S",,,,,,,0.0,"1,S",0.0,"1,S",0.0,"2,S",29.0,"2,S",29.0,"2,S",19760828.0,"+,1,S",,,19760801.0,",2,S",24.0,"1,S,28,+",,,43.0,"2,S,01,",,,0.0,"2,S",,,3.2119999999999997,"3,S",3.807,"2,,,S",2.617,"1,,,S"
AGE00147718,1976-09-01,34.85,5.72,125.0,"BISKRA, AG",,,,,,,,,,,0.0,"2,S",0.0,"2,S",0.0,"5,S",25.0,"5,S",10.0,"5,S",19760909.0,",2,S",,,19760902.0,"+,5,S",15.0,"2,S,09,",,,38.0,"5,S,02,+",,,,,,,2.678,"6,S",3.192,"5,,,S",2.164,"2,,,S"
AGE00147718,1978-05-01,34.85,5.72,125.0,"BISKRA, AG",,,146.7,"5,S",,,,,,,0.0,"2,S",0.0,"2,S",0.0,"4,S",27.0,"4,S",4.0,"4,S",19780502.0,",2,S",,,19780520.0,",4,S",12.0,"2,S,02,",,,39.0,"4,S,20,",,,0.3,"4,S",,,2.402,"5,S",2.967,"4,,,S",1.8379999999999999,"2,,,S"
AGE00147718,1978-11-01,34.85,5.72,125.0,"BISKRA, AG",,,,,,,,,,,0.0,"5,S",0.0,"5,S",0.0,"4,S",12.0,"4,S",0.0,"4,S",19781130.0,",5,S",,,19781113.0,",4,S",5.0,"5,S,30,",,,23.0,"4,S,13,",,,,,,,1.514,"7,S",2.004,"4,,,S",1.024,"5,,,S"
AGE00147718,1979-02-01,34.85,5.72,125.0,"BISKRA, AG",,,,,,,,,,,0.0,"4,S",0.0,"4,S",0.0,"5,S",9.0,"5,S",0.0,"5,S",19790201.0,",4,S",,,19790211.0,"+,5,S",4.0,"4,S,01,",,,26.0,"5,S,11,+",,,,,,,1.491,"7,S",1.9739999999999998,"5,,,S",1.008,"4,,,S"
AGE00147718,1979-03-01,34.85,5.72,125.0,"BISKRA, AG",,,13.8,"5,S",,,,,,,0.0,"3,S",0.0,"3,S",0.0,"2,S",16.0,"2,S",0.0,"2,S",19790302.0,",3,S",,,19790327.0,",2,S",4.0,"3,S,02,",,,30.0,"2,S,27,",,,58.0,"2,S",,,1.673,"5,S",2.186,"2,,,S",1.161,"3,,,S"
AGE00147718,1979-05-01,34.85,5.72,125.0,"BISKRA, AG",,,185.2,"5,S",,,,,,,0.0,"4,S",0.0,"4,S",0.0,"3,S",28.0,"3,S",13.0,"3,S",19790501.0,",4,S",,,19790531.0,",3,S",11.0,"4,S,01,",,,38.0,"3,S,31,",,,0.8,"3,S",,,2.525,"5,S",3.154,"3,,,S",1.8960000000000001,"4,,,S"
AGE00147718,1979-11-01,34.85,5.72,125.0,"BISKRA, AG",,,,,,,,,,,0.0,"5,S",0.0,"5,S",0.0,"3,S",11.0,"3,S",0.0,"3,S",19791130.0,"+,5,S",,,19791108.0,",3,S",6.0,"5,S,30,+",,,26.0,"3,S,08,",,,,,,,1.5230000000000001,"7,S",2.0629999999999997,"3,,,S",0.984,"5,,,S"
AGE00147718,1980-02-01,34.85,5.72,125.0,"BISKRA, AG",,,0.2,"4,S",,,,,,,0.0,"3,S",0.0,"3,S",0.0,"1,S",9.0,"1,S",0.0,"1,S",19800214.0,"+,3,S",,,19800207.0,"+,1,S",6.0,"3,S,14,+",,,25.0,"1,S,07,+",,,93.0,"1,S",,,1.452,"4,S",1.9929999999999999,"1,,,S",0.9119999999999999,"3,,,S"
AGE00147718,1980-09-01,34.85,5.72,125.0,"BISKRA, AG",,,,,,,,,,,0.0,"3,S",0.0,"3,S",0.0,"5,S",25.0,"5,S",22.0,"5,S",19800929.0,",3,S",,,19800901.0,",5,S",13.0,"3,S,29,",,,40.0,"5,S,01,",,,,,,,2.92,"7,S",3.4799999999999995,"5,,,S",2.359,"3,,,S"
AGE00147718,1980-12-01,34.85,5.72,125.0,"BISKRA, AG",,,,,,,,,,,0.0,"4,S",1.0,"4,S",0.0,"5,S",2.0,"5,S",0.0,"5,S",19801214.0,",4,S",,,19801224.0,"+,5,S",-1.0,"4,S,14,",,,22.0,"5,S,24,+",,,,,,,1.075,"8,S",1.577,"5,,,S",0.5740000000000001,"4,,,S"
AGE00147718,1981-02-01,34.85,5.72,125.0,"BISKRA, AG",,,,,,,,,,,0.0,"4,S",1.0,"4,S",0.0,"4,S",2.0,"4,S",0.0,"4,S",19810224.0,",4,S",,,19810228.0,"+,4,S",0.0,"4,S,24,",,,22.0,"4,S,28,+",,,,,,,1.279,"7,S",1.7879999999999998,"4,,,S",0.771,"4,,,S"
AGE00147718,1981-05-01,34.85,5.72,125.0,"BISKRA, AG",,,,,,,,,,,0.0,"4,S",0.0,"4,S",0.0,"4,S",27.0,"4,S",13.0,"4,S",19810504.0,"+,4,S",,,19810531.0,",4,S",14.0,"4,S,04,+",,,40.0,"4,S,31,",,,,,,,2.609,"8,S",3.2409999999999997,"4,,,S",1.9780000000000002,"4,,,S"
AGE00147718,1981-09-01,34.85,5.72,125.0,"BISKRA, AG",,,,,,,,,,,0.0,"4,S",0.0,"4,S",0.0,"5,S",25.0,"5,S",18.0,"5,S",19810924.0,",4,S",,,19810911.0,",5,S",13.0,"4,S,24,",,,38.0,"5,S,11,",,,,,,,2.835,"7,S",3.4200000000000004,"5,,,S",2.25,"4,,,S"
AGE00147718,1982-02-01,34.85,5.72,125.0,"BISKRA, AG",,,,,,,,,,,0.0,"5,S",0.0,"5,S",0.0,"4,S",2.0,"4,S",0.0,"4,S",19820202.0,",5,S",,,19820201.0,",4,S",6.4,"5,S,02,",,,22.3,"4,S,01,",,,,,,,1.405,"8,S",1.8960000000000001,"4,,,S",0.913,"5,,,S"
AGE00147718,1982-06-01,34.85,5.72,125.0,"BISKRA, AG",,,343.4,"5,S",3.0,"5,S",0.0,"5,S",0.0,"5,S",0.0,"2,S",0.0,"2,S",0.0,"3,S",27.0,"3,S",27.0,"3,S",19820605.0,",2,S",19820620.0,"+,5,S",19820624.0,",3,S",20.4,"2,S,05,",2.0,"5,,S,20,+",44.6,"3,S,24,",,,0.0,"3,S",5.0,"5,,,S",3.219,"5,S",3.8600000000000003,"3,,,S",2.5789999999999997,"2,,,S"
AGE00147718,1982-08-01,34.85,5.72,125.0,"BISKRA, AG",,,,,,,,,,,0.0,"5,S",0.0,"5,S",0.0,"5,S",26.0,"5,S",26.0,"5,S",19820813.0,",5,S",,,19820805.0,",5,S",15.1,"5,S,13,",,,44.5,"5,S,05,",,,,,,,3.404,"0,S",4.053,"5,,,S",2.755,"5,,,S"
AGE00147718,1983-01-01,34.85,5.72,125.0,"BISKRA, AG",,,,,,,,,,,0.0,"3,S",1.0,"3,S",0.0,"5,S",2.0,"5,S",0.0,"5,S",19830105.0,",3,S",,,19830131.0,",5,S",0.0,"3,S,05,",,,22.2,"5,S,31,",,,,,,,1.116,"6,S",1.741,"5,,,S",0.49000000000000005,"3,,,S"
AGE00147718,1983-02-01,34.85,5.72,125.0,"BISKRA, AG",,,,,2.0,"5,S",1.0,"5,S",0.0,"5,S",0.0,"3,S",0.0,"3,S",0.0,"4,S",3.0,"4,S",0.0,"4,S",19830212.0,",3,S",19830219.0,",5,S",19830227.0,",4,S",2.3,"3,S,12,",10.9,"5,,S,19,",22.9,"4,S,27,",,,,,11.9,"5,,,S",1.1560000000000001,"7,S",1.6829999999999998,"4,,,S",0.629,"3,,,S"
AGE00147718,1983-09-01,34.85,5.72,125.0,"BISKRA, AG",,,,,0.0,"4,S",0.0,"4,S",0.0,"4,S",0.0,"5,S",0.0,"5,S",0.0,"2,S",28.0,"2,S",24.0,"2,S",19830929.0,",5,S",19830930.0,"+,4,S",19830917.0,",2,S",16.4,"5,S,29,",0.0,"4,,S,30,+",40.5,"2,S,17,",,,,,0.0,"4,,,S",2.87,"6,S",3.4659999999999997,"2,,,S",2.274,"5,,,S"
AGE00147718,1983-11-01,34.85,5.72,125.0,"BISKRA, AG",,,,,1.0,"3,S",0.0,"3,S",0.0,"3,S",0.0,"4,S",0.0,"4,S",0.0,"3,S",26.0,"3,S",0.0,"3,S",19831120.0,",4,S",19831118.0,",3,S",19831106.0,",3,S",10.5,"4,S,20,",1.0,"3,,S,18,",27.3,"3,S,06,",,,,,1.0,"3,,,S",1.859,"7,S",2.307,"3,,,S",1.411,"4,,,S"
AGE00147718,1983-12-01,34.85,5.72,125.0,"BISKRA, AG",,,,,1.0,"5,S",0.0,"5,S",0.0,"5,S",0.0,"4,S",0.0,"4,S",0.0,"3,S",4.0,"3,S",0.0,"3,S",19831210.0,",4,S",19831213.0,",5,S",19831224.0,",3,S",4.5,"4,S,10,",1.0,"5,,S,13,",23.1,"3,S,24,",,,,,1.0,"5,,,S",1.303,"7,S",1.762,"3,,,S",0.844,"4,,,S"
AGE00147718,1984-01-01,34.85,5.72,125.0,"BISKRA, AG",0.0,S,0.0,"5,S",1.0,"2,S",0.0,"2,S",0.0,"2,S",0.0,"5,S",0.0,"5,S",0.0,"1,S",2.0,"1,S",0.0,"1,S",19840104.0,",5,S",19840105.0,",2,S",19840124.0,",1,S",2.2,"5,S,04,",1.0,"2,,S,05,",21.7,"1,S,24,",,,152.9,"1,S",1.0,"2,,,S",1.236,"5,S",1.752,"1,,,S",0.72,"5,,,S"
AGE00147718,1984-03-01,34.85,5.72,125.0,"BISKRA, AG",,,12.1,"4,S",0.0,"4,S",0.0,"4,S",0.0,"4,S",0.0,"3,S",0.0,"3,S",0.0,"3,S",13.0,"3,S",0.0,"3,S",19840311.0,",3,S",19840331.0,"+,4,S",19840328.0,",3,S",5.4,"3,S,11,",0.0,"4,,S,31,+",27.2,"3,S,28,",,,81.1,"3,S",0.0,"4,,,S",1.568,"4,S",2.102,"3,,,S",1.035,"3,,,S"
AGE00147718,1984-04-01,34.85,5.72,125.0,"BISKRA, AG",,,,,1.0,"2,S",1.0,"2,S",0.0,"2,S",0.0,"4,S",0.0,"4,S",0.0,"3,S",27.0,"3,S",1.0,"3,S",19840419.0,",4,S",19840404.0,",2,S",19840429.0,",3,S",10.0,"4,S,19,",5.1,"2,,S,04,",34.6,"3,S,29,",,,,,5.1,"2,,,S",2.097,"7,S",2.692,"3,,,S",1.502,"4,,,S"
AGE00147718,1984-07-01,34.85,5.72,125.0,"BISKRA, AG",,,,,0.0,"5,S",0.0,"5,S",0.0,"5,S",0.0,"3,S",0.0,"3,S",0.0,"4,S",27.0,"4,S",27.0,"4,S",19840713.0,",3,S",19840731.0,"+,5,S",19840727.0,",4,S",21.9,"3,S,13,",0.0,"5,,S,31,+",43.7,"4,S,27,",,,,,0.0,"5,,,S",3.287,"7,S",3.982,"4,,,S",2.593,"3,,,S"
AGE00147718,1984-08-01,34.85,5.72,125.0,"BISKRA, AG",,,,,2.0,"5,S",1.0,"5,S",0.0,"5,S",0.0,"4,S",0.0,"4,S",0.0,"2,S",29.0,"2,S",29.0,"2,S",19840811.0,",4,S",19840811.0,",5,S",19840801.0,",2,S",23.5,"4,S,11,",7.1,"5,,S,11,",45.5,"2,S,01,",,,,,7.6,"5,,,S",3.258,"6,S",3.8280000000000003,"2,,,S",2.6879999999999997,"4,,,S"
AGE00147718,1984-09-01,34.85,5.72,125.0,"BISKRA, AG",,,248.0,"5,S",1.0,"3,S",1.0,"3,S",0.0,"3,S",0.0,"3,S",0.0,"3,S",0.0,"2,S",28.0,"2,S",21.0,"2,S",19840917.0,",3,S",19840915.0,",3,S",19840908.0,"+,2,S",15.8,"3,S,17,",4.1,"3,,S,15,",38.6,"2,S,08,+",,,0.0,"2,S",4.1,"3,,,S",2.809,"5,S",3.3590000000000004,"2,,,S",2.259,"3,,,S"
AGE00147718,1984-12-01,34.85,5.72,125.0,"BISKRA, AG",,,,,,,,,,,0.0,"4,S",0.0,"4,S",0.0,"5,S",0.0,"5,S",0.0,"5,S",19841225.0,",4,S",,,19841210.0,",5,S",5.2,"4,S,25,",,,20.7,"5,S,10,",,,,,,,1.301,"8,S",1.738,"5,,,S",0.8640000000000001,"4,,,S"
AGE00147718,1985-05-01,34.85,5.72,125.0,"BISKRA, AG",,,,,7.0,"2,S",3.0,"2,S",0.0,"2,S",0.0,"4,S",0.0,"4,S",0.0,"4,S",26.0,"4,S",11.0,"4,S",19850508.0,",4,S",19850513.0,",2,S",19850530.0,",4,S",10.3,"4,S,08,",19.1,"2,,S,13,",37.1,"4,S,30,",,,,,37.0,"2,,,S",2.384,"6,S",2.9690000000000003,"4,,,S",1.798,"4,,,S"
AGE00147718,1985-06-01,34.85,5.72,125.0,"BISKRA, AG",,,,,2.0,"3,S",0.0,"3,S",0.0,"3,S",0.0,"5,S",0.0,"5,S",0.0,"2,S",28.0,"2,S",28.0,"2,S",19850603.0,",5,S",19850622.0,",3,S",19850617.0,",2,S",21.1,"5,S,03,",2.0,"3,,S,22,",45.5,"2,S,17,",,,,,2.3,"3,,,S",3.163,"6,S",3.838,"2,,,S",2.488,"5,,,S"
AGE00147718,1985-08-01,34.85,5.72,125.0,"BISKRA, AG",,,,,,,,,,,0.0,"1,S",0.0,"1,S",0.0,"5,S",26.0,"5,S",26.0,"5,S",19850830.0,",1,S",,,19850801.0,",5,S",22.0,"1,S,30,",,,44.7,"5,S,01,",,,,,,,3.278,"6,S",3.893,"5,,,S",2.662,"1,,,S"
AGE00147718,1985-09-01,34.85,5.72,125.0,"BISKRA, AG",,,256.2,"5,S",,,,,,,0.0,"3,S",0.0,"3,S",0.0,"2,S",28.0,"2,S",21.0,"2,S",19850917.0,"+,3,S",,,19850904.0,",2,S",18.5,"3,S,17,+",,,39.7,"2,S,04,",,,0.0,"2,S",,,2.834,"5,S",3.4229999999999996,"2,,,S",2.246,"3,,,S"
AGE00147718,1985-11-01,34.85,5.72,125.0,"BISKRA, AG",,,,,,,,,,,0.0,"5,S",0.0,"5,S",0.0,"3,S",13.0,"3,S",0.0,"3,S",19851130.0,",5,S",,,19851107.0,",3,S",5.8,"5,S,30,",,,29.0,"3,S,07,",,,,,,,1.738,"7,S",2.17,"3,,,S",1.307,"5,,,S"
AGE00147718,1986-01-01,34.85,5.72,125.0,"BISKRA, AG",,,,,,,,,,,0.0,"5,S",0.0,"5,S",0.0,"4,S",0.0,"4,S",0.0,"4,S",19860120.0,",5,S",,,19860102.0,",4,S",2.7,"5,S,20,",,,20.5,"4,S,02,",,,,,,,1.228,"8,S",1.655,"4,,,S",0.8019999999999999,"5,,,S"
AGE00147718,1986-02-01,34.85,5.72,125.0,"BISKRA, AG",,,,,2.0,"5,S",0.0,"5,S",0.0,"5,S",0.0,"5,S",0.0,"5,S",0.0,"4,S",9.0,"4,S",0.0,"4,S",19860201.0,",5,S",19860215.0,",5,S",19860225.0,",4,S",2.3,"5,S,01,",1.0,"5,,S,15,",25.5,"4,S,25,",,,,,1.5,"5,,,S",1.315,"8,S",1.8530000000000002,"4,,,S",0.778,"5,,,S"
AGE00147718,1986-04-01,34.85,5.72,125.0,"BISKRA, AG",,,,,1.0,"3,S",0.0,"3,S",0.0,"3,S",0.0,"5,S",0.0,"5,S",0.0,"2,S",24.0,"2,S",0.0,"2,S",19860428.0,",5,S",19860404.0,",3,S",19860426.0,",2,S",10.1,"5,S,28,",0.5,"3,,S,04,",31.0,"2,S,26,",,,,,0.5,"3,,,S",1.952,"6,S",2.522,"2,,,S",1.3820000000000001,"5,,,S"
AGE00147718,1986-05-01,34.85,5.72,125.0,"BISKRA, AG",,,226.6,"5,S",,,,,,,0.0,"4,S",0.0,"4,S",0.0,"1,S",30.0,"1,S",17.0,"1,S",19860501.0,",4,S",,,19860524.0,",1,S",15.1,"4,S,01,",,,39.5,"1,S,24,",,,0.0,"1,S",,,2.69,"5,S",3.2920000000000003,"1,,,S",2.088,"4,,,S"
AGE00147718,1986-06-01,34.85,5.72,125.0,"BISKRA, AG",,,332.6,"1,S",2.0,"1,S",0.0,"1,S",0.0,"1,S",0.0,",S",0.0,",S",0.0,"1,S",29.0,"1,S",24.0,"1,S",19860609.0,",,S",19860603.0,",1,S",19860628.0,",1,S",18.0,",S,09,",0.5,"1,,S,03,",42.9,"1,S,28,",,,0.0,"1,S",0.8,"1,,,S",2.9829999999999997,"1,S",3.5909999999999997,"1,,,S",2.375,",,,S"
AGE00147718,1986-07-01,34.85,5.72,125.0,"BISKRA, AG",,,382.1,"4,S",0.0,"4,S",0.0,"4,S",0.0,"4,S",0.0,"3,S",0.0,"3,S",0.0,"1,S",30.0,"1,S",30.0,"1,S",19860719.0,",3,S",19860731.0,"+,4,S",19860707.0,",1,S",16.1,"3,S,19,",0.0,"4,,S,31,+",44.4,"1,S,07,",0.0,S,0.0,"1,S",0.0,"4,,,S",3.255,"4,S",3.932,"1,,,S",2.5780000000000003,"3,,,S"
AGE00147718,1986-08-01,34.85,5.72,125.0,"BISKRA, AG",,,447.5,"3,S",0.0,"1,S",0.0,"1,S",0.0,"1,S",0.0,"2,S",0.0,"2,S",0.0,"1,S",30.0,"1,S",30.0,"1,S",19860828.0,",2,S",19860831.0,"+,1,S",19860815.0,",1,S",19.5,"2,S,28,",0.0,"1,,S,31,+",44.4,"1,S,15,",0.0,S,0.0,"1,S",0.0,"1,,,S",3.428,"3,S",4.049,"1,,,S",2.806,"2,,,S"
AGE00147718,1986-09-01,34.85,5.72,125.0,"BISKRA, AG",,,279.8,"4,S",,,,,,,0.0,"3,S",0.0,"3,S",0.0,"1,S",29.0,"1,S",23.0,"1,S",19860930.0,",3,S",,,19860901.0,",1,S",17.5,"3,S,30,",,,40.0,"1,S,01,",0.0,S,0.0,"1,S",,,2.896,"4,S",3.411,"1,,,S",2.38,"3,,,S"
AGE00147718,1986-10-01,34.85,5.72,125.0,"BISKRA, AG",,,,,5.0,"3,S",1.0,"3,S",0.0,"3,S",0.0,"3,S",0.0,"3,S",0.0,"4,S",27.0,"4,S",3.0,"4,S",19861029.0,",3,S",19861014.0,",3,S",19861005.0,",4,S",13.5,"3,S,29,",7.9,"3,,S,14,",34.0,"4,S,05,",,,,,10.9,"3,,,S",2.327,"6,S",2.7649999999999997,"4,,,S",1.889,"3,,,S"
AGE00147718,1986-11-01,34.85,5.72,125.0,"BISKRA, AG",,,4.1,"4,S",4.0,"4,S",2.0,"4,S",0.0,"4,S",0.0,"4,S",0.0,"4,S",0.0,",S",14.0,",S",0.0,",S",19861130.0,",4,S",19861117.0,",4,S",19861103.0,",,S",8.5,"4,S,30,",7.9,"4,,S,17,",27.3,",S,03,",,,45.8,",S",15.5,"4,,,S",1.6620000000000001,"4,S",2.1149999999999998,",,,S",1.21,"4,,,S"
AGE00147718,1986-12-01,34.85,5.72,125.0,"BISKRA, AG",,,0.0,"4,S",,,,,,,0.0,"2,S",0.0,"2,S",0.0,"2,S",0.0,"2,S",0.0,"2,S",19861230.0,",2,S",,,19861211.0,",2,S",3.4,"2,S,30,",,,19.8,"2,S,11,",,,152.4,"2,S",,,1.251,"4,S",1.6640000000000001,"2,,,S",0.8390000000000001,"2,,,S"
AGE00147718,1987-01-01,34.85,5.72,125.0,"BISKRA, AG",0.0,S,0.0,"5,S",3.0,"4,S",2.0,"4,S",0.0,"4,S",0.0,"4,S",1.0,"4,S",0.0,"1,S",0.0,"1,S",0.0,"1,S",19870102.0,",4,S",19870116.0,",4,S",19870128.0,",1,S",-1.2,"4,S,02,",8.9,"4,,S,16,",18.4,"1,S,28,",,,211.2,"1,S",12.9,"4,,,S",1.0230000000000001,"5,S",1.509,"1,,,S",0.537,"4,,,S"
AGE00147718,1987-02-01,34.85,5.72,125.0,"BISKRA, AG",,,,,3.0,"3,S",1.0,"3,S",0.0,"3,S",0.0,"4,S",0.0,"4,S",0.0,"4,S",2.0,"4,S",0.0,"4,S",19870224.0,",4,S",19870213.0,",3,S",19870208.0,",4,S",4.0,"4,S,24,",17.0,"3,,S,13,",21.6,"4,S,08,",,,,,20.0,"3,,,S",1.373,"6,S",1.8370000000000002,"4,,,S",0.909,"4,,,S"
AGE00147718,1987-03-01,34.85,5.72,125.0,"BISKRA, AG",,,9.7,"3,S",2.0,"3,S",1.0,"3,S",0.0,"3,S",0.0,"3,S",0.0,"3,S",0.0,"1,S",18.0,"1,S",0.0,"1,S",19870331.0,",3,S",19870322.0,",3,S",19870305.0,",1,S",6.5,"3,S,31,",10.9,"3,,S,22,",28.6,"1,S,05,",,,69.2,"1,S",11.9,"3,,,S",1.616,"3,S",2.169,"1,,,S",1.0630000000000002,"3,,,S"
AGE00147718,1987-04-01,34.85,5.72,125.0,"BISKRA, AG",,,113.9,"2,S",3.0,"3,S",0.0,"3,S",0.0,"3,S",0.0,"1,S",0.0,"1,S",0.0,"1,S",27.0,"1,S",7.0,"1,S",19870401.0,",1,S",19870409.0,",3,S",19870426.0,",1,S",6.6,"1,S,01,",0.5,"3,,S,09,",37.0,"1,S,26,",,,12.3,"1,S",1.1,"3,,,S",2.186,"2,S",2.774,"1,,,S",1.598,"1,,,S"
AGE00147718,1987-06-01,34.85,5.72,125.0,"BISKRA, AG",,,,,,,,,,,0.0,"4,S",0.0,"4,S",0.0,"3,S",27.0,"3,S",25.0,"3,S",19870601.0,",4,S",,,19870614.0,",3,S",18.4,"4,S,01,",,,47.0,"3,S,14,",,,,,,,3.093,"7,S",3.7479999999999998,"3,,,S",2.4370000000000003,"4,,,S"
AGE00147718,1987-07-01,34.85,5.72,125.0,"BISKRA, AG",,,419.6,"5,S",1.0,"2,S",0.0,"2,S",0.0,"2,S",0.0,"2,S",0.0,"2,S",0.0,"3,S",28.0,"3,S",28.0,"3,S",19870715.0,",2,S",19870702.0,",2,S",19870723.0,",3,S",22.5,"2,S,15,",1.0,"2,,S,02,",45.6,"3,S,23,",0.0,S,0.0,"3,S",1.0,"2,,,S",3.428,"5,S",4.061,"3,,,S",2.7960000000000003,"2,,,S"
AGE00147718,1987-08-01,34.85,5.72,125.0,"BISKRA, AG",,,446.9,"4,S",,,,,,,0.0,"2,S",0.0,"2,S",0.0,"2,S",29.0,"2,S",29.0,"2,S",19870802.0,",2,S",,,19870816.0,",2,S",24.0,"2,S,02,",,,47.0,"2,S,16,",0.0,S,0.0,"2,S",,,3.492,"4,S",4.117,"2,,,S",2.867,"2,,,S"
AGE00147718,1987-10-01,34.85,5.72,125.0,"BISKRA, AG",,,,,2.0,"4,S",1.0,"4,S",0.0,"4,S",0.0,"4,S",0.0,"4,S",0.0,"3,S",28.0,"3,S",8.0,"3,S",19871012.0,",4,S",19871011.0,",4,S",19871005.0,",3,S",14.0,"4,S,12,",10.9,"4,,S,11,",34.4,"3,S,05,",,,,,11.4,"4,,,S",2.495,"7,S",3.038,"3,,,S",1.953,"4,,,S"
AGE00147718,1987-11-01,34.85,5.72,125.0,"BISKRA, AG",,,17.4,"4,S",2.0,"3,S",1.0,"3,S",0.0,"3,S",0.0,"2,S",0.0,"2,S",0.0,"2,S",15.0,"2,S",0.0,"2,S",19871127.0,",2,S",19871106.0,",3,S",19871101.0,",2,S",2.5,"2,S,27,",10.9,"3,,S,06,",28.4,"2,S,01,",,,66.8,"2,S",11.4,"3,,,S",1.6469999999999998,"4,S",2.0989999999999998,"2,,,S",1.194,"2,,,S"
AGE00147718,1987-12-01,34.85,5.72,125.0,"BISKRA, AG",,,,,7.0,"3,S",2.0,"3,S",0.0,"3,S",0.0,"5,S",0.0,"5,S",0.0,"3,S",8.0,"3,S",0.0,"3,S",19871201.0,",5,S",19871210.0,"+,3,S",19871216.0,",3,S",6.0,"5,S,01,",3.0,"3,,S,10,+",27.3,"3,S,16,",,,,,11.1,"3,,,S",1.4849999999999999,"8,S",1.969,"3,,,S",1.002,"5,,,S"
AGE00147718,1988-02-01,34.85,5.72,125.0,"BISKRA, AG",,,0.0,"5,S",1.0,",S",0.0,",S",0.0,",S",0.0,"3,S",0.0,"3,S",0.0,"2,S",8.0,"2,S",0.0,"2,S",19880227.0,",3,S",19880224.0,",,S",19880209.0,",2,S",3.9,"3,S,27,",0.3,",,S,24,",22.9,"2,S,09,",,,106.3,"2,S",0.3,",,,S",1.395,"5,S",1.925,"2,,,S",0.866,"3,,,S"
AGE00147718,1988-03-01,34.85,5.72,125.0,"BISKRA, AG",,,28.9,"3,S",3.0,"1,S",1.0,"1,S",0.0,"1,S",0.0,"1,S",0.0,"1,S",0.0,"2,S",18.0,"2,S",0.0,"2,S",19880301.0,",1,S",19880306.0,",1,S",19880327.0,",2,S",6.3,"1,S,01,",3.0,"1,,S,06,",31.6,"2,S,27,",,,61.5,"2,S",5.0,"1,,,S",1.6969999999999998,"3,S",2.2350000000000003,"2,,,S",1.159,"1,,,S"
AGE00147718,1988-06-01,34.85,5.72,125.0,"BISKRA, AG",,,,,6.0,"4,S",1.0,"4,S",0.0,"4,S",0.0,"4,S",0.0,"4,S",0.0,"3,S",27.0,"3,S",25.0,"3,S",19880608.0,",4,S",19880608.0,",4,S",19880630.0,",3,S",17.4,"4,S,08,",7.9,"4,,S,08,",40.7,"3,S,30,",,,,,14.4,"4,,,S",3.0149999999999997,"6,S",3.614,"3,,,S",2.416,"4,,,S"
AGE00147718,1988-07-01,34.85,5.72,125.0,"BISKRA, AG",,,,,,,,,,,0.0,"4,S",0.0,"4,S",0.0,"3,S",28.0,"3,S",28.0,"3,S",19880717.0,",4,S",,,19880705.0,",3,S",25.3,"4,S,17,",,,46.7,"3,S,05,",,,,,,,3.529,"7,S",4.206,"3,,,S",2.852,"4,,,S"
AGE00147718,1988-08-01,34.85,5.72,125.0,"BISKRA, AG",,,470.5,"1,S",0.0,"2,S",0.0,"2,S",0.0,"2,S",0.0,",S",0.0,",S",0.0,"1,S",30.0,"1,S",30.0,"1,S",19880823.0,",,S",19880831.0,"+,2,S",19880804.0,",1,S",22.4,",S,23,",0.0,"2,,S,31,+",45.9,"1,S,04,",,,0.0,"1,S",0.0,"2,,,S",3.402,"1,S",3.997,"1,,,S",2.808,",,,S"
AGE00147718,1988-09-01,34.85,5.72,125.0,"BISKRA, AG",,,236.6,"5,S",2.0,"2,S",1.0,"2,S",0.0,"2,S",0.0,"4,S",0.0,"4,S",0.0,"1,S",29.0,"1,S",16.0,"1,S",19880917.0,",4,S",19880916.0,",2,S",19880905.0,",1,S",15.4,"4,S,17,",4.1,"2,,S,16,",41.7,"1,S,05,",,,0.0,"1,S",5.1,"2,,,S",2.766,"5,S",3.347,"1,,,S",2.186,"4,,,S"
AGE00147718,1988-10-01,34.85,5.72,125.0,"BISKRA, AG",,,164.2,"5,S",2.0,"3,S",1.0,"3,S",0.0,"3,S",0.0,"3,S",0.0,"3,S",0.0,"2,S",29.0,"2,S",10.0,"2,S",19881028.0,",3,S",19881004.0,",3,S",19881015.0,",2,S",12.4,"3,S,28,",3.0,"3,,S,04,",34.9,"2,S,15,",,,0.0,"2,S",4.0,"3,,,S",2.4699999999999998,"5,S",3.0100000000000002,"2,,,S",1.9289999999999998,"3,,,S"
AGE00147718,1988-11-01,34.85,5.72,125.0,"BISKRA, AG",,,39.8,"3,S",3.0,"5,S",1.0,"5,S",0.0,"5,S",0.0,"2,S",0.0,"2,S",0.0,"3,S",13.0,"3,S",0.0,"3,S",19881126.0,",2,S",19881113.0,",5,S",19881105.0,",3,S",5.1,"2,S,26,",14.0,"5,,S,13,",29.0,"3,S,05,",,,56.5,"3,S",14.6,"5,,,S",1.777,"3,S",2.169,"3,,,S",1.385,"2,,,S"
AGE00147718,1988-12-01,34.85,5.72,125.0,"BISKRA, AG",,,0.0,"4,S",5.0,"3,S",0.0,"3,S",0.0,"3,S",0.0,"1,S",0.0,"1,S",0.0,"4,S",0.0,"4,S",0.0,"4,S",19881227.0,",1,S",19881202.0,"+,3,S",19881205.0,",4,S",3.1,"1,S,27,",2.0,"3,,S,02,+",21.0,"4,S,05,",,,160.9,"4,S",6.3,"3,,,S",1.2289999999999999,"4,S",1.693,"4,,,S",0.766,"1,,,S"
AGE00147718,1989-01-01,34.85,5.72,125.0,"BISKRA, AG",,,,,,,,,,,0.0,"3,S",0.0,"3,S",0.0,"1,S",0.0,"1,S",0.0,"1,S",19890108.0,",3,S",,,19890113.0,",1,S",3.5,"3,S,08,",,,19.1,"1,S,13,",,,,,,,1.181,"4,S",1.659,"1,,,S",0.702,"3,,,S"
AGE00147718,1989-02-01,34.85,5.72,125.0,"BISKRA, AG",,,,,,,,,,,0.0,"4,S",0.0,"4,S",0.0,"5,S",7.0,"5,S",0.0,"5,S",19890219.0,",4,S",,,19890219.0,",5,S",1.0,"4,S,19,",,,24.3,"5,S,19,",,,,,,,1.341,"9,S",1.8579999999999999,"5,,,S",0.825,"4,,,S"
AGE00147718,1989-03-01,34.85,5.72,125.0,"BISKRA, AG",,,22.6,"3,S",1.0,"1,S",0.0,"1,S",0.0,"1,S",0.0,"2,S",0.0,"2,S",0.0,"1,S",28.0,"1,S",0.0,"1,S",19890311.0,"+,2,S",19890319.0,",1,S",19890330.0,",1,S",10.0,"2,S,11,+",1.0,"1,,S,19,",31.0,"1,S,30,",,,23.5,"1,S",1.0,"1,,,S",1.845,"3,S",2.435,"1,,,S",1.2550000000000001,"2,,,S"
AGE00147718,1989-04-01,34.85,5.72,125.0,"BISKRA, AG",,,54.6,"5,S",,,,,,,0.0,"2,S",0.0,"2,S",0.0,"3,S",26.0,"3,S",1.0,"3,S",19890405.0,",2,S",,,19890425.0,",3,S",9.5,"2,S,05,",,,34.4,"3,S,25,",,,11.8,"3,S",,,2.008,"5,S",2.549,"3,,,S",1.467,"2,,,S"
AGE00147718,1989-07-01,34.85,5.72,125.0,"BISKRA, AG",,,384.8,"5,S",0.0,"2,S",0.0,"2,S",0.0,"2,S",0.0,"4,S",0.0,"4,S",0.0,"1,S",30.0,"1,S",30.0,"1,S",19890720.0,",4,S",19890731.0,"+,2,S",19890731.0,",1,S",24.0,"4,S,20,",0.0,"2,,S,31,+",42.6,"1,S,31,",0.0,S,0.0,"1,S",0.0,"2,,,S",3.313,"5,S",3.901,"1,,,S",2.726,"4,,,S"
AGE00147718,1989-09-01,34.85,5.72,125.0,"BISKRA, AG",,,,,,,,,,,0.0,"5,S",0.0,"5,S",0.0,"4,S",26.0,"4,S",23.0,"4,S",19890930.0,",5,S",,,19890912.0,",4,S",20.4,"5,S,30,",,,42.0,"4,S,12,",,,,,,,2.973,"9,S",3.5,"4,,,S",2.446,"5,,,S"
AGE00147718,1990-07-01,34.85,5.72,125.0,"BISKRA, AG",,,403.7,"3,S",,,,,,,0.0,"3,S",0.0,"3,S",0.0,",S",31.0,",S",31.0,",S",19900718.0,",3,S",,,19900701.0,",,S",19.6,"3,S,18,",,,43.6,",S,01,",0.0,S,0.0,",S",,,3.282,"3,S",3.896,",,,S",2.668,"3,,,S"
AGE00147718,1990-10-01,34.85,5.72,125.0,"BISKRA, AG",,,186.1,"3,S",0.0,"1,S",0.0,"1,S",0.0,"1,S",0.0,"2,S",0.0,"2,S",0.0,"1,S",30.0,"1,S",10.0,"1,S",19901027.0,",2,S",19901031.0,"+,1,S",19901014.0,",1,S",14.3,"2,S,27,",0.0,"1,,S,31,+",34.3,"1,S,14,",,,0.0,"1,S",0.0,"1,,,S",2.498,"3,S",3.016,"1,,,S",1.9809999999999999,"2,,,S"
AGE00147718,1991-02-01,34.85,5.72,125.0,"BISKRA, AG",,,,,,,,,,,0.0,"5,S",0.0,"5,S",0.0,"3,S",1.0,"3,S",0.0,"3,S",19910216.0,",5,S",,,19910222.0,",3,S",3.0,"5,S,16,",,,23.0,"3,S,22,",,,,,,,1.279,"6,S",1.7469999999999999,"3,,,S",0.8119999999999999,"5,,,S"
AGE00147718,1991-03-01,34.85,5.72,125.0,"BISKRA, AG",,,,,,,,,,,0.0,"4,S",0.0,"4,S",0.0,"3,S",21.0,"3,S",0.0,"3,S",19910309.0,",4,S",,,19910323.0,",3,S",9.5,"4,S,09,",,,31.2,"3,S,23,",,,,,,,1.7600000000000002,"6,S",2.262,"3,,,S",1.2570000000000001,"4,,,S"
AGE00147718,1991-05-01,34.85,5.72,125.0,"BISKRA, AG",,,105.8,"5,S",,,,,,,0.0,"5,S",0.0,"5,S",0.0,"1,S",30.0,"1,S",4.0,"1,S",19910503.0,",5,S",,,19910530.0,",1,S",12.1,"5,S,03,",,,37.7,"1,S,30,",,,0.0,"1,S",,,2.243,"5,S",2.826,"1,,,S",1.6600000000000001,"5,,,S"
AGE00147718,1991-06-01,34.85,5.72,125.0,"BISKRA, AG",,,349.7,"1,S",1.0,"3,S",0.0,"3,S",0.0,"3,S",0.0,"1,S",0.0,"1,S",0.0,",S",30.0,",S",29.0,",S",19910605.0,",1,S",19910615.0,",3,S",19910628.0,",,S",20.2,"1,S,05,",1.0,"3,,S,15,",43.6,",S,28,",,,0.0,",S",1.0,"3,,,S",3.04,"1,S",3.66,",,,S",2.419,"1,,,S"
AGE00147718,1991-10-01,34.85,5.72,125.0,"BISKRA, AG",,,,,,,,,,,0.0,"4,S",0.0,"4,S",0.0,"4,S",25.0,"4,S",5.0,"4,S",19911021.0,",4,S",,,19911010.0,",4,S",11.2,"4,S,21,",,,35.6,"4,S,10,",,,,,,,2.283,"7,S",2.774,"4,,,S",1.791,"4,,,S"
AGE00147718,1991-11-01,34.85,5.72,125.0,"BISKRA, AG",,,,,,,,,,,0.0,"2,S",0.0,"2,S",0.0,"4,S",12.0,"4,S",0.0,"4,S",19911125.0,",2,S",,,19911112.0,",4,S",4.5,"2,S,25,",,,27.5,"4,S,12,",,,,,,,1.614,"6,S",2.0829999999999997,"4,,,S",1.1460000000000001,"2,,,S"
AGE00147718,1991-12-01,34.85,5.72,125.0,"BISKRA, AG",,,,,,,,,,,0.0,"4,S",0.0,"4,S",0.0,"3,S",2.0,"3,S",0.0,"3,S",19911231.0,",4,S",,,19911223.0,",3,S",2.5,"4,S,31,",,,23.6,"3,S,23,",,,,,,,1.173,"6,S",1.572,"3,,,S",0.774,"4,,,S"
AGE00147718,1992-01-01,34.85,5.72,125.0,"BISKRA, AG",,,,,,,,,,,0.0,"4,S",0.0,"4,S",0.0,"4,S",0.0,"4,S",0.0,"4,S",19920101.0,",4,S",,,19920129.0,",4,S",1.5,"4,S,01,",,,17.5,"4,S,29,",,,,,,,0.985,"8,S",1.457,"4,,,S",0.514,"4,,,S"
AGE00147718,1992-02-01,34.85,5.72,125.0,"BISKRA, AG",,,0.0,"1,S",2.0,"3,S",1.0,"3,S",0.0,"3,S",0.0,",S",0.0,",S",0.0,"1,S",4.0,"1,S",0.0,"1,S",19920224.0,",,S",19920221.0,",3,S",19920217.0,",1,S",3.9,",S,24,",4.1,"3,,S,21,",22.8,"1,S,17,",,,147.4,"1,S",4.4,"3,,,S",1.306,"1,S",1.8510000000000002,"1,,,S",0.761,",,,S"
AGE00147718,1992-06-01,34.85,5.72,125.0,"BISKRA, AG",,,256.3,"4,S",,,,,,,0.0,"3,S",0.0,"3,S",0.0,"2,S",28.0,"2,S",23.0,"2,S",19920609.0,",3,S",,,19920621.0,",2,S",18.2,"3,S,09,",,,40.1,"2,S,21,",,,0.0,"2,S",,,2.818,"4,S",3.411,"2,,,S",2.225,"3,,,S"
AGE00147718,1992-07-01,34.85,5.72,125.0,"BISKRA, AG",,,362.5,"4,S",2.0,"5,S",2.0,"5,S",0.0,"5,S",0.0,"3,S",0.0,"3,S",0.0,"1,S",30.0,"1,S",30.0,"1,S",19920703.0,",3,S",19920729.0,"+,5,S",19920721.0,",1,S",21.4,"3,S,03,",4.1,"5,,S,29,+",41.2,"1,S,21,",0.0,S,0.0,"1,S",8.2,"5,,,S",3.184,"4,S",3.7729999999999997,"1,,,S",2.5949999999999998,"3,,,S"
AGE00147718,1992-08-01,34.85,5.72,125.0,"BISKRA, AG",,,,,,,,,,,0.0,"5,S",0.0,"5,S",0.0,"1,S",30.0,"1,S",30.0,"1,S",19920816.0,",5,S",,,19920824.0,",1,S",23.4,"5,S,16,",,,43.1,"1,S,24,",,,,,,,3.3310000000000004,"6,S",3.9619999999999997,"1,,,S",2.7,"5,,,S"
AGE00147718,1992-09-01,34.85,5.72,125.0,"BISKRA, AG",,,299.3,"4,S",3.0,"5,S",2.0,"5,S",0.0,"5,S",0.0,"2,S",0.0,"2,S",0.0,"2,S",28.0,"2,S",26.0,"2,S",19920922.0,",2,S",19920923.0,",5,S",19920901.0,",2,S",21.7,"2,S,22,",17.0,"5,,S,23,",39.0,"2,S,01,",,,0.0,"2,S",25.4,"5,,,S",2.973,"4,S",3.525,"2,,,S",2.4210000000000003,"2,,,S"
AGE00147718,1992-10-01,34.85,5.72,125.0,"BISKRA, AG",,,,,,,,,,,0.0,"5,S",0.0,"5,S",0.0,"2,S",29.0,"2,S",4.0,"2,S",19921006.0,",5,S",,,19921009.0,",2,S",12.6,"5,S,06,",,,34.6,"2,S,09,",,,,,,,2.353,"7,S",2.909,"2,,,S",1.797,"5,,,S"
AGE00147718,1992-12-01,34.85,5.72,125.0,"BISKRA, AG",,,0.0,"4,S",2.0,"5,S",0.0,"5,S",0.0,"5,S",0.0,"3,S",0.0,"3,S",0.0,"1,S",1.0,"1,S",0.0,"1,S",19921214.0,",3,S",19921217.0,",5,S",19921205.0,",1,S",6.4,"3,S,14,",2.0,"5,,S,17,",22.7,"1,S,05,",,,140.3,"1,S",2.5,"5,,,S",1.3119999999999998,"4,S",1.766,"1,,,S",0.858,"3,,,S"
AGE00147718,1993-01-01,34.85,5.72,125.0,"BISKRA, AG",0.0,S,0.0,"5,S",,,,,,,0.0,"3,S",0.0,"3,S",0.0,"2,S",0.0,"2,S",0.0,"2,S",19930112.0,",3,S",,,19930126.0,"+,2,S",4.0,"3,S,12,",,,19.4,"2,S,26,+",,,174.3,"2,S",,,1.1560000000000001,"5,S",1.7079999999999997,"2,,,S",0.604,"3,,,S"
AGE00147718,1993-02-01,34.85,5.72,125.0,"BISKRA, AG",0.0,S,0.0,"5,S",3.0,"4,S",2.0,"4,S",1.0,"4,S",0.0,"3,S",0.0,"3,S",0.0,"3,S",0.0,"3,S",0.0,"3,S",19930226.0,",3,S",19930228.0,",4,S",19930201.0,",3,S",4.2,"3,S,26,",30.0,"4,,S,28,",19.8,"3,S,01,",,,128.5,"3,S",43.5,"4,,,S",1.268,"5,S",1.691,"3,,,S",0.845,"3,,,S"
AGE00147718,1993-03-01,34.85,5.72,125.0,"BISKRA, AG",,,,,,,,,,,0.0,"4,S",0.0,"4,S",0.0,"4,S",11.0,"4,S",0.0,"4,S",19930329.0,",4,S",,,19930323.0,",4,S",4.2,"4,S,29,",,,26.4,"4,S,23,",,,,,,,1.504,"8,S",2.0420000000000003,"4,,,S",0.9650000000000001,"4,,,S"
AGE00147718,1993-04-01,34.85,5.72,125.0,"BISKRA, AG",,,54.9,"4,S",0.0,"4,S",0.0,"4,S",0.0,"4,S",0.0,"3,S",0.0,"3,S",0.0,"1,S",29.0,"1,S",1.0,"1,S",19930403.0,",3,S",19930430.0,"+,4,S",19930426.0,",1,S",10.0,"3,S,03,",0.0,"4,,S,30,+",33.0,"1,S,26,",,,5.3,"1,S",0.0,"4,,,S",2.032,"4,S",2.628,"1,,,S",1.436,"3,,,S"
AGE00147718,1993-06-01,34.85,5.72,125.0,"BISKRA, AG",,,356.1,"4,S",,,,,,,0.0,"3,S",0.0,"3,S",0.0,"2,S",28.0,"2,S",28.0,"2,S",19930606.0,",3,S",,,19930627.0,",2,S",21.4,"3,S,06,",,,46.3,"2,S,27,",,,0.0,"2,S",,,3.2039999999999997,"4,S",3.8920000000000003,"2,,,S",2.516,"3,,,S"
AGE00147718,1993-07-01,34.85,5.72,125.0,"BISKRA, AG",,,419.4,"4,S",,,,,,,0.0,"2,S",0.0,"2,S",0.0,"2,S",29.0,"2,S",29.0,"2,S",19930714.0,",2,S",,,19930706.0,",2,S",23.2,"2,S,14,",,,47.3,"2,S,06,",0.0,S,0.0,"2,S",,,3.3909999999999996,"4,S",3.999,"2,,,S",2.783,"2,,,S"
AGE00147718,1993-08-01,34.85,5.72,125.0,"BISKRA, AG",,,417.6,"4,S",0.0,"5,S",0.0,"5,S",0.0,"5,S",0.0,"2,S",0.0,"2,S",0.0,"2,S",29.0,"2,S",29.0,"2,S",19930831.0,",2,S",19930831.0,"+,5,S",19930807.0,",2,S",23.9,"2,S,31,",0.0,"5,,S,31,+",43.8,"2,S,07,",0.0,S,0.0,"2,S",0.0,"5,,,S",3.3840000000000003,"4,S",4.021,"2,,,S",2.748,"2,,,S"
AGE00147718,1993-09-01,34.85,5.72,125.0,"BISKRA, AG",,,266.7,"5,S",2.0,"4,S",0.0,"4,S",0.0,"4,S",0.0,"2,S",0.0,"2,S",0.0,"3,S",27.0,"3,S",19.0,"3,S",19930925.0,",2,S",19930905.0,",4,S",19930902.0,",3,S",17.0,"2,S,25,",2.0,"4,,S,05,",40.1,"3,S,02,",0.0,S,0.0,"3,S",3.0,"4,,,S",2.879,"5,S",3.4159999999999995,"3,,,S",2.343,"2,,,S"
AGE00147718,1993-10-01,34.85,5.72,125.0,"BISKRA, AG",,,,,,,,,,,0.0,"2,S",0.0,"2,S",0.0,"5,S",26.0,"5,S",5.0,"5,S",19931023.0,",2,S",,,19931013.0,",5,S",12.5,"2,S,23,",,,35.5,"5,S,13,",,,,,,,2.4219999999999997,"6,S",2.961,"5,,,S",1.8829999999999998,"2,,,S"
AGE00147718,1993-11-01,34.85,5.72,125.0,"BISKRA, AG",,,24.6,"5,S",,,,,,,0.0,"4,S",0.0,"4,S",0.0,"2,S",16.0,"2,S",0.0,"2,S",19931123.0,",4,S",,,19931113.0,",2,S",5.5,"4,S,23,",,,28.1,"2,S,13,",,,52.8,"2,S",,,1.722,"5,S",2.183,"2,,,S",1.26,"4,,,S"
AGE00147718,1994-03-01,34.85,5.72,125.0,"BISKRA, AG",,,,,,,,,,,0.0,"3,S",0.0,"3,S",0.0,"3,S",26.0,"3,S",0.0,"3,S",19940318.0,",3,S",,,19940325.0,",3,S",9.3,"3,S,18,",,,30.5,"3,S,25,",,,,,,,1.8519999999999999,"6,S",2.48,"3,,,S",1.224,"3,,,S"
AGE00147718,1994-04-01,34.85,5.72,125.0,"BISKRA, AG",,,39.1,"2,S",0.0,"5,S",0.0,"5,S",0.0,"5,S",0.0,"2,S",0.0,"2,S",0.0,"1,S",26.0,"1,S",1.0,"1,S",19940413.0,",2,S",19940430.0,"+,5,S",19940424.0,",1,S",7.5,"2,S,13,",0.0,"5,,S,30,+",32.6,"1,S,24,",,,18.9,"1,S",0.0,"5,,,S",1.8940000000000001,"2,S",2.476,"1,,,S",1.3119999999999998,"2,,,S"
AGE00147718,1994-05-01,34.85,5.72,125.0,"BISKRA, AG",,,260.5,"5,S",0.0,"5,S",0.0,"5,S",0.0,"5,S",0.0,"3,S",0.0,"3,S",0.0,"2,S",29.0,"2,S",19.0,"2,S",19940502.0,",3,S",19940531.0,"+,5,S",19940531.0,",2,S",12.9,"3,S,02,",0.0,"5,,S,31,+",45.3,"2,S,31,",,,0.0,"2,S",0.0,"5,,,S",2.8440000000000003,"5,S",3.5090000000000003,"2,,,S",2.179,"3,,,S"
AGE00147718,1994-06-01,34.85,5.72,125.0,"BISKRA, AG",,,329.9,"5,S",,,,,,,0.0,"3,S",0.0,"3,S",0.0,"2,S",28.0,"2,S",26.0,"2,S",19940613.0,",3,S",,,19940620.0,",2,S",18.6,"3,S,13,",,,44.0,"2,S,20,",,,0.0,"2,S",,,3.15,"5,S",3.8409999999999997,"2,,,S",2.4579999999999997,"3,,,S"
AGE00147718,1994-07-01,34.85,5.72,125.0,"BISKRA, AG",,,,,,,,,,,0.0,"2,S",0.0,"2,S",0.0,"5,S",26.0,"5,S",26.0,"5,S",19940713.0,",2,S",,,19940706.0,",5,S",24.9,"2,S,13,",,,45.8,"5,S,06,",,,,,,,3.4450000000000003,"7,S",4.127000000000001,"5,,,S",2.7640000000000002,"2,,,S"
AGE00147718,1994-08-01,34.85,5.72,125.0,"BISKRA, AG",,,452.4,"4,S",,,,,,,0.0,"3,S",0.0,"3,S",0.0,"1,S",30.0,"1,S",30.0,"1,S",19940825.0,"+,3,S",,,19940811.0,",1,S",26.0,"3,S,25,+",,,46.0,"1,S,11,",,,0.0,"1,S",,,3.503,"4,S",4.178,"1,,,S",2.8280000000000003,"3,,,S"
AGE00147718,1994-09-01,34.85,5.72,125.0,"BISKRA, AG",,,,,,,,,,,0.0,"3,S",0.0,"3,S",0.0,"4,S",26.0,"4,S",17.0,"4,S",19940920.0,",3,S",,,19940914.0,",4,S",17.8,"3,S,20,",,,40.4,"4,S,14,",,,,,,,2.8920000000000003,"7,S",3.405,"4,,,S",2.379,"3,,,S"
AGE00147718,1994-10-01,34.85,5.72,125.0,"BISKRA, AG",,,111.7,"4,S",10.0,"5,S",7.0,"5,S",0.0,"5,S",0.0,"3,S",0.0,"3,S",0.0,"2,S",28.0,"2,S",0.0,"2,S",19941021.0,",3,S",19941008.0,",5,S",19941003.0,",2,S",14.0,"3,S,21,",11.9,"5,,S,08,",30.3,"2,S,03,",,,0.6,"2,S",48.9,"5,,,S",2.2359999999999998,"4,S",2.669,"2,,,S",1.8030000000000002,"3,,,S"
AGE00147718,1994-11-01,34.85,5.72,125.0,"BISKRA, AG",,,22.4,"2,S",,,,,,,0.0,"2,S",0.0,"2,S",0.0,",S",26.0,",S",0.0,",S",19941128.0,",2,S",,,19941101.0,",,S",8.3,"2,S,28,",,,26.5,",S,01,",,,26.9,",S",,,1.8199999999999998,"2,S",2.32,",,,S",1.3199999999999998,"2,,,S"
AGE00147718,1994-12-01,34.85,5.72,125.0,"BISKRA, AG",,,0.0,"5,S",0.0,"4,S",0.0,"4,S",0.0,"4,S",0.0,"4,S",0.0,"4,S",0.0,"2,S",3.0,"2,S",0.0,"2,S",19941229.0,",4,S",19941231.0,"+,4,S",19941211.0,",2,S",2.6,"4,S,29,",0.0,"4,,S,31,+",22.6,"2,S,11,",,,137.3,"2,S",0.0,"4,,,S",1.3039999999999998,"5,S",1.83,"2,,,S",0.779,"4,,,S"
AGE00147718,1995-01-01,34.85,5.72,125.0,"BISKRA, AG",0.0,S,0.0,"3,S",1.0,"4,S",1.0,"4,S",0.0,"4,S",0.0,"2,S",0.0,"2,S",0.0,"1,S",3.0,"1,S",0.0,"1,S",19950108.0,",2,S",19950107.0,",4,S",19950131.0,",1,S",0.9,"2,S,08,",4.1,"4,,S,07,",21.5,"1,S,31,",,,190.5,"1,S",4.1,"4,,,S",1.1640000000000001,"3,S",1.685,"1,,,S",0.643,"2,,,S"
AGE00147718,1995-02-01,34.85,5.72,125.0,"BISKRA, AG",4.0,S,4.0,"5,S",1.0,"4,S",0.0,"4,S",0.0,"4,S",0.0,"4,S",0.0,"4,S",0.0,"1,S",19.0,"1,S",0.0,"1,S",19950206.0,",4,S",19950203.0,",4,S",19950218.0,",1,S",7.0,"4,S,06,",2.0,"4,,S,03,",26.0,"1,S,18,",,,53.7,"1,S",2.0,"4,,,S",1.6219999999999999,"5,S",2.202,"1,,,S",1.042,"4,,,S"
AGE00147718,1995-03-01,34.85,5.72,125.0,"BISKRA, AG",12.7,S,8.7,"4,S",,,,,,,0.0,"3,S",0.0,"3,S",0.0,"2,S",19.0,"2,S",1.0,"2,S",19950323.0,",3,S",,,19950314.0,",2,S",6.5,"3,S,23,",,,32.2,"2,S,14,",,,56.5,"2,S",,,1.6510000000000002,"4,S",2.263,"2,,,S",1.038,"3,,,S"
AGE00147718,1995-04-01,34.85,5.72,125.0,"BISKRA, AG",52.0,S,39.3,"2,S",1.0,"4,S",1.0,"4,S",0.0,"4,S",0.0,",S",0.0,",S",0.0,"2,S",25.0,"2,S",0.0,"2,S",19950401.0,",,S",19950423.0,",4,S",19950421.0,",2,S",4.4,",S,01,",4.1,"4,,S,23,",30.6,"2,S,21,",,,23.9,"2,S",4.1,"4,,,S",1.889,"2,S",2.5149999999999997,"2,,,S",1.2630000000000001,",,,S"
AGE00147718,1995-05-01,34.85,5.72,125.0,"BISKRA, AG",,,,,,,,,,,0.0,"5,S",0.0,"5,S",0.0,"5,S",26.0,"5,S",14.0,"5,S",19950513.0,",5,S",,,19950521.0,",5,S",15.0,"5,S,13,",,,39.0,"5,S,21,",,,,,,,2.607,"8,S",3.255,"5,,,S",1.959,"5,,,S"
AGE00147718,1995-06-01,34.85,5.72,125.0,"BISKRA, AG",,,319.6,"3,S",2.0,"4,S",0.0,"4,S",0.0,"4,S",0.0,"2,S",0.0,"2,S",0.0,"1,S",29.0,"1,S",24.0,"1,S",19950602.0,",2,S",19950612.0,",4,S",19950626.0,",1,S",16.8,"2,S,02,",2.0,"4,,S,12,",44.5,"1,S,26,",,,0.0,"1,S",2.5,"4,,,S",3.0309999999999997,"3,S",3.6479999999999997,"1,,,S",2.414,"2,,,S"
AGE00147718,1995-07-01,34.85,5.72,125.0,"BISKRA, AG",,,486.2,",S",0.0,"3,S",0.0,"3,S",0.0,"3,S",0.0,",S",0.0,",S",0.0,",S",31.0,",S",31.0,",S",19950707.0,",,S",19950731.0,"+,3,S",19950729.0,",,S",24.1,",S,07,",0.0,"3,,S,31,+",43.5,",S,29,",0.0,S,0.0,",S",0.0,"3,,,S",3.402,",S",4.032,",,,S",2.772,",,,S"
AGE00147718,1995-09-01,34.85,5.72,125.0,"BISKRA, AG",,,241.6,"3,S",5.0,"5,S",4.0,"5,S",0.0,"5,S",0.0,"3,S",0.0,"3,S",0.0,",S",30.0,",S",18.0,",S",19950927.0,",3,S",19950925.0,",5,S",19950904.0,"+,,S",14.8,"3,S,27,",17.0,"5,,S,25,",40.0,",S,04,+",,,0.0,",S",34.3,"5,,,S",2.745,"3,S",3.2909999999999995,",,,S",2.199,"3,,,S"
AGE00147718,1995-11-01,34.85,5.72,125.0,"BISKRA, AG",,,,,,,,,,,0.0,"5,S",0.0,"5,S",0.0,"2,S",17.0,"2,S",0.0,"2,S",19951129.0,",5,S",,,19951118.0,",2,S",7.5,"5,S,29,",,,28.9,"2,S,18,",,,,,,,1.6789999999999998,"7,S",2.211,"2,,,S",1.1480000000000001,"5,,,S"
AGE00147718,1996-01-01,34.85,5.72,125.0,"BISKRA, AG",,,,,,,,,,,0.0,"4,S",0.0,"4,S",0.0,"3,S",3.0,"3,S",0.0,"3,S",19960109.0,",4,S",,,19960101.0,",3,S",6.7,"4,S,09,",,,21.7,"3,S,01,",,,,,,,1.374,"6,S",1.7510000000000001,"3,,,S",0.9970000000000001,"4,,,S"
AGE00147718,1996-04-01,34.85,5.72,125.0,"BISKRA, AG",,,,,,,,,,,0.0,"5,S",0.0,"5,S",0.0,"1,S",29.0,"1,S",1.0,"1,S",19960405.0,",5,S",,,19960424.0,",1,S",8.0,"5,S,05,",,,32.5,"1,S,24,",,,,,,,2.006,"6,S",2.5629999999999997,"1,,,S",1.449,"5,,,S"
AGE00147718,1996-06-01,34.85,5.72,125.0,"BISKRA, AG",,,252.9,"5,S",,,,,,,0.0,"3,S",0.0,"3,S",0.0,"2,S",28.0,"2,S",24.0,"2,S",19960626.0,",3,S",,,19960621.0,",2,S",18.5,"3,S,26,",,,40.0,"2,S,21,",,,0.0,"2,S",,,2.837,"5,S",3.428,"2,,,S",2.246,"3,,,S"
AGE00147718,1996-10-01,34.85,5.72,125.0,"BISKRA, AG",,,66.9,"4,S",1.0,"3,S",0.0,"3,S",0.0,"3,S",0.0,"1,S",0.0,"1,S",0.0,"3,S",28.0,"3,S",0.0,"3,S",19961029.0,",1,S",19961006.0,",3,S",19961002.0,",3,S",12.1,"1,S,29,",1.0,"3,,S,06,",31.8,"3,S,02,",,,0.4,"3,S",1.0,"3,,,S",2.087,"4,S",2.6710000000000003,"3,,,S",1.503,"1,,,S"
AGE00147718,1996-11-01,34.85,5.72,125.0,"BISKRA, AG",,,,,,,,,,,0.0,"5,S",0.0,"5,S",0.0,"4,S",19.0,"4,S",0.0,"4,S",19961120.0,",5,S",,,19961101.0,",4,S",6.0,"5,S,20,",,,25.4,"4,S,01,",,,,,,,1.6510000000000002,"9,S",2.2030000000000003,"4,,,S",1.098,"5,,,S"
AGE00147718,1997-02-01,34.85,5.72,125.0,"BISKRA, AG",,,,,2.0,"5,S",1.0,"5,S",0.0,"5,S",0.0,"4,S",0.0,"4,S",0.0,"2,S",14.0,"2,S",0.0,"2,S",19970211.0,",4,S",19970204.0,",5,S",19970226.0,",2,S",6.0,"4,S,11,",3.0,"5,,S,04,",25.6,"2,S,26,",,,,,5.0,"5,,,S",1.544,"6,S",2.16,"2,,,S",0.9279999999999999,"4,,,S"
AGE00147718,1997-03-01,34.85,5.72,125.0,"BISKRA, AG",,,5.4,"2,S",3.0,"4,S",1.0,"4,S",0.0,"4,S",0.0,"2,S",0.0,"2,S",0.0,",S",26.0,",S",0.0,",S",19970304.0,",2,S",19970327.0,",4,S",19970320.0,",,S",6.3,"2,S,04,",6.1,"4,,S,27,",28.6,",S,20,",,,55.8,",S",9.1,"4,,,S",1.657,"2,S",2.325,",,,S",0.99,"2,,,S"
AGE00147718,1997-04-01,34.85,5.72,125.0,"BISKRA, AG",,,47.9,"5,S",5.0,"2,S",3.0,"2,S",1.0,"2,S",0.0,"5,S",0.0,"5,S",0.0,"2,S",25.0,"2,S",0.0,"2,S",19970403.0,",5,S",19970410.0,",2,S",19970429.0,",2,S",7.4,"5,S,03,",40.9,"2,,S,10,",31.4,"2,S,29,",,,13.2,"2,S",70.7,"2,,,S",1.9449999999999998,"5,S",2.503,"2,,,S",1.387,"5,,,S"
AGE00147718,1997-05-01,34.85,5.72,125.0,"BISKRA, AG",,,197.4,"4,S",0.0,"5,S",0.0,"5,S",0.0,"5,S",0.0,"3,S",0.0,"3,S",0.0,"2,S",29.0,"2,S",17.0,"2,S",19970503.0,",3,S",19970531.0,"+,5,S",19970529.0,",2,S",13.4,"3,S,03,",0.0,"5,,S,31,+",39.1,"2,S,29,",,,0.0,"2,S",0.0,"5,,,S",2.585,"4,S",3.249,"2,,,S",1.921,"3,,,S"
AGE00147718,1997-06-01,34.85,5.72,125.0,"BISKRA, AG",,,,,1.0,"3,S",1.0,"3,S",0.0,"3,S",0.0,"4,S",0.0,"4,S",0.0,"2,S",28.0,"2,S",26.0,"2,S",19970629.0,",4,S",19970629.0,",3,S",19970614.0,",2,S",20.9,"4,S,29,",7.9,"3,,S,29,",47.0,"2,S,14,",,,,,7.9,"3,,,S",3.2590000000000003,"6,S",3.934,"2,,,S",2.585,"4,,,S"
AGE00147718,1997-07-01,34.85,5.72,125.0,"BISKRA, AG",,,,,0.0,"5,S",0.0,"5,S",0.0,"5,S",0.0,"5,S",0.0,"5,S",0.0,"2,S",29.0,"2,S",29.0,"2,S",19970721.0,",5,S",19970731.0,"+,5,S",19970723.0,",2,S",21.5,"5,S,21,",0.0,"5,,S,31,+",47.0,"2,S,23,",,,,,0.0,"5,,,S",3.4130000000000003,"7,S",4.085,"2,,,S",2.741,"5,,,S"
AGE00147718,1997-10-01,34.85,5.72,125.0,"BISKRA, AG",,,,,3.0,"4,S",3.0,"4,S",0.0,"4,S",0.0,"3,S",0.0,"3,S",0.0,"4,S",26.0,"4,S",6.0,"4,S",19971031.0,",3,S",19971001.0,",4,S",19971004.0,",4,S",12.3,"3,S,31,",5.1,"4,,S,01,",34.5,"4,S,04,",,,,,11.1,"4,,,S",2.341,"6,S",2.882,"4,,,S",1.799,"3,,,S"
AGE00147718,1997-11-01,34.85,5.72,125.0,"BISKRA, AG",,,7.8,"4,S",,,,,,,0.0,"2,S",0.0,"2,S",0.0,"3,S",17.0,"3,S",0.0,"3,S",19971125.0,",2,S",,,19971105.0,"+,3,S",8.4,"2,S,25,",,,27.0,"3,S,05,+",,,47.9,"3,S",,,1.69,"4,S",2.164,"3,,,S",1.216,"2,,,S"
AGE00147718,1998-03-01,34.85,5.72,125.0,"BISKRA, AG",,,10.9,"2,S",,,,,,,0.0,"2,S",0.0,"2,S",0.0,"1,S",21.0,"1,S",0.0,"1,S",19980327.0,",2,S",,,19980308.0,",1,S",5.0,"2,S,27,",,,28.6,"1,S,08,",,,57.4,"1,S",,,1.6789999999999998,"2,S",2.335,"1,,,S",1.0230000000000001,"2,,,S"
AGE00147718,1998-04-01,34.85,5.72,125.0,"BISKRA, AG",,,,,4.0,"4,S",2.0,"4,S",1.0,"4,S",0.0,"5,S",0.0,"5,S",0.0,"2,S",28.0,"2,S",5.0,"2,S",19980413.0,",5,S",19980423.0,",4,S",19980405.0,",2,S",9.5,"5,S,13,",39.1,"4,,S,23,",33.6,"2,S,05,",,,,,47.5,"4,,,S",2.1239999999999997,"7,S",2.758,"2,,,S",1.49,"5,,,S"
AGE00147718,1998-05-01,34.85,5.72,125.0,"BISKRA, AG",,,,,4.0,"4,S",2.0,"4,S",0.0,"4,S",0.0,"1,S",0.0,"1,S",0.0,"5,S",26.0,"5,S",8.0,"5,S",19980505.0,"+,1,S",19980504.0,"+,4,S",19980518.0,",5,S",12.4,"1,S,05,+",7.1,"4,,S,04,+",35.9,"5,S,18,",,,,,17.2,"4,,,S",2.4539999999999997,"6,S",3.049,"5,,,S",1.859,"1,,,S"
AGE00147718,1998-06-01,34.85,5.72,125.0,"BISKRA, AG",,,303.0,"5,S",,,,,,,0.0,"4,S",0.0,"4,S",0.0,"1,S",29.0,"1,S",28.0,"1,S",19980613.0,",4,S",,,19980630.0,",1,S",19.0,"4,S,13,",,,44.5,"1,S,30,",,,0.0,"1,S",,,3.069,"5,S",3.7479999999999998,"1,,,S",2.3899999999999997,"4,,,S"
AGE00147718,1998-07-01,34.85,5.72,125.0,"BISKRA, AG",,,428.4,"4,S",,,,,,,0.0,"1,S",0.0,"1,S",0.0,"3,S",28.0,"3,S",28.0,"3,S",19980716.0,",1,S",,,19980704.0,",3,S",23.3,"1,S,16,",,,45.2,"3,S,04,",0.0,S,0.0,"3,S",,,3.4,"4,S",4.072,"3,,,S",2.729,"1,,,S"
AGE00147718,1998-08-01,34.85,5.72,125.0,"BISKRA, AG",,,393.6,"5,S",,,,,,,0.0,"2,S",0.0,"2,S",0.0,"4,S",27.0,"4,S",27.0,"4,S",19980805.0,",2,S",,,19980817.0,",4,S",24.0,"2,S,05,",,,44.9,"4,S,17,",0.0,S,0.0,"4,S",,,3.35,"5,S",3.967,"4,,,S",2.732,"2,,,S"
AGE00147718,1998-09-01,34.85,5.72,125.0,"BISKRA, AG",,,305.4,"4,S",,,,,,,0.0,"2,S",0.0,"2,S",0.0,"3,S",27.0,"3,S",20.0,"3,S",19980911.0,",2,S",,,19980903.0,",3,S",16.2,"2,S,11,",,,44.4,"3,S,03,",0.0,S,0.0,"3,S",,,3.0010000000000003,"4,S",3.559,"3,,,S",2.443,"2,,,S"
AGE00147718,1998-10-01,34.85,5.72,125.0,"BISKRA, AG",,,,,2.0,"4,S",0.0,"4,S",0.0,"4,S",0.0,"3,S",0.0,"3,S",0.0,"3,S",28.0,"3,S",1.0,"3,S",19981029.0,",3,S",19981020.0,",4,S",19981001.0,",3,S",9.4,"3,S,29,",2.0,"4,,S,20,",33.5,"3,S,01,",,,,,3.0,"4,,,S",2.1149999999999998,"6,S",2.685,"3,,,S",1.546,"3,,,S"
AGE00147718,1998-11-01,34.85,5.72,125.0,"BISKRA, AG",,,,,,,,,,,0.0,"5,S",0.0,"5,S",0.0,"3,S",15.0,"3,S",0.0,"3,S",19981123.0,",5,S",,,19981106.0,",3,S",5.5,"5,S,23,",,,29.0,"3,S,06,",,,,,,,1.623,"6,S",2.147,"3,,,S",1.098,"5,,,S"
AGE00147718,1998-12-01,34.85,5.72,125.0,"BISKRA, AG",,,,,,,,,,,0.0,"5,S",0.0,"5,S",0.0,"1,S",3.0,"1,S",0.0,"1,S",19981210.0,",5,S",,,19981215.0,",1,S",2.4,"5,S,10,",,,22.1,"1,S,15,",,,,,,,1.137,"6,S",1.6960000000000002,"1,,,S",0.5780000000000001,"5,,,S"
AGE00147718,1999-02-01,34.85,5.72,125.0,"BISKRA, AG",,,0.0,"3,S",,,,,,,0.0,"3,S",1.0,"3,S",0.0,",S",6.0,",S",0.0,",S",19990202.0,",3,S",,,19990226.0,",,S",-0.5,"3,S,02,",,,24.6,",S,26,",,,143.8,",S",,,1.232,"3,S",1.754,",,,S",0.71,"3,,,S"
AGE00147718,1999-03-01,34.85,5.72,125.0,"BISKRA, AG",,,,,,,,,,,0.0,"5,S",0.0,"5,S",0.0,"3,S",19.0,"3,S",0.0,"3,S",19990309.0,",5,S",,,19990325.0,",3,S",7.7,"5,S,09,",,,28.7,"3,S,25,",,,,,,,1.6920000000000002,"7,S",2.278,"3,,,S",1.105,"5,,,S"
AGE00147718,1999-04-01,34.85,5.72,125.0,"BISKRA, AG",,,,,,,,,,,0.0,"4,S",0.0,"4,S",0.0,"3,S",27.0,"3,S",3.0,"3,S",19990417.0,",4,S",,,19990430.0,"+,3,S",9.5,"4,S,17,",,,37.0,"3,S,30,+",,,,,,,2.1550000000000002,"7,S",2.798,"3,,,S",1.512,"4,,,S"
AGE00147718,1999-06-01,34.85,5.72,125.0,"BISKRA, AG",,,379.5,"5,S",,,,,,,0.0,"1,S",0.0,"1,S",0.0,"4,S",26.0,"4,S",26.0,"4,S",19990615.0,",1,S",,,19990603.0,",4,S",21.4,"1,S,15,",,,45.0,"4,S,03,",,,0.0,"4,S",,,3.344,"5,S",4.0280000000000005,"4,,,S",2.659,"1,,,S"
AGE00147718,1999-07-01,34.85,5.72,125.0,"BISKRA, AG",,,,,,,,,,,0.0,"5,S",0.0,"5,S",0.0,"3,S",28.0,"3,S",28.0,"3,S",19990726.0,"+,5,S",,,19990706.0,",3,S",24.0,"5,S,26,+",,,44.0,"3,S,06,",,,,,,,3.38,"7,S",4.037,"3,,,S",2.723,"5,,,S"
AGE00147718,1999-10-01,34.85,5.72,125.0,"BISKRA, AG",,,204.6,"2,S",3.0,"3,S",2.0,"3,S",0.0,"3,S",0.0,"1,S",0.0,"1,S",0.0,"1,S",30.0,"1,S",10.0,"1,S",19991023.0,"+,1,S",19991006.0,",3,S",19991027.0,",1,S",16.2,"1,S,23,+",8.9,"3,,S,06,",37.1,"1,S,27,",,,0.0,"1,S",12.2,"3,,,S",2.544,"2,S",3.0989999999999998,"1,,,S",1.989,"1,,,S"
AGE00147718,2000-01-01,34.85,5.72,125.0,"BISKRA, AG",,,,,,,,,,,0.0,"5,S",0.0,"5,S",0.0,"4,S",0.0,"4,S",0.0,"4,S",20000115.0,",5,S",,,20000129.0,",4,S",1.7,"5,S,15,",,,19.3,"4,S,29,",,,,,,,0.9949999999999999,"8,S",1.53,"4,,,S",0.45999999999999996,"5,,,S"
AGE00147718,2000-03-01,34.85,5.72,125.0,"BISKRA, AG",,,19.2,"5,S",,,,,,,0.0,"3,S",0.0,"3,S",0.0,"3,S",26.0,"3,S",0.0,"3,S",20000303.0,",3,S",,,20000325.0,",3,S",4.0,"3,S,03,",,,27.7,"3,S,25,",,,40.7,"3,S",,,1.759,"5,S",2.396,"3,,,S",1.121,"3,,,S"
AGE00147718,2001-07-01,34.85,5.72,125.0,"BISKRA, AG",,,,,,,,,,,0.0,"5,S",0.0,"5,S",0.0,"4,S",27.0,"4,S",27.0,"4,S",20010701.0,",5,S",,,20010706.0,",4,S",23.0,"5,S,01,",,,46.5,"4,S,06,",,,,,,,3.566,"7,S",4.220000000000001,"4,,,S",2.911,"5,,,S"
AGE00147718,2002-05-01,34.85,5.72,125.0,"BISKRA, AG",,,,,,,,,,,0.0,"4,S",0.0,"4,S",0.0,"5,S",26.0,"5,S",16.0,"5,S",20020513.0,",4,S",,,20020522.0,",5,S",13.5,"4,S,13,",,,39.4,"5,S,22,",,,,,,,2.6350000000000002,"8,S",3.2979999999999996,"5,,,S",1.971,"4,,,S"
AGE00147718,2002-06-01,34.85,5.72,125.0,"BISKRA, AG",,,335.8,"4,S",,,,,,,0.0,"1,S",0.0,"1,S",0.0,"4,S",26.0,"4,S",24.0,"4,S",20020610.0,",1,S",,,20020629.0,",4,S",18.7,"1,S,10,",,,44.5,"4,S,29,",,,0.0,"4,S",,,3.132,"4,S",3.789,"4,,,S",2.476,"1,,,S"
AGE00147718,2002-08-01,34.85,5.72,125.0,"BISKRA, AG",,,,,,,,,,,0.0,"3,S",0.0,"3,S",0.0,"3,S",28.0,"3,S",28.0,"3,S",20020813.0,",3,S",,,20020806.0,",3,S",21.8,"3,S,13,",,,46.4,"3,S,06,",,,,,,,3.317,"6,S",3.9259999999999997,"3,,,S",2.7079999999999997,"3,,,S"
AGE00147718,2003-06-01,34.85,5.72,125.0,"BISKRA, AG",,,,,1.0,"3,S",0.0,"3,S",0.0,"3,S",0.0,"4,S",0.0,"4,S",0.0,"4,S",26.0,"4,S",26.0,"4,S",20030628.0,",4,S",20030618.0,",3,S",20030629.0,",4,S",20.4,"4,S,28,",2.0,"3,,S,18,",44.5,"4,S,29,",,,,,2.0,"3,,,S",3.1710000000000003,"8,S",3.847,"4,,,S",2.495,"4,,,S"
AGE00147718,2004-05-01,34.85,5.72,125.0,"BISKRA, AG",,,,,5.0,",S",2.0,",S",1.0,",S",0.0,"5,S",0.0,"5,S",0.0,"5,S",26.0,"5,S",4.0,"5,S",20040501.0,",5,S",20040525.0,",,S",20040523.0,"+,5,S",11.5,"5,S,01,",32.0,",,S,25,",34.5,"5,S,23,+",,,,,38.5,",,,S",2.307,"0,S",2.883,"5,,,S",1.7309999999999999,"5,,,S"
AGE00147718,2004-07-01,34.85,5.72,125.0,"BISKRA, AG",,,,,0.0,"2,S",0.0,"2,S",0.0,"2,S",0.0,"5,S",0.0,"5,S",0.0,"3,S",28.0,"3,S",28.0,"3,S",20040715.0,",5,S",20040731.0,"+,2,S",20040725.0,",3,S",20.8,"5,S,15,",0.0,"2,,S,31,+",43.6,"3,S,25,",,,,,0.0,"2,,,S",3.29,"8,S",3.961,"3,,,S",2.618,"5,,,S"
AGE00147718,2005-04-01,34.85,5.72,125.0,"BISKRA, AG",,,102.8,"5,S",0.0,",S",0.0,",S",0.0,",S",0.0,"4,S",0.0,"4,S",0.0,"2,S",25.0,"2,S",5.0,"2,S",20050411.0,",4,S",20050430.0,"+,,S",20050425.0,",2,S",8.8,"4,S,11,",0.0,",,S,30,+",36.6,"2,S,25,",,,12.2,"2,S",0.0,",,,S",2.186,"5,S",2.758,"2,,,S",1.6149999999999998,"4,,,S"
AGE00147718,2005-05-01,34.85,5.72,125.0,"BISKRA, AG",,,,,0.0,",S",0.0,",S",0.0,",S",0.0,"3,S",0.0,"3,S",0.0,"4,S",27.0,"4,S",21.0,"4,S",20050507.0,",3,S",20050531.0,"+,,S",20050513.0,",4,S",13.8,"3,S,07,",0.0,",,S,31,+",39.9,"4,S,13,",,,,,0.0,",,,S",2.747,"7,S",3.438,"4,,,S",2.056,"3,,,S"
AGE00147718,2005-08-01,34.85,5.72,125.0,"BISKRA, AG",,,,,1.0,"1,S",0.0,"1,S",0.0,"1,S",0.0,"5,S",0.0,"5,S",0.0,"3,S",28.0,"3,S",28.0,"3,S",20050806.0,",5,S",20050822.0,",1,S",20050811.0,",3,S",21.0,"5,S,06,",2.0,"1,,S,22,",46.4,"3,S,11,",,,,,2.0,"1,,,S",3.357,"7,S",3.989,"3,,,S",2.725,"5,,,S"
AGE00147718,2005-09-01,34.85,5.72,125.0,"BISKRA, AG",,,,,2.0,"2,S",0.0,"2,S",0.0,"2,S",0.0,"3,S",0.0,"3,S",0.0,"3,S",27.0,"3,S",19.0,"3,S",20050926.0,",3,S",20050917.0,"+,2,S",20050909.0,",3,S",17.7,"3,S,26,",1.0,"2,,S,17,+",39.2,"3,S,09,",,,,,2.0,"2,,,S",2.8600000000000003,"6,S",3.441,"3,,,S",2.279,"3,,,S"
AGE00147718,2006-05-01,34.85,5.72,125.0,"BISKRA, AG",,,,,2.0,",S",0.0,",S",0.0,",S",0.0,"4,S",0.0,"4,S",0.0,"2,S",29.0,"2,S",20.0,"2,S",20060508.0,",4,S",20060504.0,",,S",20060523.0,",2,S",15.5,"4,S,08,",2.0,",,S,04,",41.6,"2,S,23,",,,,,2.8,",,,S",2.809,"6,S",3.4549999999999996,"2,,,S",2.164,"4,,,S"
AGE00147718,2006-09-01,34.85,5.72,125.0,"BISKRA, AG",,,216.4,"5,S",2.0,",S",2.0,",S",0.0,",S",0.0,"2,S",0.0,"2,S",0.0,"5,S",25.0,"5,S",15.0,"5,S",20060928.0,",2,S",20060911.0,",,S",20060908.0,",5,S",16.5,"2,S,28,",11.9,",,S,11,",38.0,"5,S,08,",,,0.0,"5,S",16.0,",,,S",2.698,"5,S",3.277,"5,,,S",2.119,"2,,,S"
AGE00147718,2007-06-01,34.85,5.72,125.0,"BISKRA, AG",,,429.7,",S",1.0,"1,S",0.0,"1,S",0.0,"1,S",0.0,",S",0.0,",S",0.0,",S",30.0,",S",26.0,",S",20070603.0,",,S",20070611.0,",1,S",20070620.0,",,S",15.2,",S,03,",0.5,"1,,S,11,",46.6,",S,20,",,,0.0,",S",0.5,"1,,,S",3.2659999999999996,",S",3.946,",,,S",2.585,",,,S"
AGE00147718,2007-09-01,34.85,5.72,125.0,"BISKRA, AG",,,269.1,"5,S",8.0,"2,S",3.0,"2,S",0.0,"2,S",0.0,"3,S",0.0,"3,S",0.0,"3,S",27.0,"3,S",21.0,"3,S",20070927.0,",3,S",20070915.0,",2,S",20070919.0,",3,S",18.6,"3,S,27,",11.9,"2,,S,15,",39.2,"3,S,19,",,,0.0,"3,S",36.0,"2,,,S",2.912,"5,S",3.497,"3,,,S",2.327,"3,,,S"
AGE00147718,2007-10-01,34.85,5.72,125.0,"BISKRA, AG",,,,,1.0,"1,S",0.0,"1,S",0.0,"1,S",0.0,"3,S",0.0,"3,S",0.0,"3,S",28.0,"3,S",6.0,"3,S",20071031.0,",3,S",20071018.0,",1,S",20071001.0,",3,S",12.8,"3,S,31,",0.3,"1,,S,18,",38.1,"3,S,01,",,,,,0.3,"1,,,S",2.396,"6,S",2.8920000000000003,"3,,,S",1.9,"3,,,S"
AGE00147718,2009-06-01,34.85,5.72,125.0,"BISKRA, AG",,,,,0.0,",S",0.0,",S",0.0,",S",0.0,"3,S",0.0,"3,S",0.0,"5,S",25.0,"5,S",25.0,"5,S",20090603.0,",3,S",20090630.0,"+,,S",20090612.0,",5,S",21.0,"3,S,03,",0.0,",,S,30,+",41.2,"5,S,12,",,,,,0.0,",,,S",3.166,"7,S",3.85,"5,,,S",2.4829999999999997,"3,,,S"
AGE00147718,2009-08-01,34.85,5.72,125.0,"BISKRA, AG",,,,,0.0,"3,S",0.0,"3,S",0.0,"3,S",0.0,"5,S",0.0,"5,S",0.0,"5,S",26.0,"5,S",26.0,"5,S",20090829.0,",5,S",20090831.0,"+,3,S",20090815.0,",5,S",24.0,"5,S,29,",0.0,"3,,S,31,+",44.8,"5,S,15,",,,,,0.0,"3,,,S",3.441,"9,S",4.079,"5,,,S",2.803,"5,,,S"
AGE00147718,2010-04-01,34.85,5.72,125.0,"BISKRA, AG",,,,,4.0,",S",3.0,",S",0.0,",S",0.0,"5,S",0.0,"5,S",0.0,"3,S",27.0,"3,S",0.0,"3,S",20100408.0,",5,S",20100412.0,",,S",20100421.0,",3,S",10.5,"5,S,08,",19.1,",,S,12,",32.0,"3,S,21,",,,,,30.3,",,,S",2.17,"8,S",2.779,"3,,,S",1.5619999999999998,"5,,,S"
AGE00147718,2010-05-01,34.85,5.72,125.0,"BISKRA, AG",,,,,2.0,"3,S",0.0,"3,S",0.0,"3,S",0.0,"4,S",0.0,"4,S",0.0,"3,S",28.0,"3,S",8.0,"3,S",20100506.0,",4,S",20100524.0,"+,3,S",20100510.0,",3,S",12.2,"4,S,06,",2.0,"3,,S,24,+",36.5,"3,S,10,",,,,,4.0,"3,,,S",2.429,"7,S",3.011,"3,,,S",1.846,"4,,,S"
AGE00147718,2010-06-01,34.85,5.72,125.0,"BISKRA, AG",,,,,5.0,",S",2.0,",S",0.0,",S",0.0,"5,S",0.0,"5,S",0.0,"1,S",29.0,"1,S",29.0,"1,S",20100623.0,",5,S",20100615.0,",,S",20100610.0,",1,S",20.8,"5,S,23,",14.0,",,S,15,",45.6,"1,S,10,",,,,,27.4,",,,S",3.084,"6,S",3.749,"1,,,S",2.42,"5,,,S"
AGE00147718,2010-07-01,34.85,5.72,125.0,"BISKRA, AG",,,,,0.0,",S",0.0,",S",0.0,",S",0.0,"2,S",0.0,"2,S",0.0,"5,S",26.0,"5,S",26.0,"5,S",20100727.0,",2,S",20100731.0,"+,,S",20100723.0,",5,S",24.2,"2,S,27,",0.0,",,S,31,+",47.5,"5,S,23,",,,,,0.0,",,,S",3.4850000000000003,"7,S",4.1530000000000005,"5,,,S",2.817,"2,,,S"
AGE00147718,2011-06-01,34.85,5.72,125.0,"BISKRA, AG",,,,,2.0,",S",0.0,",S",0.0,",S",0.0,"5,S",0.0,"5,S",0.0,"3,S",27.0,"3,S",20.0,"3,S",20110609.0,",5,S",20110601.0,",,S",20110630.0,",3,S",19.8,"5,S,09,",0.8,",,S,01,",43.9,"3,S,30,",,,,,1.1,",,,S",2.979,"8,S",3.566,"3,,,S",2.3920000000000003,"5,,,S"
AGE00147718,2012-07-01,34.85,5.72,125.0,"BISKRA, AG",,,,,1.0,",S",0.0,",S",0.0,",S",0.0,"4,S",0.0,"4,S",0.0,"2,S",29.0,"2,S",29.0,"2,S",20120725.0,"+,4,S",20120705.0,",,S",20120713.0,",2,S",23.0,"4,S,25,+",0.5,",,S,05,",48.0,"2,S,13,",,,,,0.5,",,,S",3.59,"6,S",4.279999999999999,"2,,,S",2.9,"4,,,S"
AGE00147718,2012-09-01,34.85,5.72,125.0,"BISKRA, AG",,,,,2.0,"1,S",0.0,"1,S",0.0,"1,S",0.0,"4,S",0.0,"4,S",0.0,"5,S",25.0,"5,S",23.0,"5,S",20120903.0,",4,S",20120902.0,",1,S",20120923.0,"+,5,S",17.1,"4,S,03,",2.0,"1,,S,02,",40.0,"5,S,23,+",,,,,3.0,"1,,,S",2.923,"8,S",3.5869999999999997,"5,,,S",2.259,"4,,,S"
AGE00147718,2012-10-01,34.85,5.72,125.0,"BISKRA, AG",,,,,2.0,",S",2.0,",S",1.0,",S",0.0,"5,S",0.0,"5,S",0.0,"4,S",25.0,"4,S",10.0,"4,S",20121030.0,",5,S",20121027.0,",,S",20121007.0,",4,S",12.7,"5,S,30,",80.0,",,S,27,",37.3,"4,S,07,",,,,,84.1,",,,S",2.468,"8,S",2.997,"4,,,S",1.938,"5,,,S"
AGE00147718,2013-04-01,34.85,5.72,125.0,"BISKRA, AG",,,,,3.0,",S",2.0,",S",0.0,",S",0.0,"3,S",0.0,"3,S",0.0,"5,S",24.0,"5,S",6.0,"5,S",20130408.0,",3,S",20130425.0,",,S",20130414.0,",5,S",9.0,"3,S,08,",21.1,",,S,25,",36.5,"5,S,14,",,,,,24.9,",,,S",2.2030000000000003,"7,S",2.859,"5,,,S",1.5470000000000002,"3,,,S"
AGE00147718,2013-08-01,34.85,5.72,125.0,"BISKRA, AG",,,,,4.0,"1,S",2.0,"1,S",0.0,"1,S",0.0,"2,S",0.0,"2,S",0.0,"5,S",26.0,"5,S",26.0,"5,S",20130818.0,",2,S",20130829.0,",1,S",20130826.0,"+,5,S",18.5,"2,S,18,",6.1,"1,,S,29,",42.0,"5,S,26,+",,,,,11.1,"1,,,S",3.21,"6,S",3.876,"5,,,S",2.544,"2,,,S"
AGE00147718,2013-10-01,34.85,5.72,125.0,"BISKRA, AG",,,,,4.0,",S",4.0,",S",0.0,",S",0.0,"4,S",0.0,"4,S",0.0,"4,S",27.0,"4,S",15.0,"4,S",20131031.0,",4,S",20131007.0,",,S",20131003.0,"+,4,S",16.6,"4,S,31,",20.1,",,S,07,",37.5,"4,S,03,+",,,,,40.1,",,,S",2.665,"8,S",3.255,"4,,,S",2.076,"4,,,S"
AGE00147718,2013-12-01,34.85,5.72,125.0,"BISKRA, AG",,,0.0,"5,S",3.0,"1,S",2.0,"1,S",0.0,"1,S",0.0,"2,S",0.0,"2,S",0.0,"3,S",3.0,"3,S",0.0,"3,S",20131214.0,",2,S",20131230.0,",1,S",20131205.0,",3,S",4.0,"2,S,14,",10.9,"1,,S,30,",21.6,"3,S,05,",,,149.2,"3,S",14.9,"1,,,S",1.26,"5,S",1.799,"3,,,S",0.72,"2,,,S"
AGE00147718,2014-03-01,34.85,5.72,125.0,"BISKRA, AG",,,,,3.0,"1,S",1.0,"1,S",0.0,"1,S",0.0,"2,S",0.0,"2,S",0.0,"5,S",16.0,"5,S",0.0,"5,S",20140310.0,",2,S",20140314.0,",1,S",20140321.0,",5,S",5.9,"2,S,10,",15.0,"1,,S,14,",27.1,"5,S,21,",,,,,16.0,"1,,,S",1.6219999999999999,"7,S",2.1710000000000003,"5,,,S",1.073,"2,,,S"
AGE00147718,2014-04-01,34.85,5.72,125.0,"BISKRA, AG",,,,,0.0,"2,S",0.0,"2,S",0.0,"2,S",0.0,"3,S",0.0,"3,S",0.0,"5,S",25.0,"5,S",5.0,"5,S",20140402.0,",3,S",20140430.0,"+,2,S",20140403.0,",5,S",11.9,"3,S,02,",0.0,"2,,S,30,+",36.5,"5,S,03,",,,,,0.0,"2,,,S",2.287,"8,S",2.976,"5,,,S",1.597,"3,,,S"
AGE00147718,2014-06-01,34.85,5.72,125.0,"BISKRA, AG",,,,,2.0,",S",1.0,",S",0.0,",S",0.0,"5,S",0.0,"5,S",0.0,"5,S",25.0,"5,S",24.0,"5,S",20140604.0,",5,S",20140617.0,",,S",20140629.0,"+,5,S",16.7,"5,S,04,",3.0,",,S,17,",42.0,"5,S,29,+",,,,,3.8,",,,S",3.038,"8,S",3.725,"5,,,S",2.351,"5,,,S"
AGE00147718,2014-08-01,34.85,5.72,125.0,"BISKRA, AG",,,455.6,"3,S",0.0,"2,S",0.0,"2,S",0.0,"2,S",0.0,"1,S",0.0,"1,S",0.0,"2,S",29.0,"2,S",29.0,"2,S",20140818.0,",1,S",20140831.0,"+,2,S",20140813.0,",2,S",25.4,"1,S,18,",0.0,"2,,S,31,+",45.1,"2,S,13,",,,0.0,"2,S",0.0,"2,,,S",3.467,"3,S",4.118,"2,,,S",2.815,"1,,,S"
AGE00147718,2015-12-01,34.85,5.72,125.0,"BISKRA, AG",,,,,0.0,"1,S",0.0,"1,S",0.0,"1,S",0.0,"4,S",0.0,"4,S",0.0,"4,S",1.0,"4,S",0.0,"4,S",20151209.0,",4,S",20151231.0,"+,1,S",20151216.0,",4,S",3.0,"4,S,09,",0.0,"1,,S,31,+",21.6,"4,S,16,",,,,,0.0,"1,,,S",1.278,"8,S",1.9120000000000001,"4,,,S",0.645,"4,,,S"
AGE00147718,2016-04-01,34.85,5.72,125.0,"BISKRA, AG",,,,,4.0,",S",3.0,",S",1.0,",S",0.0,"3,S",0.0,"3,S",0.0,"5,S",23.0,"5,S",6.0,"5,S",20160426.0,",3,S",20160402.0,",,S",20160417.0,",5,S",7.1,"3,S,26,",25.9,",,S,02,",36.5,"5,S,17,",,,,,53.8,",,,S",2.2359999999999998,"8,S",2.866,"5,,,S",1.6059999999999999,"3,,,S"
AGE00147718,2016-05-01,34.85,5.72,125.0,"BISKRA, AG",,,,,3.0,",S",0.0,",S",0.0,",S",0.0,"4,S",0.0,"4,S",0.0,"3,S",28.0,"3,S",15.0,"3,S",20160507.0,",4,S",20160519.0,",,S",20160527.0,",3,S",10.0,"4,S,07,",1.0,",,S,19,",44.2,"3,S,27,",,,,,1.6,",,,S",2.632,"6,S",3.321,"3,,,S",1.943,"4,,,S"
AGE00147718,2016-06-01,34.85,5.72,125.0,"BISKRA, AG",,,,,1.0,",S",1.0,",S",0.0,",S",0.0,"4,S",0.0,"4,S",0.0,"2,S",28.0,"2,S",27.0,"2,S",20160601.0,",4,S",20160601.0,",,S",20160615.0,",2,S",18.0,"4,S,01,",19.1,",,S,01,",46.5,"2,S,15,",,,,,19.1,",,,S",3.153,"6,S",3.803,"2,,,S",2.502,"4,,,S"
AGE00147718,2016-07-01,34.85,5.72,125.0,"BISKRA, AG",,,,,0.0,"2,S",0.0,"2,S",0.0,"2,S",0.0,"5,S",0.0,"5,S",0.0,"5,S",26.0,"5,S",26.0,"5,S",20160716.0,",5,S",20160731.0,"+,2,S",20160712.0,",5,S",22.5,"5,S,16,",0.0,"2,,S,31,+",45.5,"5,S,12,",,,,,0.0,"2,,,S",3.444,"0,S",4.05,"5,,,S",2.838,"5,,,S"
AGE00147718,2016-09-01,34.85,5.72,125.0,"BISKRA, AG",,,,,7.0,",S",3.0,",S",0.0,",S",0.0,"5,S",0.0,"5,S",0.0,"5,S",25.0,"5,S",19.0,"5,S",20160925.0,",5,S",20160928.0,",,S",20160901.0,",5,S",15.5,"5,S,25,",14.0,",,S,28,",41.5,"5,S,01,",,,,,31.5,",,,S",2.928,"9,S",3.495,"5,,,S",2.362,"5,,,S"
AGE00147718,2022-05-01,34.85,5.72,125.0,"BISKRA, AG",,,,,0.0,",S",0.0,",S",0.0,",S",0.0,"5,S",0.0,"5,S",0.0,"4,S",27.0,"4,S",17.0,"4,S",20220501.0,",5,S",20220531.0,"+,,S",20220531.0,",4,S",13.8,"5,S,01,",0.0,",,S,31,+",41.8,"4,S,31,",,,,,0.0,",,,S",2.748,"7,S",3.464,"4,,,S",2.032,"5,,,S"
