STATION,DATE,LATITUDE,LONGITUDE,ELEVATION,NAME,CDSD,CDSD_ATTRIBUTES,CLDD,CLDD_ATTRIBUTES,DP01,DP01_ATTRIBUTES,DP10,DP10_ATTRIBUTES,DP1X,DP1X_ATTRIBUTES,DT00,DT00_ATTRIBUTES,DT32,DT32_ATTRIBUTES,DX32,DX32_ATTRIBUTES,DX70,DX70_ATTRIBUTES,DX90,DX90_ATTRIBUTES,DYNT,DYNT_ATTRIBUTES,DYXP,DYXP_ATTRIBUTES,DYXT,DYXT_ATTRIBUTES,EMNT,EMNT_ATTRIBUTES,EMXP,EMXP_ATTRIBUTES,EMXT,EMXT_ATTRIBUTES,HDSD,HDSD_ATTRIBUTES,HTDD,HTDD_ATTRIBUTES,PRCP,PRCP_ATTRIBUTES,TAVG,TAVG_ATTRIBUTES,TMAX,TMAX_ATTRIBUTES,TMIN,TMIN_ATTRIBUTES
AGE00147712,1887-01-01,36.17,1.34,112.0,"ORLEANSVILLE CHLEF, AG",0.0,E,0.0,"4,E",7.0,"2,E",3.0,"2,E",0.0,"2,E",0.0,"2,E",5.0,"2,E",0.0,"2,E",0.0,"2,E",0.0,"2,E",18870104.0,",2,E",18870108.0,",2,E",18870130.0,"+,2,E",-9.0,"2,E,04,",5.0,"2,,E,08,",20.0,"2,E,30,+",,,261.2,"2,E",17.6,"2,,,E",0.868,"4,E",1.506,"2,,,E",0.231,"2,,,E"
AGE00147712,1887-02-01,36.17,1.34,112.0,"ORLEANSVILLE CHLEF, AG",,,,,5.0,"4,E",3.0,"4,E",1.0,"4,E",0.0,"4,E",9.0,"4,E",0.0,"4,E",0.0,"4,E",0.0,"4,E",18870213.0,",4,E",18870217.0,",4,E",18870228.0,"+,4,E",-6.0,"4,E,13,",37.0,"4,,E,17,",20.0,"4,E,28,+",,,,,52.8,"4,,,E",0.819,"8,E",1.525,"4,,,E",0.11299999999999999,"4,,,E"
AGE00147712,1887-03-01,36.17,1.34,112.0,"ORLEANSVILLE CHLEF, AG",,,0.2,"3,E",5.0,"2,E",3.0,"2,E",0.0,"2,E",0.0,"2,E",1.0,"2,E",0.0,"2,E",12.0,"2,E",0.0,"2,E",18870321.0,",2,E",18870301.0,",2,E",18870328.0,"+,2,E",-1.0,"2,E,21,",14.4,"2,,E,01,",28.0,"2,E,28,+",,,147.0,"2,E",36.3,"2,,,E",1.3,"3,E",2.09,"2,,,E",0.51,"2,,,E"
AGE00147712,1887-04-01,36.17,1.34,112.0,"ORLEANSVILLE CHLEF, AG",,,2.8,"3,E",10.0,"2,E",10.0,"2,E",0.0,"2,E",0.0,"1,E",1.0,"1,E",0.0,"2,E",16.0,"2,E",1.0,"2,E",18870401.0,",1,E",18870403.0,",2,E",18870429.0,",2,E",-1.0,"1,E,01,",20.6,"2,,E,03,",33.0,"2,E,29,",,,130.3,"2,E",100.4,"2,,,E",1.379,"3,E",2.211,"2,,,E",0.548,"1,,,E"
AGE00147712,1887-05-01,36.17,1.34,112.0,"ORLEANSVILLE CHLEF, AG",,,54.5,"4,E",1.0,"2,E",0.0,"2,E",0.0,"2,E",0.0,"3,E",0.0,"3,E",0.0,"2,E",27.0,"2,E",9.0,"2,E",18870520.0,",3,E",18870516.0,",2,E",18870529.0,",2,E",2.0,"3,E,20,",2.0,"2,,E,16,",39.0,"2,E,29,",,,25.1,"2,E",2.0,"2,,,E",1.904,"4,E",2.941,"2,,,E",0.867,"3,,,E"
AGE00147712,1887-11-01,36.17,1.34,112.0,"ORLEANSVILLE CHLEF, AG",,,0.7,",E",11.0,",E",8.0,",E",0.0,",E",0.0,",E",0.0,",E",0.0,",E",4.0,",E",0.0,",E",18871130.0,",,E",18871119.0,",,E",18871116.0,",,E",2.0,",E,30,",14.1,",,E,19,",27.0,",E,16,",,,129.7,",E",59.5,",,,E",1.403,",E",1.923,",,,E",0.883,",,,E"
AGE00147712,1888-01-01,36.17,1.34,112.0,"ORLEANSVILLE CHLEF, AG",0.0,E,0.0,"4,E",5.0,"3,E",1.0,"3,E",0.0,"3,E",0.0,"2,E",14.0,"2,E",0.0,"3,E",0.0,"3,E",0.0,"3,E",18880121.0,",2,E",18880129.0,",3,E",18880125.0,",3,E",-3.0,"2,E,21,",6.0,"3,,E,29,",19.0,"3,E,25,",,,269.0,"3,E",13.2,"3,,,E",0.8480000000000001,"4,E",1.4609999999999999,"3,,,E",0.23399999999999999,"2,,,E"
AGE00147712,1888-02-01,36.17,1.34,112.0,"ORLEANSVILLE CHLEF, AG",,,,,14.0,"3,E",11.0,"3,E",0.0,"3,E",0.0,"4,E",1.0,"4,E",0.0,"3,E",1.0,"3,E",0.0,"3,E",18880217.0,",4,E",18880219.0,",3,E",18880202.0,",3,E",0.0,"4,E,17,",16.8,"3,,E,19,",26.0,"3,E,02,",,,,,95.5,"3,,,E",0.9390000000000001,"6,E",1.537,"3,,,E",0.34199999999999997,"4,,,E"
AGE00147712,1888-03-01,36.17,1.34,112.0,"ORLEANSVILLE CHLEF, AG",,,0.2,"4,E",12.0,"2,E",5.0,"2,E",0.0,"2,E",0.0,"2,E",2.0,"2,E",0.0,"2,E",10.0,"2,E",0.0,"2,E",18880322.0,"+,2,E",18880302.0,",2,E",18880327.0,"+,2,E",0.0,"2,E,22,+",18.5,"2,,E,02,",28.0,"2,E,27,+",,,159.2,"2,E",56.6,"2,,,E",1.234,"4,E",1.8210000000000002,"2,,,E",0.648,"2,,,E"
AGE00147712,1888-04-01,36.17,1.34,112.0,"ORLEANSVILLE CHLEF, AG",,,11.5,"2,E",4.0,"1,E",3.0,"1,E",0.0,"1,E",0.0,"1,E",0.0,"1,E",0.0,"1,E",23.0,"1,E",2.0,"1,E",18880409.0,",1,E",18880414.0,",1,E",18880428.0,",1,E",2.0,"1,E,09,",12.6,"1,,E,14,",39.0,"1,E,28,",,,82.8,"1,E",25.5,"1,,,E",1.579,"2,E",2.379,"1,,,E",0.779,"1,,,E"
AGE00147712,1888-05-01,36.17,1.34,112.0,"ORLEANSVILLE CHLEF, AG",,,58.5,"2,E",7.0,"1,E",5.0,"1,E",0.0,"1,E",0.0,"1,E",0.0,"1,E",0.0,"1,E",29.0,"1,E",2.0,"1,E",18880517.0,",1,E",18880524.0,",1,E",18880518.0,",1,E",7.0,"1,E,17,",13.5,"1,,E,24,",36.0,"1,E,18,",,,3.2,"1,E",49.6,"1,,,E",2.028,"2,E",2.803,"1,,,E",1.253,"1,,,E"
AGE00147712,1888-06-01,36.17,1.34,112.0,"ORLEANSVILLE CHLEF, AG",,,176.2,"2,E",4.0,"1,E",2.0,"1,E",0.0,"1,E",0.0,"1,E",0.0,"1,E",0.0,"1,E",29.0,"1,E",19.0,"1,E",18880623.0,",1,E",18880622.0,"+,1,E",18880606.0,",1,E",11.0,"1,E,23,",3.8,"1,,E,22,+",39.0,"1,E,06,",,,0.0,"1,E",9.1,"1,,,E",2.4690000000000003,"2,E",3.321,"1,,,E",1.6170000000000002,"1,,,E"
AGE00147712,1888-07-01,36.17,1.34,112.0,"ORLEANSVILLE CHLEF, AG",,,257.3,"2,E",0.0,"1,E",0.0,"1,E",0.0,"1,E",0.0,"1,E",0.0,"1,E",0.0,"1,E",30.0,"1,E",22.0,"1,E",18880731.0,"+,1,E",18880731.0,"+,1,E",18880725.0,",1,E",13.0,"1,E,31,+",0.0,"1,,E,31,+",43.0,"1,E,25,",0.0,E,0.0,"1,E",0.0,"1,,,E",2.725,"2,E",3.537,"1,,,E",1.9129999999999998,"1,,,E"
AGE00147712,1888-08-01,36.17,1.34,112.0,"ORLEANSVILLE CHLEF, AG",,,238.0,"1,E",0.0,"1,E",0.0,"1,E",0.0,"1,E",0.0,",E",0.0,",E",0.0,"1,E",30.0,"1,E",28.0,"1,E",18880828.0,"+,,E",18880831.0,"+,1,E",18880816.0,",1,E",13.0,",E,28,+",0.0,"1,,E,31,+",41.0,"1,E,16,",0.0,E,0.0,"1,E",0.0,"1,,,E",2.63,"1,E",3.557,"1,,,E",1.703,",,,E"
AGE00147712,1888-10-01,36.17,1.34,112.0,"ORLEANSVILLE CHLEF, AG",,,42.5,",E",3.0,",E",1.0,",E",0.0,",E",0.0,",E",0.0,",E",0.0,",E",29.0,",E",2.0,",E",18881015.0,",,E",18881007.0,",,E",18881002.0,",,E",4.0,",E,15,",6.3,",,E,07,",36.0,",E,02,",,,32.3,",E",7.8,",,,E",1.866,",E",2.555,",,,E",1.177,",,,E"
AGE00147712,1889-02-01,36.17,1.34,112.0,"ORLEANSVILLE CHLEF, AG",,,,,8.0,"3,E",4.0,"3,E",0.0,"3,E",0.0,"3,E",2.0,"3,E",0.0,"4,E",2.0,"4,E",0.0,"4,E",18890223.0,"+,3,E",18890204.0,",3,E",18890209.0,",4,E",0.0,"3,E,23,+",5.1,"3,,E,04,",25.0,"4,E,09,",,,,,22.5,"3,,,E",1.088,"6,E",1.6320000000000001,"4,,,E",0.544,"3,,,E"
AGE00147712,1889-03-01,36.17,1.34,112.0,"ORLEANSVILLE CHLEF, AG",,,,,10.0,"2,E",8.0,"2,E",0.0,"2,E",0.0,"4,E",1.0,"4,E",0.0,"4,E",7.0,"4,E",0.0,"4,E",18890329.0,",4,E",18890321.0,",2,E",18890309.0,",4,E",-1.0,"4,E,29,",19.0,"2,,E,21,",31.0,"4,E,09,",,,,,65.2,"2,,,E",1.181,"6,E",1.778,"4,,,E",0.585,"4,,,E"
AGE00147712,1889-06-01,36.17,1.34,112.0,"ORLEANSVILLE CHLEF, AG",,,,,1.0,"4,E",1.0,"4,E",0.0,"4,E",0.0,"5,E",0.0,"5,E",0.0,"5,E",23.0,"5,E",4.0,"5,E",18890613.0,"+,5,E",18890601.0,",4,E",18890618.0,",5,E",9.0,"5,E,13,+",3.4,"4,,E,01,",37.0,"5,E,18,",,,,,3.4,"4,,,E",2.119,"0,E",2.888,"5,,,E",1.35,"5,,,E"
AGE00147712,1889-10-01,36.17,1.34,112.0,"ORLEANSVILLE CHLEF, AG",,,19.4,"5,E",4.0,"2,E",1.0,"2,E",0.0,"2,E",0.0,"3,E",0.0,"3,E",0.0,"3,E",26.0,"3,E",1.0,"3,E",18891015.0,",3,E",18891005.0,",2,E",18891003.0,",3,E",6.0,"3,E,15,",24.0,"2,,E,05,",36.0,"3,E,03,",,,23.6,"3,E",27.1,"2,,,E",1.814,"5,E",2.506,"3,,,E",1.123,"3,,,E"
AGE00147712,1890-01-01,36.17,1.34,112.0,"ORLEANSVILLE CHLEF, AG",0.0,E,0.0,"1,E",7.0,",E",6.0,",E",0.0,",E",0.0,"1,E",1.0,"1,E",0.0,",E",0.0,",E",0.0,",E",18900117.0,",1,E",18900101.0,",,E",18900103.0,",,E",0.0,"1,E,17,",9.0,",,E,01,",17.0,",E,03,",,,290.0,",E",33.4,",,,E",0.8699999999999999,"1,E",1.319,",,,E",0.42000000000000004,"1,,,E"
AGE00147712,1890-02-01,36.17,1.34,112.0,"ORLEANSVILLE CHLEF, AG",0.0,E,0.0,",E",13.0,",E",8.0,",E",0.0,",E",0.0,",E",1.0,",E",0.0,",E",0.0,",E",0.0,",E",18900202.0,",,E",18900218.0,",,E",18900224.0,"+,,E",0.0,",E,02,",17.0,",,E,18,",21.0,",E,24,+",,,239.3,",E",88.3,",,,E",0.9789999999999999,",E",1.436,",,,E",0.521,",,,E"
AGE00147712,1890-03-01,36.17,1.34,112.0,"ORLEANSVILLE CHLEF, AG",1.8,E,1.8,"3,E",11.0,"1,E",7.0,"1,E",0.0,"1,E",0.0,"1,E",1.0,"1,E",0.0,"2,E",4.0,"2,E",0.0,"2,E",18900301.0,",1,E",18900309.0,",1,E",18900330.0,",2,E",0.0,"1,E,01,",17.3,"1,,E,09,",28.0,"2,E,30,",,,171.2,"2,E",68.6,"1,,,E",1.225,"3,E",1.714,"2,,,E",0.737,"1,,,E"
AGE00147712,1890-04-01,36.17,1.34,112.0,"ORLEANSVILLE CHLEF, AG",,,,,8.0,"2,E",7.0,"2,E",1.0,"2,E",0.0,"3,E",0.0,"3,E",0.0,"2,E",9.0,"2,E",0.0,"2,E",18900429.0,"+,3,E",18900405.0,",2,E",18900425.0,",2,E",5.0,"3,E,29,+",61.0,"2,,E,05,",28.0,"2,E,25,",,,,,109.6,"2,,,E",1.4460000000000002,"5,E",2.029,"2,,,E",0.8630000000000001,"3,,,E"
AGE00147712,1890-05-01,36.17,1.34,112.0,"ORLEANSVILLE CHLEF, AG",,,,,6.0,"1,E",5.0,"1,E",0.0,"1,E",0.0,"4,E",0.0,"4,E",0.0,"3,E",24.0,"3,E",0.0,"3,E",18900501.0,",4,E",18900529.0,",1,E",18900524.0,",3,E",6.0,"4,E,01,",8.0,"1,,E,29,",31.0,"3,E,24,",,,,,29.5,"1,,,E",1.778,"6,E",2.464,"3,,,E",1.093,"4,,,E"
AGE00147712,1890-07-01,36.17,1.34,112.0,"ORLEANSVILLE CHLEF, AG",,,255.8,"2,E",1.0,",E",1.0,",E",0.0,",E",0.0,"1,E",0.0,"1,E",0.0,"1,E",30.0,"1,E",21.0,"1,E",18900713.0,",1,E",18900721.0,",,E",18900728.0,",1,E",14.0,"1,E,13,",3.0,",,E,21,",43.0,"1,E,28,",0.0,E,0.0,"1,E",3.0,",,,E",2.7199999999999998,"2,E",3.4899999999999998,"1,,,E",1.95,"1,,,E"
AGE00147712,1892-03-01,36.17,1.34,112.0,"ORLEANSVILLE CHLEF, AG",,,4.3,"1,E",6.0,"1,E",3.0,"1,E",0.0,"1,E",0.0,",E",0.0,",E",0.0,"1,E",19.0,"1,E",0.0,"1,E",18920316.0,"+,,E",18920328.0,",1,E",18920323.0,"+,1,E",4.0,",E,16,+",14.8,"1,,E,28,",29.0,"1,E,23,+",,,95.8,"1,E",26.9,"1,,,E",1.525,"1,E",2.277,"1,,,E",0.774,",,,E"
AGE00147712,1892-04-01,36.17,1.34,112.0,"ORLEANSVILLE CHLEF, AG",,,,,13.0,"4,E",6.0,"4,E",0.0,"4,E",0.0,"4,E",0.0,"4,E",0.0,"4,E",14.0,"4,E",0.0,"4,E",18920421.0,",4,E",18920409.0,",4,E",18920426.0,",4,E",4.0,"4,E,21,",9.4,"4,,E,09,",30.0,"4,E,26,",,,,,47.3,"4,,,E",1.5699999999999998,"7,E",2.2600000000000002,"4,,,E",0.881,"4,,,E"
AGE00147712,1892-05-01,36.17,1.34,112.0,"ORLEANSVILLE CHLEF, AG",,,68.8,"5,E",6.0,"2,E",3.0,"2,E",0.0,"2,E",0.0,"3,E",0.0,"3,E",0.0,"2,E",28.0,"2,E",8.0,"2,E",18920503.0,",3,E",18920527.0,",2,E",18920526.0,"+,2,E",4.0,"3,E,03,",5.6,"2,,E,27,",41.0,"2,E,26,+",,,19.0,"2,E",15.8,"2,,,E",2.048,"5,E",2.886,"2,,,E",1.2109999999999999,"3,,,E"
AGE00147712,1892-06-01,36.17,1.34,112.0,"ORLEANSVILLE CHLEF, AG",,,244.2,"2,E",0.0,"1,E",0.0,"1,E",0.0,"1,E",0.0,"1,E",0.0,"1,E",0.0,"1,E",29.0,"1,E",26.0,"1,E",18920618.0,",1,E",18920630.0,"+,1,E",18920630.0,"+,1,E",13.0,"1,E,18,",0.0,"1,,E,30,+",41.0,"1,E,30,+",,,0.0,"1,E",0.0,"1,,,E",2.71,"2,E",3.6719999999999997,"1,,,E",1.748,"1,,,E"
AGE00147712,1892-07-01,36.17,1.34,112.0,"ORLEANSVILLE CHLEF, AG",,,,,0.0,"4,E",0.0,"4,E",0.0,"4,E",0.0,"4,E",0.0,"4,E",0.0,"4,E",27.0,"4,E",27.0,"4,E",18920722.0,",4,E",18920731.0,"+,4,E",18920729.0,",4,E",12.0,"4,E,22,",0.0,"4,,E,31,+",47.0,"4,E,29,",,,,,0.0,"4,,,E",3.0460000000000003,"7,E",4.007,"4,,,E",2.085,"4,,,E"
AGE00147712,1892-09-01,36.17,1.34,112.0,"ORLEANSVILLE CHLEF, AG",,,247.5,",E",2.0,",E",1.0,",E",0.0,",E",0.0,",E",0.0,",E",0.0,",E",30.0,",E",26.0,",E",18920914.0,",,E",18920925.0,",,E",18920917.0,",,E",8.0,",E,14,",5.0,",,E,25,",44.0,",E,17,",,,0.0,",E",5.5,",,,E",2.658,",E",3.693,",,,E",1.623,",,,E"
AGE00147712,1892-11-01,36.17,1.34,112.0,"ORLEANSVILLE CHLEF, AG",,,0.0,",E",8.0,",E",5.0,",E",0.0,",E",0.0,",E",0.0,",E",0.0,",E",9.0,",E",0.0,",E",18921123.0,"+,,E",18921117.0,",,E",18921105.0,",,E",5.0,",E,23,+",12.7,",,E,17,",26.0,",E,05,",,,116.5,",E",34.6,",,,E",1.4449999999999998,",E",2.027,",,,E",0.8630000000000001,",,,E"
AGE00147712,1892-12-01,36.17,1.34,112.0,"ORLEANSVILLE CHLEF, AG",,,,,12.0,"3,E",10.0,"3,E",0.0,"3,E",0.0,"3,E",0.0,"3,E",0.0,"3,E",0.0,"3,E",0.0,"3,E",18921223.0,"+,3,E",18921226.0,",3,E",18921206.0,",3,E",1.0,"3,E,23,+",12.6,"3,,E,26,",19.0,"3,E,06,",,,,,79.5,"3,,,E",1.025,"6,E",1.475,"3,,,E",0.575,"3,,,E"
AGE00147712,1893-01-01,36.17,1.34,112.0,"ORLEANSVILLE CHLEF, AG",,,,,4.0,"5,E",1.0,"5,E",0.0,"5,E",0.0,"5,E",14.0,"5,E",0.0,"5,E",0.0,"5,E",0.0,"5,E",18930105.0,",5,E",18930112.0,",5,E",18930112.0,"+,5,E",-2.0,"5,E,05,",6.3,"5,,E,12,",18.0,"5,E,12,+",,,,,10.7,"5,,,E",0.8539999999999999,"8,E",1.458,"5,,,E",0.25,"5,,,E"
AGE00147712,1893-02-01,36.17,1.34,112.0,"ORLEANSVILLE CHLEF, AG",,,0.0,"2,E",4.0,"1,E",3.0,"1,E",0.0,"1,E",0.0,"1,E",6.0,"1,E",0.0,"1,E",2.0,"1,E",0.0,"1,E",18930208.0,",1,E",18930221.0,",1,E",18930215.0,",1,E",-2.0,"1,E,08,",14.0,"1,,E,21,",24.0,"1,E,15,",,,189.7,"1,E",27.3,"1,,,E",1.1,"2,E",1.796,"1,,,E",0.404,"1,,,E"
AGE00147712,1893-03-01,36.17,1.34,112.0,"ORLEANSVILLE CHLEF, AG",,,10.7,",E",9.0,",E",5.0,",E",0.0,",E",0.0,",E",0.0,",E",0.0,",E",24.0,",E",0.0,",E",18930327.0,"+,,E",18930321.0,",,E",18930316.0,"+,,E",4.0,",E,27,+",15.7,",,E,21,",32.0,",E,16,+",,,73.0,",E",49.6,",,,E",1.6320000000000001,",E",2.4059999999999997,",,,E",0.858,",,,E"
AGE00147712,1893-04-01,36.17,1.34,112.0,"ORLEANSVILLE CHLEF, AG",,,32.2,"5,E",5.0,"3,E",3.0,"3,E",0.0,"3,E",0.0,"3,E",0.0,"3,E",0.0,"3,E",24.0,"3,E",2.0,"3,E",18930413.0,"+,3,E",18930410.0,",3,E",18930424.0,",3,E",4.0,"3,E,13,+",15.3,"3,,E,10,",37.0,"3,E,24,",,,34.0,"3,E",39.0,"3,,,E",1.8350000000000002,"5,E",2.678,"3,,,E",0.993,"3,,,E"
AGE00147712,1893-05-01,36.17,1.34,112.0,"ORLEANSVILLE CHLEF, AG",,,103.8,"5,E",3.0,"3,E",3.0,"3,E",0.0,"3,E",0.0,"3,E",0.0,"3,E",0.0,"3,E",28.0,"3,E",7.0,"3,E",18930524.0,",3,E",18930503.0,",3,E",18930529.0,"+,3,E",9.0,"3,E,24,",17.4,"3,,E,03,",36.0,"3,E,29,+",,,0.0,"3,E",31.6,"3,,,E",2.225,"5,E",3.061,"3,,,E",1.389,"3,,,E"
AGE00147712,1893-06-01,36.17,1.34,112.0,"ORLEANSVILLE CHLEF, AG",,,214.5,"3,E",2.0,"1,E",1.0,"1,E",0.0,"1,E",0.0,"2,E",0.0,"2,E",0.0,"1,E",29.0,"1,E",24.0,"1,E",18930604.0,",2,E",18930602.0,",1,E",18930612.0,",1,E",12.0,"2,E,04,",2.7,"1,,E,02,",44.0,"1,E,12,",,,0.0,"1,E",3.5,"1,,,E",2.6399999999999997,"3,E",3.5789999999999997,"1,,,E",1.7,"2,,,E"
AGE00147712,1893-07-01,36.17,1.34,112.0,"ORLEANSVILLE CHLEF, AG",,,,,0.0,"2,E",0.0,"2,E",0.0,"2,E",0.0,"2,E",0.0,"2,E",0.0,"2,E",29.0,"2,E",29.0,"2,E",18930730.0,",2,E",18930731.0,"+,2,E",18930704.0,",2,E",14.0,"2,E,30,",0.0,"2,,E,31,+",44.0,"2,E,04,",,,,,0.0,"2,,,E",2.838,"4,E",3.8240000000000003,"2,,,E",1.8519999999999999,"2,,,E"
AGE00147712,1893-09-01,36.17,1.34,112.0,"ORLEANSVILLE CHLEF, AG",,,230.2,"2,E",3.0,"1,E",0.0,"1,E",0.0,"1,E",0.0,"1,E",0.0,"1,E",0.0,"1,E",29.0,"1,E",18.0,"1,E",18930922.0,",1,E",18930914.0,",1,E",18930906.0,",1,E",11.0,"1,E,22,",1.7,"1,,E,14,",44.0,"1,E,06,",,,0.0,"1,E",2.9,"1,,,E",2.647,"2,E",3.493,"1,,,E",1.8,"1,,,E"
AGE00147712,1893-10-01,36.17,1.34,112.0,"ORLEANSVILLE CHLEF, AG",,,45.2,"5,E",4.0,"2,E",2.0,"2,E",0.0,"2,E",0.0,"3,E",0.0,"3,E",0.0,"3,E",28.0,"3,E",3.0,"3,E",18931024.0,",3,E",18931021.0,",2,E",18931007.0,"+,3,E",7.0,"3,E,24,",2.8,"2,,E,21,",38.0,"3,E,07,+",,,10.3,"3,E",7.8,"2,,,E",1.97,"5,E",2.825,"3,,,E",1.114,"3,,,E"
AGE00147712,1893-11-01,36.17,1.34,112.0,"ORLEANSVILLE CHLEF, AG",,,,,8.0,"1,E",5.0,"1,E",0.0,"1,E",0.0,"3,E",1.0,"3,E",0.0,"3,E",14.0,"3,E",0.0,"3,E",18931127.0,",3,E",18931108.0,",1,E",18931116.0,",3,E",0.0,"3,E,27,",9.4,"1,,E,08,",29.0,"3,E,16,",,,,,32.3,"1,,,E",1.417,"6,E",1.9440000000000002,"3,,,E",0.889,"3,,,E"
AGE00147712,1893-12-01,36.17,1.34,112.0,"ORLEANSVILLE CHLEF, AG",,,,,13.0,"4,E",8.0,"4,E",0.0,"4,E",0.0,"3,E",7.0,"3,E",0.0,"4,E",0.0,"4,E",0.0,"4,E",18931230.0,",3,E",18931207.0,",4,E",18931209.0,",4,E",-1.0,"3,E,30,",15.2,"4,,E,07,",18.0,"4,E,09,",,,,,75.7,"4,,,E",0.924,"7,E",1.4300000000000002,"4,,,E",0.418,"3,,,E"
AGE00147712,1895-01-01,36.17,1.34,112.0,"ORLEANSVILLE CHLEF, AG",,,,,14.0,"4,E",8.0,"4,E",1.0,"4,E",0.0,"5,E",2.0,"5,E",0.0,"4,E",1.0,"4,E",0.0,"4,E",18950130.0,",5,E",18950107.0,",4,E",18950120.0,",4,E",-1.0,"5,E,30,",27.0,"4,,E,07,",23.0,"4,E,20,",,,,,84.7,"4,,,E",0.852,"8,E",1.381,"4,,,E",0.323,"5,,,E"
AGE00147712,1895-02-01,36.17,1.34,112.0,"ORLEANSVILLE CHLEF, AG",,,0.0,"4,E",8.0,"2,E",6.0,"2,E",0.0,"2,E",0.0,"2,E",2.0,"2,E",0.0,"2,E",8.0,"2,E",0.0,"2,E",18950218.0,"+,2,E",18950206.0,",2,E",18950222.0,",2,E",-1.0,"2,E,18,+",20.2,"2,,E,06,",25.0,"2,E,22,",,,109.0,"2,E",51.4,"2,,,E",1.369,"4,E",1.9769999999999999,"2,,,E",0.762,"2,,,E"
AGE00147712,1895-03-01,36.17,1.34,112.0,"ORLEANSVILLE CHLEF, AG",,,0.0,"4,E",6.0,"2,E",4.0,"2,E",0.0,"2,E",0.0,"2,E",1.0,"2,E",0.0,"2,E",10.0,"2,E",0.0,"2,E",18950306.0,",2,E",18950304.0,",2,E",18950329.0,"+,2,E",-1.0,"2,E,06,",9.8,"2,,E,04,",27.0,"2,E,29,+",,,148.0,"2,E",29.4,"2,,,E",1.314,"4,E",1.986,"2,,,E",0.641,"2,,,E"
AGE00147712,1895-04-01,36.17,1.34,112.0,"ORLEANSVILLE CHLEF, AG",,,20.8,"2,E",6.0,"1,E",3.0,"1,E",0.0,"1,E",0.0,"1,E",0.0,"1,E",0.0,"1,E",23.0,"1,E",2.0,"1,E",18950421.0,",1,E",18950409.0,",1,E",18950424.0,",1,E",5.0,"1,E,21,",8.7,"1,,E,09,",34.0,"1,E,24,",,,39.7,"1,E",24.3,"1,,,E",1.779,"2,E",2.559,"1,,,E",1.0,"1,,,E"
AGE00147712,1895-05-01,36.17,1.34,112.0,"ORLEANSVILLE CHLEF, AG",,,,,6.0,"3,E",4.0,"3,E",0.0,"3,E",0.0,"3,E",0.0,"3,E",0.0,"3,E",24.0,"3,E",2.0,"3,E",18950507.0,",3,E",18950502.0,",3,E",18950518.0,",3,E",6.0,"3,E,07,",21.2,"3,,E,02,",35.0,"3,E,18,",,,,,48.6,"3,,,E",1.938,"6,E",2.711,"3,,,E",1.1640000000000001,"3,,,E"
AGE00147712,1895-06-01,36.17,1.34,112.0,"ORLEANSVILLE CHLEF, AG",,,186.3,",E",3.0,",E",2.0,",E",0.0,",E",0.0,",E",0.0,",E",0.0,",E",30.0,",E",17.0,",E",18950605.0,",,E",18950608.0,",,E",18950629.0,"+,,E",9.0,",E,05,",4.0,",,E,08,",43.0,",E,29,+",,,0.3,",E",8.6,",,,E",2.4530000000000003,",E",3.4170000000000003,",,,E",1.49,",,,E"
AGE00147712,1895-07-01,36.17,1.34,112.0,"ORLEANSVILLE CHLEF, AG",,,344.3,"2,E",0.0,"1,E",0.0,"1,E",0.0,"1,E",0.0,"1,E",0.0,"1,E",0.0,"1,E",30.0,"1,E",30.0,"1,E",18950723.0,",1,E",18950731.0,"+,1,E",18950703.0,",1,E",16.0,"1,E,23,",0.0,"1,,E,31,+",45.0,"1,E,03,",0.0,E,0.0,"1,E",0.0,"1,,,E",3.018,"2,E",4.047,"1,,,E",1.9899999999999998,"1,,,E"
AGE00147712,1895-10-01,36.17,1.34,112.0,"ORLEANSVILLE CHLEF, AG",,,104.7,"2,E",3.0,"1,E",1.0,"1,E",0.0,"1,E",0.0,"1,E",0.0,"1,E",0.0,"1,E",29.0,"1,E",4.0,"1,E",18951010.0,",1,E",18951030.0,",1,E",18951002.0,",1,E",10.0,"1,E,10,",16.1,"1,,E,30,",37.0,"1,E,02,",,,1.3,"1,E",20.2,"1,,,E",2.193,"2,E",2.977,"1,,,E",1.41,"1,,,E"
AGE00147712,1895-11-01,36.17,1.34,112.0,"ORLEANSVILLE CHLEF, AG",,,4.0,",E",3.0,",E",1.0,",E",0.0,",E",0.0,",E",0.0,",E",0.0,",E",24.0,",E",0.0,",E",18951123.0,"+,,E",18951102.0,",,E",18951117.0,"+,,E",5.0,",E,23,+",4.9,",,E,02,",28.0,",E,17,+",,,73.0,",E",7.4,",,,E",1.6030000000000002,",E",2.323,",,,E",0.883,",,,E"
AGE00147712,1895-12-01,36.17,1.34,112.0,"ORLEANSVILLE CHLEF, AG",,,0.0,"1,E",7.0,"1,E",6.0,"1,E",0.0,"1,E",0.0,",E",1.0,",E",0.0,"1,E",0.0,"1,E",0.0,"1,E",18951207.0,",,E",18951212.0,",1,E",18951224.0,",1,E",0.0,",E,07,",17.8,"1,,E,12,",21.0,"1,E,24,",,,214.0,"1,E",59.3,"1,,,E",1.117,"1,E",1.6829999999999998,"1,,,E",0.5519999999999999,",,,E"
AGE00147712,1897-01-01,36.17,1.34,112.0,"ORLEANSVILLE CHLEF, AG",0.0,E,0.0,"2,E",9.0,"1,E",5.0,"1,E",0.0,"1,E",0.0,"1,E",6.0,"1,E",0.0,"1,E",3.0,"1,E",0.0,"1,E",18970126.0,",1,E",18970123.0,",1,E",18970109.0,",1,E",-3.0,"1,E,26,",14.2,"1,,E,23,",26.0,"1,E,09,",,,253.7,"1,E",55.5,"1,,,E",0.9550000000000001,"2,E",1.51,"1,,,E",0.4,"1,,,E"
AGE00147712,1897-03-01,36.17,1.34,112.0,"ORLEANSVILLE CHLEF, AG",,,7.8,"4,E",3.0,"2,E",1.0,"2,E",0.0,"2,E",0.0,"2,E",0.0,"2,E",0.0,"2,E",19.0,"2,E",0.0,"2,E",18970310.0,",2,E",18970306.0,",2,E",18970322.0,",2,E",2.0,"2,E,10,",6.8,"2,,E,06,",32.0,"2,E,22,",,,77.3,"2,E",9.6,"2,,,E",1.548,"4,E",2.397,"2,,,E",0.7,"2,,,E"
AGE00147712,1897-04-01,36.17,1.34,112.0,"ORLEANSVILLE CHLEF, AG",,,12.2,"2,E",2.0,"1,E",1.0,"1,E",0.0,"1,E",0.0,"1,E",0.0,"1,E",0.0,"1,E",26.0,"1,E",1.0,"1,E",18970418.0,"+,1,E",18970423.0,",1,E",18970429.0,",1,E",3.0,"1,E,18,+",7.3,"1,,E,23,",35.0,"1,E,29,",,,46.0,"1,E",9.7,"1,,,E",1.716,"2,E",2.569,"1,,,E",0.8619999999999999,"1,,,E"
AGE00147712,1897-05-01,36.17,1.34,112.0,"ORLEANSVILLE CHLEF, AG",,,67.8,",E",4.0,",E",1.0,",E",0.0,",E",0.0,",E",0.0,",E",0.0,",E",28.0,",E",5.0,",E",18970512.0,",,E",18970503.0,",,E",18970530.0,"+,,E",6.0,",E,12,",4.8,",,E,03,",34.0,",E,30,+",,,6.7,",E",8.8,",,,E",2.0309999999999997,",E",2.855,",,,E",1.206,",,,E"
AGE00147712,1897-07-01,36.17,1.34,112.0,"ORLEANSVILLE CHLEF, AG",,,318.8,"2,E",0.0,"1,E",0.0,"1,E",0.0,"1,E",0.0,"1,E",0.0,"1,E",0.0,"1,E",30.0,"1,E",28.0,"1,E",18970704.0,",1,E",18970731.0,"+,1,E",18970725.0,"+,1,E",15.0,"1,E,04,",0.0,"1,,E,31,+",44.0,"1,E,25,+",0.0,E,0.0,"1,E",0.0,"1,,,E",2.927,"2,E",3.907,"1,,,E",1.9469999999999998,"1,,,E"
AGE00147712,1897-08-01,36.17,1.34,112.0,"ORLEANSVILLE CHLEF, AG",,,352.2,",E",0.0,",E",0.0,",E",0.0,",E",0.0,",E",0.0,",E",0.0,",E",31.0,",E",31.0,",E",18970831.0,"+,,E",18970831.0,"+,,E",18970822.0,"+,,E",16.0,",E,31,+",0.0,",,E,31,+",43.0,",E,22,+",0.0,E,0.0,",E",0.0,",,,E",2.9690000000000003,",E",3.997,",,,E",1.9420000000000002,",,,E"
AGE00147712,1897-10-01,36.17,1.34,112.0,"ORLEANSVILLE CHLEF, AG",,,40.2,",E",3.0,",E",2.0,",E",0.0,",E",0.0,",E",0.0,",E",0.0,",E",31.0,",E",0.0,",E",18971009.0,",,E",18971002.0,",,E",18971014.0,",,E",6.0,",E,09,",2.8,",,E,02,",31.0,",E,14,",,,8.0,",E",6.4,",,,E",1.937,",E",2.697,",,,E",1.177,",,,E"
AGE00147712,1897-11-01,36.17,1.34,112.0,"ORLEANSVILLE CHLEF, AG",,,7.3,",E",3.0,",E",2.0,",E",0.0,",E",0.0,",E",0.0,",E",0.0,",E",13.0,",E",0.0,",E",18971128.0,"+,,E",18971110.0,",,E",18971109.0,"+,,E",3.0,",E,28,+",13.7,",,E,10,",27.0,",E,09,+",,,93.3,",E",18.5,",,,E",1.5470000000000002,",E",2.16,",,,E",0.933,",,,E"
AGE00147712,1897-12-01,36.17,1.34,112.0,"ORLEANSVILLE CHLEF, AG",,,0.0,"3,E",6.0,"2,E",6.0,"2,E",0.0,"2,E",0.0,"1,E",3.0,"1,E",0.0,"2,E",0.0,"2,E",0.0,"2,E",18971230.0,"+,1,E",18971223.0,",2,E",18971220.0,",2,E",0.0,"1,E,30,+",12.0,"2,,E,23,",20.0,"2,E,20,",,,235.8,"2,E",53.5,"2,,,E",0.9960000000000001,"3,E",1.534,"2,,,E",0.457,"1,,,E"
AGE00147712,1898-01-01,36.17,1.34,112.0,"ORLEANSVILLE CHLEF, AG",0.0,E,0.0,"3,E",13.0,"1,E",8.0,"1,E",0.0,"1,E",0.0,"2,E",4.0,"2,E",0.0,"1,E",0.0,"1,E",0.0,"1,E",18980127.0,"+,2,E",18980118.0,",1,E",18980104.0,"+,1,E",-1.0,"2,E,27,+",8.2,"1,,E,18,",21.0,"1,E,04,+",,,223.8,"1,E",49.3,"1,,,E",1.04,"3,E",1.58,"1,,,E",0.5,"2,,,E"
AGE00147712,1898-02-01,36.17,1.34,112.0,"ORLEANSVILLE CHLEF, AG",0.0,E,0.0,",E",8.0,",E",5.0,",E",0.0,",E",0.0,",E",7.0,",E",0.0,",E",2.0,",E",0.0,",E",18980213.0,",,E",18980223.0,",,E",18980218.0,",,E",-4.0,",E,13,",15.0,",,E,23,",24.0,",E,18,",,,250.8,",E",54.1,",,,E",0.9380000000000001,",E",1.6460000000000001,",,,E",0.229,",,,E"
AGE00147712,1898-03-01,36.17,1.34,112.0,"ORLEANSVILLE CHLEF, AG",0.0,E,0.0,"4,E",13.0,"1,E",11.0,"1,E",0.0,"1,E",0.0,"2,E",0.0,"2,E",0.0,"2,E",7.0,"2,E",0.0,"2,E",18980314.0,",2,E",18980306.0,",1,E",18980320.0,",2,E",1.0,"2,E,14,",15.4,"1,,E,06,",25.0,"2,E,20,",,,162.0,"2,E",97.7,"1,,,E",1.2429999999999999,"4,E",1.834,"2,,,E",0.6519999999999999,"2,,,E"
AGE00147712,1898-04-01,36.17,1.34,112.0,"ORLEANSVILLE CHLEF, AG",4.0,E,4.0,",E",9.0,",E",6.0,",E",0.0,",E",0.0,",E",0.0,",E",0.0,",E",19.0,",E",0.0,",E",18980404.0,",,E",18980415.0,",,E",18980424.0,"+,,E",3.0,",E,04,",15.2,",,E,15,",29.0,",E,24,+",,,92.0,",E",42.7,",,,E",1.54,",E",2.223,",,,E",0.857,",,,E"
AGE00147712,1898-05-01,36.17,1.34,112.0,"ORLEANSVILLE CHLEF, AG",51.8,E,47.8,"2,E",4.0,"1,E",1.0,"1,E",0.0,"1,E",0.0,"1,E",0.0,"1,E",0.0,"1,E",30.0,"1,E",2.0,"1,E",18980531.0,"+,1,E",18980513.0,",1,E",18980501.0,",1,E",8.0,"1,E,31,+",3.1,"1,,E,13,",34.0,"1,E,01,",,,5.5,"1,E",8.6,"1,,,E",1.985,"2,E",2.793,"1,,,E",1.177,"1,,,E"
AGE00147712,1898-06-01,36.17,1.34,112.0,"ORLEANSVILLE CHLEF, AG",270.8,E,219.0,",E",0.0,",E",0.0,",E",0.0,",E",0.0,",E",0.0,",E",0.0,",E",30.0,",E",23.0,",E",18980601.0,",,E",18980630.0,"+,,E",18980621.0,",,E",11.0,",E,01,",0.0,",,E,30,+",44.0,",E,21,",,,0.0,",E",0.0,",,,E",2.5629999999999997,",E",3.4270000000000005,",,,E",1.7,",,,E"
AGE00147712,1898-07-01,36.17,1.34,112.0,"ORLEANSVILLE CHLEF, AG",609.6,E,338.8,"2,E",0.0,"1,E",0.0,"1,E",0.0,"1,E",0.0,"1,E",0.0,"1,E",0.0,"1,E",30.0,"1,E",28.0,"1,E",18980703.0,",1,E",18980731.0,"+,1,E",18980724.0,"+,1,E",15.0,"1,E,03,",0.0,"1,,E,31,+",44.0,"1,E,24,+",0.0,E,0.0,"1,E",0.0,"1,,,E",3.012,"2,E",3.94,"1,,,E",2.0829999999999997,"1,,,E"
AGE00147712,1898-09-01,36.17,1.34,112.0,"ORLEANSVILLE CHLEF, AG",,,221.0,",E",8.0,",E",4.0,",E",1.0,",E",0.0,",E",0.0,",E",0.0,",E",30.0,",E",19.0,",E",18980930.0,",,E",18980924.0,",,E",18980912.0,",,E",13.0,",E,30,",26.1,",,E,24,",39.0,",E,12,",,,0.0,",E",53.9,",,,E",2.57,",E",3.31,",,,E",1.83,",,,E"
AGE00147712,1898-10-01,36.17,1.34,112.0,"ORLEANSVILLE CHLEF, AG",,,56.7,",E",3.0,",E",3.0,",E",0.0,",E",0.0,",E",0.0,",E",0.0,",E",29.0,",E",0.0,",E",18981027.0,"+,,E",18981019.0,",,E",18981029.0,"+,,E",10.0,",E,27,+",3.7,",,E,19,",30.0,",E,29,+",,,4.0,",E",9.9,",,,E",2.003,",E",2.674,",,,E",1.332,",,,E"
AGE00147712,1898-11-01,36.17,1.34,112.0,"ORLEANSVILLE CHLEF, AG",,,2.0,",E",14.0,",E",8.0,",E",0.0,",E",0.0,",E",0.0,",E",0.0,",E",7.0,",E",0.0,",E",18981126.0,",,E",18981116.0,",,E",18981110.0,",,E",5.0,",E,26,",21.8,",,E,16,",27.0,",E,10,",,,120.0,",E",89.8,",,,E",1.44,",E",1.893,",,,E",0.9869999999999999,",,,E"
AGE00147712,1898-12-01,36.17,1.34,112.0,"ORLEANSVILLE CHLEF, AG",,,0.0,"2,E",8.0,"1,E",4.0,"1,E",0.0,"1,E",0.0,"1,E",4.0,"1,E",0.0,"1,E",0.0,"1,E",0.0,"1,E",18981228.0,"+,1,E",18981228.0,",1,E",18981207.0,",1,E",0.0,"1,E,28,+",13.2,"1,,E,28,",17.0,"1,E,07,",,,258.7,"1,E",38.1,"1,,,E",0.933,"2,E",1.407,"1,,,E",0.45999999999999996,"1,,,E"
AGE00147712,1899-01-01,36.17,1.34,112.0,"ORLEANSVILLE CHLEF, AG",0.0,E,0.0,"2,E",4.0,"1,E",4.0,"1,E",0.0,"1,E",0.0,"1,E",7.0,"1,E",0.0,"1,E",0.0,"1,E",0.0,"1,E",18990118.0,"+,1,E",18990123.0,",1,E",18990109.0,",1,E",-1.0,"1,E,18,+",8.7,"1,,E,23,",21.0,"1,E,09,",,,235.7,"1,E",18.4,"1,,,E",1.0150000000000001,"2,E",1.673,"1,,,E",0.357,"1,,,E"
AGE00147712,1899-02-01,36.17,1.34,112.0,"ORLEANSVILLE CHLEF, AG",0.0,E,0.0,",E",9.0,",E",6.0,",E",0.0,",E",0.0,",E",0.0,",E",0.0,",E",7.0,",E",0.0,",E",18990212.0,"+,,E",18990221.0,",,E",18990210.0,"+,,E",4.0,",E,12,+",13.8,",,E,21,",26.0,",E,10,+",,,139.3,",E",58.8,",,,E",1.3359999999999999,",E",1.968,",,,E",0.704,",,,E"
AGE00147712,1899-04-01,36.17,1.34,112.0,"ORLEANSVILLE CHLEF, AG",,,22.2,",E",3.0,",E",2.0,",E",0.0,",E",0.0,",E",0.0,",E",0.0,",E",29.0,",E",1.0,",E",18990409.0,",,E",18990412.0,",,E",18990428.0,",,E",4.0,",E,09,",14.4,",,E,12,",33.0,",E,28,",,,26.7,",E",18.4,",,,E",1.818,",E",2.697,",,,E",0.9400000000000001,",,,E"
AGE00147712,1899-05-01,36.17,1.34,112.0,"ORLEANSVILLE CHLEF, AG",,,98.3,"4,E",3.0,"2,E",3.0,"2,E",1.0,"2,E",0.0,"2,E",0.0,"2,E",0.0,"2,E",29.0,"2,E",9.0,"2,E",18990509.0,",2,E",18990507.0,",2,E",18990523.0,"+,2,E",8.0,"2,E,09,",25.8,"2,,E,07,",36.0,"2,E,23,+",,,3.3,"2,E",51.6,"2,,,E",2.181,"4,E",3.0100000000000002,"2,,,E",1.3519999999999999,"2,,,E"
AGE00147712,1899-06-01,36.17,1.34,112.0,"ORLEANSVILLE CHLEF, AG",,,143.3,"4,E",6.0,"2,E",2.0,"2,E",0.0,"2,E",0.0,"2,E",0.0,"2,E",0.0,"2,E",28.0,"2,E",12.0,"2,E",18990624.0,"+,2,E",18990621.0,",2,E",18990610.0,",2,E",10.0,"2,E,24,+",3.2,"2,,E,21,",41.0,"2,E,10,",,,0.0,"2,E",10.8,"2,,,E",2.395,"4,E",3.182,"2,,,E",1.607,"2,,,E"
AGE00147712,1899-08-01,36.17,1.34,112.0,"ORLEANSVILLE CHLEF, AG",,,339.0,"1,E",2.0,",E",1.0,",E",0.0,",E",0.0,"1,E",0.0,"1,E",0.0,",E",31.0,",E",30.0,",E",18990809.0,",1,E",18990813.0,",,E",18990804.0,",,E",16.0,"1,E,09,",4.2,",,E,13,",44.0,",E,04,",,,0.0,",E",5.2,",,,E",2.964,"1,E",3.8520000000000003,",,,E",2.077,"1,,,E"
AGE00147712,1899-10-01,36.17,1.34,112.0,"ORLEANSVILLE CHLEF, AG",,,136.3,"2,E",0.0,"1,E",0.0,"1,E",0.0,"1,E",0.0,"1,E",0.0,"1,E",0.0,"1,E",30.0,"1,E",5.0,"1,E",18991020.0,",1,E",18991031.0,"+,1,E",18991002.0,",1,E",12.0,"1,E,20,",0.0,"1,,E,31,+",36.0,"1,E,02,",,,0.0,"1,E",0.0,"1,,,E",2.318,"2,E",2.987,"1,,,E",1.65,"1,,,E"
AGE00147712,1899-11-01,36.17,1.34,112.0,"ORLEANSVILLE CHLEF, AG",,,18.2,"4,E",3.0,"2,E",3.0,"2,E",0.0,"2,E",0.0,"2,E",0.0,"2,E",0.0,"2,E",13.0,"2,E",0.0,"2,E",18991121.0,",2,E",18991128.0,",2,E",18991102.0,",2,E",3.0,"2,E,21,",12.0,"2,,E,28,",31.0,"2,E,02,",,,91.3,"2,E",19.9,"2,,,E",1.5550000000000002,"4,E",2.179,"2,,,E",0.932,"2,,,E"
AGE00147712,1899-12-01,36.17,1.34,112.0,"ORLEANSVILLE CHLEF, AG",,,0.0,"2,E",13.0,"1,E",7.0,"1,E",0.0,"1,E",0.0,"1,E",0.0,"1,E",0.0,"1,E",0.0,"1,E",0.0,"1,E",18991225.0,"+,1,E",18991207.0,",1,E",18991231.0,",1,E",2.0,"1,E,25,+",17.4,"1,,E,07,",20.0,"1,E,31,",,,220.2,"1,E",87.6,"1,,,E",1.073,"2,E",1.527,"1,,,E",0.62,"1,,,E"
AGE00147712,1900-01-01,36.17,1.34,112.0,"ORLEANSVILLE CHLEF, AG",0.2,E,0.2,"4,E",12.0,"2,E",5.0,"2,E",0.0,"2,E",0.0,"2,E",4.0,"2,E",0.0,"2,E",1.0,"2,E",0.0,"2,E",19000123.0,"+,2,E",19000105.0,",2,E",19000101.0,",2,E",0.0,"2,E,23,+",18.2,"2,,E,05,",24.0,"2,E,01,",,,228.2,"2,E",45.3,"2,,,E",0.9640000000000001,"4,E",1.49,"2,,,E",0.438,"2,,,E"
AGE00147712,1900-02-01,36.17,1.34,112.0,"ORLEANSVILLE CHLEF, AG",4.7,E,4.5,"2,E",8.0,"1,E",4.0,"1,E",0.0,"1,E",0.0,"1,E",0.0,"1,E",0.0,"1,E",9.0,"1,E",0.0,"1,E",19000203.0,",1,E",19000207.0,",1,E",19000225.0,",1,E",3.0,"1,E,03,",3.8,"1,,E,07,",32.0,"1,E,25,",,,113.2,"1,E",16.8,"1,,,E",1.433,"2,E",2.004,"1,,,E",0.8630000000000001,"1,,,E"
AGE00147712,1900-03-01,36.17,1.34,112.0,"ORLEANSVILLE CHLEF, AG",,,,,8.0,"4,E",6.0,"4,E",0.0,"4,E",0.0,"4,E",2.0,"4,E",0.0,"4,E",6.0,"4,E",0.0,"4,E",19000308.0,"+,4,E",19000328.0,",4,E",19000312.0,"+,4,E",0.0,"4,E,08,+",12.8,"4,,E,28,",24.0,"4,E,12,+",,,,,35.6,"4,,,E",1.2650000000000001,"8,E",1.8559999999999999,"4,,,E",0.674,"4,,,E"
AGE00147712,1900-04-01,36.17,1.34,112.0,"ORLEANSVILLE CHLEF, AG",,,5.8,"2,E",7.0,"1,E",6.0,"1,E",1.0,"1,E",0.0,"1,E",0.0,"1,E",0.0,"1,E",18.0,"1,E",0.0,"1,E",19000404.0,"+,1,E",19000405.0,",1,E",19000426.0,"+,1,E",4.0,"1,E,04,+",28.8,"1,,E,05,",29.0,"1,E,26,+",,,74.2,"1,E",90.3,"1,,,E",1.576,"2,E",2.259,"1,,,E",0.893,"1,,,E"
AGE00147712,1900-05-01,36.17,1.34,112.0,"ORLEANSVILLE CHLEF, AG",,,26.2,"3,E",7.0,"2,E",4.0,"2,E",2.0,"2,E",0.0,"1,E",0.0,"1,E",0.0,"2,E",26.0,"2,E",2.0,"2,E",19000527.0,"+,1,E",19000501.0,",2,E",19000506.0,",2,E",8.0,"1,E,27,+",50.4,"2,,E,01,",35.0,"2,E,06,",,,24.5,"2,E",110.1,"2,,,E",1.8539999999999999,"3,E",2.559,"2,,,E",1.15,"1,,,E"
AGE00147712,1900-08-01,36.17,1.34,112.0,"ORLEANSVILLE CHLEF, AG",,,291.2,",E",1.0,",E",0.0,",E",0.0,",E",0.0,",E",0.0,",E",0.0,",E",31.0,",E",26.0,",E",19000825.0,",,E",19000823.0,",,E",19000802.0,",,E",13.0,",E,25,",0.8,",,E,23,",42.0,",E,02,",,,0.0,",E",0.8,",,,E",2.773,",E",3.603,",,,E",1.9420000000000002,",,,E"
AGE00147712,1900-09-01,36.17,1.34,112.0,"ORLEANSVILLE CHLEF, AG",,,197.2,"2,E",8.0,"1,E",3.0,"1,E",0.0,"1,E",0.0,"1,E",0.0,"1,E",0.0,"1,E",29.0,"1,E",14.0,"1,E",19000929.0,",1,E",19000914.0,",1,E",19000903.0,",1,E",13.0,"1,E,29,",16.8,"1,,E,14,",38.0,"1,E,03,",,,0.0,"1,E",46.9,"1,,,E",2.548,"2,E",3.2479999999999998,"1,,,E",1.848,"1,,,E"
AGE00147712,1900-10-01,36.17,1.34,112.0,"ORLEANSVILLE CHLEF, AG",,,65.8,",E",8.0,",E",5.0,",E",0.0,",E",0.0,",E",0.0,",E",0.0,",E",29.0,",E",4.0,",E",19001030.0,"+,,E",19001020.0,",,E",19001006.0,",,E",10.0,",E,30,+",14.2,",,E,20,",35.0,",E,06,",,,7.2,",E",45.3,",,,E",2.023,",E",2.668,",,,E",1.377,",,,E"
AGE00147712,1900-12-01,36.17,1.34,112.0,"ORLEANSVILLE CHLEF, AG",,,0.0,"5,E",4.0,"3,E",2.0,"3,E",0.0,"3,E",0.0,"2,E",2.0,"2,E",0.0,"3,E",0.0,"3,E",0.0,"3,E",19001213.0,"+,2,E",19001202.0,",3,E",19001223.0,",3,E",0.0,"2,E,13,+",5.9,"3,,E,02,",18.0,"3,E,23,",,,241.2,"3,E",13.5,"3,,,E",0.9359999999999999,"5,E",1.486,"3,,,E",0.386,"2,,,E"
AGE00147712,1901-01-01,36.17,1.34,112.0,"ORLEANSVILLE CHLEF, AG",0.0,E,0.0,"3,E",8.0,"1,E",4.0,"1,E",0.0,"1,E",0.0,"2,E",3.0,"2,E",0.0,"1,E",0.0,"1,E",0.0,"1,E",19010105.0,",2,E",19010117.0,",1,E",19010124.0,"+,1,E",-1.0,"2,E,05,",17.0,"1,,E,17,",20.0,"1,E,24,+",,,260.8,"1,E",44.0,"1,,,E",0.906,"3,E",1.4529999999999998,"1,,,E",0.359,"2,,,E"
AGE00147712,1901-02-01,36.17,1.34,112.0,"ORLEANSVILLE CHLEF, AG",0.0,E,0.0,",E",12.0,",E",9.0,",E",0.0,",E",0.0,",E",4.0,",E",0.0,",E",0.0,",E",0.0,",E",19010218.0,",,E",19010212.0,",,E",19010223.0,"+,,E",-2.0,",E,18,",14.7,",,E,12,",18.0,",E,23,+",,,267.8,",E",66.2,",,,E",0.877,",E",1.364,",,,E",0.389,",,,E"
AGE00147712,1901-03-01,36.17,1.34,112.0,"ORLEANSVILLE CHLEF, AG",1.2,E,1.2,",E",10.0,",E",8.0,",E",0.0,",E",0.0,",E",0.0,",E",0.0,",E",3.0,",E",0.0,",E",19010329.0,"+,,E",19010318.0,",,E",19010331.0,",,E",1.0,",E,29,+",19.7,",,E,18,",26.0,",E,31,",,,188.0,",E",80.2,",,,E",1.231,",E",1.8190000000000002,",,,E",0.642,",,,E"
AGE00147712,1901-05-01,36.17,1.34,112.0,"ORLEANSVILLE CHLEF, AG",,,,,5.0,"4,E",5.0,"4,E",1.0,"4,E",0.0,"3,E",0.0,"3,E",0.0,"4,E",26.0,"4,E",0.0,"4,E",19010513.0,"+,3,E",19010507.0,",4,E",19010527.0,",4,E",7.0,"3,E,13,+",47.7,"4,,E,07,",31.0,"4,E,27,",,,,,81.9,"4,,,E",1.904,"7,E",2.6149999999999998,"4,,,E",1.193,"3,,,E"
AGE00147712,1901-06-01,36.17,1.34,112.0,"ORLEANSVILLE CHLEF, AG",,,278.2,"2,E",2.0,"1,E",1.0,"1,E",0.0,"1,E",0.0,"2,E",0.0,"2,E",0.0,"1,E",29.0,"1,E",26.0,"1,E",19010621.0,",2,E",19010626.0,",1,E",19010629.0,",1,E",14.0,"2,E,21,",3.0,"1,,E,26,",46.0,"1,E,29,",,,0.0,"1,E",4.0,"1,,,E",2.821,"2,E",3.71,"1,,,E",1.932,"2,,,E"
AGE00147712,1901-08-01,36.17,1.34,112.0,"ORLEANSVILLE CHLEF, AG",,,306.3,"2,E",1.0,"1,E",1.0,"1,E",0.0,"1,E",0.0,"1,E",0.0,"1,E",0.0,"1,E",30.0,"1,E",30.0,"1,E",19010801.0,",1,E",19010825.0,",1,E",19010821.0,",1,E",17.0,"1,E,01,",5.0,"1,,E,25,",42.0,"1,E,21,",,,0.0,"1,E",5.0,"1,,,E",2.8850000000000002,"2,E",3.7630000000000003,"1,,,E",2.007,"1,,,E"
AGE00147712,1901-09-01,36.17,1.34,112.0,"ORLEANSVILLE CHLEF, AG",,,166.2,"2,E",2.0,"1,E",2.0,"1,E",0.0,"1,E",0.0,"1,E",0.0,"1,E",0.0,"1,E",29.0,"1,E",10.0,"1,E",19010928.0,"+,1,E",19010929.0,",1,E",19010902.0,",1,E",13.0,"1,E,28,+",4.2,"1,,E,29,",41.0,"1,E,02,",,,0.0,"1,E",7.4,"1,,,E",2.4170000000000003,"2,E",3.145,"1,,,E",1.69,"1,,,E"
AGE00147712,1901-10-01,36.17,1.34,112.0,"ORLEANSVILLE CHLEF, AG",,,18.5,"2,E",18.0,",E",10.0,",E",2.0,",E",0.0,"1,E",0.0,"1,E",0.0,"1,E",14.0,"1,E",0.0,"1,E",19011025.0,",1,E",19011022.0,",,E",19011009.0,",1,E",7.0,"1,E,25,",29.1,",,E,22,",31.0,"1,E,09,",,,58.7,"1,E",125.9,",,,E",1.7100000000000002,"2,E",2.16,"1,,,E",1.26,"1,,,E"
AGE00147712,1901-11-01,36.17,1.34,112.0,"ORLEANSVILLE CHLEF, AG",,,0.7,",E",9.0,",E",8.0,",E",0.0,",E",0.0,",E",0.0,",E",0.0,",E",5.0,",E",0.0,",E",19011111.0,",,E",19011108.0,",,E",19011117.0,",,E",1.0,",E,11,",15.2,",,E,08,",27.0,",E,17,",,,148.2,",E",59.7,",,,E",1.342,",E",1.81,",,,E",0.873,",,,E"
AGE00147712,1901-12-01,36.17,1.34,112.0,"ORLEANSVILLE CHLEF, AG",,,0.0,",E",14.0,"1,E",12.0,"1,E",0.0,"1,E",0.0,",E",3.0,",E",0.0,",E",0.0,",E",0.0,",E",19011220.0,"+,,E",19011222.0,",1,E",19011218.0,",,E",0.0,",E,20,+",25.1,"1,,E,22,",19.0,",E,18,",,,274.3,",E",97.3,"1,,,E",0.9480000000000001,",E",1.384,",,,E",0.513,",,,E"
AGE00147712,1902-01-01,36.17,1.34,112.0,"ORLEANSVILLE CHLEF, AG",0.0,E,0.0,"1,E",3.0,",E",2.0,",E",0.0,",E",0.0,",E",6.0,",E",0.0,"1,E",0.0,"1,E",0.0,"1,E",19020129.0,",,E",19020130.0,",,E",19020124.0,",1,E",-2.0,",E,29,",16.4,",,E,30,",18.0,"1,E,24,",,,295.5,"1,E",20.3,",,,E",0.851,"1,E",1.483,"1,,,E",0.219,",,,E"
AGE00147712,1902-02-01,36.17,1.34,112.0,"ORLEANSVILLE CHLEF, AG",0.0,E,0.0,",E",9.0,",E",4.0,",E",0.0,",E",0.0,",E",3.0,",E",0.0,",E",1.0,",E",0.0,",E",19020203.0,"+,,E",19020217.0,",,E",19020228.0,",,E",-1.0,",E,03,+",5.9,",,E,17,",22.0,",E,28,",,,192.8,",E",24.8,",,,E",1.145,",E",1.661,",,,E",0.629,",,,E"
AGE00147712,1902-03-01,36.17,1.34,112.0,"ORLEANSVILLE CHLEF, AG",0.2,E,0.2,"2,E",7.0,"1,E",3.0,"1,E",0.0,"1,E",0.0,"1,E",1.0,"1,E",0.0,"1,E",13.0,"1,E",0.0,"1,E",19020325.0,",1,E",19020307.0,",1,E",19020331.0,",1,E",0.0,"1,E,25,",8.5,"1,,E,07,",29.0,"1,E,31,",,,128.8,"1,E",23.6,"1,,,E",1.387,"2,E",2.093,"1,,,E",0.6799999999999999,"1,,,E"
AGE00147712,1902-04-01,36.17,1.34,112.0,"ORLEANSVILLE CHLEF, AG",11.7,E,11.5,"2,E",8.0,"1,E",4.0,"1,E",0.0,"1,E",0.0,"1,E",0.0,"1,E",0.0,"1,E",25.0,"1,E",0.0,"1,E",19020419.0,",1,E",19020415.0,",1,E",19020409.0,",1,E",6.0,"1,E,19,",5.2,"1,,E,15,",30.0,"1,E,09,",,,26.8,"1,E",18.7,"1,,,E",1.784,"2,E",2.4859999999999998,"1,,,E",1.083,"1,,,E"
AGE00147712,1902-05-01,36.17,1.34,112.0,"ORLEANSVILLE CHLEF, AG",47.0,E,35.3,",E",7.0,",E",6.0,",E",0.0,",E",0.0,",E",0.0,",E",0.0,",E",26.0,",E",3.0,",E",19020509.0,",,E",19020506.0,",,E",19020527.0,",,E",3.0,",E,09,",16.1,",,E,06,",35.0,",E,27,",,,51.7,",E",34.8,",,,E",1.781,",E",2.581,",,,E",0.9810000000000001,",,,E"
AGE00147712,1902-06-01,36.17,1.34,112.0,"ORLEANSVILLE CHLEF, AG",234.0,E,187.0,",E",1.0,",E",0.0,",E",0.0,",E",0.0,",E",0.0,",E",0.0,",E",30.0,",E",14.0,",E",19020612.0,",,E",19020610.0,",,E",19020622.0,",,E",10.0,",E,12,",0.6,",,E,10,",42.0,",E,22,",,,0.0,",E",0.8,",,,E",2.457,",E",3.287,",,,E",1.627,",,,E"
AGE00147712,1902-08-01,36.17,1.34,112.0,"ORLEANSVILLE CHLEF, AG",,,361.7,",E",0.0,",E",0.0,",E",0.0,",E",0.0,",E",0.0,",E",0.0,",E",31.0,",E",27.0,",E",19020831.0,",,E",19020831.0,"+,,E",19020819.0,",,E",14.0,",E,31,",0.0,",,E,31,+",47.0,",E,19,",,,0.0,",E",0.0,",,,E",3.0,",E",3.9579999999999997,",,,E",2.0420000000000003,",,,E"
AGE00147712,1902-09-01,36.17,1.34,112.0,"ORLEANSVILLE CHLEF, AG",,,211.5,",E",3.0,",E",2.0,",E",0.0,",E",0.0,",E",0.0,",E",0.0,",E",30.0,",E",18.0,",E",19020930.0,"+,,E",19020927.0,",,E",19020904.0,",,E",13.0,",E,30,+",14.0,",,E,27,",43.0,",E,04,",,,0.0,",E",19.6,",,,E",2.538,",E",3.2969999999999997,",,,E",1.78,",,,E"
AGE00147712,1902-10-01,36.17,1.34,112.0,"ORLEANSVILLE CHLEF, AG",,,27.7,"2,E",11.0,"1,E",9.0,"1,E",1.0,"1,E",0.0,"1,E",0.0,"1,E",0.0,"1,E",23.0,"1,E",1.0,"1,E",19021024.0,"+,1,E",19021026.0,",1,E",19021008.0,",1,E",7.0,"1,E,24,+",51.2,"1,,E,26,",35.0,"1,E,08,",,,35.3,"1,E",106.4,"1,,,E",1.78,"2,E",2.357,"1,,,E",1.2029999999999998,"1,,,E"
AGE00147712,1902-11-01,36.17,1.34,112.0,"ORLEANSVILLE CHLEF, AG",,,6.8,",E",9.0,",E",4.0,",E",1.0,",E",0.0,",E",0.0,",E",0.0,",E",6.0,",E",0.0,",E",19021101.0,",,E",19021112.0,",,E",19021102.0,",,E",3.0,",E,01,",33.7,",,E,12,",29.0,",E,02,",,,106.8,",E",98.4,",,,E",1.5,",E",1.98,",,,E",1.02,",,,E"
AGE00147712,1902-12-01,36.17,1.34,112.0,"ORLEANSVILLE CHLEF, AG",,,0.0,",E",10.0,",E",4.0,",E",0.0,",E",0.0,",E",1.0,",E",0.0,",E",0.0,",E",0.0,",E",19021228.0,",,E",19021230.0,",,E",19021208.0,",,E",0.0,",E,28,",15.4,",,E,30,",18.0,",E,08,",,,247.3,",E",34.3,",,,E",1.035,",E",1.4769999999999999,",,,E",0.5940000000000001,",,,E"
AGE00147712,1903-01-01,36.17,1.34,112.0,"ORLEANSVILLE CHLEF, AG",0.0,E,0.0,"2,E",9.0,"1,E",3.0,"1,E",0.0,"1,E",0.0,"1,E",0.0,"1,E",0.0,"1,E",1.0,"1,E",0.0,"1,E",19030128.0,"+,1,E",19030118.0,",1,E",19030110.0,",1,E",1.0,"1,E,28,+",13.8,"1,,E,18,",23.0,"1,E,10,",,,225.2,"1,E",40.0,"1,,,E",1.05,"2,E",1.54,"1,,,E",0.5599999999999999,"1,,,E"
AGE00147712,1903-02-01,36.17,1.34,112.0,"ORLEANSVILLE CHLEF, AG",0.0,E,0.0,",E",1.0,",E",0.0,",E",0.0,",E",0.0,",E",4.0,",E",0.0,",E",0.0,",E",0.0,",E",19030204.0,",,E",19030202.0,",,E",19030228.0,"+,,E",-1.0,",E,04,",2.0,",,E,02,",21.0,",E,28,+",,,237.8,",E",2.0,",,,E",0.984,",E",1.6960000000000002,",,,E",0.271,",,,E"
AGE00147712,1903-03-01,36.17,1.34,112.0,"ORLEANSVILLE CHLEF, AG",2.0,E,2.0,",E",6.0,",E",1.0,",E",0.0,",E",0.0,",E",0.0,",E",0.0,",E",15.0,",E",0.0,",E",19030309.0,",,E",19030311.0,",,E",19030325.0,",,E",1.0,",E,09,",3.5,",,E,11,",30.0,",E,25,",,,129.8,",E",7.9,",,,E",1.421,",E",2.129,",,,E",0.713,",,,E"
AGE00147712,1903-04-01,36.17,1.34,112.0,"ORLEANSVILLE CHLEF, AG",7.7,E,5.7,",E",5.0,",E",2.0,",E",0.0,",E",0.0,",E",0.0,",E",0.0,",E",22.0,",E",0.0,",E",19030411.0,"+,,E",19030425.0,",,E",19030413.0,",,E",4.0,",E,11,+",7.7,",,E,25,",30.0,",E,13,",,,67.2,",E",20.4,",,,E",1.6280000000000001,",E",2.41,",,,E",0.8470000000000001,",,,E"
AGE00147712,1903-05-01,36.17,1.34,112.0,"ORLEANSVILLE CHLEF, AG",79.7,E,72.0,",E",7.0,",E",3.0,",E",0.0,",E",0.0,",E",0.0,",E",0.0,",E",27.0,",E",3.0,",E",19030515.0,"+,,E",19030513.0,",,E",19030525.0,",,E",7.0,",E,15,+",4.5,",,E,13,",36.0,",E,25,",,,19.8,",E",14.3,",,,E",2.002,",E",2.668,",,,E",1.335,",,,E"
AGE00147712,1903-06-01,36.17,1.34,112.0,"ORLEANSVILLE CHLEF, AG",234.5,E,154.8,",E",4.0,",E",3.0,",E",0.0,",E",0.0,",E",0.0,",E",0.0,",E",29.0,",E",12.0,",E",19030614.0,",,E",19030602.0,",,E",19030626.0,",,E",10.0,",E,14,",20.7,",,E,02,",41.0,",E,26,",,,0.8,",E",29.5,",,,E",2.347,",E",3.16,",,,E",1.533,",,,E"
AGE00147712,1903-07-01,36.17,1.34,112.0,"ORLEANSVILLE CHLEF, AG",555.2,E,320.7,",E",1.0,",E",1.0,",E",0.0,",E",0.0,",E",0.0,",E",0.0,",E",31.0,",E",29.0,",E",19030704.0,",,E",19030713.0,",,E",19030712.0,",,E",17.0,",E,04,",16.0,",,E,13,",44.0,",E,12,",0.0,E,0.0,",E",16.0,",,,E",2.868,",E",3.771,",,,E",1.9649999999999999,",,,E"
AGE00147712,1903-08-01,36.17,1.34,112.0,"ORLEANSVILLE CHLEF, AG",891.5,E,336.3,"2,E",0.0,"1,E",0.0,"1,E",0.0,"1,E",0.0,"1,E",0.0,"1,E",0.0,"1,E",30.0,"1,E",29.0,"1,E",19030814.0,"+,1,E",19030831.0,"+,1,E",19030822.0,"+,1,E",17.0,"1,E,14,+",0.0,"1,,E,31,+",43.0,"1,E,22,+",0.0,E,0.0,"1,E",0.0,"1,,,E",3.0,"2,E",3.96,"1,,,E",2.04,"1,,,E"
AGE00147712,1903-09-01,36.17,1.34,112.0,"ORLEANSVILLE CHLEF, AG",,,,,4.0,"2,E",1.0,"2,E",0.0,"2,E",0.0,"2,E",0.0,"2,E",0.0,"2,E",28.0,"2,E",10.0,"2,E",19030918.0,"+,2,E",19030925.0,",2,E",19030901.0,",2,E",11.0,"2,E,18,+",12.0,"2,,E,25,",38.0,"2,E,01,",,,,,15.4,"2,,,E",2.423,"4,E",3.157,"2,,,E",1.689,"2,,,E"
AGE00147712,1903-10-01,36.17,1.34,112.0,"ORLEANSVILLE CHLEF, AG",,,,,4.0,"3,E",2.0,"3,E",1.0,"3,E",0.0,"3,E",0.0,"3,E",0.0,"3,E",24.0,"3,E",3.0,"3,E",19031025.0,"+,3,E",19031001.0,",3,E",19031007.0,",3,E",9.0,"3,E,25,+",29.1,"3,,E,01,",36.0,"3,E,07,",,,,,45.6,"3,,,E",2.038,"6,E",2.714,"3,,,E",1.361,"3,,,E"
AGE00147712,1903-12-01,36.17,1.34,112.0,"ORLEANSVILLE CHLEF, AG",,,0.0,"2,E",20.0,"1,E",11.0,"1,E",0.0,"1,E",0.0,"1,E",0.0,"1,E",0.0,"1,E",0.0,"1,E",0.0,"1,E",19031228.0,"+,1,E",19031217.0,",1,E",19031209.0,",1,E",3.0,"1,E,28,+",10.3,"1,,E,17,",18.0,"1,E,09,",,,237.2,"1,E",75.8,"1,,,E",1.0130000000000001,"2,E",1.387,"1,,,E",0.64,"1,,,E"
AGE00147712,1904-01-01,36.17,1.34,112.0,"ORLEANSVILLE CHLEF, AG",0.0,E,0.0,"2,E",19.0,"1,E",11.0,"1,E",2.0,"1,E",0.0,"1,E",0.0,"1,E",0.0,"1,E",0.0,"1,E",0.0,"1,E",19040128.0,"+,1,E",19040124.0,",1,E",19040131.0,"+,1,E",2.0,"1,E,28,+",43.5,"1,,E,24,",16.0,"1,E,31,+",,,262.7,"1,E",177.2,"1,,,E",0.9199999999999999,"2,E",1.253,"1,,,E",0.587,"1,,,E"
AGE00147712,1904-02-01,36.17,1.34,112.0,"ORLEANSVILLE CHLEF, AG",0.0,E,0.0,"3,E",8.0,"2,E",5.0,"2,E",1.0,"2,E",0.0,"2,E",1.0,"2,E",0.0,"2,E",1.0,"2,E",0.0,"2,E",19040221.0,",2,E",19040205.0,",2,E",19040203.0,",2,E",0.0,"2,E,21,",50.0,"2,,E,05,",23.0,"2,E,03,",,,185.2,"2,E",81.6,"2,,,E",1.131,"3,E",1.6149999999999998,"2,,,E",0.648,"2,,,E"
AGE00147712,1904-03-01,36.17,1.34,112.0,"ORLEANSVILLE CHLEF, AG",0.0,E,0.0,",E",16.0,",E",11.0,",E",0.0,",E",0.0,",E",0.0,",E",0.0,",E",5.0,",E",0.0,",E",19040329.0,"+,,E",19040303.0,",,E",19040308.0,",,E",3.0,",E,29,+",24.4,",,E,03,",26.0,",E,08,",,,184.3,",E",114.5,",,,E",1.239,",E",1.8030000000000002,",,,E",0.674,",,,E"
AGE00147712,1904-04-01,36.17,1.34,112.0,"ORLEANSVILLE CHLEF, AG",11.8,E,11.8,",E",10.0,",E",4.0,",E",0.0,",E",0.0,",E",0.0,",E",0.0,",E",19.0,",E",1.0,",E",19040401.0,",,E",19040420.0,",,E",19040413.0,",,E",6.0,",E,01,",15.8,",,E,20,",35.0,",E,13,",,,68.8,",E",54.8,",,,E",1.643,",E",2.3,",,,E",0.9869999999999999,",,,E"
AGE00147712,1904-05-01,36.17,1.34,112.0,"ORLEANSVILLE CHLEF, AG",147.6,E,135.8,",E",0.0,",E",0.0,",E",0.0,",E",0.0,",E",0.0,",E",0.0,",E",30.0,",E",11.0,",E",19040504.0,"+,,E",19040531.0,"+,,E",19040529.0,",,E",8.0,",E,04,+",0.0,",,E,31,+",39.0,",E,29,",,,10.7,",E",0.0,",,,E",2.237,",E",3.074,",,,E",1.4,",,,E"
AGE00147712,1904-06-01,36.17,1.34,112.0,"ORLEANSVILLE CHLEF, AG",354.3,E,206.7,"2,E",1.0,"1,E",1.0,"1,E",0.0,"1,E",0.0,"1,E",0.0,"1,E",0.0,"1,E",29.0,"1,E",20.0,"1,E",19040612.0,"+,1,E",19040608.0,",1,E",19040626.0,"+,1,E",13.0,"1,E,12,+",4.5,"1,,E,08,",42.0,"1,E,26,+",,,0.0,"1,E",4.8,"1,,,E",2.588,"2,E",3.379,"1,,,E",1.797,"1,,,E"
AGE00147712,1904-07-01,36.17,1.34,112.0,"ORLEANSVILLE CHLEF, AG",701.5,E,347.2,",E",0.0,",E",0.0,",E",0.0,",E",0.0,",E",0.0,",E",0.0,",E",31.0,",E",31.0,",E",19040725.0,",,E",19040731.0,"+,,E",19040730.0,",,E",10.0,",E,25,",0.0,",,E,31,+",44.0,",E,30,",0.0,E,0.0,",E",0.0,",,,E",2.9530000000000003,",E",3.939,",,,E",1.968,",,,E"
AGE00147712,1904-08-01,36.17,1.34,112.0,"ORLEANSVILLE CHLEF, AG",1068.2,E,366.7,",E",0.0,",E",0.0,",E",0.0,",E",0.0,",E",0.0,",E",0.0,",E",31.0,",E",29.0,",E",19040820.0,"+,,E",19040831.0,"+,,E",19040814.0,"+,,E",17.0,",E,20,+",0.0,",,E,31,+",44.0,",E,14,+",0.0,E,0.0,",E",0.0,",,,E",3.016,",E",3.9259999999999997,",,,E",2.106,",,,E"
AGE00147712,1904-09-01,36.17,1.34,112.0,"ORLEANSVILLE CHLEF, AG",1264.0,E,195.8,",E",7.0,",E",3.0,",E",0.0,",E",0.0,",E",0.0,",E",0.0,",E",30.0,",E",15.0,",E",19040930.0,"+,,E",19040929.0,",,E",19040906.0,"+,,E",12.0,",E,30,+",7.8,",,E,29,",39.0,",E,06,+",0.3,E,0.3,",E",20.8,",,,E",2.4850000000000003,",E",3.2,",,,E",1.77,",,,E"
AGE00147712,1904-10-01,36.17,1.34,112.0,"ORLEANSVILLE CHLEF, AG",1319.0,E,55.0,",E",2.0,",E",1.0,",E",1.0,",E",0.0,",E",0.0,",E",0.0,",E",31.0,",E",0.0,",E",19041031.0,"+,,E",19041023.0,",,E",19041007.0,"+,,E",10.0,",E,31,+",27.5,",,E,23,",32.0,",E,07,+",8.1,E,7.8,",E",28.5,",,,E",1.985,",E",2.658,",,,E",1.3130000000000002,",,,E"
AGE00147712,1904-12-01,36.17,1.34,112.0,"ORLEANSVILLE CHLEF, AG",,,0.0,",E",11.0,",E",7.0,",E",0.0,",E",0.0,",E",0.0,",E",0.0,",E",0.0,",E",0.0,",E",19041231.0,"+,,E",19041226.0,",,E",19041201.0,",,E",3.0,",E,31,+",19.2,",,E,26,",19.0,",E,01,",,,213.8,",E",58.3,",,,E",1.144,",E",1.6,",,,E",0.687,",,,E"
AGE00147712,1905-02-01,36.17,1.34,112.0,"ORLEANSVILLE CHLEF, AG",,,0.0,",E",7.0,",E",6.0,",E",0.0,",E",0.0,",E",6.0,",E",0.0,",E",0.0,",E",0.0,",E",19050224.0,"+,,E",19050221.0,",,E",19050208.0,",,E",0.0,",E,24,+",14.7,",,E,21,",19.0,",E,08,",,,283.3,",E",43.7,",,,E",0.8210000000000001,",E",1.421,",,,E",0.221,",,,E"
AGE00147712,1905-03-01,36.17,1.34,112.0,"ORLEANSVILLE CHLEF, AG",,,8.2,"2,E",5.0,"1,E",4.0,"1,E",0.0,"1,E",0.0,"1,E",0.0,"1,E",0.0,"1,E",16.0,"1,E",1.0,"1,E",19050306.0,",1,E",19050302.0,",1,E",19050331.0,",1,E",2.0,"1,E,06,",11.7,"1,,E,02,",33.0,"1,E,31,",,,120.8,"1,E",30.3,"1,,,E",1.458,"2,E",2.16,"1,,,E",0.757,"1,,,E"
AGE00147712,1905-04-01,36.17,1.34,112.0,"ORLEANSVILLE CHLEF, AG",,,44.7,",E",6.0,",E",1.0,",E",0.0,",E",0.0,",E",0.0,",E",0.0,",E",23.0,",E",3.0,",E",19050424.0,"+,,E",19050422.0,",,E",19050401.0,",,E",4.0,",E,24,+",6.9,",,E,22,",36.0,",E,01,",,,30.2,",E",14.2,",,,E",1.8820000000000001,",E",2.593,",,,E",1.17,",,,E"
AGE00147712,1905-05-01,36.17,1.34,112.0,"ORLEANSVILLE CHLEF, AG",,,47.0,"4,E",8.0,"1,E",5.0,"1,E",0.0,"1,E",0.0,"2,E",0.0,"2,E",0.0,"2,E",25.0,"2,E",3.0,"2,E",19050506.0,",2,E",19050503.0,",1,E",19050501.0,",2,E",7.0,"2,E,06,",14.0,"1,,E,03,",34.0,"2,E,01,",,,9.5,"2,E",37.1,"1,,,E",1.957,"4,E",2.6719999999999997,"2,,,E",1.241,"2,,,E"
AGE00147712,1905-06-01,36.17,1.34,112.0,"ORLEANSVILLE CHLEF, AG",,,146.7,"4,E",4.0,"2,E",1.0,"2,E",0.0,"2,E",0.0,"2,E",0.0,"2,E",0.0,"2,E",27.0,"2,E",13.0,"2,E",19050612.0,"+,2,E",19050606.0,",2,E",19050627.0,"+,2,E",12.0,"2,E,12,+",5.5,"2,,E,06,",42.0,"2,E,27,+",,,0.8,"2,E",8.7,"2,,,E",2.4210000000000003,"4,E",3.1710000000000003,"2,,,E",1.671,"2,,,E"
AGE00147712,1905-07-01,36.17,1.34,112.0,"ORLEANSVILLE CHLEF, AG",,,337.2,",E",0.0,",E",0.0,",E",0.0,",E",0.0,",E",0.0,",E",0.0,",E",31.0,",E",26.0,",E",19050702.0,",,E",19050731.0,"+,,E",19050722.0,"+,,E",16.0,",E,02,",0.0,",,E,31,+",44.0,",E,22,+",0.0,E,0.0,",E",0.0,",,,E",2.9210000000000003,",E",3.771,",,,E",2.071,",,,E"
AGE00147712,1905-08-01,36.17,1.34,112.0,"ORLEANSVILLE CHLEF, AG",,,337.7,"3,E",1.0,"2,E",1.0,"2,E",0.0,"2,E",0.0,"2,E",0.0,"2,E",0.0,"2,E",29.0,"2,E",29.0,"2,E",19050807.0,"+,2,E",19050801.0,",2,E",19050826.0,",2,E",17.0,"2,E,07,+",3.3,"2,,E,01,",46.0,"2,E,26,",0.0,E,0.0,"2,E",3.3,"2,,,E",3.041,"3,E",3.931,"2,,,E",2.152,"2,,,E"
AGE00147712,1905-09-01,36.17,1.34,112.0,"ORLEANSVILLE CHLEF, AG",,,172.2,"2,E",1.0,"1,E",1.0,"1,E",0.0,"1,E",0.0,"1,E",0.0,"1,E",0.0,"1,E",29.0,"1,E",17.0,"1,E",19050928.0,",1,E",19050929.0,",1,E",19050916.0,",1,E",11.0,"1,E,28,",3.7,"1,,E,29,",42.0,"1,E,16,",0.0,E,0.0,"1,E",3.7,"1,,,E",2.457,"2,E",3.2520000000000002,"1,,,E",1.6620000000000001,"1,,,E"
AGE00147712,1905-10-01,36.17,1.34,112.0,"ORLEANSVILLE CHLEF, AG",,,32.3,",E",8.0,",E",3.0,",E",0.0,",E",0.0,",E",0.0,",E",0.0,",E",25.0,",E",0.0,",E",19051030.0,"+,,E",19051012.0,",,E",19051008.0,"+,,E",7.0,",E,30,+",5.0,",,E,12,",31.0,",E,08,+",25.7,E,25.7,",E",19.0,",,,E",1.855,",E",2.452,",,,E",1.258,",,,E"
AGE00147712,1905-11-01,36.17,1.34,112.0,"ORLEANSVILLE CHLEF, AG",,,8.2,",E",14.0,",E",6.0,",E",0.0,",E",0.0,",E",0.0,",E",0.0,",E",7.0,",E",0.0,",E",19051130.0,",,E",19051121.0,",,E",19051104.0,",,E",4.0,",E,30,",16.5,",,E,21,",30.0,",E,04,",144.9,E,119.2,",E",65.8,",,,E",1.463,",E",1.89,",,,E",1.037,",,,E"
AGE00147712,1906-01-01,36.17,1.34,112.0,"ORLEANSVILLE CHLEF, AG",0.0,E,0.0,",E",8.0,",E",5.0,",E",0.0,",E",0.0,",E",3.0,",E",0.0,",E",0.0,",E",0.0,",E",19060127.0,"+,,E",19060122.0,",,E",19060101.0,",,E",0.0,",E,27,+",9.5,",,E,22,",20.0,",E,01,",,,256.9,",E",38.3,",,,E",1.0050000000000001,",E",1.458,",,,E",0.5509999999999999,",,,E"
AGE00147712,1906-02-01,36.17,1.34,112.0,"ORLEANSVILLE CHLEF, AG",0.0,E,0.0,",E",14.0,",E",8.0,",E",0.0,",E",0.0,",E",4.0,",E",0.0,",E",0.0,",E",0.0,",E",19060208.0,",,E",19060223.0,",,E",19060227.0,",,E",-1.0,",E,08,",15.0,",,E,23,",21.0,",E,27,",,,250.8,",E",56.2,",,,E",0.9380000000000001,",E",1.3820000000000001,",,,E",0.493,",,,E"
AGE00147712,1906-03-01,36.17,1.34,112.0,"ORLEANSVILLE CHLEF, AG",0.0,E,0.0,"4,E",9.0,"1,E",6.0,"1,E",0.0,"1,E",0.0,"2,E",0.0,"2,E",0.0,"2,E",10.0,"2,E",0.0,"2,E",19060315.0,",2,E",19060322.0,",1,E",19060318.0,",2,E",1.0,"2,E,15,",13.2,"1,,E,22,",27.0,"2,E,18,",,,134.5,"2,E",37.9,"1,,,E",1.319,"4,E",2.028,"2,,,E",0.61,"2,,,E"
AGE00147712,1906-04-01,36.17,1.34,112.0,"ORLEANSVILLE CHLEF, AG",13.7,E,13.7,"5,E",10.0,"2,E",6.0,"2,E",0.0,"2,E",0.0,"3,E",0.0,"3,E",0.0,"3,E",15.0,"3,E",1.0,"3,E",19060421.0,",3,E",19060413.0,",2,E",19060415.0,",3,E",3.0,"3,E,21,",12.6,"2,,E,13,",38.0,"3,E,15,",,,82.0,"3,E",47.1,"2,,,E",1.567,"5,E",2.2190000000000003,"3,,,E",0.915,"3,,,E"
AGE00147712,1906-05-01,36.17,1.34,112.0,"ORLEANSVILLE CHLEF, AG",52.4,E,38.7,"2,E",4.0,",E",2.0,",E",0.0,",E",0.0,"1,E",0.0,"1,E",0.0,"1,E",24.0,"1,E",6.0,"1,E",19060502.0,",1,E",19060503.0,",,E",19060531.0,",1,E",5.0,"1,E,02,",10.0,",,E,03,",38.0,"1,E,31,",,,29.8,"1,E",18.1,",,,E",1.893,"2,E",2.607,"1,,,E",1.1800000000000002,"1,,,E"
AGE00147712,1906-06-01,36.17,1.34,112.0,"ORLEANSVILLE CHLEF, AG",,,,,3.0,"4,E",0.0,"4,E",0.0,"4,E",0.0,"4,E",0.0,"4,E",0.0,"5,E",25.0,"5,E",12.0,"5,E",19060618.0,",4,E",19060618.0,",4,E",19060628.0,"+,5,E",7.0,"4,E,18,",1.2,"4,,E,18,",41.0,"5,E,28,+",,,,,2.0,"4,,,E",2.492,"8,E",3.2960000000000003,"5,,,E",1.688,"4,,,E"
AGE00147712,1906-07-01,36.17,1.34,112.0,"ORLEANSVILLE CHLEF, AG",,,262.0,"4,E",5.0,"2,E",1.0,"2,E",0.0,"2,E",0.0,"2,E",0.0,"2,E",0.0,"2,E",29.0,"2,E",24.0,"2,E",19060709.0,"+,2,E",19060708.0,",2,E",19060722.0,"+,2,E",16.0,"2,E,09,+",8.3,"2,,E,08,",43.0,"2,E,22,+",0.0,E,0.0,"2,E",11.1,"2,,,E",2.81,"4,E",3.652,"2,,,E",1.969,"2,,,E"
AGE00147712,1906-08-01,36.17,1.34,112.0,"ORLEANSVILLE CHLEF, AG",,,,,0.0,"3,E",0.0,"3,E",0.0,"3,E",0.0,"3,E",0.0,"3,E",0.0,"3,E",28.0,"3,E",27.0,"3,E",19060825.0,"+,3,E",19060831.0,"+,3,E",19060810.0,"+,3,E",18.0,"3,E,25,+",0.0,"3,,E,31,+",43.0,"3,E,10,+",,,,,0.0,"3,,,E",2.9379999999999997,"6,E",3.7960000000000003,"3,,,E",2.0789999999999997,"3,,,E"
AGE00147712,1906-09-01,36.17,1.34,112.0,"ORLEANSVILLE CHLEF, AG",,,232.8,",E",7.0,",E",7.0,",E",1.0,",E",0.0,",E",0.0,",E",0.0,",E",29.0,",E",21.0,",E",19060930.0,"+,,E",19060928.0,",,E",19060909.0,"+,,E",15.0,",E,30,+",25.4,",,E,28,",40.0,",E,09,+",,,0.3,",E",87.9,",,,E",2.6079999999999997,",E",3.3630000000000004,",,,E",1.8530000000000002,",,,E"
AGE00147712,1906-10-01,36.17,1.34,112.0,"ORLEANSVILLE CHLEF, AG",,,54.8,",E",8.0,",E",7.0,",E",2.0,",E",0.0,",E",0.0,",E",0.0,",E",25.0,",E",1.0,",E",19061016.0,",,E",19061031.0,",,E",19061010.0,",,E",8.0,",E,16,",46.5,",,E,31,",33.0,",E,10,",,,16.2,",E",120.4,",,,E",1.9579999999999997,",E",2.571,",,,E",1.345,",,,E"
AGE00147712,1906-12-01,36.17,1.34,112.0,"ORLEANSVILLE CHLEF, AG",,,0.0,"2,E",16.0,",E",10.0,",E",1.0,",E",0.0,"1,E",1.0,"1,E",0.0,"1,E",0.0,"1,E",0.0,"1,E",19061230.0,",1,E",19061224.0,",,E",19061215.0,"+,1,E",0.0,"1,E,30,",37.0,",,E,24,",18.0,"1,E,15,+",,,249.7,"1,E",135.9,",,,E",0.962,"2,E",1.393,"1,,,E",0.53,"1,,,E"
AGE00147712,1907-01-01,36.17,1.34,112.0,"ORLEANSVILLE CHLEF, AG",0.0,E,0.0,",E",8.0,",E",3.0,",E",0.0,",E",0.0,",E",9.0,",E",0.0,",E",0.0,",E",0.0,",E",19070130.0,"+,,E",19070126.0,",,E",19070126.0,"+,,E",0.0,",E,30,+",6.0,",,E,26,",15.0,",E,26,+",,,324.8,",E",18.8,",,,E",0.7849999999999999,",E",1.287,",,,E",0.284,",,,E"
AGE00147712,1907-02-01,36.17,1.34,112.0,"ORLEANSVILLE CHLEF, AG",0.0,E,0.0,"2,E",11.0,",E",10.0,",E",0.0,",E",0.0,"1,E",4.0,"1,E",0.0,"1,E",0.0,"1,E",0.0,"1,E",19070205.0,",1,E",19070213.0,",,E",19070224.0,",1,E",-1.0,"1,E,05,",15.0,",,E,13,",20.0,"1,E,24,",,,248.2,"1,E",86.0,",,,E",0.8779999999999999,"2,E",1.356,"1,,,E",0.4,"1,,,E"
AGE00147712,1907-03-01,36.17,1.34,112.0,"ORLEANSVILLE CHLEF, AG",0.7,E,0.7,"2,E",6.0,"1,E",1.0,"1,E",0.0,"1,E",0.0,"1,E",2.0,"1,E",0.0,"1,E",10.0,"1,E",0.0,"1,E",19070314.0,",1,E",19070307.0,",1,E",19070320.0,",1,E",-1.0,"1,E,14,",6.1,"1,,E,07,",27.0,"1,E,20,",,,161.3,"1,E",15.7,"1,,,E",1.278,"2,E",1.9829999999999999,"1,,,E",0.5730000000000001,"1,,,E"
AGE00147712,1907-04-01,36.17,1.34,112.0,"ORLEANSVILLE CHLEF, AG",,,,,7.0,"3,E",5.0,"3,E",0.0,"3,E",0.0,"3,E",0.0,"3,E",0.0,"3,E",14.0,"3,E",0.0,"3,E",19070430.0,",3,E",19070416.0,",3,E",19070426.0,",3,E",3.0,"3,E,30,",15.7,"3,,E,16,",30.0,"3,E,26,",,,,,37.8,"3,,,E",1.517,"6,E",2.185,"3,,,E",0.8480000000000001,"3,,,E"
AGE00147712,1907-05-01,36.17,1.34,112.0,"ORLEANSVILLE CHLEF, AG",,,66.0,"2,E",4.0,"1,E",2.0,"1,E",0.0,"1,E",0.0,"1,E",0.0,"1,E",0.0,"1,E",30.0,"1,E",2.0,"1,E",19070501.0,",1,E",19070507.0,",1,E",19070531.0,",1,E",7.0,"1,E,01,",5.5,"1,,E,07,",35.0,"1,E,31,",,,5.7,"1,E",10.0,"1,,,E",2.025,"2,E",2.8,"1,,,E",1.25,"1,,,E"
AGE00147712,1907-06-01,36.17,1.34,112.0,"ORLEANSVILLE CHLEF, AG",,,216.7,"2,E",2.0,"1,E",1.0,"1,E",0.0,"1,E",0.0,"1,E",0.0,"1,E",0.0,"1,E",29.0,"1,E",22.0,"1,E",19070605.0,",1,E",19070621.0,",1,E",19070621.0,"+,1,E",10.0,"1,E,05,",3.3,"1,,E,21,",42.0,"1,E,21,+",,,0.0,"1,E",3.9,"1,,,E",2.616,"2,E",3.528,"1,,,E",1.703,"1,,,E"
AGE00147712,1907-07-01,36.17,1.34,112.0,"ORLEANSVILLE CHLEF, AG",,,,,0.0,"4,E",0.0,"4,E",0.0,"4,E",0.0,"4,E",0.0,"4,E",0.0,"4,E",27.0,"4,E",24.0,"4,E",19070723.0,",4,E",19070731.0,"+,4,E",19070731.0,"+,4,E",15.0,"4,E,23,",0.0,"4,,E,31,+",41.0,"4,E,31,+",,,,,0.0,"4,,,E",2.717,"7,E",3.5700000000000003,"4,,,E",1.863,"4,,,E"
AGE00147712,1907-08-01,36.17,1.34,112.0,"ORLEANSVILLE CHLEF, AG",,,365.2,",E",0.0,",E",0.0,",E",0.0,",E",0.0,",E",0.0,",E",0.0,",E",31.0,",E",31.0,",E",19070824.0,"+,,E",19070831.0,"+,,E",19070806.0,",,E",15.0,",E,24,+",0.0,",,E,31,+",46.0,",E,06,",,,0.0,",E",0.0,",,,E",3.011,",E",3.9450000000000003,",,,E",2.077,",,,E"
AGE00147712,1907-09-01,36.17,1.34,112.0,"ORLEANSVILLE CHLEF, AG",,,145.3,"4,E",5.0,"2,E",3.0,"2,E",0.0,"2,E",0.0,"2,E",0.0,"2,E",0.0,"2,E",28.0,"2,E",11.0,"2,E",19070929.0,",2,E",19070901.0,",2,E",19070913.0,"+,2,E",10.0,"2,E,29,",10.4,"2,,E,01,",36.0,"2,E,13,+",,,0.0,"2,E",21.6,"2,,,E",2.411,"4,E",3.114,"2,,,E",1.707,"2,,,E"
AGE00147712,1907-10-01,36.17,1.34,112.0,"ORLEANSVILLE CHLEF, AG",,,30.7,",E",10.0,",E",6.0,",E",0.0,",E",0.0,",E",0.0,",E",0.0,",E",19.0,",E",0.0,",E",19071029.0,"+,,E",19071024.0,",,E",19071012.0,",,E",7.0,",E,29,+",13.1,",,E,24,",31.0,",E,12,",,,51.0,",E",58.5,",,,E",1.768,",E",2.368,",,,E",1.168,",,,E"
AGE00147712,1907-11-01,36.17,1.34,112.0,"ORLEANSVILLE CHLEF, AG",,,3.8,"2,E",9.0,"1,E",7.0,"1,E",0.0,"1,E",0.0,"1,E",0.0,"1,E",0.0,"1,E",7.0,"1,E",0.0,"1,E",19071127.0,",1,E",19071121.0,",1,E",19071101.0,",1,E",6.0,"1,E,27,",25.2,"1,,E,21,",28.0,"1,E,01,",,,87.7,"1,E",94.2,"1,,,E",1.5310000000000001,"2,E",2.0100000000000002,"1,,,E",1.052,"1,,,E"
AGE00147712,1907-12-01,36.17,1.34,112.0,"ORLEANSVILLE CHLEF, AG",,,0.0,",E",8.0,",E",5.0,",E",0.0,",E",0.0,",E",1.0,",E",0.0,",E",0.0,",E",0.0,",E",19071229.0,",,E",19071212.0,",,E",19071227.0,",,E",0.0,",E,29,",7.9,",,E,12,",21.0,",E,27,",,,209.3,",E",35.4,",,,E",1.158,",E",1.652,",,,E",0.665,",,,E"
AGE00147712,1908-01-01,36.17,1.34,112.0,"ORLEANSVILLE CHLEF, AG",0.0,E,0.0,"2,E",8.0,"1,E",5.0,"1,E",0.0,"1,E",0.0,"1,E",1.0,"1,E",0.0,"1,E",0.0,"1,E",0.0,"1,E",19080131.0,",1,E",19080129.0,",1,E",19080112.0,",1,E",0.0,"1,E,31,",11.1,"1,,E,29,",21.0,"1,E,12,",,,224.7,"1,E",33.2,"1,,,E",1.0619999999999998,"2,E",1.557,"1,,,E",0.567,"1,,,E"
AGE00147712,1908-02-01,36.17,1.34,112.0,"ORLEANSVILLE CHLEF, AG",0.0,E,0.0,",E",11.0,",E",7.0,",E",0.0,",E",0.0,",E",1.0,",E",0.0,",E",0.0,",E",0.0,",E",19080204.0,",,E",19080212.0,",,E",19080218.0,",,E",-1.0,",E,04,",18.1,",,E,12,",21.0,",E,18,",,,243.2,",E",71.2,",,,E",0.9949999999999999,",E",1.552,",,,E",0.438,",,,E"
AGE00147712,1908-03-01,36.17,1.34,112.0,"ORLEANSVILLE CHLEF, AG",0.0,E,0.0,",E",15.0,",E",13.0,",E",0.0,",E",0.0,",E",0.0,",E",0.0,",E",1.0,",E",0.0,",E",19080304.0,",,E",19080307.0,",,E",19080331.0,",,E",1.0,",E,04,",12.6,",,E,07,",22.0,",E,31,",,,213.8,",E",84.7,",,,E",1.144,",E",1.6969999999999998,",,,E",0.5900000000000001,",,,E"
AGE00147712,1908-04-01,36.17,1.34,112.0,"ORLEANSVILLE CHLEF, AG",4.5,E,4.5,"2,E",15.0,"1,E",6.0,"1,E",0.0,"1,E",0.0,"1,E",0.0,"1,E",0.0,"1,E",8.0,"1,E",0.0,"1,E",19080416.0,",1,E",19080407.0,",1,E",19080428.0,",1,E",4.0,"1,E,16,",12.4,"1,,E,07,",31.0,"1,E,28,",,,131.3,"1,E",70.4,"1,,,E",1.378,"2,E",2.028,"1,,,E",0.728,"1,,,E"
AGE00147712,1908-05-01,36.17,1.34,112.0,"ORLEANSVILLE CHLEF, AG",120.7,E,116.2,"2,E",5.0,"1,E",2.0,"1,E",0.0,"1,E",0.0,"1,E",0.0,"1,E",0.0,"1,E",29.0,"1,E",9.0,"1,E",19080527.0,"+,1,E",19080515.0,",1,E",19080511.0,",1,E",9.0,"1,E,27,+",16.2,"1,,E,15,",40.0,"1,E,11,",,,3.3,"1,E",27.2,"1,,,E",2.222,"2,E",3.027,"1,,,E",1.417,"1,,,E"
AGE00147712,1908-06-01,36.17,1.34,112.0,"ORLEANSVILLE CHLEF, AG",246.9,E,126.2,"2,E",6.0,"1,E",5.0,"1,E",0.0,"1,E",0.0,"1,E",0.0,"1,E",0.0,"1,E",29.0,"1,E",10.0,"1,E",19080621.0,",1,E",19080607.0,",1,E",19080630.0,"+,1,E",9.0,"1,E,21,",11.8,"1,,E,07,",38.0,"1,E,30,+",,,0.0,"1,E",42.9,"1,,,E",2.2969999999999997,"2,E",3.086,"1,,,E",1.5070000000000001,"1,,,E"
AGE00147712,1908-07-01,36.17,1.34,112.0,"ORLEANSVILLE CHLEF, AG",558.6,E,311.7,",E",2.0,",E",0.0,",E",0.0,",E",0.0,",E",0.0,",E",0.0,",E",31.0,",E",27.0,",E",19080725.0,"+,,E",19080717.0,",,E",19080709.0,"+,,E",15.0,",E,25,+",1.7,",,E,17,",42.0,",E,09,+",0.0,E,0.0,",E",2.1,",,,E",2.839,",E",3.7,",,,E",1.9769999999999999,",,,E"
AGE00147712,1908-08-01,36.17,1.34,112.0,"ORLEANSVILLE CHLEF, AG",895.8,E,337.2,",E",1.0,",E",0.0,",E",0.0,",E",0.0,",E",0.0,",E",0.0,",E",31.0,",E",30.0,",E",19080830.0,"+,,E",19080814.0,",,E",19080806.0,",,E",15.0,",E,30,+",2.4,",,E,14,",45.0,",E,06,",0.0,E,0.0,",E",2.4,",,,E",2.9210000000000003,",E",3.848,",,,E",1.9940000000000002,",,,E"
AGE00147712,1908-09-01,36.17,1.34,112.0,"ORLEANSVILLE CHLEF, AG",1133.3,E,237.5,",E",7.0,",E",3.0,",E",0.0,",E",0.0,",E",0.0,",E",0.0,",E",30.0,",E",19.0,",E",19080924.0,"+,,E",19080914.0,",,E",19080904.0,",,E",15.0,",E,24,+",5.6,",,E,14,",42.0,",E,04,",0.0,E,0.0,",E",14.2,",,,E",2.625,",E",3.4130000000000003,",,,E",1.8370000000000002,",,,E"
AGE00147712,1908-10-01,36.17,1.34,112.0,"ORLEANSVILLE CHLEF, AG",1184.1,E,50.8,"4,E",4.0,"2,E",1.0,"2,E",0.0,"2,E",0.0,"2,E",0.0,"2,E",0.0,"2,E",26.0,"2,E",2.0,"2,E",19081026.0,",2,E",19081024.0,",2,E",19081006.0,",2,E",9.0,"2,E,26,",18.3,"2,,E,24,",39.0,"2,E,06,",15.8,E,15.8,"2,E",20.7,"2,,,E",1.991,"4,E",2.648,"2,,,E",1.334,"2,,,E"
AGE00147712,1908-11-01,36.17,1.34,112.0,"ORLEANSVILLE CHLEF, AG",1190.9,E,6.8,",E",8.0,",E",4.0,",E",0.0,",E",0.0,",E",0.0,",E",0.0,",E",14.0,",E",0.0,",E",19081129.0,"+,,E",19081109.0,",,E",19081101.0,",,E",5.0,",E,29,+",7.3,",,E,09,",28.0,",E,01,",102.6,E,86.8,",E",24.0,",,,E",1.567,",E",2.133,",,,E",1.0,",,,E"
AGE00147712,1908-12-01,36.17,1.34,112.0,"ORLEANSVILLE CHLEF, AG",1190.9,E,0.0,"2,E",11.0,"1,E",7.0,"1,E",0.0,"1,E",0.0,"1,E",0.0,"1,E",0.0,"1,E",0.0,"1,E",0.0,"1,E",19081224.0,",1,E",19081225.0,",1,E",19081201.0,",1,E",1.0,"1,E,24,",10.4,"1,,E,25,",20.0,"1,E,01,",305.8,E,203.2,"1,E",52.0,"1,,,E",1.1199999999999999,"2,E",1.587,"1,,,E",0.653,"1,,,E"
AGE00147712,1909-01-01,36.17,1.34,112.0,"ORLEANSVILLE CHLEF, AG",0.0,E,0.0,",E",8.0,",E",8.0,",E",0.0,",E",0.0,",E",9.0,",E",0.0,",E",0.0,",E",0.0,",E",19090113.0,"+,,E",19090109.0,",,E",19090122.0,",,E",-1.0,",E,13,+",23.7,",,E,09,",18.0,",E,22,",636.6,E,330.8,",E",65.0,",,,E",0.766,",E",1.261,",,,E",0.271,",,,E"
AGE00147712,1909-02-01,36.17,1.34,112.0,"ORLEANSVILLE CHLEF, AG",0.0,E,0.0,"2,E",8.0,"1,E",3.0,"1,E",0.0,"1,E",0.0,"1,E",7.0,"1,E",0.0,"1,E",1.0,"1,E",0.0,"1,E",19090227.0,"+,1,E",19090211.0,",1,E",19090206.0,",1,E",-1.0,"1,E,27,+",10.0,"1,,E,11,",23.0,"1,E,06,",875.8,E,239.2,"1,E",20.3,"1,,,E",0.9109999999999999,"2,E",1.541,"1,,,E",0.281,"1,,,E"
AGE00147712,1909-03-01,36.17,1.34,112.0,"ORLEANSVILLE CHLEF, AG",2.5,E,2.5,",E",15.0,",E",10.0,",E",0.0,",E",0.0,",E",0.0,",E",0.0,",E",9.0,",E",0.0,",E",19090316.0,"+,,E",19090329.0,",,E",19090329.0,",,E",3.0,",E,16,+",9.4,",,E,29,",28.0,",E,29,",1019.6,E,143.8,",E",55.6,",,,E",1.377,",E",1.8940000000000001,",,,E",0.861,",,,E"
AGE00147712,1909-04-01,36.17,1.34,112.0,"ORLEANSVILLE CHLEF, AG",33.2,E,30.7,",E",7.0,",E",3.0,",E",0.0,",E",0.0,",E",0.0,",E",0.0,",E",23.0,",E",3.0,",E",19090405.0,",,E",19090409.0,",,E",19090426.0,",,E",4.0,",E,05,",9.8,",,E,09,",34.0,",E,26,",1060.3,E,40.7,",E",25.9,",,,E",1.8,",E",2.573,",,,E",1.027,",,,E"
AGE00147712,1909-05-01,36.17,1.34,112.0,"ORLEANSVILLE CHLEF, AG",92.7,E,59.5,"5,E",5.0,"3,E",3.0,"3,E",0.0,"3,E",0.0,"3,E",0.0,"3,E",0.0,"3,E",28.0,"3,E",3.0,"3,E",19090501.0,",3,E",19090510.0,",3,E",19090530.0,",3,E",8.0,"3,E,01,",13.5,"3,,E,10,",38.0,"3,E,30,",1063.5,E,3.2,"3,E",35.5,"3,,,E",2.05,"5,E",2.7359999999999998,"3,,,E",1.364,"3,,,E"
AGE00147712,1909-06-01,36.17,1.34,112.0,"ORLEANSVILLE CHLEF, AG",,,,,2.0,"2,E",2.0,"2,E",0.0,"2,E",0.0,"2,E",0.0,"2,E",0.0,"2,E",27.0,"2,E",12.0,"2,E",19090613.0,"+,2,E",19090609.0,",2,E",19090614.0,",2,E",10.0,"2,E,13,+",8.0,"2,,E,09,",41.0,"2,E,14,",,,,,14.8,"2,,,E",2.325,"4,E",3.164,"2,,,E",1.486,"2,,,E"
AGE00147712,1909-07-01,36.17,1.34,112.0,"ORLEANSVILLE CHLEF, AG",,,297.2,",E",0.0,",E",0.0,",E",0.0,",E",0.0,",E",0.0,",E",0.0,",E",31.0,",E",29.0,",E",19090712.0,"+,,E",19090731.0,"+,,E",19090725.0,",,E",15.0,",E,12,+",0.0,",,E,31,+",46.0,",E,25,",0.0,E,0.0,",E",0.0,",,,E",2.7920000000000003,",E",3.755,",,,E",1.829,",,,E"
AGE00147712,1909-08-01,36.17,1.34,112.0,"ORLEANSVILLE CHLEF, AG",,,328.2,",E",0.0,",E",0.0,",E",0.0,",E",0.0,",E",0.0,",E",0.0,",E",31.0,",E",29.0,",E",19090829.0,",,E",19090831.0,"+,,E",19090801.0,",,E",16.0,",E,29,",0.0,",,E,31,+",44.0,",E,01,",0.0,E,0.0,",E",0.0,",,,E",2.8920000000000003,",E",3.813,",,,E",1.971,",,,E"
AGE00147712,1909-10-01,36.17,1.34,112.0,"ORLEANSVILLE CHLEF, AG",,,66.2,",E",5.0,",E",2.0,",E",0.0,",E",0.0,",E",0.0,",E",0.0,",E",28.0,",E",2.0,",E",19091027.0,"+,,E",19091022.0,",,E",19091005.0,",,E",8.0,",E,27,+",19.4,",,E,22,",35.0,",E,05,",,,19.5,",E",31.3,",,,E",1.984,",E",2.681,",,,E",1.287,",,,E"
AGE00147712,1909-11-01,36.17,1.34,112.0,"ORLEANSVILLE CHLEF, AG",,,0.8,",E",12.0,",E",2.0,",E",0.0,",E",0.0,",E",0.0,",E",0.0,",E",8.0,",E",0.0,",E",19091130.0,"+,,E",19091114.0,",,E",19091118.0,",,E",4.0,",E,30,+",5.8,",,E,14,",26.0,",E,18,",,,101.3,",E",22.2,",,,E",1.498,",E",1.9929999999999999,",,,E",1.003,",,,E"
AGE00147712,1909-12-01,36.17,1.34,112.0,"ORLEANSVILLE CHLEF, AG",,,0.0,"2,E",7.0,"1,E",4.0,"1,E",0.0,"1,E",0.0,"1,E",0.0,"1,E",0.0,"1,E",1.0,"1,E",0.0,"1,E",19091211.0,"+,1,E",19091212.0,",1,E",19091222.0,",1,E",2.0,"1,E,11,+",10.5,"1,,E,12,",24.0,"1,E,22,",,,198.7,"1,E",30.1,"1,,,E",1.163,"2,E",1.64,"1,,,E",0.687,"1,,,E"
AGE00147712,1910-02-01,36.17,1.34,112.0,"ORLEANSVILLE CHLEF, AG",,,0.0,"2,E",9.0,"1,E",5.0,"1,E",0.0,"1,E",0.0,"1,E",0.0,"1,E",0.0,"1,E",3.0,"1,E",0.0,"1,E",19100212.0,"+,1,E",19100209.0,",1,E",19100222.0,",1,E",1.0,"1,E,12,+",9.0,"1,,E,09,",24.0,"1,E,22,",,,174.7,"1,E",33.1,"1,,,E",1.15,"2,E",1.722,"1,,,E",0.5780000000000001,"1,,,E"
AGE00147712,1910-03-01,36.17,1.34,112.0,"ORLEANSVILLE CHLEF, AG",,,0.0,"2,E",10.0,"1,E",7.0,"1,E",0.0,"1,E",0.0,"1,E",0.0,"1,E",0.0,"1,E",7.0,"1,E",0.0,"1,E",19100322.0,"+,1,E",19100305.0,",1,E",19100318.0,",1,E",2.0,"1,E,22,+",16.3,"1,,E,05,",26.0,"1,E,18,",,,168.2,"1,E",66.9,"1,,,E",1.2650000000000001,"2,E",1.907,"1,,,E",0.623,"1,,,E"
AGE00147712,1910-04-01,36.17,1.34,112.0,"ORLEANSVILLE CHLEF, AG",,,13.5,",E",9.0,",E",6.0,",E",0.0,",E",0.0,",E",0.0,",E",0.0,",E",21.0,",E",0.0,",E",19100404.0,"+,,E",19100405.0,",,E",19100423.0,",,E",2.0,",E,04,+",12.0,",,E,05,",31.0,",E,23,",,,87.0,",E",42.1,",,,E",1.588,",E",2.3129999999999997,",,,E",0.8630000000000001,",,,E"
AGE00147712,1910-05-01,36.17,1.34,112.0,"ORLEANSVILLE CHLEF, AG",,,14.8,"2,E",16.0,"1,E",8.0,"1,E",0.0,"1,E",0.0,"1,E",0.0,"1,E",0.0,"1,E",24.0,"1,E",0.0,"1,E",19100511.0,",1,E",19100524.0,",1,E",19100531.0,"+,1,E",4.0,"1,E,11,",23.4,"1,,E,24,",32.0,"1,E,31,+",,,34.0,"1,E",89.1,"1,,,E",1.7719999999999998,"2,E",2.4530000000000003,"1,,,E",1.09,"1,,,E"
AGE00147712,1910-06-01,36.17,1.34,112.0,"ORLEANSVILLE CHLEF, AG",,,203.5,"1,E",4.0,"1,E",0.0,"1,E",0.0,"1,E",0.0,",E",0.0,",E",0.0,"1,E",28.0,"1,E",17.0,"1,E",19100603.0,",,E",19100610.0,"+,1,E",19100629.0,",1,E",12.0,",E,03,",2.0,"1,,E,10,+",44.0,"1,E,29,",,,1.2,"1,E",6.2,"1,,,E",2.539,"1,E",3.3549999999999995,"1,,,E",1.723,",,,E"
AGE00147712,1910-07-01,36.17,1.34,112.0,"ORLEANSVILLE CHLEF, AG",,,318.7,"3,E",0.0,"1,E",0.0,"1,E",0.0,"1,E",0.0,"2,E",0.0,"2,E",0.0,"1,E",30.0,"1,E",30.0,"1,E",19100707.0,"+,2,E",19100731.0,"+,1,E",19100722.0,",1,E",16.0,"2,E,07,+",0.0,"1,,E,31,+",47.0,"1,E,22,",0.0,E,0.0,"1,E",0.0,"1,,,E",2.957,"3,E",3.87,"1,,,E",2.045,"2,,,E"
AGE00147712,1910-08-01,36.17,1.34,112.0,"ORLEANSVILLE CHLEF, AG",,,280.3,"2,E",0.0,"1,E",0.0,"1,E",0.0,"1,E",0.0,"1,E",0.0,"1,E",0.0,"1,E",30.0,"1,E",28.0,"1,E",19100804.0,",1,E",19100831.0,"+,1,E",19100828.0,",1,E",14.0,"1,E,04,",0.0,"1,,E,31,+",42.0,"1,E,28,",0.0,E,0.0,"1,E",0.0,"1,,,E",2.793,"2,E",3.7270000000000003,"1,,,E",1.86,"1,,,E"
AGE00147712,1910-09-01,36.17,1.34,112.0,"ORLEANSVILLE CHLEF, AG",,,119.2,"5,E",3.0,"3,E",3.0,"3,E",0.0,"3,E",0.0,"3,E",0.0,"3,E",0.0,"3,E",27.0,"3,E",8.0,"3,E",19100926.0,"+,3,E",19100917.0,",3,E",19100905.0,",3,E",12.0,"3,E,26,+",21.9,"3,,E,17,",39.0,"3,E,05,",0.0,E,0.0,"3,E",35.8,"3,,,E",2.298,"5,E",3.074,"3,,,E",1.522,"3,,,E"
AGE00147712,1910-10-01,36.17,1.34,112.0,"ORLEANSVILLE CHLEF, AG",,,75.5,"3,E",1.0,"1,E",0.0,"1,E",0.0,"1,E",0.0,"2,E",0.0,"2,E",0.0,"1,E",29.0,"1,E",2.0,"1,E",19101022.0,",2,E",19101003.0,",1,E",19101001.0,",1,E",9.0,"2,E,22,",0.3,"1,,E,03,",35.0,"1,E,01,",4.3,E,4.3,"1,E",0.3,"1,,,E",2.084,"3,E",2.7329999999999997,"1,,,E",1.434,"2,,,E"
AGE00147712,1910-11-01,36.17,1.34,112.0,"ORLEANSVILLE CHLEF, AG",,,0.8,"2,E",6.0,"1,E",3.0,"1,E",0.0,"1,E",0.0,"1,E",0.0,"1,E",0.0,"1,E",7.0,"1,E",0.0,"1,E",19101122.0,",1,E",19101105.0,",1,E",19101105.0,",1,E",3.0,"1,E,22,",18.2,"1,,E,05,",26.0,"1,E,05,",135.5,E,131.2,"1,E",34.1,"1,,,E",1.381,"2,E",1.948,"1,,,E",0.8140000000000001,"1,,,E"
AGE00147712,1910-12-01,36.17,1.34,112.0,"ORLEANSVILLE CHLEF, AG",,,0.0,"2,E",12.0,"1,E",7.0,"1,E",0.0,"1,E",0.0,"1,E",2.0,"1,E",0.0,"1,E",1.0,"1,E",0.0,"1,E",19101231.0,",1,E",19101219.0,",1,E",19101208.0,",1,E",-2.0,"1,E,31,",21.3,"1,,E,19,",26.0,"1,E,08,",331.7,E,196.2,"1,E",62.7,"1,,,E",1.152,"2,E",1.58,"1,,,E",0.7230000000000001,"1,,,E"
AGE00147712,1911-01-01,36.17,1.34,112.0,"ORLEANSVILLE CHLEF, AG",0.0,E,0.0,"2,E",16.0,"1,E",6.0,"1,E",0.0,"1,E",0.0,"1,E",5.0,"1,E",0.0,"1,E",0.0,"1,E",0.0,"1,E",19110129.0,"+,1,E",19110121.0,",1,E",19110103.0,",1,E",0.0,"1,E,29,+",9.1,"1,,E,21,",18.0,"1,E,03,",633.9,E,302.2,"1,E",41.8,"1,,,E",0.792,"2,E",1.22,"1,,,E",0.363,"1,,,E"
AGE00147712,1911-02-01,36.17,1.34,112.0,"ORLEANSVILLE CHLEF, AG",0.0,E,0.0,"2,E",8.0,"1,E",4.0,"1,E",0.0,"1,E",0.0,"1,E",0.0,"1,E",0.0,"1,E",3.0,"1,E",0.0,"1,E",19110209.0,"+,1,E",19110205.0,",1,E",19110228.0,",1,E",1.0,"1,E,09,+",22.5,"1,,E,05,",25.0,"1,E,28,",814.1,E,180.2,"1,E",43.9,"1,,,E",1.139,"2,E",1.7260000000000002,"1,,,E",0.5519999999999999,"1,,,E"
AGE00147712,1911-03-01,36.17,1.34,112.0,"ORLEANSVILLE CHLEF, AG",0.0,E,0.0,"2,E",14.0,"1,E",7.0,"1,E",1.0,"1,E",0.0,"1,E",0.0,"1,E",0.0,"1,E",6.0,"1,E",0.0,"1,E",19110304.0,",1,E",19110309.0,",1,E",19110327.0,"+,1,E",2.0,"1,E,04,",26.4,"1,,E,09,",24.0,"1,E,27,+",980.3,E,166.2,"1,E",88.2,"1,,,E",1.267,"2,E",1.8329999999999997,"1,,,E",0.7,"1,,,E"
AGE00147712,1911-04-01,36.17,1.34,112.0,"ORLEANSVILLE CHLEF, AG",9.0,E,9.0,"2,E",13.0,"1,E",6.0,"1,E",0.0,"1,E",0.0,"1,E",0.0,"1,E",0.0,"1,E",13.0,"1,E",0.0,"1,E",19110421.0,"+,1,E",19110401.0,",1,E",19110429.0,"+,1,E",4.0,"1,E,21,+",19.8,"1,,E,01,",31.0,"1,E,29,+",1068.1,E,87.8,"1,E",56.7,"1,,,E",1.55,"2,E",2.19,"1,,,E",0.9099999999999999,"1,,,E"
AGE00147712,1911-05-01,36.17,1.34,112.0,"ORLEANSVILLE CHLEF, AG",47.3,E,38.3,",E",9.0,",E",6.0,",E",0.0,",E",0.0,",E",0.0,",E",0.0,",E",29.0,",E",2.0,",E",19110502.0,",,E",19110512.0,",,E",19110525.0,",,E",4.0,",E,02,",10.3,",,E,12,",35.0,",E,25,",1084.8,E,16.7,",E",40.1,",,,E",1.903,",E",2.6100000000000003,",,,E",1.197,",,,E"
AGE00147712,1911-06-01,36.17,1.34,112.0,"ORLEANSVILLE CHLEF, AG",237.0,E,189.7,"2,E",4.0,"1,E",1.0,"1,E",0.0,"1,E",0.0,"1,E",0.0,"1,E",0.0,"1,E",29.0,"1,E",13.0,"1,E",19110626.0,",1,E",19110602.0,",1,E",19110619.0,",1,E",12.0,"1,E,26,",19.6,"1,,E,02,",43.0,"1,E,19,",1084.8,E,0.0,"1,E",21.7,"1,,,E",2.5,"2,E",3.31,"1,,,E",1.69,"1,,,E"
AGE00147712,1911-07-01,36.17,1.34,112.0,"ORLEANSVILLE CHLEF, AG",570.2,E,333.2,",E",0.0,",E",0.0,",E",0.0,",E",0.0,",E",0.0,",E",0.0,",E",31.0,",E",29.0,",E",19110711.0,",,E",19110731.0,"+,,E",19110729.0,",,E",16.0,",E,11,",0.0,",,E,31,+",45.0,",E,29,",0.0,E,0.0,",E",0.0,",,,E",2.908,",E",3.771,",,,E",2.045,",,,E"
AGE00147712,1911-08-01,36.17,1.34,112.0,"ORLEANSVILLE CHLEF, AG",928.9,E,358.7,",E",0.0,",E",0.0,",E",0.0,",E",0.0,",E",0.0,",E",0.0,",E",31.0,",E",29.0,",E",19110824.0,",,E",19110831.0,"+,,E",19110801.0,",,E",15.0,",E,24,",0.0,",,E,31,+",47.0,",E,01,",0.0,E,0.0,",E",0.0,",,,E",2.9899999999999998,",E",3.9189999999999996,",,,E",2.061,",,,E"
AGE00147712,1911-09-01,36.17,1.34,112.0,"ORLEANSVILLE CHLEF, AG",1153.4,E,224.5,",E",3.0,",E",0.0,",E",0.0,",E",0.0,",E",0.0,",E",0.0,",E",30.0,",E",15.0,",E",19110925.0,",,E",19110921.0,",,E",19110917.0,"+,,E",11.0,",E,25,",1.5,",,E,21,",40.0,",E,17,+",0.0,E,0.0,",E",2.6,",,,E",2.582,",E",3.3299999999999996,",,,E",1.8329999999999997,",,,E"
AGE00147712,1911-10-01,36.17,1.34,112.0,"ORLEANSVILLE CHLEF, AG",1218.1,E,64.7,",E",7.0,",E",4.0,",E",1.0,",E",0.0,",E",0.0,",E",0.0,",E",26.0,",E",0.0,",E",19111031.0,",,E",19111031.0,",,E",19111011.0,",,E",4.0,",E,31,",47.3,",,E,31,",32.0,",E,11,",23.0,E,23.0,",E",71.6,",,,E",1.968,",E",2.584,",,,E",1.3519999999999999,",,,E"
AGE00147712,1911-11-01,36.17,1.34,112.0,"ORLEANSVILLE CHLEF, AG",1220.3,E,2.2,"2,E",10.0,"1,E",6.0,"1,E",1.0,"1,E",0.0,"1,E",0.0,"1,E",0.0,"1,E",4.0,"1,E",0.0,"1,E",19111117.0,"+,1,E",19111101.0,",1,E",19111122.0,",1,E",5.0,"1,E,17,+",25.6,"1,,E,01,",25.0,"1,E,22,",146.0,E,123.0,"1,E",73.0,"1,,,E",1.4,"2,E",1.8379999999999999,"1,,,E",0.962,"1,,,E"
AGE00147712,1911-12-01,36.17,1.34,112.0,"ORLEANSVILLE CHLEF, AG",1220.3,E,0.0,",E",4.0,",E",1.0,",E",0.0,",E",0.0,",E",0.0,",E",0.0,",E",0.0,",E",0.0,",E",19111228.0,",,E",19111203.0,",,E",19111215.0,"+,,E",2.0,",E,28,",5.2,",,E,03,",21.0,",E,15,+",343.8,E,197.8,",E",8.9,",,,E",1.1949999999999998,",E",1.735,",,,E",0.655,",,,E"
AGE00147712,1912-01-01,36.17,1.34,112.0,"ORLEANSVILLE CHLEF, AG",0.0,E,0.0,",E",10.0,",E",6.0,",E",0.0,",E",0.0,",E",2.0,",E",0.0,",E",0.0,",E",0.0,",E",19120105.0,"+,,E",19120130.0,",,E",19120122.0,",,E",0.0,",E,05,+",24.8,",,E,30,",21.0,",E,22,",585.6,E,241.8,",E",60.4,",,,E",1.053,",E",1.519,",,,E",0.587,",,,E"
AGE00147712,1912-02-01,36.17,1.34,112.0,"ORLEANSVILLE CHLEF, AG",0.0,E,0.0,",E",10.0,",E",4.0,",E",0.0,",E",0.0,",E",0.0,",E",0.0,",E",9.0,",E",0.0,",E",19120202.0,",,E",19120203.0,",,E",19120225.0,",,E",2.0,",E,02,",8.0,",,E,03,",28.0,",E,25,",710.8,E,125.2,",E",25.9,",,,E",1.402,",E",2.007,",,,E",0.7969999999999999,",,,E"
AGE00147712,1912-03-01,36.17,1.34,112.0,"ORLEANSVILLE CHLEF, AG",10.8,E,10.8,",E",6.0,",E",3.0,",E",0.0,",E",0.0,",E",0.0,",E",0.0,",E",12.0,",E",0.0,",E",19120325.0,"+,,E",19120315.0,",,E",19120328.0,"+,,E",5.0,",E,25,+",7.5,",,E,15,",30.0,",E,28,+",817.5,E,106.7,",E",18.8,",,,E",1.524,",E",2.174,",,,E",0.874,",,,E"
AGE00147712,1912-04-01,36.17,1.34,112.0,"ORLEANSVILLE CHLEF, AG",15.5,E,4.7,"2,E",9.0,"1,E",7.0,"1,E",0.0,"1,E",0.0,"1,E",0.0,"1,E",0.0,"1,E",12.0,"1,E",0.0,"1,E",19120413.0,",1,E",19120413.0,",1,E",19120426.0,",1,E",2.0,"1,E,13,",23.0,"1,,E,13,",28.0,"1,E,26,",909.0,E,91.5,"1,E",59.5,"1,,,E",1.502,"2,E",2.059,"1,,,E",0.945,"1,,,E"
AGE00147712,1912-05-01,36.17,1.34,112.0,"ORLEANSVILLE CHLEF, AG",,,,,1.0,",E",0.0,",E",0.0,",E",0.0,"2,E",0.0,"2,E",0.0,"2,E",28.0,"2,E",10.0,"2,E",19120503.0,"+,2,E",19120524.0,",,E",19120514.0,",2,E",5.0,"2,E,03,+",1.0,",,E,24,",40.0,"2,E,14,",,,,,1.0,",,,E",2.222,"4,E",3.072,"2,,,E",1.372,"2,,,E"
AGE00147712,1912-06-01,36.17,1.34,112.0,"ORLEANSVILLE CHLEF, AG",,,199.0,"2,E",1.0,",E",1.0,",E",0.0,",E",0.0,"1,E",0.0,"1,E",0.0,"1,E",29.0,"1,E",15.0,"1,E",19120613.0,",1,E",19120612.0,",,E",19120622.0,",1,E",9.0,"1,E,13,",9.0,",,E,12,",43.0,"1,E,22,",,,0.3,"1,E",9.0,",,,E",2.512,"2,E",3.4170000000000003,"1,,,E",1.607,"1,,,E"
AGE00147712,1912-07-01,36.17,1.34,112.0,"ORLEANSVILLE CHLEF, AG",,,274.7,",E",0.0,",E",0.0,",E",0.0,",E",0.0,",E",0.0,",E",0.0,",E",31.0,",E",31.0,",E",19120731.0,",,E",19120731.0,"+,,E",19120712.0,"+,,E",13.0,",E,31,",0.0,",,E,31,+",40.0,",E,12,+",0.0,E,0.0,",E",0.0,",,,E",2.7190000000000003,",E",3.594,",,,E",1.845,",,,E"
AGE00147712,1912-08-01,36.17,1.34,112.0,"ORLEANSVILLE CHLEF, AG",,,245.7,",E",2.0,",E",1.0,",E",0.0,",E",0.0,",E",0.0,",E",0.0,",E",31.0,",E",30.0,",E",19120801.0,",,E",19120817.0,",,E",19120810.0,",,E",13.0,",E,01,",3.2,",,E,17,",39.0,",E,10,",0.0,E,0.0,",E",4.9,",,,E",2.6260000000000003,",E",3.603,",,,E",1.6480000000000001,",,,E"
AGE00147712,1912-09-01,36.17,1.34,112.0,"ORLEANSVILLE CHLEF, AG",,,103.8,",E",7.0,",E",4.0,",E",0.0,",E",0.0,",E",0.0,",E",0.0,",E",29.0,",E",6.0,",E",19120927.0,",,E",19120921.0,",,E",19120906.0,",,E",11.0,",E,27,",5.8,",,E,21,",35.0,",E,06,",0.8,E,0.8,",E",19.9,",,,E",2.177,",E",2.88,",,,E",1.473,",,,E"
AGE00147712,1912-10-01,36.17,1.34,112.0,"ORLEANSVILLE CHLEF, AG",,,39.7,",E",8.0,",E",4.0,",E",0.0,",E",0.0,",E",0.0,",E",0.0,",E",27.0,",E",0.0,",E",19121020.0,"+,,E",19121014.0,",,E",19121002.0,",,E",9.0,",E,20,+",10.4,",,E,14,",30.0,",E,02,",20.3,E,19.5,",E",33.0,",,,E",1.8980000000000001,",E",2.439,",,,E",1.358,",,,E"
AGE00147712,1912-11-01,36.17,1.34,112.0,"ORLEANSVILLE CHLEF, AG",,,0.0,"4,E",9.0,"2,E",8.0,"2,E",1.0,"2,E",0.0,"2,E",0.0,"2,E",0.0,"2,E",4.0,"2,E",0.0,"2,E",19121127.0,",2,E",19121119.0,",2,E",19121105.0,"+,2,E",2.0,"2,E,27,",34.5,"2,,E,19,",24.0,"2,E,05,+",188.0,E,167.7,"2,E",93.2,"2,,,E",1.184,"4,E",1.671,"2,,,E",0.696,"2,,,E"
AGE00147712,1912-12-01,36.17,1.34,112.0,"ORLEANSVILLE CHLEF, AG",,,,,4.0,"4,E",1.0,"4,E",0.0,"4,E",0.0,"4,E",3.0,"4,E",0.0,"4,E",0.0,"4,E",0.0,"4,E",19121228.0,"+,4,E",19121218.0,",4,E",19121220.0,",4,E",0.0,"4,E,28,+",3.0,"4,,E,18,",16.0,"4,E,20,",,,,,7.7,"4,,,E",0.8460000000000001,"8,E",1.33,"4,,,E",0.363,"4,,,E"
AGE00147712,1913-01-01,36.17,1.34,112.0,"ORLEANSVILLE CHLEF, AG",0.0,E,0.0,",E",13.0,",E",4.0,",E",0.0,",E",0.0,",E",0.0,",E",0.0,",E",0.0,",E",0.0,",E",19130105.0,",,E",19130130.0,",,E",19130129.0,"+,,E",2.0,",E,05,",6.5,",,E,30,",19.0,",E,29,+",,,237.3,",E",31.6,",,,E",1.068,",E",1.526,",,,E",0.61,",,,E"
AGE00147712,1913-02-01,36.17,1.34,112.0,"ORLEANSVILLE CHLEF, AG",0.0,E,0.0,"5,E",17.0,"2,E",9.0,"2,E",1.0,"2,E",0.0,"2,E",0.0,"2,E",0.0,"3,E",0.0,"3,E",0.0,"3,E",19130217.0,",2,E",19130227.0,",2,E",19130221.0,",3,E",1.0,"2,E,17,",26.3,"2,,E,27,",19.0,"3,E,21,",,,166.7,"3,E",92.8,"2,,,E",1.0859999999999999,"5,E",1.572,"3,,,E",0.6,"2,,,E"
AGE00147712,1913-03-01,36.17,1.34,112.0,"ORLEANSVILLE CHLEF, AG",1.7,E,1.7,"1,E",6.0,",E",4.0,",E",0.0,",E",0.0,",E",0.0,",E",0.0,"1,E",6.0,"1,E",0.0,"1,E",19130306.0,"+,,E",19130322.0,",,E",19130329.0,",1,E",2.0,",E,06,+",17.6,",,E,22,",29.0,"1,E,29,",,,152.7,"1,E",34.1,",,,E",1.34,"1,E",1.97,"1,,,E",0.71,",,,E"
AGE00147712,1913-04-01,36.17,1.34,112.0,"ORLEANSVILLE CHLEF, AG",11.0,E,9.3,"2,E",7.0,"1,E",4.0,"1,E",0.0,"1,E",0.0,"1,E",0.0,"1,E",0.0,"1,E",14.0,"1,E",0.0,"1,E",19130416.0,"+,1,E",19130422.0,",1,E",19130429.0,",1,E",5.0,"1,E,16,+",10.5,"1,,E,22,",31.0,"1,E,29,",,,80.7,"1,E",30.1,"1,,,E",1.569,"2,E",2.2239999999999998,"1,,,E",0.914,"1,,,E"
AGE00147712,1913-05-01,36.17,1.34,112.0,"ORLEANSVILLE CHLEF, AG",71.5,E,60.5,",E",1.0,",E",1.0,",E",0.0,",E",0.0,",E",0.0,",E",0.0,",E",30.0,",E",3.0,",E",19130521.0,"+,,E",19130515.0,",,E",19130528.0,",,E",8.0,",E,21,+",3.0,",,E,15,",36.0,",E,28,",,,7.8,",E",3.2,",,,E",2.003,",E",2.7969999999999997,",,,E",1.21,",,,E"
AGE00147712,1913-08-01,36.17,1.34,112.0,"ORLEANSVILLE CHLEF, AG",,,298.8,"2,E",0.0,"1,E",0.0,"1,E",0.0,"1,E",0.0,"1,E",0.0,"1,E",0.0,"1,E",30.0,"1,E",29.0,"1,E",19130808.0,"+,1,E",19130831.0,"+,1,E",19130826.0,"+,1,E",15.0,"1,E,08,+",0.0,"1,,E,31,+",43.0,"1,E,26,+",,,0.0,"1,E",0.0,"1,,,E",2.873,"2,E",3.743,"1,,,E",2.003,"1,,,E"
AGE00147712,1913-09-01,36.17,1.34,112.0,"ORLEANSVILLE CHLEF, AG",,,164.0,",E",2.0,",E",2.0,",E",0.0,",E",0.0,",E",0.0,",E",0.0,",E",30.0,",E",12.0,",E",19130919.0,",,E",19130928.0,",,E",19130902.0,",,E",11.0,",E,19,",7.9,",,E,28,",41.0,",E,02,",,,0.0,",E",11.7,",,,E",2.38,",E",3.12,",,,E",1.64,",,,E"
AGE00147712,1913-10-01,36.17,1.34,112.0,"ORLEANSVILLE CHLEF, AG",,,70.0,"2,E",3.0,"1,E",0.0,"1,E",0.0,"1,E",0.0,"1,E",0.0,"1,E",0.0,"1,E",29.0,"1,E",3.0,"1,E",19131016.0,",1,E",19131002.0,",1,E",19131024.0,"+,1,E",8.0,"1,E,16,",1.8,"1,,E,02,",34.0,"1,E,24,+",,,7.2,"1,E",4.5,"1,,,E",2.038,"2,E",2.71,"1,,,E",1.367,"1,,,E"
AGE00147712,1913-11-01,36.17,1.34,112.0,"ORLEANSVILLE CHLEF, AG",,,5.0,"2,E",3.0,"1,E",1.0,"1,E",0.0,"1,E",0.0,"1,E",0.0,"1,E",0.0,"1,E",9.0,"1,E",0.0,"1,E",19131119.0,"+,1,E",19131126.0,",1,E",19131101.0,",1,E",5.0,"1,E,19,+",3.1,"1,,E,26,",29.0,"1,E,01,",,,92.8,"1,E",4.9,"1,,,E",1.526,"2,E",2.1100000000000003,"1,,,E",0.9410000000000001,"1,,,E"
AGE00147712,1913-12-01,36.17,1.34,112.0,"ORLEANSVILLE CHLEF, AG",,,0.0,",E",10.0,",E",4.0,",E",0.0,",E",0.0,",E",0.0,",E",0.0,",E",0.0,",E",0.0,",E",19131215.0,"+,,E",19131228.0,",,E",19131224.0,"+,,E",1.0,",E,15,+",22.4,",,E,28,",18.0,",E,24,+",,,249.8,",E",48.5,",,,E",1.027,",E",1.5390000000000001,",,,E",0.516,",,,E"
AGE00147712,1914-01-01,36.17,1.34,112.0,"ORLEANSVILLE CHLEF, AG",0.0,E,0.0,"4,E",14.0,"2,E",13.0,"2,E",0.0,"2,E",0.0,"2,E",1.0,"2,E",0.0,"2,E",0.0,"2,E",0.0,"2,E",19140101.0,",2,E",19140103.0,",2,E",19140122.0,",2,E",0.0,"2,E,01,",16.5,"2,,E,03,",21.0,"2,E,22,",,,259.5,"2,E",120.6,"2,,,E",0.8720000000000001,"4,E",1.29,"2,,,E",0.45499999999999996,"2,,,E"
AGE00147712,1914-02-01,36.17,1.34,112.0,"ORLEANSVILLE CHLEF, AG",0.0,E,0.0,"2,E",6.0,"1,E",6.0,"1,E",0.0,"1,E",0.0,"1,E",0.0,"1,E",0.0,"1,E",1.0,"1,E",0.0,"1,E",19140214.0,",1,E",19140222.0,",1,E",19140216.0,",1,E",1.0,"1,E,14,",15.7,"1,,E,22,",22.0,"1,E,16,",,,180.2,"1,E",39.6,"1,,,E",1.144,"2,E",1.685,"1,,,E",0.604,"1,,,E"
AGE00147712,1914-03-01,36.17,1.34,112.0,"ORLEANSVILLE CHLEF, AG",0.8,E,0.8,"2,E",4.0,"1,E",3.0,"1,E",0.0,"1,E",0.0,"1,E",0.0,"1,E",0.0,"1,E",10.0,"1,E",0.0,"1,E",19140314.0,",1,E",19140313.0,",1,E",19140331.0,"+,1,E",2.0,"1,E,14,",7.0,"1,,E,13,",26.0,"1,E,31,+",,,126.5,"1,E",14.3,"1,,,E",1.403,"2,E",2.0,"1,,,E",0.807,"1,,,E"
AGE00147712,1914-04-01,36.17,1.34,112.0,"ORLEANSVILLE CHLEF, AG",36.0,E,35.2,"4,E",9.0,"2,E",4.0,"2,E",0.0,"2,E",0.0,"2,E",0.0,"2,E",0.0,"2,E",26.0,"2,E",2.0,"2,E",19140404.0,",2,E",19140427.0,",2,E",19140412.0,",2,E",7.0,"2,E,04,",7.0,"2,,E,27,",36.0,"2,E,12,",,,14.3,"2,E",24.0,"2,,,E",1.925,"4,E",2.5789999999999997,"2,,,E",1.2710000000000001,"2,,,E"
AGE00147712,1914-05-01,36.17,1.34,112.0,"ORLEANSVILLE CHLEF, AG",113.3,E,77.3,"2,E",7.0,"1,E",6.0,"1,E",0.0,"1,E",0.0,"1,E",0.0,"1,E",0.0,"1,E",28.0,"1,E",3.0,"1,E",19140511.0,",1,E",19140508.0,",1,E",19140517.0,"+,1,E",7.0,"1,E,11,",17.0,"1,,E,08,",37.0,"1,E,17,+",,,8.5,"1,E",43.7,"1,,,E",2.09,"2,E",2.807,"1,,,E",1.373,"1,,,E"
AGE00147712,1914-06-01,36.17,1.34,112.0,"ORLEANSVILLE CHLEF, AG",250.5,E,137.2,"2,E",3.0,"1,E",2.0,"1,E",0.0,"1,E",0.0,"1,E",0.0,"1,E",0.0,"1,E",29.0,"1,E",6.0,"1,E",19140613.0,",1,E",19140614.0,",1,E",19140623.0,",1,E",10.0,"1,E,13,",8.0,"1,,E,14,",43.0,"1,E,23,",,,2.0,"1,E",13.6,"1,,,E",2.326,"2,E",3.0309999999999997,"1,,,E",1.621,"1,,,E"
AGE00147712,1914-09-01,36.17,1.34,112.0,"ORLEANSVILLE CHLEF, AG",,,195.2,"2,E",1.0,"1,E",1.0,"1,E",0.0,"1,E",0.0,"1,E",0.0,"1,E",0.0,"1,E",29.0,"1,E",16.0,"1,E",19140930.0,",1,E",19140911.0,",1,E",19140905.0,",1,E",12.0,"1,E,30,",13.3,"1,,E,11,",44.0,"1,E,05,",,,0.0,"1,E",13.3,"1,,,E",2.54,"2,E",3.3310000000000004,"1,,,E",1.748,"1,,,E"
AGE00147712,1914-10-01,36.17,1.34,112.0,"ORLEANSVILLE CHLEF, AG",,,37.3,",E",7.0,",E",4.0,",E",0.0,",E",0.0,",E",0.0,",E",0.0,",E",26.0,",E",1.0,",E",19141020.0,",,E",19141029.0,",,E",19141002.0,",,E",6.0,",E,20,",6.4,",,E,29,",34.0,",E,02,",,,42.7,",E",22.2,",,,E",1.816,",E",2.468,",,,E",1.165,",,,E"
AGE00147712,1914-11-01,36.17,1.34,112.0,"ORLEANSVILLE CHLEF, AG",,,0.0,"4,E",8.0,"2,E",4.0,"2,E",0.0,"2,E",0.0,"2,E",0.0,"2,E",0.0,"2,E",3.0,"2,E",0.0,"2,E",19141123.0,",2,E",19141105.0,",2,E",19141105.0,",2,E",2.0,"2,E,23,",11.8,"2,,E,05,",28.0,"2,E,05,",,,132.2,"2,E",34.1,"2,,,E",1.327,"4,E",1.8679999999999999,"2,,,E",0.786,"2,,,E"
AGE00147712,1914-12-01,36.17,1.34,112.0,"ORLEANSVILLE CHLEF, AG",,,,,10.0,"5,E",5.0,"5,E",1.0,"5,E",0.0,"5,E",1.0,"5,E",0.0,"5,E",0.0,"5,E",0.0,"5,E",19141228.0,",5,E",19141221.0,",5,E",19141214.0,"+,5,E",0.0,"5,E,28,",26.1,"5,,E,21,",21.0,"5,E,14,+",,,,,52.2,"5,,,E",0.983,"0,E",1.519,"5,,,E",0.446,"5,,,E"
AGE00147712,1915-01-01,36.17,1.34,112.0,"ORLEANSVILLE CHLEF, AG",0.0,E,0.0,"5,E",15.0,"3,E",14.0,"3,E",0.0,"3,E",0.0,"2,E",4.0,"2,E",0.0,"3,E",0.0,"3,E",0.0,"3,E",19150131.0,"+,2,E",19150119.0,",3,E",19150103.0,",3,E",0.0,"2,E,31,+",16.2,"3,,E,19,",20.0,"3,E,03,",,,255.7,"3,E",114.6,"3,,,E",0.8400000000000001,"5,E",1.293,"3,,,E",0.386,"2,,,E"
AGE00147712,1915-02-01,36.17,1.34,112.0,"ORLEANSVILLE CHLEF, AG",0.0,E,0.0,"2,E",8.0,"1,E",4.0,"1,E",0.0,"1,E",0.0,"1,E",2.0,"1,E",0.0,"1,E",0.0,"1,E",0.0,"1,E",19150228.0,"+,1,E",19150221.0,",1,E",19150208.0,",1,E",0.0,"1,E,28,+",11.9,"1,,E,21,",20.0,"1,E,08,",,,218.2,"1,E",34.3,"1,,,E",0.9810000000000001,"2,E",1.544,"1,,,E",0.41900000000000004,"1,,,E"
AGE00147712,1915-03-01,36.17,1.34,112.0,"ORLEANSVILLE CHLEF, AG",1.3,E,1.3,"4,E",9.0,"2,E",5.0,"2,E",0.0,"2,E",0.0,"2,E",2.0,"2,E",0.0,"2,E",12.0,"2,E",0.0,"2,E",19150312.0,"+,2,E",19150328.0,",2,E",19150320.0,",2,E",0.0,"2,E,12,+",5.8,"2,,E,28,",26.0,"2,E,20,",,,120.8,"2,E",25.6,"2,,,E",1.3980000000000001,"4,E",2.0170000000000003,"2,,,E",0.779,"2,,,E"
AGE00147712,1915-04-01,36.17,1.34,112.0,"ORLEANSVILLE CHLEF, AG",2.0,E,0.7,"4,E",4.0,"2,E",3.0,"2,E",0.0,"2,E",0.0,"3,E",0.0,"3,E",0.0,"2,E",14.0,"2,E",0.0,"2,E",19150416.0,",3,E",19150417.0,",2,E",19150430.0,",2,E",2.0,"3,E,16,",5.9,"2,,E,17,",31.0,"2,E,30,",,,101.3,"2,E",13.8,"2,,,E",1.436,"4,E",2.182,"2,,,E",0.689,"3,,,E"
AGE00147712,1915-05-01,36.17,1.34,112.0,"ORLEANSVILLE CHLEF, AG",113.8,E,111.8,",E",9.0,",E",5.0,",E",1.0,",E",0.0,",E",0.0,",E",0.0,",E",30.0,",E",6.0,",E",19150511.0,",,E",19150509.0,",,E",19150525.0,"+,,E",8.0,",E,11,",28.6,",,E,09,",35.0,",E,25,+",,,5.2,",E",60.6,",,,E",2.177,",E",2.945,",,,E",1.41,",,,E"
AGE00147712,1915-06-01,36.17,1.34,112.0,"ORLEANSVILLE CHLEF, AG",312.3,E,198.5,",E",2.0,",E",0.0,",E",0.0,",E",0.0,",E",0.0,",E",0.0,",E",30.0,",E",22.0,",E",19150604.0,"+,,E",19150613.0,",,E",19150630.0,"+,,E",12.0,",E,04,+",2.4,",,E,13,",39.0,",E,30,+",,,0.0,",E",2.8,",,,E",2.495,",E",3.35,",,,E",1.64,",,,E"
AGE00147712,1915-07-01,36.17,1.34,112.0,"ORLEANSVILLE CHLEF, AG",689.5,E,377.2,",E",0.0,",E",0.0,",E",0.0,",E",0.0,",E",0.0,",E",0.0,",E",31.0,",E",31.0,",E",19150701.0,",,E",19150731.0,"+,,E",19150727.0,",,E",15.0,",E,01,",0.0,",,E,31,+",47.0,",E,27,",0.0,E,0.0,",E",0.0,",,,E",3.05,",E",4.0649999999999995,",,,E",2.035,",,,E"
AGE00147712,1915-08-01,36.17,1.34,112.0,"ORLEANSVILLE CHLEF, AG",947.2,E,257.7,"3,E",0.0,"1,E",0.0,"1,E",0.0,"1,E",0.0,"2,E",0.0,"2,E",0.0,"1,E",30.0,"1,E",30.0,"1,E",19150826.0,"+,2,E",19150831.0,"+,1,E",19150811.0,"+,1,E",10.0,"2,E,26,+",0.0,"1,,E,31,+",44.0,"1,E,11,+",0.0,E,0.0,"1,E",0.0,"1,,,E",2.756,"3,E",3.967,"1,,,E",1.545,"2,,,E"
AGE00147712,1915-10-01,36.17,1.34,112.0,"ORLEANSVILLE CHLEF, AG",,,25.5,"2,E",10.0,"1,E",6.0,"1,E",0.0,"1,E",0.0,"1,E",0.0,"1,E",0.0,"1,E",23.0,"1,E",1.0,"1,E",19151031.0,",1,E",19151001.0,",1,E",19151012.0,",1,E",9.0,"1,E,31,",10.5,"1,,E,01,",33.0,"1,E,12,",,,30.7,"1,E",48.7,"1,,,E",1.802,"2,E",2.353,"1,,,E",1.25,"1,,,E"
AGE00147712,1915-11-01,36.17,1.34,112.0,"ORLEANSVILLE CHLEF, AG",,,,,7.0,"4,E",4.0,"4,E",0.0,"4,E",0.0,"4,E",0.0,"4,E",0.0,"4,E",4.0,"4,E",0.0,"4,E",19151126.0,"+,4,E",19151102.0,",4,E",19151108.0,",4,E",5.0,"4,E,26,+",10.4,"4,,E,02,",28.0,"4,E,08,",,,,,38.2,"4,,,E",1.402,"7,E",1.9120000000000001,"4,,,E",0.892,"4,,,E"
AGE00147712,1915-12-01,36.17,1.34,112.0,"ORLEANSVILLE CHLEF, AG",,,,,7.0,"2,E",3.0,"2,E",0.0,"2,E",0.0,"5,E",2.0,"5,E",0.0,"3,E",1.0,"3,E",0.0,"3,E",19151216.0,"+,5,E",19151212.0,",2,E",19151205.0,",3,E",0.0,"5,E,16,+",7.0,"2,,E,12,",23.0,"3,E,05,",,,,,19.0,"2,,,E",1.074,"7,E",1.6320000000000001,"3,,,E",0.515,"5,,,E"
AGE00147712,1916-01-01,36.17,1.34,112.0,"ORLEANSVILLE CHLEF, AG",0.0,E,0.0,"2,E",7.0,"1,E",4.0,"1,E",0.0,"1,E",0.0,"1,E",4.0,"1,E",0.0,"1,E",0.0,"1,E",0.0,"1,E",19160118.0,"+,1,E",19160110.0,",1,E",19160103.0,"+,1,E",0.0,"1,E,18,+",11.2,"1,,E,10,",17.0,"1,E,03,+",,,289.7,"1,E",30.6,"1,,,E",0.8400000000000001,"2,E",1.3699999999999999,"1,,,E",0.31,"1,,,E"
AGE00147712,1916-02-01,36.17,1.34,112.0,"ORLEANSVILLE CHLEF, AG",0.0,E,0.0,",E",9.0,",E",7.0,",E",0.0,",E",0.0,",E",4.0,",E",0.0,",E",1.0,",E",0.0,",E",19160217.0,"+,,E",19160211.0,",,E",19160224.0,",,E",0.0,",E,17,+",19.9,",,E,11,",22.0,",E,24,",,,251.2,",E",68.6,",,,E",0.967,",E",1.569,",,,E",0.366,",,,E"
AGE00147712,1916-03-01,36.17,1.34,112.0,"ORLEANSVILLE CHLEF, AG",2.8,E,2.8,"4,E",10.0,"2,E",6.0,"2,E",0.0,"2,E",0.0,"2,E",0.0,"2,E",0.0,"2,E",9.0,"2,E",0.0,"2,E",19160328.0,"+,2,E",19160329.0,",2,E",19160318.0,",2,E",4.0,"2,E,28,+",21.0,"2,,E,29,",30.0,"2,E,18,",,,136.8,"2,E",63.6,"2,,,E",1.3119999999999998,"4,E",1.9,"2,,,E",0.724,"2,,,E"
AGE00147712,1916-04-01,36.17,1.34,112.0,"ORLEANSVILLE CHLEF, AG",13.1,E,10.3,"4,E",11.0,"2,E",7.0,"2,E",0.0,"2,E",0.0,"2,E",0.0,"2,E",0.0,"2,E",16.0,"2,E",1.0,"2,E",19160424.0,"+,2,E",19160403.0,",2,E",19160429.0,",2,E",5.0,"2,E,24,+",17.9,"2,,E,03,",35.0,"2,E,29,",,,81.5,"2,E",61.9,"2,,,E",1.568,"4,E",2.279,"2,,,E",0.857,"2,,,E"
AGE00147712,1916-05-01,36.17,1.34,112.0,"ORLEANSVILLE CHLEF, AG",94.3,E,81.2,"2,E",4.0,"1,E",1.0,"1,E",0.0,"1,E",0.0,"1,E",0.0,"1,E",0.0,"1,E",27.0,"1,E",6.0,"1,E",19160501.0,",1,E",19160530.0,",1,E",19160503.0,",1,E",8.0,"1,E,01,",24.3,"1,,E,30,",36.0,"1,E,03,",,,6.8,"1,E",29.2,"1,,,E",2.097,"2,E",2.897,"1,,,E",1.2970000000000002,"1,,,E"
AGE00147712,1916-06-01,36.17,1.34,112.0,"ORLEANSVILLE CHLEF, AG",278.3,E,184.0,",E",0.0,",E",0.0,",E",0.0,",E",0.0,",E",0.0,",E",0.0,",E",30.0,",E",15.0,",E",19160602.0,",,E",19160622.0,"+,,E",19160607.0,",,E",11.0,",E,02,",0.2,",,E,22,+",40.0,",E,07,",,,0.0,",E",0.4,",,,E",2.447,",E",3.2329999999999997,",,,E",1.6600000000000001,",,,E"
AGE00147712,1916-07-01,36.17,1.34,112.0,"ORLEANSVILLE CHLEF, AG",610.6,E,332.3,"2,E",1.0,"1,E",0.0,"1,E",0.0,"1,E",0.0,"1,E",0.0,"1,E",0.0,"1,E",30.0,"1,E",28.0,"1,E",19160706.0,"+,1,E",19160731.0,",1,E",19160709.0,"+,1,E",16.0,"1,E,06,+",0.7,"1,,E,31,",46.0,"1,E,09,+",0.0,E,0.0,"1,E",0.9,"1,,,E",2.9829999999999997,"2,E",3.8600000000000003,"1,,,E",2.107,"1,,,E"
AGE00147712,1916-08-01,36.17,1.34,112.0,"ORLEANSVILLE CHLEF, AG",952.3,E,341.7,",E",0.0,",E",0.0,",E",0.0,",E",0.0,",E",0.0,",E",0.0,",E",31.0,",E",30.0,",E",19160831.0,"+,,E",19160831.0,"+,,E",19160812.0,",,E",17.0,",E,31,+",0.0,",,E,31,+",43.0,",E,12,",0.0,E,0.0,",E",0.0,",,,E",2.935,",E",3.8649999999999998,",,,E",2.006,",,,E"
AGE00147712,1916-09-01,36.17,1.34,112.0,"ORLEANSVILLE CHLEF, AG",1100.5,E,148.2,"2,E",4.0,"1,E",1.0,"1,E",0.0,"1,E",0.0,"1,E",0.0,"1,E",0.0,"1,E",29.0,"1,E",10.0,"1,E",19160922.0,"+,1,E",19160913.0,",1,E",19160903.0,",1,E",10.0,"1,E,22,+",2.6,"1,,E,13,",37.0,"1,E,03,",0.0,E,0.0,"1,E",6.9,"1,,,E",2.35,"2,E",3.069,"1,,,E",1.6309999999999998,"1,,,E"
AGE00147712,1916-10-01,36.17,1.34,112.0,"ORLEANSVILLE CHLEF, AG",1156.0,E,55.5,",E",4.0,",E",3.0,",E",0.0,",E",0.0,",E",0.0,",E",0.0,",E",30.0,",E",1.0,",E",19161031.0,",,E",19161025.0,",,E",19161003.0,",,E",8.0,",E,31,",6.3,",,E,25,",36.0,",E,03,",15.3,E,15.3,",E",12.4,",,,E",1.9629999999999999,",E",2.684,",,,E",1.242,",,,E"
AGE00147712,1916-11-01,36.17,1.34,112.0,"ORLEANSVILLE CHLEF, AG",1157.5,E,1.5,",E",14.0,",E",11.0,",E",2.0,",E",0.0,",E",0.0,",E",0.0,",E",7.0,",E",0.0,",E",19161110.0,",,E",19161111.0,",,E",19161102.0,"+,,E",3.0,",E,10,",45.5,",,E,11,",27.0,",E,02,+",151.8,E,136.5,",E",162.9,",,,E",1.383,",E",1.86,",,,E",0.907,",,,E"
AGE00147712,1916-12-01,36.17,1.34,112.0,"ORLEANSVILLE CHLEF, AG",1157.5,E,0.0,"3,E",10.0,"2,E",6.0,"2,E",0.0,"2,E",0.0,"2,E",1.0,"2,E",0.0,"2,E",0.0,"2,E",0.0,"2,E",19161209.0,",2,E",19161227.0,",2,E",19161218.0,"+,2,E",0.0,"2,E,09,",18.1,"2,,E,27,",20.0,"2,E,18,+",368.6,E,216.8,"2,E",69.2,"2,,,E",1.064,"3,E",1.5,"2,,,E",0.628,"2,,,E"
AGE00147712,1917-01-01,36.17,1.34,112.0,"ORLEANSVILLE CHLEF, AG",0.0,E,0.0,",E",20.0,",E",7.0,",E",0.0,",E",0.0,",E",0.0,",E",0.0,",E",0.0,",E",0.0,",E",19170103.0,",,E",19170128.0,",,E",19170126.0,",,E",1.0,",E,03,",10.2,",,E,28,",17.0,",E,26,",655.9,E,287.3,",E",68.6,",,,E",0.906,",E",1.303,",,,E",0.51,",,,E"
AGE00147712,1917-02-01,36.17,1.34,112.0,"ORLEANSVILLE CHLEF, AG",,,,,8.0,"3,E",2.0,"3,E",0.0,"3,E",0.0,"4,E",0.0,"4,E",0.0,"4,E",1.0,"4,E",0.0,"4,E",19170220.0,"+,4,E",19170206.0,",3,E",19170214.0,",4,E",2.0,"4,E,20,+",8.3,"3,,E,06,",22.0,"4,E,14,",,,,,25.2,"3,,,E",1.119,"7,E",1.6629999999999998,"4,,,E",0.575,"4,,,E"
AGE00147712,1917-03-01,36.17,1.34,112.0,"ORLEANSVILLE CHLEF, AG",,,0.0,"1,E",13.0,"1,E",9.0,"1,E",0.0,"1,E",0.0,",E",1.0,",E",0.0,"1,E",3.0,"1,E",0.0,"1,E",19170326.0,",,E",19170316.0,",1,E",19170310.0,",1,E",0.0,",E,26,",15.3,"1,,E,16,",25.0,"1,E,10,",,,217.0,"1,E",79.0,"1,,,E",1.106,"1,E",1.65,"1,,,E",0.561,",,,E"
AGE00147712,1917-04-01,36.17,1.34,112.0,"ORLEANSVILLE CHLEF, AG",,,,,1.0,"3,E",0.0,"3,E",0.0,"3,E",0.0,"4,E",0.0,"4,E",0.0,"3,E",17.0,"3,E",0.0,"3,E",19170425.0,"+,4,E",19170415.0,",3,E",19170427.0,"+,3,E",3.0,"4,E,25,+",1.0,"3,,E,15,",28.0,"3,E,27,+",,,,,1.2,"3,,,E",1.482,"6,E",2.2190000000000003,"3,,,E",0.746,"4,,,E"
AGE00147712,1917-05-01,36.17,1.34,112.0,"ORLEANSVILLE CHLEF, AG",,,,,5.0,"5,E",3.0,"5,E",1.0,"5,E",0.0,"5,E",0.0,"5,E",0.0,"5,E",24.0,"5,E",5.0,"5,E",19170506.0,",5,E",19170503.0,",5,E",19170527.0,",5,E",10.0,"5,E,06,",29.1,"5,,E,03,",39.0,"5,E,27,",,,,,50.4,"5,,,E",2.129,"9,E",2.8850000000000002,"5,,,E",1.373,"5,,,E"
AGE00147712,1917-06-01,36.17,1.34,112.0,"ORLEANSVILLE CHLEF, AG",,,144.3,"5,E",5.0,"2,E",3.0,"2,E",0.0,"2,E",0.0,"2,E",0.0,"2,E",0.0,"3,E",25.0,"3,E",12.0,"3,E",19170608.0,",2,E",19170606.0,",2,E",19170618.0,",3,E",5.0,"2,E,08,",14.1,"2,,E,06,",41.0,"3,E,18,",,,3.7,"3,E",37.1,"2,,,E",2.419,"5,E",3.185,"3,,,E",1.654,"2,,,E"
AGE00147712,1917-07-01,36.17,1.34,112.0,"ORLEANSVILLE CHLEF, AG",,,,,0.0,"3,E",0.0,"3,E",0.0,"3,E",0.0,"3,E",0.0,"3,E",0.0,"3,E",28.0,"3,E",28.0,"3,E",19170711.0,",3,E",19170731.0,"+,3,E",19170715.0,"+,3,E",15.0,"3,E,11,",0.0,"3,,E,31,+",44.0,"3,E,15,+",,,,,0.0,"3,,,E",3.05,"6,E",4.032,"3,,,E",2.068,"3,,,E"
AGE00147712,1917-08-01,36.17,1.34,112.0,"ORLEANSVILLE CHLEF, AG",,,382.7,",E",0.0,",E",0.0,",E",0.0,",E",0.0,",E",0.0,",E",0.0,",E",31.0,",E",31.0,",E",19170809.0,",,E",19170831.0,"+,,E",19170812.0,",,E",18.0,",E,09,",0.0,",,E,31,+",46.0,",E,12,",,,0.0,",E",0.0,",,,E",3.068,",E",3.965,",,,E",2.1710000000000003,",,,E"
AGE00147712,1917-09-01,36.17,1.34,112.0,"ORLEANSVILLE CHLEF, AG",,,229.5,",E",1.0,",E",0.0,",E",0.0,",E",0.0,",E",0.0,",E",0.0,",E",30.0,",E",21.0,",E",19170913.0,"+,,E",19170910.0,",,E",19170903.0,",,E",15.0,",E,13,+",1.5,",,E,10,",41.0,",E,03,",,,0.0,",E",1.5,",,,E",2.598,",E",3.403,",,,E",1.793,",,,E"
AGE00147712,1917-10-01,36.17,1.34,112.0,"ORLEANSVILLE CHLEF, AG",,,62.3,"2,E",5.0,"1,E",4.0,"1,E",0.0,"1,E",0.0,"1,E",0.0,"1,E",0.0,"1,E",26.0,"1,E",2.0,"1,E",19171031.0,",1,E",19171015.0,",1,E",19171002.0,"+,1,E",6.0,"1,E,31,",14.5,"1,,E,15,",37.0,"1,E,02,+",,,28.5,"1,E",23.7,"1,,,E",1.9300000000000002,"2,E",2.607,"1,,,E",1.253,"1,,,E"
AGE00147712,1917-11-01,36.17,1.34,112.0,"ORLEANSVILLE CHLEF, AG",,,0.0,"4,E",9.0,"2,E",4.0,"2,E",0.0,"2,E",0.0,"2,E",0.0,"2,E",0.0,"2,E",2.0,"2,E",0.0,"2,E",19171122.0,"+,2,E",19171128.0,",2,E",19171106.0,"+,2,E",2.0,"2,E,22,+",21.4,"2,,E,28,",22.0,"2,E,06,+",,,189.2,"2,E",56.7,"2,,,E",1.139,"4,E",1.682,"2,,,E",0.596,"2,,,E"
AGE00147712,1919-01-01,36.17,1.34,112.0,"ORLEANSVILLE CHLEF, AG",0.0,E,0.0,",E",14.0,",E",8.0,",E",0.0,",E",0.0,",E",2.0,",E",0.0,",E",0.0,",E",0.0,",E",19190120.0,",,E",19190124.0,",,E",19190131.0,",,E",-1.0,",E,20,",13.2,",,E,24,",16.0,",E,31,",,,306.8,",E",63.0,",,,E",0.844,",E",1.31,",,,E",0.377,",,,E"
AGE00147712,1919-02-01,36.17,1.34,112.0,"ORLEANSVILLE CHLEF, AG",0.0,E,0.0,"2,E",5.0,"1,E",2.0,"1,E",0.0,"1,E",0.0,"1,E",0.0,"1,E",0.0,"1,E",0.0,"1,E",0.0,"1,E",19190208.0,",1,E",19190203.0,",1,E",19190225.0,"+,1,E",2.0,"1,E,08,",14.6,"1,,E,03,",21.0,"1,E,25,+",,,167.7,"1,E",30.3,"1,,,E",1.194,"2,E",1.73,"1,,,E",0.659,"1,,,E"
AGE00147712,1919-03-01,36.17,1.34,112.0,"ORLEANSVILLE CHLEF, AG",0.2,E,0.2,",E",7.0,",E",4.0,",E",0.0,",E",0.0,",E",0.0,",E",0.0,",E",9.0,",E",0.0,",E",19190318.0,",,E",19190315.0,",,E",19190305.0,",,E",1.0,",E,18,",6.5,",,E,15,",27.0,",E,05,",,,164.5,",E",19.4,",,,E",1.303,",E",1.9940000000000002,",,,E",0.613,",,,E"
AGE00147712,1919-04-01,36.17,1.34,112.0,"ORLEANSVILLE CHLEF, AG",3.2,E,3.0,"3,E",4.0,"2,E",2.0,"2,E",0.0,"2,E",0.0,"2,E",0.0,"2,E",0.0,"2,E",22.0,"2,E",0.0,"2,E",19190418.0,",2,E",19190427.0,",2,E",19190422.0,"+,2,E",2.0,"2,E,18,",8.0,"2,,E,27,",29.0,"2,E,22,+",,,61.0,"2,E",13.3,"2,,,E",1.6179999999999999,"3,E",2.432,"2,,,E",0.8039999999999999,"2,,,E"
AGE00147712,1919-05-01,36.17,1.34,112.0,"ORLEANSVILLE CHLEF, AG",93.9,E,90.7,",E",3.0,",E",1.0,",E",0.0,",E",0.0,",E",0.0,",E",0.0,",E",31.0,",E",9.0,",E",19190502.0,",,E",19190508.0,",,E",19190528.0,",,E",5.0,",E,02,",5.4,",,E,08,",36.0,",E,28,",,,6.5,",E",7.8,",,,E",2.105,",E",3.0,",,,E",1.21,",,,E"
AGE00147712,1919-06-01,36.17,1.34,112.0,"ORLEANSVILLE CHLEF, AG",333.9,E,240.0,",E",5.0,",E",1.0,",E",0.0,",E",0.0,",E",0.0,",E",0.0,",E",30.0,",E",23.0,",E",19190607.0,"+,,E",19190605.0,",,E",19190626.0,",,E",12.0,",E,07,+",2.5,",,E,05,",41.0,",E,26,",,,0.0,",E",6.2,",,,E",2.633,",E",3.5,",,,E",1.7670000000000001,",,,E"
AGE00147712,1919-07-01,36.17,1.34,112.0,"ORLEANSVILLE CHLEF, AG",632.1,E,298.2,",E",0.0,",E",0.0,",E",0.0,",E",0.0,",E",0.0,",E",0.0,",E",31.0,",E",28.0,",E",19190702.0,",,E",19190731.0,"+,,E",19190725.0,"+,,E",15.0,",E,02,",0.0,",,E,31,+",44.0,",E,25,+",0.0,E,0.0,",E",0.0,",,,E",2.795,",E",3.6740000000000004,",,,E",1.916,",,,E"
AGE00147712,1919-08-01,36.17,1.34,112.0,"ORLEANSVILLE CHLEF, AG",952.8,E,320.7,",E",0.0,",E",0.0,",E",0.0,",E",0.0,",E",0.0,",E",0.0,",E",31.0,",E",30.0,",E",19190808.0,",,E",19190831.0,"+,,E",19190817.0,"+,,E",16.0,",E,08,",0.0,",,E,31,+",42.0,",E,17,+",0.0,E,0.0,",E",0.0,",,,E",2.868,",E",3.819,",,,E",1.916,",,,E"
AGE00147712,1919-09-01,36.17,1.34,112.0,"ORLEANSVILLE CHLEF, AG",1138.8,E,186.0,"2,E",3.0,",E",2.0,",E",0.0,",E",0.0,",E",0.0,",E",0.0,"2,E",28.0,"2,E",17.0,"2,E",19190922.0,",,E",19190921.0,",,E",19190908.0,",2,E",11.0,",E,22,",12.9,",,E,21,",40.0,"2,E,08,",0.3,E,0.3,"2,E",17.0,",,,E",2.505,"2,E",3.2359999999999998,"2,,,E",1.7730000000000001,",,,E"
AGE00147712,1919-10-01,36.17,1.34,112.0,"ORLEANSVILLE CHLEF, AG",1153.1,E,14.3,",E",11.0,",E",4.0,",E",0.0,",E",0.0,",E",0.0,",E",0.0,",E",20.0,",E",0.0,",E",19191029.0,",,E",19191026.0,",,E",19191008.0,",,E",4.0,",E,29,",14.9,",,E,26,",27.0,",E,08,",74.5,E,74.2,",E",39.1,",,,E",1.64,",E",2.1710000000000003,",,,E",1.1099999999999999,",,,E"
AGE00147712,1919-11-01,36.17,1.34,112.0,"ORLEANSVILLE CHLEF, AG",1164.8,E,11.7,",E",5.0,",E",2.0,",E",0.0,",E",0.0,",E",0.0,",E",0.0,",E",8.0,",E",0.0,",E",19191119.0,"+,,E",19191110.0,",,E",19191105.0,",,E",1.0,",E,19,+",14.9,",,E,10,",30.0,",E,05,",217.7,E,143.2,",E",24.0,",,,E",1.395,",E",1.9300000000000002,",,,E",0.86,",,,E"
AGE00147712,1919-12-01,36.17,1.34,112.0,"ORLEANSVILLE CHLEF, AG",1164.8,E,0.0,",E",6.0,",E",3.0,",E",0.0,",E",0.0,",E",3.0,",E",0.0,",E",0.0,",E",0.0,",E",19191229.0,"+,,E",19191212.0,",,E",19191214.0,",,E",0.0,",E,29,+",12.0,",,E,12,",18.0,",E,14,",500.5,E,282.8,",E",20.2,",,,E",0.921,",E",1.448,",,,E",0.394,",,,E"
AGE00147712,1920-01-01,36.17,1.34,112.0,"ORLEANSVILLE CHLEF, AG",0.0,E,0.0,",E",6.0,",E",2.0,",E",0.0,",E",0.0,",E",3.0,",E",0.0,",E",0.0,",E",0.0,",E",19200125.0,"+,,E",19200104.0,",,E",19200101.0,",,E",-1.0,",E,25,+",16.7,",,E,04,",19.0,",E,01,",780.3,E,279.8,",E",23.5,",,,E",0.931,",E",1.5130000000000001,",,,E",0.348,",,,E"
AGE00147712,1920-02-01,36.17,1.34,112.0,"ORLEANSVILLE CHLEF, AG",3.7,E,3.7,",E",7.0,",E",5.0,",E",0.0,",E",0.0,",E",0.0,",E",0.0,",E",5.0,",E",0.0,",E",19200212.0,"+,,E",19200219.0,",,E",19200229.0,",,E",2.0,",E,12,+",23.0,",,E,19,",28.0,",E,29,",957.6,E,177.3,",E",52.9,",,,E",1.234,",E",1.762,",,,E",0.7070000000000001,",,,E"
AGE00147712,1920-03-01,36.17,1.34,112.0,"ORLEANSVILLE CHLEF, AG",5.5,E,1.8,"2,E",8.0,"2,E",4.0,"2,E",0.0,"2,E",0.0,"1,E",0.0,"1,E",0.0,"2,E",13.0,"2,E",0.0,"2,E",19200314.0,",1,E",19200308.0,",2,E",19200327.0,",2,E",1.0,"1,E,14,",10.0,"2,,E,08,",29.0,"2,E,27,",1095.1,E,137.5,"2,E",35.4,"2,,,E",1.363,"2,E",1.9929999999999999,"2,,,E",0.733,"1,,,E"
AGE00147712,1920-04-01,36.17,1.34,112.0,"ORLEANSVILLE CHLEF, AG",38.0,E,32.5,"1,E",3.0,",E",1.0,",E",0.0,",E",0.0,"1,E",0.0,"1,E",0.0,",E",25.0,",E",3.0,",E",19200423.0,"+,1,E",19200410.0,",,E",19200408.0,",,E",6.0,"1,E,23,+",6.0,",,E,10,",35.0,",E,08,",1129.3,E,34.2,",E",8.5,",,,E",1.8199999999999998,"1,E",2.567,",,,E",1.072,"1,,,E"
AGE00147712,1920-05-01,36.17,1.34,112.0,"ORLEANSVILLE CHLEF, AG",226.2,E,188.2,",E",3.0,",E",3.0,",E",0.0,",E",0.0,",E",0.0,",E",0.0,",E",31.0,",E",17.0,",E",19200501.0,",,E",19200519.0,",,E",19200513.0,"+,,E",11.0,",E,01,",6.7,",,E,19,",40.0,",E,13,+",1129.3,E,0.0,",E",17.4,",,,E",2.44,",E",3.2520000000000002,",,,E",1.629,",,,E"
AGE00147712,1920-06-01,36.17,1.34,112.0,"ORLEANSVILLE CHLEF, AG",451.7,E,225.5,",E",2.0,",E",1.0,",E",0.0,",E",0.0,",E",0.0,",E",0.0,",E",30.0,",E",21.0,",E",19200616.0,"+,,E",19200607.0,",,E",19200623.0,"+,,E",13.0,",E,16,+",6.2,",,E,07,",39.0,",E,23,+",1129.3,E,0.0,",E",7.3,",,,E",2.585,",E",3.4,",,,E",1.77,",,,E"
AGE00147712,1920-10-01,36.17,1.34,112.0,"ORLEANSVILLE CHLEF, AG",,,48.8,",E",10.0,",E",7.0,",E",0.0,",E",0.0,",E",0.0,",E",0.0,",E",24.0,",E",0.0,",E",19201024.0,",,E",19201019.0,",,E",19201013.0,",,E",8.0,",E,24,",11.6,",,E,19,",32.0,",E,13,",,,21.2,",E",54.6,",,,E",1.923,",E",2.468,",,,E",1.377,",,,E"
AGE00147712,1920-11-01,36.17,1.34,112.0,"ORLEANSVILLE CHLEF, AG",,,0.0,"2,E",13.0,"1,E",9.0,"1,E",1.0,"1,E",0.0,"1,E",0.0,"1,E",0.0,"1,E",1.0,"1,E",0.0,"1,E",19201115.0,",1,E",19201101.0,",1,E",19201125.0,",1,E",6.0,"1,E,15,",25.8,"1,,E,01,",23.0,"1,E,25,",,,130.3,"1,E",114.7,"1,,,E",1.3619999999999999,"2,E",1.783,"1,,,E",0.9410000000000001,"1,,,E"
AGE00147712,1920-12-01,36.17,1.34,112.0,"ORLEANSVILLE CHLEF, AG",,,0.0,",E",13.0,",E",8.0,",E",0.0,",E",0.0,",E",0.0,",E",0.0,",E",0.0,",E",0.0,",E",19201208.0,",,E",19201219.0,",,E",19201231.0,"+,,E",2.0,",E,08,",10.6,",,E,19,",20.0,",E,31,+",,,249.8,",E",56.0,",,,E",1.027,",E",1.471,",,,E",0.584,",,,E"
AGE00147712,1921-01-01,36.17,1.34,112.0,"ORLEANSVILLE CHLEF, AG",0.0,E,0.0,"1,E",10.0,",E",5.0,",E",0.0,",E",0.0,",E",2.0,",E",0.0,"1,E",0.0,"1,E",0.0,"1,E",19210119.0,"+,,E",19210113.0,",,E",19210129.0,"+,1,E",0.0,",E,19,+",11.3,",,E,13,",18.0,"1,E,29,+",,,272.5,"1,E",50.5,",,,E",0.923,"1,E",1.4529999999999998,"1,,,E",0.394,",,,E"
AGE00147712,1921-02-01,36.17,1.34,112.0,"ORLEANSVILLE CHLEF, AG",0.0,E,0.0,"3,E",9.0,"2,E",5.0,"2,E",0.0,"2,E",0.0,"2,E",0.0,"2,E",0.0,"2,E",1.0,"2,E",0.0,"2,E",19210208.0,",2,E",19210205.0,",2,E",19210220.0,",2,E",1.0,"2,E,08,",15.7,"2,,E,05,",23.0,"2,E,20,",,,150.3,"2,E",43.7,"2,,,E",1.2369999999999999,"3,E",1.6960000000000002,"2,,,E",0.7769999999999999,"2,,,E"
AGE00147712,1921-03-01,36.17,1.34,112.0,"ORLEANSVILLE CHLEF, AG",0.0,E,0.0,"5,E",11.0,"3,E",5.0,"3,E",0.0,"3,E",0.0,"3,E",0.0,"3,E",0.0,"3,E",2.0,"3,E",0.0,"3,E",19210326.0,"+,3,E",19210331.0,",3,E",19210328.0,"+,3,E",4.0,"3,E,26,+",9.2,"3,,E,31,",22.0,"3,E,28,+",,,154.7,"3,E",37.1,"3,,,E",1.25,"5,E",1.8679999999999999,"3,,,E",0.632,"3,,,E"
AGE00147712,1921-04-01,36.17,1.34,112.0,"ORLEANSVILLE CHLEF, AG",0.7,E,0.7,"3,E",8.0,"2,E",3.0,"2,E",0.0,"2,E",0.0,"2,E",0.0,"2,E",0.0,"2,E",13.0,"2,E",0.0,"2,E",19210426.0,"+,2,E",19210416.0,",2,E",19210429.0,",2,E",4.0,"2,E,26,+",24.4,"2,,E,16,",27.0,"2,E,29,",,,109.2,"2,E",66.4,"2,,,E",1.439,"3,E",2.114,"2,,,E",0.764,"2,,,E"
AGE00147712,1921-05-01,36.17,1.34,112.0,"ORLEANSVILLE CHLEF, AG",36.7,E,36.0,",E",12.0,",E",7.0,",E",0.0,",E",0.0,",E",0.0,",E",0.0,",E",27.0,",E",0.0,",E",19210506.0,"+,,E",19210514.0,",,E",19210524.0,"+,,E",7.0,",E,06,+",15.8,",,E,14,",30.0,",E,24,+",,,14.8,",E",55.4,",,,E",1.902,",E",2.519,",,,E",1.284,",,,E"
AGE00147712,1921-06-01,36.17,1.34,112.0,"ORLEANSVILLE CHLEF, AG",208.5,E,171.8,"4,E",1.0,"2,E",0.0,"2,E",0.0,"2,E",0.0,"2,E",0.0,"2,E",0.0,"2,E",28.0,"2,E",17.0,"2,E",19210609.0,"+,2,E",19210606.0,",2,E",19210630.0,",2,E",12.0,"2,E,09,+",0.5,"2,,E,06,",41.0,"2,E,30,",,,0.0,"2,E",0.5,"2,,,E",2.491,"4,E",3.2960000000000003,"2,,,E",1.686,"2,,,E"
AGE00147712,1921-10-01,36.17,1.34,112.0,"ORLEANSVILLE CHLEF, AG",,,121.5,"2,E",2.0,"1,E",1.0,"1,E",0.0,"1,E",0.0,"1,E",0.0,"1,E",0.0,"1,E",26.0,"1,E",9.0,"1,E",19211031.0,",1,E",19211007.0,",1,E",19211022.0,",1,E",7.0,"1,E,31,",3.0,"1,,E,07,",37.0,"1,E,22,",,,22.2,"1,E",3.7,"1,,,E",2.182,"2,E",2.8600000000000003,"1,,,E",1.503,"1,,,E"
AGE00147712,1921-11-01,36.17,1.34,112.0,"ORLEANSVILLE CHLEF, AG",,,0.0,"2,E",10.0,"1,E",7.0,"1,E",0.0,"1,E",0.0,"1,E",0.0,"1,E",0.0,"1,E",4.0,"1,E",0.0,"1,E",19211110.0,",1,E",19211114.0,",1,E",19211103.0,",1,E",4.0,"1,E,10,",17.5,"1,,E,14,",24.0,"1,E,03,",,,149.3,"1,E",59.3,"1,,,E",1.31,"2,E",1.807,"1,,,E",0.8140000000000001,"1,,,E"
AGE00147712,1921-12-01,36.17,1.34,112.0,"ORLEANSVILLE CHLEF, AG",,,0.0,"2,E",14.0,"1,E",5.0,"1,E",1.0,"1,E",0.0,"1,E",1.0,"1,E",0.0,"1,E",0.0,"1,E",0.0,"1,E",19211226.0,",1,E",19211203.0,",1,E",19211201.0,",1,E",-1.0,"1,E,26,",27.7,"1,,E,03,",19.0,"1,E,01,",,,270.7,"1,E",75.0,"1,,,E",0.898,"2,E",1.347,"1,,,E",0.45,"1,,,E"
AGE00147712,1922-01-01,36.17,1.34,112.0,"ORLEANSVILLE CHLEF, AG",0.0,E,0.0,",E",9.0,",E",4.0,",E",0.0,",E",0.0,",E",5.0,",E",0.0,",E",0.0,",E",0.0,",E",19220112.0,"+,,E",19220117.0,",,E",19220128.0,",,E",0.0,",E,12,+",25.1,",,E,17,",20.0,",E,28,",,,264.8,",E",46.5,",,,E",0.9789999999999999,",E",1.5,",,,E",0.458,",,,E"
AGE00147712,1922-02-01,36.17,1.34,112.0,"ORLEANSVILLE CHLEF, AG",0.0,E,0.0,",E",7.0,",E",2.0,",E",0.0,",E",0.0,",E",0.0,",E",0.0,",E",0.0,",E",0.0,",E",19220208.0,",,E",19220205.0,",,E",19220228.0,"+,,E",1.0,",E,08,",6.6,",,E,05,",20.0,",E,28,+",,,199.8,",E",16.2,",,,E",1.1199999999999999,",E",1.689,",,,E",0.55,",,,E"
AGE00147712,1922-03-01,36.17,1.34,112.0,"ORLEANSVILLE CHLEF, AG",0.0,E,0.0,",E",4.0,",E",2.0,",E",0.0,",E",0.0,",E",1.0,",E",0.0,",E",6.0,",E",0.0,",E",19220323.0,",,E",19220326.0,",,E",19220320.0,"+,,E",-1.0,",E,23,",10.5,",,E,26,",24.0,",E,20,+",,,171.8,",E",19.0,",,,E",1.279,",E",1.9260000000000002,",,,E",0.632,",,,E"
AGE00147712,1922-05-01,36.17,1.34,112.0,"ORLEANSVILLE CHLEF, AG",,,131.3,",E",2.0,",E",1.0,",E",0.0,",E",0.0,",E",0.0,",E",0.0,",E",29.0,",E",8.0,",E",19220502.0,",,E",19220501.0,",,E",19220527.0,",,E",5.0,",E,02,",8.1,",,E,01,",39.0,",E,27,",,,17.2,",E",10.4,",,,E",2.202,",E",2.945,",,,E",1.458,",,,E"
AGE00147712,1922-06-01,36.17,1.34,112.0,"ORLEANSVILLE CHLEF, AG",,,178.5,",E",4.0,",E",2.0,",E",0.0,",E",0.0,",E",0.0,",E",0.0,",E",30.0,",E",11.0,",E",19220629.0,",,E",19220605.0,",,E",19220627.0,"+,,E",11.0,",E,29,",22.5,",,E,05,",39.0,",E,27,+",,,0.0,",E",28.4,",,,E",2.428,",E",3.1399999999999997,",,,E",1.717,",,,E"
AGE00147712,1922-10-01,36.17,1.34,112.0,"ORLEANSVILLE CHLEF, AG",,,60.3,",E",5.0,",E",3.0,",E",0.0,",E",0.0,",E",0.0,",E",0.0,",E",28.0,",E",1.0,",E",19221027.0,",,E",19221025.0,",,E",19221004.0,",,E",9.0,",E,27,",19.6,",,E,25,",33.0,",E,04,",,,11.7,",E",37.6,",,,E",1.9899999999999998,",E",2.623,",,,E",1.358,",,,E"
AGE00147712,1922-12-01,36.17,1.34,112.0,"ORLEANSVILLE CHLEF, AG",,,0.0,",E",16.0,",E",7.0,",E",0.0,",E",0.0,",E",3.0,",E",0.0,",E",0.0,",E",0.0,",E",19221215.0,",,E",19221220.0,",,E",19221201.0,",,E",-1.0,",E,15,",11.2,",,E,20,",17.0,",E,01,",,,280.3,",E",47.0,",,,E",0.9289999999999999,",E",1.3900000000000001,",,,E",0.46799999999999997,",,,E"
AGE00147712,1923-01-01,36.17,1.34,112.0,"ORLEANSVILLE CHLEF, AG",0.0,E,0.0,",E",20.0,",E",11.0,",E",0.0,",E",0.0,",E",3.0,",E",0.0,",E",0.0,",E",0.0,",E",19230126.0,"+,,E",19230124.0,",,E",19230102.0,"+,,E",0.0,",E,26,+",17.1,",,E,24,",14.0,",E,02,+",,,336.3,",E",87.0,",,,E",0.748,",E",1.106,",,,E",0.39,",,,E"
AGE00147712,1923-02-01,36.17,1.34,112.0,"ORLEANSVILLE CHLEF, AG",0.0,E,0.0,",E",8.0,",E",5.0,",E",0.0,",E",0.0,",E",0.0,",E",0.0,",E",0.0,",E",0.0,",E",19230215.0,",,E",19230206.0,",,E",19230218.0,"+,,E",1.0,",E,15,",7.5,",,E,06,",20.0,",E,18,+",,,195.3,",E",31.5,",,,E",1.136,",E",1.625,",,,E",0.646,",,,E"
AGE00147712,1923-03-01,36.17,1.34,112.0,"ORLEANSVILLE CHLEF, AG",2.3,E,2.3,"4,E",9.0,"2,E",3.0,"2,E",0.0,"2,E",0.0,"2,E",1.0,"2,E",0.0,"2,E",4.0,"2,E",0.0,"2,E",19230307.0,",2,E",19230316.0,",2,E",19230320.0,"+,2,E",0.0,"2,E,07,",20.4,"2,,E,16,",26.0,"2,E,20,+",,,127.3,"2,E",43.1,"2,,,E",1.371,"4,E",1.941,"2,,,E",0.8,"2,,,E"
AGE00147712,1923-04-01,36.17,1.34,112.0,"ORLEANSVILLE CHLEF, AG",4.5,E,2.2,"2,E",16.0,",E",12.0,",E",0.0,",E",0.0,"2,E",0.0,"2,E",0.0,"1,E",14.0,"1,E",0.0,"1,E",19230406.0,",2,E",19230421.0,",,E",19230411.0,",1,E",1.0,"2,E,06,",13.0,",,E,21,",28.0,"1,E,11,",,,91.5,"1,E",75.9,",,,E",1.5070000000000001,"2,E",2.117,"1,,,E",0.8960000000000001,"2,,,E"
AGE00147712,1923-05-01,36.17,1.34,112.0,"ORLEANSVILLE CHLEF, AG",61.7,E,57.2,",E",7.0,",E",5.0,",E",0.0,",E",0.0,",E",0.0,",E",0.0,",E",28.0,",E",2.0,",E",19230529.0,",,E",19230520.0,",,E",19230507.0,",,E",5.0,",E,29,",24.4,",,E,20,",35.0,",E,07,",,,9.0,",E",58.1,",,,E",1.989,",E",2.7030000000000003,",,,E",1.274,",,,E"
AGE00147712,1923-06-01,36.17,1.34,112.0,"ORLEANSVILLE CHLEF, AG",183.7,E,122.0,"4,E",5.0,"2,E",3.0,"2,E",0.0,"2,E",0.0,"2,E",0.0,"2,E",0.0,"2,E",27.0,"2,E",10.0,"2,E",19230605.0,",2,E",19230629.0,",2,E",19230629.0,"+,2,E",11.0,"2,E,05,",11.5,"2,,E,29,",36.0,"2,E,29,+",,,2.2,"2,E",20.9,"2,,,E",2.282,"4,E",3.036,"2,,,E",1.529,"2,,,E"
AGE00147712,1923-10-01,36.17,1.34,112.0,"ORLEANSVILLE CHLEF, AG",,,101.7,",E",4.0,",E",3.0,",E",0.0,",E",0.0,",E",0.0,",E",0.0,",E",28.0,",E",4.0,",E",19231006.0,",,E",19231030.0,",,E",19231018.0,",,E",7.0,",E,06,",23.0,",,E,30,",34.0,",E,18,",,,11.0,",E",40.0,",,,E",2.1260000000000003,",E",2.848,",,,E",1.403,",,,E"
AGE00147712,1923-11-01,36.17,1.34,112.0,"ORLEANSVILLE CHLEF, AG",,,0.0,",E",13.0,",E",10.0,",E",0.0,",E",0.0,",E",0.0,",E",0.0,",E",3.0,",E",0.0,",E",19231124.0,"+,,E",19231128.0,",,E",19231127.0,",,E",5.0,",E,24,+",15.0,",,E,28,",25.0,",E,27,",,,133.0,",E",74.6,",,,E",1.3900000000000001,",E",1.8030000000000002,",,,E",0.977,",,,E"
AGE00147712,1923-12-01,36.17,1.34,112.0,"ORLEANSVILLE CHLEF, AG",,,0.0,",E",10.0,",E",9.0,",E",0.0,",E",0.0,",E",0.0,",E",0.0,",E",0.0,",E",0.0,",E",19231231.0,"+,,E",19231206.0,",,E",19231204.0,",,E",1.0,",E,31,+",9.0,",,E,06,",16.0,",E,04,",,,316.3,",E",41.0,",,,E",0.8130000000000001,",E",1.2550000000000001,",,,E",0.371,",,,E"
AGE00147712,1924-01-01,36.17,1.34,112.0,"ORLEANSVILLE CHLEF, AG",0.0,E,0.0,",E",10.0,",E",7.0,",E",0.0,",E",0.0,",E",2.0,",E",0.0,",E",0.0,",E",0.0,",E",19240131.0,"+,,E",19240123.0,",,E",19240113.0,",,E",0.0,",E,31,+",17.0,",,E,23,",20.0,",E,13,",,,257.8,",E",56.0,",,,E",1.002,",E",1.435,",,,E",0.568,",,,E"
AGE00147712,1924-02-01,36.17,1.34,112.0,"ORLEANSVILLE CHLEF, AG",0.0,E,0.0,"2,E",12.0,"1,E",9.0,"1,E",0.0,"1,E",0.0,"1,E",4.0,"1,E",0.0,"1,E",0.0,"1,E",0.0,"1,E",19240202.0,",1,E",19240221.0,",1,E",19240217.0,",1,E",-1.0,"1,E,02,",19.0,"1,,E,21,",19.0,"1,E,17,",,,226.0,"1,E",59.0,"1,,,E",0.993,"2,E",1.4140000000000001,"1,,,E",0.571,"1,,,E"
AGE00147712,1924-03-01,36.17,1.34,112.0,"ORLEANSVILLE CHLEF, AG",1.8,E,1.8,",E",13.0,",E",2.0,",E",0.0,",E",0.0,",E",1.0,",E",0.0,",E",8.0,",E",0.0,",E",19240301.0,",,E",19240331.0,",,E",19240326.0,",,E",0.0,",E,01,",21.0,",,E,31,",24.0,",E,26,",,,129.2,",E",37.2,",,,E",1.423,",E",1.9,",,,E",0.945,",,,E"
AGE00147712,1924-04-01,36.17,1.34,112.0,"ORLEANSVILLE CHLEF, AG",31.8,E,30.0,",E",5.0,",E",2.0,",E",0.0,",E",0.0,",E",0.0,",E",0.0,",E",20.0,",E",3.0,",E",19240404.0,",,E",19240401.0,",,E",19240425.0,",,E",4.0,",E,04,",5.0,",,E,01,",35.0,",E,25,",,,71.5,",E",13.4,",,,E",1.6949999999999998,",E",2.427,",,,E",0.9630000000000001,",,,E"
AGE00147712,1924-05-01,36.17,1.34,112.0,"ORLEANSVILLE CHLEF, AG",195.5,E,163.7,"4,E",3.0,"2,E",2.0,"2,E",0.0,"2,E",0.0,"2,E",0.0,"2,E",0.0,"2,E",29.0,"2,E",17.0,"2,E",19240511.0,"+,2,E",19240508.0,",2,E",19240505.0,",2,E",11.0,"2,E,11,+",7.0,"2,,E,08,",42.0,"2,E,05,",,,1.7,"2,E",13.0,"2,,,E",2.4379999999999997,"4,E",3.2590000000000003,"2,,,E",1.6170000000000002,"2,,,E"
AGE00147712,1924-06-01,36.17,1.34,112.0,"ORLEANSVILLE CHLEF, AG",427.2,E,231.7,"2,E",0.0,"1,E",0.0,"1,E",0.0,"1,E",0.0,"1,E",0.0,"1,E",0.0,"1,E",29.0,"1,E",20.0,"1,E",19240622.0,",1,E",19240630.0,"+,1,E",19240611.0,",1,E",12.0,"1,E,22,",0.0,"1,,E,30,+",41.0,"1,E,11,",,,0.0,"1,E",0.0,"1,,,E",2.6399999999999997,"2,E",3.393,"1,,,E",1.886,"1,,,E"
AGE00147712,1924-10-01,36.17,1.34,112.0,"ORLEANSVILLE CHLEF, AG",,,52.0,",E",6.0,",E",2.0,",E",0.0,",E",0.0,",E",0.0,",E",0.0,",E",31.0,",E",0.0,",E",19241031.0,",,E",19241020.0,",,E",19241014.0,",,E",10.0,",E,31,",8.0,",,E,20,",31.0,",E,14,",,,5.3,",E",15.8,",,,E",1.984,",E",2.552,",,,E",1.416,",,,E"
AGE00147712,1924-11-01,36.17,1.34,112.0,"ORLEANSVILLE CHLEF, AG",,,0.0,"2,E",11.0,"1,E",5.0,"1,E",0.0,"1,E",0.0,"1,E",0.0,"1,E",0.0,"1,E",6.0,"1,E",0.0,"1,E",19241130.0,"+,1,E",19241113.0,",1,E",19241104.0,",1,E",5.0,"1,E,30,+",10.0,"1,,E,13,",28.0,"1,E,04,",,,114.3,"1,E",38.4,"1,,,E",1.436,"2,E",1.879,"1,,,E",0.993,"1,,,E"
AGE00147712,1925-02-01,36.17,1.34,112.0,"ORLEANSVILLE CHLEF, AG",,,0.0,"5,E",9.0,"3,E",5.0,"3,E",0.0,"3,E",0.0,"3,E",0.0,"3,E",0.0,"3,E",2.0,"3,E",0.0,"3,E",19250202.0,",3,E",19250223.0,",3,E",19250214.0,"+,3,E",1.0,"3,E,02,",13.0,"3,,E,23,",22.0,"3,E,14,+",,,166.7,"3,E",45.6,"3,,,E",1.098,"5,E",1.6480000000000001,"3,,,E",0.548,"3,,,E"
AGE00147712,1925-03-01,36.17,1.34,112.0,"ORLEANSVILLE CHLEF, AG",,,0.0,",E",18.0,",E",11.0,",E",1.0,",E",0.0,",E",0.0,",E",0.0,",E",0.0,",E",0.0,",E",19250322.0,",,E",19250325.0,",,E",19250309.0,"+,,E",2.0,",E,22,",29.6,",,E,25,",21.0,",E,09,+",,,230.3,",E",98.9,",,,E",1.09,",E",1.526,",,,E",0.655,",,,E"
AGE00147712,1925-04-01,36.17,1.34,112.0,"ORLEANSVILLE CHLEF, AG",,,15.7,",E",8.0,",E",3.0,",E",0.0,",E",0.0,",E",0.0,",E",0.0,",E",15.0,",E",1.0,",E",19250411.0,"+,,E",19250423.0,",,E",19250419.0,",,E",4.0,",E,11,+",14.0,",,E,23,",35.0,",E,19,",,,89.2,",E",30.7,",,,E",1.588,",E",2.237,",,,E",0.9400000000000001,",,,E"
AGE00147712,1925-05-01,36.17,1.34,112.0,"ORLEANSVILLE CHLEF, AG",,,34.7,"2,E",4.0,"1,E",1.0,"1,E",0.0,"1,E",0.0,"1,E",0.0,"1,E",0.0,"1,E",26.0,"1,E",1.0,"1,E",19250512.0,",1,E",19250519.0,",1,E",19250528.0,",1,E",6.0,"1,E,12,",5.0,"1,,E,19,",33.0,"1,E,28,",,,18.3,"1,E",8.4,"1,,,E",1.8719999999999999,"2,E",2.553,"1,,,E",1.19,"1,,,E"
AGE00147712,1925-07-01,36.17,1.34,112.0,"ORLEANSVILLE CHLEF, AG",,,265.0,"1,E",1.0,",E",0.0,",E",0.0,",E",0.0,"1,E",0.0,"1,E",0.0,",E",31.0,",E",23.0,",E",19250705.0,",1,E",19250701.0,",,E",19250729.0,",,E",14.0,"1,E,05,",1.0,",,E,01,",45.0,",E,29,",0.0,E,0.0,",E",1.0,",,,E",2.718,"1,E",3.529,",,,E",1.907,"1,,,E"
AGE00147712,1925-08-01,36.17,1.34,112.0,"ORLEANSVILLE CHLEF, AG",,,,,1.0,"3,E",1.0,"3,E",0.0,"3,E",0.0,"4,E",0.0,"4,E",0.0,"4,E",27.0,"4,E",24.0,"4,E",19250831.0,"+,4,E",19250818.0,",3,E",19250809.0,",4,E",18.0,"4,E,31,+",4.0,"3,,E,18,",46.0,"4,E,09,",,,,,4.0,"3,,,E",3.009,"8,E",3.815,"4,,,E",2.2039999999999997,"4,,,E"
AGE00147712,1925-09-01,36.17,1.34,112.0,"ORLEANSVILLE CHLEF, AG",,,,,4.0,"4,E",2.0,"4,E",1.0,"4,E",0.0,"4,E",0.0,"4,E",0.0,"4,E",25.0,"4,E",12.0,"4,E",19250929.0,"+,4,E",19250926.0,",4,E",19250910.0,",4,E",12.0,"4,E,29,+",27.0,"4,,E,26,",38.0,"4,E,10,",,,,,45.7,"4,,,E",2.4899999999999998,"8,E",3.154,"4,,,E",1.827,"4,,,E"
AGE00147712,1925-10-01,36.17,1.34,112.0,"ORLEANSVILLE CHLEF, AG",,,,,9.0,"4,E",5.0,"4,E",0.0,"4,E",0.0,"4,E",0.0,"4,E",0.0,"4,E",18.0,"4,E",0.0,"4,E",19251028.0,"+,4,E",19251003.0,",4,E",19251021.0,"+,4,E",8.0,"4,E,28,+",15.0,"4,,E,03,",27.0,"4,E,21,+",,,,,54.4,"4,,,E",1.781,"8,E",2.263,"4,,,E",1.3,"4,,,E"
AGE00147712,1925-11-01,36.17,1.34,112.0,"ORLEANSVILLE CHLEF, AG",,,0.2,"4,E",12.0,"2,E",8.0,"2,E",0.0,"2,E",0.0,"2,E",0.0,"2,E",0.0,"2,E",3.0,"2,E",0.0,"2,E",19251114.0,",2,E",19251122.0,"+,2,E",19251128.0,",2,E",4.0,"2,E,14,",10.0,"2,,E,22,+",23.0,"2,E,28,",,,128.3,"2,E",51.3,"2,,,E",1.339,"4,E",1.7289999999999999,"2,,,E",0.95,"2,,,E"
AGE00147712,1926-02-01,36.17,1.34,112.0,"ORLEANSVILLE CHLEF, AG",,,0.0,"3,E",7.0,"2,E",2.0,"2,E",0.0,"2,E",0.0,"2,E",0.0,"2,E",0.0,"2,E",6.0,"2,E",0.0,"2,E",19260221.0,"+,2,E",19260210.0,",2,E",19260205.0,",2,E",5.0,"2,E,21,+",4.0,"2,,E,10,",27.0,"2,E,05,",,,114.8,"2,E",13.0,"2,,,E",1.367,"3,E",1.9579999999999997,"2,,,E",0.7769999999999999,"2,,,E"
AGE00147712,1926-03-01,36.17,1.34,112.0,"ORLEANSVILLE CHLEF, AG",,,1.8,",E",3.0,",E",1.0,",E",0.0,",E",0.0,",E",0.0,",E",0.0,",E",13.0,",E",0.0,",E",19260307.0,"+,,E",19260320.0,",,E",19260318.0,",,E",2.0,",E,07,+",5.0,",,E,20,",29.0,",E,18,",,,131.7,",E",6.5,",,,E",1.415,",E",2.074,",,,E",0.755,",,,E"
AGE00147712,1926-04-01,36.17,1.34,112.0,"ORLEANSVILLE CHLEF, AG",,,11.5,",E",8.0,",E",6.0,",E",0.0,",E",0.0,",E",0.0,",E",0.0,",E",19.0,",E",0.0,",E",19260401.0,",,E",19260423.0,",,E",19260428.0,",,E",7.0,",E,01,",13.0,",,E,23,",31.0,",E,28,",,,41.5,",E",39.4,",,,E",1.7329999999999999,",E",2.337,",,,E",1.1300000000000001,",,,E"
AGE00147712,1926-05-01,36.17,1.34,112.0,"ORLEANSVILLE CHLEF, AG",,,57.5,",E",8.0,",E",2.0,",E",0.0,",E",0.0,",E",0.0,",E",0.0,",E",22.0,",E",4.0,",E",19260520.0,",,E",19260514.0,",,E",19260530.0,",,E",7.0,",E,20,",15.0,",,E,14,",39.0,",E,30,",,,29.3,",E",24.5,",,,E",1.924,",E",2.5940000000000003,",,,E",1.2550000000000001,",,,E"
AGE00147712,1926-07-01,36.17,1.34,112.0,"ORLEANSVILLE CHLEF, AG",,,323.5,"1,E",2.0,"1,E",0.0,"1,E",0.0,"1,E",0.0,",E",0.0,",E",0.0,"1,E",30.0,"1,E",26.0,"1,E",19260715.0,"+,,E",19260705.0,",1,E",19260718.0,",1,E",17.0,",E,15,+",0.4,"1,,E,05,",48.0,"1,E,18,",0.0,E,0.0,"1,E",0.7,"1,,,E",2.918,"1,E",3.7399999999999998,"1,,,E",2.097,",,,E"
AGE00147712,1926-10-01,36.17,1.34,112.0,"ORLEANSVILLE CHLEF, AG",,,128.7,"3,E",5.0,"1,E",1.0,"1,E",0.0,"1,E",0.0,"2,E",0.0,"2,E",0.0,"1,E",27.0,"1,E",6.0,"1,E",19261026.0,"+,2,E",19261025.0,",1,E",19261009.0,",1,E",12.0,"2,E,26,+",3.0,"1,,E,25,",43.0,"1,E,09,",,,2.5,"1,E",10.0,"1,,,E",2.29,"3,E",2.9,"1,,,E",1.6789999999999998,"2,,,E"
AGE00147712,1926-11-01,36.17,1.34,112.0,"ORLEANSVILLE CHLEF, AG",,,1.2,",E",14.0,",E",6.0,",E",0.0,",E",0.0,",E",0.0,",E",0.0,",E",4.0,",E",0.0,",E",19261127.0,",,E",19261101.0,",,E",19261114.0,",,E",3.0,",E,27,",19.0,",,E,01,",24.0,",E,14,",,,138.7,",E",55.1,",,,E",1.375,",E",1.7870000000000001,",,,E",0.9630000000000001,",,,E"
AGE00147712,1927-02-01,36.17,1.34,112.0,"ORLEANSVILLE CHLEF, AG",,,0.0,",E",11.0,",E",6.0,",E",0.0,",E",0.0,",E",0.0,",E",0.0,",E",3.0,",E",0.0,",E",19270221.0,",,E",19270208.0,"+,,E",19270228.0,",,E",1.0,",E,21,",9.0,",,E,08,+",25.0,",E,28,",,,211.8,",E",42.3,",,,E",1.077,",E",1.579,",,,E",0.575,",,,E"
AGE00147712,1927-03-01,36.17,1.34,112.0,"ORLEANSVILLE CHLEF, AG",,,0.7,"4,E",8.0,"2,E",2.0,"2,E",0.0,"2,E",0.0,"2,E",0.0,"2,E",0.0,"2,E",9.0,"2,E",0.0,"2,E",19270314.0,",2,E",19270317.0,",2,E",19270316.0,",2,E",2.0,"2,E,14,",8.0,"2,,E,17,",25.0,"2,E,16,",,,114.2,"2,E",18.8,"2,,,E",1.4140000000000001,"4,E",1.9280000000000002,"2,,,E",0.9,"2,,,E"
AGE00147712,1927-04-01,36.17,1.34,112.0,"ORLEANSVILLE CHLEF, AG",,,29.5,"1,E",0.0,",E",0.0,",E",0.0,",E",0.0,"1,E",0.0,"1,E",0.0,",E",23.0,",E",1.0,",E",19270421.0,"+,1,E",19270430.0,"+,,E",19270428.0,",,E",6.0,"1,E,21,+",0.0,",,E,30,+",34.0,",E,28,",,,50.2,",E",0.0,",,,E",1.7600000000000002,"1,E",2.52,",,,E",1.0,"1,,,E"
AGE00147712,1927-05-01,36.17,1.34,112.0,"ORLEANSVILLE CHLEF, AG",,,111.5,",E",4.0,",E",1.0,",E",0.0,",E",0.0,",E",0.0,",E",0.0,",E",31.0,",E",6.0,",E",19270505.0,",,E",19270516.0,",,E",19270520.0,",,E",9.0,",E,05,",14.0,",,E,16,",36.0,",E,20,",,,6.8,",E",17.9,",,,E",2.1710000000000003,",E",2.852,",,,E",1.49,",,,E"
AGE00147712,1927-10-01,36.17,1.34,112.0,"ORLEANSVILLE CHLEF, AG",,,52.3,"2,E",9.0,"1,E",4.0,"1,E",0.0,"1,E",0.0,"1,E",0.0,"1,E",0.0,"1,E",26.0,"1,E",0.0,"1,E",19271021.0,"+,1,E",19271016.0,",1,E",19271005.0,",1,E",11.0,"1,E,21,+",16.0,"1,,E,16,",32.0,"1,E,05,",,,8.5,"1,E",35.4,"1,,,E",1.985,"2,E",2.54,"1,,,E",1.4300000000000002,"1,,,E"
AGE00147712,1927-11-01,36.17,1.34,112.0,"ORLEANSVILLE CHLEF, AG",,,,,14.0,"4,E",11.0,"4,E",3.0,"4,E",0.0,"4,E",0.0,"4,E",0.0,"4,E",4.0,"4,E",0.0,"4,E",19271118.0,"+,4,E",19271125.0,",4,E",19271109.0,",4,E",4.0,"4,E,18,+",46.0,"4,,E,25,",29.0,"4,E,09,",,,,,210.3,"4,,,E",1.433,"8,E",1.7879999999999998,"4,,,E",1.077,"4,,,E"
AGE00147712,1927-12-01,36.17,1.34,112.0,"ORLEANSVILLE CHLEF, AG",,,0.0,"3,E",13.0,"1,E",9.0,"1,E",1.0,"1,E",0.0,"1,E",0.0,"1,E",0.0,"2,E",1.0,"2,E",0.0,"2,E",19271229.0,",1,E",19271207.0,",1,E",19271223.0,",2,E",2.0,"1,E,29,",27.0,"1,,E,07,",23.0,"2,E,23,",,,180.8,"2,E",93.0,"1,,,E",1.186,"3,E",1.579,"2,,,E",0.7929999999999999,"1,,,E"
AGE00147712,1928-01-01,36.17,1.34,112.0,"ORLEANSVILLE CHLEF, AG",0.0,E,0.0,"3,E",13.0,"1,E",8.0,"1,E",0.0,"1,E",0.0,"2,E",0.0,"2,E",0.0,"1,E",0.0,"1,E",0.0,"1,E",19280129.0,"+,2,E",19280103.0,",1,E",19280118.0,",1,E",3.0,"2,E,29,+",16.0,"1,,E,03,",16.0,"1,E,18,",,,242.3,"1,E",71.2,"1,,,E",0.974,"3,E",1.283,"1,,,E",0.666,"2,,,E"
AGE00147712,1928-02-01,36.17,1.34,112.0,"ORLEANSVILLE CHLEF, AG",0.0,E,0.0,"1,E",9.0,",E",5.0,",E",0.0,",E",0.0,",E",0.0,",E",0.0,"1,E",1.0,"1,E",0.0,"1,E",19280210.0,"+,,E",19280229.0,",,E",19280221.0,",1,E",1.0,",E,10,+",18.0,",,E,29,",22.0,"1,E,21,",,,190.8,"1,E",44.4,",,,E",1.154,"1,E",1.661,"1,,,E",0.648,",,,E"
AGE00147712,1928-03-01,36.17,1.34,112.0,"ORLEANSVILLE CHLEF, AG",0.0,E,0.0,"1,E",13.0,",E",5.0,",E",0.0,",E",0.0,"1,E",0.0,"1,E",0.0,",E",7.0,",E",0.0,",E",19280314.0,",1,E",19280306.0,",,E",19280330.0,",,E",4.0,"1,E,14,",12.0,",,E,06,",28.0,",E,30,",,,132.0,",E",39.0,",,,E",1.402,"1,E",1.906,",,,E",0.897,"1,,,E"
AGE00147712,1928-04-01,36.17,1.34,112.0,"ORLEANSVILLE CHLEF, AG",12.5,E,12.5,",E",7.0,",E",1.0,",E",0.0,",E",0.0,",E",0.0,",E",0.0,",E",17.0,",E",0.0,",E",19280404.0,",,E",19280428.0,",,E",19280425.0,"+,,E",5.0,",E,04,",4.0,",,E,28,",32.0,",E,25,+",,,61.0,",E",11.8,",,,E",1.672,",E",2.2670000000000003,",,,E",1.077,",,,E"
AGE00147712,1928-05-01,36.17,1.34,112.0,"ORLEANSVILLE CHLEF, AG",60.0,E,47.5,"2,E",5.0,"1,E",3.0,"1,E",1.0,"1,E",0.0,"1,E",0.0,"1,E",0.0,"1,E",22.0,"1,E",2.0,"1,E",19280521.0,",1,E",19280517.0,",1,E",19280527.0,",1,E",8.0,"1,E,21,",32.0,"1,,E,17,",35.0,"1,E,27,",,,25.2,"1,E",50.6,"1,,,E",1.907,"2,E",2.553,"1,,,E",1.26,"1,,,E"
AGE00147712,1928-10-01,36.17,1.34,112.0,"ORLEANSVILLE CHLEF, AG",,,62.3,"1,E",10.0,",E",9.0,",E",1.0,",E",0.0,"1,E",0.0,"1,E",0.0,",E",22.0,",E",1.0,",E",19281029.0,",1,E",19281030.0,",,E",19281006.0,",,E",10.0,"1,E,29,",40.0,",,E,30,",37.0,",E,06,",,,23.3,",E",98.5,",,,E",1.975,"1,E",2.519,",,,E",1.4300000000000002,"1,,,E"
AGE00147712,1928-12-01,36.17,1.34,112.0,"ORLEANSVILLE CHLEF, AG",,,,,11.0,"3,E",7.0,"3,E",0.0,"3,E",0.0,"4,E",0.0,"4,E",0.0,"4,E",0.0,"4,E",0.0,"4,E",19281228.0,"+,4,E",19281210.0,",3,E",19281215.0,"+,4,E",1.0,"4,E,28,+",18.0,"3,,E,10,",18.0,"4,E,15,+",,,,,57.5,"3,,,E",0.954,"8,E",1.378,"4,,,E",0.53,"4,,,E"
AGE00147712,1929-01-01,36.17,1.34,112.0,"ORLEANSVILLE CHLEF, AG",,,,,10.0,"4,E",6.0,"4,E",0.0,"4,E",0.0,"4,E",1.0,"4,E",0.0,"4,E",0.0,"4,E",0.0,"4,E",19290105.0,",4,E",19290101.0,",4,E",19290131.0,"+,4,E",0.0,"4,E,05,",16.0,"4,,E,01,",17.0,"4,E,31,+",,,,,57.1,"4,,,E",0.885,"8,E",1.296,"4,,,E",0.47400000000000003,"4,,,E"
AGE00147712,1929-02-01,36.17,1.34,112.0,"ORLEANSVILLE CHLEF, AG",,,0.0,"1,E",15.0,",E",11.0,",E",0.0,",E",0.0,"1,E",0.0,"1,E",0.0,",E",0.0,",E",0.0,",E",19290218.0,"+,1,E",19290204.0,",,E",19290224.0,",,E",3.0,"1,E,18,+",12.0,",,E,04,",21.0,",E,24,",,,187.5,",E",58.3,",,,E",1.139,"1,E",1.568,",,,E",0.7110000000000001,"1,,,E"
AGE00147712,1929-05-01,36.17,1.34,112.0,"ORLEANSVILLE CHLEF, AG",,,72.8,",E",5.0,",E",3.0,",E",1.0,",E",0.0,",E",0.0,",E",0.0,",E",27.0,",E",4.0,",E",19290502.0,",,E",19290524.0,",,E",19290529.0,",,E",5.0,",E,02,",32.0,",,E,24,",37.0,",E,29,",,,22.2,",E",55.5,",,,E",1.9969999999999999,",E",2.677,",,,E",1.316,",,,E"
AGE00147712,1929-07-01,36.17,1.34,112.0,"ORLEANSVILLE CHLEF, AG",,,346.2,",E",0.0,",E",0.0,",E",0.0,",E",0.0,",E",0.0,",E",0.0,",E",31.0,",E",30.0,",E",19290712.0,",,E",19290731.0,"+,,E",19290705.0,",,E",17.0,",E,12,",0.0,",,E,31,+",43.0,",E,05,",0.0,E,0.0,",E",0.0,",,,E",2.95,",E",3.742,",,,E",2.158,",,,E"
AGE00147712,1929-08-01,36.17,1.34,112.0,"ORLEANSVILLE CHLEF, AG",,,272.2,"3,E",0.0,"2,E",0.0,"2,E",0.0,"2,E",0.0,"2,E",0.0,"2,E",0.0,"2,E",29.0,"2,E",24.0,"2,E",19290810.0,",2,E",19290831.0,"+,2,E",19290807.0,",2,E",15.0,"2,E,10,",0.0,"2,,E,31,+",42.0,"2,E,07,",0.0,E,0.0,"2,E",0.0,"2,,,E",2.805,"3,E",3.586,"2,,,E",2.024,"2,,,E"
AGE00147712,1929-10-01,36.17,1.34,112.0,"ORLEANSVILLE CHLEF, AG",,,28.0,"1,E",8.0,",E",3.0,",E",0.0,",E",0.0,"1,E",0.0,"1,E",0.0,",E",24.0,",E",0.0,",E",19291023.0,",1,E",19291005.0,",,E",19291004.0,",,E",4.0,"1,E,23,",8.0,",,E,05,",31.0,",E,04,",,,35.5,",E",21.5,",,,E",1.816,"1,E",2.419,",,,E",1.213,"1,,,E"
AGE00147712,1929-11-01,36.17,1.34,112.0,"ORLEANSVILLE CHLEF, AG",,,0.0,"3,E",10.0,"2,E",8.0,"2,E",1.0,"2,E",0.0,"2,E",0.0,"2,E",0.0,"2,E",1.0,"2,E",0.0,"2,E",19291129.0,",2,E",19291109.0,",2,E",19291125.0,",2,E",4.0,"2,E,29,",30.0,"2,,E,09,",22.0,"2,E,25,",,,144.0,"2,E",71.0,"2,,,E",1.2890000000000001,"3,E",1.7289999999999999,"2,,,E",0.85,"2,,,E"
AGE00147712,1929-12-01,36.17,1.34,112.0,"ORLEANSVILLE CHLEF, AG",,,0.0,"2,E",7.0,"1,E",5.0,"1,E",0.0,"1,E",0.0,"1,E",0.0,"1,E",0.0,"1,E",0.0,"1,E",0.0,"1,E",19291219.0,"+,1,E",19291231.0,",1,E",19291224.0,"+,1,E",1.0,"1,E,19,+",16.0,"1,,E,31,",20.0,"1,E,24,+",,,209.2,"1,E",39.0,"1,,,E",1.123,"2,E",1.6170000000000002,"1,,,E",0.63,"1,,,E"
AGE00147712,1930-01-01,36.17,1.34,112.0,"ORLEANSVILLE CHLEF, AG",0.0,E,0.0,"2,E",15.0,"1,E",8.0,"1,E",0.0,"1,E",0.0,"1,E",0.0,"1,E",0.0,"1,E",0.0,"1,E",0.0,"1,E",19300108.0,",1,E",19300127.0,",1,E",19300114.0,",1,E",3.0,"1,E,08,",18.0,"1,,E,27,",21.0,"1,E,14,",,,220.2,"1,E",73.4,"1,,,E",1.0779999999999998,"2,E",1.473,"1,,,E",0.683,"1,,,E"
AGE00147712,1930-02-01,36.17,1.34,112.0,"ORLEANSVILLE CHLEF, AG",0.0,E,0.0,",E",11.0,",E",8.0,",E",0.0,",E",0.0,",E",1.0,",E",0.0,",E",0.0,",E",0.0,",E",19300221.0,",,E",19300205.0,",,E",19300226.0,"+,,E",0.0,",E,21,",22.0,",,E,05,",19.0,",E,26,+",,,244.3,",E",88.4,",,,E",0.961,",E",1.3820000000000001,",,,E",0.5389999999999999,",,,E"
AGE00147712,1930-03-01,36.17,1.34,112.0,"ORLEANSVILLE CHLEF, AG",0.0,E,0.0,"2,E",5.0,"1,E",2.0,"1,E",0.0,"1,E",0.0,"1,E",0.0,"1,E",0.0,"1,E",11.0,"1,E",0.0,"1,E",19300329.0,",1,E",19300325.0,",1,E",19300321.0,",1,E",3.0,"1,E,29,",10.0,"1,,E,25,",28.0,"1,E,21,",,,120.7,"1,E",18.7,"1,,,E",1.413,"2,E",2.053,"1,,,E",0.773,"1,,,E"
AGE00147712,1930-04-01,36.17,1.34,112.0,"ORLEANSVILLE CHLEF, AG",9.5,E,9.5,",E",13.0,",E",7.0,",E",0.0,",E",0.0,",E",0.0,",E",0.0,",E",9.0,",E",0.0,",E",19300418.0,"+,,E",19300407.0,",,E",19300401.0,",,E",4.0,",E,18,+",18.0,",,E,07,",31.0,",E,01,",,,112.5,",E",62.5,",,,E",1.49,",E",2.037,",,,E",0.943,",,,E"
AGE00147712,1930-05-01,36.17,1.34,112.0,"ORLEANSVILLE CHLEF, AG",86.0,E,76.5,",E",4.0,",E",4.0,",E",1.0,",E",0.0,",E",0.0,",E",0.0,",E",30.0,",E",5.0,",E",19300509.0,",,E",19300524.0,",,E",19300521.0,",,E",7.0,",E,09,",36.0,",,E,24,",37.0,",E,21,",,,8.8,",E",56.2,",,,E",2.052,",E",2.79,",,,E",1.3130000000000002,",,,E"
AGE00147712,1930-08-01,36.17,1.34,112.0,"ORLEANSVILLE CHLEF, AG",,,,,0.0,"5,E",0.0,"5,E",0.0,"5,E",0.0,"5,E",0.0,"5,E",0.0,"5,E",26.0,"5,E",26.0,"5,E",19300804.0,",5,E",19300831.0,"+,5,E",19300829.0,"+,5,E",18.0,"5,E,04,",0.0,"5,,E,31,+",42.0,"5,E,29,+",,,,,0.0,"5,,,E",3.013,"8,E",3.8810000000000002,"5,,,E",2.146,"5,,,E"
AGE00147712,1930-09-01,36.17,1.34,112.0,"ORLEANSVILLE CHLEF, AG",,,202.5,",E",1.0,",E",1.0,",E",0.0,",E",0.0,",E",0.0,",E",0.0,",E",29.0,",E",16.0,",E",19300917.0,",,E",19300912.0,",,E",19300908.0,",,E",13.0,",E,17,",10.0,",,E,12,",39.0,",E,08,",,,0.0,",E",10.1,",,,E",2.508,",E",3.257,",,,E",1.7600000000000002,",,,E"
AGE00147712,1930-10-01,36.17,1.34,112.0,"ORLEANSVILLE CHLEF, AG",,,101.2,"2,E",1.0,"1,E",0.0,"1,E",0.0,"1,E",0.0,"1,E",0.0,"1,E",0.0,"1,E",27.0,"1,E",7.0,"1,E",19301027.0,",1,E",19301018.0,",1,E",19301011.0,"+,1,E",8.0,"1,E,27,",2.0,"1,,E,18,",35.0,"1,E,11,+",,,15.8,"1,E",2.0,"1,,,E",2.138,"2,E",2.823,"1,,,E",1.4529999999999998,"1,,,E"
AGE00147712,1930-12-01,36.17,1.34,112.0,"ORLEANSVILLE CHLEF, AG",,,,,8.0,"3,E",7.0,"3,E",0.0,"3,E",0.0,"3,E",0.0,"3,E",0.0,"4,E",1.0,"4,E",0.0,"4,E",19301227.0,",3,E",19301220.0,",3,E",19301201.0,",4,E",3.0,"3,E,27,",24.0,"3,,E,20,",23.0,"4,E,01,",,,,,88.6,"3,,,E",1.25,"5,E",1.6149999999999998,"4,,,E",0.8859999999999999,"3,,,E"
AGE00147712,1931-01-01,36.17,1.34,112.0,"ORLEANSVILLE CHLEF, AG",0.0,E,0.0,",E",11.0,",E",6.0,",E",1.0,",E",0.0,",E",0.0,",E",0.0,",E",0.0,",E",0.0,",E",19310117.0,"+,,E",19310107.0,",,E",19310102.0,",,E",1.0,",E,17,+",32.0,",,E,07,",19.0,",E,02,",,,258.3,",E",106.9,",,,E",1.0,",E",1.374,",,,E",0.626,",,,E"
AGE00147712,1931-02-01,36.17,1.34,112.0,"ORLEANSVILLE CHLEF, AG",0.0,E,0.0,",E",11.0,",E",10.0,",E",0.0,",E",0.0,",E",0.0,",E",0.0,",E",0.0,",E",0.0,",E",19310216.0,",,E",19310204.0,",,E",19310228.0,"+,,E",1.0,",E,16,",20.0,",,E,04,",17.0,",E,28,+",,,251.3,",E",88.0,",,,E",0.9359999999999999,",E",1.371,",,,E",0.5,",,,E"
AGE00147712,1931-03-01,36.17,1.34,112.0,"ORLEANSVILLE CHLEF, AG",3.3,E,3.3,"1,E",6.0,"1,E",4.0,"1,E",0.0,"1,E",0.0,",E",0.0,",E",0.0,"1,E",13.0,"1,E",0.0,"1,E",19310322.0,",,E",19310312.0,",1,E",19310319.0,",1,E",2.0,",E,22,",11.0,"1,,E,12,",27.0,"1,E,19,",,,93.3,"1,E",31.1,"1,,,E",1.532,"1,E",2.067,"1,,,E",0.9970000000000001,",,,E"
AGE00147712,1931-04-01,36.17,1.34,112.0,"ORLEANSVILLE CHLEF, AG",13.8,E,10.5,"1,E",4.0,",E",1.0,",E",0.0,",E",0.0,"1,E",0.0,"1,E",0.0,",E",22.0,",E",0.0,",E",19310421.0,",1,E",19310420.0,",,E",19310430.0,",,E",5.0,"1,E,21,",8.0,",,E,20,",30.0,",E,30,",,,40.7,",E",11.2,",,,E",1.732,"1,E",2.353,",,,E",1.1099999999999999,"1,,,E"
AGE00147712,1931-05-01,36.17,1.34,112.0,"ORLEANSVILLE CHLEF, AG",113.6,E,99.8,",E",4.0,",E",1.0,",E",0.0,",E",0.0,",E",0.0,",E",0.0,",E",28.0,",E",4.0,",E",19310505.0,",,E",19310504.0,",,E",19310523.0,",,E",7.0,",E,05,",3.0,",,E,04,",41.0,",E,23,",,,14.2,",E",6.5,",,,E",2.1100000000000003,",E",2.81,",,,E",1.41,",,,E"
AGE00147712,1931-06-01,36.17,1.34,112.0,"ORLEANSVILLE CHLEF, AG",427.6,E,314.0,",E",5.0,",E",0.0,",E",0.0,",E",0.0,",E",0.0,",E",0.0,",E",30.0,",E",22.0,",E",19310601.0,",,E",19310603.0,"+,,E",19310628.0,"+,,E",15.0,",E,01,",1.0,",,E,03,+",43.0,",E,28,+",,,0.0,",E",3.4,",,,E",2.88,",E",3.687,",,,E",2.073,",,,E"
AGE00147712,1931-10-01,36.17,1.34,112.0,"ORLEANSVILLE CHLEF, AG",,,55.3,"5,E",3.0,"2,E",2.0,"2,E",0.0,"2,E",0.0,"4,E",0.0,"4,E",0.0,"2,E",25.0,"2,E",1.0,"2,E",19311031.0,"+,4,E",19311002.0,",2,E",19311006.0,",2,E",8.0,"4,E,31,+",7.0,"2,,E,02,",33.0,"2,E,06,",,,20.0,"2,E",14.3,"2,,,E",1.9829999999999999,"5,E",2.555,"2,,,E",1.411,"4,,,E"
AGE00147712,1931-12-01,36.17,1.34,112.0,"ORLEANSVILLE CHLEF, AG",,,0.0,"4,E",13.0,"2,E",5.0,"2,E",1.0,"2,E",0.0,"2,E",0.0,"2,E",0.0,"2,E",1.0,"2,E",0.0,"2,E",19311219.0,"+,2,E",19311230.0,",2,E",19311206.0,",2,E",1.0,"2,E,19,+",29.4,"2,,E,30,",22.0,"2,E,06,",,,256.5,"2,E",78.1,"2,,,E",0.876,"4,E",1.276,"2,,,E",0.476,"2,,,E"
AGE00147712,1932-01-01,36.17,1.34,112.0,"ORLEANSVILLE CHLEF, AG",,,,,1.0,"2,E",1.0,"2,E",0.0,"2,E",0.0,"2,E",0.0,"2,E",0.0,"2,E",0.0,"2,E",0.0,"2,E",19320103.0,"+,2,E",19320111.0,",2,E",19320128.0,"+,2,E",1.0,"2,E,03,+",15.0,"2,,E,11,",16.0,"2,E,28,+",,,,,15.0,"2,,,E",0.907,"4,E",1.366,"2,,,E",0.44800000000000006,"2,,,E"
AGE00147712,1932-02-01,36.17,1.34,112.0,"ORLEANSVILLE CHLEF, AG",,,0.0,",E",13.0,",E",9.0,",E",0.0,",E",0.0,",E",1.0,",E",0.0,",E",0.0,",E",0.0,",E",19320216.0,",,E",19320227.0,",,E",19320229.0,"+,,E",0.0,",E,16,",21.3,",,E,27,",17.0,",E,29,+",,,269.2,",E",90.2,",,,E",0.905,",E",1.393,",,,E",0.417,",,,E"
AGE00147712,1932-03-01,36.17,1.34,112.0,"ORLEANSVILLE CHLEF, AG",,,,,3.0,"3,E",3.0,"3,E",0.0,"3,E",0.0,"3,E",0.0,"3,E",0.0,"3,E",12.0,"3,E",0.0,"3,E",19320321.0,"+,3,E",19320318.0,",3,E",19320330.0,"+,3,E",4.0,"3,E,21,+",11.4,"3,,E,18,",28.0,"3,E,30,+",,,,,26.3,"3,,,E",1.405,"4,E",2.054,"3,,,E",0.757,"3,,,E"
AGE00147712,1932-04-01,36.17,1.34,112.0,"ORLEANSVILLE CHLEF, AG",,,2.7,"2,E",4.0,"1,E",4.0,"1,E",1.0,"1,E",0.0,"1,E",0.0,"1,E",0.0,"1,E",15.0,"1,E",0.0,"1,E",19320414.0,",1,E",19320423.0,",1,E",19320410.0,",1,E",3.0,"1,E,14,",34.0,"1,,E,23,",28.0,"1,E,10,",,,90.5,"1,E",51.9,"1,,,E",1.524,"2,E",2.179,"1,,,E",0.869,"1,,,E"
AGE00147712,1932-05-01,36.17,1.34,112.0,"ORLEANSVILLE CHLEF, AG",,,81.7,",E",2.0,",E",1.0,",E",0.0,",E",0.0,",E",0.0,",E",0.0,",E",31.0,",E",3.0,",E",19320509.0,",,E",19320516.0,",,E",19320520.0,",,E",8.0,",E,09,",7.0,",,E,16,",37.0,",E,20,",,,6.5,",E",8.5,",,,E",2.076,",E",2.79,",,,E",1.361,",,,E"
AGE00147712,1932-06-01,36.17,1.34,112.0,"ORLEANSVILLE CHLEF, AG",,,,,3.0,"5,E",0.0,"5,E",0.0,"5,E",0.0,"5,E",0.0,"5,E",0.0,"5,E",24.0,"5,E",11.0,"5,E",19320607.0,",5,E",19320614.0,",5,E",19320610.0,",5,E",13.0,"5,E,07,",2.0,"5,,E,14,",40.0,"5,E,10,",,,,,3.3,"5,,,E",2.4539999999999997,"8,E",3.184,"5,,,E",1.7239999999999998,"5,,,E"
AGE00147712,1933-02-01,36.17,1.34,112.0,"ORLEANSVILLE CHLEF, AG",,,,,5.0,"3,E",3.0,"3,E",0.0,"3,E",0.0,"3,E",0.0,"3,E",0.0,"3,E",2.0,"3,E",0.0,"3,E",19330224.0,"+,3,E",19330219.0,",3,E",19330214.0,"+,3,E",1.0,"3,E,24,+",12.7,"3,,E,19,",22.0,"3,E,14,+",,,,,23.2,"3,,,E",1.098,"6,E",1.6039999999999999,"3,,,E",0.592,"3,,,E"
AGE00147712,1933-04-01,36.17,1.34,112.0,"ORLEANSVILLE CHLEF, AG",,,,,3.0,"3,E",1.0,"3,E",0.0,"3,E",0.0,"3,E",0.0,"3,E",0.0,"3,E",22.0,"3,E",1.0,"3,E",19330405.0,"+,3,E",19330415.0,",3,E",19330430.0,",3,E",6.0,"3,E,05,+",15.7,"3,,E,15,",34.0,"3,E,30,",,,,,16.8,"3,,,E",1.746,"6,E",2.459,"3,,,E",1.033,"3,,,E"
AGE00147712,1933-05-01,36.17,1.34,112.0,"ORLEANSVILLE CHLEF, AG",,,126.0,"4,E",0.0,"2,E",0.0,"2,E",0.0,"2,E",0.0,"2,E",0.0,"2,E",0.0,"2,E",29.0,"2,E",10.0,"2,E",19330508.0,"+,2,E",19330531.0,"+,2,E",19330516.0,",2,E",12.0,"2,E,08,+",0.0,"2,,E,31,+",36.0,"2,E,16,",,,0.0,"2,E",0.0,"2,,,E",2.295,"4,E",3.0170000000000003,"2,,,E",1.572,"2,,,E"
AGE00147712,1933-07-01,36.17,1.34,112.0,"ORLEANSVILLE CHLEF, AG",,,318.5,"4,E",1.0,"2,E",1.0,"2,E",0.0,"2,E",0.0,"2,E",0.0,"2,E",0.0,"2,E",29.0,"2,E",26.0,"2,E",19330703.0,",2,E",19330729.0,",2,E",19330720.0,",2,E",15.0,"2,E,03,",5.2,"2,,E,29,",44.0,"2,E,20,",0.0,E,0.0,"2,E",5.2,"2,,,E",3.0140000000000002,"4,E",3.8619999999999997,"2,,,E",2.166,"2,,,E"
AGE00147712,1933-08-01,36.17,1.34,112.0,"ORLEANSVILLE CHLEF, AG",,,,,0.0,"3,E",0.0,"3,E",0.0,"3,E",0.0,"3,E",0.0,"3,E",0.0,"3,E",28.0,"3,E",27.0,"3,E",19330831.0,"+,3,E",19330831.0,"+,3,E",19330825.0,",3,E",19.0,"3,E,31,+",0.0,"3,,E,31,+",45.0,"3,E,25,",,,,,0.0,"3,,,E",3.0629999999999997,"6,E",3.918,"3,,,E",2.207,"3,,,E"
AGE00147712,1933-09-01,36.17,1.34,112.0,"ORLEANSVILLE CHLEF, AG",,,,,6.0,"5,E",5.0,"5,E",0.0,"5,E",0.0,"5,E",0.0,"5,E",0.0,"5,E",25.0,"5,E",13.0,"5,E",19330928.0,"+,5,E",19330907.0,",5,E",19330913.0,",5,E",14.0,"5,E,28,+",9.7,"5,,E,07,",40.0,"5,E,13,",,,,,31.0,"5,,,E",2.6260000000000003,"0,E",3.276,"5,,,E",1.9760000000000002,"5,,,E"
AGE00147712,1933-11-01,36.17,1.34,112.0,"ORLEANSVILLE CHLEF, AG",,,0.0,"3,E",19.0,"1,E",11.0,"1,E",0.0,"1,E",0.0,"2,E",0.0,"2,E",0.0,"1,E",2.0,"1,E",0.0,"1,E",19331107.0,",2,E",19331125.0,",1,E",19331118.0,",1,E",5.0,"2,E,07,",16.5,"1,,E,25,",24.0,"1,E,18,",,,147.5,"1,E",89.4,"1,,,E",1.286,"3,E",1.69,"1,,,E",0.882,"2,,,E"
AGE00147712,1934-03-01,36.17,1.34,112.0,"ORLEANSVILLE CHLEF, AG",,,0.0,"3,E",13.0,"1,E",11.0,"1,E",1.0,"1,E",0.0,"2,E",1.0,"2,E",0.0,"1,E",1.0,"1,E",0.0,"1,E",19340303.0,",2,E",19340316.0,",1,E",19340320.0,",1,E",0.0,"2,E,03,",27.2,"1,,E,16,",22.0,"1,E,20,",,,199.3,"1,E",104.3,"1,,,E",1.103,"3,E",1.5230000000000001,"1,,,E",0.683,"2,,,E"
AGE00147712,1934-04-01,36.17,1.34,112.0,"ORLEANSVILLE CHLEF, AG",,,7.2,"3,E",9.0,"2,E",3.0,"2,E",0.0,"2,E",0.0,"1,E",0.0,"1,E",0.0,"2,E",14.0,"2,E",0.0,"2,E",19340425.0,"+,1,E",19340404.0,",2,E",19340416.0,"+,2,E",7.0,"1,E,25,+",5.7,"2,,E,04,",30.0,"2,E,16,+",,,75.7,"2,E",19.5,"2,,,E",1.577,"3,E",2.164,"2,,,E",0.99,"1,,,E"
AGE00147712,1934-05-01,36.17,1.34,112.0,"ORLEANSVILLE CHLEF, AG",,,,,5.0,"4,E",3.0,"4,E",2.0,"4,E",0.0,"5,E",0.0,"5,E",0.0,"4,E",19.0,"4,E",5.0,"4,E",19340505.0,",5,E",19340519.0,",4,E",19340531.0,",4,E",9.0,"5,E,05,",45.0,"4,,E,19,",35.0,"4,E,31,",,,,,93.3,"4,,,E",1.9809999999999999,"8,E",2.596,"4,,,E",1.365,"5,,,E"
AGE00147712,1934-07-01,36.17,1.34,112.0,"ORLEANSVILLE CHLEF, AG",,,,,0.0,"4,E",0.0,"4,E",0.0,"4,E",0.0,"5,E",0.0,"5,E",0.0,"4,E",27.0,"4,E",27.0,"4,E",19340702.0,",5,E",19340731.0,"+,4,E",19340729.0,"+,4,E",16.0,"5,E,02,",0.0,"4,,E,31,+",45.0,"4,E,29,+",,,,,0.0,"4,,,E",3.101,"9,E",3.967,"4,,,E",2.2350000000000003,"5,,,E"
AGE00147712,1934-08-01,36.17,1.34,112.0,"ORLEANSVILLE CHLEF, AG",,,,,2.0,"3,E",1.0,"3,E",0.0,"3,E",0.0,"3,E",0.0,"3,E",0.0,"3,E",28.0,"3,E",21.0,"3,E",19340829.0,",3,E",19340817.0,",3,E",19340816.0,",3,E",16.0,"3,E,29,",3.0,"3,,E,17,",41.0,"3,E,16,",,,,,5.0,"3,,,E",2.789,"6,E",3.532,"3,,,E",2.0460000000000003,"3,,,E"
AGE00147712,1934-10-01,36.17,1.34,112.0,"ORLEANSVILLE CHLEF, AG",,,37.2,"5,E",4.0,"2,E",2.0,"2,E",1.0,"2,E",0.0,"3,E",0.0,"3,E",0.0,"2,E",24.0,"2,E",0.0,"2,E",19341025.0,"+,3,E",19341019.0,",2,E",19341001.0,",2,E",9.0,"3,E,25,+",32.6,"2,,E,19,",30.0,"2,E,01,",,,24.3,"2,E",40.7,"2,,,E",1.8800000000000001,"5,E",2.424,"2,,,E",1.3359999999999999,"3,,,E"
AGE00147712,1935-01-01,36.17,1.34,112.0,"ORLEANSVILLE CHLEF, AG",,,,,8.0,"4,E",3.0,"4,E",0.0,"4,E",0.0,"5,E",1.0,"5,E",0.0,"4,E",0.0,"4,E",0.0,"4,E",19350131.0,",5,E",19350124.0,",4,E",19350109.0,",4,E",0.0,"5,E,31,",14.2,"4,,E,24,",18.0,"4,E,09,",,,,,35.2,"4,,,E",0.818,"9,E",1.244,"4,,,E",0.392,"5,,,E"
AGE00147712,1935-03-01,36.17,1.34,112.0,"ORLEANSVILLE CHLEF, AG",,,,,6.0,"2,E",4.0,"2,E",0.0,"2,E",0.0,"3,E",0.0,"3,E",0.0,"3,E",9.0,"3,E",0.0,"3,E",19350314.0,",3,E",19350316.0,",2,E",19350329.0,",3,E",3.0,"3,E,14,",12.0,"2,,E,16,",25.0,"3,E,29,",,,,,37.8,"2,,,E",1.377,"6,E",1.954,"3,,,E",0.8,"3,,,E"
AGE00147712,1935-04-01,36.17,1.34,112.0,"ORLEANSVILLE CHLEF, AG",,,,,1.0,"5,E",1.0,"5,E",0.0,"5,E",0.0,"5,E",0.0,"5,E",0.0,"5,E",16.0,"5,E",0.0,"5,E",19350406.0,",5,E",19350428.0,",5,E",19350416.0,",5,E",4.0,"5,E,06,",13.6,"5,,E,28,",32.0,"5,E,16,",,,,,13.6,"5,,,E",1.6420000000000001,"9,E",2.34,"5,,,E",0.944,"5,,,E"
AGE00147712,1935-07-01,36.17,1.34,112.0,"ORLEANSVILLE CHLEF, AG",,,330.5,"4,E",0.0,"2,E",0.0,"2,E",0.0,"2,E",0.0,"2,E",0.0,"2,E",0.0,"2,E",29.0,"2,E",28.0,"2,E",19350713.0,"+,2,E",19350731.0,"+,2,E",19350724.0,"+,2,E",18.0,"2,E,13,+",0.0,"2,,E,31,+",44.0,"2,E,24,+",0.0,E,0.0,"2,E",0.0,"2,,,E",3.071,"4,E",3.914,"2,,,E",2.228,"2,,,E"
AGE00147712,1935-08-01,36.17,1.34,112.0,"ORLEANSVILLE CHLEF, AG",,,334.3,"2,E",0.0,",E",0.0,",E",0.0,",E",0.0,"2,E",0.0,"2,E",0.0,",E",31.0,",E",31.0,",E",19350830.0,"+,2,E",19350831.0,"+,,E",19350807.0,",,E",17.0,"2,E,30,+",0.0,",,E,31,+",45.0,",E,07,",0.0,E,0.0,",E",0.0,",,,E",3.0,"2,E",3.761,",,,E",2.238,"2,,,E"
AGE00147712,1935-09-01,36.17,1.34,112.0,"ORLEANSVILLE CHLEF, AG",,,248.2,"2,E",1.0,"2,E",0.0,"2,E",0.0,"2,E",0.0,"1,E",0.0,"1,E",0.0,"2,E",28.0,"2,E",20.0,"2,E",19350922.0,",1,E",19350912.0,",2,E",19350901.0,",2,E",16.0,"1,E,22,",1.0,"2,,E,12,",43.0,"2,E,01,",0.0,E,0.0,"2,E",1.0,"2,,,E",2.7199999999999998,"2,E",3.4859999999999998,"2,,,E",1.955,"1,,,E"
AGE00147712,1935-10-01,36.17,1.34,112.0,"ORLEANSVILLE CHLEF, AG",,,,,9.0,"2,E",6.0,"2,E",0.0,"2,E",0.0,"5,E",0.0,"5,E",0.0,"3,E",18.0,"3,E",0.0,"3,E",19351023.0,",5,E",19351004.0,",2,E",19351003.0,"+,3,E",4.0,"5,E,23,",16.4,"2,,E,04,",32.0,"3,E,03,+",,,,,70.9,"2,,,E",1.834,"6,E",2.325,"3,,,E",1.342,"5,,,E"
AGE00147712,1935-11-01,36.17,1.34,112.0,"ORLEANSVILLE CHLEF, AG",,,0.0,"2,E",8.0,"1,E",3.0,"1,E",0.0,"1,E",0.0,"1,E",0.0,"1,E",0.0,"1,E",4.0,"1,E",0.0,"1,E",19351129.0,",1,E",19351117.0,",1,E",19351103.0,"+,1,E",4.0,"1,E,29,",9.0,"1,,E,17,",24.0,"1,E,03,+",,,121.8,"1,E",22.3,"1,,,E",1.405,"2,E",1.862,"1,,,E",0.9480000000000001,"1,,,E"
AGE00147712,1935-12-01,36.17,1.34,112.0,"ORLEANSVILLE CHLEF, AG",,,0.0,"4,E",5.0,"2,E",4.0,"2,E",0.0,"2,E",0.0,"2,E",1.0,"2,E",0.0,"2,E",0.0,"2,E",0.0,"2,E",19351212.0,",2,E",19351229.0,",2,E",19351228.0,",2,E",0.0,"2,E,12,",11.0,"2,,E,29,",21.0,"2,E,28,",,,179.0,"2,E",26.1,"2,,,E",1.19,"4,E",1.59,"2,,,E",0.79,"2,,,E"
AGE00147712,1936-01-01,36.17,1.34,112.0,"ORLEANSVILLE CHLEF, AG",0.0,E,0.0,"2,E",6.0,"1,E",3.0,"1,E",1.0,"1,E",0.0,"2,E",0.0,"2,E",0.0,"2,E",1.0,"2,E",0.0,"2,E",19360116.0,"+,2,E",19360126.0,",1,E",19360124.0,",2,E",3.0,"2,E,16,+",39.3,"1,,E,26,",23.0,"2,E,24,",,,177.7,"2,E",51.2,"1,,,E",1.221,"2,E",1.7280000000000002,"2,,,E",0.714,"2,,,E"
AGE00147712,1936-02-01,36.17,1.34,112.0,"ORLEANSVILLE CHLEF, AG",,,,,10.0,"4,E",8.0,"4,E",1.0,"4,E",0.0,"3,E",0.0,"3,E",0.0,"4,E",6.0,"4,E",0.0,"4,E",19360207.0,",3,E",19360226.0,",4,E",19360221.0,"+,4,E",3.0,"3,E,07,",32.0,"4,,E,26,",26.0,"4,E,21,+",,,,,124.7,"4,,,E",1.292,"5,E",1.784,"4,,,E",0.8,"3,,,E"
AGE00147712,1936-06-01,36.17,1.34,112.0,"ORLEANSVILLE CHLEF, AG",,,,,4.0,"5,E",3.0,"5,E",0.0,"5,E",0.0,"5,E",0.0,"5,E",0.0,"5,E",25.0,"5,E",8.0,"5,E",19360606.0,",5,E",19360616.0,"+,5,E",19360628.0,",5,E",10.0,"5,E,06,",6.0,"5,,E,16,+",38.0,"5,E,28,",,,,,17.7,"5,,,E",2.282,"9,E",2.992,"5,,,E",1.572,"5,,,E"
AGE00147712,1937-05-01,36.17,1.34,112.0,"ORLEANSVILLE CHLEF, AG",,,72.8,"2,E",5.0,"1,E",4.0,"1,E",0.0,"1,E",0.0,"1,E",0.0,"1,E",0.0,"1,E",26.0,"1,E",7.0,"1,E",19370507.0,",1,E",19370519.0,",1,E",19370531.0,"+,1,E",9.0,"1,E,07,",16.0,"1,,E,19,",36.0,"1,E,31,+",,,12.0,"1,E",32.0,"1,,,E",2.06,"2,E",2.807,"1,,,E",1.3130000000000002,"1,,,E"
AGE00147712,1937-06-01,36.17,1.34,112.0,"ORLEANSVILLE CHLEF, AG",,,,,0.0,"5,E",0.0,"5,E",0.0,"5,E",0.0,"5,E",0.0,"5,E",0.0,"5,E",25.0,"5,E",10.0,"5,E",19370630.0,"+,5,E",19370630.0,"+,5,E",19370607.0,",5,E",15.0,"5,E,30,+",0.0,"5,,E,30,+",39.0,"5,E,07,",,,,,0.0,"5,,,E",2.522,"9,E",3.2359999999999998,"5,,,E",1.8079999999999998,"5,,,E"
AGE00147712,1937-07-01,36.17,1.34,112.0,"ORLEANSVILLE CHLEF, AG",,,314.0,"4,E",0.0,"2,E",0.0,"2,E",0.0,"2,E",0.0,"2,E",0.0,"2,E",0.0,"2,E",29.0,"2,E",28.0,"2,E",19370704.0,",2,E",19370731.0,"+,2,E",19370730.0,"+,2,E",18.0,"2,E,04,",0.0,"2,,E,31,+",43.0,"2,E,30,+",0.0,E,0.0,"2,E",0.0,"2,,,E",2.9899999999999998,"4,E",3.8340000000000005,"2,,,E",2.145,"2,,,E"
AGE00147712,1937-08-01,36.17,1.34,112.0,"ORLEANSVILLE CHLEF, AG",,,336.3,"2,E",0.0,"1,E",0.0,"1,E",0.0,"1,E",0.0,"1,E",0.0,"1,E",0.0,"1,E",30.0,"1,E",27.0,"1,E",19370803.0,",1,E",19370831.0,"+,1,E",19370806.0,",1,E",12.0,"1,E,03,",0.0,"1,,E,31,+",44.0,"1,E,06,",0.0,E,0.0,"1,E",0.0,"1,,,E",2.997,"2,E",3.8329999999999997,"1,,,E",2.16,"1,,,E"
AGE00147712,1937-09-01,36.17,1.34,112.0,"ORLEANSVILLE CHLEF, AG",,,146.2,"5,E",0.0,"3,E",0.0,"3,E",0.0,"3,E",0.0,"3,E",0.0,"3,E",0.0,"3,E",27.0,"3,E",12.0,"3,E",19370920.0,",3,E",19370930.0,"+,3,E",19370908.0,",3,E",11.0,"3,E,20,",0.0,"3,,E,30,+",39.0,"3,E,08,",0.0,E,0.0,"3,E",0.0,"3,,,E",2.419,"5,E",3.144,"3,,,E",1.693,"3,,,E"
AGE00147712,1937-10-01,36.17,1.34,112.0,"ORLEANSVILLE CHLEF, AG",,,47.0,"5,E",5.0,"3,E",4.0,"3,E",0.0,"3,E",0.0,"3,E",0.0,"3,E",0.0,"3,E",25.0,"3,E",1.0,"3,E",19371019.0,",3,E",19371002.0,",3,E",19371001.0,",3,E",10.0,"3,E,19,",11.0,"3,,E,02,",33.0,"3,E,01,",7.7,E,7.7,"3,E",34.5,"3,,,E",1.988,"5,E",2.525,"3,,,E",1.45,"3,,,E"
AGE00147712,1937-11-01,36.17,1.34,112.0,"ORLEANSVILLE CHLEF, AG",,,,,3.0,"4,E",3.0,"4,E",0.0,"4,E",0.0,"4,E",0.0,"4,E",0.0,"4,E",15.0,"4,E",0.0,"4,E",19371129.0,",4,E",19371103.0,",4,E",19371107.0,",4,E",6.0,"4,E,29,",16.5,"4,,E,03,",25.0,"4,E,07,",,,,,22.8,"4,,,E",1.6329999999999998,"8,E",2.1079999999999997,"4,,,E",1.158,"4,,,E"
AGE00147712,1937-12-01,36.17,1.34,112.0,"ORLEANSVILLE CHLEF, AG",,,,,13.0,"5,E",10.0,"5,E",4.0,"5,E",0.0,"5,E",1.0,"5,E",0.0,"5,E",0.0,"5,E",0.0,"5,E",19371230.0,",5,E",19371214.0,",5,E",19371209.0,",5,E",0.0,"5,E,30,",52.0,"5,,E,14,",20.0,"5,E,09,",,,,,210.8,"5,,,E",0.9869999999999999,"0,E",1.373,"5,,,E",0.6,"5,,,E"
AGE00147712,1938-01-01,36.17,1.34,112.0,"ORLEANSVILLE CHLEF, AG",,,,,7.0,"2,E",5.0,"2,E",0.0,"2,E",0.0,"3,E",0.0,"3,E",0.0,"3,E",0.0,"3,E",0.0,"3,E",19380129.0,"+,3,E",19380105.0,",2,E",19380131.0,",3,E",2.0,"3,E,29,+",20.7,"2,,E,05,",19.0,"3,E,31,",,,,,41.1,"2,,,E",0.9640000000000001,"6,E",1.404,"3,,,E",0.525,"3,,,E"
AGE00147712,1938-02-01,36.17,1.34,112.0,"ORLEANSVILLE CHLEF, AG",,,,,5.0,"3,E",2.0,"3,E",0.0,"3,E",0.0,"4,E",0.0,"4,E",0.0,"4,E",0.0,"4,E",0.0,"4,E",19380216.0,"+,4,E",19380216.0,",3,E",19380227.0,"+,4,E",2.0,"4,E,16,+",14.2,"3,,E,16,",19.0,"4,E,27,+",,,,,21.0,"3,,,E",0.9560000000000001,"8,E",1.408,"4,,,E",0.504,"4,,,E"
AGE00147712,1938-03-01,36.17,1.34,112.0,"ORLEANSVILLE CHLEF, AG",,,0.0,"2,E",1.0,"1,E",1.0,"1,E",0.0,"1,E",0.0,"1,E",0.0,"1,E",0.0,"1,E",11.0,"1,E",0.0,"1,E",19380319.0,"+,1,E",19380323.0,",1,E",19380331.0,"+,1,E",3.0,"1,E,19,+",9.2,"1,,E,23,",25.0,"1,E,31,+",,,148.2,"1,E",9.2,"1,,,E",1.317,"2,E",2.027,"1,,,E",0.607,"1,,,E"
AGE00147712,1938-04-01,36.17,1.34,112.0,"ORLEANSVILLE CHLEF, AG",,,0.0,"4,E",2.0,"2,E",1.0,"2,E",0.0,"2,E",0.0,"2,E",0.0,"2,E",0.0,"2,E",17.0,"2,E",0.0,"2,E",19380412.0,",2,E",19380427.0,",2,E",19380408.0,"+,2,E",3.0,"2,E,12,",5.0,"2,,E,27,",26.0,"2,E,08,+",,,70.2,"2,E",6.5,"2,,,E",1.5699999999999998,"4,E",2.175,"2,,,E",0.9640000000000001,"2,,,E"
AGE00147712,1938-05-01,36.17,1.34,112.0,"ORLEANSVILLE CHLEF, AG",,,,,6.0,"3,E",5.0,"3,E",0.0,"3,E",0.0,"3,E",0.0,"3,E",0.0,"3,E",21.0,"3,E",4.0,"3,E",19380505.0,",3,E",19380531.0,",3,E",19380531.0,"+,3,E",8.0,"3,E,05,",11.0,"3,,E,31,",35.0,"3,E,31,+",,,,,34.9,"3,,,E",1.888,"6,E",2.5140000000000002,"3,,,E",1.261,"3,,,E"
AGE00147712,1938-07-01,36.17,1.34,112.0,"ORLEANSVILLE CHLEF, AG",,,342.8,"2,E",0.0,"1,E",0.0,"1,E",0.0,"1,E",0.0,"1,E",0.0,"1,E",0.0,"1,E",30.0,"1,E",28.0,"1,E",19380703.0,",1,E",19380731.0,"+,1,E",19380722.0,"+,1,E",16.0,"1,E,03,",0.0,"1,,E,31,+",44.0,"1,E,22,+",0.0,E,0.0,"1,E",0.0,"1,,,E",3.0100000000000002,"2,E",3.8329999999999997,"1,,,E",2.1870000000000003,"1,,,E"
AGE00147712,1938-08-01,36.17,1.34,112.0,"ORLEANSVILLE CHLEF, AG",,,329.2,",E",1.0,",E",0.0,",E",0.0,",E",0.0,",E",0.0,",E",0.0,",E",31.0,",E",28.0,",E",19380831.0,",,E",19380829.0,",,E",19380818.0,",,E",10.0,",E,31,",1.0,",,E,29,",45.0,",E,18,",0.0,E,0.0,",E",1.0,",,,E",2.895,",E",3.69,",,,E",2.1,",,,E"
AGE00147712,1938-10-01,36.17,1.34,112.0,"ORLEANSVILLE CHLEF, AG",,,,,4.0,"4,E",3.0,"4,E",0.0,"4,E",0.0,"4,E",0.0,"4,E",0.0,"4,E",23.0,"4,E",0.0,"4,E",19381030.0,"+,4,E",19381023.0,",4,E",19381010.0,"+,4,E",10.0,"4,E,30,+",11.5,"4,,E,23,",32.0,"4,E,10,+",,,,,29.0,"4,,,E",2.085,"8,E",2.689,"4,,,E",1.481,"4,,,E"
