STATION,DATE,LATITUDE,LONGITUDE,ELEVATION,NAME,CDSD,CDSD_ATTRIBUTES,CLDD,CLDD_ATTRIBUTES,DP01,DP01_ATTRIBUTES,DP10,DP10_ATTRIBUTES,DP1X,DP1X_ATTRIBUTES,DT00,DT00_ATTRIBUTES,DT32,DT32_ATTRIBUTES,DX32,DX32_ATTRIBUTES,DX70,DX70_ATTRIBUTES,DX90,DX90_ATTRIBUTES,DYNT,DYNT_ATTRIBUTES,DYXP,DYXP_ATTRIBUTES,DYXT,DYXT_ATTRIBUTES,EMNT,EMNT_ATTRIBUTES,EMXP,EMXP_ATTRIBUTES,EMXT,EMXT_ATTRIBUTES,HDSD,HDSD_ATTRIBUTES,HTDD,HTDD_ATTRIBUTES,PRCP,PRCP_ATTRIBUTES,TAVG,TAVG_ATTRIBUTES,TMAX,TMAX_ATTRIBUTES,TMIN,TMIN_ATTRIBUTES
AGE00147705,1887-01-01,36.78,3.07,59.0,"ALGIERS VILLE UNIVERSITE, AG",0.0,E,0.0,",E",13.0,",E",10.0,",E",1.0,",E",0.0,",E",0.0,",E",0.0,",E",1.0,",E",0.0,",E",18870102.0,",,E",18870116.0,",,E",18870128.0,",,E",2.5,",E,02,",33.7,",,E,16,",21.6,",E,28,",,,207.5,",E",114.6,",,,E",1.1640000000000001,",E",1.5390000000000001,",,,E",0.7889999999999999,",,,E"
AGE00147705,1887-02-01,36.78,3.07,59.0,"ALGIERS VILLE UNIVERSITE, AG",0.0,E,0.0,"2,E",16.0,"1,E",11.0,"1,E",1.0,"1,E",0.0,"1,E",0.0,"1,E",0.0,"1,E",0.0,"1,E",0.0,"1,E",18870213.0,"+,1,E",18870217.0,",1,E",18870225.0,",1,E",3.8,"1,E,13,+",45.6,"1,,E,17,",20.2,"1,E,25,",,,181.6,"1,E",144.2,"1,,,E",1.131,"2,E",1.5390000000000001,"1,,,E",0.724,"1,,,E"
AGE00147705,1887-03-01,36.78,3.07,59.0,"ALGIERS VILLE UNIVERSITE, AG",4.6,E,4.6,"2,E",11.0,"2,E",4.0,"2,E",3.0,"2,E",0.0,"1,E",0.0,"1,E",0.0,"1,E",7.0,"1,E",0.0,"1,E",18870318.0,"+,1,E",18870311.0,",2,E",18870325.0,",1,E",6.4,"1,E,18,+",65.3,"2,,E,11,",28.0,"1,E,25,",,,100.7,"1,E",136.1,"2,,,E",1.51,"2,E",1.886,"1,,,E",1.134,"1,,,E"
AGE00147705,1887-04-01,36.78,3.07,59.0,"ALGIERS VILLE UNIVERSITE, AG",22.4,E,17.8,"2,E",12.0,"2,E",6.0,"2,E",0.0,"2,E",0.0,"1,E",0.0,"1,E",0.0,"1,E",8.0,"1,E",1.0,"1,E",18870407.0,",1,E",18870421.0,",2,E",18870430.0,",1,E",5.2,"1,E,07,",21.5,"2,,E,21,",36.0,"1,E,30,",,,79.1,"1,E",70.8,"2,,,E",1.6179999999999999,"2,E",2.07,"1,,,E",1.167,"1,,,E"
AGE00147705,1887-05-01,36.78,3.07,59.0,"ALGIERS VILLE UNIVERSITE, AG",85.4,E,63.0,",E",4.0,"2,E",0.0,"2,E",0.0,"2,E",0.0,",E",0.0,",E",0.0,",E",24.0,",E",2.0,",E",18870505.0,",,E",18870517.0,",2,E",18870503.0,",,E",11.2,",E,05,",2.3,"2,,E,17,",34.2,",E,03,",,,11.9,",E",7.0,"2,,,E",1.998,",E",2.465,",,,E",1.5310000000000001,",,,E"
AGE00147705,1887-06-01,36.78,3.07,59.0,"ALGIERS VILLE UNIVERSITE, AG",223.2,E,137.8,"2,E",1.0,"1,E",1.0,"1,E",0.0,"1,E",0.0,"1,E",0.0,"1,E",0.0,"1,E",29.0,"1,E",3.0,"1,E",18870602.0,",1,E",18870601.0,",1,E",18870624.0,",1,E",15.0,"1,E,02,",21.3,"1,,E,01,",36.0,"1,E,24,",,,0.0,"1,E",21.3,"1,,,E",2.32,"2,E",2.754,"1,,,E",1.886,"1,,,E"
AGE00147705,1887-07-01,36.78,3.07,59.0,"ALGIERS VILLE UNIVERSITE, AG",475.5,E,252.3,",E",3.0,"1,E",1.0,"1,E",0.0,"1,E",0.0,",E",0.0,",E",0.0,",E",31.0,",E",12.0,",E",18870702.0,",,E",18870720.0,",1,E",18870723.0,",,E",18.5,",E,02,",9.3,"1,,E,20,",40.1,",E,23,",0.0,E,0.0,",E",11.4,"1,,,E",2.647,",E",3.158,",,,E",2.136,",,,E"
AGE00147705,1887-08-01,36.78,3.07,59.0,"ALGIERS VILLE UNIVERSITE, AG",718.6,E,243.1,",E",1.0,",E",0.0,",E",0.0,",E",0.0,",E",0.0,",E",0.0,",E",31.0,",E",8.0,",E",18870801.0,",,E",18870822.0,",,E",18870828.0,",,E",19.0,",E,01,",0.3,",,E,22,",34.2,",E,28,",0.0,E,0.0,",E",0.3,",,,E",2.618,",E",3.025,",,,E",2.21,",,,E"
AGE00147705,1887-09-01,36.78,3.07,59.0,"ALGIERS VILLE UNIVERSITE, AG",914.5,E,195.9,"2,E",7.0,"2,E",4.0,"2,E",1.0,"2,E",0.0,"1,E",0.0,"1,E",0.0,"1,E",29.0,"1,E",4.0,"1,E",18870927.0,",1,E",18870926.0,",2,E",18870906.0,",1,E",15.4,"1,E,27,",47.8,"2,,E,26,",36.5,"1,E,06,",0.0,E,0.0,"1,E",78.0,"2,,,E",2.519,"2,E",2.9050000000000002,"1,,,E",2.133,"1,,,E"
AGE00147705,1887-10-01,36.78,3.07,59.0,"ALGIERS VILLE UNIVERSITE, AG",939.9,E,25.4,"2,E",10.0,"4,E",10.0,"4,E",1.0,"4,E",0.0,"1,E",0.0,"1,E",0.0,"1,E",20.0,"1,E",0.0,"1,E",18871027.0,",1,E",18871031.0,",4,E",18871009.0,",1,E",6.5,"1,E,27,",30.5,"4,,E,31,",30.0,"1,E,09,",34.4,E,34.4,"1,E",97.4,"4,,,E",1.8010000000000002,"2,E",2.246,"1,,,E",1.356,"1,,,E"
AGE00147705,1887-11-01,36.78,3.07,59.0,"ALGIERS VILLE UNIVERSITE, AG",953.0,E,13.1,",E",12.0,"4,E",8.0,"4,E",1.0,"4,E",0.0,",E",0.0,",E",0.0,",E",11.0,",E",0.0,",E",18871120.0,",,E",18871120.0,",4,E",18871116.0,",,E",8.4,",E,20,",32.4,"4,,E,20,",28.2,",E,16,",82.3,E,47.9,",E",127.0,"4,,,E",1.717,",E",2.097,",,,E",1.338,",,,E"
AGE00147705,1887-12-01,36.78,3.07,59.0,"ALGIERS VILLE UNIVERSITE, AG",953.0,E,0.0,",E",18.0,",E",12.0,",E",3.0,",E",0.0,",E",0.0,",E",0.0,",E",0.0,",E",0.0,",E",18871224.0,",,E",18871228.0,",,E",18871211.0,",,E",4.0,",E,24,",33.0,",,E,28,",20.0,",E,11,",244.2,E,161.9,",E",185.6,",,,E",1.311,",E",1.669,",,,E",0.953,",,,E"
AGE00147705,1888-01-01,36.78,3.07,59.0,"ALGIERS VILLE UNIVERSITE, AG",0.0,E,0.0,",E",11.0,",E",7.0,",E",1.0,",E",0.0,",E",0.0,",E",0.0,",E",1.0,",E",0.0,",E",18880131.0,",,E",18880130.0,",,E",18880126.0,",,E",4.0,",E,31,",38.4,",,E,30,",21.8,",E,26,",412.4,E,168.2,",E",103.1,",,,E",1.291,",E",1.674,",,,E",0.908,",,,E"
AGE00147705,1888-02-01,36.78,3.07,59.0,"ALGIERS VILLE UNIVERSITE, AG",0.0,E,0.0,"2,E",15.0,"3,E",13.0,"3,E",1.0,"3,E",0.0,"1,E",0.0,"1,E",0.0,"1,E",1.0,"1,E",0.0,"1,E",18880229.0,"+,1,E",18880222.0,",3,E",18880205.0,",1,E",2.8,"1,E,29,+",29.8,"3,,E,22,",24.6,"1,E,05,",597.6,E,185.2,"1,E",145.6,"3,,,E",1.1320000000000001,"2,E",1.528,"1,,,E",0.736,"1,,,E"
AGE00147705,1888-03-01,36.78,3.07,59.0,"ALGIERS VILLE UNIVERSITE, AG",6.5,E,6.5,"2,E",14.0,",E",9.0,",E",0.0,",E",0.0,"1,E",0.0,"1,E",0.0,"1,E",8.0,"1,E",0.0,"1,E",18880321.0,"+,1,E",18880320.0,"+,,E",18880327.0,",1,E",5.0,"1,E,21,+",18.3,",,E,20,+",31.2,"1,E,27,",726.6,E,129.0,"1,E",101.3,",,,E",1.399,"2,E",1.8010000000000002,"1,,,E",0.9970000000000001,"1,,,E"
AGE00147705,1888-04-01,36.78,3.07,59.0,"ALGIERS VILLE UNIVERSITE, AG",23.2,E,16.7,",E",5.0,",E",5.0,",E",0.0,",E",0.0,",E",0.0,",E",0.0,",E",15.0,",E",1.0,",E",18880412.0,",,E",18880416.0,",,E",18880430.0,",,E",9.5,",E,12,",18.5,",,E,16,",35.0,",E,30,",771.8,E,45.2,",E",37.3,",,,E",1.738,",E",2.1510000000000002,",,,E",1.325,",,,E"
AGE00147705,1888-05-01,36.78,3.07,59.0,"ALGIERS VILLE UNIVERSITE, AG",55.7,E,32.5,"2,E",6.0,",E",4.0,",E",0.0,",E",0.0,"1,E",0.0,"1,E",0.0,"1,E",22.0,"1,E",1.0,"1,E",18880508.0,"+,1,E",18880501.0,",,E",18880518.0,",1,E",13.5,"1,E,08,+",16.5,",,E,01,",34.0,"1,E,18,",780.8,E,9.0,"1,E",45.8,",,,E",1.9120000000000001,"2,E",2.273,"1,,,E",1.55,"1,,,E"
AGE00147705,1888-06-01,36.78,3.07,59.0,"ALGIERS VILLE UNIVERSITE, AG",174.2,E,118.5,",E",6.0,",E",1.0,",E",0.0,",E",0.0,",E",0.0,",E",0.0,",E",30.0,",E",0.0,",E",18880602.0,",,E",18880624.0,",,E",18880628.0,",,E",15.5,",E,02,",5.7,",,E,24,",30.5,",E,28,",780.8,E,0.0,",E",9.9,",,,E",2.228,",E",2.586,",,,E",1.871,",,,E"
AGE00147705,1888-07-01,36.78,3.07,59.0,"ALGIERS VILLE UNIVERSITE, AG",361.7,E,187.5,"2,E",0.0,",E",0.0,",E",0.0,",E",0.0,"1,E",0.0,"1,E",0.0,"1,E",30.0,"1,E",6.0,"1,E",18880715.0,",1,E",18880731.0,"+,,E",18880704.0,",1,E",17.0,"1,E,15,",0.0,",,E,31,+",37.0,"1,E,04,",0.0,E,0.0,"1,E",0.0,",,,E",2.4850000000000003,"2,E",2.9059999999999997,"1,,,E",2.0629999999999997,"1,,,E"
AGE00147705,1888-08-01,36.78,3.07,59.0,"ALGIERS VILLE UNIVERSITE, AG",547.4,E,185.7,",E",1.0,",E",1.0,",E",0.0,",E",0.0,",E",0.0,",E",0.0,",E",31.0,",E",5.0,",E",18880806.0,",,E",18880827.0,",,E",18880831.0,",,E",17.8,",E,06,",5.3,",,E,27,",36.5,",E,31,",0.0,E,0.0,",E",5.3,",,,E",2.432,",E",2.8489999999999998,",,,E",2.016,",,,E"
AGE00147705,1888-09-01,36.78,3.07,59.0,"ALGIERS VILLE UNIVERSITE, AG",721.9,E,174.5,",E",14.0,",E",5.0,",E",0.0,",E",0.0,",E",0.0,",E",0.0,",E",30.0,",E",2.0,",E",18880904.0,",,E",18880912.0,",,E",18880930.0,",,E",17.5,",E,04,",12.0,",,E,12,",33.8,",E,30,",0.0,E,0.0,",E",31.6,",,,E",2.415,",E",2.7670000000000003,",,,E",2.0620000000000003,",,,E"
AGE00147705,1888-10-01,36.78,3.07,59.0,"ALGIERS VILLE UNIVERSITE, AG",793.3,E,71.4,",E",8.0,",E",3.0,",E",2.0,",E",0.0,",E",0.0,",E",0.0,",E",29.0,",E",1.0,",E",18881008.0,",,E",18881014.0,",,E",18881002.0,",,E",12.5,",E,08,",64.3,",,E,14,",39.5,",E,02,",1.3,E,1.3,",E",131.4,",,,E",2.06,",E",2.429,",,,E",1.69,",,,E"
AGE00147705,1888-11-01,36.78,3.07,59.0,"ALGIERS VILLE UNIVERSITE, AG",804.9,E,11.6,",E",12.0,",E",11.0,",E",2.0,",E",0.0,",E",0.0,",E",0.0,",E",15.0,",E",0.0,",E",18881115.0,",,E",18881115.0,",,E",18881101.0,",,E",11.0,",E,15,",43.0,",,E,15,",27.5,",E,01,",38.8,E,37.5,",E",136.5,",,,E",1.7469999999999999,",E",2.0940000000000003,",,,E",1.4,",,,E"
AGE00147705,1888-12-01,36.78,3.07,59.0,"ALGIERS VILLE UNIVERSITE, AG",804.9,E,0.0,"2,E",12.0,",E",10.0,",E",0.0,",E",0.0,"1,E",0.0,"1,E",0.0,"1,E",6.0,"1,E",0.0,"1,E",18881231.0,"+,1,E",18881229.0,",,E",18881228.0,",1,E",8.5,"1,E,31,+",22.0,",,E,29,",21.8,"1,E,28,",114.5,E,75.7,"1,E",76.7,",,,E",1.572,"2,E",1.9,"1,,,E",1.2429999999999999,"1,,,E"
AGE00147705,1889-02-01,36.78,3.07,59.0,"ALGIERS VILLE UNIVERSITE, AG",,,0.0,"5,E",11.0,"3,E",9.0,"3,E",0.0,"3,E",0.0,"3,E",0.0,"3,E",0.0,"2,E",1.0,"2,E",0.0,"2,E",18890214.0,",3,E",18890212.0,",3,E",18890220.0,",2,E",2.0,"3,E,14,",14.5,"3,,E,12,",22.0,"2,E,20,",,,134.7,"2,E",90.9,"3,,,E",1.236,"5,E",1.638,"2,,,E",0.834,"3,,,E"
AGE00147705,1889-03-01,36.78,3.07,59.0,"ALGIERS VILLE UNIVERSITE, AG",,,1.5,"4,E",19.0,"2,E",13.0,"2,E",2.0,"2,E",0.0,"2,E",0.0,"2,E",0.0,"2,E",6.0,"2,E",0.0,"2,E",18890325.0,"+,2,E",18890313.0,",2,E",18890310.0,",2,E",6.5,"2,E,25,+",32.5,"2,,E,13,",24.8,"2,E,10,",,,123.2,"2,E",132.1,"2,,,E",1.361,"4,E",1.735,"2,,,E",0.9869999999999999,"2,,,E"
AGE00147705,1889-04-01,36.78,3.07,59.0,"ALGIERS VILLE UNIVERSITE, AG",,,2.8,"1,E",12.0,",E",5.0,",E",0.0,",E",0.0,"1,E",0.0,"1,E",0.0,",E",9.0,",E",0.0,",E",18890420.0,",1,E",18890405.0,",,E",18890422.0,",,E",8.4,"1,E,20,",14.8,",,E,05,",26.5,",E,22,",,,84.4,",E",56.0,",,,E",1.551,"1,E",1.94,",,,E",1.161,"1,,,E"
AGE00147705,1889-05-01,36.78,3.07,59.0,"ALGIERS VILLE UNIVERSITE, AG",,,31.9,"4,E",9.0,"3,E",5.0,"3,E",2.0,"3,E",0.0,"3,E",0.0,"3,E",0.0,"1,E",20.0,"1,E",0.0,"1,E",18890508.0,",3,E",18890507.0,",3,E",18890531.0,",1,E",11.4,"3,E,08,",30.3,"3,,E,07,",29.5,"1,E,31,",,,15.2,"1,E",91.7,"3,,,E",1.89,"4,E",2.259,"1,,,E",1.522,"3,,,E"
AGE00147705,1889-06-01,36.78,3.07,59.0,"ALGIERS VILLE UNIVERSITE, AG",,,87.7,"4,E",2.0,"2,E",0.0,"2,E",0.0,"2,E",0.0,"2,E",0.0,"2,E",0.0,"2,E",28.0,"2,E",0.0,"2,E",18890601.0,",2,E",18890601.0,",2,E",18890620.0,",2,E",12.5,"2,E,01,",2.3,"2,,E,01,",30.0,"2,E,20,",,,0.6,"2,E",3.0,"2,,,E",2.169,"4,E",2.606,"2,,,E",1.7309999999999999,"2,,,E"
AGE00147705,1889-07-01,36.78,3.07,59.0,"ALGIERS VILLE UNIVERSITE, AG",,,193.7,"3,E",1.0,"1,E",0.0,"1,E",0.0,"1,E",0.0,"2,E",0.0,"2,E",0.0,"1,E",30.0,"1,E",9.0,"1,E",18890731.0,"+,2,E",18890710.0,",1,E",18890710.0,",1,E",18.5,"2,E,31,+",1.6,"1,,E,10,",37.8,"1,E,10,",0.0,E,0.0,"1,E",1.6,"1,,,E",2.5309999999999997,"3,E",2.976,"1,,,E",2.087,"2,,,E"
AGE00147705,1889-08-01,36.78,3.07,59.0,"ALGIERS VILLE UNIVERSITE, AG",,,,,1.0,"2,E",0.0,"2,E",0.0,"2,E",0.0,"2,E",0.0,"2,E",0.0,"3,E",28.0,"3,E",7.0,"3,E",18890831.0,",2,E",18890823.0,",2,E",18890811.0,",3,E",18.3,"2,E,31,",1.5,"2,,E,23,",34.5,"3,E,11,",,,,,1.7,"2,,,E",2.496,"5,E",2.896,"3,,,E",2.0949999999999998,"2,,,E"
AGE00147705,1889-09-01,36.78,3.07,59.0,"ALGIERS VILLE UNIVERSITE, AG",,,,,5.0,"3,E",1.0,"3,E",0.0,"3,E",0.0,"3,E",0.0,"3,E",0.0,"3,E",27.0,"3,E",1.0,"3,E",18890930.0,",3,E",18890929.0,",3,E",18890908.0,",3,E",15.8,"3,E,30,",9.0,"3,,E,29,",32.5,"3,E,08,",,,,,14.5,"3,,,E",2.3609999999999998,"6,E",2.756,"3,,,E",1.9649999999999999,"3,,,E"
AGE00147705,1889-10-01,36.78,3.07,59.0,"ALGIERS VILLE UNIVERSITE, AG",,,70.6,"5,E",7.0,"2,E",5.0,"2,E",0.0,"2,E",0.0,"3,E",0.0,"3,E",0.0,"2,E",28.0,"2,E",0.0,"2,E",18891013.0,",3,E",18891013.0,",2,E",18891024.0,",2,E",12.0,"3,E,13,",21.2,"2,,E,13,",32.0,"2,E,24,",,,2.6,"2,E",80.9,"2,,,E",2.104,"5,E",2.524,"2,,,E",1.6829999999999998,"3,,,E"
AGE00147705,1889-12-01,36.78,3.07,59.0,"ALGIERS VILLE UNIVERSITE, AG",,,0.0,"5,E",18.0,"3,E",14.0,"3,E",1.0,"3,E",0.0,"3,E",0.0,"3,E",0.0,"2,E",0.0,"2,E",0.0,"2,E",18891215.0,",3,E",18891214.0,",3,E",18891205.0,",2,E",6.4,"3,E,15,",28.1,"3,,E,14,",17.8,"2,E,05,",,,163.0,"2,E",162.4,"3,,,E",1.197,"5,E",1.497,"2,,,E",0.898,"3,,,E"
AGE00147705,1890-01-01,36.78,3.07,59.0,"ALGIERS VILLE UNIVERSITE, AG",0.0,E,0.0,"1,E",10.0,"1,E",8.0,"1,E",0.0,"1,E",0.0,"1,E",0.0,"1,E",0.0,",E",1.0,",E",0.0,",E",18900131.0,",1,E",18900106.0,",1,E",18900123.0,",,E",4.5,"1,E,31,",19.4,"1,,E,06,",21.2,",E,23,",,,143.9,",E",100.1,"1,,,E",1.359,"1,E",1.719,",,,E",0.999,"1,,,E"
AGE00147705,1890-02-01,36.78,3.07,59.0,"ALGIERS VILLE UNIVERSITE, AG",0.0,E,0.0,"4,E",16.0,"1,E",9.0,"1,E",0.0,"1,E",0.0,"2,E",0.0,"2,E",0.0,"2,E",1.0,"2,E",0.0,"2,E",18900201.0,",2,E",18900216.0,",1,E",18900218.0,",2,E",5.3,"2,E,01,",12.7,"1,,E,16,",22.0,"2,E,18,",,,122.5,"2,E",73.5,"1,,,E",1.316,"4,E",1.6789999999999998,"2,,,E",0.953,"2,,,E"
AGE00147705,1890-03-01,36.78,3.07,59.0,"ALGIERS VILLE UNIVERSITE, AG",3.0,E,3.0,"4,E",16.0,"1,E",8.0,"1,E",2.0,"1,E",0.0,"2,E",0.0,"2,E",0.0,"2,E",6.0,"2,E",0.0,"2,E",18900304.0,",2,E",18900318.0,",1,E",18900330.0,",2,E",5.0,"2,E,04,",42.3,"1,,E,18,",27.8,"2,E,30,",,,114.3,"2,E",173.3,"1,,,E",1.419,"4,E",1.83,"2,,,E",1.008,"2,,,E"
AGE00147705,1890-04-01,36.78,3.07,59.0,"ALGIERS VILLE UNIVERSITE, AG",4.5,E,1.5,"5,E",14.0,"3,E",6.0,"3,E",1.0,"3,E",0.0,"3,E",0.0,"3,E",0.0,"2,E",6.0,"2,E",0.0,"2,E",18900410.0,",3,E",18900413.0,",3,E",18900425.0,",2,E",9.3,"3,E,10,",47.0,"3,,E,13,",31.8,"2,E,25,",,,64.8,"2,E",77.9,"3,,,E",1.6149999999999998,"5,E",1.996,"2,,,E",1.234,"3,,,E"
AGE00147705,1890-05-01,36.78,3.07,59.0,"ALGIERS VILLE UNIVERSITE, AG",19.4,E,14.9,"2,E",11.0,"1,E",9.0,"1,E",0.0,"1,E",0.0,"1,E",0.0,"1,E",0.0,"1,E",16.0,"1,E",0.0,"1,E",18900501.0,",1,E",18900511.0,",1,E",18900504.0,",1,E",11.2,"1,E,01,",15.7,"1,,E,11,",27.0,"1,E,04,",,,17.4,"1,E",48.7,"1,,,E",1.8190000000000002,"2,E",2.194,"1,,,E",1.443,"1,,,E"
AGE00147705,1890-06-01,36.78,3.07,59.0,"ALGIERS VILLE UNIVERSITE, AG",137.0,E,117.6,",E",2.0,",E",1.0,",E",0.0,",E",0.0,",E",0.0,",E",0.0,",E",26.0,",E",1.0,",E",18900601.0,",,E",18900602.0,",,E",18900610.0,",,E",14.2,",E,01,",2.6,",,E,02,",34.7,",E,10,",,,2.0,",E",3.6,",,,E",2.2190000000000003,",E",2.638,",,,E",1.8,",,,E"
AGE00147705,1890-07-01,36.78,3.07,59.0,"ALGIERS VILLE UNIVERSITE, AG",280.3,E,143.3,"1,E",2.0,",E",1.0,",E",0.0,",E",0.0,"1,E",0.0,"1,E",0.0,",E",31.0,",E",2.0,",E",18900727.0,",1,E",18900721.0,",,E",18900729.0,",,E",17.3,"1,E,27,",6.9,",,E,21,",34.3,",E,29,",0.0,E,0.0,",E",7.8,",,,E",2.309,"1,E",2.695,",,,E",1.923,"1,,,E"
AGE00147705,1890-08-01,36.78,3.07,59.0,"ALGIERS VILLE UNIVERSITE, AG",513.6,E,233.3,",E",0.0,"1,E",0.0,"1,E",0.0,"1,E",0.0,",E",0.0,",E",0.0,",E",31.0,",E",8.0,",E",18900802.0,",,E",18900814.0,",1,E",18900818.0,",,E",18.8,",E,02,",0.2,"1,,E,14,",43.4,",E,18,",0.0,E,0.0,",E",0.2,"1,,,E",2.586,",E",3.008,",,,E",2.164,",,,E"
AGE00147705,1890-10-01,36.78,3.07,59.0,"ALGIERS VILLE UNIVERSITE, AG",,,72.5,"2,E",13.0,",E",10.0,",E",1.0,",E",0.0,"2,E",0.0,"2,E",0.0,"2,E",22.0,"2,E",0.0,"2,E",18901030.0,",2,E",18901028.0,",,E",18901006.0,",2,E",7.5,"2,E,30,",35.0,",,E,28,",29.2,"2,E,06,",,,20.3,"2,E",127.0,",,,E",2.013,"2,E",2.379,"2,,,E",1.6469999999999998,"2,,,E"
AGE00147705,1890-11-01,36.78,3.07,59.0,"ALGIERS VILLE UNIVERSITE, AG",,,0.8,",E",16.0,"1,E",14.0,"1,E",1.0,"1,E",0.0,",E",0.0,",E",0.0,",E",4.0,",E",0.0,",E",18901130.0,",,E",18901130.0,",1,E",18901104.0,",,E",4.2,",E,30,",37.0,"1,,E,30,",22.2,",E,04,",,,85.1,",E",127.8,"1,,,E",1.552,",E",1.875,",,,E",1.23,",,,E"
AGE00147705,1890-12-01,36.78,3.07,59.0,"ALGIERS VILLE UNIVERSITE, AG",,,0.0,"1,E",18.0,",E",14.0,",E",2.0,",E",0.0,",E",0.0,",E",0.0,"1,E",1.0,"1,E",0.0,"1,E",18901201.0,",,E",18901221.0,",,E",18901216.0,",1,E",3.8,",E,01,",41.5,",,E,21,",21.6,"1,E,16,",,,176.0,"1,E",203.6,",,,E",1.25,"1,E",1.593,"1,,,E",0.907,",,,E"
AGE00147705,1891-01-01,36.78,3.07,59.0,"ALGIERS VILLE UNIVERSITE, AG",0.0,E,0.0,"2,E",18.0,",E",12.0,",E",2.0,",E",0.0,"1,E",2.0,"1,E",0.0,"1,E",0.0,"1,E",0.0,"1,E",18910119.0,",1,E",18910110.0,",,E",18910125.0,",1,E",-2.0,"1,E,19,",27.7,",,E,10,",18.2,"1,E,25,",,,240.8,"1,E",142.5,",,,E",1.004,"2,E",1.335,"1,,,E",0.673,"1,,,E"
AGE00147705,1891-02-01,36.78,3.07,59.0,"ALGIERS VILLE UNIVERSITE, AG",0.0,E,0.0,",E",13.0,",E",10.0,",E",0.0,",E",0.0,",E",0.0,",E",0.0,",E",1.0,",E",0.0,",E",18910216.0,",,E",18910203.0,",,E",18910226.0,",,E",5.2,",E,16,",12.0,",,E,03,",22.6,",E,26,",,,193.8,",E",88.0,",,,E",1.141,",E",1.483,",,,E",0.799,",,,E"
AGE00147705,1891-03-01,36.78,3.07,59.0,"ALGIERS VILLE UNIVERSITE, AG",5.2,E,5.2,",E",12.0,",E",4.0,",E",1.0,",E",0.0,",E",0.0,",E",0.0,",E",10.0,",E",0.0,",E",18910316.0,",,E",18910315.0,",,E",18910318.0,",,E",6.3,",E,16,",29.0,",,E,15,",27.4,",E,18,",,,113.6,",E",63.8,",,,E",1.484,",E",1.871,",,,E",1.096,",,,E"
AGE00147705,1891-04-01,36.78,3.07,59.0,"ALGIERS VILLE UNIVERSITE, AG",12.5,E,7.3,",E",6.0,",E",6.0,",E",1.0,",E",0.0,",E",0.0,",E",0.0,",E",10.0,",E",0.0,",E",18910410.0,",,E",18910427.0,",,E",18910407.0,",,E",6.2,",E,10,",56.8,",,E,27,",29.7,",E,07,",,,68.8,",E",92.4,",,,E",1.629,",E",2.011,",,,E",1.246,",,,E"
AGE00147705,1891-05-01,36.78,3.07,59.0,"ALGIERS VILLE UNIVERSITE, AG",46.6,E,34.1,",E",6.0,",E",3.0,",E",0.0,",E",0.0,",E",0.0,",E",0.0,",E",22.0,",E",0.0,",E",18910510.0,",,E",18910510.0,",,E",18910521.0,",,E",11.4,",E,10,",8.1,",,E,10,",28.2,",E,21,",,,18.4,",E",21.0,",,,E",1.884,",E",2.27,",,,E",1.498,",,,E"
AGE00147705,1891-06-01,36.78,3.07,59.0,"ALGIERS VILLE UNIVERSITE, AG",146.7,E,100.1,",E",2.0,",E",0.0,",E",0.0,",E",0.0,",E",0.0,",E",0.0,",E",29.0,",E",2.0,",E",18910612.0,",,E",18910630.0,"+,,E",18910630.0,",,E",15.6,",E,12,",0.5,",,E,30,+",35.5,",E,30,",,,0.0,",E",1.4,",,,E",2.1670000000000003,",E",2.568,",,,E",1.766,",,,E"
AGE00147705,1891-07-01,36.78,3.07,59.0,"ALGIERS VILLE UNIVERSITE, AG",377.5,E,230.8,",E",1.0,",E",0.0,",E",0.0,",E",0.0,",E",0.0,",E",0.0,",E",31.0,",E",8.0,",E",18910726.0,",,E",18910731.0,",,E",18910727.0,",,E",19.0,",E,26,",0.3,",,E,31,",36.2,",E,27,",0.0,E,0.0,",E",0.4,",,,E",2.5780000000000003,",E",2.9850000000000003,",,,E",2.1710000000000003,",,,E"
AGE00147705,1891-08-01,36.78,3.07,59.0,"ALGIERS VILLE UNIVERSITE, AG",588.2,E,210.7,",E",3.0,",E",0.0,",E",0.0,",E",0.0,",E",0.0,",E",0.0,",E",31.0,",E",5.0,",E",18910814.0,"+,,E",18910811.0,",,E",18910818.0,",,E",19.2,",E,14,+",1.4,",,E,11,",36.2,",E,18,",0.0,E,0.0,",E",2.8,",,,E",2.513,",E",2.862,",,,E",2.164,",,,E"
AGE00147705,1891-09-01,36.78,3.07,59.0,"ALGIERS VILLE UNIVERSITE, AG",756.1,E,167.9,",E",4.0,",E",1.0,",E",0.0,",E",0.0,",E",0.0,",E",0.0,",E",30.0,",E",2.0,",E",18910929.0,",,E",18910916.0,",,E",18910911.0,",,E",16.0,",E,29,",15.2,",,E,16,",33.6,",E,11,",0.0,E,0.0,",E",17.3,",,,E",2.393,",E",2.7239999999999998,",,,E",2.0620000000000003,",,,E"
AGE00147705,1891-10-01,36.78,3.07,59.0,"ALGIERS VILLE UNIVERSITE, AG",863.9,E,107.8,",E",5.0,",E",5.0,",E",0.0,",E",0.0,",E",0.0,",E",0.0,",E",28.0,",E",0.0,",E",18911026.0,",,E",18911024.0,",,E",18911024.0,",,E",13.3,",E,26,",19.4,",,E,24,",31.2,",E,24,",4.8,E,4.8,",E",58.5,",,,E",2.165,",E",2.5469999999999997,",,,E",1.784,",,,E"
AGE00147705,1891-11-01,36.78,3.07,59.0,"ALGIERS VILLE UNIVERSITE, AG",888.5,E,24.6,",E",12.0,",E",6.0,",E",1.0,",E",0.0,",E",0.0,",E",0.0,",E",16.0,",E",0.0,",E",18911103.0,",,E",18911108.0,",,E",18911113.0,",,E",11.2,",E,03,",50.0,",,E,08,",28.8,",E,13,",32.5,E,27.7,",E",98.8,",,,E",1.823,",E",2.202,",,,E",1.443,",,,E"
AGE00147705,1891-12-01,36.78,3.07,59.0,"ALGIERS VILLE UNIVERSITE, AG",888.5,E,0.0,",E",3.0,",E",2.0,",E",0.0,",E",0.0,",E",0.0,",E",0.0,",E",2.0,",E",0.0,",E",18911220.0,",,E",18911201.0,",,E",18911225.0,",,E",7.2,",E,20,",6.7,",,E,01,",21.6,",E,25,",145.3,E,112.8,",E",12.3,",,,E",1.47,",E",1.8329999999999997,",,,E",1.106,",,,E"
AGE00147705,1892-01-01,36.78,3.07,59.0,"ALGIERS VILLE UNIVERSITE, AG",,,,,11.0,"5,E",10.0,"5,E",1.0,"5,E",0.0,"5,E",0.0,"5,E",0.0,"5,E",2.0,"5,E",0.0,"5,E",18920110.0,",5,E",18920118.0,",5,E",18920112.0,",5,E",7.5,"5,E,10,",33.7,"5,,E,18,",25.8,"5,E,12,",,,,,119.0,"5,,,E",1.3519999999999999,"0,E",1.6969999999999998,"5,,,E",1.0070000000000001,"5,,,E"
AGE00147705,1892-02-01,36.78,3.07,59.0,"ALGIERS VILLE UNIVERSITE, AG",,,1.5,",E",15.0,",E",7.0,",E",1.0,",E",0.0,",E",0.0,",E",0.0,",E",7.0,",E",0.0,",E",18920211.0,",,E",18920210.0,",,E",18920221.0,",,E",4.2,",E,11,",29.5,",,E,10,",26.2,",E,21,",,,108.9,",E",103.5,",,,E",1.463,",E",1.891,",,,E",1.035,",,,E"
AGE00147705,1892-03-01,36.78,3.07,59.0,"ALGIERS VILLE UNIVERSITE, AG",,,0.3,"1,E",11.0,"1,E",6.0,"1,E",0.0,"1,E",0.0,",E",0.0,",E",0.0,"1,E",7.0,"1,E",0.0,"1,E",18920330.0,",,E",18920330.0,",1,E",18920309.0,",1,E",8.8,",E,30,",9.4,"1,,E,30,",22.8,"1,E,09,",,,84.7,"1,E",37.0,"1,,,E",1.548,"1,E",1.8850000000000002,"1,,,E",1.21,",,,E"
AGE00147705,1892-04-01,36.78,3.07,59.0,"ALGIERS VILLE UNIVERSITE, AG",,,1.1,"1,E",15.0,",E",8.0,",E",0.0,",E",0.0,"1,E",0.0,"1,E",0.0,",E",9.0,",E",0.0,",E",18920421.0,",1,E",18920402.0,",,E",18920426.0,"+,,E",9.0,"1,E,21,",15.0,",,E,02,",23.0,",E,26,+",,,59.4,",E",65.9,",,,E",1.6260000000000001,"1,E",1.954,",,,E",1.298,"1,,,E"
AGE00147705,1892-05-01,36.78,3.07,59.0,"ALGIERS VILLE UNIVERSITE, AG",,,63.8,",E",6.0,"1,E",2.0,"1,E",0.0,"1,E",0.0,",E",0.0,",E",0.0,",E",22.0,",E",2.0,",E",18920503.0,",,E",18920527.0,",1,E",18920526.0,",,E",10.4,",E,03,",8.0,"1,,E,27,",37.8,",E,26,",,,18.8,",E",15.0,"1,,,E",1.9780000000000002,",E",2.4,",,,E",1.556,",,,E"
AGE00147705,1892-06-01,36.78,3.07,59.0,"ALGIERS VILLE UNIVERSITE, AG",,,148.9,",E",1.0,",E",0.0,",E",0.0,",E",0.0,",E",0.0,",E",0.0,",E",30.0,",E",0.0,",E",18920601.0,",,E",18920614.0,",,E",18920623.0,",,E",17.2,",E,01,",0.9,",,E,14,",30.0,",E,23,",,,0.0,",E",1.0,",,,E",2.33,",E",2.715,",,,E",1.9440000000000002,",,,E"
AGE00147705,1892-07-01,36.78,3.07,59.0,"ALGIERS VILLE UNIVERSITE, AG",,,254.7,",E",0.0,",E",0.0,",E",0.0,",E",0.0,",E",0.0,",E",0.0,",E",31.0,",E",10.0,",E",18920725.0,",,E",18920705.0,"+,,E",18920711.0,",,E",19.0,",E,25,",0.1,",,E,05,+",41.5,",E,11,",0.0,E,0.0,",E",0.2,",,,E",2.6550000000000002,",E",3.0829999999999997,",,,E",2.227,",,,E"
AGE00147705,1892-08-01,36.78,3.07,59.0,"ALGIERS VILLE UNIVERSITE, AG",,,221.2,"2,E",1.0,"1,E",0.0,"1,E",0.0,"1,E",0.0,"1,E",0.0,"1,E",0.0,"1,E",30.0,"1,E",5.0,"1,E",18920815.0,",1,E",18920826.0,",1,E",18920807.0,",1,E",19.2,"1,E,15,",0.7,"1,,E,26,",39.0,"1,E,07,",0.0,E,0.0,"1,E",0.7,"1,,,E",2.591,"2,E",3.002,"1,,,E",2.179,"1,,,E"
AGE00147705,1892-09-01,36.78,3.07,59.0,"ALGIERS VILLE UNIVERSITE, AG",,,185.9,",E",3.0,",E",1.0,",E",0.0,",E",0.0,",E",0.0,",E",0.0,",E",30.0,",E",5.0,",E",18920911.0,",,E",18920928.0,",,E",18920917.0,",,E",18.0,",E,11,",3.9,",,E,28,",37.8,",E,17,",0.0,E,0.0,",E",5.8,",,,E",2.4530000000000003,",E",2.8649999999999998,",,,E",2.04,",,,E"
AGE00147705,1892-10-01,36.78,3.07,59.0,"ALGIERS VILLE UNIVERSITE, AG",,,101.4,"2,E",9.0,",E",6.0,",E",0.0,",E",0.0,"1,E",0.0,"1,E",0.0,"1,E",29.0,"1,E",0.0,"1,E",18921022.0,",1,E",18921005.0,",,E",18921028.0,",1,E",14.5,"1,E,22,",20.2,",,E,05,",31.2,"1,E,28,",0.8,E,0.8,"1,E",60.8,",,,E",2.1879999999999997,"2,E",2.574,"1,,,E",1.8010000000000002,"1,,,E"
AGE00147705,1892-11-01,36.78,3.07,59.0,"ALGIERS VILLE UNIVERSITE, AG",,,11.2,",E",4.0,",E",3.0,",E",0.0,",E",0.0,",E",0.0,",E",0.0,",E",14.0,",E",0.0,",E",18921130.0,",,E",18921127.0,",,E",18921116.0,",,E",10.8,",E,30,",19.4,",,E,27,",25.8,",E,16,",29.8,E,29.0,",E",41.1,",,,E",1.7739999999999998,",E",2.1109999999999998,",,,E",1.4369999999999998,",,,E"
AGE00147705,1892-12-01,36.78,3.07,59.0,"ALGIERS VILLE UNIVERSITE, AG",,,0.3,",E",16.0,",E",14.0,",E",2.0,",E",0.0,",E",0.0,",E",0.0,",E",2.0,",E",0.0,",E",18921215.0,",,E",18921221.0,",,E",18921203.0,",,E",7.6,",E,15,",47.8,",,E,21,",23.2,",E,03,",171.2,E,141.4,",E",200.7,",,,E",1.378,",E",1.65,",,,E",1.106,",,,E"
AGE00147705,1893-01-01,36.78,3.07,59.0,"ALGIERS VILLE UNIVERSITE, AG",0.0,E,0.0,"4,E",14.0,"1,E",9.0,"1,E",1.0,"1,E",0.0,"2,E",0.0,"2,E",0.0,"2,E",0.0,"2,E",0.0,"2,E",18930117.0,",2,E",18930112.0,",1,E",18930108.0,",2,E",4.4,"2,E,17,",33.0,"1,,E,12,",19.5,"2,E,08,",344.8,E,173.6,"2,E",86.4,"1,,,E",1.1869999999999998,"4,E",1.516,"2,,,E",0.857,"2,,,E"
AGE00147705,1893-02-01,36.78,3.07,59.0,"ALGIERS VILLE UNIVERSITE, AG",0.0,E,0.0,",E",7.0,",E",1.0,",E",0.0,",E",0.0,",E",0.0,",E",0.0,",E",2.0,",E",0.0,",E",18930207.0,",,E",18930205.0,",,E",18930215.0,",,E",7.2,",E,07,",4.5,",,E,05,",24.2,",E,15,",451.3,E,106.5,",E",9.6,",,,E",1.4529999999999998,",E",1.8190000000000002,",,,E",1.088,",,,E"
AGE00147705,1893-03-01,36.78,3.07,59.0,"ALGIERS VILLE UNIVERSITE, AG",2.2,E,2.2,",E",4.0,",E",3.0,",E",0.0,",E",0.0,",E",0.0,",E",0.0,",E",8.0,",E",0.0,",E",18930326.0,",,E",18930331.0,",,E",18930328.0,",,E",9.3,",E,26,",4.7,",,E,31,",25.0,",E,28,",530.6,E,79.3,",E",13.7,",,,E",1.585,",E",1.9300000000000002,",,,E",1.24,",,,E"
AGE00147705,1893-04-01,36.78,3.07,59.0,"ALGIERS VILLE UNIVERSITE, AG",27.8,E,25.6,",E",3.0,",E",1.0,",E",0.0,",E",0.0,",E",0.0,",E",0.0,",E",14.0,",E",0.0,",E",18930412.0,",,E",18930410.0,",,E",18930421.0,",,E",10.6,",E,12,",6.4,",,E,10,",30.2,",E,21,",579.0,E,48.4,",E",7.8,",,,E",1.7570000000000001,",E",2.138,",,,E",1.376,",,,E"
AGE00147705,1893-05-01,36.78,3.07,59.0,"ALGIERS VILLE UNIVERSITE, AG",91.3,E,63.5,",E",3.0,",E",2.0,",E",0.0,",E",0.0,",E",0.0,",E",0.0,",E",31.0,",E",0.0,",E",18930524.0,",,E",18930501.0,",,E",18930530.0,",,E",12.3,",E,24,",9.6,",,E,01,",28.2,",E,30,",580.1,E,1.1,",E",18.0,",,,E",2.035,",E",2.444,",,,E",1.6260000000000001,",,,E"
AGE00147705,1893-06-01,36.78,3.07,59.0,"ALGIERS VILLE UNIVERSITE, AG",241.3,E,150.0,",E",3.0,",E",2.0,",E",0.0,",E",0.0,",E",0.0,",E",0.0,",E",30.0,",E",5.0,",E",18930604.0,",,E",18930602.0,",,E",18930613.0,",,E",16.0,",E,04,",4.0,",,E,02,",36.8,",E,13,",580.1,E,0.0,",E",8.9,",,,E",2.3329999999999997,",E",2.761,",,,E",1.906,",,,E"
AGE00147705,1893-07-01,36.78,3.07,59.0,"ALGIERS VILLE UNIVERSITE, AG",440.8,E,199.5,",E",0.0,",E",0.0,",E",0.0,",E",0.0,",E",0.0,",E",0.0,",E",31.0,",E",3.0,",E",18930730.0,",,E",18930722.0,",,E",18930705.0,",,E",19.2,",E,30,",0.2,",,E,22,",34.8,",E,05,",0.0,E,0.0,",E",0.3,",,,E",2.477,",E",2.8600000000000003,",,,E",2.0940000000000003,",,,E"
AGE00147705,1893-08-01,36.78,3.07,59.0,"ALGIERS VILLE UNIVERSITE, AG",641.9,E,201.1,",E",1.0,",E",1.0,",E",0.0,",E",0.0,",E",0.0,",E",0.0,",E",31.0,",E",0.0,",E",18930810.0,",,E",18930803.0,",,E",18930803.0,",,E",19.0,",E,10,",3.7,",,E,03,",31.2,",E,03,",0.0,E,0.0,",E",3.7,",,,E",2.482,",E",2.859,",,,E",2.105,",,,E"
AGE00147705,1893-09-01,36.78,3.07,59.0,"ALGIERS VILLE UNIVERSITE, AG",853.1,E,211.2,"2,E",5.0,"1,E",1.0,"1,E",0.0,"1,E",0.0,"1,E",0.0,"1,E",0.0,"1,E",29.0,"1,E",6.0,"1,E",18930905.0,",1,E",18930924.0,",1,E",18930914.0,",1,E",18.4,"1,E,05,",4.6,"1,,E,24,",41.2,"1,E,14,",0.0,E,0.0,"1,E",7.8,"1,,,E",2.589,"2,E",3.022,"1,,,E",2.1559999999999997,"1,,,E"
AGE00147705,1893-10-01,36.78,3.07,59.0,"ALGIERS VILLE UNIVERSITE, AG",951.4,E,98.3,"3,E",5.0,"2,E",3.0,"2,E",1.0,"2,E",0.0,"2,E",0.0,"2,E",0.0,"2,E",29.0,"2,E",0.0,"2,E",18931021.0,",2,E",18931020.0,",2,E",18931004.0,",2,E",15.0,"2,E,21,",52.6,"2,,E,20,",29.2,"2,E,04,",0.0,E,0.0,"2,E",81.5,"2,,,E",2.178,"3,E",2.565,"2,,,E",1.7899999999999998,"2,,,E"
AGE00147705,1893-11-01,36.78,3.07,59.0,"ALGIERS VILLE UNIVERSITE, AG",975.8,E,24.4,"5,E",10.0,"2,E",8.0,"2,E",2.0,"2,E",0.0,"3,E",0.0,"3,E",0.0,"2,E",14.0,"2,E",0.0,"2,E",18931125.0,",3,E",18931129.0,",2,E",18931107.0,",2,E",4.8,"3,E,25,",93.5,"2,,E,29,",28.8,"2,E,07,",53.8,E,53.8,"2,E",206.0,"2,,,E",1.677,"5,E",2.029,"2,,,E",1.324,"3,,,E"
AGE00147705,1893-12-01,36.78,3.07,59.0,"ALGIERS VILLE UNIVERSITE, AG",975.8,E,0.0,",E",17.0,",E",11.0,",E",1.0,",E",0.0,",E",0.0,",E",0.0,",E",1.0,",E",0.0,",E",18931230.0,"+,,E",18931206.0,",,E",18931211.0,",,E",7.2,",E,30,+",35.5,",,E,06,",22.7,",E,11,",210.5,E,156.7,",E",130.3,",,,E",1.3279999999999998,",E",1.6489999999999998,",,,E",1.006,",,,E"
AGE00147705,1894-01-01,36.78,3.07,59.0,"ALGIERS VILLE UNIVERSITE, AG",0.0,E,0.0,",E",16.0,",E",10.0,",E",0.0,",E",0.0,",E",0.0,",E",0.0,",E",0.0,",E",0.0,",E",18940130.0,",,E",18940127.0,",,E",18940118.0,",,E",5.4,",E,30,",22.7,",,E,27,",19.8,",E,18,",397.7,E,187.2,",E",130.9,",,,E",1.23,",E",1.575,",,,E",0.884,",,,E"
AGE00147705,1894-02-01,36.78,3.07,59.0,"ALGIERS VILLE UNIVERSITE, AG",0.0,E,0.0,",E",9.0,",E",3.0,",E",0.0,",E",0.0,",E",0.0,",E",0.0,",E",2.0,",E",0.0,",E",18940201.0,",,E",18940219.0,",,E",18940228.0,",,E",7.5,",E,01,",21.9,",,E,19,",21.8,",E,28,",537.4,E,139.7,",E",50.7,",,,E",1.334,",E",1.674,",,,E",0.9949999999999999,",,,E"
AGE00147705,1894-03-01,36.78,3.07,59.0,"ALGIERS VILLE UNIVERSITE, AG",0.0,E,0.0,",E",14.0,",E",10.0,",E",1.0,",E",0.0,",E",0.0,",E",0.0,",E",1.0,",E",0.0,",E",18940322.0,",,E",18940318.0,",,E",18940309.0,",,E",7.2,",E,22,",38.2,",,E,18,",23.0,",E,09,",676.1,E,138.7,",E",110.7,",,,E",1.386,",E",1.6789999999999998,",,,E",1.093,",,,E"
AGE00147705,1894-04-01,36.78,3.07,59.0,"ALGIERS VILLE UNIVERSITE, AG",9.7,E,9.7,",E",11.0,",E",7.0,",E",0.0,",E",0.0,",E",0.0,",E",0.0,",E",12.0,",E",0.0,",E",18940429.0,",,E",18940429.0,",,E",18940426.0,",,E",10.2,",E,29,",11.2,",,E,29,",28.2,",E,26,",724.8,E,48.7,",E",46.8,",,,E",1.703,",E",2.091,",,,E",1.315,",,,E"
AGE00147705,1894-05-01,36.78,3.07,59.0,"ALGIERS VILLE UNIVERSITE, AG",38.2,E,28.5,",E",8.0,",E",2.0,",E",0.0,",E",0.0,",E",0.0,",E",0.0,",E",25.0,",E",0.0,",E",18940515.0,"+,,E",18940522.0,",,E",18940510.0,",,E",12.2,",E,15,+",3.3,",,E,22,",29.4,",E,10,",731.0,E,6.2,",E",10.4,",,,E",1.905,",E",2.305,",,,E",1.5050000000000001,",,,E"
AGE00147705,1894-06-01,36.78,3.07,59.0,"ALGIERS VILLE UNIVERSITE, AG",136.6,E,98.4,",E",3.0,",E",1.0,",E",0.0,",E",0.0,",E",0.0,",E",0.0,",E",29.0,",E",1.0,",E",18940601.0,",,E",18940613.0,",,E",18940626.0,",,E",14.4,",E,01,",5.5,",,E,13,",33.8,",E,26,",731.0,E,0.0,",E",7.7,",,,E",2.161,",E",2.56,",,,E",1.762,",,,E"
AGE00147705,1894-07-01,36.78,3.07,59.0,"ALGIERS VILLE UNIVERSITE, AG",358.6,E,222.0,",E",0.0,",E",0.0,",E",0.0,",E",0.0,",E",0.0,",E",0.0,",E",31.0,",E",7.0,",E",18940702.0,",,E",18940731.0,"+,,E",18940709.0,",,E",19.2,",E,02,",0.0,",,E,31,+",36.2,",E,09,",0.0,E,0.0,",E",0.0,",,,E",2.549,",E",2.955,",,,E",2.144,",,,E"
AGE00147705,1894-08-01,36.78,3.07,59.0,"ALGIERS VILLE UNIVERSITE, AG",595.7,E,237.1,",E",0.0,",E",0.0,",E",0.0,",E",0.0,",E",0.0,",E",0.0,",E",31.0,",E",10.0,",E",18940821.0,"+,,E",18940831.0,"+,,E",18940823.0,",,E",18.4,",E,21,+",0.0,",,E,31,+",42.2,",E,23,",0.0,E,0.0,",E",0.0,",,,E",2.598,",E",3.038,",,,E",2.158,",,,E"
AGE00147705,1894-09-01,36.78,3.07,59.0,"ALGIERS VILLE UNIVERSITE, AG",781.2,E,185.5,",E",4.0,",E",2.0,",E",0.0,",E",0.0,",E",0.0,",E",0.0,",E",30.0,",E",5.0,",E",18940911.0,",,E",18940911.0,",,E",18940902.0,",,E",18.2,",E,11,",4.0,",,E,11,",43.3,",E,02,",0.0,E,0.0,",E",10.5,",,,E",2.452,",E",2.817,",,,E",2.086,",,,E"
AGE00147705,1894-10-01,36.78,3.07,59.0,"ALGIERS VILLE UNIVERSITE, AG",906.2,E,125.0,",E",7.0,",E",0.0,",E",0.0,",E",0.0,",E",0.0,",E",0.0,",E",31.0,",E",3.0,",E",18941004.0,",,E",18941008.0,",,E",18941027.0,",,E",14.2,",E,04,",1.4,",,E,08,",34.5,",E,27,",0.2,E,0.2,",E",5.4,",,,E",2.2359999999999998,",E",2.622,",,,E",1.8489999999999998,",,,E"
AGE00147705,1894-11-01,36.78,3.07,59.0,"ALGIERS VILLE UNIVERSITE, AG",943.7,E,37.5,",E",6.0,",E",5.0,",E",0.0,",E",0.0,",E",0.0,",E",0.0,",E",19.0,",E",0.0,",E",18941129.0,"+,,E",18941119.0,",,E",18941103.0,",,E",12.2,",E,29,+",18.5,",,E,19,",28.8,",E,03,",22.9,E,22.7,",E",53.1,",,,E",1.8829999999999998,",E",2.211,",,,E",1.5550000000000002,",,,E"
AGE00147705,1894-12-01,36.78,3.07,59.0,"ALGIERS VILLE UNIVERSITE, AG",943.7,E,0.0,",E",18.0,",E",7.0,",E",1.0,",E",0.0,",E",0.0,",E",0.0,",E",1.0,",E",0.0,",E",18941231.0,",,E",18941207.0,",,E",18941204.0,",,E",7.4,",E,31,",30.5,",,E,07,",21.3,",E,04,",161.0,E,138.1,",E",114.3,",,,E",1.3880000000000001,",E",1.6780000000000002,",,,E",1.098,",,,E"
AGE00147705,1895-01-01,36.78,3.07,59.0,"ALGIERS VILLE UNIVERSITE, AG",0.0,E,0.0,"2,E",18.0,",E",14.0,",E",1.0,",E",0.0,"1,E",0.0,"1,E",0.0,"1,E",4.0,"1,E",0.0,"1,E",18950105.0,",1,E",18950107.0,",,E",18950120.0,",1,E",3.2,"1,E,05,",29.9,",,E,07,",23.2,"1,E,20,",342.7,E,181.7,"1,E",174.7,",,,E",1.1949999999999998,"2,E",1.551,"1,,,E",0.8400000000000001,"1,,,E"
AGE00147705,1895-02-01,36.78,3.07,59.0,"ALGIERS VILLE UNIVERSITE, AG",0.0,E,0.0,"3,E",11.0,"1,E",6.0,"1,E",0.0,"1,E",0.0,"2,E",0.0,"2,E",0.0,"1,E",7.0,"1,E",0.0,"1,E",18950201.0,",2,E",18950211.0,",1,E",18950226.0,"+,1,E",4.2,"2,E,01,",24.8,"1,,E,11,",22.2,"1,E,26,+",414.0,E,71.3,"1,E",67.5,"1,,,E",1.5310000000000001,"3,E",1.9280000000000002,"1,,,E",1.133,"2,,,E"
AGE00147705,1895-03-01,36.78,3.07,59.0,"ALGIERS VILLE UNIVERSITE, AG",6.7,E,6.7,"1,E",12.0,"1,E",6.0,"1,E",1.0,"1,E",0.0,"1,E",0.0,"1,E",0.0,",E",7.0,",E",0.0,",E",18950306.0,",1,E",18950311.0,",1,E",18950328.0,",,E",4.0,"1,E,06,",26.7,"1,,E,11,",31.0,",E,28,",525.0,E,111.0,",E",86.7,"1,,,E",1.4769999999999999,"1,E",1.845,",,,E",1.1099999999999999,"1,,,E"
AGE00147705,1895-04-01,36.78,3.07,59.0,"ALGIERS VILLE UNIVERSITE, AG",24.5,E,17.8,",E",7.0,",E",3.0,",E",0.0,",E",0.0,",E",0.0,",E",0.0,",E",11.0,",E",0.0,",E",18950402.0,",,E",18950409.0,",,E",18950425.0,",,E",10.4,",E,02,",6.2,",,E,09,",28.7,",E,25,",571.7,E,46.7,",E",18.9,",,,E",1.737,",E",2.102,",,,E",1.372,",,,E"
AGE00147705,1895-05-01,36.78,3.07,59.0,"ALGIERS VILLE UNIVERSITE, AG",54.3,E,29.8,",E",6.0,",E",5.0,",E",0.0,",E",0.0,",E",0.0,",E",0.0,",E",20.0,",E",0.0,",E",18950507.0,",,E",18950522.0,",,E",18950516.0,",,E",12.2,",E,07,",5.3,",,E,22,",26.8,",E,16,",587.8,E,16.1,",E",23.3,",,,E",1.877,",E",2.222,",,,E",1.533,",,,E"
AGE00147705,1895-06-01,36.78,3.07,59.0,"ALGIERS VILLE UNIVERSITE, AG",179.0,E,124.7,",E",5.0,",E",2.0,",E",0.0,",E",0.0,",E",0.0,",E",0.0,",E",30.0,",E",2.0,",E",18950604.0,",,E",18950603.0,",,E",18950627.0,",,E",14.8,",E,04,",13.2,",,E,03,",36.0,",E,27,",587.8,E,0.0,",E",22.6,",,,E",2.2489999999999997,",E",2.659,",,,E",1.839,",,,E"
AGE00147705,1895-07-01,36.78,3.07,59.0,"ALGIERS VILLE UNIVERSITE, AG",433.2,E,254.2,"1,E",0.0,",E",0.0,",E",0.0,",E",0.0,",E",0.0,",E",0.0,"1,E",30.0,"1,E",12.0,"1,E",18950725.0,",,E",18950731.0,"+,,E",18950722.0,",1,E",20.2,",E,25,",0.0,",,E,31,+",36.6,"1,E,22,",0.0,E,0.0,"1,E",0.0,",,,E",2.677,"1,E",3.0989999999999998,"1,,,E",2.254,",,,E"
AGE00147705,1895-08-01,36.78,3.07,59.0,"ALGIERS VILLE UNIVERSITE, AG",644.6,E,211.4,",E",2.0,",E",1.0,",E",0.0,",E",0.0,",E",0.0,",E",0.0,",E",31.0,",E",1.0,",E",18950822.0,",,E",18950825.0,",,E",18950804.0,",,E",18.4,",E,22,",8.3,",,E,25,",33.8,",E,04,",0.0,E,0.0,",E",9.4,",,,E",2.5149999999999997,",E",2.8739999999999997,",,,E",2.1559999999999997,",,,E"
AGE00147705,1895-09-01,36.78,3.07,59.0,"ALGIERS VILLE UNIVERSITE, AG",873.1,E,228.5,",E",1.0,",E",1.0,",E",0.0,",E",0.0,",E",0.0,",E",0.0,",E",30.0,",E",4.0,",E",18950929.0,"+,,E",18950920.0,",,E",18950922.0,",,E",20.2,",E,29,+",4.5,",,E,20,",34.0,",E,22,",0.0,E,0.0,",E",4.5,",,,E",2.5949999999999998,",E",2.947,",,,E",2.243,",,,E"
AGE00147705,1895-10-01,36.78,3.07,59.0,"ALGIERS VILLE UNIVERSITE, AG",1042.6,E,169.5,",E",6.0,",E",4.0,",E",1.0,",E",0.0,",E",0.0,",E",0.0,",E",30.0,",E",4.0,",E",18951031.0,"+,,E",18951030.0,",,E",18951003.0,",,E",16.0,",E,31,+",27.8,",,E,30,",33.4,",E,03,",0.0,E,0.0,",E",57.3,",,,E",2.38,",E",2.7670000000000003,",,,E",1.9929999999999999,",,,E"
AGE00147705,1895-11-01,36.78,3.07,59.0,"ALGIERS VILLE UNIVERSITE, AG",1092.1,E,49.5,",E",7.0,",E",2.0,",E",0.0,",E",0.0,",E",0.0,",E",0.0,",E",28.0,",E",0.0,",E",18951125.0,",,E",18951130.0,",,E",18951121.0,",,E",11.2,",E,25,",16.0,",,E,30,",28.6,",E,21,",3.0,E,3.0,",E",29.7,",,,E",1.988,",E",2.356,",,,E",1.621,",,,E"
AGE00147705,1895-12-01,36.78,3.07,59.0,"ALGIERS VILLE UNIVERSITE, AG",1094.0,E,1.9,",E",9.0,",E",6.0,",E",0.0,",E",0.0,",E",0.0,",E",0.0,",E",7.0,",E",0.0,",E",18951220.0,",,E",18951219.0,",,E",18951224.0,",,E",7.2,",E,20,",17.5,",,E,19,",26.0,",E,24,",80.7,E,77.7,",E",72.5,",,,E",1.589,",E",1.938,",,,E",1.24,",,,E"
AGE00147705,1896-01-01,36.78,3.07,59.0,"ALGIERS VILLE UNIVERSITE, AG",0.0,E,0.0,"2,E",9.0,",E",5.0,",E",1.0,",E",0.0,"1,E",0.0,"1,E",0.0,"1,E",1.0,"1,E",0.0,"1,E",18960111.0,",1,E",18960110.0,",,E",18960104.0,",1,E",3.0,"1,E,11,",40.5,",,E,10,",21.8,"1,E,04,",224.5,E,143.8,"1,E",85.6,",,,E",1.331,"2,E",1.675,"1,,,E",0.9869999999999999,"1,,,E"
AGE00147705,1896-02-01,36.78,3.07,59.0,"ALGIERS VILLE UNIVERSITE, AG",1.6,E,1.6,",E",6.0,",E",2.0,",E",0.0,",E",0.0,",E",0.0,",E",0.0,",E",2.0,",E",0.0,",E",18960226.0,",,E",18960225.0,",,E",18960218.0,",,E",7.8,",E,26,",8.3,",,E,25,",25.0,",E,18,",357.8,E,133.3,",E",18.6,",,,E",1.379,",E",1.741,",,,E",1.018,",,,E"
AGE00147705,1896-03-01,36.78,3.07,59.0,"ALGIERS VILLE UNIVERSITE, AG",2.9,E,1.3,",E",7.0,",E",5.0,",E",0.0,",E",0.0,",E",0.0,",E",0.0,",E",6.0,",E",0.0,",E",18960321.0,",,E",18960325.0,",,E",18960323.0,",,E",7.2,",E,21,",14.9,",,E,25,",26.2,",E,23,",445.2,E,87.4,",E",50.4,",,,E",1.556,",E",1.941,",,,E",1.171,",,,E"
AGE00147705,1896-04-01,36.78,3.07,59.0,"ALGIERS VILLE UNIVERSITE, AG",4.2,E,1.3,",E",5.0,",E",1.0,",E",0.0,",E",0.0,",E",0.0,",E",0.0,",E",4.0,",E",0.0,",E",18960407.0,"+,,E",18960410.0,",,E",18960430.0,",,E",9.0,",E,07,+",4.2,",,E,10,",28.0,",E,30,",542.0,E,96.8,",E",10.6,",,,E",1.5150000000000001,",E",1.855,",,,E",1.175,",,,E"
AGE00147705,1896-05-01,36.78,3.07,59.0,"ALGIERS VILLE UNIVERSITE, AG",18.7,E,14.5,",E",14.0,",E",7.0,",E",1.0,",E",0.0,",E",0.0,",E",0.0,",E",15.0,",E",0.0,",E",18960503.0,",,E",18960513.0,",,E",18960521.0,",,E",12.0,",E,03,",42.8,",,E,13,",25.6,",E,21,",570.6,E,28.6,",E",97.8,",,,E",1.7879999999999998,",E",2.1350000000000002,",,,E",1.441,",,,E"
AGE00147705,1896-06-01,36.78,3.07,59.0,"ALGIERS VILLE UNIVERSITE, AG",146.0,E,127.3,",E",6.0,",E",2.0,",E",0.0,",E",0.0,",E",0.0,",E",0.0,",E",30.0,",E",2.0,",E",18960607.0,"+,,E",18960627.0,",,E",18960624.0,",,E",16.2,",E,07,+",9.0,",,E,27,",34.0,",E,24,",570.6,E,0.0,",E",16.7,",,,E",2.258,",E",2.654,",,,E",1.861,",,,E"
AGE00147705,1896-07-01,36.78,3.07,59.0,"ALGIERS VILLE UNIVERSITE, AG",402.7,E,256.7,",E",1.0,",E",1.0,",E",0.0,",E",0.0,",E",0.0,",E",0.0,",E",31.0,",E",10.0,",E",18960701.0,",,E",18960728.0,",,E",18960708.0,",,E",16.2,",E,01,",4.2,",,E,28,",39.6,",E,08,",0.0,E,0.0,",E",4.2,",,,E",2.661,",E",3.114,",,,E",2.2079999999999997,",,,E"
AGE00147705,1896-08-01,36.78,3.07,59.0,"ALGIERS VILLE UNIVERSITE, AG",590.1,E,187.4,",E",3.0,",E",2.0,",E",0.0,",E",0.0,",E",0.0,",E",0.0,",E",31.0,",E",1.0,",E",18960830.0,",,E",18960821.0,",,E",18960819.0,",,E",17.0,",E,30,",11.6,",,E,21,",33.0,",E,19,",0.0,E,0.0,",E",14.7,",,,E",2.4379999999999997,",E",2.778,",,,E",2.098,",,,E"
AGE00147705,1896-09-01,36.78,3.07,59.0,"ALGIERS VILLE UNIVERSITE, AG",772.8,E,182.7,"2,E",0.0,",E",0.0,",E",0.0,",E",0.0,",E",0.0,",E",0.0,"2,E",28.0,"2,E",1.0,"2,E",18960927.0,",,E",18960930.0,"+,,E",18960913.0,",2,E",19.2,",E,27,",0.0,",,E,30,+",33.0,"2,E,13,",0.0,E,0.0,"2,E",0.0,",,,E",2.481,"2,E",2.8289999999999997,"2,,,E",2.132,",,,E"
AGE00147705,1896-10-01,36.78,3.07,59.0,"ALGIERS VILLE UNIVERSITE, AG",826.3,E,53.5,",E",15.0,",E",8.0,",E",2.0,",E",0.0,",E",0.0,",E",0.0,",E",26.0,",E",0.0,",E",18961015.0,",,E",18961003.0,",,E",18961028.0,",,E",12.2,",E,15,",32.2,",,E,03,",30.2,",E,28,",14.0,E,14.0,",E",131.5,",,,E",1.9609999999999999,",E",2.352,",,,E",1.5699999999999998,",,,E"
AGE00147705,1896-11-01,36.78,3.07,59.0,"ALGIERS VILLE UNIVERSITE, AG",828.3,E,2.0,",E",18.0,",E",13.0,",E",4.0,",E",0.0,",E",0.0,",E",0.0,",E",5.0,",E",0.0,",E",18961118.0,",,E",18961110.0,",,E",18961129.0,",,E",8.0,",E,18,",54.8,",,E,10,",24.2,",E,29,",116.8,E,102.8,",E",247.8,",,,E",1.498,",E",1.8370000000000002,",,,E",1.158,",,,E"
AGE00147705,1896-12-01,36.78,3.07,59.0,"ALGIERS VILLE UNIVERSITE, AG",828.3,E,0.0,",E",20.0,",E",13.0,",E",0.0,",E",0.0,",E",0.0,",E",0.0,",E",3.0,",E",0.0,",E",18961222.0,",,E",18961220.0,",,E",18961206.0,",,E",7.2,",E,22,",15.0,",,E,20,",22.6,",E,06,",257.8,E,141.0,",E",108.7,",,,E",1.378,",E",1.691,",,,E",1.066,",,,E"
AGE00147705,1897-01-01,36.78,3.07,59.0,"ALGIERS VILLE UNIVERSITE, AG",4.4,E,4.4,"2,E",13.0,"1,E",8.0,"1,E",0.0,"1,E",0.0,"1,E",0.0,"1,E",0.0,"1,E",5.0,"1,E",0.0,"1,E",18970125.0,",1,E",18970117.0,",1,E",18970108.0,",1,E",5.4,"1,E,25,",20.0,"1,,E,17,",27.6,"1,E,08,",406.6,E,148.8,"1,E",66.7,"1,,,E",1.339,"2,E",1.6940000000000002,"1,,,E",0.985,"1,,,E"
AGE00147705,1897-02-01,36.78,3.07,59.0,"ALGIERS VILLE UNIVERSITE, AG",4.4,E,0.0,",E",10.0,",E",6.0,",E",0.0,",E",0.0,",E",0.0,",E",0.0,",E",1.0,",E",0.0,",E",18970201.0,",,E",18970219.0,",,E",18970205.0,",,E",7.5,",E,01,",18.4,",,E,19,",22.4,",E,05,",530.2,E,123.6,",E",66.7,",,,E",1.392,",E",1.7309999999999999,",,,E",1.053,",,,E"
AGE00147705,1897-03-01,36.78,3.07,59.0,"ALGIERS VILLE UNIVERSITE, AG",23.4,E,19.0,"2,E",3.0,"1,E",2.0,"1,E",0.0,"1,E",0.0,"1,E",0.0,"1,E",0.0,"1,E",16.0,"1,E",0.0,"1,E",18970306.0,",1,E",18970330.0,",1,E",18970328.0,",1,E",9.4,"1,E,06,",8.6,"1,,E,30,",30.4,"1,E,28,",579.4,E,49.2,"1,E",14.0,"1,,,E",1.721,"2,E",2.154,"1,,,E",1.287,"1,,,E"
AGE00147705,1897-04-01,36.78,3.07,59.0,"ALGIERS VILLE UNIVERSITE, AG",50.0,E,26.6,",E",2.0,",E",1.0,",E",0.0,",E",0.0,",E",0.0,",E",0.0,",E",18.0,",E",0.0,",E",18970409.0,",,E",18970408.0,",,E",18970406.0,",,E",11.2,",E,09,",4.5,",,E,08,",29.6,",E,06,",603.8,E,24.4,",E",5.3,",,,E",1.8399999999999999,",E",2.217,",,,E",1.464,",,,E"
AGE00147705,1897-05-01,36.78,3.07,59.0,"ALGIERS VILLE UNIVERSITE, AG",100.0,E,50.0,",E",4.0,",E",0.0,",E",0.0,",E",0.0,",E",0.0,",E",0.0,",E",23.0,",E",0.0,",E",18970515.0,",,E",18970503.0,",,E",18970525.0,"+,,E",12.8,",E,15,",2.0,",,E,03,",29.0,",E,25,+",611.9,E,8.1,",E",3.6,",,,E",1.968,",E",2.356,",,,E",1.58,",,,E"
AGE00147705,1897-06-01,36.78,3.07,59.0,"ALGIERS VILLE UNIVERSITE, AG",235.3,E,135.3,",E",2.0,",E",1.0,",E",0.0,",E",0.0,",E",0.0,",E",0.0,",E",30.0,",E",1.0,",E",18970622.0,"+,,E",18970604.0,",,E",18970609.0,",,E",16.0,",E,22,+",5.1,",,E,04,",37.0,",E,09,",611.9,E,0.0,",E",5.5,",,,E",2.284,",E",2.684,",,,E",1.884,",,,E"
AGE00147705,1897-07-01,36.78,3.07,59.0,"ALGIERS VILLE UNIVERSITE, AG",468.2,E,232.9,"2,E",0.0,"1,E",0.0,"1,E",0.0,"1,E",0.0,"1,E",0.0,"1,E",0.0,"1,E",30.0,"1,E",9.0,"1,E",18970705.0,"+,1,E",18970731.0,"+,1,E",18970720.0,",1,E",20.0,"1,E,05,+",0.0,"1,,E,31,+",40.0,"1,E,20,",0.0,E,0.0,"1,E",0.0,"1,,,E",2.634,"2,E",3.054,"1,,,E",2.214,"1,,,E"
AGE00147705,1897-08-01,36.78,3.07,59.0,"ALGIERS VILLE UNIVERSITE, AG",722.7,E,254.5,",E",0.0,",E",0.0,",E",0.0,",E",0.0,",E",0.0,",E",0.0,",E",31.0,",E",5.0,",E",18970827.0,",,E",18970831.0,"+,,E",18970801.0,",,E",20.3,",E,27,",0.0,",,E,31,+",36.4,",E,01,",0.0,E,0.0,",E",0.0,",,,E",2.654,",E",3.051,",,,E",2.257,",,,E"
AGE00147705,1897-09-01,36.78,3.07,59.0,"ALGIERS VILLE UNIVERSITE, AG",885.7,E,163.0,",E",7.0,",E",2.0,",E",0.0,",E",0.0,",E",0.0,",E",0.0,",E",30.0,",E",3.0,",E",18970929.0,"+,,E",18970920.0,"+,,E",18970902.0,",,E",17.0,",E,29,+",6.5,",,E,20,+",34.6,",E,02,",0.0,E,0.0,",E",18.4,",,,E",2.377,",E",2.756,",,,E",1.998,",,,E"
AGE00147705,1897-10-01,36.78,3.07,59.0,"ALGIERS VILLE UNIVERSITE, AG",949.3,E,63.6,",E",5.0,",E",4.0,",E",1.0,",E",0.0,",E",0.0,",E",0.0,",E",31.0,",E",1.0,",E",18971003.0,",,E",18971002.0,",,E",18971015.0,",,E",13.8,",E,03,",37.2,",,E,02,",32.2,",E,15,",0.2,E,0.2,",E",55.3,",,,E",2.038,",E",2.397,",,,E",1.6780000000000002,",,,E"
AGE00147705,1897-11-01,36.78,3.07,59.0,"ALGIERS VILLE UNIVERSITE, AG",985.9,E,36.6,"1,E",11.0,",E",3.0,",E",0.0,",E",0.0,"1,E",0.0,"1,E",0.0,",E",19.0,",E",0.0,",E",18971128.0,",1,E",18971129.0,",,E",18971102.0,",,E",10.8,"1,E,28,",10.2,",,E,29,",28.7,",E,02,",18.7,E,18.5,",E",22.9,",,,E",1.8960000000000001,"1,E",2.228,",,,E",1.564,"1,,,E"
AGE00147705,1897-12-01,36.78,3.07,59.0,"ALGIERS VILLE UNIVERSITE, AG",985.9,E,0.0,",E",11.0,",E",9.0,",E",3.0,",E",0.0,",E",0.0,",E",0.0,",E",3.0,",E",0.0,",E",18971204.0,",,E",18971203.0,",,E",18971220.0,",,E",5.9,",E,04,",33.3,",,E,03,",22.0,",E,20,",147.1,E,128.4,",E",141.0,",,,E",1.419,",E",1.782,",,,E",1.056,",,,E"
AGE00147705,1898-01-01,36.78,3.07,59.0,"ALGIERS VILLE UNIVERSITE, AG",1.1,E,1.1,",E",9.0,",E",6.0,",E",0.0,",E",0.0,",E",0.0,",E",0.0,",E",3.0,",E",0.0,",E",18980120.0,",,E",18980119.0,",,E",18980105.0,",,E",7.6,",E,20,",22.4,",,E,19,",23.3,",E,05,",264.5,E,117.4,",E",60.1,",,,E",1.458,",E",1.779,",,,E",1.136,",,,E"
AGE00147705,1898-02-01,36.78,3.07,59.0,"ALGIERS VILLE UNIVERSITE, AG",1.1,E,0.0,",E",13.0,",E",8.0,",E",0.0,",E",0.0,",E",0.0,",E",0.0,",E",2.0,",E",0.0,",E",18980207.0,",,E",18980222.0,",,E",18980217.0,",,E",5.6,",E,07,",11.5,",,E,22,",22.0,",E,17,",410.8,E,146.3,",E",62.1,",,,E",1.311,",E",1.6649999999999998,",,,E",0.9560000000000001,",,,E"
AGE00147705,1898-03-01,36.78,3.07,59.0,"ALGIERS VILLE UNIVERSITE, AG",2.4,E,1.3,"2,E",15.0,"1,E",12.0,"1,E",3.0,"1,E",0.0,"1,E",0.0,"1,E",0.0,"1,E",3.0,"1,E",0.0,"1,E",18980326.0,",1,E",18980305.0,",1,E",18980320.0,",1,E",6.8,"1,E,26,",72.5,"1,,E,05,",25.6,"1,E,20,",527.2,E,116.4,"1,E",223.2,"1,,,E",1.439,"2,E",1.8039999999999998,"1,,,E",1.075,"1,,,E"
AGE00147705,1898-04-01,36.78,3.07,59.0,"ALGIERS VILLE UNIVERSITE, AG",6.8,E,4.4,",E",9.0,",E",5.0,",E",1.0,",E",0.0,",E",0.0,",E",0.0,",E",13.0,",E",0.0,",E",18980417.0,",,E",18980416.0,",,E",18980412.0,",,E",8.6,",E,17,",38.7,",,E,16,",25.5,",E,12,",590.9,E,63.7,",E",78.3,",,,E",1.6350000000000002,",E",2.018,",,,E",1.253,",,,E"
AGE00147705,1898-05-01,36.78,3.07,59.0,"ALGIERS VILLE UNIVERSITE, AG",62.1,E,55.3,",E",5.0,",E",1.0,",E",0.0,",E",0.0,",E",0.0,",E",0.0,",E",28.0,",E",0.0,",E",18980514.0,"+,,E",18980518.0,",,E",18980501.0,",,E",13.2,",E,14,+",3.4,",,E,18,",30.9,",E,01,",596.5,E,5.6,",E",6.5,",,,E",1.9940000000000002,",E",2.409,",,,E",1.5779999999999998,",,,E"
AGE00147705,1898-06-01,36.78,3.07,59.0,"ALGIERS VILLE UNIVERSITE, AG",189.4,E,127.3,",E",0.0,",E",0.0,",E",0.0,",E",0.0,",E",0.0,",E",0.0,",E",30.0,",E",2.0,",E",18980601.0,",,E",18980607.0,",,E",18980622.0,",,E",15.5,",E,01,",0.1,",,E,07,",35.5,",E,22,",596.5,E,0.0,",E",0.1,",,,E",2.258,",E",2.65,",,,E",1.866,",,,E"
AGE00147705,1898-07-01,36.78,3.07,59.0,"ALGIERS VILLE UNIVERSITE, AG",392.9,E,203.5,",E",2.0,",E",0.0,",E",0.0,",E",0.0,",E",0.0,",E",0.0,",E",31.0,",E",7.0,",E",18980705.0,",,E",18980704.0,",,E",18980727.0,",,E",17.2,",E,05,",1.4,",,E,04,",38.0,",E,27,",0.0,E,0.0,",E",1.9,",,,E",2.4899999999999998,",E",2.92,",,,E",2.059,",,,E"
AGE00147705,1898-08-01,36.78,3.07,59.0,"ALGIERS VILLE UNIVERSITE, AG",622.7,E,229.8,",E",0.0,",E",0.0,",E",0.0,",E",0.0,",E",0.0,",E",0.0,",E",31.0,",E",3.0,",E",18980811.0,",,E",18980831.0,"+,,E",18980808.0,",,E",16.6,",E,11,",0.0,",,E,31,+",37.0,",E,08,",0.0,E,0.0,",E",0.0,",,,E",2.575,",E",2.9579999999999997,",,,E",2.191,",,,E"
AGE00147705,1898-09-01,36.78,3.07,59.0,"ALGIERS VILLE UNIVERSITE, AG",802.9,E,180.2,",E",10.0,",E",6.0,",E",2.0,",E",0.0,",E",0.0,",E",0.0,",E",30.0,",E",2.0,",E",18980930.0,",,E",18980927.0,",,E",18980915.0,",,E",16.5,",E,30,",47.5,",,E,27,",37.0,",E,15,",0.0,E,0.0,",E",111.8,",,,E",2.434,",E",2.8440000000000003,",,,E",2.024,",,,E"
AGE00147705,1898-10-01,36.78,3.07,59.0,"ALGIERS VILLE UNIVERSITE, AG",912.5,E,109.6,",E",7.0,",E",6.0,",E",0.0,",E",0.0,",E",0.0,",E",0.0,",E",31.0,",E",0.0,",E",18981019.0,",,E",18981018.0,",,E",18981029.0,",,E",14.0,",E,19,",14.2,",,E,18,",30.8,",E,29,",0.7,E,0.7,",E",41.5,",,,E",2.185,",E",2.551,",,,E",1.8190000000000002,",,,E"
AGE00147705,1898-11-01,36.78,3.07,59.0,"ALGIERS VILLE UNIVERSITE, AG",933.6,E,21.1,",E",14.0,",E",10.0,",E",3.0,",E",0.0,",E",0.0,",E",0.0,",E",14.0,",E",0.0,",E",18981130.0,",,E",18981105.0,",,E",18981110.0,",,E",9.6,",E,30,",72.6,",,E,05,",30.0,",E,10,",41.1,E,40.4,",E",230.6,",,,E",1.7690000000000001,",E",2.119,",,,E",1.419,",,,E"
AGE00147705,1898-12-01,36.78,3.07,59.0,"ALGIERS VILLE UNIVERSITE, AG",933.6,E,0.0,",E",14.0,",E",10.0,",E",1.0,",E",0.0,",E",0.0,",E",0.0,",E",0.0,",E",0.0,",E",18981227.0,",,E",18981205.0,",,E",18981209.0,",,E",6.8,",E,27,",26.6,",,E,05,",19.7,",E,09,",183.5,E,142.4,",E",107.7,",,,E",1.374,",E",1.6989999999999998,",,,E",1.049,",,,E"
AGE00147705,1899-01-01,36.78,3.07,59.0,"ALGIERS VILLE UNIVERSITE, AG",0.0,E,0.0,",E",6.0,",E",2.0,",E",0.0,",E",0.0,",E",0.0,",E",0.0,",E",1.0,",E",0.0,",E",18990125.0,",,E",18990123.0,",,E",18990108.0,",,E",8.0,",E,25,",15.0,",,E,23,",21.5,",E,08,",299.0,E,115.5,",E",26.1,",,,E",1.4609999999999999,",E",1.8350000000000002,",,,E",1.0859999999999999,",,,E"
AGE00147705,1899-02-01,36.78,3.07,59.0,"ALGIERS VILLE UNIVERSITE, AG",12.2,E,12.2,",E",12.0,",E",5.0,",E",0.0,",E",0.0,",E",0.0,",E",0.0,",E",10.0,",E",0.0,",E",18990203.0,",,E",18990226.0,",,E",18990214.0,"+,,E",8.4,",E,03,",17.0,",,E,26,",28.2,",E,14,+",364.9,E,65.9,",E",45.9,",,,E",1.641,",E",2.033,",,,E",1.249,",,,E"
AGE00147705,1899-03-01,36.78,3.07,59.0,"ALGIERS VILLE UNIVERSITE, AG",12.6,E,0.4,",E",9.0,",E",7.0,",E",1.0,",E",0.0,",E",0.0,",E",0.0,",E",12.0,",E",0.0,",E",18990326.0,",,E",18990312.0,",,E",18990321.0,",,E",7.5,",E,26,",27.1,",,E,12,",24.6,",E,21,",453.8,E,88.9,",E",91.1,",,,E",1.548,",E",1.9309999999999998,",,,E",1.165,",,,E"
AGE00147705,1899-04-01,36.78,3.07,59.0,"ALGIERS VILLE UNIVERSITE, AG",36.9,E,24.3,",E",3.0,",E",1.0,",E",0.0,",E",0.0,",E",0.0,",E",0.0,",E",20.0,",E",0.0,",E",18990410.0,",,E",18990412.0,",,E",18990426.0,",,E",11.5,",E,10,",18.6,",,E,12,",28.4,",E,26,",471.8,E,18.0,",E",20.3,",,,E",1.8539999999999999,",E",2.273,",,,E",1.436,",,,E"
AGE00147705,1899-05-01,36.78,3.07,59.0,"ALGIERS VILLE UNIVERSITE, AG",98.1,E,61.2,",E",7.0,",E",3.0,",E",0.0,",E",0.0,",E",0.0,",E",0.0,",E",27.0,",E",0.0,",E",18990509.0,",,E",18990507.0,",,E",18990524.0,",,E",12.6,",E,09,",9.5,",,E,07,",30.4,",E,24,",475.4,E,3.6,",E",29.4,",,,E",2.019,",E",2.408,",,,E",1.6309999999999998,",,,E"
AGE00147705,1899-06-01,36.78,3.07,59.0,"ALGIERS VILLE UNIVERSITE, AG",231.8,E,133.7,",E",9.0,",E",3.0,",E",0.0,",E",0.0,",E",0.0,",E",0.0,",E",30.0,",E",1.0,",E",18990603.0,",,E",18990602.0,",,E",18990610.0,",,E",17.0,",E,03,",10.0,",,E,02,",40.8,",E,10,",475.4,E,0.0,",E",23.9,",,,E",2.279,",E",2.695,",,,E",1.863,",,,E"
AGE00147705,1899-07-01,36.78,3.07,59.0,"ALGIERS VILLE UNIVERSITE, AG",440.5,E,208.7,",E",3.0,",E",1.0,",E",0.0,",E",0.0,",E",0.0,",E",0.0,",E",31.0,",E",5.0,",E",18990704.0,",,E",18990705.0,",,E",18990723.0,",,E",17.3,",E,04,",8.2,",,E,05,",44.2,",E,23,",0.0,E,0.0,",E",10.2,",,,E",2.507,",E",2.9370000000000003,",,,E",2.076,",,,E"
AGE00147705,1899-08-01,36.78,3.07,59.0,"ALGIERS VILLE UNIVERSITE, AG",695.2,E,254.7,",E",1.0,",E",1.0,",E",0.0,",E",0.0,",E",0.0,",E",0.0,",E",31.0,",E",5.0,",E",18990804.0,",,E",18990807.0,",,E",18990816.0,",,E",21.0,",E,04,",2.6,",,E,07,",38.0,",E,16,",0.0,E,0.0,",E",2.6,",,,E",2.6550000000000002,",E",3.048,",,,E",2.262,",,,E"
AGE00147705,1899-09-01,36.78,3.07,59.0,"ALGIERS VILLE UNIVERSITE, AG",941.8,E,246.6,",E",4.0,",E",2.0,",E",1.0,",E",0.0,",E",0.0,",E",0.0,",E",30.0,",E",8.0,",E",18990918.0,",,E",18990917.0,",,E",18990908.0,",,E",17.4,",E,18,",34.0,",,E,17,",38.3,",E,08,",0.0,E,0.0,",E",42.1,",,,E",2.6550000000000002,",E",3.053,",,,E",2.258,",,,E"
AGE00147705,1899-10-01,36.78,3.07,59.0,"ALGIERS VILLE UNIVERSITE, AG",1133.0,E,191.2,",E",2.0,",E",0.0,",E",0.0,",E",0.0,",E",0.0,",E",0.0,",E",31.0,",E",4.0,",E",18991025.0,",,E",18991031.0,"+,,E",18991002.0,",,E",18.2,",E,25,",0.5,",,E,31,+",36.0,",E,02,",0.0,E,0.0,",E",1.2,",,,E",2.45,",E",2.8329999999999997,",,,E",2.067,",,,E"
AGE00147705,1899-11-01,36.78,3.07,59.0,"ALGIERS VILLE UNIVERSITE, AG",1196.9,E,63.9,",E",8.0,",E",6.0,",E",0.0,",E",0.0,",E",0.0,",E",0.0,",E",20.0,",E",1.0,",E",18991119.0,",,E",18991127.0,",,E",18991103.0,",,E",9.5,",E,19,",22.0,",,E,27,",33.4,",E,03,",26.6,E,26.6,",E",77.6,",,,E",1.9579999999999997,",E",2.353,",,,E",1.5619999999999998,",,,E"
AGE00147705,1899-12-01,36.78,3.07,59.0,"ALGIERS VILLE UNIVERSITE, AG",1198.4,E,1.5,",E",14.0,",E",11.0,",E",2.0,",E",0.0,",E",0.0,",E",0.0,",E",4.0,",E",0.0,",E",18991216.0,",,E",18991208.0,",,E",18991207.0,",,E",8.5,",E,16,",39.3,",,E,08,",25.2,",E,07,",142.7,E,116.1,",E",176.9,",,,E",1.464,",E",1.81,",,,E",1.117,",,,E"
AGE00147705,1900-01-01,36.78,3.07,59.0,"ALGIERS VILLE UNIVERSITE, AG",6.2,E,6.2,"2,E",14.0,"1,E",9.0,"1,E",0.0,"1,E",0.0,"1,E",0.0,"1,E",0.0,"1,E",3.0,"1,E",0.0,"1,E",19000114.0,",1,E",19000112.0,",1,E",19000101.0,",1,E",5.6,"1,E,14,",15.8,"1,,E,12,",25.4,"1,E,01,",282.4,E,139.7,"1,E",82.5,"1,,,E",1.3599999999999999,"2,E",1.7,"1,,,E",1.02,"1,,,E"
AGE00147705,1900-02-01,36.78,3.07,59.0,"ALGIERS VILLE UNIVERSITE, AG",24.7,E,18.5,"2,E",8.0,"1,E",6.0,"1,E",0.0,"1,E",0.0,"1,E",0.0,"1,E",0.0,"1,E",8.0,"1,E",0.0,"1,E",19000203.0,"+,1,E",19000220.0,",1,E",19000225.0,",1,E",9.4,"1,E,03,+",25.0,"1,,E,20,",30.8,"1,E,25,",341.0,E,58.6,"1,E",80.6,"1,,,E",1.69,"2,E",2.1109999999999998,"1,,,E",1.269,"1,,,E"
AGE00147705,1900-03-01,36.78,3.07,59.0,"ALGIERS VILLE UNIVERSITE, AG",,,,,14.0,"3,E",11.0,"3,E",1.0,"3,E",0.0,"3,E",0.0,"3,E",0.0,"3,E",4.0,"3,E",0.0,"3,E",19000307.0,",3,E",19000328.0,",3,E",19000310.0,",3,E",5.2,"3,E,07,",32.3,"3,,E,28,",24.9,"3,E,10,",,,,,85.0,"3,,,E",1.432,"6,E",1.7899999999999998,"3,,,E",1.074,"3,,,E"
AGE00147705,1900-04-01,36.78,3.07,59.0,"ALGIERS VILLE UNIVERSITE, AG",,,11.1,",E",8.0,",E",8.0,",E",0.0,",E",0.0,",E",0.0,",E",0.0,",E",8.0,",E",0.0,",E",19000407.0,",,E",19000407.0,",,E",19000426.0,",,E",8.3,",E,07,",19.0,",,E,07,",27.0,",E,26,",,,80.7,",E",84.6,",,,E",1.6010000000000002,",E",1.9809999999999999,",,,E",1.221,",,,E"
AGE00147705,1900-05-01,36.78,3.07,59.0,"ALGIERS VILLE UNIVERSITE, AG",,,43.8,"3,E",5.0,"2,E",5.0,"2,E",1.0,"2,E",0.0,"1,E",0.0,"1,E",0.0,"2,E",23.0,"2,E",1.0,"2,E",19000519.0,",1,E",19000520.0,",2,E",19000506.0,",2,E",12.8,"1,E,19,",42.3,"2,,E,20,",33.5,"2,E,06,",,,12.9,"2,E",89.2,"2,,,E",1.953,"3,E",2.3489999999999998,"2,,,E",1.557,"1,,,E"
AGE00147705,1900-06-01,36.78,3.07,59.0,"ALGIERS VILLE UNIVERSITE, AG",,,124.6,"4,E",5.0,"2,E",3.0,"2,E",0.0,"2,E",0.0,"3,E",0.0,"3,E",0.0,"2,E",28.0,"2,E",2.0,"2,E",19000604.0,",3,E",19000601.0,",2,E",19000622.0,",2,E",16.4,"3,E,04,",9.5,"2,,E,01,",33.8,"2,E,22,",,,0.0,"2,E",27.1,"2,,,E",2.299,"4,E",2.654,"2,,,E",1.943,"3,,,E"
AGE00147705,1900-07-01,36.78,3.07,59.0,"ALGIERS VILLE UNIVERSITE, AG",,,174.7,"2,E",3.0,"1,E",2.0,"1,E",0.0,"1,E",0.0,"1,E",0.0,"1,E",0.0,"1,E",30.0,"1,E",3.0,"1,E",19000706.0,",1,E",19000704.0,",1,E",19000729.0,",1,E",16.6,"1,E,06,",10.2,"1,,E,04,",35.6,"1,E,29,",0.0,E,0.0,"1,E",17.2,"1,,,E",2.436,"2,E",2.843,"1,,,E",2.029,"1,,,E"
AGE00147705,1900-08-01,36.78,3.07,59.0,"ALGIERS VILLE UNIVERSITE, AG",,,194.4,"2,E",4.0,",E",2.0,",E",0.0,",E",0.0,"2,E",0.0,"2,E",0.0,",E",31.0,",E",5.0,",E",19000813.0,",2,E",19000823.0,",,E",19000803.0,",,E",15.0,"2,E,13,",8.7,",,E,23,",37.0,",E,03,",0.0,E,0.0,",E",12.9,",,,E",2.498,"2,E",2.895,",,,E",2.102,"2,,,E"
AGE00147705,1900-09-01,36.78,3.07,59.0,"ALGIERS VILLE UNIVERSITE, AG",,,178.0,"2,E",5.0,"1,E",1.0,"1,E",0.0,"1,E",0.0,"1,E",0.0,"1,E",0.0,"1,E",29.0,"1,E",1.0,"1,E",19000929.0,",1,E",19000928.0,",1,E",19000905.0,",1,E",19.0,"1,E,29,",4.5,"1,,E,28,",32.6,"1,E,05,",0.0,E,0.0,"1,E",8.1,"1,,,E",2.477,"2,E",2.825,"1,,,E",2.128,"1,,,E"
AGE00147705,1900-10-01,36.78,3.07,59.0,"ALGIERS VILLE UNIVERSITE, AG",,,121.2,"2,E",9.0,"1,E",6.0,"1,E",0.0,"1,E",0.0,"1,E",0.0,"1,E",0.0,"1,E",30.0,"1,E",0.0,"1,E",19001027.0,",1,E",19001020.0,",1,E",19001006.0,",1,E",13.6,"1,E,27,",10.4,"1,,E,20,",30.6,"1,E,06,",0.0,E,0.0,"1,E",45.5,"1,,,E",2.248,"2,E",2.62,"1,,,E",1.877,"1,,,E"
AGE00147705,1900-11-01,36.78,3.07,59.0,"ALGIERS VILLE UNIVERSITE, AG",,,11.0,"2,E",19.0,",E",15.0,",E",2.0,",E",0.0,"1,E",0.0,"1,E",0.0,"1,E",9.0,"1,E",0.0,"1,E",19001130.0,",1,E",19001109.0,",,E",19001102.0,",1,E",7.0,"1,E,30,",55.0,",,E,09,",26.6,"1,E,02,",59.4,E,59.4,"1,E",228.3,",,,E",1.65,"2,E",1.986,"1,,,E",1.315,"1,,,E"
AGE00147705,1900-12-01,36.78,3.07,59.0,"ALGIERS VILLE UNIVERSITE, AG",,,0.0,"4,E",5.0,"2,E",3.0,"2,E",0.0,"2,E",0.0,"2,E",0.0,"2,E",0.0,"2,E",1.0,"2,E",0.0,"2,E",19001201.0,",2,E",19001202.0,",2,E",19001223.0,",2,E",7.5,"2,E,01,",14.6,"2,,E,02,",21.3,"2,E,23,",168.9,E,109.5,"2,E",29.4,"2,,,E",1.4369999999999998,"4,E",1.7879999999999998,"2,,,E",1.085,"2,,,E"
AGE00147705,1901-01-01,36.78,3.07,59.0,"ALGIERS VILLE UNIVERSITE, AG",0.0,E,0.0,",E",11.0,",E",6.0,",E",0.0,",E",0.0,",E",0.0,",E",0.0,",E",2.0,",E",0.0,",E",19010106.0,",,E",19010105.0,",,E",19010124.0,",,E",5.0,",E,06,",24.8,",,E,05,",23.8,",E,24,",322.0,E,153.1,",E",83.7,",,,E",1.339,",E",1.69,",,,E",0.9890000000000001,",,,E"
AGE00147705,1901-02-01,36.78,3.07,59.0,"ALGIERS VILLE UNIVERSITE, AG",0.0,E,0.0,",E",19.0,",E",10.0,",E",0.0,",E",0.0,",E",0.0,",E",0.0,",E",0.0,",E",0.0,",E",19010218.0,",,E",19010212.0,",,E",19010201.0,",,E",4.0,",E,18,",24.2,",,E,12,",20.7,",E,01,",508.9,E,186.9,",E",87.9,",,,E",1.166,",E",1.506,",,,E",0.826,",,,E"
AGE00147705,1901-03-01,36.78,3.07,59.0,"ALGIERS VILLE UNIVERSITE, AG",3.7,E,3.7,",E",14.0,",E",10.0,",E",1.0,",E",0.0,",E",0.0,",E",0.0,",E",8.0,",E",0.0,",E",19010309.0,",,E",19010309.0,",,E",19010330.0,",,E",4.8,",E,09,",28.2,",,E,09,",27.3,",E,30,",615.3,E,106.4,",E",122.9,",,,E",1.502,",E",1.9300000000000002,",,,E",1.075,",,,E"
AGE00147705,1901-05-01,36.78,3.07,59.0,"ALGIERS VILLE UNIVERSITE, AG",,,12.9,"1,E",11.0,"1,E",7.0,"1,E",0.0,"1,E",0.0,",E",0.0,",E",0.0,"1,E",17.0,"1,E",0.0,"1,E",19010513.0,"+,,E",19010523.0,",1,E",19010508.0,",1,E",12.4,",E,13,+",16.8,"1,,E,23,",27.6,"1,E,08,",,,15.5,"1,E",64.6,"1,,,E",1.831,"1,E",2.165,"1,,,E",1.496,",,,E"
AGE00147705,1901-06-01,36.78,3.07,59.0,"ALGIERS VILLE UNIVERSITE, AG",,,193.9,"1,E",1.0,",E",0.0,",E",0.0,",E",0.0,"1,E",0.0,"1,E",0.0,",E",30.0,",E",7.0,",E",19010621.0,",1,E",19010606.0,",,E",19010629.0,",,E",17.7,"1,E,21,",0.5,",,E,06,",42.9,",E,29,",,,0.0,",E",0.7,",,,E",2.498,"1,E",2.9530000000000003,",,,E",2.0420000000000003,"1,,,E"
AGE00147705,1901-07-01,36.78,3.07,59.0,"ALGIERS VILLE UNIVERSITE, AG",,,,,2.0,"3,E",0.0,"3,E",0.0,"3,E",0.0,"3,E",0.0,"3,E",0.0,"3,E",28.0,"3,E",7.0,"3,E",19010706.0,",3,E",19010730.0,",3,E",19010723.0,",3,E",19.4,"3,E,06,",1.3,"3,,E,30,",35.0,"3,E,23,",,,,,2.4,"3,,,E",2.6109999999999998,"6,E",2.9989999999999997,"3,,,E",2.223,"3,,,E"
AGE00147705,1901-08-01,36.78,3.07,59.0,"ALGIERS VILLE UNIVERSITE, AG",,,223.1,",E",3.0,",E",1.0,",E",0.0,",E",0.0,",E",0.0,",E",0.0,",E",31.0,",E",6.0,",E",19010819.0,",,E",19010825.0,",,E",19010825.0,",,E",18.6,",E,19,",2.8,",,E,25,",35.4,",E,25,",,,0.0,",E",4.4,",,,E",2.553,",E",2.9530000000000003,",,,E",2.153,",,,E"
AGE00147705,1901-09-01,36.78,3.07,59.0,"ALGIERS VILLE UNIVERSITE, AG",,,192.1,",E",6.0,",E",4.0,",E",0.0,",E",0.0,",E",0.0,",E",0.0,",E",30.0,",E",3.0,",E",19010924.0,",,E",19010929.0,",,E",19010901.0,",,E",16.8,",E,24,",21.0,",,E,29,",36.0,",E,01,",,,0.0,",E",34.9,",,,E",2.4739999999999998,",E",2.871,",,,E",2.076,",,,E"
AGE00147705,1901-10-01,36.78,3.07,59.0,"ALGIERS VILLE UNIVERSITE, AG",,,55.9,",E",15.0,",E",11.0,",E",2.0,",E",0.0,",E",0.0,",E",0.0,",E",22.0,",E",0.0,",E",19011028.0,",,E",19011027.0,",,E",19011005.0,",,E",11.0,",E,28,",58.5,",,E,27,",28.6,",E,05,",,,24.0,",E",169.8,",,,E",1.936,",E",2.2649999999999997,",,,E",1.607,",,,E"
AGE00147705,1901-11-01,36.78,3.07,59.0,"ALGIERS VILLE UNIVERSITE, AG",,,20.7,",E",13.0,",E",8.0,",E",0.0,",E",0.0,",E",0.0,",E",0.0,",E",7.0,",E",0.0,",E",19011129.0,",,E",19011121.0,",,E",19011117.0,",,E",9.0,",E,29,",23.9,",,E,21,",30.3,",E,17,",,,58.7,",E",68.2,",,,E",1.707,",E",2.052,",,,E",1.361,",,,E"
AGE00147705,1901-12-01,36.78,3.07,59.0,"ALGIERS VILLE UNIVERSITE, AG",,,0.0,",E",12.0,",E",11.0,",E",0.0,",E",0.0,",E",0.0,",E",0.0,",E",0.0,",E",0.0,",E",19011222.0,",,E",19011223.0,",,E",19011218.0,",,E",5.6,",E,22,",20.6,",,E,23,",20.3,",E,18,",,,164.0,",E",90.3,",,,E",1.3039999999999998,",E",1.643,",,,E",0.9650000000000001,",,,E"
AGE00147705,1902-01-01,36.78,3.07,59.0,"ALGIERS VILLE UNIVERSITE, AG",0.0,E,0.0,",E",5.0,",E",3.0,",E",0.0,",E",0.0,",E",0.0,",E",0.0,",E",0.0,",E",0.0,",E",19020131.0,",,E",19020130.0,",,E",19020124.0,",,E",3.2,",E,31,",11.1,",,E,30,",20.4,",E,24,",,,164.3,",E",23.7,",,,E",1.303,",E",1.658,",,,E",0.9490000000000001,",,,E"
AGE00147705,1902-02-01,36.78,3.07,59.0,"ALGIERS VILLE UNIVERSITE, AG",3.6,E,3.6,",E",10.0,",E",3.0,",E",0.0,",E",0.0,",E",0.0,",E",0.0,",E",9.0,",E",0.0,",E",19020202.0,"+,,E",19020221.0,",,E",19020207.0,",,E",4.2,",E,02,+",14.7,",,E,21,",26.2,",E,07,",,,95.5,",E",38.6,",,,E",1.5050000000000001,",E",1.8940000000000001,",,,E",1.116,",,,E"
AGE00147705,1902-03-01,36.78,3.07,59.0,"ALGIERS VILLE UNIVERSITE, AG",6.7,E,3.1,"2,E",8.0,"1,E",6.0,"1,E",0.0,"1,E",0.0,"1,E",0.0,"1,E",0.0,"1,E",9.0,"1,E",0.0,"1,E",19020325.0,",1,E",19020323.0,",1,E",19020330.0,",1,E",7.6,"1,E,25,",21.9,"1,,E,23,",27.0,"1,E,30,",,,73.1,"1,E",67.5,"1,,,E",1.5939999999999999,"2,E",2.023,"1,,,E",1.165,"1,,,E"
AGE00147705,1902-04-01,36.78,3.07,59.0,"ALGIERS VILLE UNIVERSITE, AG",34.2,E,27.5,",E",11.0,",E",4.0,",E",1.0,",E",0.0,",E",0.0,",E",0.0,",E",20.0,",E",1.0,",E",19020418.0,"+,,E",19020406.0,",,E",19020414.0,",,E",12.0,",E,18,+",26.3,",,E,06,",33.2,",E,14,",,,14.9,",E",56.6,",,,E",1.875,",E",2.31,",,,E",1.44,",,,E"
AGE00147705,1902-05-01,36.78,3.07,59.0,"ALGIERS VILLE UNIVERSITE, AG",57.7,E,23.5,",E",9.0,",E",5.0,",E",0.0,",E",0.0,",E",0.0,",E",0.0,",E",14.0,",E",0.0,",E",19020510.0,",,E",19020506.0,",,E",19020518.0,",,E",10.0,",E,10,",14.0,",,E,06,",29.0,",E,18,",,,37.4,",E",37.7,",,,E",1.7890000000000001,",E",2.181,",,,E",1.3960000000000001,",,,E"
AGE00147705,1902-06-01,36.78,3.07,59.0,"ALGIERS VILLE UNIVERSITE, AG",168.4,E,110.7,",E",2.0,",E",0.0,",E",0.0,",E",0.0,",E",0.0,",E",0.0,",E",30.0,",E",1.0,",E",19020612.0,",,E",19020627.0,"+,,E",19020608.0,",,E",15.6,",E,12,",0.3,",,E,27,+",35.8,",E,08,",,,0.0,",E",0.8,",,,E",2.202,",E",2.601,",,,E",1.8030000000000002,",,,E"
AGE00147705,1902-08-01,36.78,3.07,59.0,"ALGIERS VILLE UNIVERSITE, AG",,,267.4,"2,E",3.0,",E",2.0,",E",0.0,",E",0.0,"1,E",0.0,"1,E",0.0,"1,E",30.0,"1,E",12.0,"1,E",19020831.0,"+,1,E",19020829.0,",,E",19020808.0,",1,E",18.2,"1,E,31,+",8.7,",,E,29,",44.2,"1,E,08,",,,0.0,"1,E",15.8,",,,E",2.745,"2,E",3.217,"1,,,E",2.272,"1,,,E"
AGE00147705,1902-09-01,36.78,3.07,59.0,"ALGIERS VILLE UNIVERSITE, AG",,,175.2,",E",7.0,",E",4.0,",E",0.0,",E",0.0,",E",0.0,",E",0.0,",E",30.0,",E",2.0,",E",19020927.0,",,E",19020926.0,",,E",19020908.0,",,E",16.4,",E,27,",8.1,",,E,26,",40.2,",E,08,",,,0.0,",E",32.0,",,,E",2.4170000000000003,",E",2.7649999999999997,",,,E",2.07,",,,E"
AGE00147705,1902-10-01,36.78,3.07,59.0,"ALGIERS VILLE UNIVERSITE, AG",,,60.6,"4,E",10.0,"1,E",7.0,"1,E",1.0,"1,E",0.0,"2,E",0.0,"2,E",0.0,"2,E",22.0,"2,E",2.0,"2,E",19021027.0,",2,E",19021026.0,",1,E",19021008.0,",2,E",12.3,"2,E,27,",25.7,"1,,E,26,",35.4,"2,E,08,",,,7.9,"2,E",87.2,"1,,,E",2.036,"4,E",2.425,"2,,,E",1.6469999999999998,"2,,,E"
AGE00147705,1902-11-01,36.78,3.07,59.0,"ALGIERS VILLE UNIVERSITE, AG",,,23.9,",E",11.0,",E",7.0,",E",1.0,",E",0.0,",E",0.0,",E",0.0,",E",15.0,",E",0.0,",E",19021129.0,",,E",19021113.0,",,E",19021107.0,",,E",12.4,",E,29,",27.3,",,E,13,",28.6,",E,07,",,,28.6,",E",75.1,",,,E",1.818,",E",2.162,",,,E",1.473,",,,E"
AGE00147705,1902-12-01,36.78,3.07,59.0,"ALGIERS VILLE UNIVERSITE, AG",,,0.0,",E",13.0,",E",7.0,",E",2.0,",E",0.0,",E",0.0,",E",0.0,",E",1.0,",E",0.0,",E",19021231.0,",,E",19021214.0,",,E",19021210.0,",,E",7.2,",E,31,",63.3,",,E,14,",23.0,",E,10,",,,118.1,",E",155.6,",,,E",1.452,",E",1.7559999999999998,",,,E",1.1480000000000001,",,,E"
AGE00147705,1903-01-01,36.78,3.07,59.0,"ALGIERS VILLE UNIVERSITE, AG",4.6,E,4.6,"2,E",11.0,"1,E",5.0,"1,E",0.0,"1,E",0.0,"1,E",0.0,"1,E",0.0,"1,E",3.0,"1,E",0.0,"1,E",19030101.0,",1,E",19030119.0,",1,E",19030110.0,",1,E",6.6,"1,E,01,",7.9,"1,,E,19,",24.8,"1,E,10,",,,121.5,"1,E",26.1,"1,,,E",1.425,"2,E",1.7730000000000001,"1,,,E",1.077,"1,,,E"
AGE00147705,1903-02-01,36.78,3.07,59.0,"ALGIERS VILLE UNIVERSITE, AG",4.6,E,0.0,",E",3.0,",E",2.0,",E",0.0,",E",0.0,",E",0.0,",E",0.0,",E",3.0,",E",0.0,",E",19030209.0,",,E",19030202.0,",,E",19030223.0,",,E",3.6,",E,09,",8.0,",,E,02,",22.8,",E,23,",,,134.3,",E",12.1,",,,E",1.3539999999999999,",E",1.748,",,,E",0.96,",,,E"
AGE00147705,1903-03-01,36.78,3.07,59.0,"ALGIERS VILLE UNIVERSITE, AG",9.4,E,4.8,",E",8.0,",E",4.0,",E",0.0,",E",0.0,",E",0.0,",E",0.0,",E",5.0,",E",0.0,",E",19030310.0,",,E",19030316.0,",,E",19030326.0,",,E",7.3,",E,10,",13.7,",,E,16,",27.2,",E,26,",,,96.3,",E",43.1,",,,E",1.538,",E",1.904,",,,E",1.1720000000000002,",,,E"
AGE00147705,1903-04-01,36.78,3.07,59.0,"ALGIERS VILLE UNIVERSITE, AG",20.7,E,11.3,",E",5.0,",E",3.0,",E",0.0,",E",0.0,",E",0.0,",E",0.0,",E",10.0,",E",0.0,",E",19030411.0,",,E",19030422.0,",,E",19030429.0,"+,,E",9.4,",E,11,",19.0,",,E,22,",26.6,",E,29,+",,,72.4,",E",40.2,",,,E",1.6300000000000001,",E",2.018,",,,E",1.241,",,,E"
AGE00147705,1903-05-01,36.78,3.07,59.0,"ALGIERS VILLE UNIVERSITE, AG",61.1,E,40.4,",E",6.0,",E",3.0,",E",0.0,",E",0.0,",E",0.0,",E",0.0,",E",26.0,",E",0.0,",E",19030514.0,",,E",19030513.0,",,E",19030503.0,",,E",12.0,",E,14,",4.7,",,E,13,",27.5,",E,03,",,,14.4,",E",13.8,",,,E",1.9170000000000003,",E",2.315,",,,E",1.519,",,,E"
AGE00147705,1903-06-01,36.78,3.07,59.0,"ALGIERS VILLE UNIVERSITE, AG",147.0,E,85.9,",E",7.0,",E",2.0,",E",1.0,",E",0.0,",E",0.0,",E",0.0,",E",29.0,",E",0.0,",E",19030603.0,",,E",19030602.0,",,E",19030616.0,"+,,E",13.2,",E,03,",38.6,",,E,02,",28.6,",E,16,+",,,1.6,",E",48.1,",,,E",2.1149999999999998,",E",2.5149999999999997,",,,E",1.714,",,,E"
AGE00147705,1903-07-01,36.78,3.07,59.0,"ALGIERS VILLE UNIVERSITE, AG",323.4,E,176.4,",E",1.0,",E",1.0,",E",0.0,",E",0.0,",E",0.0,",E",0.0,",E",31.0,",E",2.0,",E",19030704.0,",,E",19030713.0,",,E",19030730.0,",,E",18.3,",E,04,",3.7,",,E,13,",35.2,",E,30,",0.0,E,0.0,",E",3.7,",,,E",2.402,",E",2.786,",,,E",2.018,",,,E"
AGE00147705,1903-08-01,36.78,3.07,59.0,"ALGIERS VILLE UNIVERSITE, AG",521.0,E,197.6,"2,E",0.0,"1,E",0.0,"1,E",0.0,"1,E",0.0,"1,E",0.0,"1,E",0.0,"1,E",30.0,"1,E",6.0,"1,E",19030827.0,",1,E",19030831.0,"+,1,E",19030819.0,",1,E",17.8,"1,E,27,",0.0,"1,,E,31,+",37.0,"1,E,19,",0.0,E,0.0,"1,E",0.0,"1,,,E",2.512,"2,E",2.955,"1,,,E",2.069,"1,,,E"
AGE00147705,1903-09-01,36.78,3.07,59.0,"ALGIERS VILLE UNIVERSITE, AG",672.1,E,151.1,"1,E",3.0,",E",1.0,",E",0.0,",E",0.0,"1,E",0.0,"1,E",0.0,",E",30.0,",E",3.0,",E",19030910.0,",1,E",19030925.0,",,E",19030911.0,",,E",15.0,"1,E,10,",2.7,",,E,25,",34.0,",E,11,",0.0,E,0.0,",E",4.9,",,,E",2.357,"1,E",2.716,",,,E",1.9969999999999999,"1,,,E"
AGE00147705,1903-10-01,36.78,3.07,59.0,"ALGIERS VILLE UNIVERSITE, AG",,,,,7.0,"3,E",4.0,"3,E",1.0,"3,E",0.0,"3,E",0.0,"3,E",0.0,"3,E",26.0,"3,E",2.0,"3,E",19031031.0,"+,3,E",19031029.0,",3,E",19031015.0,",3,E",12.2,"3,E,31,+",41.8,"3,,E,29,",38.5,"3,E,15,",,,,,89.4,"3,,,E",2.216,"6,E",2.627,"3,,,E",1.8050000000000002,"3,,,E"
AGE00147705,1903-11-01,36.78,3.07,59.0,"ALGIERS VILLE UNIVERSITE, AG",,,3.8,",E",14.0,",E",6.0,",E",2.0,",E",0.0,",E",0.0,",E",0.0,",E",11.0,",E",0.0,",E",19031121.0,",,E",19031130.0,",,E",19031102.0,",,E",9.6,",E,21,",69.7,",,E,30,",24.0,",E,02,",,,49.5,",E",169.9,",,,E",1.6809999999999998,",E",2.0010000000000003,",,,E",1.361,",,,E"
AGE00147705,1903-12-01,36.78,3.07,59.0,"ALGIERS VILLE UNIVERSITE, AG",,,0.8,"2,E",19.0,"1,E",10.0,"1,E",0.0,"1,E",0.0,"1,E",0.0,"1,E",0.0,"1,E",1.0,"1,E",0.0,"1,E",19031228.0,"+,1,E",19031203.0,",1,E",19031210.0,",1,E",7.2,"1,E,28,+",24.4,"1,,E,03,",23.8,"1,E,10,",,,149.8,"1,E",105.2,"1,,,E",1.322,"2,E",1.6280000000000001,"1,,,E",1.017,"1,,,E"
AGE00147705,1904-01-01,36.78,3.07,59.0,"ALGIERS VILLE UNIVERSITE, AG",0.0,E,0.0,",E",20.0,",E",16.0,",E",4.0,",E",0.0,",E",0.0,",E",0.0,",E",0.0,",E",0.0,",E",19040121.0,",,E",19040119.0,",,E",19040116.0,"+,,E",5.8,",E,21,",57.5,",,E,19,",19.0,",E,16,+",,,194.6,",E",240.5,",,,E",1.205,",E",1.5050000000000001,",,,E",0.906,",,,E"
AGE00147705,1904-02-01,36.78,3.07,59.0,"ALGIERS VILLE UNIVERSITE, AG",3.4,E,3.4,",E",13.0,",E",6.0,",E",0.0,",E",0.0,",E",0.0,",E",0.0,",E",7.0,",E",0.0,",E",19040220.0,",,E",19040204.0,",,E",19040214.0,",,E",5.0,",E,20,",22.2,",,E,04,",26.0,",E,14,",,,122.1,",E",77.9,",,,E",1.424,",E",1.812,",,,E",1.036,",,,E"
AGE00147705,1904-03-01,36.78,3.07,59.0,"ALGIERS VILLE UNIVERSITE, AG",4.7,E,1.3,",E",15.0,",E",10.0,",E",0.0,",E",0.0,",E",0.0,",E",0.0,",E",4.0,",E",0.0,",E",19040301.0,",,E",19040317.0,",,E",19040308.0,",,E",6.6,",E,01,",21.0,",,E,17,",25.3,",E,08,",,,125.6,",E",105.7,",,,E",1.432,",E",1.7850000000000001,",,,E",1.08,",,,E"
AGE00147705,1904-04-01,36.78,3.07,59.0,"ALGIERS VILLE UNIVERSITE, AG",19.4,E,14.7,",E",12.0,",E",7.0,",E",0.0,",E",0.0,",E",0.0,",E",0.0,",E",12.0,",E",0.0,",E",19040429.0,",,E",19040426.0,",,E",19040414.0,",,E",9.8,",E,29,",24.5,",,E,26,",31.0,",E,14,",,,65.6,",E",94.4,",,,E",1.6640000000000001,",E",2.038,",,,E",1.2890000000000001,",,,E"
AGE00147705,1904-05-01,36.78,3.07,59.0,"ALGIERS VILLE UNIVERSITE, AG",98.9,E,79.5,",E",1.0,",E",0.0,",E",0.0,",E",0.0,",E",0.0,",E",0.0,",E",28.0,",E",1.0,",E",19040501.0,",,E",19040506.0,",,E",19040525.0,",,E",12.6,",E,01,",1.3,",,E,06,",32.5,",E,25,",,,5.7,",E",1.3,",,,E",2.071,",E",2.491,",,,E",1.6510000000000002,",,,E"
AGE00147705,1904-06-01,36.78,3.07,59.0,"ALGIERS VILLE UNIVERSITE, AG",243.6,E,144.7,",E",3.0,",E",1.0,",E",0.0,",E",0.0,",E",0.0,",E",0.0,",E",29.0,",E",1.0,",E",19040611.0,",,E",19040608.0,",,E",19040627.0,",,E",15.0,",E,11,",2.7,",,E,08,",32.7,",E,27,",,,0.0,",E",5.2,",,,E",2.316,",E",2.731,",,,E",1.9,",,,E"
AGE00147705,1904-07-01,36.78,3.07,59.0,"ALGIERS VILLE UNIVERSITE, AG",483.8,E,240.2,",E",0.0,",E",0.0,",E",0.0,",E",0.0,",E",0.0,",E",0.0,",E",31.0,",E",5.0,",E",19040704.0,",,E",19040731.0,"+,,E",19040704.0,",,E",19.4,",E,04,",0.0,",,E,31,+",37.6,",E,04,",0.0,E,0.0,",E",0.0,",,,E",2.6079999999999997,",E",3.06,",,,E",2.1559999999999997,",,,E"
AGE00147705,1904-08-01,36.78,3.07,59.0,"ALGIERS VILLE UNIVERSITE, AG",761.6,E,277.8,",E",0.0,",E",0.0,",E",0.0,",E",0.0,",E",0.0,",E",0.0,",E",31.0,",E",11.0,",E",19040828.0,",,E",19040831.0,"+,,E",19040816.0,",,E",20.5,",E,28,",0.0,",,E,31,+",39.5,",E,16,",0.0,E,0.0,",E",0.0,",,,E",2.729,",E",3.1550000000000002,",,,E",2.304,",,,E"
AGE00147705,1904-09-01,36.78,3.07,59.0,"ALGIERS VILLE UNIVERSITE, AG",918.3,E,156.7,",E",7.0,",E",5.0,",E",0.0,",E",0.0,",E",0.0,",E",0.0,",E",30.0,",E",0.0,",E",19040930.0,",,E",19040928.0,",,E",19040907.0,",,E",14.2,",E,30,",17.3,",,E,28,",31.2,",E,07,",0.0,E,0.0,",E",42.8,",,,E",2.356,",E",2.762,",,,E",1.9489999999999998,",,,E"
AGE00147705,1904-10-01,36.78,3.07,59.0,"ALGIERS VILLE UNIVERSITE, AG",1007.7,E,89.4,",E",8.0,",E",2.0,",E",0.0,",E",0.0,",E",0.0,",E",0.0,",E",31.0,",E",0.0,",E",19041011.0,",,E",19041001.0,",,E",19041007.0,",,E",13.2,",E,11,",16.0,",,E,01,",32.0,",E,07,",0.4,E,0.4,",E",31.9,",,,E",2.12,",E",2.5260000000000002,",,,E",1.7149999999999999,",,,E"
AGE00147705,1904-11-01,36.78,3.07,59.0,"ALGIERS VILLE UNIVERSITE, AG",1019.8,E,12.1,"2,E",7.0,",E",4.0,",E",0.0,",E",0.0,"1,E",0.0,"1,E",0.0,"1,E",14.0,"1,E",0.0,"1,E",19041125.0,",1,E",19041124.0,",,E",19041105.0,",1,E",6.6,"1,E,25,",23.2,",,E,24,",25.6,"1,E,05,",40.9,E,40.5,"1,E",59.0,",,,E",1.717,"2,E",2.087,"1,,,E",1.348,"1,,,E"
AGE00147705,1904-12-01,36.78,3.07,59.0,"ALGIERS VILLE UNIVERSITE, AG",1019.8,E,0.0,",E",16.0,",E",10.0,",E",1.0,",E",0.0,",E",0.0,",E",0.0,",E",2.0,",E",0.0,",E",19041229.0,",,E",19041210.0,",,E",19041207.0,",,E",8.0,",E,29,",32.1,",,E,10,",22.6,",E,07,",146.1,E,105.2,",E",117.4,",,,E",1.494,",E",1.8359999999999999,",,,E",1.152,",,,E"
AGE00147705,1905-01-01,36.78,3.07,59.0,"ALGIERS VILLE UNIVERSITE, AG",,,,,12.0,"4,E",6.0,"4,E",1.0,"4,E",0.0,"5,E",0.0,"5,E",0.0,"5,E",0.0,"5,E",0.0,"5,E",19050103.0,",5,E",19050103.0,",4,E",19050110.0,",5,E",0.8,"5,E,03,",38.2,"4,,E,03,",19.0,"5,E,10,",,,,,94.2,"4,,,E",1.174,"8,E",1.5310000000000001,"5,,,E",0.817,"5,,,E"
AGE00147705,1905-02-01,36.78,3.07,59.0,"ALGIERS VILLE UNIVERSITE, AG",,,0.0,"2,E",12.0,",E",7.0,",E",0.0,",E",0.0,"1,E",0.0,"1,E",0.0,"1,E",0.0,"1,E",0.0,"1,E",19050222.0,",1,E",19050220.0,",,E",19050228.0,",1,E",2.6,"1,E,22,",23.4,",,E,20,",18.8,"1,E,28,",,,173.1,"1,E",89.3,",,,E",1.167,"2,E",1.542,"1,,,E",0.792,"1,,,E"
AGE00147705,1905-03-01,36.78,3.07,59.0,"ALGIERS VILLE UNIVERSITE, AG",,,11.3,"3,E",7.0,"1,E",5.0,"1,E",0.0,"1,E",0.0,"1,E",0.0,"1,E",0.0,"2,E",15.0,"2,E",0.0,"2,E",19050304.0,",1,E",19050303.0,",1,E",19050328.0,",2,E",4.0,"1,E,04,",24.0,"1,,E,03,",28.0,"2,E,28,",,,78.0,"2,E",69.5,"1,,,E",1.613,"3,E",2.057,"2,,,E",1.17,"1,,,E"
AGE00147705,1905-04-01,36.78,3.07,59.0,"ALGIERS VILLE UNIVERSITE, AG",,,25.2,",E",6.0,",E",3.0,",E",0.0,",E",0.0,",E",0.0,",E",0.0,",E",18.0,",E",0.0,",E",19050422.0,",,E",19050421.0,",,E",19050404.0,",,E",10.2,",E,22,",12.2,",,E,21,",31.5,",E,04,",,,21.7,",E",35.4,",,,E",1.845,",E",2.256,",,,E",1.433,",,,E"
AGE00147705,1905-05-01,36.78,3.07,59.0,"ALGIERS VILLE UNIVERSITE, AG",,,26.4,"2,E",7.0,"1,E",4.0,"1,E",2.0,"1,E",0.0,"1,E",0.0,"1,E",0.0,"1,E",14.0,"1,E",0.0,"1,E",19050506.0,",1,E",19050526.0,",1,E",19050502.0,"+,1,E",11.2,"1,E,06,",60.5,"1,,E,26,",28.6,"1,E,02,+",,,20.6,"1,E",108.5,"1,,,E",1.8489999999999998,"2,E",2.19,"1,,,E",1.508,"1,,,E"
AGE00147705,1905-06-01,36.78,3.07,59.0,"ALGIERS VILLE UNIVERSITE, AG",,,132.5,"2,E",3.0,"1,E",2.0,"1,E",0.0,"1,E",0.0,"1,E",0.0,"1,E",0.0,"1,E",28.0,"1,E",2.0,"1,E",19050611.0,"+,1,E",19050607.0,",1,E",19050627.0,",1,E",15.6,"1,E,11,+",11.7,"1,,E,07,",37.2,"1,E,27,",,,0.0,"1,E",19.1,"1,,,E",2.315,"2,E",2.7510000000000003,"1,,,E",1.879,"1,,,E"
AGE00147705,1905-07-01,36.78,3.07,59.0,"ALGIERS VILLE UNIVERSITE, AG",,,218.7,",E",1.0,",E",0.0,",E",0.0,",E",0.0,",E",0.0,",E",0.0,",E",31.0,",E",2.0,",E",19050702.0,",,E",19050702.0,",,E",19050702.0,",,E",19.8,",E,02,",0.4,",,E,02,",35.0,",E,02,",0.0,E,0.0,",E",0.6,",,,E",2.539,",E",2.909,",,,E",2.169,",,,E"
AGE00147705,1905-08-01,36.78,3.07,59.0,"ALGIERS VILLE UNIVERSITE, AG",,,225.6,"3,E",1.0,"2,E",1.0,"2,E",0.0,"2,E",0.0,"2,E",0.0,"2,E",0.0,"2,E",29.0,"2,E",7.0,"2,E",19050821.0,"+,2,E",19050825.0,",2,E",19050804.0,",2,E",20.5,"2,E,21,+",3.7,"2,,E,25,",38.2,"2,E,04,",0.0,E,0.0,"2,E",3.7,"2,,,E",2.653,"3,E",3.051,"2,,,E",2.254,"2,,,E"
AGE00147705,1905-09-01,36.78,3.07,59.0,"ALGIERS VILLE UNIVERSITE, AG",,,181.5,"2,E",5.0,"1,E",2.0,"1,E",0.0,"1,E",0.0,"1,E",0.0,"1,E",0.0,"1,E",29.0,"1,E",3.0,"1,E",19050927.0,",1,E",19050929.0,",1,E",19050916.0,",1,E",16.6,"1,E,27,",10.7,"1,,E,29,",41.2,"1,E,16,",0.0,E,0.0,"1,E",18.6,"1,,,E",2.487,"2,E",2.907,"1,,,E",2.068,"1,,,E"
AGE00147705,1905-10-01,36.78,3.07,59.0,"ALGIERS VILLE UNIVERSITE, AG",,,60.2,",E",12.0,",E",7.0,",E",1.0,",E",0.0,",E",0.0,",E",0.0,",E",23.0,",E",2.0,",E",19051030.0,"+,,E",19051013.0,",,E",19051024.0,"+,,E",13.2,",E,30,+",27.1,",,E,13,",32.6,",E,24,+",13.6,E,13.6,",E",92.8,",,,E",1.984,",E",2.339,",,,E",1.6280000000000001,",,,E"
AGE00147705,1905-11-01,36.78,3.07,59.0,"ALGIERS VILLE UNIVERSITE, AG",,,5.2,",E",14.0,",E",8.0,",E",1.0,",E",0.0,",E",0.0,",E",0.0,",E",12.0,",E",0.0,",E",19051130.0,",,E",19051120.0,",,E",19051118.0,",,E",10.2,",E,30,",27.5,",,E,20,",29.0,",E,18,",63.9,E,50.3,",E",80.4,",,,E",1.6829999999999998,",E",2.051,",,,E",1.314,",,,E"
AGE00147705,1905-12-01,36.78,3.07,59.0,"ALGIERS VILLE UNIVERSITE, AG",,,0.0,"2,E",14.0,"1,E",8.0,"1,E",1.0,"1,E",0.0,"1,E",0.0,"1,E",0.0,"1,E",0.0,"1,E",0.0,"1,E",19051212.0,",1,E",19051205.0,",1,E",19051229.0,",1,E",8.2,"1,E,12,",42.4,"1,,E,05,",20.4,"1,E,29,",209.8,E,145.9,"1,E",110.8,"1,,,E",1.333,"2,E",1.637,"1,,,E",1.029,"1,,,E"
AGE00147705,1906-01-01,36.78,3.07,59.0,"ALGIERS VILLE UNIVERSITE, AG",1.0,E,1.0,",E",11.0,",E",7.0,",E",2.0,",E",0.0,",E",0.0,",E",0.0,",E",3.0,",E",0.0,",E",19060124.0,",,E",19060123.0,",,E",19060101.0,",,E",3.2,",E,24,",38.2,",,E,23,",25.0,",E,01,",368.1,E,158.3,",E",120.9,",,,E",1.326,",E",1.638,",,,E",1.014,",,,E"
AGE00147705,1906-02-01,36.78,3.07,59.0,"ALGIERS VILLE UNIVERSITE, AG",1.0,E,0.0,",E",18.0,",E",10.0,",E",1.0,",E",0.0,",E",0.0,",E",0.0,",E",1.0,",E",0.0,",E",19060206.0,"+,,E",19060205.0,",,E",19060227.0,",,E",2.2,",E,06,+",28.3,",,E,05,",23.6,",E,27,",565.7,E,197.6,",E",142.6,",,,E",1.128,",E",1.51,",,,E",0.745,",,,E"
AGE00147705,1906-03-01,36.78,3.07,59.0,"ALGIERS VILLE UNIVERSITE, AG",1.8,E,0.8,"4,E",12.0,",E",6.0,",E",0.0,",E",0.0,"2,E",0.0,"2,E",0.0,"2,E",8.0,"2,E",0.0,"2,E",19060324.0,",2,E",19060329.0,",,E",19060319.0,",2,E",4.0,"2,E,24,",17.6,",,E,29,",24.4,"2,E,19,",652.6,E,86.9,"2,E",68.3,",,,E",1.496,"4,E",1.904,"2,,,E",1.088,"2,,,E"
AGE00147705,1906-04-01,36.78,3.07,59.0,"ALGIERS VILLE UNIVERSITE, AG",4.8,E,3.0,"2,E",7.0,"1,E",5.0,"1,E",0.0,"1,E",0.0,"1,E",0.0,"1,E",0.0,"1,E",6.0,"1,E",0.0,"1,E",19060425.0,",1,E",19060420.0,",1,E",19060411.0,",1,E",6.0,"1,E,25,",20.0,"1,,E,20,",28.2,"1,E,11,",729.4,E,76.8,"1,E",48.0,"1,,,E",1.5699999999999998,"2,E",1.9280000000000002,"1,,,E",1.212,"1,,,E"
AGE00147705,1906-05-01,36.78,3.07,59.0,"ALGIERS VILLE UNIVERSITE, AG",21.3,E,16.5,"3,E",6.0,"1,E",0.0,"1,E",0.0,"1,E",0.0,"2,E",0.0,"2,E",0.0,"1,E",20.0,"1,E",0.0,"1,E",19060506.0,",2,E",19060509.0,",1,E",19060531.0,",1,E",12.0,"2,E,06,",2.2,"1,,E,09,",31.4,"1,E,31,",745.0,E,15.6,"1,E",5.8,"1,,,E",1.8579999999999999,"3,E",2.255,"1,,,E",1.4609999999999999,"2,,,E"
AGE00147705,1906-06-01,36.78,3.07,59.0,"ALGIERS VILLE UNIVERSITE, AG",,,,,3.0,"3,E",1.0,"3,E",0.0,"3,E",0.0,"3,E",0.0,"3,E",0.0,"3,E",26.0,"3,E",2.0,"3,E",19060619.0,",3,E",19060613.0,",3,E",19060602.0,",3,E",13.4,"3,E,19,",6.4,"3,,E,13,",37.5,"3,E,02,",,,,,8.9,"3,,,E",2.243,"6,E",2.657,"3,,,E",1.829,"3,,,E"
AGE00147705,1906-07-01,36.78,3.07,59.0,"ALGIERS VILLE UNIVERSITE, AG",,,187.8,",E",3.0,",E",1.0,",E",0.0,",E",0.0,",E",0.0,",E",0.0,",E",31.0,",E",3.0,",E",19060715.0,",,E",19060708.0,",,E",19060723.0,",,E",18.5,",E,15,",8.7,",,E,08,",34.6,",E,23,",0.0,E,0.0,",E",10.8,",,,E",2.439,",E",2.832,",,,E",2.0460000000000003,",,,E"
AGE00147705,1906-08-01,36.78,3.07,59.0,"ALGIERS VILLE UNIVERSITE, AG",,,,,0.0,"5,E",0.0,"5,E",0.0,"5,E",0.0,"5,E",0.0,"5,E",0.0,"5,E",26.0,"5,E",7.0,"5,E",19060820.0,",5,E",19060831.0,"+,5,E",19060806.0,",5,E",19.3,"5,E,20,",0.0,"5,,E,31,+",38.5,"5,E,06,",,,,,0.0,"5,,,E",2.634,"0,E",3.036,"5,,,E",2.232,"5,,,E"
AGE00147705,1906-09-01,36.78,3.07,59.0,"ALGIERS VILLE UNIVERSITE, AG",,,181.2,",E",6.0,",E",4.0,",E",0.0,",E",0.0,",E",0.0,",E",0.0,",E",28.0,",E",4.0,",E",19060930.0,",,E",19060929.0,",,E",19060908.0,",,E",16.0,",E,30,",23.7,",,E,29,",36.2,",E,08,",,,1.0,",E",55.1,",,,E",2.434,",E",2.804,",,,E",2.064,",,,E"
AGE00147705,1906-10-01,36.78,3.07,59.0,"ALGIERS VILLE UNIVERSITE, AG",,,88.8,",E",6.0,",E",5.0,",E",1.0,",E",0.0,",E",0.0,",E",0.0,",E",30.0,",E",0.0,",E",19061013.0,",,E",19061014.0,",,E",19061022.0,",,E",10.2,",E,13,",29.0,",,E,14,",31.2,",E,22,",,,6.4,",E",85.1,",,,E",2.0989999999999998,",E",2.536,",,,E",1.6620000000000001,",,,E"
AGE00147705,1906-11-01,36.78,3.07,59.0,"ALGIERS VILLE UNIVERSITE, AG",,,17.4,"2,E",10.0,"1,E",5.0,"1,E",0.0,"1,E",0.0,"1,E",0.0,"1,E",0.0,"1,E",8.0,"1,E",0.0,"1,E",19061121.0,"+,1,E",19061112.0,",1,E",19061105.0,",1,E",11.6,"1,E,21,+",15.0,"1,,E,12,",29.4,"1,E,05,",,,45.0,"1,E",47.3,"1,,,E",1.7329999999999999,"2,E",2.089,"1,,,E",1.377,"1,,,E"
AGE00147705,1906-12-01,36.78,3.07,59.0,"ALGIERS VILLE UNIVERSITE, AG",,,0.0,"2,E",21.0,",E",12.0,",E",2.0,",E",0.0,"1,E",0.0,"1,E",0.0,"1,E",2.0,"1,E",0.0,"1,E",19061230.0,"+,1,E",19061228.0,",,E",19061208.0,",1,E",4.0,"1,E,30,+",50.3,",,E,28,",21.8,"1,E,08,",,,150.9,"1,E",177.5,",,,E",1.3,"2,E",1.6460000000000001,"1,,,E",0.954,"1,,,E"
AGE00147705,1907-01-01,36.78,3.07,59.0,"ALGIERS VILLE UNIVERSITE, AG",0.0,E,0.0,",E",14.0,",E",8.0,",E",0.0,",E",0.0,",E",0.0,",E",0.0,",E",0.0,",E",0.0,",E",19070128.0,",,E",19070130.0,",,E",19070102.0,",,E",4.0,",E,28,",16.9,",,E,30,",21.0,",E,02,",,,196.8,",E",75.0,",,,E",1.198,",E",1.5130000000000001,",,,E",0.884,",,,E"
AGE00147705,1907-02-01,36.78,3.07,59.0,"ALGIERS VILLE UNIVERSITE, AG",0.0,E,0.0,",E",18.0,",E",14.0,",E",0.0,",E",0.0,",E",0.0,",E",0.0,",E",0.0,",E",0.0,",E",19070203.0,",,E",19070214.0,",,E",19070220.0,",,E",0.6,",E,03,",18.9,",,E,14,",20.8,",E,20,",,,207.2,",E",133.8,",,,E",1.093,",E",1.454,",,,E",0.733,",,,E"
AGE00147705,1907-03-01,36.78,3.07,59.0,"ALGIERS VILLE UNIVERSITE, AG",0.0,E,0.0,",E",5.0,",E",4.0,",E",0.0,",E",0.0,",E",0.0,",E",0.0,",E",2.0,",E",0.0,",E",19070314.0,"+,,E",19070307.0,",,E",19070320.0,",,E",4.8,",E,14,+",13.7,",,E,07,",21.5,",E,20,",,,149.9,",E",40.8,",,,E",1.35,",E",1.73,",,,E",0.969,",,,E"
AGE00147705,1907-04-01,36.78,3.07,59.0,"ALGIERS VILLE UNIVERSITE, AG",5.2,E,5.2,"2,E",13.0,"1,E",9.0,"1,E",0.0,"1,E",0.0,"1,E",0.0,"1,E",0.0,"1,E",12.0,"1,E",0.0,"1,E",19070418.0,",1,E",19070418.0,",1,E",19070427.0,",1,E",6.1,"1,E,18,",17.9,"1,,E,18,",27.0,"1,E,27,",,,73.2,"1,E",78.3,"1,,,E",1.589,"2,E",2.0,"1,,,E",1.178,"1,,,E"
AGE00147705,1907-05-01,36.78,3.07,59.0,"ALGIERS VILLE UNIVERSITE, AG",41.3,E,36.1,",E",5.0,",E",2.0,",E",0.0,",E",0.0,",E",0.0,",E",0.0,",E",21.0,",E",0.0,",E",19070503.0,",,E",19070514.0,",,E",19070504.0,",,E",10.6,",E,03,",10.8,",,E,14,",32.0,",E,04,",,,17.7,",E",22.2,",,,E",1.8920000000000001,",E",2.301,",,,E",1.484,",,,E"
AGE00147705,1907-06-01,36.78,3.07,59.0,"ALGIERS VILLE UNIVERSITE, AG",192.1,E,150.8,",E",1.0,",E",0.0,",E",0.0,",E",0.0,",E",0.0,",E",0.0,",E",30.0,",E",3.0,",E",19070614.0,",,E",19070612.0,",,E",19070621.0,",,E",15.8,",E,14,",0.6,",,E,12,",39.5,",E,21,",,,0.0,",E",0.7,",,,E",2.336,",E",2.782,",,,E",1.89,",,,E"
AGE00147705,1907-07-01,36.78,3.07,59.0,"ALGIERS VILLE UNIVERSITE, AG",333.6,E,141.5,"4,E",0.0,"2,E",0.0,"2,E",0.0,"2,E",0.0,"2,E",0.0,"2,E",0.0,"2,E",29.0,"2,E",2.0,"2,E",19070714.0,",2,E",19070731.0,"+,2,E",19070716.0,",2,E",17.6,"2,E,14,",0.0,"2,,E,31,+",34.6,"2,E,16,",0.0,E,0.0,"2,E",0.0,"2,,,E",2.359,"4,E",2.754,"2,,,E",1.9649999999999999,"2,,,E"
AGE00147705,1907-08-01,36.78,3.07,59.0,"ALGIERS VILLE UNIVERSITE, AG",565.0,E,231.4,"1,E",0.0,",E",0.0,",E",0.0,",E",0.0,"1,E",0.0,"1,E",0.0,",E",31.0,",E",7.0,",E",19070823.0,",1,E",19070831.0,"+,,E",19070806.0,",,E",17.8,"1,E,23,",0.0,",,E,31,+",40.4,",E,06,",0.0,E,0.0,",E",0.0,",,,E",2.5940000000000003,"1,E",2.993,",,,E",2.195,"1,,,E"
AGE00147705,1907-09-01,36.78,3.07,59.0,"ALGIERS VILLE UNIVERSITE, AG",741.4,E,176.4,",E",7.0,"1,E",5.0,"1,E",1.0,"1,E",0.0,",E",0.0,",E",0.0,",E",30.0,",E",1.0,",E",19070917.0,",,E",19070917.0,",1,E",19070904.0,",,E",16.3,",E,17,",32.7,"1,,E,17,",32.8,",E,04,",0.0,E,0.0,",E",78.5,"1,,,E",2.4210000000000003,",E",2.768,",,,E",2.075,",,,E"
AGE00147705,1907-10-01,36.78,3.07,59.0,"ALGIERS VILLE UNIVERSITE, AG",810.1,E,68.7,"2,E",14.0,",E",11.0,",E",2.0,",E",0.0,"1,E",0.0,"1,E",0.0,"1,E",26.0,"1,E",2.0,"1,E",19071018.0,",1,E",19071024.0,",,E",19071012.0,",1,E",11.0,"1,E,18,",57.7,",,E,24,",33.5,"1,E,12,",13.2,E,13.2,"1,E",159.7,",,,E",2.045,"2,E",2.5309999999999997,"1,,,E",1.559,"1,,,E"
AGE00147705,1907-11-01,36.78,3.07,59.0,"ALGIERS VILLE UNIVERSITE, AG",840.0,E,29.9,",E",8.0,",E",6.0,",E",0.0,",E",0.0,",E",0.0,",E",0.0,",E",12.0,",E",0.0,",E",19071127.0,",,E",19071122.0,",,E",19071101.0,",,E",9.0,",E,27,",23.3,",,E,22,",30.3,",E,01,",45.8,E,32.6,",E",61.8,",,,E",1.825,",E",2.177,",,,E",1.472,",,,E"
AGE00147705,1907-12-01,36.78,3.07,59.0,"ALGIERS VILLE UNIVERSITE, AG",843.4,E,3.4,",E",12.0,",E",4.0,",E",0.0,",E",0.0,",E",0.0,",E",0.0,",E",8.0,",E",0.0,",E",19071227.0,",,E",19071227.0,",,E",19071201.0,",,E",9.8,",E,27,",5.9,",,E,27,",23.4,",E,01,",122.3,E,76.5,",E",24.8,",,,E",1.597,",E",1.943,",,,E",1.252,",,,E"
AGE00147705,1908-01-01,36.78,3.07,59.0,"ALGIERS VILLE UNIVERSITE, AG",0.0,E,0.0,",E",11.0,",E",8.0,",E",2.0,",E",0.0,",E",0.0,",E",0.0,",E",1.0,",E",0.0,",E",19080131.0,",,E",19080129.0,",,E",19080112.0,",,E",5.8,",E,31,",43.2,",,E,29,",22.0,",E,12,",258.4,E,136.1,",E",135.2,",,,E",1.394,",E",1.7489999999999999,",,,E",1.04,",,,E"
AGE00147705,1908-02-01,36.78,3.07,59.0,"ALGIERS VILLE UNIVERSITE, AG",0.0,E,0.0,"1,E",14.0,"1,E",10.0,"1,E",0.0,"1,E",0.0,"1,E",0.0,"1,E",0.0,",E",0.0,",E",0.0,",E",19080204.0,",1,E",19080202.0,",1,E",19080220.0,",,E",1.5,"1,E,04,",20.4,"1,,E,02,",20.0,",E,20,",433.2,E,174.8,",E",76.7,"1,,,E",1.216,"1,E",1.592,",,,E",0.8400000000000001,"1,,,E"
AGE00147705,1908-03-01,36.78,3.07,59.0,"ALGIERS VILLE UNIVERSITE, AG",0.0,E,0.0,",E",16.0,",E",15.0,",E",1.0,",E",0.0,",E",0.0,",E",0.0,",E",3.0,",E",0.0,",E",19080318.0,",,E",19080302.0,",,E",19080331.0,",,E",5.6,",E,18,",28.6,",,E,02,",22.6,",E,31,",594.5,E,161.3,",E",168.9,",,,E",1.3130000000000002,",E",1.6789999999999998,",,,E",0.9470000000000001,",,,E"
AGE00147705,1908-04-01,36.78,3.07,59.0,"ALGIERS VILLE UNIVERSITE, AG",8.1,E,8.1,",E",13.0,",E",11.0,",E",1.0,",E",0.0,",E",0.0,",E",0.0,",E",9.0,",E",0.0,",E",19080408.0,",,E",19080412.0,",,E",19080428.0,",,E",5.6,",E,08,",28.4,",,E,12,",31.7,",E,28,",695.2,E,100.7,",E",103.1,",,,E",1.525,",E",1.952,",,,E",1.097,",,,E"
AGE00147705,1908-05-01,36.78,3.07,59.0,"ALGIERS VILLE UNIVERSITE, AG",86.0,E,77.9,",E",5.0,",E",2.0,",E",0.0,",E",0.0,",E",0.0,",E",0.0,",E",25.0,",E",1.0,",E",19080502.0,",,E",19080531.0,",,E",19080511.0,",,E",13.6,",E,02,",2.8,",,E,31,",38.8,",E,11,",698.7,E,3.5,",E",9.6,",,,E",2.073,",E",2.502,",,,E",1.645,",,,E"
AGE00147705,1908-06-01,36.78,3.07,59.0,"ALGIERS VILLE UNIVERSITE, AG",190.9,E,104.9,",E",4.0,",E",1.0,",E",0.0,",E",0.0,",E",0.0,",E",0.0,",E",30.0,",E",1.0,",E",19080621.0,",,E",19080616.0,",,E",19080607.0,",,E",15.5,",E,21,",6.6,",,E,16,",32.4,",E,07,",698.7,E,0.0,",E",10.7,",,,E",2.183,",E",2.6,",,,E",1.766,",,,E"
AGE00147705,1908-07-01,36.78,3.07,59.0,"ALGIERS VILLE UNIVERSITE, AG",389.2,E,198.3,",E",2.0,",E",1.0,",E",0.0,",E",0.0,",E",0.0,",E",0.0,",E",31.0,",E",2.0,",E",19080720.0,",,E",19080731.0,",,E",19080709.0,",,E",19.0,",E,20,",7.1,",,E,31,",34.6,",E,09,",0.0,E,0.0,",E",7.9,",,,E",2.473,",E",2.8449999999999998,",,,E",2.101,",,,E"
AGE00147705,1908-08-01,36.78,3.07,59.0,"ALGIERS VILLE UNIVERSITE, AG",641.9,E,252.7,",E",0.0,",E",0.0,",E",0.0,",E",0.0,",E",0.0,",E",0.0,",E",31.0,",E",7.0,",E",19080801.0,",,E",19080831.0,"+,,E",19080813.0,",,E",19.2,",E,01,",0.0,",,E,31,+",40.8,",E,13,",0.0,E,0.0,",E",0.0,",,,E",2.649,",E",3.065,",,,E",2.232,",,,E"
AGE00147705,1908-09-01,36.78,3.07,59.0,"ALGIERS VILLE UNIVERSITE, AG",845.8,E,203.9,",E",6.0,",E",1.0,",E",1.0,",E",0.0,",E",0.0,",E",0.0,",E",30.0,",E",4.0,",E",19080908.0,",,E",19080914.0,",,E",19080910.0,",,E",18.0,",E,08,",25.6,",,E,14,",41.6,",E,10,",0.0,E,0.0,",E",32.6,",,,E",2.513,",E",2.908,",,,E",2.118,",,,E"
AGE00147705,1908-10-01,36.78,3.07,59.0,"ALGIERS VILLE UNIVERSITE, AG",943.4,E,97.6,",E",8.0,",E",5.0,",E",1.0,",E",0.0,",E",0.0,",E",0.0,",E",31.0,",E",0.0,",E",19081024.0,",,E",19081024.0,",,E",19081003.0,",,E",13.0,",E,24,",58.8,",,E,24,",28.8,",E,03,",0.5,E,0.5,",E",121.8,",,,E",2.146,",E",2.523,",,,E",1.77,",,,E"
AGE00147705,1908-11-01,36.78,3.07,59.0,"ALGIERS VILLE UNIVERSITE, AG",975.4,E,32.0,",E",9.0,",E",7.0,",E",1.0,",E",0.0,",E",0.0,",E",0.0,",E",18.0,",E",0.0,",E",19081122.0,",,E",19081110.0,",,E",19081102.0,",,E",10.0,",E,22,",56.4,",,E,10,",27.2,",E,02,",29.7,E,29.2,",E",111.0,",,,E",1.843,",E",2.2079999999999997,",,,E",1.4769999999999999,",,,E"
AGE00147705,1908-12-01,36.78,3.07,59.0,"ALGIERS VILLE UNIVERSITE, AG",975.4,E,0.0,",E",17.0,",E",9.0,",E",2.0,",E",0.0,",E",0.0,",E",0.0,",E",4.0,",E",0.0,",E",19081227.0,",,E",19081226.0,",,E",19081202.0,",,E",7.6,",E,27,",48.4,",,E,26,",22.5,",E,02,",150.1,E,120.4,",E",125.0,",,,E",1.4449999999999998,",E",1.784,",,,E",1.105,",,,E"
AGE00147705,1909-01-01,36.78,3.07,59.0,"ALGIERS VILLE UNIVERSITE, AG",0.0,E,0.0,",E",16.0,",E",8.0,",E",1.0,",E",0.0,",E",0.0,",E",0.0,",E",0.0,",E",0.0,",E",19090110.0,",,E",19090109.0,",,E",19090123.0,",,E",3.4,",E,10,",44.3,",,E,09,",20.1,",E,23,",353.7,E,203.6,",E",149.1,",,,E",1.177,",E",1.5310000000000001,",,,E",0.8220000000000001,",,,E"
AGE00147705,1909-02-01,36.78,3.07,59.0,"ALGIERS VILLE UNIVERSITE, AG",0.0,E,0.0,",E",12.0,",E",6.0,",E",0.0,",E",0.0,",E",0.0,",E",0.0,",E",1.0,",E",0.0,",E",19090228.0,",,E",19090211.0,",,E",19090218.0,",,E",4.9,",E,28,",20.9,",,E,11,",21.4,",E,18,",534.6,E,180.9,",E",58.9,",,,E",1.1869999999999998,",E",1.55,",,,E",0.825,",,,E"
AGE00147705,1909-03-01,36.78,3.07,59.0,"ALGIERS VILLE UNIVERSITE, AG",2.2,E,2.2,",E",14.0,",E",7.0,",E",2.0,",E",0.0,",E",0.0,",E",0.0,",E",5.0,",E",0.0,",E",19090303.0,"+,,E",19090302.0,",,E",19090318.0,",,E",5.7,",E,03,+",34.7,",,E,02,",24.4,",E,18,",646.3,E,111.7,",E",94.9,",,,E",1.48,",E",1.8679999999999999,",,,E",1.093,",,,E"
AGE00147705,1909-04-01,36.78,3.07,59.0,"ALGIERS VILLE UNIVERSITE, AG",14.5,E,12.3,",E",7.0,",E",2.0,",E",0.0,",E",0.0,",E",0.0,",E",0.0,",E",11.0,",E",1.0,",E",19090405.0,",,E",19090410.0,",,E",19090424.0,",,E",8.7,",E,05,",3.5,",,E,10,",33.4,",E,24,",706.5,E,60.2,",E",12.6,",,,E",1.674,",E",2.055,",,,E",1.292,",,,E"
AGE00147705,1909-05-01,36.78,3.07,59.0,"ALGIERS VILLE UNIVERSITE, AG",44.0,E,29.5,"5,E",7.0,"3,E",3.0,"3,E",0.0,"3,E",0.0,"3,E",0.0,"3,E",0.0,"3,E",19.0,"3,E",0.0,"3,E",19090504.0,",3,E",19090507.0,",3,E",19090526.0,",3,E",11.4,"3,E,04,",14.3,"3,,E,07,",26.2,"3,E,26,",727.6,E,21.1,"3,E",31.6,"3,,,E",1.866,"5,E",2.2,"3,,,E",1.533,"3,,,E"
AGE00147705,1909-06-01,36.78,3.07,59.0,"ALGIERS VILLE UNIVERSITE, AG",143.5,E,99.5,"3,E",6.0,"1,E",1.0,"1,E",1.0,"1,E",0.0,"1,E",0.0,"1,E",0.0,"2,E",27.0,"2,E",1.0,"2,E",19090605.0,",1,E",19090609.0,",1,E",19090621.0,",2,E",14.7,"1,E,05,",28.7,"1,,E,09,",35.4,"2,E,21,",727.6,E,0.0,"2,E",35.3,"1,,,E",2.195,"3,E",2.625,"2,,,E",1.765,"1,,,E"
AGE00147705,1909-07-01,36.78,3.07,59.0,"ALGIERS VILLE UNIVERSITE, AG",293.7,E,150.2,",E",0.0,",E",0.0,",E",0.0,",E",0.0,",E",0.0,",E",0.0,",E",31.0,",E",5.0,",E",19090713.0,"+,,E",19090731.0,"+,,E",19090707.0,",,E",17.0,",E,13,+",0.0,",,E,31,+",36.0,",E,07,",0.0,E,0.0,",E",0.0,",,,E",2.318,",E",2.7,",,,E",1.935,",,,E"
AGE00147705,1909-08-01,36.78,3.07,59.0,"ALGIERS VILLE UNIVERSITE, AG",517.4,E,223.7,",E",1.0,",E",0.0,",E",0.0,",E",0.0,",E",0.0,",E",0.0,",E",31.0,",E",4.0,",E",19090830.0,"+,,E",19090807.0,",,E",19090815.0,",,E",19.0,",E,30,+",0.7,",,E,07,",36.0,",E,15,",0.0,E,0.0,",E",0.7,",,,E",2.555,",E",2.971,",,,E",2.1390000000000002,",,,E"
AGE00147705,1909-09-01,36.78,3.07,59.0,"ALGIERS VILLE UNIVERSITE, AG",677.2,E,159.8,",E",4.0,",E",4.0,",E",0.0,",E",0.0,",E",0.0,",E",0.0,",E",30.0,",E",0.0,",E",19090918.0,"+,,E",19090908.0,",,E",19090929.0,"+,,E",17.0,",E,18,+",7.1,",,E,08,",32.0,",E,29,+",0.0,E,0.0,",E",25.1,",,,E",2.366,",E",2.755,",,,E",1.9769999999999999,",,,E"
AGE00147705,1909-10-01,36.78,3.07,59.0,"ALGIERS VILLE UNIVERSITE, AG",780.4,E,103.2,",E",6.0,",E",5.0,",E",0.0,",E",0.0,",E",0.0,",E",0.0,",E",27.0,",E",2.0,",E",19091031.0,"+,,E",19091023.0,",,E",19091005.0,",,E",13.0,",E,31,+",19.6,",,E,23,",35.0,",E,05,",1.5,E,1.5,",E",48.6,",,,E",2.161,",E",2.581,",,,E",1.7420000000000002,",,,E"
AGE00147705,1909-11-01,36.78,3.07,59.0,"ALGIERS VILLE UNIVERSITE, AG",802.2,E,21.8,",E",12.0,",E",6.0,",E",0.0,",E",0.0,",E",0.0,",E",0.0,",E",12.0,",E",0.0,",E",19091125.0,",,E",19091104.0,",,E",19091120.0,"+,,E",7.0,",E,25,",12.8,",,E,04,",27.0,",E,20,+",51.8,E,50.3,",E",59.2,",,,E",1.738,",E",2.0829999999999997,",,,E",1.393,",,,E"
AGE00147705,1909-12-01,36.78,3.07,59.0,"ALGIERS VILLE UNIVERSITE, AG",817.2,E,15.0,",E",5.0,",E",3.0,",E",0.0,",E",0.0,",E",0.0,",E",0.0,",E",7.0,",E",0.0,",E",19091211.0,"+,,E",19091201.0,",,E",19091222.0,",,E",8.0,",E,11,+",7.8,",,E,01,",29.0,",E,22,",140.6,E,88.8,",E",18.4,",,,E",1.595,",E",1.955,",,,E",1.2349999999999999,",,,E"
AGE00147705,1910-01-01,36.78,3.07,59.0,"ALGIERS VILLE UNIVERSITE, AG",0.0,E,0.0,",E",12.0,",E",6.0,",E",1.0,",E",0.0,",E",0.0,",E",0.0,",E",0.0,",E",0.0,",E",19100124.0,",,E",19100130.0,",,E",19100128.0,",,E",5.0,",E,24,",28.5,",,E,30,",21.0,",E,28,",322.4,E,181.8,",E",117.8,",,,E",1.247,",E",1.5939999999999999,",,,E",0.9,",,,E"
AGE00147705,1910-02-01,36.78,3.07,59.0,"ALGIERS VILLE UNIVERSITE, AG",0.2,E,0.2,"2,E",11.0,",E",8.0,",E",0.0,",E",0.0,"1,E",0.0,"1,E",0.0,"1,E",2.0,"1,E",0.0,"1,E",19100201.0,",1,E",19100203.0,",,E",19100219.0,",1,E",5.0,"1,E,01,",8.7,",,E,03,",24.0,"1,E,19,",446.2,E,123.8,"1,E",48.3,",,,E",1.35,"2,E",1.7149999999999999,"1,,,E",0.985,"1,,,E"
AGE00147705,1910-03-01,36.78,3.07,59.0,"ALGIERS VILLE UNIVERSITE, AG",0.2,E,0.0,"2,E",9.0,",E",4.0,",E",1.0,",E",0.0,"1,E",0.0,"1,E",0.0,"1,E",1.0,"1,E",0.0,"1,E",19100321.0,",1,E",19100321.0,",,E",19100319.0,",1,E",5.0,"1,E,21,",43.5,",,E,21,",22.0,"1,E,19,",579.9,E,133.7,"1,E",75.8,",,,E",1.3800000000000001,"2,E",1.72,"1,,,E",1.04,"1,,,E"
AGE00147705,1910-04-01,36.78,3.07,59.0,"ALGIERS VILLE UNIVERSITE, AG",9.9,E,9.7,",E",5.0,",E",3.0,",E",0.0,",E",0.0,",E",0.0,",E",0.0,",E",12.0,",E",0.0,",E",19100402.0,",,E",19100401.0,",,E",19100426.0,"+,,E",5.0,",E,02,",18.4,",,E,01,",26.0,",E,26,+",647.1,E,67.2,",E",39.7,",,,E",1.6420000000000001,",E",2.043,",,,E",1.24,",,,E"
AGE00147705,1910-05-01,36.78,3.07,59.0,"ALGIERS VILLE UNIVERSITE, AG",20.1,E,10.2,"2,E",14.0,"1,E",10.0,"1,E",1.0,"1,E",0.0,"1,E",0.0,"1,E",0.0,"1,E",16.0,"1,E",0.0,"1,E",19100502.0,",1,E",19100522.0,",1,E",19100508.0,",1,E",7.0,"1,E,02,",31.1,"1,,E,22,",28.0,"1,E,08,",688.9,E,41.8,"1,E",136.2,"1,,,E",1.7280000000000002,"2,E",2.113,"1,,,E",1.343,"1,,,E"
AGE00147705,1910-06-01,36.78,3.07,59.0,"ALGIERS VILLE UNIVERSITE, AG",129.8,E,109.7,",E",6.0,",E",3.0,",E",0.0,",E",0.0,",E",0.0,",E",0.0,",E",28.0,",E",1.0,",E",19100608.0,",,E",19100605.0,",,E",19100626.0,",,E",12.0,",E,08,",7.7,",,E,05,",34.0,",E,26,",691.1,E,2.2,",E",21.8,",,,E",2.192,",E",2.647,",,,E",1.737,",,,E"
AGE00147705,1910-07-01,36.78,3.07,59.0,"ALGIERS VILLE UNIVERSITE, AG",321.0,E,191.2,",E",0.0,",E",0.0,",E",0.0,",E",0.0,",E",0.0,",E",0.0,",E",31.0,",E",3.0,",E",19100728.0,"+,,E",19100731.0,"+,,E",19100722.0,",,E",18.0,",E,28,+",0.0,",,E,31,+",39.0,",E,22,",0.0,E,0.0,",E",0.0,",,,E",2.45,",E",2.855,",,,E",2.045,",,,E"
AGE00147705,1910-08-01,36.78,3.07,59.0,"ALGIERS VILLE UNIVERSITE, AG",513.8,E,192.8,"2,E",0.0,"1,E",0.0,"1,E",0.0,"1,E",0.0,"1,E",0.0,"1,E",0.0,"1,E",30.0,"1,E",2.0,"1,E",19100810.0,",1,E",19100831.0,"+,1,E",19100829.0,",1,E",19.0,"1,E,10,",0.0,"1,,E,31,+",37.0,"1,E,29,",0.0,E,0.0,"1,E",0.0,"1,,,E",2.495,"2,E",2.87,"1,,,E",2.12,"1,,,E"
AGE00147705,1910-09-01,36.78,3.07,59.0,"ALGIERS VILLE UNIVERSITE, AG",621.0,E,107.2,"2,E",3.0,"1,E",2.0,"1,E",0.0,"1,E",0.0,"1,E",0.0,"1,E",0.0,"1,E",29.0,"1,E",0.0,"1,E",19100926.0,"+,1,E",19100914.0,",1,E",19100930.0,",1,E",12.0,"1,E,26,+",15.1,"1,,E,14,",32.0,"1,E,30,",0.0,E,0.0,"1,E",27.9,"1,,,E",2.221,"2,E",2.621,"1,,,E",1.8210000000000002,"1,,,E"
AGE00147705,1910-10-01,36.78,3.07,59.0,"ALGIERS VILLE UNIVERSITE, AG",,,,,2.0,"2,E",1.0,"2,E",0.0,"2,E",0.0,"3,E",0.0,"3,E",0.0,"3,E",28.0,"3,E",0.0,"3,E",19101022.0,",3,E",19101003.0,",2,E",19101029.0,"+,3,E",15.0,"3,E,22,",3.1,"2,,E,03,",32.0,"3,E,29,+",,,,,4.1,"2,,,E",2.2039999999999997,"6,E",2.568,"3,,,E",1.839,"3,,,E"
AGE00147705,1910-11-01,36.78,3.07,59.0,"ALGIERS VILLE UNIVERSITE, AG",,,12.0,"2,E",5.0,"1,E",3.0,"1,E",0.0,"1,E",0.0,"1,E",0.0,"1,E",0.0,"1,E",14.0,"1,E",0.0,"1,E",19101120.0,",1,E",19101130.0,",1,E",19101105.0,",1,E",11.0,"1,E,20,",19.8,"1,,E,30,",26.0,"1,E,05,",,,28.3,"1,E",49.5,"1,,,E",1.766,"2,E",2.117,"1,,,E",1.4140000000000001,"1,,,E"
AGE00147705,1910-12-01,36.78,3.07,59.0,"ALGIERS VILLE UNIVERSITE, AG",,,1.8,"2,E",17.0,"1,E",10.0,"1,E",2.0,"1,E",0.0,"1,E",0.0,"1,E",0.0,"1,E",2.0,"1,E",0.0,"1,E",19101229.0,",1,E",19101226.0,",1,E",19101204.0,",1,E",5.0,"1,E,29,",31.3,"1,,E,26,",24.0,"1,E,04,",,,113.5,"1,E",118.1,"1,,,E",1.4449999999999998,"2,E",1.723,"1,,,E",1.167,"1,,,E"
AGE00147705,1911-01-01,36.78,3.07,59.0,"ALGIERS VILLE UNIVERSITE, AG",0.0,E,0.0,",E",18.0,",E",15.0,",E",1.0,",E",0.0,",E",0.0,",E",0.0,",E",0.0,",E",0.0,",E",19110105.0,",,E",19110105.0,",,E",19110131.0,"+,,E",5.0,",E,05,",29.9,",,E,05,",18.0,",E,31,+",,,225.3,",E",135.5,",,,E",1.106,",E",1.397,",,,E",0.8160000000000001,",,,E"
AGE00147705,1911-02-01,36.78,3.07,59.0,"ALGIERS VILLE UNIVERSITE, AG",0.0,E,0.0,",E",6.0,",E",3.0,",E",0.0,",E",0.0,",E",0.0,",E",0.0,",E",1.0,",E",0.0,",E",19110206.0,"+,,E",19110204.0,",,E",19110227.0,",,E",7.0,",E,06,+",14.3,",,E,04,",22.0,",E,27,",,,136.3,",E",26.7,",,,E",1.346,",E",1.6640000000000001,",,,E",1.029,",,,E"
AGE00147705,1911-03-01,36.78,3.07,59.0,"ALGIERS VILLE UNIVERSITE, AG",2.0,E,2.0,",E",15.0,"1,E",8.0,"1,E",0.0,"1,E",0.0,",E",0.0,",E",0.0,",E",5.0,",E",0.0,",E",19110316.0,"+,,E",19110309.0,",1,E",19110326.0,"+,,E",8.0,",E,16,+",22.0,"1,,E,09,",24.0,",E,26,+",,,119.8,",E",70.5,"1,,,E",1.4529999999999998,",E",1.8,",,,E",1.106,",,,E"
AGE00147705,1911-04-01,36.78,3.07,59.0,"ALGIERS VILLE UNIVERSITE, AG",14.0,E,12.0,",E",11.0,",E",5.0,",E",0.0,",E",0.0,",E",0.0,",E",0.0,",E",6.0,",E",0.0,",E",19110406.0,",,E",19110404.0,",,E",19110429.0,",,E",8.0,",E,06,",17.9,",,E,04,",29.0,",E,29,",,,84.5,",E",55.0,",,,E",1.592,",E",1.937,",,,E",1.247,",,,E"
AGE00147705,1911-05-01,36.78,3.07,59.0,"ALGIERS VILLE UNIVERSITE, AG",29.5,E,15.5,",E",11.0,"1,E",6.0,"1,E",0.0,"1,E",0.0,",E",0.0,",E",0.0,",E",16.0,",E",0.0,",E",19110502.0,",,E",19110512.0,",1,E",19110525.0,"+,,E",11.0,",E,02,",23.2,"1,,E,12,",25.0,",E,25,+",,,21.8,",E",66.8,"1,,,E",1.813,",E",2.152,",,,E",1.474,",,,E"
AGE00147705,1911-06-01,36.78,3.07,59.0,"ALGIERS VILLE UNIVERSITE, AG",130.2,E,100.7,"2,E",2.0,"1,E",1.0,"1,E",1.0,"1,E",0.0,"1,E",0.0,"1,E",0.0,"1,E",26.0,"1,E",2.0,"1,E",19110601.0,",1,E",19110602.0,",1,E",19110619.0,"+,1,E",15.0,"1,E,01,",25.9,"1,,E,02,",35.0,"1,E,19,+",,,0.0,"1,E",27.0,"1,,,E",2.197,"2,E",2.555,"1,,,E",1.8379999999999999,"1,,,E"
AGE00147705,1911-07-01,36.78,3.07,59.0,"ALGIERS VILLE UNIVERSITE, AG",345.5,E,215.3,"2,E",1.0,",E",0.0,",E",0.0,",E",0.0,"1,E",0.0,"1,E",0.0,"1,E",30.0,"1,E",8.0,"1,E",19110713.0,"+,1,E",19110730.0,",,E",19110729.0,",1,E",16.0,"1,E,13,+",0.6,",,E,30,",39.0,"1,E,29,",0.0,E,0.0,"1,E",0.6,",,,E",2.575,"2,E",3.013,"1,,,E",2.137,"1,,,E"
AGE00147705,1911-08-01,36.78,3.07,59.0,"ALGIERS VILLE UNIVERSITE, AG",610.2,E,264.7,",E",0.0,",E",0.0,",E",0.0,",E",0.0,",E",0.0,",E",0.0,",E",31.0,",E",5.0,",E",19110831.0,"+,,E",19110823.0,",,E",19110806.0,",,E",21.0,",E,31,+",0.1,",,E,23,",37.0,",E,06,",0.0,E,0.0,",E",0.1,",,,E",2.6870000000000003,",E",3.052,",,,E",2.323,",,,E"
AGE00147705,1911-09-01,36.78,3.07,59.0,"ALGIERS VILLE UNIVERSITE, AG",812.4,E,202.2,"2,E",5.0,"1,E",2.0,"1,E",0.0,"1,E",0.0,",E",0.0,",E",0.0,"2,E",28.0,"2,E",6.0,"2,E",19110924.0,"+,,E",19110921.0,",1,E",19110917.0,"+,2,E",18.0,",E,24,+",8.7,"1,,E,21,",35.0,"2,E,17,+",0.0,E,0.0,"2,E",13.2,"1,,,E",2.554,"2,E",2.957,"2,,,E",2.15,",,,E"
AGE00147705,1911-10-01,36.78,3.07,59.0,"ALGIERS VILLE UNIVERSITE, AG",910.7,E,98.3,"4,E",5.0,"1,E",5.0,"1,E",2.0,"1,E",0.0,"3,E",0.0,"3,E",0.0,"1,E",27.0,"1,E",0.0,"1,E",19111031.0,"+,3,E",19111030.0,",1,E",19111007.0,",1,E",11.0,"3,E,31,+",132.0,"1,,E,30,",31.0,"1,E,07,",9.8,E,9.8,"1,E",193.3,"1,,,E",2.149,"4,E",2.52,"1,,,E",1.779,"3,,,E"
AGE00147705,1911-12-01,36.78,3.07,59.0,"ALGIERS VILLE UNIVERSITE, AG",,,1.0,",E",8.0,",E",6.0,",E",0.0,",E",0.0,",E",0.0,",E",0.0,",E",4.0,",E",0.0,",E",19111212.0,",,E",19111204.0,",,E",19111220.0,"+,,E",10.0,",E,12,",16.9,",,E,04,",24.0,",E,20,+",,,74.3,",E",39.1,",,,E",1.597,",E",1.939,",,,E",1.2550000000000001,",,,E"
AGE00147705,1912-01-01,36.78,3.07,59.0,"ALGIERS VILLE UNIVERSITE, AG",0.0,E,0.0,"2,E",13.0,",E",8.0,",E",1.0,",E",0.0,"1,E",0.0,"1,E",0.0,"1,E",0.0,"1,E",0.0,"1,E",19120131.0,",1,E",19120130.0,",,E",19120122.0,"+,1,E",5.0,"1,E,31,",40.4,",,E,30,",21.0,"1,E,22,+",,,133.7,"1,E",131.7,",,,E",1.373,"2,E",1.703,"1,,,E",1.043,"1,,,E"
AGE00147705,1912-02-01,36.78,3.07,59.0,"ALGIERS VILLE UNIVERSITE, AG",6.3,E,6.3,",E",7.0,",E",3.0,",E",0.0,",E",0.0,",E",0.0,",E",0.0,",E",7.0,",E",0.0,",E",19120201.0,",,E",19120206.0,",,E",19120225.0,",,E",6.0,",E,01,",8.5,",,E,06,",31.0,",E,25,",,,65.5,",E",22.7,",,,E",1.629,",E",2.0100000000000002,",,,E",1.248,",,,E"
AGE00147705,1912-03-01,36.78,3.07,59.0,"ALGIERS VILLE UNIVERSITE, AG",14.6,E,8.3,"2,E",4.0,",E",2.0,",E",0.0,",E",0.0,"1,E",0.0,"1,E",0.0,"1,E",10.0,"1,E",0.0,"1,E",19120308.0,",1,E",19120307.0,",,E",19120309.0,",1,E",9.0,"1,E,08,",10.1,",,E,07,",28.0,"1,E,09,",,,56.0,"1,E",18.7,",,,E",1.673,"2,E",2.077,"1,,,E",1.27,"1,,,E"
AGE00147705,1912-04-01,36.78,3.07,59.0,"ALGIERS VILLE UNIVERSITE, AG",19.1,E,4.5,",E",12.0,"1,E",7.0,"1,E",0.0,"1,E",0.0,",E",0.0,",E",0.0,",E",3.0,",E",0.0,",E",19120405.0,",,E",19120428.0,",1,E",19120426.0,",,E",9.0,",E,05,",20.6,"1,,E,28,",29.0,",E,26,",,,90.5,",E",65.6,"1,,,E",1.5470000000000002,",E",1.857,",,,E",1.2369999999999999,",,,E"
AGE00147705,1912-05-01,36.78,3.07,59.0,"ALGIERS VILLE UNIVERSITE, AG",100.1,E,81.0,",E",6.0,",E",1.0,",E",0.0,",E",0.0,",E",0.0,",E",0.0,",E",25.0,",E",3.0,",E",19120503.0,"+,,E",19120501.0,",,E",19120514.0,",,E",10.0,",E,03,+",2.8,",,E,01,",39.0,",E,14,",,,15.8,",E",6.8,",,,E",2.044,",E",2.477,",,,E",1.61,",,,E"
AGE00147705,1912-06-01,36.78,3.07,59.0,"ALGIERS VILLE UNIVERSITE, AG",199.4,E,99.3,",E",2.0,",E",1.0,",E",0.0,",E",0.0,",E",0.0,",E",0.0,",E",29.0,",E",2.0,",E",19120613.0,",,E",19120612.0,",,E",19120623.0,",,E",14.0,",E,13,",8.8,",,E,12,",34.0,",E,23,",,,0.3,",E",10.9,",,,E",2.163,",E",2.603,",,,E",1.723,",,,E"
AGE00147705,1912-07-01,36.78,3.07,59.0,"ALGIERS VILLE UNIVERSITE, AG",378.1,E,178.7,",E",0.0,",E",0.0,",E",0.0,",E",0.0,",E",0.0,",E",0.0,",E",31.0,",E",2.0,",E",19120711.0,",,E",19120731.0,"+,,E",19120712.0,",,E",17.0,",E,11,",0.0,",,E,31,+",35.0,",E,12,",0.0,E,0.0,",E",0.0,",,,E",2.41,",E",2.819,",,,E",2.0,",,,E"
AGE00147705,1912-08-01,36.78,3.07,59.0,"ALGIERS VILLE UNIVERSITE, AG",562.3,E,184.2,",E",1.0,",E",1.0,",E",0.0,",E",0.0,",E",0.0,",E",0.0,",E",31.0,",E",3.0,",E",19120825.0,"+,,E",19120819.0,",,E",19120826.0,"+,,E",19.0,",E,25,+",3.7,",,E,19,",33.0,",E,26,+",0.0,E,0.0,",E",3.8,",,,E",2.427,",E",2.823,",,,E",2.032,",,,E"
AGE00147705,1912-09-01,36.78,3.07,59.0,"ALGIERS VILLE UNIVERSITE, AG",645.6,E,83.3,",E",8.0,",E",2.0,",E",0.0,",E",0.0,",E",0.0,",E",0.0,",E",27.0,",E",0.0,",E",19120927.0,"+,,E",19120923.0,",,E",19120902.0,",,E",15.0,",E,27,+",15.5,",,E,23,",30.0,",E,02,",0.3,E,0.3,",E",26.3,",,,E",2.1100000000000003,",E",2.443,",,,E",1.777,",,,E"
AGE00147705,1912-10-01,36.78,3.07,59.0,"ALGIERS VILLE UNIVERSITE, AG",712.4,E,66.8,",E",11.0,",E",5.0,",E",1.0,",E",0.0,",E",0.0,",E",0.0,",E",26.0,",E",0.0,",E",19121023.0,"+,,E",19121014.0,",,E",19121002.0,",,E",14.0,",E,23,+",74.9,",,E,14,",31.0,",E,02,",3.0,E,2.7,",E",117.7,",,,E",2.04,",E",2.397,",,,E",1.684,",,,E"
AGE00147705,1912-11-01,36.78,3.07,59.0,"ALGIERS VILLE UNIVERSITE, AG",713.4,E,1.0,"2,E",13.0,"1,E",9.0,"1,E",0.0,"1,E",0.0,"1,E",0.0,"1,E",0.0,"1,E",2.0,"1,E",0.0,"1,E",19121118.0,"+,1,E",19121106.0,",1,E",19121111.0,"+,1,E",8.0,"1,E,18,+",19.5,"1,,E,06,",23.0,"1,E,11,+",99.8,E,96.8,"1,E",72.0,"1,,,E",1.484,"2,E",1.779,"1,,,E",1.19,"1,,,E"
AGE00147705,1913-01-01,36.78,3.07,59.0,"ALGIERS VILLE UNIVERSITE, AG",0.0,E,0.0,",E",12.0,",E",4.0,",E",0.0,",E",0.0,",E",0.0,",E",0.0,",E",2.0,",E",0.0,",E",19130111.0,",,E",19130110.0,",,E",19130129.0,"+,,E",8.0,",E,11,",18.5,",,E,10,",22.0,",E,29,+",,,126.3,",E",37.3,",,,E",1.426,",E",1.739,",,,E",1.113,",,,E"
AGE00147705,1913-02-01,36.78,3.07,59.0,"ALGIERS VILLE UNIVERSITE, AG",0.0,E,0.0,",E",15.0,",E",9.0,",E",0.0,",E",0.0,",E",0.0,",E",0.0,",E",0.0,",E",0.0,",E",19130222.0,",,E",19130228.0,",,E",19130219.0,"+,,E",6.0,",E,22,",22.2,",,E,28,",19.0,",E,19,+",,,141.3,",E",100.1,",,,E",1.329,",E",1.629,",,,E",1.029,",,,E"
AGE00147705,1913-04-01,36.78,3.07,59.0,"ALGIERS VILLE UNIVERSITE, AG",,,5.0,"3,E",8.0,",E",5.0,",E",0.0,",E",0.0,"1,E",0.0,"1,E",0.0,"2,E",10.0,"2,E",0.0,"2,E",19130416.0,"+,1,E",19130425.0,",,E",19130422.0,"+,2,E",10.0,"1,E,16,+",21.4,",,E,25,",26.0,"2,E,22,+",,,67.0,"2,E",42.6,",,,E",1.591,"3,E",1.968,"2,,,E",1.214,"1,,,E"
AGE00147705,1913-05-01,36.78,3.07,59.0,"ALGIERS VILLE UNIVERSITE, AG",,,37.8,",E",4.0,",E",2.0,",E",0.0,",E",0.0,",E",0.0,",E",0.0,",E",22.0,",E",0.0,",E",19130511.0,",,E",19130514.0,",,E",19130531.0,",,E",11.0,",E,11,",8.9,",,E,14,",29.0,",E,31,",,,12.7,",E",14.3,",,,E",1.9149999999999998,",E",2.306,",,,E",1.5230000000000001,",,,E"
AGE00147705,1913-06-01,36.78,3.07,59.0,"ALGIERS VILLE UNIVERSITE, AG",,,109.3,",E",1.0,",E",0.0,",E",0.0,",E",0.0,",E",0.0,",E",0.0,",E",28.0,",E",2.0,",E",19130610.0,"+,,E",19130619.0,",,E",19130625.0,",,E",16.0,",E,10,+",0.8,",,E,19,",35.0,",E,25,",,,0.8,",E",0.9,",,,E",2.195,",E",2.5629999999999997,",,,E",1.827,",,,E"
AGE00147705,1913-07-01,36.78,3.07,59.0,"ALGIERS VILLE UNIVERSITE, AG",,,208.2,",E",0.0,",E",0.0,",E",0.0,",E",0.0,",E",0.0,",E",0.0,",E",31.0,",E",5.0,",E",19130701.0,",,E",19130731.0,"+,,E",19130723.0,",,E",17.0,",E,01,",0.0,",,E,31,+",38.0,",E,23,",0.0,E,0.0,",E",0.0,",,,E",2.505,",E",2.929,",,,E",2.081,",,,E"
AGE00147705,1913-08-01,36.78,3.07,59.0,"ALGIERS VILLE UNIVERSITE, AG",,,262.7,",E",0.0,",E",0.0,",E",0.0,",E",0.0,",E",0.0,",E",0.0,",E",31.0,",E",8.0,",E",19130814.0,",,E",19130831.0,"+,,E",19130825.0,",,E",19.0,",E,14,",0.0,",,E,31,+",42.0,",E,25,",0.0,E,0.0,",E",0.0,",,,E",2.681,",E",3.097,",,,E",2.2649999999999997,",,,E"
AGE00147705,1913-09-01,36.78,3.07,59.0,"ALGIERS VILLE UNIVERSITE, AG",,,173.5,",E",2.0,",E",0.0,",E",0.0,",E",0.0,",E",0.0,",E",0.0,",E",30.0,",E",1.0,",E",19130923.0,"+,,E",19130928.0,",,E",19130902.0,",,E",17.0,",E,23,+",2.0,",,E,28,",34.0,",E,02,",0.0,E,0.0,",E",2.4,",,,E",2.412,",E",2.7670000000000003,",,,E",2.057,",,,E"
AGE00147705,1913-10-01,36.78,3.07,59.0,"ALGIERS VILLE UNIVERSITE, AG",,,98.8,",E",5.0,",E",2.0,",E",0.0,",E",0.0,",E",0.0,",E",0.0,",E",26.0,",E",2.0,",E",19131031.0,"+,,E",19131002.0,",,E",19131024.0,"+,,E",15.0,",E,31,+",12.3,",,E,02,",33.0,",E,24,+",0.7,E,0.7,",E",19.8,",,,E",2.15,",E",2.497,",,,E",1.8030000000000002,",,,E"
AGE00147705,1913-12-01,36.78,3.07,59.0,"ALGIERS VILLE UNIVERSITE, AG",,,0.0,",E",14.0,",E",9.0,",E",0.0,",E",0.0,",E",0.0,",E",0.0,",E",0.0,",E",0.0,",E",19131231.0,",,E",19131204.0,",,E",19131203.0,",,E",6.0,",E,31,",17.6,",,E,04,",19.0,",E,03,",,,154.8,",E",95.1,",,,E",1.334,",E",1.568,",,,E",1.1,",,,E"
AGE00147705,1914-01-01,36.78,3.07,59.0,"ALGIERS VILLE UNIVERSITE, AG",0.0,E,0.0,"4,E",17.0,"1,E",15.0,"1,E",1.0,"1,E",0.0,"2,E",0.0,"2,E",0.0,"2,E",0.0,"2,E",0.0,"2,E",19140117.0,"+,2,E",19140103.0,",1,E",19140113.0,",2,E",3.0,"2,E,17,+",65.2,"1,,E,03,",17.0,"2,E,13,",,,214.5,"2,E",219.2,"1,,,E",1.048,"4,E",1.3279999999999998,"2,,,E",0.769,"2,,,E"
AGE00147705,1914-02-01,36.78,3.07,59.0,"ALGIERS VILLE UNIVERSITE, AG",0.0,E,0.0,",E",9.0,",E",6.0,",E",0.0,",E",0.0,",E",0.0,",E",0.0,",E",0.0,",E",0.0,",E",19140226.0,",,E",19140227.0,",,E",19140220.0,"+,,E",7.0,",E,26,",24.7,",,E,27,",21.0,",E,20,+",,,138.8,",E",107.3,",,,E",1.338,",E",1.668,",,,E",1.0070000000000001,",,,E"
AGE00147705,1914-03-01,36.78,3.07,59.0,"ALGIERS VILLE UNIVERSITE, AG",0.2,E,0.2,",E",6.0,",E",4.0,",E",1.0,",E",0.0,",E",0.0,",E",0.0,",E",3.0,",E",0.0,",E",19140323.0,"+,,E",19140302.0,",,E",19140329.0,"+,,E",8.0,",E,23,+",35.4,",,E,02,",23.0,",E,29,+",,,102.0,",E",57.8,",,,E",1.5050000000000001,",E",1.842,",,,E",1.168,",,,E"
AGE00147705,1914-04-01,36.78,3.07,59.0,"ALGIERS VILLE UNIVERSITE, AG",33.5,E,33.3,"1,E",6.0,",E",3.0,",E",0.0,",E",0.0,",E",0.0,",E",0.0,"1,E",13.0,"1,E",1.0,"1,E",19140415.0,"+,,E",19140417.0,",,E",19140412.0,",1,E",12.0,",E,15,+",10.1,",,E,17,",34.0,"1,E,12,",,,29.5,"1,E",26.6,",,,E",1.842,"1,E",2.217,"1,,,E",1.467,",,,E"
AGE00147705,1914-05-01,36.78,3.07,59.0,"ALGIERS VILLE UNIVERSITE, AG",71.2,E,37.7,"2,E",10.0,",E",9.0,",E",0.0,",E",0.0,"1,E",0.0,"1,E",0.0,"1,E",17.0,"1,E",1.0,"1,E",19140511.0,",1,E",19140529.0,",,E",19140508.0,",1,E",11.0,"1,E,11,",22.5,",,E,29,",38.0,"1,E,08,",,,18.8,"1,E",80.0,",,,E",1.888,"2,E",2.273,"1,,,E",1.503,"1,,,E"
AGE00147705,1914-06-01,36.78,3.07,59.0,"ALGIERS VILLE UNIVERSITE, AG",146.4,E,75.2,",E",5.0,",E",2.0,",E",0.0,",E",0.0,",E",0.0,",E",0.0,",E",28.0,",E",0.0,",E",19140601.0,",,E",19140614.0,",,E",19140625.0,",,E",13.0,",E,01,",19.2,",,E,14,",32.0,",E,25,",,,2.7,",E",26.6,",,,E",2.075,",E",2.467,",,,E",1.6829999999999998,",,,E"
AGE00147705,1914-07-01,36.78,3.07,59.0,"ALGIERS VILLE UNIVERSITE, AG",319.9,E,173.5,"1,E",0.0,",E",0.0,",E",0.0,",E",0.0,"1,E",0.0,"1,E",0.0,",E",31.0,",E",1.0,",E",19140718.0,"+,1,E",19140731.0,"+,,E",19140720.0,",,E",18.0,"1,E,18,+",0.0,",,E,31,+",34.0,",E,20,",0.0,E,0.0,",E",0.0,",,,E",2.4210000000000003,"1,E",2.832,",,,E",2.0100000000000002,"1,,,E"
AGE00147705,1914-08-01,36.78,3.07,59.0,"ALGIERS VILLE UNIVERSITE, AG",509.2,E,189.3,"2,E",3.0,",E",3.0,",E",0.0,",E",0.0,",E",0.0,",E",0.0,"2,E",29.0,"2,E",2.0,"2,E",19140830.0,"+,,E",19140829.0,",,E",19140805.0,",2,E",18.0,",E,30,+",7.1,",,E,29,",40.0,"2,E,05,",0.0,E,0.0,"2,E",15.1,",,,E",2.479,"2,E",2.855,"2,,,E",2.103,",,,E"
AGE00147705,1914-09-01,36.78,3.07,59.0,"ALGIERS VILLE UNIVERSITE, AG",643.0,E,133.8,"4,E",1.0,",E",1.0,",E",0.0,",E",0.0,",E",0.0,",E",0.0,"4,E",26.0,"4,E",1.0,"4,E",19140929.0,"+,,E",19140911.0,",,E",19140917.0,",4,E",15.0,",E,29,+",2.6,",,E,11,",35.0,"4,E,17,",0.0,E,0.0,"4,E",2.8,",,,E",2.343,"4,E",2.727,"4,,,E",1.9600000000000002,",,,E"
AGE00147705,1914-11-01,36.78,3.07,59.0,"ALGIERS VILLE UNIVERSITE, AG",,,2.7,",E",14.0,",E",8.0,",E",0.0,",E",0.0,",E",0.0,",E",0.0,",E",3.0,",E",0.0,",E",19141120.0,",,E",19141106.0,",,E",19141121.0,",,E",10.0,",E,20,",23.7,",,E,06,",27.0,",E,21,",,,84.7,",E",115.7,",,,E",1.56,",E",1.843,",,,E",1.277,",,,E"
AGE00147705,1914-12-01,36.78,3.07,59.0,"ALGIERS VILLE UNIVERSITE, AG",,,2.2,"2,E",13.0,",E",11.0,",E",0.0,",E",0.0,"1,E",0.0,"1,E",0.0,"1,E",2.0,"1,E",0.0,"1,E",19141225.0,",1,E",19141224.0,",,E",19141214.0,",1,E",2.0,"1,E,25,",21.8,",,E,24,",24.0,"1,E,14,",,,137.8,"1,E",110.2,",,,E",1.355,"2,E",1.673,"1,,,E",1.037,"1,,,E"
AGE00147705,1915-02-01,36.78,3.07,59.0,"ALGIERS VILLE UNIVERSITE, AG",,,0.0,"1,E",12.0,",E",8.0,",E",1.0,",E",0.0,",E",0.0,",E",0.0,"1,E",0.0,"1,E",0.0,"1,E",19150204.0,",,E",19150220.0,",,E",19150222.0,",1,E",3.0,",E,04,",74.5,",,E,20,",21.0,"1,E,22,",,,169.0,"1,E",117.8,",,,E",1.206,"1,E",1.522,"1,,,E",0.889,",,,E"
AGE00147705,1915-03-01,36.78,3.07,59.0,"ALGIERS VILLE UNIVERSITE, AG",,,3.5,",E",12.0,",E",6.0,",E",0.0,",E",0.0,",E",0.0,",E",0.0,",E",5.0,",E",0.0,",E",19150311.0,"+,,E",19150323.0,",,E",19150318.0,",,E",4.0,",E,11,+",10.7,",,E,23,",26.0,",E,18,",,,124.8,",E",52.3,",,,E",1.442,",E",1.7710000000000001,",,,E",1.113,",,,E"
AGE00147705,1915-04-01,36.78,3.07,59.0,"ALGIERS VILLE UNIVERSITE, AG",,,0.7,",E",14.0,",E",8.0,",E",0.0,",E",0.0,",E",0.0,",E",0.0,",E",3.0,",E",0.0,",E",19150414.0,",,E",19150412.0,",,E",19150408.0,",,E",6.0,",E,14,",9.6,",,E,12,",23.0,",E,08,",,,124.7,",E",56.9,",,,E",1.42,",E",1.737,",,,E",1.103,",,,E"
AGE00147705,1915-05-01,36.78,3.07,59.0,"ALGIERS VILLE UNIVERSITE, AG",,,42.3,",E",13.0,",E",5.0,",E",0.0,",E",0.0,",E",0.0,",E",0.0,",E",22.0,",E",0.0,",E",19150512.0,"+,,E",19150507.0,",,E",19150529.0,"+,,E",13.0,",E,12,+",15.6,",,E,07,",26.0,",E,29,+",,,10.2,",E",41.8,",,,E",1.937,",E",2.3,",,,E",1.574,",,,E"
AGE00147705,1915-06-01,36.78,3.07,59.0,"ALGIERS VILLE UNIVERSITE, AG",,,142.0,",E",1.0,",E",0.0,",E",0.0,",E",0.0,",E",0.0,",E",0.0,",E",30.0,",E",1.0,",E",19150603.0,"+,,E",19150601.0,",,E",19150629.0,",,E",15.0,",E,03,+",1.2,",,E,01,",33.0,",E,29,",,,0.0,",E",1.3,",,,E",2.307,",E",2.693,",,,E",1.92,",,,E"
AGE00147705,1915-07-01,36.78,3.07,59.0,"ALGIERS VILLE UNIVERSITE, AG",,,246.2,",E",1.0,",E",0.0,",E",0.0,",E",0.0,",E",0.0,",E",0.0,",E",31.0,",E",9.0,",E",19150703.0,"+,,E",19150729.0,",,E",19150727.0,",,E",18.0,",E,03,+",1.7,",,E,29,",39.0,",E,27,",0.0,E,0.0,",E",1.7,",,,E",2.627,",E",3.055,",,,E",2.2,",,,E"
AGE00147705,1915-08-01,36.78,3.07,59.0,"ALGIERS VILLE UNIVERSITE, AG",,,239.2,",E",1.0,",E",1.0,",E",0.0,",E",0.0,",E",0.0,",E",0.0,",E",31.0,",E",7.0,",E",19150825.0,",,E",19150822.0,",,E",19150801.0,",,E",18.0,",E,25,",5.1,",,E,22,",39.0,",E,01,",0.0,E,0.0,",E",5.1,",,,E",2.605,",E",3.035,",,,E",2.174,",,,E"
AGE00147705,1915-09-01,36.78,3.07,59.0,"ALGIERS VILLE UNIVERSITE, AG",,,145.5,",E",8.0,",E",5.0,",E",0.0,",E",0.0,",E",0.0,",E",0.0,",E",29.0,",E",0.0,",E",19150930.0,"+,,E",19150910.0,",,E",19150919.0,"+,,E",17.0,",E,30,+",7.8,",,E,10,",31.0,",E,19,+",0.0,E,0.0,",E",29.0,",,,E",2.318,",E",2.6399999999999997,",,,E",1.9969999999999999,",,,E"
AGE00147705,1915-10-01,36.78,3.07,59.0,"ALGIERS VILLE UNIVERSITE, AG",,,34.0,",E",12.0,",E",8.0,",E",3.0,",E",0.0,",E",0.0,",E",0.0,",E",13.0,",E",0.0,",E",19151002.0,",,E",19151001.0,",,E",19151013.0,"+,,E",10.0,",E,02,",39.5,",,E,01,",28.0,",E,13,+",25.8,E,25.8,",E",156.0,",,,E",1.86,",E",2.168,",,,E",1.552,",,,E"
AGE00147705,1915-11-01,36.78,3.07,59.0,"ALGIERS VILLE UNIVERSITE, AG",,,6.5,",E",13.0,",E",8.0,",E",3.0,",E",0.0,",E",0.0,",E",0.0,",E",6.0,",E",0.0,",E",19151103.0,",,E",19151121.0,",,E",19151105.0,",,E",7.0,",E,03,",32.8,",,E,21,",25.0,",E,05,",97.8,E,72.0,",E",129.0,",,,E",1.6149999999999998,",E",1.903,",,,E",1.327,",,,E"
AGE00147705,1915-12-01,36.78,3.07,59.0,"ALGIERS VILLE UNIVERSITE, AG",,,1.8,"2,E",5.0,",E",4.0,",E",0.0,",E",0.0,"1,E",0.0,"1,E",0.0,"1,E",5.0,"1,E",0.0,"1,E",19151214.0,",1,E",19151212.0,",,E",19151228.0,"+,1,E",4.0,"1,E,14,",15.0,",,E,12,",23.0,"1,E,28,+",211.8,E,114.0,"1,E",52.5,",,,E",1.45,"2,E",1.78,"1,,,E",1.1199999999999999,"1,,,E"
AGE00147705,1916-02-01,36.78,3.07,59.0,"ALGIERS VILLE UNIVERSITE, AG",,,0.0,"3,E",10.0,",E",8.0,",E",1.0,",E",0.0,",E",0.0,",E",0.0,"3,E",1.0,"3,E",0.0,"3,E",19160210.0,",,E",19160205.0,",,E",19160224.0,",3,E",5.0,",E,10,",28.6,",,E,05,",23.0,"3,E,24,",,,151.2,"3,E",110.6,",,,E",1.251,"3,E",1.581,"3,,,E",0.921,",,,E"
AGE00147705,1916-03-01,36.78,3.07,59.0,"ALGIERS VILLE UNIVERSITE, AG",,,7.8,",E",13.0,",E",8.0,",E",2.0,",E",0.0,",E",0.0,",E",0.0,",E",4.0,",E",0.0,",E",19160331.0,"+,,E",19160330.0,",,E",19160318.0,",,E",6.0,",E,31,+",109.6,",,E,30,",29.0,",E,18,",,,129.2,",E",216.0,",,,E",1.442,",E",1.8190000000000002,",,,E",1.065,",,,E"
AGE00147705,1916-04-01,36.78,3.07,59.0,"ALGIERS VILLE UNIVERSITE, AG",,,5.2,",E",9.0,",E",6.0,",E",0.0,",E",0.0,",E",0.0,",E",0.0,",E",8.0,",E",0.0,",E",19160401.0,",,E",19160407.0,",,E",19160428.0,",,E",7.0,",E,01,",14.4,",,E,07,",27.0,",E,28,",,,93.2,",E",58.3,",,,E",1.54,",E",1.893,",,,E",1.1869999999999998,",,,E"
AGE00147705,1916-05-01,36.78,3.07,59.0,"ALGIERS VILLE UNIVERSITE, AG",,,35.7,",E",5.0,",E",3.0,",E",1.0,",E",0.0,",E",0.0,",E",0.0,",E",20.0,",E",1.0,",E",19160510.0,"+,,E",19160531.0,",,E",19160503.0,",,E",11.0,",E,10,+",41.8,",,E,31,",34.0,",E,03,",,,18.5,",E",64.6,",,,E",1.889,",E",2.2809999999999997,",,,E",1.497,",,,E"
AGE00147705,1916-07-01,36.78,3.07,59.0,"ALGIERS VILLE UNIVERSITE, AG",,,171.3,"5,E",1.0,"1,E",0.0,"1,E",0.0,"1,E",0.0,"1,E",0.0,"1,E",0.0,"4,E",27.0,"4,E",4.0,"4,E",19160718.0,"+,1,E",19160731.0,",1,E",19160708.0,",4,E",19.0,"1,E,18,+",1.7,"1,,E,31,",35.0,"4,E,08,",0.0,E,0.0,"4,E",1.7,"1,,,E",2.4859999999999998,"5,E",2.878,"4,,,E",2.093,"1,,,E"
AGE00147705,1916-08-01,36.78,3.07,59.0,"ALGIERS VILLE UNIVERSITE, AG",,,228.8,"2,E",0.0,",E",0.0,",E",0.0,",E",0.0,",E",0.0,",E",0.0,"2,E",29.0,"2,E",6.0,"2,E",19160831.0,"+,,E",19160831.0,"+,,E",19160829.0,"+,2,E",21.0,",E,31,+",0.0,",,E,31,+",35.0,"2,E,29,+",0.0,E,0.0,"2,E",0.0,",,,E",2.622,"2,E",3.034,"2,,,E",2.21,",,,E"
AGE00147705,1916-11-01,36.78,3.07,59.0,"ALGIERS VILLE UNIVERSITE, AG",,,20.2,"2,E",17.0,",E",15.0,",E",5.0,",E",0.0,"1,E",0.0,"1,E",0.0,"1,E",9.0,"1,E",0.0,"1,E",19161121.0,",1,E",19161120.0,",,E",19161102.0,",1,E",6.0,"1,E,21,",62.6,",,E,20,",27.0,"1,E,02,",,,80.0,"1,E",296.5,",,,E",1.6190000000000002,"2,E",1.9280000000000002,"1,,,E",1.31,"1,,,E"
AGE00147705,1916-12-01,36.78,3.07,59.0,"ALGIERS VILLE UNIVERSITE, AG",,,4.0,",E",11.0,",E",8.0,",E",0.0,",E",0.0,",E",0.0,",E",0.0,",E",5.0,",E",0.0,",E",19161208.0,"+,,E",19161228.0,",,E",19161226.0,"+,,E",7.0,",E,08,+",24.4,",,E,28,",23.0,",E,26,+",,,124.3,",E",104.2,",,,E",1.4449999999999998,",E",1.7449999999999999,",,,E",1.145,",,,E"
AGE00147705,1917-01-01,36.78,3.07,59.0,"ALGIERS VILLE UNIVERSITE, AG",0.0,E,0.0,"2,E",16.0,",E",15.0,",E",1.0,",E",0.0,"1,E",0.0,"1,E",0.0,"1,E",0.0,"1,E",0.0,"1,E",19170111.0,",1,E",19170128.0,",,E",19170115.0,",1,E",3.0,"1,E,11,",28.2,",,E,28,",19.0,"1,E,15,",,,201.7,"1,E",158.9,",,,E",1.143,"2,E",1.44,"1,,,E",0.8470000000000001,"1,,,E"
AGE00147705,1917-02-01,36.78,3.07,59.0,"ALGIERS VILLE UNIVERSITE, AG",0.0,E,0.0,"5,E",8.0,"2,E",5.0,"2,E",1.0,"2,E",0.0,"3,E",0.0,"3,E",0.0,"3,E",1.0,"3,E",0.0,"3,E",19170207.0,",3,E",19170206.0,",2,E",19170214.0,",3,E",5.0,"3,E,07,",31.1,"2,,E,06,",22.0,"3,E,14,",,,122.2,"3,E",77.6,"2,,,E",1.3,"5,E",1.6320000000000001,"3,,,E",0.968,"3,,,E"
AGE00147705,1917-03-01,36.78,3.07,59.0,"ALGIERS VILLE UNIVERSITE, AG",0.7,E,0.7,",E",15.0,",E",10.0,",E",0.0,",E",0.0,",E",0.0,",E",0.0,",E",4.0,",E",0.0,",E",19170325.0,",,E",19170323.0,",,E",19170307.0,"+,,E",4.0,",E,25,",18.0,",,E,23,",23.0,",E,07,+",,,178.5,",E",81.9,",,,E",1.26,",E",1.61,",,,E",0.9099999999999999,",,,E"
AGE00147705,1917-04-01,36.78,3.07,59.0,"ALGIERS VILLE UNIVERSITE, AG",0.7,E,0.0,",E",8.0,",E",3.0,",E",0.0,",E",0.0,",E",0.0,",E",0.0,",E",2.0,",E",0.0,",E",19170424.0,"+,,E",19170410.0,",,E",19170401.0,",,E",8.0,",E,24,+",8.2,",,E,10,",24.0,",E,01,",,,120.5,",E",25.7,",,,E",1.432,",E",1.7600000000000002,",,,E",1.103,",,,E"
AGE00147705,1917-05-01,36.78,3.07,59.0,"ALGIERS VILLE UNIVERSITE, AG",,,,,5.0,"1,E",4.0,"1,E",0.0,"1,E",0.0,"2,E",0.0,"2,E",0.0,"2,E",19.0,"2,E",1.0,"2,E",19170526.0,"+,2,E",19170518.0,",1,E",19170512.0,",2,E",13.0,"2,E,26,+",10.4,"1,,E,18,",35.0,"2,E,12,",,,,,32.7,"1,,,E",1.891,"4,E",2.266,"2,,,E",1.517,"2,,,E"
AGE00147705,1917-06-01,36.78,3.07,59.0,"ALGIERS VILLE UNIVERSITE, AG",,,,,4.0,"2,E",1.0,"2,E",0.0,"2,E",0.0,"2,E",0.0,"2,E",0.0,"4,E",24.0,"4,E",1.0,"4,E",19170625.0,",2,E",19170608.0,",2,E",19170618.0,",4,E",15.0,"2,E,25,",4.6,"2,,E,08,",34.0,"4,E,18,",,,,,6.3,"2,,,E",2.181,"6,E",2.519,"4,,,E",1.843,"2,,,E"
AGE00147705,1917-07-01,36.78,3.07,59.0,"ALGIERS VILLE UNIVERSITE, AG",,,181.0,"1,E",0.0,",E",0.0,",E",0.0,",E",0.0,"1,E",0.0,"1,E",0.0,",E",31.0,",E",3.0,",E",19170714.0,"+,1,E",19170731.0,"+,,E",19170729.0,",,E",18.0,"1,E,14,+",0.0,",,E,31,+",36.0,",E,29,",0.0,E,0.0,",E",0.0,",,,E",2.435,"1,E",2.7969999999999997,",,,E",2.073,"1,,,E"
AGE00147705,1917-08-01,36.78,3.07,59.0,"ALGIERS VILLE UNIVERSITE, AG",,,242.2,",E",0.0,",E",0.0,",E",0.0,",E",0.0,",E",0.0,",E",0.0,",E",31.0,",E",4.0,",E",19170808.0,"+,,E",19170831.0,"+,,E",19170814.0,"+,,E",20.0,",E,08,+",0.0,",,E,31,+",35.0,",E,14,+",0.0,E,0.0,",E",0.0,",,,E",2.6149999999999998,",E",2.9579999999999997,",,,E",2.271,",,,E"
AGE00147705,1917-10-01,36.78,3.07,59.0,"ALGIERS VILLE UNIVERSITE, AG",,,60.8,"3,E",7.0,"1,E",6.0,"1,E",0.0,"1,E",0.0,"1,E",0.0,"1,E",0.0,"2,E",19.0,"2,E",0.0,"2,E",19171030.0,",1,E",19171015.0,",1,E",19171002.0,",2,E",9.0,"1,E,30,",12.3,"1,,E,15,",32.0,"2,E,02,",,,15.2,"2,E",54.1,"1,,,E",1.9789999999999999,"3,E",2.3280000000000003,"2,,,E",1.6300000000000001,"1,,,E"
AGE00147705,1917-12-01,36.78,3.07,59.0,"ALGIERS VILLE UNIVERSITE, AG",,,0.0,"4,E",14.0,"1,E",9.0,"1,E",4.0,"1,E",0.0,"2,E",1.0,"2,E",0.0,"2,E",0.0,"2,E",0.0,"2,E",19171228.0,",2,E",19171226.0,",1,E",19171223.0,"+,2,E",0.0,"2,E,28,",44.5,"1,,E,26,",17.0,"2,E,23,+",,,212.5,"2,E",192.5,"1,,,E",1.036,"4,E",1.3279999999999998,"2,,,E",0.745,"2,,,E"
AGE00147705,1919-01-01,36.78,3.07,59.0,"ALGIERS VILLE UNIVERSITE, AG",0.0,E,0.0,"2,E",15.0,"1,E",12.0,"1,E",2.0,"1,E",0.0,"1,E",0.0,"1,E",0.0,"1,E",0.0,"1,E",0.0,"1,E",19190127.0,"+,1,E",19190124.0,",1,E",19190104.0,",1,E",7.0,"1,E,27,+",30.1,"1,,E,24,",18.0,"1,E,04,",,,202.2,"1,E",160.2,"1,,,E",1.1380000000000001,"2,E",1.417,"1,,,E",0.86,"1,,,E"
AGE00147705,1919-02-01,36.78,3.07,59.0,"ALGIERS VILLE UNIVERSITE, AG",0.3,E,0.3,",E",7.0,",E",4.0,",E",2.0,",E",0.0,",E",0.0,",E",0.0,",E",1.0,",E",0.0,",E",19190203.0,",,E",19190202.0,",,E",19190215.0,",,E",5.0,",E,03,",47.3,",,E,02,",24.0,",E,15,",,,118.7,",E",87.0,",,,E",1.411,",E",1.7109999999999999,",,,E",1.111,",,,E"
AGE00147705,1919-03-01,36.78,3.07,59.0,"ALGIERS VILLE UNIVERSITE, AG",1.5,E,1.2,",E",10.0,",E",7.0,",E",0.0,",E",0.0,",E",0.0,",E",0.0,",E",2.0,",E",0.0,",E",19190319.0,",,E",19190327.0,",,E",19190331.0,",,E",5.0,",E,19,",17.0,",,E,27,",25.0,",E,31,",,,131.5,",E",52.7,",,,E",1.413,",E",1.7579999999999998,",,,E",1.068,",,,E"
AGE00147705,1919-04-01,36.78,3.07,59.0,"ALGIERS VILLE UNIVERSITE, AG",2.3,E,0.8,"5,E",8.0,"3,E",5.0,"3,E",0.0,"3,E",0.0,"3,E",0.0,"3,E",0.0,"3,E",4.0,"3,E",0.0,"3,E",19190430.0,"+,3,E",19190410.0,",3,E",19190413.0,"+,3,E",8.0,"3,E,30,+",14.1,"3,,E,10,",23.0,"3,E,13,+",,,76.7,"3,E",40.8,"3,,,E",1.5310000000000001,"5,E",1.8670000000000002,"3,,,E",1.1960000000000002,"3,,,E"
AGE00147705,1919-05-01,36.78,3.07,59.0,"ALGIERS VILLE UNIVERSITE, AG",,,,,6.0,"2,E",2.0,"2,E",0.0,"2,E",0.0,"2,E",0.0,"2,E",0.0,"2,E",20.0,"2,E",0.0,"2,E",19190501.0,",2,E",19190510.0,",2,E",19190528.0,",2,E",8.0,"2,E,01,",18.3,"2,,E,10,",30.0,"2,E,28,",,,,,25.6,"2,,,E",1.879,"4,E",2.279,"2,,,E",1.4789999999999999,"2,,,E"
AGE00147705,1919-10-01,36.78,3.07,59.0,"ALGIERS VILLE UNIVERSITE, AG",,,26.3,",E",12.0,",E",9.0,",E",0.0,",E",0.0,",E",0.0,",E",0.0,",E",15.0,",E",0.0,",E",19191027.0,",,E",19191003.0,",,E",19191014.0,"+,,E",10.0,",E,27,",19.7,",,E,03,",25.0,",E,14,+",,,34.2,",E",90.2,",,,E",1.8079999999999998,",E",2.1100000000000003,",,,E",1.506,",,,E"
AGE00147705,1919-11-01,36.78,3.07,59.0,"ALGIERS VILLE UNIVERSITE, AG",,,15.0,"2,E",11.0,",E",5.0,",E",0.0,",E",0.0,"1,E",0.0,"1,E",0.0,"1,E",11.0,"1,E",0.0,"1,E",19191102.0,",1,E",19191110.0,",,E",19191105.0,",1,E",8.0,"1,E,02,",6.0,",,E,10,",29.0,"1,E,05,",,,64.8,"1,E",29.7,",,,E",1.671,"2,E",2.045,"1,,,E",1.2970000000000002,"1,,,E"
AGE00147705,1920-01-01,36.78,3.07,59.0,"ALGIERS VILLE UNIVERSITE, AG",0.0,E,0.0,",E",6.0,",E",5.0,",E",0.0,",E",0.0,",E",0.0,",E",0.0,",E",0.0,",E",0.0,",E",19200124.0,",,E",19200105.0,",,E",19200128.0,"+,,E",6.0,",E,24,",12.1,",,E,05,",19.0,",E,28,+",,,180.3,",E",40.4,",,,E",1.252,",E",1.558,",,,E",0.945,",,,E"
AGE00147705,1920-03-01,36.78,3.07,59.0,"ALGIERS VILLE UNIVERSITE, AG",,,3.2,",E",9.0,",E",6.0,",E",2.0,",E",0.0,",E",0.0,",E",0.0,",E",6.0,",E",0.0,",E",19200311.0,"+,,E",19200309.0,",,E",19200305.0,",,E",4.0,",E,11,+",30.8,",,E,09,",26.0,",E,05,",,,130.5,",E",103.0,",,,E",1.423,",E",1.797,",,,E",1.048,",,,E"
AGE00147705,1920-04-01,36.78,3.07,59.0,"ALGIERS VILLE UNIVERSITE, AG",,,14.5,"2,E",5.0,"1,E",2.0,"1,E",0.0,"1,E",0.0,"1,E",0.0,"1,E",0.0,"1,E",12.0,"1,E",0.0,"1,E",19200422.0,"+,1,E",19200412.0,",1,E",19200408.0,",1,E",10.0,"1,E,22,+",8.9,"1,,E,12,",32.0,"1,E,08,",,,38.8,"1,E",18.4,"1,,,E",1.7429999999999999,"2,E",2.148,"1,,,E",1.338,"1,,,E"
AGE00147705,1920-05-01,36.78,3.07,59.0,"ALGIERS VILLE UNIVERSITE, AG",,,62.8,",E",6.0,",E",2.0,",E",0.0,",E",0.0,",E",0.0,",E",0.0,",E",25.0,",E",1.0,",E",19200507.0,"+,,E",19200516.0,",,E",19200513.0,",,E",13.0,",E,07,+",3.8,",,E,16,",35.0,",E,13,",,,9.2,",E",10.8,",,,E",2.006,",E",2.3579999999999997,",,,E",1.655,",,,E"
AGE00147705,1920-06-01,36.78,3.07,59.0,"ALGIERS VILLE UNIVERSITE, AG",,,135.5,",E",3.0,",E",2.0,",E",0.0,",E",0.0,",E",0.0,",E",0.0,",E",30.0,",E",1.0,",E",19200603.0,",,E",19200607.0,",,E",19200629.0,",,E",16.0,",E,03,",11.3,",,E,07,",33.0,",E,29,",,,0.0,",E",21.5,",,,E",2.285,",E",2.693,",,,E",1.877,",,,E"
AGE00147705,1920-07-01,36.78,3.07,59.0,"ALGIERS VILLE UNIVERSITE, AG",,,227.7,",E",2.0,",E",0.0,",E",0.0,",E",0.0,",E",0.0,",E",0.0,",E",31.0,",E",7.0,",E",19200731.0,",,E",19200706.0,",,E",19200721.0,"+,,E",19.0,",E,31,",0.9,",,E,06,",38.0,",E,21,+",0.0,E,0.0,",E",1.5,",,,E",2.568,",E",2.984,",,,E",2.152,",,,E"
AGE00147705,1920-09-01,36.78,3.07,59.0,"ALGIERS VILLE UNIVERSITE, AG",,,158.8,"1,E",4.0,",E",1.0,",E",0.0,",E",0.0,",E",0.0,",E",0.0,"1,E",29.0,"1,E",2.0,"1,E",19200924.0,"+,,E",19200923.0,",,E",19200929.0,",1,E",17.0,",E,24,+",3.3,",,E,23,",35.0,"1,E,29,",,,0.0,"1,E",7.2,",,,E",2.381,"1,E",2.734,"1,,,E",2.027,",,,E"
AGE00147705,1920-10-01,36.78,3.07,59.0,"ALGIERS VILLE UNIVERSITE, AG",,,60.3,",E",15.0,",E",12.0,",E",1.0,",E",0.0,",E",0.0,",E",0.0,",E",21.0,",E",0.0,",E",19201026.0,"+,,E",19201026.0,",,E",19201001.0,",,E",14.0,",E,26,+",27.3,",,E,26,",29.0,",E,01,",,,8.2,",E",96.0,",,,E",2.002,",E",2.3129999999999997,",,,E",1.69,",,,E"
AGE00147705,1920-12-01,36.78,3.07,59.0,"ALGIERS VILLE UNIVERSITE, AG",,,1.5,",E",14.0,",E",10.0,",E",1.0,",E",0.0,",E",0.0,",E",0.0,",E",2.0,",E",0.0,",E",19201221.0,"+,,E",19201205.0,",,E",19201230.0,",,E",6.0,",E,21,+",29.8,",,E,05,",25.0,",E,30,",,,158.3,",E",142.8,",,,E",1.327,",E",1.6320000000000001,",,,E",1.0230000000000001,",,,E"
AGE00147705,1921-01-01,36.78,3.07,59.0,"ALGIERS VILLE UNIVERSITE, AG",0.0,E,0.0,"2,E",10.0,"1,E",7.0,"1,E",0.0,"1,E",0.0,"1,E",0.0,"1,E",0.0,"1,E",0.0,"1,E",0.0,"1,E",19210116.0,",1,E",19210108.0,",1,E",19210129.0,"+,1,E",5.0,"1,E,16,",14.7,"1,,E,08,",19.0,"1,E,29,+",,,168.2,"1,E",69.6,"1,,,E",1.2570000000000001,"2,E",1.55,"1,,,E",0.9630000000000001,"1,,,E"
AGE00147705,1921-02-01,36.78,3.07,59.0,"ALGIERS VILLE UNIVERSITE, AG",0.0,E,0.0,"3,E",10.0,"2,E",8.0,"2,E",0.0,"2,E",0.0,"2,E",0.0,"2,E",0.0,"2,E",1.0,"2,E",0.0,"2,E",19210206.0,",2,E",19210218.0,",2,E",19210220.0,",2,E",7.0,"2,E,06,",22.0,"2,,E,18,",22.0,"2,E,20,",,,127.8,"2,E",76.2,"2,,,E",1.319,"3,E",1.581,"2,,,E",1.058,"2,,,E"
AGE00147705,1921-03-01,36.78,3.07,59.0,"ALGIERS VILLE UNIVERSITE, AG",0.0,E,0.0,"3,E",14.0,"2,E",12.0,"2,E",1.0,"2,E",0.0,"2,E",0.0,"2,E",0.0,"2,E",0.0,"2,E",0.0,"2,E",19210323.0,"+,2,E",19210331.0,",2,E",19210312.0,",2,E",8.0,"2,E,23,+",27.5,"2,,E,31,",21.0,"2,E,12,",,,139.8,"2,E",109.3,"2,,,E",1.3359999999999999,"3,E",1.659,"2,,,E",1.014,"2,,,E"
AGE00147705,1921-04-01,36.78,3.07,59.0,"ALGIERS VILLE UNIVERSITE, AG",0.0,E,0.0,"3,E",12.0,"2,E",10.0,"2,E",1.0,"2,E",0.0,"2,E",0.0,"2,E",0.0,"2,E",3.0,"2,E",0.0,"2,E",19210417.0,",2,E",19210416.0,",2,E",19210429.0,",2,E",7.0,"2,E,17,",35.9,"2,,E,16,",23.0,"2,E,29,",,,111.0,"2,E",101.5,"2,,,E",1.427,"3,E",1.7710000000000001,"2,,,E",1.082,"2,,,E"
AGE00147705,1921-05-01,36.78,3.07,59.0,"ALGIERS VILLE UNIVERSITE, AG",26.5,E,26.5,",E",10.0,",E",2.0,",E",0.0,",E",0.0,",E",0.0,",E",0.0,",E",21.0,",E",0.0,",E",19210506.0,"+,,E",19210515.0,",,E",19210527.0,"+,,E",12.0,",E,06,+",17.4,",,E,15,",26.0,",E,27,+",,,11.3,",E",29.1,",,,E",1.8820000000000001,",E",2.229,",,,E",1.535,",,,E"
AGE00147705,1921-06-01,36.78,3.07,59.0,"ALGIERS VILLE UNIVERSITE, AG",111.8,E,85.3,"4,E",4.0,"2,E",3.0,"2,E",0.0,"2,E",0.0,"2,E",0.0,"2,E",0.0,"2,E",28.0,"2,E",0.0,"2,E",19210607.0,",2,E",19210606.0,",2,E",19210630.0,",2,E",14.0,"2,E,07,",9.9,"2,,E,06,",32.0,"2,E,30,",,,0.0,"2,E",22.2,"2,,,E",2.159,"4,E",2.564,"2,,,E",1.754,"2,,,E"
AGE00147705,1921-07-01,36.78,3.07,59.0,"ALGIERS VILLE UNIVERSITE, AG",,,,,1.0,"3,E",1.0,"3,E",0.0,"3,E",0.0,"3,E",0.0,"3,E",0.0,"3,E",28.0,"3,E",3.0,"3,E",19210715.0,"+,3,E",19210713.0,",3,E",19210729.0,",3,E",19.0,"3,E,15,+",5.8,"3,,E,13,",37.0,"3,E,29,",,,,,5.8,"3,,,E",2.52,"6,E",2.907,"3,,,E",2.132,"3,,,E"
AGE00147705,1921-08-01,36.78,3.07,59.0,"ALGIERS VILLE UNIVERSITE, AG",,,215.7,",E",1.0,",E",0.0,",E",0.0,",E",0.0,",E",0.0,",E",0.0,",E",31.0,",E",5.0,",E",19210827.0,"+,,E",19210831.0,",,E",19210809.0,",,E",19.0,",E,27,+",1.7,",,E,31,",36.0,",E,09,",,,0.0,",E",1.7,",,,E",2.529,",E",2.926,",,,E",2.132,",,,E"
AGE00147705,1921-09-01,36.78,3.07,59.0,"ALGIERS VILLE UNIVERSITE, AG",,,,,5.0,"3,E",1.0,"3,E",0.0,"3,E",0.0,"3,E",0.0,"3,E",0.0,"3,E",27.0,"3,E",4.0,"3,E",19210929.0,",3,E",19210908.0,",3,E",19210920.0,",3,E",17.0,"3,E,29,",3.5,"3,,E,08,",37.0,"3,E,20,",,,,,7.6,"3,,,E",2.513,"4,E",2.8850000000000002,"3,,,E",2.141,"3,,,E"
AGE00147705,1921-10-01,36.78,3.07,59.0,"ALGIERS VILLE UNIVERSITE, AG",,,89.3,"2,E",5.0,"1,E",3.0,"1,E",1.0,"1,E",0.0,"1,E",0.0,"1,E",0.0,"1,E",21.0,"1,E",0.0,"1,E",19211025.0,",1,E",19211026.0,",1,E",19211011.0,"+,1,E",10.0,"1,E,25,",34.2,"1,,E,26,",32.0,"1,E,11,+",,,18.0,"1,E",71.1,"1,,,E",2.085,"2,E",2.44,"1,,,E",1.73,"1,,,E"
AGE00147705,1921-12-01,36.78,3.07,59.0,"ALGIERS VILLE UNIVERSITE, AG",,,0.0,",E",17.0,",E",14.0,",E",2.0,",E",0.0,",E",0.0,",E",0.0,",E",0.0,",E",0.0,",E",19211225.0,",,E",19211224.0,",,E",19211201.0,",,E",4.0,",E,25,",32.0,",,E,24,",19.0,",E,01,",,,188.8,",E",203.0,",,,E",1.224,",E",1.4869999999999999,",,,E",0.961,",,,E"
AGE00147705,1922-01-01,36.78,3.07,59.0,"ALGIERS VILLE UNIVERSITE, AG",0.0,E,0.0,",E",15.0,",E",9.0,",E",0.0,",E",0.0,",E",0.0,",E",0.0,",E",0.0,",E",0.0,",E",19220115.0,",,E",19220115.0,",,E",19220130.0,",,E",4.0,",E,15,",11.3,",,E,15,",21.0,",E,30,",,,192.3,",E",62.3,",,,E",1.213,",E",1.503,",,,E",0.923,",,,E"
AGE00147705,1922-02-01,36.78,3.07,59.0,"ALGIERS VILLE UNIVERSITE, AG",0.0,E,0.0,",E",9.0,",E",5.0,",E",0.0,",E",0.0,",E",0.0,",E",0.0,",E",1.0,",E",0.0,",E",19220208.0,",,E",19220215.0,",,E",19220205.0,",,E",6.0,",E,08,",12.9,",,E,15,",22.0,",E,05,",,,144.3,",E",46.2,",,,E",1.318,",E",1.654,",,,E",0.982,",,,E"
AGE00147705,1922-03-01,36.78,3.07,59.0,"ALGIERS VILLE UNIVERSITE, AG",2.8,E,2.8,",E",5.0,",E",3.0,",E",0.0,",E",0.0,",E",0.0,",E",0.0,",E",6.0,",E",0.0,",E",19220324.0,",,E",19220326.0,",,E",19220312.0,",,E",6.0,",E,24,",9.3,",,E,26,",28.0,",E,12,",,,104.7,",E",18.7,",,,E",1.5050000000000001,",E",1.9260000000000002,",,,E",1.084,",,,E"
AGE00147705,1922-04-01,36.78,3.07,59.0,"ALGIERS VILLE UNIVERSITE, AG",40.5,E,37.7,",E",4.0,",E",2.0,",E",0.0,",E",0.0,",E",0.0,",E",0.0,",E",19.0,",E",1.0,",E",19220421.0,"+,,E",19220430.0,",,E",19220414.0,",,E",8.0,",E,21,+",5.5,",,E,30,",34.0,",E,14,",,,44.2,",E",11.0,",,,E",1.812,",E",2.277,",,,E",1.347,",,,E"
AGE00147705,1922-05-01,36.78,3.07,59.0,"ALGIERS VILLE UNIVERSITE, AG",101.7,E,61.2,",E",3.0,",E",1.0,",E",1.0,",E",0.0,",E",0.0,",E",0.0,",E",23.0,",E",1.0,",E",19220502.0,",,E",19220501.0,",,E",19220525.0,",,E",7.0,",E,02,",26.1,",,E,01,",34.0,",E,25,",,,15.5,",E",27.4,",,,E",1.9809999999999999,",E",2.416,",,,E",1.545,",,,E"
AGE00147705,1922-06-01,36.78,3.07,59.0,"ALGIERS VILLE UNIVERSITE, AG",219.0,E,117.3,"1,E",3.0,"1,E",1.0,"1,E",0.0,"1,E",0.0,",E",0.0,",E",0.0,"1,E",29.0,"1,E",1.0,"1,E",19220611.0,",,E",19220615.0,",1,E",19220625.0,",1,E",15.0,",E,11,",3.0,"1,,E,15,",33.0,"1,E,25,",,,0.0,"1,E",4.2,"1,,,E",2.241,"1,E",2.6550000000000002,"1,,,E",1.827,",,,E"
AGE00147705,1922-07-01,36.78,3.07,59.0,"ALGIERS VILLE UNIVERSITE, AG",393.5,E,174.5,"1,E",0.0,",E",0.0,",E",0.0,",E",0.0,"1,E",0.0,"1,E",0.0,",E",31.0,",E",2.0,",E",19220728.0,",1,E",19220718.0,",,E",19220715.0,",,E",17.0,"1,E,28,",0.1,",,E,18,",35.0,",E,15,",0.0,E,0.0,",E",0.1,",,,E",2.411,"1,E",2.816,",,,E",2.007,"1,,,E"
AGE00147705,1922-09-01,36.78,3.07,59.0,"ALGIERS VILLE UNIVERSITE, AG",,,119.5,",E",5.0,",E",1.0,",E",0.0,",E",0.0,",E",0.0,",E",0.0,",E",30.0,",E",0.0,",E",19220929.0,",,E",19220928.0,",,E",19220923.0,",,E",15.0,",E,29,",23.2,",,E,28,",32.0,",E,23,",,,0.0,",E",26.1,",,,E",2.232,",E",2.607,",,,E",1.857,",,,E"
AGE00147705,1922-10-01,36.78,3.07,59.0,"ALGIERS VILLE UNIVERSITE, AG",,,80.3,",E",7.0,",E",4.0,",E",1.0,",E",0.0,",E",0.0,",E",0.0,",E",28.0,",E",0.0,",E",19221031.0,"+,,E",19221025.0,",,E",19221004.0,"+,,E",14.0,",E,31,+",27.6,",,E,25,",29.0,",E,04,+",,,4.2,",E",51.6,",,,E",2.0789999999999997,",E",2.461,",,,E",1.6969999999999998,",,,E"
AGE00147705,1922-11-01,36.78,3.07,59.0,"ALGIERS VILLE UNIVERSITE, AG",,,1.5,",E",8.0,",E",4.0,",E",1.0,",E",0.0,",E",0.0,",E",0.0,",E",2.0,",E",0.0,",E",19221129.0,",,E",19221112.0,",,E",19221104.0,",,E",8.0,",E,29,",41.8,",,E,12,",24.0,",E,04,",,,89.5,",E",84.5,",,,E",1.54,",E",1.83,",,,E",1.25,",,,E"
AGE00147705,1923-01-01,36.78,3.07,59.0,"ALGIERS VILLE UNIVERSITE, AG",,,,,24.0,"3,E",15.0,"3,E",3.0,"3,E",0.0,"3,E",0.0,"3,E",0.0,"3,E",0.0,"3,E",0.0,"3,E",19230122.0,"+,3,E",19230125.0,",3,E",19230111.0,"+,3,E",5.0,"3,E,22,+",36.4,"3,,E,25,",16.0,"3,E,11,+",,,,,272.6,"3,,,E",1.016,"6,E",1.275,"3,,,E",0.757,"3,,,E"
AGE00147705,1923-02-01,36.78,3.07,59.0,"ALGIERS VILLE UNIVERSITE, AG",,,0.0,"5,E",7.0,"3,E",5.0,"3,E",0.0,"3,E",0.0,"3,E",0.0,"3,E",0.0,"3,E",0.0,"3,E",0.0,"3,E",19230220.0,"+,3,E",19230222.0,",3,E",19230218.0,",3,E",8.0,"3,E,20,+",22.2,"3,,E,22,",21.0,"3,E,18,",,,107.2,"3,E",49.3,"3,,,E",1.3619999999999999,"5,E",1.704,"3,,,E",1.02,"3,,,E"
AGE00147705,1923-03-01,36.78,3.07,59.0,"ALGIERS VILLE UNIVERSITE, AG",,,0.2,"2,E",12.0,"1,E",8.0,"1,E",0.0,"1,E",0.0,"1,E",0.0,"1,E",0.0,"1,E",2.0,"1,E",0.0,"1,E",19230313.0,"+,1,E",19230311.0,",1,E",19230319.0,",1,E",7.0,"1,E,13,+",8.1,"1,,E,11,",25.0,"1,E,19,",,,116.3,"1,E",45.2,"1,,,E",1.432,"2,E",1.763,"1,,,E",1.1,"1,,,E"
AGE00147705,1923-04-01,36.78,3.07,59.0,"ALGIERS VILLE UNIVERSITE, AG",,,3.7,",E",9.0,",E",5.0,",E",0.0,",E",0.0,",E",0.0,",E",0.0,",E",6.0,",E",0.0,",E",19230409.0,",,E",19230421.0,",,E",19230411.0,",,E",7.0,",E,09,",23.6,",,E,21,",28.0,",E,11,",,,79.7,",E",62.1,",,,E",1.58,",E",1.973,",,,E",1.1869999999999998,",,,E"
AGE00147705,1923-05-01,36.78,3.07,59.0,"ALGIERS VILLE UNIVERSITE, AG",,,28.8,"2,E",5.0,"1,E",5.0,"1,E",0.0,"1,E",0.0,"1,E",0.0,"1,E",0.0,"1,E",16.0,"1,E",1.0,"1,E",19230513.0,"+,1,E",19230511.0,",1,E",19230508.0,",1,E",12.0,"1,E,13,+",21.6,"1,,E,11,",33.0,"1,E,08,",,,18.0,"1,E",61.5,"1,,,E",1.8800000000000001,"2,E",2.25,"1,,,E",1.51,"1,,,E"
AGE00147705,1923-06-01,36.78,3.07,59.0,"ALGIERS VILLE UNIVERSITE, AG",,,25.7,",E",5.0,",E",5.0,",E",1.0,",E",0.0,",E",0.0,",E",0.0,",E",16.0,",E",0.0,",E",19230608.0,",,E",19230607.0,",,E",19230626.0,"+,,E",11.0,",E,08,",37.0,",,E,07,",25.0,",E,26,+",,,13.2,",E",61.9,",,,E",1.875,",E",2.193,",,,E",1.557,",,,E"
AGE00147705,1923-07-01,36.78,3.07,59.0,"ALGIERS VILLE UNIVERSITE, AG",,,215.2,",E",1.0,",E",0.0,",E",0.0,",E",0.0,",E",0.0,",E",0.0,",E",31.0,",E",5.0,",E",19230702.0,"+,,E",19230727.0,",,E",19230715.0,",,E",17.0,",E,02,+",0.4,",,E,27,",39.0,",E,15,",0.0,E,0.0,",E",0.4,",,,E",2.527,",E",2.968,",,,E",2.087,",,,E"
AGE00147705,1923-08-01,36.78,3.07,59.0,"ALGIERS VILLE UNIVERSITE, AG",,,254.0,"1,E",0.0,",E",0.0,",E",0.0,",E",0.0,"1,E",0.0,"1,E",0.0,",E",31.0,",E",9.0,",E",19230827.0,",1,E",19230831.0,"+,,E",19230801.0,",,E",19.0,"1,E,27,",0.0,",,E,31,+",38.0,",E,01,",0.0,E,0.0,",E",0.0,",,,E",2.675,"1,E",3.097,",,,E",2.253,"1,,,E"
AGE00147705,1923-11-01,36.78,3.07,59.0,"ALGIERS VILLE UNIVERSITE, AG",,,9.0,"4,E",13.0,",E",10.0,",E",0.0,",E",0.0,"2,E",0.0,"2,E",0.0,"2,E",7.0,"2,E",0.0,"2,E",19231123.0,"+,2,E",19231104.0,",,E",19231127.0,"+,2,E",8.0,"2,E,23,+",21.6,",,E,04,",28.0,"2,E,27,+",,,53.7,"2,E",97.3,",,,E",1.654,"4,E",2.025,"2,,,E",1.282,"2,,,E"
AGE00147705,1923-12-01,36.78,3.07,59.0,"ALGIERS VILLE UNIVERSITE, AG",,,0.0,",E",16.0,",E",12.0,",E",3.0,",E",0.0,",E",0.0,",E",0.0,",E",0.0,",E",0.0,",E",19231221.0,",,E",19231211.0,",,E",19231212.0,"+,,E",5.0,",E,21,",58.8,",,E,11,",18.0,",E,12,+",,,207.3,",E",203.1,",,,E",1.165,",E",1.458,",,,E",0.8710000000000001,",,,E"
AGE00147705,1924-01-01,36.78,3.07,59.0,"ALGIERS VILLE UNIVERSITE, AG",0.0,E,0.0,",E",13.0,",E",7.0,",E",0.0,",E",0.0,",E",0.0,",E",0.0,",E",0.0,",E",0.0,",E",19240131.0,"+,,E",19240107.0,",,E",19240113.0,",,E",5.0,",E,31,+",22.6,",,E,07,",20.0,",E,13,",,,187.8,",E",80.4,",,,E",1.2269999999999999,",E",1.516,",,,E",0.9390000000000001,",,,E"
AGE00147705,1924-02-01,36.78,3.07,59.0,"ALGIERS VILLE UNIVERSITE, AG",0.0,E,0.0,"2,E",17.0,"1,E",9.0,"1,E",1.0,"1,E",0.0,"1,E",0.0,"1,E",0.0,"1,E",0.0,"1,E",0.0,"1,E",19240228.0,",1,E",19240225.0,",1,E",19240210.0,",1,E",2.0,"1,E,28,",25.7,"1,,E,25,",21.0,"1,E,10,",,,178.0,"1,E",104.6,"1,,,E",1.175,"2,E",1.496,"1,,,E",0.8539999999999999,"1,,,E"
AGE00147705,1924-03-01,36.78,3.07,59.0,"ALGIERS VILLE UNIVERSITE, AG",3.2,E,3.2,",E",9.0,",E",5.0,",E",1.0,",E",0.0,",E",0.0,",E",0.0,",E",7.0,",E",0.0,",E",19240301.0,",,E",19240331.0,",,E",19240325.0,"+,,E",6.0,",E,01,",30.3,",,E,31,",24.0,",E,25,+",,,109.7,",E",49.5,",,,E",1.49,",E",1.832,",,,E",1.147,",,,E"
AGE00147705,1924-04-01,36.78,3.07,59.0,"ALGIERS VILLE UNIVERSITE, AG",28.9,E,25.7,",E",4.0,",E",4.0,",E",0.0,",E",0.0,",E",0.0,",E",0.0,",E",13.0,",E",0.0,",E",19240404.0,"+,,E",19240415.0,",,E",19240424.0,"+,,E",8.0,",E,04,+",6.5,",,E,15,",30.0,",E,24,+",,,60.2,",E",19.9,",,,E",1.718,",E",2.17,",,,E",1.267,",,,E"
AGE00147705,1924-05-01,36.78,3.07,59.0,"ALGIERS VILLE UNIVERSITE, AG",127.9,E,99.0,"2,E",3.0,"1,E",1.0,"1,E",0.0,"1,E",0.0,"1,E",0.0,"1,E",0.0,"1,E",29.0,"1,E",1.0,"1,E",19240511.0,"+,1,E",19240524.0,",1,E",19240505.0,",1,E",14.0,"1,E,11,+",2.6,"1,,E,24,",36.0,"1,E,05,",,,1.2,"1,E",4.9,"1,,,E",2.177,"2,E",2.62,"1,,,E",1.7329999999999999,"1,,,E"
AGE00147705,1924-06-01,36.78,3.07,59.0,"ALGIERS VILLE UNIVERSITE, AG",260.4,E,132.5,",E",1.0,",E",1.0,",E",0.0,",E",0.0,",E",0.0,",E",0.0,",E",30.0,",E",0.0,",E",19240624.0,"+,,E",19240602.0,",,E",19240630.0,",,E",17.0,",E,24,+",5.6,",,E,02,",32.0,",E,30,",,,0.0,",E",5.6,",,,E",2.275,",E",2.613,",,,E",1.937,",,,E"
AGE00147705,1924-08-01,36.78,3.07,59.0,"ALGIERS VILLE UNIVERSITE, AG",,,201.5,"1,E",0.0,",E",0.0,",E",0.0,",E",0.0,"1,E",0.0,"1,E",0.0,",E",31.0,",E",4.0,",E",19240829.0,"+,1,E",19240831.0,"+,,E",19240813.0,",,E",18.0,"1,E,29,+",0.0,",,E,31,+",35.0,",E,13,",,,0.0,",E",0.0,",,,E",2.502,"1,E",2.8649999999999998,",,,E",2.1399999999999997,"1,,,E"
AGE00147705,1924-09-01,36.78,3.07,59.0,"ALGIERS VILLE UNIVERSITE, AG",,,164.5,",E",5.0,",E",2.0,",E",1.0,",E",0.0,",E",0.0,",E",0.0,",E",30.0,",E",0.0,",E",19240930.0,"+,,E",19240930.0,",,E",19240910.0,",,E",18.0,",E,30,+",28.5,",,E,30,",32.0,",E,10,",,,0.0,",E",32.9,",,,E",2.382,",E",2.71,",,,E",2.053,",,,E"
AGE00147705,1924-10-01,36.78,3.07,59.0,"ALGIERS VILLE UNIVERSITE, AG",,,66.7,",E",5.0,",E",2.0,",E",1.0,",E",0.0,",E",0.0,",E",0.0,",E",27.0,",E",0.0,",E",19241024.0,"+,,E",19241020.0,",,E",19241018.0,",,E",15.0,",E,24,+",25.8,",,E,20,",29.0,",E,18,",,,0.0,",E",35.5,",,,E",2.048,",E",2.371,",,,E",1.7260000000000002,",,,E"
AGE00147705,1924-11-01,36.78,3.07,59.0,"ALGIERS VILLE UNIVERSITE, AG",,,17.0,"2,E",14.0,"1,E",12.0,"1,E",0.0,"1,E",0.0,"1,E",0.0,"1,E",0.0,"1,E",9.0,"1,E",0.0,"1,E",19241128.0,"+,1,E",19241108.0,",1,E",19241104.0,",1,E",10.0,"1,E,28,+",23.0,"1,,E,08,",31.0,"1,E,04,",,,64.3,"1,E",143.2,"1,,,E",1.6670000000000003,"2,E",2.003,"1,,,E",1.331,"1,,,E"
AGE00147705,1925-04-01,36.78,3.07,59.0,"ALGIERS VILLE UNIVERSITE, AG",,,10.5,"4,E",6.0,"2,E",3.0,"2,E",0.0,"2,E",0.0,"3,E",0.0,"3,E",0.0,"2,E",9.0,"2,E",0.0,"2,E",19250408.0,",3,E",19250424.0,",2,E",19250430.0,",2,E",6.0,"3,E,08,",24.4,"2,,E,24,",26.0,"2,E,30,",,,65.2,"2,E",40.1,"2,,,E",1.6329999999999998,"4,E",2.029,"2,,,E",1.2369999999999999,"3,,,E"
AGE00147705,1925-05-01,36.78,3.07,59.0,"ALGIERS VILLE UNIVERSITE, AG",,,19.7,"2,E",8.0,"1,E",3.0,"1,E",1.0,"1,E",0.0,"1,E",0.0,"1,E",0.0,"1,E",15.0,"1,E",0.0,"1,E",19250512.0,"+,1,E",19250519.0,",1,E",19250528.0,",1,E",10.0,"1,E,12,+",44.7,"1,,E,19,",30.0,"1,E,28,",,,23.3,"1,E",68.5,"1,,,E",1.815,"2,E",2.2,"1,,,E",1.4300000000000002,"1,,,E"
AGE00147705,1925-06-01,36.78,3.07,59.0,"ALGIERS VILLE UNIVERSITE, AG",,,114.3,"2,E",4.0,"1,E",0.0,"1,E",0.0,"1,E",0.0,"1,E",0.0,"1,E",0.0,"1,E",27.0,"1,E",1.0,"1,E",19250608.0,"+,1,E",19250612.0,",1,E",19250613.0,",1,E",15.0,"1,E,08,+",1.3,"1,,E,12,",35.0,"1,E,13,",,,1.7,"1,E",3.2,"1,,,E",2.241,"2,E",2.638,"1,,,E",1.845,"1,,,E"
AGE00147705,1925-09-01,36.78,3.07,59.0,"ALGIERS VILLE UNIVERSITE, AG",,,114.3,"2,E",8.0,"1,E",5.0,"1,E",1.0,"1,E",0.0,"1,E",0.0,"1,E",0.0,"1,E",24.0,"1,E",1.0,"1,E",19250930.0,",1,E",19250927.0,",1,E",19250910.0,",1,E",12.0,"1,E,30,",25.8,"1,,E,27,",36.0,"1,E,10,",,,3.7,"1,E",76.1,"1,,,E",2.238,"2,E",2.566,"1,,,E",1.9100000000000001,"1,,,E"
AGE00147705,1925-10-01,36.78,3.07,59.0,"ALGIERS VILLE UNIVERSITE, AG",,,34.5,",E",10.0,",E",10.0,",E",2.0,",E",0.0,",E",0.0,",E",0.0,",E",21.0,",E",0.0,",E",19251026.0,",,E",19251002.0,",,E",19251022.0,",,E",11.0,",E,26,",43.0,",,E,02,",27.0,",E,22,",,,11.8,",E",139.7,",,,E",1.906,",E",2.2350000000000003,",,,E",1.577,",,,E"
AGE00147705,1925-11-01,36.78,3.07,59.0,"ALGIERS VILLE UNIVERSITE, AG",,,1.5,",E",18.0,",E",10.0,",E",1.0,",E",0.0,",E",0.0,",E",0.0,",E",4.0,",E",0.0,",E",19251130.0,",,E",19251129.0,",,E",19251128.0,",,E",8.0,",E,30,",26.0,",,E,29,",23.0,",E,28,",,,98.5,",E",127.6,",,,E",1.51,",E",1.813,",,,E",1.207,",,,E"
AGE00147705,1925-12-01,36.78,3.07,59.0,"ALGIERS VILLE UNIVERSITE, AG",,,3.0,"2,E",9.0,"1,E",6.0,"1,E",1.0,"1,E",0.0,"1,E",0.0,"1,E",0.0,"1,E",3.0,"1,E",0.0,"1,E",19251218.0,"+,1,E",19251214.0,",1,E",19251222.0,"+,1,E",6.0,"1,E,18,+",35.1,"1,,E,14,",23.0,"1,E,22,+",,,125.7,"1,E",98.3,"1,,,E",1.412,"2,E",1.6800000000000002,"1,,,E",1.143,"1,,,E"
AGE00147705,1926-01-01,36.78,3.07,59.0,"ALGIERS VILLE UNIVERSITE, AG",0.0,E,0.0,"1,E",4.0,",E",1.0,",E",0.0,",E",0.0,"1,E",0.0,"1,E",0.0,",E",1.0,",E",0.0,",E",19260130.0,",1,E",19260114.0,",,E",19260131.0,",,E",7.0,"1,E,30,",3.0,",,E,14,",22.0,",E,31,",,,147.5,",E",6.1,",,,E",1.338,"1,E",1.629,",,,E",1.0470000000000002,"1,,,E"
AGE00147705,1926-02-01,36.78,3.07,59.0,"ALGIERS VILLE UNIVERSITE, AG",,,,,2.0,"4,E",2.0,"4,E",0.0,"4,E",0.0,"4,E",0.0,"4,E",0.0,"4,E",4.0,"4,E",0.0,"4,E",19260223.0,"+,4,E",19260212.0,",4,E",19260202.0,"+,4,E",10.0,"4,E,23,+",7.7,"4,,E,12,",25.0,"4,E,02,+",,,,,10.6,"4,,,E",1.544,"6,E",1.871,"4,,,E",1.217,"4,,,E"
AGE00147705,1926-03-01,36.78,3.07,59.0,"ALGIERS VILLE UNIVERSITE, AG",,,0.2,"4,E",6.0,"2,E",3.0,"2,E",0.0,"2,E",0.0,"2,E",0.0,"2,E",0.0,"2,E",8.0,"2,E",0.0,"2,E",19260304.0,",2,E",19260323.0,",2,E",19260301.0,",2,E",7.0,"2,E,04,",10.4,"2,,E,23,",26.0,"2,E,01,",,,80.7,"2,E",27.6,"2,,,E",1.5310000000000001,"4,E",1.907,"2,,,E",1.155,"2,,,E"
AGE00147705,1926-05-01,36.78,3.07,59.0,"ALGIERS VILLE UNIVERSITE, AG",,,38.3,"3,E",7.0,"1,E",5.0,"1,E",0.0,"1,E",0.0,"1,E",0.0,"1,E",0.0,"2,E",21.0,"2,E",1.0,"2,E",19260516.0,",1,E",19260515.0,",1,E",19260531.0,",2,E",10.0,"1,E,16,",11.0,"1,,E,15,",33.0,"2,E,31,",,,14.2,"2,E",38.3,"1,,,E",1.8989999999999998,"3,E",2.321,"2,,,E",1.4769999999999999,"1,,,E"
AGE00147705,1926-06-01,36.78,3.07,59.0,"ALGIERS VILLE UNIVERSITE, AG",,,98.7,"4,E",0.0,"2,E",0.0,"2,E",0.0,"2,E",0.0,"2,E",0.0,"2,E",0.0,"2,E",27.0,"2,E",0.0,"2,E",19260604.0,",2,E",19260630.0,"+,2,E",19260609.0,",2,E",15.0,"2,E,04,",0.0,"2,,E,30,+",32.0,"2,E,09,",,,0.3,"2,E",0.0,"2,,,E",2.211,"4,E",2.5789999999999997,"2,,,E",1.843,"2,,,E"
AGE00147705,1926-07-01,36.78,3.07,59.0,"ALGIERS VILLE UNIVERSITE, AG",,,,,2.0,"3,E",1.0,"3,E",0.0,"3,E",0.0,"3,E",0.0,"3,E",0.0,"3,E",28.0,"3,E",5.0,"3,E",19260730.0,",3,E",19260704.0,",3,E",19260725.0,"+,3,E",18.0,"3,E,30,",3.7,"3,,E,04,",35.0,"3,E,25,+",,,,,4.9,"3,,,E",2.452,"6,E",2.836,"3,,,E",2.068,"3,,,E"
AGE00147705,1926-08-01,36.78,3.07,59.0,"ALGIERS VILLE UNIVERSITE, AG",,,164.8,"2,E",1.0,"1,E",1.0,"1,E",0.0,"1,E",0.0,"1,E",0.0,"1,E",0.0,"1,E",30.0,"1,E",0.0,"1,E",19260808.0,"+,1,E",19260831.0,",1,E",19260828.0,"+,1,E",18.0,"1,E,08,+",7.0,"1,,E,31,",32.0,"1,E,28,+",,,0.0,"1,E",7.2,"1,,,E",2.4,"2,E",2.757,"1,,,E",2.043,"1,,,E"
AGE00147705,1926-09-01,36.78,3.07,59.0,"ALGIERS VILLE UNIVERSITE, AG",,,185.0,",E",3.0,",E",2.0,",E",0.0,",E",0.0,",E",0.0,",E",0.0,",E",30.0,",E",3.0,",E",19260930.0,",,E",19260928.0,",,E",19260925.0,",,E",18.0,",E,30,",22.0,",,E,28,",37.0,",E,25,",,,0.0,",E",29.9,",,,E",2.45,",E",2.783,",,,E",2.117,",,,E"
AGE00147705,1926-10-01,36.78,3.07,59.0,"ALGIERS VILLE UNIVERSITE, AG",,,,,3.0,"5,E",2.0,"5,E",0.0,"5,E",0.0,"5,E",0.0,"5,E",0.0,"5,E",25.0,"5,E",2.0,"5,E",19261026.0,",5,E",19261006.0,",5,E",19261009.0,"+,5,E",15.0,"5,E,26,",8.8,"5,,E,06,",34.0,"5,E,09,+",,,,,16.1,"5,,,E",2.327,"9,E",2.685,"5,,,E",1.969,"5,,,E"
AGE00147705,1927-01-01,36.78,3.07,59.0,"ALGIERS VILLE UNIVERSITE, AG",,,,,15.0,"4,E",11.0,"4,E",1.0,"4,E",0.0,"4,E",0.0,"4,E",0.0,"4,E",0.0,"4,E",0.0,"4,E",19270120.0,",4,E",19270119.0,",4,E",19270113.0,",4,E",4.0,"4,E,20,",25.5,"4,,E,19,",19.0,"4,E,13,",,,,,111.6,"4,,,E",1.1960000000000002,"8,E",1.4929999999999999,"4,,,E",0.9,"4,,,E"
AGE00147705,1927-02-01,36.78,3.07,59.0,"ALGIERS VILLE UNIVERSITE, AG",,,0.0,"1,E",11.0,"1,E",8.0,"1,E",0.0,"1,E",0.0,",E",0.0,",E",0.0,"1,E",2.0,"1,E",0.0,"1,E",19270209.0,",,E",19270208.0,",1,E",19270227.0,"+,1,E",4.0,",E,09,",22.7,"1,,E,08,",22.0,"1,E,27,+",,,163.0,"1,E",78.8,"1,,,E",1.238,"1,E",1.533,"1,,,E",0.943,",,,E"
AGE00147705,1927-03-01,36.78,3.07,59.0,"ALGIERS VILLE UNIVERSITE, AG",,,,,6.0,"3,E",5.0,"3,E",0.0,"3,E",0.0,"4,E",0.0,"4,E",0.0,"3,E",4.0,"3,E",0.0,"3,E",19270324.0,",4,E",19270317.0,",3,E",19270304.0,",3,E",5.0,"4,E,24,",11.4,"3,,E,17,",25.0,"3,E,04,",,,,,34.6,"3,,,E",1.457,"7,E",1.832,"3,,,E",1.081,"4,,,E"
AGE00147705,1927-04-01,36.78,3.07,59.0,"ALGIERS VILLE UNIVERSITE, AG",,,13.7,"1,E",1.0,",E",1.0,",E",0.0,",E",0.0,",E",0.0,",E",0.0,"1,E",10.0,"1,E",0.0,"1,E",19270420.0,"+,,E",19270416.0,",,E",19270408.0,",1,E",9.0,",E,20,+",2.9,",,E,16,",28.0,"1,E,08,",,,68.3,"1,E",3.0,",,,E",1.6469999999999998,"1,E",2.0140000000000002,"1,,,E",1.28,",,,E"
AGE00147705,1927-08-01,36.78,3.07,59.0,"ALGIERS VILLE UNIVERSITE, AG",,,,,0.0,"4,E",0.0,"4,E",0.0,"4,E",0.0,"5,E",0.0,"5,E",0.0,"5,E",26.0,"5,E",6.0,"5,E",19270828.0,",5,E",19270831.0,"+,4,E",19270824.0,",5,E",20.0,"5,E,28,",0.0,"4,,E,31,+",35.0,"5,E,24,",,,,,0.0,"4,,,E",2.6350000000000002,"7,E",2.9850000000000003,"5,,,E",2.285,"5,,,E"
AGE00147705,1927-09-01,36.78,3.07,59.0,"ALGIERS VILLE UNIVERSITE, AG",,,173.5,",E",4.0,",E",0.0,",E",0.0,",E",0.0,",E",0.0,",E",0.0,",E",30.0,",E",2.0,",E",19270927.0,",,E",19270928.0,",,E",19270903.0,",,E",15.0,",E,27,",2.0,",,E,28,",35.0,",E,03,",,,0.0,",E",5.3,",,,E",2.412,",E",2.75,",,,E",2.073,",,,E"
AGE00147705,1927-11-01,36.78,3.07,59.0,"ALGIERS VILLE UNIVERSITE, AG",,,,,11.0,"4,E",9.0,"4,E",3.0,"4,E",0.0,"4,E",0.0,"4,E",0.0,"5,E",6.0,"5,E",0.0,"5,E",19271116.0,",4,E",19271124.0,",4,E",19271109.0,",5,E",9.0,"4,E,16,",45.3,"4,,E,24,",31.0,"5,E,09,",,,,,197.7,"4,,,E",1.657,"9,E",1.948,"5,,,E",1.365,"4,,,E"
AGE00147705,1927-12-01,36.78,3.07,59.0,"ALGIERS VILLE UNIVERSITE, AG",,,1.5,"1,E",14.0,"1,E",11.0,"1,E",1.0,"1,E",0.0,",E",0.0,",E",0.0,"1,E",1.0,"1,E",0.0,"1,E",19271228.0,",,E",19271205.0,",1,E",19271222.0,",1,E",5.0,",E,28,",33.2,"1,,E,05,",22.0,"1,E,22,",,,117.0,"1,E",108.8,"1,,,E",1.444,"1,E",1.72,"1,,,E",1.168,",,,E"
AGE00147705,1928-01-01,36.78,3.07,59.0,"ALGIERS VILLE UNIVERSITE, AG",0.0,E,0.0,"3,E",17.0,"1,E",13.0,"1,E",0.0,"1,E",0.0,"2,E",0.0,"2,E",0.0,"1,E",0.0,"1,E",0.0,"1,E",19280128.0,",2,E",19280102.0,",1,E",19280115.0,",1,E",5.0,"2,E,28,",24.0,"1,,E,02,",18.0,"1,E,15,",,,189.3,"1,E",160.7,"1,,,E",1.155,"3,E",1.393,"1,,,E",0.917,"2,,,E"
AGE00147705,1928-02-01,36.78,3.07,59.0,"ALGIERS VILLE UNIVERSITE, AG",0.0,E,0.0,",E",9.0,",E",5.0,",E",0.0,",E",0.0,",E",0.0,",E",0.0,",E",1.0,",E",0.0,",E",19280204.0,",,E",19280203.0,",,E",19280224.0,",,E",6.0,",E,04,",18.7,",,E,03,",22.0,",E,24,",,,156.7,",E",57.5,",,,E",1.293,",E",1.597,",,,E",0.99,",,,E"
AGE00147705,1928-03-01,36.78,3.07,59.0,"ALGIERS VILLE UNIVERSITE, AG",0.8,E,0.8,"1,E",13.0,",E",8.0,",E",0.0,",E",0.0,"1,E",0.0,"1,E",0.0,",E",4.0,",E",0.0,",E",19280326.0,"+,1,E",19280310.0,",,E",19280320.0,",,E",7.0,"1,E,26,+",21.9,",,E,10,",26.0,",E,20,",,,108.3,",E",85.5,",,,E",1.484,"1,E",1.845,",,,E",1.123,"1,,,E"
AGE00147705,1928-04-01,36.78,3.07,59.0,"ALGIERS VILLE UNIVERSITE, AG",10.3,E,9.5,"1,E",6.0,",E",4.0,",E",0.0,",E",0.0,",E",0.0,",E",0.0,"1,E",7.0,"1,E",0.0,"1,E",19280423.0,",,E",19280422.0,",,E",19280409.0,",1,E",8.0,",E,23,",12.0,",,E,22,",32.0,"1,E,09,",,,51.2,"1,E",31.6,",,,E",1.689,"1,E",2.048,"1,,,E",1.33,",,,E"
AGE00147705,1928-05-01,36.78,3.07,59.0,"ALGIERS VILLE UNIVERSITE, AG",19.5,E,9.2,",E",5.0,",E",3.0,",E",1.0,",E",0.0,",E",0.0,",E",0.0,",E",13.0,",E",0.0,",E",19280521.0,"+,,E",19280517.0,",,E",19280528.0,",,E",12.0,",E,21,+",62.6,",,E,17,",27.0,",E,28,",,,29.5,",E",76.8,",,,E",1.768,",E",2.1,",,,E",1.435,",,,E"
AGE00147705,1928-09-01,36.78,3.07,59.0,"ALGIERS VILLE UNIVERSITE, AG",,,183.5,",E",8.0,",E",6.0,",E",3.0,",E",0.0,",E",0.0,",E",0.0,",E",30.0,",E",3.0,",E",19280924.0,",,E",19280914.0,",,E",19280926.0,"+,,E",17.0,",E,24,",73.0,",,E,14,",34.0,",E,26,+",,,0.0,",E",194.3,",,,E",2.445,",E",2.7969999999999997,",,,E",2.093,",,,E"
AGE00147705,1928-10-01,36.78,3.07,59.0,"ALGIERS VILLE UNIVERSITE, AG",,,70.7,"2,E",14.0,"1,E",9.0,"1,E",1.0,"1,E",0.0,"1,E",0.0,"1,E",0.0,"1,E",20.0,"1,E",0.0,"1,E",19281018.0,",1,E",19281016.0,",1,E",19281009.0,"+,1,E",12.0,"1,E,18,",36.9,"1,,E,16,",28.0,"1,E,09,+",,,10.8,"1,E",132.7,"1,,,E",2.027,"2,E",2.2969999999999997,"1,,,E",1.7570000000000001,"1,,,E"
AGE00147705,1928-11-01,36.78,3.07,59.0,"ALGIERS VILLE UNIVERSITE, AG",,,0.0,"4,E",10.0,"2,E",7.0,"2,E",0.0,"2,E",0.0,"2,E",0.0,"2,E",0.0,"2,E",2.0,"2,E",0.0,"2,E",19281130.0,"+,2,E",19281129.0,",2,E",19281106.0,",2,E",6.0,"2,E,30,+",20.7,"2,,E,29,",23.0,"2,E,06,",,,77.2,"2,E",66.8,"2,,,E",1.534,"4,E",1.8359999999999999,"2,,,E",1.232,"2,,,E"
AGE00147705,1928-12-01,36.78,3.07,59.0,"ALGIERS VILLE UNIVERSITE, AG",,,,,9.0,"3,E",7.0,"3,E",0.0,"3,E",0.0,"3,E",0.0,"3,E",0.0,"3,E",0.0,"3,E",0.0,"3,E",19281213.0,"+,3,E",19281211.0,",3,E",19281228.0,",3,E",7.0,"3,E,13,+",21.4,"3,,E,11,",18.0,"3,E,28,",,,,,79.9,"3,,,E",1.213,"6,E",1.468,"3,,,E",0.9570000000000001,"3,,,E"
AGE00147705,1929-02-01,36.78,3.07,59.0,"ALGIERS VILLE UNIVERSITE, AG",,,,,14.0,"5,E",10.0,"5,E",1.0,"5,E",0.0,"5,E",0.0,"5,E",0.0,"5,E",2.0,"5,E",0.0,"5,E",19290209.0,",5,E",19290203.0,",5,E",19290224.0,"+,5,E",6.0,"5,E,09,",47.8,"5,,E,03,",22.0,"5,E,24,+",,,,,132.9,"5,,,E",1.28,"8,E",1.5779999999999998,"5,,,E",0.983,"5,,,E"
AGE00147705,1929-03-01,36.78,3.07,59.0,"ALGIERS VILLE UNIVERSITE, AG",,,0.2,"5,E",7.0,"3,E",5.0,"3,E",0.0,"3,E",0.0,"3,E",0.0,"3,E",0.0,"3,E",3.0,"3,E",0.0,"3,E",19290301.0,",3,E",19290326.0,",3,E",19290310.0,"+,3,E",3.0,"3,E,01,",15.5,"3,,E,26,",22.0,"3,E,10,+",,,121.3,"3,E",53.8,"3,,,E",1.35,"5,E",1.654,"3,,,E",1.046,"3,,,E"
AGE00147705,1929-04-01,36.78,3.07,59.0,"ALGIERS VILLE UNIVERSITE, AG",,,,,1.0,"3,E",0.0,"3,E",0.0,"3,E",0.0,"4,E",0.0,"4,E",0.0,"4,E",12.0,"4,E",0.0,"4,E",19290409.0,",4,E",19290429.0,",3,E",19290421.0,",4,E",5.0,"4,E,09,",1.1,"3,,E,29,",29.0,"4,E,21,",,,,,1.5,"3,,,E",1.687,"8,E",2.1,"4,,,E",1.2730000000000001,"4,,,E"
AGE00147705,1929-05-01,36.78,3.07,59.0,"ALGIERS VILLE UNIVERSITE, AG",,,23.0,"4,E",7.0,"2,E",4.0,"2,E",2.0,"2,E",0.0,"2,E",0.0,"2,E",0.0,"2,E",16.0,"2,E",1.0,"2,E",19290502.0,",2,E",19290525.0,",2,E",19290529.0,",2,E",6.0,"2,E,02,",57.1,"2,,E,25,",35.0,"2,E,29,",,,25.5,"2,E",110.5,"2,,,E",1.8219999999999998,"4,E",2.2030000000000003,"2,,,E",1.441,"2,,,E"
AGE00147705,1929-07-01,36.78,3.07,59.0,"ALGIERS VILLE UNIVERSITE, AG",,,178.7,",E",0.0,",E",0.0,",E",0.0,",E",0.0,",E",0.0,",E",0.0,",E",30.0,",E",2.0,",E",19290709.0,",,E",19290731.0,"+,,E",19290728.0,"+,,E",15.0,",E,09,",0.0,",,E,31,+",33.0,",E,28,+",0.0,E,0.0,",E",0.0,",,,E",2.41,",E",2.777,",,,E",2.0420000000000003,",,,E"
AGE00147705,1929-09-01,36.78,3.07,59.0,"ALGIERS VILLE UNIVERSITE, AG",,,178.0,",E",13.0,",E",8.0,",E",1.0,",E",0.0,",E",0.0,",E",0.0,",E",30.0,",E",2.0,",E",19290929.0,"+,,E",19290925.0,",,E",19290915.0,"+,,E",17.0,",E,29,+",27.7,",,E,25,",33.0,",E,15,+",,,0.0,",E",102.7,",,,E",2.427,",E",2.747,",,,E",2.107,",,,E"
AGE00147705,1929-10-01,36.78,3.07,59.0,"ALGIERS VILLE UNIVERSITE, AG",,,61.3,",E",9.0,",E",5.0,",E",0.0,",E",0.0,",E",0.0,",E",0.0,",E",26.0,",E",0.0,",E",19291013.0,",,E",19291030.0,",,E",19291004.0,",,E",11.0,",E,13,",9.7,",,E,30,",32.0,",E,04,",,,9.7,",E",34.8,",,,E",2.0,",E",2.3579999999999997,",,,E",1.6420000000000001,",,,E"
AGE00147705,1929-11-01,36.78,3.07,59.0,"ALGIERS VILLE UNIVERSITE, AG",,,7.3,"3,E",13.0,"2,E",10.0,"2,E",2.0,"2,E",0.0,"2,E",0.0,"2,E",0.0,"2,E",4.0,"2,E",0.0,"2,E",19291102.0,",2,E",19291102.0,",2,E",19291130.0,",2,E",9.0,"2,E,02,",56.0,"2,,E,02,",26.0,"2,E,30,",,,72.3,"2,E",166.6,"2,,,E",1.584,"3,E",1.857,"2,,,E",1.311,"2,,,E"
AGE00147705,1929-12-01,36.78,3.07,59.0,"ALGIERS VILLE UNIVERSITE, AG",,,0.0,",E",9.0,",E",7.0,",E",1.0,",E",0.0,",E",0.0,",E",0.0,",E",0.0,",E",0.0,",E",19291220.0,",,E",19291222.0,",,E",19291225.0,"+,,E",6.0,",E,20,",34.0,",,E,22,",21.0,",E,25,+",,,128.3,",E",82.6,",,,E",1.419,",E",1.6809999999999998,",,,E",1.158,",,,E"
AGE00147705,1930-01-01,36.78,3.07,59.0,"ALGIERS VILLE UNIVERSITE, AG",0.0,E,0.0,"5,E",15.0,"1,E",10.0,"1,E",1.0,"1,E",0.0,"1,E",0.0,"1,E",0.0,"4,E",1.0,"4,E",0.0,"4,E",19300128.0,"+,1,E",19300127.0,",1,E",19300114.0,",4,E",7.0,"1,E,28,+",25.5,"1,,E,27,",23.0,"4,E,14,",,,144.7,"4,E",81.9,"1,,,E",1.28,"5,E",1.567,"4,,,E",0.993,"1,,,E"
AGE00147705,1930-02-01,36.78,3.07,59.0,"ALGIERS VILLE UNIVERSITE, AG",0.0,E,0.0,"4,E",15.0,",E",10.0,",E",0.0,",E",0.0,"1,E",0.0,"1,E",0.0,"3,E",0.0,"3,E",0.0,"3,E",19300221.0,"+,1,E",19300205.0,",,E",19300226.0,"+,3,E",2.0,"1,E,21,+",21.5,",,E,05,",19.0,"3,E,26,+",,,176.5,"3,E",89.1,",,,E",1.1039999999999999,"4,E",1.46,"3,,,E",0.748,"1,,,E"
AGE00147705,1930-03-01,36.78,3.07,59.0,"ALGIERS VILLE UNIVERSITE, AG",4.0,E,4.0,",E",7.0,",E",2.0,",E",0.0,",E",0.0,",E",0.0,",E",0.0,",E",6.0,",E",0.0,",E",19300325.0,",,E",19300325.0,",,E",19300322.0,",,E",8.0,",E,25,",22.8,",,E,25,",26.0,",E,22,",,,96.3,",E",42.2,",,,E",1.535,",E",1.89,",,,E",1.181,",,,E"
AGE00147705,1930-04-01,36.78,3.07,59.0,"ALGIERS VILLE UNIVERSITE, AG",11.8,E,7.8,",E",11.0,",E",8.0,",E",0.0,",E",0.0,",E",0.0,",E",0.0,",E",8.0,",E",0.0,",E",19300419.0,"+,,E",19300407.0,",,E",19300412.0,",,E",8.0,",E,19,+",17.4,",,E,07,",30.0,",E,12,",,,83.3,",E",52.7,",,,E",1.582,",E",1.9629999999999999,",,,E",1.2,",,,E"
AGE00147705,1930-05-01,36.78,3.07,59.0,"ALGIERS VILLE UNIVERSITE, AG",44.3,E,32.5,",E",5.0,",E",2.0,",E",1.0,",E",0.0,",E",0.0,",E",0.0,",E",18.0,",E",0.0,",E",19300509.0,",,E",19300525.0,",,E",19300515.0,"+,,E",12.0,",E,09,",34.6,",,E,25,",30.0,",E,15,+",,,13.3,",E",42.1,",,,E",1.895,",E",2.258,",,,E",1.532,",,,E"
AGE00147705,1930-06-01,36.78,3.07,59.0,"ALGIERS VILLE UNIVERSITE, AG",163.3,E,119.0,",E",3.0,",E",2.0,",E",0.0,",E",0.0,",E",0.0,",E",0.0,",E",30.0,",E",0.0,",E",19300605.0,",,E",19300613.0,",,E",19300624.0,",,E",16.0,",E,05,",11.5,",,E,13,",32.0,",E,24,",,,0.0,",E",16.4,",,,E",2.23,",E",2.573,",,,E",1.887,",,,E"
AGE00147705,1930-09-01,36.78,3.07,59.0,"ALGIERS VILLE UNIVERSITE, AG",,,170.5,",E",4.0,",E",3.0,",E",0.0,",E",0.0,",E",0.0,",E",0.0,",E",30.0,",E",1.0,",E",19300913.0,",,E",19300912.0,",,E",19300909.0,",,E",15.0,",E,13,",12.2,",,E,12,",34.0,",E,09,",,,0.0,",E",21.5,",,,E",2.402,",E",2.743,",,,E",2.06,",,,E"
AGE00147705,1930-10-01,36.78,3.07,59.0,"ALGIERS VILLE UNIVERSITE, AG",,,111.5,",E",4.0,",E",2.0,",E",0.0,",E",0.0,",E",0.0,",E",0.0,",E",24.0,",E",1.0,",E",19301030.0,"+,,E",19301025.0,",,E",19301011.0,",,E",14.0,",E,30,+",7.0,",,E,25,",34.0,",E,11,",,,3.8,",E",13.9,",,,E",2.181,",E",2.487,",,,E",1.8739999999999999,",,,E"
AGE00147705,1930-11-01,36.78,3.07,59.0,"ALGIERS VILLE UNIVERSITE, AG",,,30.3,",E",2.0,",E",1.0,",E",0.0,",E",0.0,",E",0.0,",E",0.0,",E",18.0,",E",0.0,",E",19301117.0,"+,,E",19301104.0,",,E",19301122.0,",,E",11.0,",E,17,+",3.3,",,E,04,",29.0,",E,22,",,,20.8,",E",5.7,",,,E",1.8649999999999998,",E",2.2329999999999997,",,,E",1.497,",,,E"
AGE00147705,1930-12-01,36.78,3.07,59.0,"ALGIERS VILLE UNIVERSITE, AG",,,2.0,",E",14.0,",E",12.0,",E",6.0,",E",0.0,",E",0.0,",E",0.0,",E",1.0,",E",0.0,",E",19301224.0,"+,,E",19301217.0,",,E",19301201.0,",,E",8.0,",E,24,+",67.7,",,E,17,",23.0,",E,01,",,,120.8,",E",313.8,",,,E",1.45,",E",1.6940000000000002,",,,E",1.206,",,,E"
AGE00147705,1931-01-01,36.78,3.07,59.0,"ALGIERS VILLE UNIVERSITE, AG",0.0,E,0.0,",E",10.0,",E",8.0,",E",2.0,",E",0.0,",E",0.0,",E",0.0,",E",0.0,",E",0.0,",E",19310117.0,"+,,E",19310115.0,",,E",19310102.0,",,E",6.0,",E,17,+",54.5,",,E,15,",21.0,",E,02,",,,171.3,",E",162.9,",,,E",1.2810000000000001,",E",1.545,",,,E",1.016,",,,E"
AGE00147705,1931-02-01,36.78,3.07,59.0,"ALGIERS VILLE UNIVERSITE, AG",0.0,E,0.0,",E",17.0,",E",13.0,",E",2.0,",E",0.0,",E",0.0,",E",0.0,",E",0.0,",E",0.0,",E",19310221.0,",,E",19310204.0,",,E",19310228.0,",,E",3.0,",E,21,",34.3,",,E,04,",19.0,",E,28,",,,210.3,",E",192.9,",,,E",1.082,",E",1.393,",,,E",0.771,",,,E"
AGE00147705,1931-03-01,36.78,3.07,59.0,"ALGIERS VILLE UNIVERSITE, AG",5.5,E,5.5,",E",9.0,",E",7.0,",E",0.0,",E",0.0,",E",0.0,",E",0.0,",E",9.0,",E",0.0,",E",19310328.0,"+,,E",19310317.0,",,E",19310319.0,",,E",11.0,",E,28,+",20.5,",,E,17,",25.0,",E,19,",,,55.8,",E",64.5,",,,E",1.671,",E",2.016,",,,E",1.326,",,,E"
AGE00147705,1931-04-01,36.78,3.07,59.0,"ALGIERS VILLE UNIVERSITE, AG",8.2,E,2.7,",E",9.0,",E",5.0,",E",0.0,",E",0.0,",E",0.0,",E",0.0,",E",4.0,",E",0.0,",E",19310421.0,",,E",19310419.0,",,E",19310402.0,",,E",9.0,",E,21,",13.5,",,E,19,",27.0,",E,02,",,,67.7,",E",49.4,",,,E",1.6170000000000002,",E",1.923,",,,E",1.31,",,,E"
AGE00147705,1931-05-01,36.78,3.07,59.0,"ALGIERS VILLE UNIVERSITE, AG",54.7,E,46.5,"2,E",1.0,"1,E",0.0,"1,E",0.0,"1,E",0.0,"1,E",0.0,"1,E",0.0,"1,E",20.0,"1,E",0.0,"1,E",19310521.0,"+,1,E",19310531.0,",1,E",19310522.0,",1,E",13.0,"1,E,21,+",0.3,"1,,E,31,",30.0,"1,E,22,",,,11.2,"1,E",0.3,"1,,,E",1.948,"2,E",2.3,"1,,,E",1.597,"1,,,E"
AGE00147705,1931-06-01,36.78,3.07,59.0,"ALGIERS VILLE UNIVERSITE, AG",245.2,E,190.5,",E",1.0,",E",0.0,",E",0.0,",E",0.0,",E",0.0,",E",0.0,",E",27.0,",E",4.0,",E",19310601.0,",,E",19310606.0,",,E",19310613.0,",,E",17.0,",E,01,",0.4,",,E,06,",38.0,",E,13,",,,0.0,",E",0.6,",,,E",2.468,",E",2.847,",,,E",2.09,",,,E"
AGE00147705,1931-07-01,36.78,3.07,59.0,"ALGIERS VILLE UNIVERSITE, AG",469.4,E,224.2,",E",0.0,",E",0.0,",E",0.0,",E",0.0,",E",0.0,",E",0.0,",E",31.0,",E",4.0,",E",19310723.0,",,E",19310731.0,"+,,E",19310702.0,",,E",19.0,",E,23,",0.0,",,E,31,+",34.0,",E,02,",0.0,E,0.0,",E",0.0,",,,E",2.556,",E",2.923,",,,E",2.19,",,,E"
AGE00147705,1931-08-01,36.78,3.07,59.0,"ALGIERS VILLE UNIVERSITE, AG",696.7,E,227.3,"2,E",0.0,"1,E",0.0,"1,E",0.0,"1,E",0.0,"1,E",0.0,"1,E",0.0,"1,E",30.0,"1,E",7.0,"1,E",19310813.0,",1,E",19310831.0,"+,1,E",19310804.0,",1,E",20.0,"1,E,13,",0.0,"1,,E,31,+",41.0,"1,E,04,",0.0,E,0.0,"1,E",0.0,"1,,,E",2.625,"2,E",2.967,"1,,,E",2.283,"1,,,E"
AGE00147705,1931-10-01,36.78,3.07,59.0,"ALGIERS VILLE UNIVERSITE, AG",,,77.8,",E",8.0,",E",6.0,",E",0.0,",E",0.0,",E",0.0,",E",0.0,",E",25.0,",E",0.0,",E",19311029.0,",,E",19311027.0,",,E",19311024.0,"+,,E",11.0,",E,29,",19.9,",,E,27,",29.0,",E,24,+",,,15.7,",E",66.6,",,,E",2.034,",E",2.303,",,,E",1.765,",,,E"
AGE00147705,1931-11-01,36.78,3.07,59.0,"ALGIERS VILLE UNIVERSITE, AG",,,10.8,"2,E",9.0,",E",5.0,",E",0.0,",E",0.0,"1,E",0.0,"1,E",0.0,"1,E",5.0,"1,E",0.0,"1,E",19311117.0,",1,E",19311115.0,",,E",19311112.0,",1,E",10.0,"1,E,17,",13.0,",,E,15,",28.0,"1,E,12,",,,53.7,"1,E",60.9,",,,E",1.6780000000000002,"2,E",1.969,"1,,,E",1.386,"1,,,E"
AGE00147705,1931-12-01,36.78,3.07,59.0,"ALGIERS VILLE UNIVERSITE, AG",,,0.0,"1,E",17.0,",E",14.0,",E",2.0,",E",0.0,"1,E",0.0,"1,E",0.0,"1,E",0.0,"1,E",0.0,"1,E",19311213.0,",1,E",19311209.0,",,E",19311206.0,",1,E",3.0,"1,E,13,",35.9,",,E,09,",21.0,"1,E,06,",,,208.5,"1,E",189.2,",,,E",1.1380000000000001,"1,E",1.387,"1,,,E",0.89,"1,,,E"
AGE00147705,1932-01-01,36.78,3.07,59.0,"ALGIERS VILLE UNIVERSITE, AG",0.0,E,0.0,"2,E",9.0,"1,E",4.0,"1,E",1.0,"1,E",0.0,"1,E",0.0,"1,E",0.0,"1,E",0.0,"1,E",0.0,"1,E",19320117.0,",1,E",19320112.0,",1,E",19320108.0,",1,E",4.0,"1,E,17,",27.3,"1,,E,12,",18.0,"1,E,08,",,,180.7,"1,E",54.9,"1,,,E",1.208,"2,E",1.497,"1,,,E",0.9199999999999999,"1,,,E"
AGE00147705,1932-02-01,36.78,3.07,59.0,"ALGIERS VILLE UNIVERSITE, AG",0.0,E,0.0,"4,E",14.0,"1,E",10.0,"1,E",1.0,"1,E",0.0,"2,E",0.0,"2,E",0.0,"2,E",0.0,"2,E",0.0,"2,E",19320225.0,"+,2,E",19320220.0,",1,E",19320213.0,",2,E",6.0,"2,E,25,+",28.6,"1,,E,20,",19.0,"2,E,13,",,,176.8,"2,E",117.4,"1,,,E",1.115,"4,E",1.404,"2,,,E",0.826,"2,,,E"
AGE00147705,1932-03-01,36.78,3.07,59.0,"ALGIERS VILLE UNIVERSITE, AG",9.0,E,9.0,"3,E",8.0,"2,E",4.0,"2,E",0.0,"2,E",0.0,"2,E",0.0,"2,E",0.0,"2,E",7.0,"2,E",0.0,"2,E",19320322.0,",2,E",19320318.0,",2,E",19320330.0,",2,E",8.0,"2,E,22,",15.5,"2,,E,18,",28.0,"2,E,30,",,,87.3,"2,E",40.4,"2,,,E",1.545,"3,E",1.893,"2,,,E",1.197,"2,,,E"
AGE00147705,1932-04-01,36.78,3.07,59.0,"ALGIERS VILLE UNIVERSITE, AG",13.7,E,4.7,",E",4.0,"1,E",2.0,"1,E",0.0,"1,E",0.0,",E",0.0,",E",0.0,",E",8.0,",E",0.0,",E",19320409.0,",,E",19320422.0,",1,E",19320404.0,",,E",2.0,",E,09,",14.2,"1,,E,22,",29.0,",E,04,",,,82.2,",E",22.9,"1,,,E",1.575,",E",1.953,",,,E",1.197,",,,E"
AGE00147705,1932-05-01,36.78,3.07,59.0,"ALGIERS VILLE UNIVERSITE, AG",,,,,3.0,"3,E",1.0,"3,E",0.0,"3,E",0.0,"3,E",0.0,"3,E",0.0,"3,E",15.0,"3,E",0.0,"3,E",19320503.0,"+,3,E",19320517.0,",3,E",19320524.0,",3,E",12.0,"3,E,03,+",6.9,"3,,E,17,",26.0,"3,E,24,",,,,,9.1,"3,,,E",1.8820000000000001,"6,E",2.218,"3,,,E",1.546,"3,,,E"
AGE00147705,1932-08-01,36.78,3.07,59.0,"ALGIERS VILLE UNIVERSITE, AG",,,195.2,"3,E",1.0,"2,E",0.0,"2,E",0.0,"2,E",0.0,"1,E",0.0,"1,E",0.0,"2,E",29.0,"2,E",1.0,"2,E",19320806.0,"+,1,E",19320810.0,",2,E",19320823.0,",2,E",19.0,"1,E,06,+",1.1,"2,,E,10,",38.0,"2,E,23,",,,0.0,"2,E",1.1,"2,,,E",2.522,"3,E",2.8449999999999998,"2,,,E",2.2,"1,,,E"
AGE00147705,1932-09-01,36.78,3.07,59.0,"ALGIERS VILLE UNIVERSITE, AG",,,182.3,"1,E",8.0,",E",5.0,",E",0.0,",E",0.0,"1,E",0.0,"1,E",0.0,",E",29.0,",E",3.0,",E",19320929.0,",1,E",19320928.0,",,E",19320920.0,",,E",17.0,"1,E,29,",17.0,",,E,28,",35.0,",E,20,",,,0.0,",E",31.7,",,,E",2.461,"1,E",2.7800000000000002,",,,E",2.141,"1,,,E"
AGE00147705,1932-11-01,36.78,3.07,59.0,"ALGIERS VILLE UNIVERSITE, AG",,,8.0,"4,E",14.0,"1,E",10.0,"1,E",1.0,"1,E",0.0,"2,E",0.0,"2,E",0.0,"2,E",6.0,"2,E",0.0,"2,E",19321129.0,"+,2,E",19321122.0,",1,E",19321105.0,"+,2,E",10.0,"2,E,29,+",28.8,"1,,E,22,",24.0,"2,E,05,+",,,53.2,"2,E",93.7,"1,,,E",1.661,"4,E",1.95,"2,,,E",1.371,"2,,,E"
AGE00147705,1933-02-01,36.78,3.07,59.0,"ALGIERS VILLE UNIVERSITE, AG",,,0.0,",E",9.0,",E",8.0,",E",0.0,",E",0.0,",E",0.0,",E",0.0,",E",0.0,",E",0.0,",E",19330221.0,",,E",19330215.0,",,E",19330211.0,",,E",2.0,",E,21,",23.2,",,E,15,",21.0,",E,11,",,,153.3,",E",101.8,",,,E",1.286,",E",1.6,",,,E",0.9710000000000001,",,,E"
AGE00147705,1933-03-01,36.78,3.07,59.0,"ALGIERS VILLE UNIVERSITE, AG",,,1.7,"2,E",15.0,",E",7.0,",E",0.0,",E",0.0,",E",0.0,",E",0.0,"2,E",3.0,"2,E",0.0,"2,E",19330325.0,",,E",19330310.0,",,E",19330304.0,",2,E",2.0,",E,25,",22.9,",,E,10,",25.0,"2,E,04,",,,138.3,"2,E",74.5,",,,E",1.366,"2,E",1.693,"2,,,E",1.0390000000000001,",,,E"
AGE00147705,1933-05-01,36.78,3.07,59.0,"ALGIERS VILLE UNIVERSITE, AG",,,57.3,",E",2.0,",E",1.0,",E",0.0,",E",0.0,",E",0.0,",E",0.0,",E",22.0,",E",0.0,",E",19330523.0,"+,,E",19330522.0,",,E",19330505.0,",,E",14.0,",E,23,+",10.0,",,E,22,",30.0,",E,05,",,,3.2,",E",10.6,",,,E",2.008,",E",2.342,",,,E",1.674,",,,E"
AGE00147705,1933-06-01,36.78,3.07,59.0,"ALGIERS VILLE UNIVERSITE, AG",,,111.8,",E",3.0,",E",2.0,",E",0.0,",E",0.0,",E",0.0,",E",0.0,",E",30.0,",E",1.0,",E",19330606.0,"+,,E",19330610.0,",,E",19330625.0,",,E",13.0,",E,06,+",18.4,",,E,10,",33.0,",E,25,",,,0.3,",E",26.6,",,,E",2.205,",E",2.62,",,,E",1.7899999999999998,",,,E"
AGE00147705,1933-07-01,36.78,3.07,59.0,"ALGIERS VILLE UNIVERSITE, AG",,,,,0.0,"5,E",0.0,"5,E",0.0,"5,E",0.0,"5,E",0.0,"5,E",0.0,"5,E",26.0,"5,E",3.0,"5,E",19330704.0,",5,E",19330731.0,"+,5,E",19330715.0,",5,E",15.0,"5,E,04,",0.0,"5,,E,31,+",36.0,"5,E,15,",,,,,0.0,"5,,,E",2.4539999999999997,"0,E",2.758,"5,,,E",2.15,"5,,,E"
AGE00147705,1933-08-01,36.78,3.07,59.0,"ALGIERS VILLE UNIVERSITE, AG",,,,,0.0,"5,E",0.0,"5,E",0.0,"5,E",0.0,"5,E",0.0,"5,E",0.0,"5,E",26.0,"5,E",5.0,"5,E",19330807.0,"+,5,E",19330831.0,"+,5,E",19330814.0,",5,E",20.0,"5,E,07,+",0.0,"5,,E,31,+",37.0,"5,E,14,",,,,,0.0,"5,,,E",2.573,"0,E",2.904,"5,,,E",2.242,"5,,,E"
AGE00147705,1934-02-01,36.78,3.07,59.0,"ALGIERS VILLE UNIVERSITE, AG",,,0.0,"4,E",11.0,",E",7.0,",E",3.0,",E",0.0,"2,E",0.0,"2,E",0.0,"2,E",0.0,"2,E",0.0,"2,E",19340203.0,",2,E",19340205.0,",,E",19340226.0,",2,E",1.0,"2,E,03,",32.3,",,E,05,",20.0,"2,E,26,",,,157.0,"2,E",128.5,",,,E",1.163,"4,E",1.4769999999999999,"2,,,E",0.85,"2,,,E"
AGE00147705,1934-03-01,36.78,3.07,59.0,"ALGIERS VILLE UNIVERSITE, AG",,,0.0,",E",18.0,",E",15.0,",E",2.0,",E",0.0,",E",0.0,",E",0.0,",E",0.0,",E",0.0,",E",19340301.0,",,E",19340326.0,",,E",19340320.0,"+,,E",2.0,",E,01,",52.0,",,E,26,",21.0,",E,20,+",,,182.8,",E",185.4,",,,E",1.244,",E",1.561,",,,E",0.9259999999999999,",,,E"
AGE00147705,1934-04-01,36.78,3.07,59.0,"ALGIERS VILLE UNIVERSITE, AG",,,2.2,",E",8.0,",E",5.0,",E",0.0,",E",0.0,",E",0.0,",E",0.0,",E",6.0,",E",0.0,",E",19340424.0,",,E",19340404.0,",,E",19340407.0,",,E",8.0,",E,24,",5.9,",,E,04,",24.0,",E,07,",,,78.2,",E",24.4,",,,E",1.58,",E",1.923,",,,E",1.2369999999999999,",,,E"
AGE00147705,1934-05-01,36.78,3.07,59.0,"ALGIERS VILLE UNIVERSITE, AG",,,32.8,",E",7.0,",E",5.0,",E",1.0,",E",0.0,",E",0.0,",E",0.0,",E",13.0,",E",0.0,",E",19340503.0,"+,,E",19340501.0,",,E",19340528.0,"+,,E",11.0,",E,03,+",29.5,",,E,01,",28.0,",E,28,+",,,27.7,",E",72.2,",,,E",1.85,",E",2.168,",,,E",1.532,",,,E"
AGE00147705,1934-06-01,36.78,3.07,59.0,"ALGIERS VILLE UNIVERSITE, AG",,,131.5,",E",0.0,",E",0.0,",E",0.0,",E",0.0,",E",0.0,",E",0.0,",E",28.0,",E",1.0,",E",19340607.0,",,E",19340630.0,"+,,E",19340601.0,",,E",16.0,",E,07,",0.0,",,E,30,+",33.0,",E,01,",,,0.0,",E",0.0,",,,E",2.272,",E",2.597,",,,E",1.9469999999999998,",,,E"
AGE00147705,1934-07-01,36.78,3.07,59.0,"ALGIERS VILLE UNIVERSITE, AG",,,211.8,"2,E",0.0,"1,E",0.0,"1,E",0.0,"1,E",0.0,"1,E",0.0,"1,E",0.0,"1,E",30.0,"1,E",8.0,"1,E",19340701.0,",1,E",19340731.0,"+,1,E",19340719.0,"+,1,E",18.0,"1,E,01,",0.0,"1,,E,31,+",38.0,"1,E,19,+",0.0,E,0.0,"1,E",0.0,"1,,,E",2.5620000000000003,"2,E",2.9170000000000003,"1,,,E",2.207,"1,,,E"
AGE00147705,1934-08-01,36.78,3.07,59.0,"ALGIERS VILLE UNIVERSITE, AG",,,190.8,"2,E",5.0,"1,E",3.0,"1,E",1.0,"1,E",0.0,"1,E",0.0,"1,E",0.0,"1,E",30.0,"1,E",3.0,"1,E",19340811.0,"+,1,E",19340820.0,",1,E",19340803.0,",1,E",19.0,"1,E,11,+",29.5,"1,,E,20,",36.0,"1,E,03,",0.0,E,0.0,"1,E",60.4,"1,,,E",2.493,"2,E",2.807,"1,,,E",2.18,"1,,,E"
AGE00147705,1934-11-01,36.78,3.07,59.0,"ALGIERS VILLE UNIVERSITE, AG",,,12.7,"4,E",13.0,"2,E",7.0,"2,E",0.0,"2,E",0.0,"2,E",0.0,"2,E",0.0,"2,E",6.0,"2,E",0.0,"2,E",19341129.0,"+,2,E",19341125.0,",2,E",19341104.0,",2,E",10.0,"2,E,29,+",11.8,"2,,E,25,",26.0,"2,E,04,",,,82.8,"2,E",49.0,"2,,,E",1.548,"4,E",1.807,"2,,,E",1.2890000000000001,"2,,,E"
AGE00147705,1934-12-01,36.78,3.07,59.0,"ALGIERS VILLE UNIVERSITE, AG",,,0.0,"1,E",7.0,",E",3.0,",E",0.0,",E",0.0,"1,E",0.0,"1,E",0.0,",E",2.0,",E",0.0,",E",19341225.0,",1,E",19341224.0,",,E",19341209.0,",,E",9.0,"1,E,25,",12.0,",,E,24,",23.0,",E,09,",,,102.0,",E",32.6,",,,E",1.4869999999999999,"1,E",1.761,",,,E",1.213,"1,,,E"
AGE00147705,1935-01-01,36.78,3.07,59.0,"ALGIERS VILLE UNIVERSITE, AG",0.0,E,0.0,"2,E",18.0,"1,E",9.0,"1,E",2.0,"1,E",0.0,"1,E",0.0,"1,E",0.0,"1,E",0.0,"1,E",0.0,"1,E",19350129.0,"+,1,E",19350128.0,",1,E",19350115.0,"+,1,E",1.0,"1,E,29,+",78.6,"1,,E,28,",16.0,"1,E,15,+",,,251.7,"1,E",201.1,"1,,,E",0.97,"2,E",1.207,"1,,,E",0.733,"1,,,E"
AGE00147705,1935-02-01,36.78,3.07,59.0,"ALGIERS VILLE UNIVERSITE, AG",0.0,E,0.0,"5,E",7.0,"3,E",4.0,"3,E",0.0,"3,E",0.0,"3,E",0.0,"3,E",0.0,"3,E",0.0,"3,E",0.0,"3,E",19350211.0,"+,3,E",19350209.0,",3,E",19350225.0,"+,3,E",4.0,"3,E,11,+",10.0,"3,,E,09,",19.0,"3,E,25,+",,,152.7,"3,E",33.9,"3,,,E",1.1800000000000002,"5,E",1.492,"3,,,E",0.868,"3,,,E"
AGE00147705,1935-03-01,36.78,3.07,59.0,"ALGIERS VILLE UNIVERSITE, AG",0.0,E,0.0,"2,E",6.0,"1,E",3.0,"1,E",1.0,"1,E",0.0,"1,E",0.0,"1,E",0.0,"1,E",0.0,"1,E",0.0,"1,E",19350313.0,",1,E",19350316.0,",1,E",19350320.0,"+,1,E",6.0,"1,E,13,",29.0,"1,,E,16,",20.0,"1,E,20,+",,,135.7,"1,E",60.3,"1,,,E",1.358,"2,E",1.6199999999999999,"1,,,E",1.097,"1,,,E"
AGE00147705,1935-04-01,36.78,3.07,59.0,"ALGIERS VILLE UNIVERSITE, AG",19.8,E,19.8,",E",5.0,",E",3.0,",E",2.0,",E",0.0,",E",0.0,",E",0.0,",E",11.0,",E",0.0,",E",19350406.0,",,E",19350428.0,",,E",19350411.0,"+,,E",9.0,",E,06,",27.0,",,E,28,",29.0,",E,11,+",,,62.3,",E",62.2,",,,E",1.6920000000000002,",E",2.033,",,,E",1.35,",,,E"
AGE00147705,1935-05-01,36.78,3.07,59.0,"ALGIERS VILLE UNIVERSITE, AG",28.1,E,8.3,"2,E",13.0,"1,E",7.0,"1,E",1.0,"1,E",0.0,"1,E",0.0,"1,E",0.0,"1,E",8.0,"1,E",0.0,"1,E",19350524.0,",1,E",19350521.0,",1,E",19350515.0,",1,E",11.0,"1,E,24,",33.2,"1,,E,21,",26.0,"1,E,15,",,,41.5,"1,E",67.5,"1,,,E",1.723,"2,E",2.013,"1,,,E",1.433,"1,,,E"
AGE00147705,1935-06-01,36.78,3.07,59.0,"ALGIERS VILLE UNIVERSITE, AG",159.6,E,131.5,",E",2.0,",E",1.0,",E",0.0,",E",0.0,",E",0.0,",E",0.0,",E",28.0,",E",1.0,",E",19350609.0,",,E",19350626.0,",,E",19350629.0,",,E",13.0,",E,09,",2.5,",,E,26,",35.0,",E,29,",,,0.0,",E",4.2,",,,E",2.272,",E",2.65,",,,E",1.893,",,,E"
AGE00147705,1935-08-01,36.78,3.07,59.0,"ALGIERS VILLE UNIVERSITE, AG",,,255.2,",E",1.0,",E",0.0,",E",0.0,",E",0.0,",E",0.0,",E",0.0,",E",31.0,",E",8.0,",E",19350827.0,"+,,E",19350818.0,",,E",19350812.0,"+,,E",20.0,",E,27,+",0.5,",,E,18,",40.0,",E,12,+",,,0.0,",E",0.5,",,,E",2.6559999999999997,",E",3.039,",,,E",2.274,",,,E"
AGE00147705,1935-10-01,36.78,3.07,59.0,"ALGIERS VILLE UNIVERSITE, AG",,,57.3,"3,E",16.0,",E",10.0,",E",1.0,",E",0.0,"2,E",0.0,"2,E",0.0,"2,E",17.0,"2,E",0.0,"2,E",19351023.0,"+,2,E",19351021.0,",,E",19351001.0,",2,E",8.0,"2,E,23,+",68.3,",,E,21,",31.0,"2,E,01,",,,23.7,"2,E",163.7,",,,E",1.94,"3,E",2.2239999999999998,"2,,,E",1.655,"2,,,E"
AGE00147705,1935-11-01,36.78,3.07,59.0,"ALGIERS VILLE UNIVERSITE, AG",,,4.7,",E",11.0,",E",9.0,",E",3.0,",E",0.0,",E",0.0,",E",0.0,",E",4.0,",E",0.0,",E",19351112.0,",,E",19351111.0,",,E",19351104.0,",,E",9.0,",E,12,",120.0,",,E,11,",26.0,",E,04,",,,74.2,",E",307.7,",,,E",1.6019999999999999,",E",1.8800000000000001,",,,E",1.323,",,,E"
AGE00147705,1935-12-01,36.78,3.07,59.0,"ALGIERS VILLE UNIVERSITE, AG",,,0.3,",E",9.0,",E",8.0,",E",0.0,",E",0.0,",E",0.0,",E",0.0,",E",1.0,",E",0.0,",E",19351212.0,"+,,E",19351211.0,",,E",19351226.0,",,E",6.0,",E,12,+",19.1,",,E,11,",22.0,",E,26,",,,131.7,",E",76.0,",,,E",1.41,",E",1.6809999999999998,",,,E",1.139,",,,E"
AGE00147705,1936-01-01,36.78,3.07,59.0,"ALGIERS VILLE UNIVERSITE, AG",2.7,E,2.7,"2,E",6.0,",E",3.0,",E",0.0,",E",0.0,"1,E",0.0,"1,E",0.0,"1,E",3.0,"1,E",0.0,"1,E",19360127.0,",1,E",19360107.0,",,E",19360124.0,",1,E",8.0,"1,E,27,",13.4,",,E,07,",24.0,"1,E,24,",,,106.8,"1,E",31.8,",,,E",1.475,"2,E",1.7670000000000001,"1,,,E",1.183,"1,,,E"
AGE00147705,1936-02-01,36.78,3.07,59.0,"ALGIERS VILLE UNIVERSITE, AG",15.4,E,12.7,",E",10.0,",E",9.0,",E",1.0,",E",0.0,",E",0.0,",E",0.0,",E",8.0,",E",0.0,",E",19360226.0,"+,,E",19360228.0,",,E",19360221.0,",,E",7.0,",E,26,+",35.5,",,E,28,",30.0,",E,21,",,,102.3,",E",109.1,",,,E",1.524,",E",1.8519999999999999,",,,E",1.197,",,,E"
AGE00147705,1936-03-01,36.78,3.07,59.0,"ALGIERS VILLE UNIVERSITE, AG",18.9,E,3.5,",E",10.0,",E",7.0,",E",2.0,",E",0.0,",E",0.0,",E",0.0,",E",4.0,",E",0.0,",E",19360315.0,",,E",19360312.0,",,E",19360330.0,"+,,E",6.0,",E,15,",50.6,",,E,12,",24.0,",E,30,+",,,114.3,",E",134.6,",,,E",1.476,",E",1.797,",,,E",1.155,",,,E"
AGE00147705,1936-05-01,36.78,3.07,59.0,"ALGIERS VILLE UNIVERSITE, AG",,,1.5,",E",13.0,",E",9.0,",E",0.0,",E",0.0,",E",0.0,",E",0.0,",E",4.0,",E",0.0,",E",19360519.0,"+,,E",19360507.0,",,E",19360531.0,"+,,E",9.0,",E,19,+",23.0,",,E,07,",23.0,",E,31,+",,,60.8,",E",101.7,",,,E",1.6420000000000001,",E",1.9449999999999998,",,,E",1.339,",,,E"
AGE00147705,1936-06-01,36.78,3.07,59.0,"ALGIERS VILLE UNIVERSITE, AG",,,87.8,",E",8.0,",E",5.0,",E",0.0,",E",0.0,",E",0.0,",E",0.0,",E",24.0,",E",1.0,",E",19360610.0,",,E",19360608.0,",,E",19360629.0,",,E",12.0,",E,10,",13.0,",,E,08,",35.0,",E,29,",,,8.8,",E",42.1,",,,E",2.097,",E",2.463,",,,E",1.73,",,,E"
AGE00147705,1936-07-01,36.78,3.07,59.0,"ALGIERS VILLE UNIVERSITE, AG",,,178.2,"3,E",0.0,"2,E",0.0,"2,E",0.0,"2,E",0.0,"1,E",0.0,"1,E",0.0,"2,E",29.0,"2,E",2.0,"2,E",19360703.0,",1,E",19360731.0,"+,2,E",19360725.0,"+,2,E",19.0,"1,E,03,",0.0,"2,,E,31,+",33.0,"2,E,25,+",0.0,E,0.0,"2,E",0.0,"2,,,E",2.467,"3,E",2.793,"2,,,E",2.1399999999999997,"1,,,E"
AGE00147705,1936-11-01,36.78,3.07,59.0,"ALGIERS VILLE UNIVERSITE, AG",,,,,8.0,"4,E",4.0,"4,E",1.0,"4,E",0.0,"4,E",0.0,"4,E",0.0,"4,E",3.0,"4,E",0.0,"4,E",19361130.0,"+,4,E",19361114.0,",4,E",19361112.0,"+,4,E",10.0,"4,E,30,+",30.8,"4,,E,14,",22.0,"4,E,12,+",,,,,94.4,"4,,,E",1.573,"7,E",1.8690000000000002,"4,,,E",1.277,"4,,,E"
AGE00147705,1937-05-01,36.78,3.07,59.0,"ALGIERS VILLE UNIVERSITE, AG",,,36.7,",E",3.0,",E",3.0,",E",0.0,",E",0.0,",E",0.0,",E",0.0,",E",16.0,",E",1.0,",E",19370502.0,"+,,E",19370520.0,",,E",19370516.0,",,E",11.0,",E,02,+",10.0,",,E,20,",34.0,",E,16,",,,26.5,",E",21.6,",,,E",1.866,",E",2.223,",,,E",1.51,",,,E"
AGE00147705,1937-06-01,36.78,3.07,59.0,"ALGIERS VILLE UNIVERSITE, AG",,,109.8,"4,E",1.0,"2,E",0.0,"2,E",0.0,"2,E",0.0,"2,E",0.0,"2,E",0.0,"2,E",27.0,"2,E",0.0,"2,E",19370629.0,",2,E",19370628.0,",2,E",19370619.0,",2,E",17.0,"2,E,29,",0.8,"2,,E,28,",31.0,"2,E,19,",,,0.0,"2,E",1.0,"2,,,E",2.263,"4,E",2.618,"2,,,E",1.907,"2,,,E"
AGE00147705,1937-08-01,36.78,3.07,59.0,"ALGIERS VILLE UNIVERSITE, AG",,,233.2,",E",0.0,",E",0.0,",E",0.0,",E",0.0,",E",0.0,",E",0.0,",E",31.0,",E",3.0,",E",19370830.0,"+,,E",19370827.0,",,E",19370808.0,",,E",21.0,",E,30,+",0.2,",,E,27,",36.0,",E,08,",,,0.0,",E",0.2,",,,E",2.585,",E",2.9,",,,E",2.271,",,,E"
AGE00147705,1937-09-01,36.78,3.07,59.0,"ALGIERS VILLE UNIVERSITE, AG",,,135.5,"5,E",3.0,"3,E",3.0,"3,E",1.0,"3,E",0.0,"3,E",0.0,"3,E",0.0,"3,E",26.0,"3,E",0.0,"3,E",19370913.0,"+,3,E",19370911.0,",3,E",19370928.0,"+,3,E",15.0,"3,E,13,+",35.2,"3,,E,11,",32.0,"3,E,28,+",,,0.3,"3,E",43.0,"3,,,E",2.372,"5,E",2.711,"3,,,E",2.033,"3,,,E"
AGE00147705,1937-11-01,36.78,3.07,59.0,"ALGIERS VILLE UNIVERSITE, AG",,,41.0,",E",7.0,",E",4.0,",E",0.0,",E",0.0,",E",0.0,",E",0.0,",E",15.0,",E",0.0,",E",19371130.0,"+,,E",19371103.0,",,E",19371121.0,",,E",12.0,",E,30,+",24.0,",,E,03,",29.0,",E,21,",,,23.5,",E",50.5,",,,E",1.8920000000000001,",E",2.193,",,,E",1.59,",,,E"
AGE00147705,1937-12-01,36.78,3.07,59.0,"ALGIERS VILLE UNIVERSITE, AG",,,,,17.0,"3,E",15.0,"3,E",2.0,"3,E",0.0,"5,E",0.0,"5,E",0.0,"5,E",2.0,"5,E",0.0,"5,E",19371229.0,",5,E",19371210.0,",3,E",19371209.0,"+,5,E",4.0,"5,E,29,",39.9,"3,,E,10,",23.0,"5,E,09,+",,,,,188.7,"3,,,E",1.256,"7,E",1.538,"5,,,E",0.9730000000000001,"5,,,E"
AGE00147705,1938-02-01,36.78,3.07,59.0,"ALGIERS VILLE UNIVERSITE, AG",,,0.0,"2,E",11.0,"1,E",8.0,"1,E",0.0,"1,E",0.0,"1,E",0.0,"1,E",0.0,"1,E",0.0,"1,E",0.0,"1,E",19380216.0,",1,E",19380215.0,",1,E",19380226.0,"+,1,E",2.0,"1,E,16,",18.2,"1,,E,15,",20.0,"1,E,26,+",,,189.7,"1,E",51.2,"1,,,E",1.107,"2,E",1.374,"1,,,E",0.841,"1,,,E"
AGE00147705,1938-04-01,36.78,3.07,59.0,"ALGIERS VILLE UNIVERSITE, AG",,,0.0,",E",7.0,",E",5.0,",E",0.0,",E",0.0,",E",0.0,",E",0.0,",E",2.0,",E",0.0,",E",19380412.0,",,E",19380411.0,",,E",19380416.0,"+,,E",7.0,",E,12,",4.5,",,E,11,",22.0,",E,16,+",,,113.5,",E",20.3,",,,E",1.455,",E",1.7269999999999999,",,,E",1.183,",,,E"
AGE00147705,1938-05-01,36.78,3.07,59.0,"ALGIERS VILLE UNIVERSITE, AG",,,18.0,",E",10.0,",E",5.0,",E",1.0,",E",0.0,",E",0.0,",E",0.0,",E",13.0,",E",0.0,",E",19380509.0,",,E",19380508.0,",,E",19380530.0,"+,,E",10.0,",E,09,",48.0,",,E,08,",25.0,",E,30,+",,,30.3,",E",75.4,",,,E",1.794,",E",2.1100000000000003,",,,E",1.4769999999999999,",,,E"
AGE00147705,1938-06-01,36.78,3.07,59.0,"ALGIERS VILLE UNIVERSITE, AG",,,146.5,",E",2.0,",E",0.0,",E",0.0,",E",0.0,",E",0.0,",E",0.0,",E",27.0,",E",2.0,",E",19380616.0,",,E",19380612.0,",,E",19380628.0,",,E",16.0,",E,16,",0.6,",,E,12,",36.0,",E,28,",,,0.0,",E",1.1,",,,E",2.322,",E",2.68,",,,E",1.9629999999999999,",,,E"
AGE00147705,1938-08-01,36.78,3.07,59.0,"ALGIERS VILLE UNIVERSITE, AG",,,230.7,",E",2.0,",E",0.0,",E",0.0,",E",0.0,",E",0.0,",E",0.0,",E",31.0,",E",3.0,",E",19380831.0,",,E",19380819.0,",,E",19380819.0,"+,,E",19.0,",E,31,",0.9,",,E,19,",34.0,",E,19,+",,,0.0,",E",1.2,",,,E",2.577,",E",2.871,",,,E",2.284,",,,E"
AGE00147705,1938-12-01,36.78,3.07,59.0,"ALGIERS VILLE UNIVERSITE, AG",,,0.0,"3,E",17.0,"3,E",13.0,"3,E",2.0,"3,E",0.0,"2,E",0.0,"2,E",0.0,"3,E",0.0,"3,E",0.0,"3,E",19381226.0,"+,2,E",19381222.0,",3,E",19381208.0,",3,E",4.0,"2,E,26,+",41.7,"3,,E,22,",20.0,"3,E,08,",,,152.8,"3,E",173.2,"3,,,E",1.283,"3,E",1.543,"3,,,E",1.024,"2,,,E"
