STATION,DATE,LATITUDE,LONGITUDE,ELEVATION,NAME,CDSD,CDSD_ATTRIBUTES,CLDD,CLDD_ATTRIBUTES,DP01,DP01_ATTRIBUTES,DP10,DP10_ATTRIBUTES,DP1X,DP1X_ATTRIBUTES,DT00,DT00_ATTRIBUTES,DT32,DT32_ATTRIBUTES,DX32,DX32_ATTRIBUTES,DX70,DX70_ATTRIBUTES,DX90,DX90_ATTRIBUTES,DYNT,DYNT_ATTRIBUTES,DYXP,DYXP_ATTRIBUTES,DYXT,DYXT_ATTRIBUTES,EMNT,EMNT_ATTRIBUTES,EMXP,EMXP_ATTRIBUTES,EMXT,EMXT_ATTRIBUTES,HDSD,HDSD_ATTRIBUTES,HTDD,HTDD_ATTRIBUTES,PRCP,PRCP_ATTRIBUTES,TAVG,TAVG_ATTRIBUTES,TMAX,TMAX_ATTRIBUTES,TMIN,TMIN_ATTRIBUTES
AGE00147719,1888-01-01,33.7997,2.89,767.0,"LAGHOUAT, AG",,,,,1.0,"2,E",0.0,"2,E",0.0,"2,E",0.0,"2,E",17.0,"2,E",0.0,"2,E",0.0,"2,E",0.0,"2,E",18880130.0,",2,E",18880109.0,",2,E",18880123.0,"+,2,E",-9.0,"2,E,30,",1.0,"2,,E,09,",20.0,"2,E,23,+",,,,,1.0,"2,,,E",0.784,"4,E",1.5619999999999998,"2,,,E",0.007000000000000001,"2,,,E"
AGE00147719,1888-03-01,33.7997,2.89,767.0,"LAGHOUAT, AG",,,1.2,"2,E",2.0,"1,E",0.0,"1,E",0.0,"1,E",0.0,"1,E",2.0,"1,E",0.0,"1,E",11.0,"1,E",0.0,"1,E",18880322.0,"+,1,E",18880301.0,",1,E",18880328.0,"+,1,E",0.0,"1,E,22,+",2.4,"1,,E,01,",29.0,"1,E,28,+",,,175.8,"1,E",3.0,"1,,,E",1.242,"2,E",2.05,"1,,,E",0.433,"1,,,E"
AGE00147719,1888-04-01,33.7997,2.89,767.0,"LAGHOUAT, AG",,,16.3,",E",5.0,",E",3.0,",E",0.0,",E",0.0,",E",0.0,",E",0.0,",E",26.0,",E",1.0,",E",18880409.0,",,E",18880414.0,",,E",18880423.0,",,E",3.0,",E,09,",13.1,",,E,14,",33.0,",E,23,",,,64.8,",E",21.4,",,,E",1.672,",E",2.5629999999999997,",,,E",0.78,",,,E"
AGE00147719,1888-05-01,33.7997,2.89,767.0,"LAGHOUAT, AG",,,56.7,",E",4.0,",E",4.0,",E",0.0,",E",0.0,",E",0.0,",E",0.0,",E",31.0,",E",2.0,",E",18880510.0,"+,,E",18880514.0,",,E",18880524.0,",,E",8.0,",E,10,+",24.8,",,E,14,",39.0,",E,24,",,,2.0,",E",37.6,",,,E",2.0100000000000002,",E",2.832,",,,E",1.1869999999999998,",,,E"
AGE00147719,1888-06-01,33.7997,2.89,767.0,"LAGHOUAT, AG",,,220.0,",E",2.0,",E",1.0,",E",0.0,",E",0.0,",E",0.0,",E",0.0,",E",30.0,",E",24.0,",E",18880602.0,"+,,E",18880618.0,",,E",18880630.0,"+,,E",11.0,",E,02,+",8.6,",,E,18,",39.0,",E,30,+",,,0.0,",E",9.4,",,,E",2.567,",E",3.46,",,,E",1.673,",,,E"
AGE00147719,1888-07-01,33.7997,2.89,767.0,"LAGHOUAT, AG",,,325.8,"2,E",2.0,"1,E",1.0,"1,E",0.0,"1,E",0.0,"1,E",0.0,"1,E",0.0,"1,E",30.0,"1,E",30.0,"1,E",18880717.0,",1,E",18880727.0,",1,E",18880725.0,",1,E",15.0,"1,E,17,",7.1,"1,,E,27,",43.0,"1,E,25,",0.0,E,0.0,"1,E",9.2,"1,,,E",2.96,"2,E",3.973,"1,,,E",1.9469999999999998,"1,,,E"
AGE00147719,1888-08-01,33.7997,2.89,767.0,"LAGHOUAT, AG",,,254.2,",E",0.0,",E",0.0,",E",0.0,",E",0.0,",E",0.0,",E",0.0,",E",31.0,",E",29.0,",E",18880828.0,",,E",18880831.0,"+,,E",18880801.0,",,E",10.0,",E,28,",0.0,",,E,31,+",42.0,",E,01,",0.0,E,0.0,",E",0.0,",,,E",2.653,",E",3.661,",,,E",1.645,",,,E"
AGE00147719,1888-09-01,33.7997,2.89,767.0,"LAGHOUAT, AG",,,167.8,"4,E",4.0,"2,E",2.0,"2,E",0.0,"2,E",0.0,"2,E",0.0,"2,E",0.0,"2,E",28.0,"2,E",25.0,"2,E",18880929.0,"+,2,E",18880904.0,",2,E",18880921.0,"+,2,E",13.0,"2,E,29,+",6.2,"2,,E,04,",37.0,"2,E,21,+",0.0,E,0.0,"2,E",12.3,"2,,,E",2.468,"4,E",3.414,"2,,,E",1.5210000000000001,"2,,,E"
AGE00147719,1888-10-01,33.7997,2.89,767.0,"LAGHOUAT, AG",,,30.0,",E",1.0,",E",0.0,",E",0.0,",E",0.0,",E",0.0,",E",0.0,",E",26.0,",E",4.0,",E",18881009.0,",,E",18881005.0,",,E",18881003.0,"+,,E",3.0,",E,09,",1.2,",,E,05,",37.0,",E,03,+",61.3,E,61.3,",E",1.2,",,,E",1.732,",E",2.587,",,,E",0.877,",,,E"
AGE00147719,1888-11-01,33.7997,2.89,767.0,"LAGHOUAT, AG",,,,,2.0,"4,E",2.0,"4,E",0.0,"4,E",0.0,"4,E",5.0,"4,E",0.0,"4,E",12.0,"4,E",0.0,"4,E",18881128.0,",4,E",18881115.0,",4,E",18881106.0,",4,E",-2.0,"4,E,28,",5.8,"4,,E,15,",26.0,"4,E,06,",,,,,8.6,"4,,,E",1.246,"8,E",2.119,"4,,,E",0.373,"4,,,E"
AGE00147719,1888-12-01,33.7997,2.89,767.0,"LAGHOUAT, AG",,,0.0,"1,E",4.0,"1,E",3.0,"1,E",0.0,"1,E",0.0,",E",5.0,",E",0.0,"1,E",0.0,"1,E",0.0,"1,E",18881231.0,",,E",18881230.0,",1,E",18881211.0,"+,1,E",-2.0,",E,31,",6.8,"1,,E,30,",21.0,"1,E,11,+",,,259.5,"1,E",16.8,"1,,,E",0.96,"1,E",1.6199999999999999,"1,,,E",0.3,",,,E"
AGE00147719,1889-03-01,33.7997,2.89,767.0,"LAGHOUAT, AG",,,,,3.0,"4,E",2.0,"4,E",0.0,"4,E",0.0,"5,E",7.0,"5,E",0.0,"3,E",6.0,"3,E",0.0,"3,E",18890331.0,"+,5,E",18890312.0,",4,E",18890320.0,"+,3,E",-2.0,"5,E,31,+",16.0,"4,,E,12,",26.0,"3,E,20,+",,,,,23.3,"4,,,E",1.1119999999999999,"8,E",1.813,"3,,,E",0.41200000000000003,"5,,,E"
AGE00147719,1889-04-01,33.7997,2.89,767.0,"LAGHOUAT, AG",,,2.3,"3,E",0.0,"1,E",0.0,"1,E",0.0,"1,E",0.0,"1,E",1.0,"1,E",0.0,"2,E",19.0,"2,E",0.0,"2,E",18890404.0,",1,E",18890430.0,"+,1,E",18890429.0,",2,E",0.0,"1,E,04,",0.0,"1,,E,30,+",31.0,"2,E,29,",,,89.8,"2,E",0.0,"1,,,E",1.506,"3,E",2.429,"2,,,E",0.583,"1,,,E"
AGE00147719,1889-07-01,33.7997,2.89,767.0,"LAGHOUAT, AG",,,,,0.0,"4,E",0.0,"4,E",0.0,"4,E",0.0,"3,E",0.0,"3,E",0.0,"5,E",26.0,"5,E",26.0,"5,E",18890729.0,",3,E",18890731.0,"+,4,E",18890722.0,"+,5,E",13.0,"3,E,29,",0.0,"4,,E,31,+",43.0,"5,E,22,+",,,,,0.0,"4,,,E",2.882,"8,E",3.95,"5,,,E",1.814,"3,,,E"
AGE00147719,1889-08-01,33.7997,2.89,767.0,"LAGHOUAT, AG",,,,,0.0,"3,E",0.0,"3,E",0.0,"3,E",0.0,"5,E",0.0,"5,E",0.0,"2,E",29.0,"2,E",29.0,"2,E",18890830.0,"+,5,E",18890831.0,"+,3,E",18890820.0,"+,2,E",16.0,"5,E,30,+",0.0,"3,,E,31,+",43.0,"2,E,20,+",,,,,0.0,"3,,,E",2.93,"7,E",3.979,"2,,,E",1.8809999999999998,"5,,,E"
AGE00147719,1890-02-01,33.7997,2.89,767.0,"LAGHOUAT, AG",,,,,2.0,"2,E",2.0,"2,E",0.0,"2,E",0.0,"5,E",11.0,"5,E",0.0,"2,E",4.0,"2,E",0.0,"2,E",18900201.0,",5,E",18900225.0,",2,E",18900216.0,"+,2,E",-4.0,"5,E,01,",12.0,"2,,E,25,",23.0,"2,E,16,+",,,,,20.3,"2,,,E",0.897,"6,E",1.7079999999999997,"2,,,E",0.087,"5,,,E"
AGE00147719,1890-04-01,33.7997,2.89,767.0,"LAGHOUAT, AG",,,,,1.0,"3,E",1.0,"3,E",0.0,"3,E",0.0,"4,E",0.0,"4,E",0.0,"2,E",17.0,"2,E",0.0,"2,E",18900428.0,"+,4,E",18900419.0,",3,E",18900425.0,",2,E",3.0,"4,E,28,+",6.2,"3,,E,19,",29.0,"2,E,25,",,,,,6.2,"3,,,E",1.408,"6,E",2.196,"2,,,E",0.619,"4,,,E"
AGE00147719,1890-07-01,33.7997,2.89,767.0,"LAGHOUAT, AG",,,,,1.0,"4,E",0.0,"4,E",0.0,"4,E",0.0,"4,E",0.0,"4,E",0.0,"2,E",29.0,"2,E",28.0,"2,E",18900717.0,",4,E",18900731.0,",4,E",18900725.0,"+,2,E",13.0,"4,E,17,",2.0,"4,,E,31,",41.0,"2,E,25,+",,,,,2.0,"4,,,E",2.8280000000000003,"6,E",3.807,"2,,,E",1.848,"4,,,E"
AGE00147719,1890-08-01,33.7997,2.89,767.0,"LAGHOUAT, AG",,,256.3,"5,E",0.0,"1,E",0.0,"1,E",0.0,"1,E",0.0,"2,E",0.0,"2,E",0.0,"3,E",28.0,"3,E",28.0,"3,E",18900824.0,"+,2,E",18900831.0,"+,1,E",18900811.0,",3,E",14.0,"2,E,24,+",0.0,"1,,E,31,+",42.0,"3,E,11,",,,0.0,"3,E",0.0,"1,,,E",2.802,"5,E",3.804,"3,,,E",1.8,"2,,,E"
AGE00147719,1890-09-01,33.7997,2.89,767.0,"LAGHOUAT, AG",,,102.7,"3,E",3.0,"3,E",2.0,"3,E",0.0,"3,E",0.0,"2,E",0.0,"2,E",0.0,"2,E",27.0,"2,E",8.0,"2,E",18900930.0,"+,2,E",18900916.0,",3,E",18900903.0,",2,E",10.0,"2,E,30,+",18.2,"3,,E,16,",37.0,"2,E,03,",,,1.2,"2,E",28.2,"3,,,E",2.207,"3,E",3.004,"2,,,E",1.411,"2,,,E"
AGE00147719,1890-10-01,33.7997,2.89,767.0,"LAGHOUAT, AG",,,,,4.0,"4,E",2.0,"4,E",0.0,"4,E",0.0,"4,E",0.0,"4,E",0.0,"5,E",17.0,"5,E",0.0,"5,E",18901031.0,"+,4,E",18901028.0,",4,E",18901001.0,",5,E",2.0,"4,E,31,+",12.0,"4,,E,28,",30.0,"5,E,01,",,,,,23.5,"4,,,E",1.58,"9,E",2.3,"5,,,E",0.859,"4,,,E"
AGE00147719,1890-11-01,33.7997,2.89,767.0,"LAGHOUAT, AG",,,0.0,"4,E",2.0,"2,E",2.0,"2,E",0.0,"2,E",0.0,"2,E",3.0,"2,E",0.0,"2,E",3.0,"2,E",0.0,"2,E",18901130.0,",2,E",18901130.0,",2,E",18901125.0,"+,2,E",-5.0,"2,E,30,",10.0,"2,,E,30,",22.0,"2,E,25,+",,,201.2,"2,E",18.1,"2,,,E",1.073,"4,E",1.807,"2,,,E",0.339,"2,,,E"
AGE00147719,1892-02-01,33.7997,2.89,767.0,"LAGHOUAT, AG",,,0.0,",E",5.0,",E",2.0,",E",0.0,",E",0.0,",E",4.0,",E",0.0,",E",3.0,",E",0.0,",E",18920215.0,"+,,E",18920223.0,",,E",18920227.0,"+,,E",-1.0,",E,15,+",20.0,",,E,23,",23.0,",E,27,+",,,216.2,",E",29.2,",,,E",1.088,",E",1.828,",,,E",0.348,",,,E"
AGE00147719,1892-03-01,33.7997,2.89,767.0,"LAGHOUAT, AG",,,1.3,"3,E",1.0,"2,E",1.0,"2,E",0.0,"2,E",0.0,"1,E",0.0,"1,E",0.0,"2,E",17.0,"2,E",0.0,"2,E",18920323.0,",1,E",18920320.0,",2,E",18920328.0,"+,2,E",2.0,"1,E,23,",6.8,"2,,E,20,",29.0,"2,E,28,+",,,97.2,"2,E",6.8,"2,,,E",1.471,"3,E",2.283,"2,,,E",0.6599999999999999,"1,,,E"
AGE00147719,1892-04-01,33.7997,2.89,767.0,"LAGHOUAT, AG",,,0.0,"5,E",5.0,"2,E",3.0,"2,E",0.0,"2,E",0.0,"3,E",0.0,"3,E",0.0,"2,E",13.0,"2,E",0.0,"2,E",18920421.0,",3,E",18920421.0,",2,E",18920430.0,",2,E",3.0,"3,E,21,",4.2,"2,,E,21,",28.0,"2,E,30,",,,97.8,"2,E",12.2,"2,,,E",1.435,"5,E",2.202,"2,,,E",0.669,"3,,,E"
AGE00147719,1892-05-01,33.7997,2.89,767.0,"LAGHOUAT, AG",,,62.8,",E",3.0,",E",3.0,",E",0.0,",E",0.0,",E",0.0,",E",0.0,",E",27.0,",E",2.0,",E",18920517.0,",,E",18920514.0,",,E",18920525.0,",,E",4.0,",E,17,",10.4,",,E,14,",36.0,",E,25,",,,39.7,",E",23.2,",,,E",1.908,",E",2.732,",,,E",1.084,",,,E"
AGE00147719,1892-06-01,33.7997,2.89,767.0,"LAGHOUAT, AG",,,255.5,",E",2.0,",E",2.0,",E",0.0,",E",0.0,",E",0.0,",E",0.0,",E",30.0,",E",28.0,",E",18920616.0,"+,,E",18920606.0,",,E",18920625.0,",,E",14.0,",E,16,+",4.6,",,E,06,",42.0,",E,25,",,,0.0,",E",7.4,",,,E",2.685,",E",3.6670000000000003,",,,E",1.703,",,,E"
AGE00147719,1892-10-01,33.7997,2.89,767.0,"LAGHOUAT, AG",,,28.0,"4,E",9.0,"2,E",7.0,"2,E",0.0,"2,E",0.0,"2,E",0.0,"2,E",0.0,"2,E",26.0,"2,E",2.0,"2,E",18921025.0,",2,E",18921006.0,",2,E",18921002.0,",2,E",4.0,"2,E,25,",22.8,"2,,E,06,",40.0,"2,E,02,",,,34.5,"2,E",53.8,"2,,,E",1.807,"4,E",2.566,"2,,,E",1.048,"2,,,E"
AGE00147719,1892-11-01,33.7997,2.89,767.0,"LAGHOUAT, AG",,,,,5.0,"4,E",1.0,"4,E",0.0,"4,E",0.0,"4,E",0.0,"4,E",0.0,"4,E",3.0,"4,E",0.0,"4,E",18921123.0,"+,4,E",18921109.0,",4,E",18921107.0,",4,E",2.0,"4,E,23,+",24.0,"4,,E,09,",25.0,"4,E,07,",,,,,30.7,"4,,,E",1.1880000000000002,"7,E",1.846,"4,,,E",0.5309999999999999,"4,,,E"
AGE00147719,1892-12-01,33.7997,2.89,767.0,"LAGHOUAT, AG",,,0.0,"5,E",7.0,"3,E",5.0,"3,E",0.0,"3,E",0.0,"2,E",2.0,"2,E",0.0,"3,E",1.0,"3,E",0.0,"3,E",18921223.0,",2,E",18921216.0,",3,E",18921206.0,",3,E",-1.0,"2,E,23,",23.8,"3,,E,16,",22.0,"3,E,06,",,,228.7,"3,E",60.2,"3,,,E",0.945,"5,E",1.529,"3,,,E",0.362,"2,,,E"
AGE00147719,1893-01-01,33.7997,2.89,767.0,"LAGHOUAT, AG",0.0,E,0.0,"3,E",1.0,"1,E",1.0,"1,E",0.0,"1,E",0.0,"2,E",16.0,"2,E",0.0,"1,E",0.0,"1,E",0.0,"1,E",18930123.0,",2,E",18930101.0,",1,E",18930109.0,",1,E",-7.0,"2,E,23,",7.4,"1,,E,01,",21.0,"1,E,09,",,,304.8,"1,E",7.4,"1,,,E",0.739,"3,E",1.463,"1,,,E",0.014000000000000002,"2,,,E"
AGE00147719,1893-02-01,33.7997,2.89,767.0,"LAGHOUAT, AG",0.0,E,0.0,",E",0.0,",E",0.0,",E",0.0,",E",0.0,",E",7.0,",E",0.0,",E",6.0,",E",0.0,",E",18930207.0,",,E",18930228.0,"+,,E",18930224.0,",,E",-5.0,",E,07,",0.0,",,E,28,+",25.0,",E,24,",,,220.8,",E",0.0,",,,E",1.045,",E",1.886,",,,E",0.20400000000000001,",,,E"
AGE00147719,1893-03-01,33.7997,2.89,767.0,"LAGHOUAT, AG",1.3,E,1.3,"4,E",6.0,"1,E",4.0,"1,E",0.0,"1,E",0.0,"2,E",0.0,"2,E",0.0,"2,E",17.0,"2,E",0.0,"2,E",18930320.0,",2,E",18930319.0,",1,E",18930309.0,",2,E",3.0,"2,E,20,",12.6,"1,,E,19,",28.0,"2,E,09,",,,102.3,"2,E",26.3,"1,,,E",1.45,"4,E",2.193,"2,,,E",0.7070000000000001,"2,,,E"
AGE00147719,1893-06-01,33.7997,2.89,767.0,"LAGHOUAT, AG",,,,,0.0,"3,E",0.0,"3,E",0.0,"3,E",0.0,"4,E",0.0,"4,E",0.0,"3,E",27.0,"3,E",22.0,"3,E",18930603.0,",4,E",18930630.0,"+,3,E",18930630.0,"+,3,E",12.0,"4,E,03,",0.0,"3,,E,30,+",40.0,"3,E,30,+",,,,,0.0,"3,,,E",2.643,"6,E",3.559,"3,,,E",1.7269999999999999,"4,,,E"
AGE00147719,1893-08-01,33.7997,2.89,767.0,"LAGHOUAT, AG",,,,,2.0,"3,E",2.0,"3,E",0.0,"3,E",0.0,"4,E",0.0,"4,E",0.0,"3,E",28.0,"3,E",27.0,"3,E",18930815.0,",4,E",18930819.0,",3,E",18930804.0,"+,3,E",12.0,"4,E,15,",12.0,"3,,E,19,",40.0,"3,E,04,+",,,,,17.4,"3,,,E",2.793,"7,E",3.668,"3,,,E",1.919,"4,,,E"
AGE00147719,1893-10-01,33.7997,2.89,767.0,"LAGHOUAT, AG",,,55.3,"4,E",0.0,"2,E",0.0,"2,E",0.0,"2,E",0.0,"2,E",0.0,"2,E",0.0,"2,E",29.0,"2,E",5.0,"2,E",18931024.0,",2,E",18931031.0,"+,2,E",18931005.0,",2,E",5.0,"2,E,24,",0.0,"2,,E,31,+",37.0,"2,E,05,",,,13.8,"2,E",0.0,"2,,,E",1.9620000000000002,"4,E",2.931,"2,,,E",0.993,"2,,,E"
AGE00147719,1893-12-01,33.7997,2.89,767.0,"LAGHOUAT, AG",,,,,4.0,"5,E",4.0,"5,E",0.0,"5,E",0.0,"4,E",11.0,"4,E",0.0,"5,E",0.0,"5,E",0.0,"5,E",18931231.0,"+,4,E",18931216.0,",5,E",18931203.0,",5,E",-5.0,"4,E,31,+",22.2,"5,,E,16,",18.0,"5,E,03,",,,,,54.4,"5,,,E",0.774,"8,E",1.415,"5,,,E",0.133,"4,,,E"
AGE00147719,1895-02-01,33.7997,2.89,767.0,"LAGHOUAT, AG",,,0.0,"2,E",1.0,"1,E",0.0,"1,E",0.0,"1,E",0.0,"1,E",3.0,"1,E",0.0,"1,E",12.0,"1,E",0.0,"1,E",18950201.0,",1,E",18950205.0,",1,E",18950225.0,"+,1,E",-4.0,"1,E,01,",1.2,"1,,E,05,",28.0,"1,E,25,+",,,132.7,"1,E",1.2,"1,,,E",1.317,"2,E",2.181,"1,,,E",0.45199999999999996,"1,,,E"
AGE00147719,1895-03-01,33.7997,2.89,767.0,"LAGHOUAT, AG",,,1.3,"2,E",0.0,"1,E",0.0,"1,E",0.0,"1,E",0.0,"1,E",3.0,"1,E",0.0,"1,E",9.0,"1,E",0.0,"1,E",18950306.0,",1,E",18950331.0,"+,1,E",18950330.0,"+,1,E",-0.2,"1,E,06,",0.0,"1,,E,31,+",30.0,"1,E,30,+",,,168.6,"1,E",0.0,"1,,,E",1.2650000000000001,"2,E",2.07,"1,,,E",0.45899999999999996,"1,,,E"
AGE00147719,1895-04-01,33.7997,2.89,767.0,"LAGHOUAT, AG",,,,,0.0,"5,E",0.0,"5,E",0.0,"5,E",0.0,"5,E",0.0,"5,E",0.0,"5,E",23.0,"5,E",4.0,"5,E",18950417.0,",5,E",18950430.0,"+,5,E",18950427.0,"+,5,E",1.0,"5,E,17,",0.0,"5,,E,30,+",37.0,"5,E,27,+",,,,,0.0,"5,,,E",1.916,"0,E",2.9,"5,,,E",0.932,"5,,,E"
AGE00147719,1895-05-01,33.7997,2.89,767.0,"LAGHOUAT, AG",,,43.3,"4,E",6.0,"2,E",4.0,"2,E",0.0,"2,E",0.0,"2,E",0.0,"2,E",0.0,"2,E",28.0,"2,E",4.0,"2,E",18950507.0,",2,E",18950505.0,",2,E",18950529.0,"+,2,E",5.0,"2,E,07,",12.8,"2,,E,05,",35.0,"2,E,29,+",,,20.3,"2,E",33.5,"2,,,E",1.9280000000000002,"4,E",2.783,"2,,,E",1.072,"2,,,E"
AGE00147719,1895-06-01,33.7997,2.89,767.0,"LAGHOUAT, AG",,,,,2.0,"4,E",2.0,"4,E",0.0,"4,E",0.0,"4,E",0.0,"4,E",0.0,"4,E",26.0,"4,E",20.0,"4,E",18950613.0,"+,4,E",18950630.0,",4,E",18950630.0,"+,4,E",11.0,"4,E,13,+",12.3,"4,,E,30,",40.0,"4,E,30,+",,,,,16.5,"4,,,E",2.573,"7,E",3.527,"4,,,E",1.6190000000000002,"4,,,E"
AGE00147719,1895-07-01,33.7997,2.89,767.0,"LAGHOUAT, AG",,,299.2,"3,E",0.0,"2,E",0.0,"2,E",0.0,"2,E",0.0,"2,E",0.0,"2,E",0.0,"2,E",29.0,"2,E",27.0,"2,E",18950729.0,",2,E",18950731.0,"+,2,E",18950719.0,"+,2,E",13.0,"2,E,29,",0.0,"2,,E,31,+",42.0,"2,E,19,+",0.0,E,0.0,"2,E",0.0,"2,,,E",2.9,"3,E",3.91,"2,,,E",1.89,"2,,,E"
AGE00147719,1895-08-01,33.7997,2.89,767.0,"LAGHOUAT, AG",,,229.8,"2,E",3.0,"1,E",2.0,"1,E",0.0,"1,E",0.0,"1,E",0.0,"1,E",0.0,"1,E",30.0,"1,E",28.0,"1,E",18950831.0,"+,1,E",18950820.0,",1,E",18950801.0,",1,E",12.0,"1,E,31,+",10.0,"1,,E,20,",42.0,"1,E,01,",0.0,E,0.0,"1,E",17.0,"1,,,E",2.632,"2,E",3.7299999999999995,"1,,,E",1.533,"1,,,E"
AGE00147719,1895-09-01,33.7997,2.89,767.0,"LAGHOUAT, AG",,,,,2.0,"5,E",1.0,"5,E",0.0,"5,E",0.0,"5,E",0.0,"5,E",0.0,"5,E",25.0,"5,E",15.0,"5,E",18950928.0,",5,E",18950910.0,",5,E",18950908.0,",5,E",10.0,"5,E,28,",4.8,"5,,E,10,",38.0,"5,E,08,",,,,,6.8,"5,,,E",2.356,"9,E",3.268,"5,,,E",1.444,"5,,,E"
AGE00147719,1895-10-01,33.7997,2.89,767.0,"LAGHOUAT, AG",,,,,0.0,"4,E",0.0,"4,E",0.0,"4,E",0.0,"4,E",0.0,"4,E",0.0,"4,E",27.0,"4,E",9.0,"4,E",18951030.0,",4,E",18951031.0,"+,4,E",18951001.0,",4,E",7.0,"4,E,30,",0.0,"4,,E,31,+",37.0,"4,E,01,",,,,,0.0,"4,,,E",2.157,"8,E",3.1149999999999998,"4,,,E",1.2,"4,,,E"
AGE00147719,1895-12-01,33.7997,2.89,767.0,"LAGHOUAT, AG",,,,,1.0,"4,E",1.0,"4,E",0.0,"4,E",0.0,"3,E",12.0,"3,E",0.0,"4,E",4.0,"4,E",0.0,"4,E",18951222.0,",3,E",18951202.0,",4,E",18951230.0,",4,E",-2.0,"3,E,22,",12.0,"4,,E,02,",24.0,"4,E,30,",,,,,12.0,"4,,,E",1.0230000000000001,"6,E",1.811,"4,,,E",0.236,"3,,,E"
AGE00147719,1897-01-01,33.7997,2.89,767.0,"LAGHOUAT, AG",0.0,,0.0,"2,E",0.0,"1,E",0.0,"1,E",0.0,"1,E",0.0,"1,E",21.0,"1,E",0.0,"1,E",0.0,"1,E",0.0,"1,E",18970127.0,"+,1,E",18970131.0,"+,1,E",18970108.0,"+,1,E",-4.0,"1,E,27,+",0.0,"1,,E,31,+",19.0,"1,E,08,+",,,325.2,"1,E",0.0,"1,,,E",0.717,"2,E",1.457,"1,,,E",-0.023,"1,,,E"
AGE00147719,1897-02-01,33.7997,2.89,767.0,"LAGHOUAT, AG",0.0,,0.0,"3,E",0.0,"2,E",0.0,"2,E",0.0,"2,E",0.0,"1,E",4.0,"1,E",0.0,"2,E",9.0,"2,E",0.0,"2,E",18970228.0,"+,1,E",18970228.0,"+,2,E",18970204.0,",2,E",0.0,"1,E,28,+",0.0,"2,,E,28,+",26.0,"2,E,04,",,,191.8,"2,E",0.0,"2,,,E",1.0699999999999998,"3,E",1.877,"2,,,E",0.263,"1,,,E"
AGE00147719,1897-04-01,33.7997,2.89,767.0,"LAGHOUAT, AG",,,4.8,"4,E",0.0,"2,E",0.0,"2,E",0.0,"2,E",0.0,"2,E",0.0,"2,E",0.0,"2,E",25.0,"2,E",0.0,"2,E",18970419.0,"+,2,E",18970430.0,"+,2,E",18970422.0,",2,E",4.0,"2,E,19,+",0.0,"2,,E,30,+",30.0,"2,E,22,",,,61.0,"2,E",0.0,"2,,,E",1.625,"4,E",2.475,"2,,,E",0.775,"2,,,E"
AGE00147719,1897-05-01,33.7997,2.89,767.0,"LAGHOUAT, AG",,,86.7,",E",0.0,",E",0.0,",E",0.0,",E",0.0,",E",0.0,",E",0.0,",E",31.0,",E",4.0,",E",18970505.0,",,E",18970531.0,"+,,E",18970531.0,"+,,E",7.0,",E,05,",0.0,",,E,31,+",35.0,",E,31,+",,,4.0,",E",0.0,",,,E",2.1,",E",2.9579999999999997,",,,E",1.242,",,,E"
AGE00147719,1897-06-01,33.7997,2.89,767.0,"LAGHOUAT, AG",,,203.7,"2,E",0.0,"1,E",0.0,"1,E",0.0,"1,E",0.0,"1,E",0.0,"1,E",0.0,"1,E",29.0,"1,E",23.0,"1,E",18970605.0,",1,E",18970630.0,"+,1,E",18970627.0,",1,E",10.0,"1,E,05,",0.0,"1,,E,30,+",40.0,"1,E,27,",,,0.0,"1,E",0.0,"1,,,E",2.569,"2,E",3.497,"1,,,E",1.641,"1,,,E"
AGE00147719,1897-07-01,33.7997,2.89,767.0,"LAGHOUAT, AG",,,280.8,"2,E",0.0,"1,E",0.0,"1,E",0.0,"1,E",0.0,"1,E",0.0,"1,E",0.0,"1,E",30.0,"1,E",28.0,"1,E",18970706.0,"+,1,E",18970731.0,"+,1,E",18970726.0,"+,1,E",15.0,"1,E,06,+",0.0,"1,,E,31,+",40.0,"1,E,26,+",0.0,,0.0,"1,E",0.0,"1,,,E",2.802,"2,E",3.7399999999999998,"1,,,E",1.863,"1,,,E"
AGE00147719,1897-08-01,33.7997,2.89,767.0,"LAGHOUAT, AG",,,296.3,"2,E",2.0,"1,E",1.0,"1,E",0.0,"1,E",0.0,"1,E",0.0,"1,E",0.0,"1,E",30.0,"1,E",30.0,"1,E",18970818.0,"+,1,E",18970826.0,",1,E",18970822.0,"+,1,E",17.0,"1,E,18,+",3.5,"1,,E,26,",40.0,"1,E,22,+",0.0,,0.0,"1,E",3.9,"1,,,E",2.855,"2,E",3.813,"1,,,E",1.8969999999999998,"1,,,E"
AGE00147719,1897-09-01,33.7997,2.89,767.0,"LAGHOUAT, AG",,,142.8,",E",1.0,",E",0.0,",E",0.0,",E",0.0,",E",0.0,",E",0.0,",E",30.0,",E",12.0,",E",18970924.0,"+,,E",18970930.0,",,E",18970902.0,",,E",8.0,",E,24,+",1.8,",,E,30,",40.0,",E,02,",6.8,,6.8,",E",1.8,",,,E",2.287,",E",3.113,",,,E",1.46,",,,E"
AGE00147719,1898-01-01,33.7997,2.89,767.0,"LAGHOUAT, AG",0.0,E,0.0,"3,E",3.0,"1,E",2.0,"1,E",0.0,"1,E",0.0,"3,E",8.0,"3,E",0.0,"1,E",0.0,"1,E",0.0,"1,E",18980125.0,",3,E",18980116.0,",1,E",18980128.0,"+,1,E",-3.0,"3,E,25,",7.0,"1,,E,16,",17.0,"1,E,28,+",,,306.8,"1,E",12.0,"1,,,E",0.733,"3,E",1.333,"1,,,E",0.132,"3,,,E"
AGE00147719,1898-03-01,33.7997,2.89,767.0,"LAGHOUAT, AG",,,0.0,"4,E",4.0,"2,E",3.0,"2,E",0.0,"2,E",0.0,"2,E",0.0,"2,E",0.0,"2,E",5.0,"2,E",0.0,"2,E",18980314.0,"+,2,E",18980304.0,",2,E",18980329.0,",2,E",1.0,"2,E,14,+",8.3,"2,,E,04,",24.0,"2,E,29,",,,177.5,"2,E",18.3,"2,,,E",1.174,"4,E",1.907,"2,,,E",0.441,"2,,,E"
AGE00147719,1898-04-01,33.7997,2.89,767.0,"LAGHOUAT, AG",,,4.5,",E",0.0,",E",0.0,",E",0.0,",E",0.0,",E",0.0,",E",0.0,",E",21.0,",E",0.0,",E",18980420.0,"+,,E",18980430.0,"+,,E",18980424.0,"+,,E",2.0,",E,20,+",0.0,",,E,30,+",29.0,",E,24,+",,,107.5,",E",0.0,",,,E",1.49,",E",2.307,",,,E",0.673,",,,E"
AGE00147719,1898-05-01,33.7997,2.89,767.0,"LAGHOUAT, AG",,,46.5,",E",0.0,",E",0.0,",E",0.0,",E",0.0,",E",0.0,",E",0.0,",E",31.0,",E",2.0,",E",18980511.0,"+,,E",18980531.0,"+,,E",18980526.0,",,E",5.0,",E,11,+",0.0,",,E,31,+",35.0,",E,26,",,,14.3,",E",0.0,",,,E",1.937,",E",2.832,",,,E",1.042,",,,E"
AGE00147719,1898-06-01,33.7997,2.89,767.0,"LAGHOUAT, AG",,,237.0,",E",1.0,",E",1.0,",E",0.0,",E",0.0,",E",0.0,",E",0.0,",E",30.0,",E",23.0,",E",18980603.0,",,E",18980618.0,",,E",18980624.0,",,E",11.0,",E,03,",8.0,",,E,18,",41.0,",E,24,",,,0.0,",E",8.0,",,,E",2.623,",E",3.537,",,,E",1.7100000000000002,",,,E"
AGE00147719,1898-08-01,33.7997,2.89,767.0,"LAGHOUAT, AG",,,284.7,"3,E",0.0,",E",0.0,",E",0.0,",E",0.0,"2,E",0.0,"2,E",0.0,"1,E",30.0,"1,E",30.0,"1,E",18980829.0,"+,2,E",18980831.0,"+,,E",18980803.0,",1,E",16.0,"2,E,29,+",0.0,",,E,31,+",43.0,"1,E,03,",,,0.0,"1,E",0.0,",,,E",2.839,"3,E",3.81,"1,,,E",1.8690000000000002,"2,,,E"
AGE00147719,1898-09-01,33.7997,2.89,767.0,"LAGHOUAT, AG",,,134.3,"3,E",1.0,",E",0.0,",E",0.0,",E",0.0,"3,E",0.0,"3,E",0.0,",E",30.0,",E",15.0,",E",18980928.0,"+,3,E",18980918.0,",,E",18980916.0,",,E",11.0,"3,E,28,+",2.0,",,E,18,",36.0,",E,16,",,,0.3,",E",2.0,",,,E",2.348,"3,E",3.173,",,,E",1.522,"3,,,E"
AGE00147719,1898-10-01,33.7997,2.89,767.0,"LAGHOUAT, AG",,,42.0,",E",0.0,",E",0.0,",E",0.0,",E",0.0,",E",0.0,",E",0.0,",E",30.0,",E",0.0,",E",18981028.0,"+,,E",18981031.0,"+,,E",18981008.0,",,E",5.0,",E,28,+",0.0,",,E,31,+",32.0,",E,08,",,,24.3,",E",0.0,",,,E",1.89,",E",2.706,",,,E",1.074,",,,E"
AGE00147719,1898-11-01,33.7997,2.89,767.0,"LAGHOUAT, AG",,,0.2,"2,E",0.0,"1,E",0.0,"1,E",0.0,"1,E",0.0,"1,E",0.0,"1,E",0.0,"1,E",10.0,"1,E",0.0,"1,E",18981127.0,"+,1,E",18981130.0,"+,1,E",18981105.0,",1,E",1.0,"1,E,27,+",0.0,"1,,E,30,+",30.0,"1,E,05,",,,151.0,"1,E",0.0,"1,,,E",1.302,"2,E",2.055,"1,,,E",0.548,"1,,,E"
AGE00147719,1898-12-01,33.7997,2.89,767.0,"LAGHOUAT, AG",,,0.0,",E",1.0,",E",1.0,",E",0.0,",E",0.0,",E",23.0,",E",0.0,",E",0.0,",E",0.0,",E",18981228.0,"+,,E",18981211.0,",,E",18981214.0,",,E",-7.0,",E,28,+",4.0,",,E,11,",19.0,",E,14,",,,360.8,",E",4.0,",,,E",0.669,",E",1.448,",,,E",-0.11000000000000001,",,,E"
AGE00147719,1899-01-01,33.7997,2.89,767.0,"LAGHOUAT, AG",0.0,E,0.0,",E",0.0,",E",0.0,",E",0.0,",E",0.0,",E",24.0,",E",0.0,",E",1.0,",E",0.0,",E",18990123.0,"+,,E",18990131.0,"+,,E",18990115.0,",,E",-4.0,",E,23,+",0.0,",,E,31,+",22.0,",E,15,",,,303.3,",E",0.0,",,,E",0.8550000000000001,",E",1.7449999999999999,",,,E",-0.034999999999999996,",,,E"
AGE00147719,1899-02-01,33.7997,2.89,767.0,"LAGHOUAT, AG",0.0,E,0.0,"1,E",0.0,"1,E",0.0,"1,E",0.0,"1,E",0.0,",E",2.0,",E",0.0,"1,E",10.0,"1,E",0.0,"1,E",18990228.0,"+,,E",18990228.0,"+,1,E",18990208.0,"+,1,E",0.0,",E,28,+",0.0,"1,,E,28,+",25.0,"1,E,08,+",,,186.0,"1,E",0.0,"1,,,E",1.139,"1,E",1.967,"1,,,E",0.311,",,,E"
AGE00147719,1899-03-01,33.7997,2.89,767.0,"LAGHOUAT, AG",0.0,E,0.0,"1,E",0.0,",E",0.0,",E",0.0,",E",0.0,"1,E",2.0,"1,E",0.0,",E",9.0,",E",0.0,",E",18990328.0,"+,1,E",18990331.0,"+,,E",18990322.0,",,E",0.0,"1,E,28,+",0.0,",,E,31,+",30.0,",E,22,",,,202.0,",E",0.0,",,,E",1.1400000000000001,"1,E",1.784,",,,E",0.497,"1,,,E"
AGE00147719,1899-04-01,33.7997,2.89,767.0,"LAGHOUAT, AG",24.0,E,24.0,",E",0.0,",E",0.0,",E",0.0,",E",0.0,",E",0.0,",E",0.0,",E",27.0,",E",0.0,",E",18990422.0,"+,,E",18990430.0,"+,,E",18990429.0,"+,,E",6.0,",E,22,+",0.0,",,E,30,+",31.0,",E,29,+",,,45.5,",E",0.0,",,,E",1.762,",E",2.5629999999999997,",,,E",0.96,",,,E"
AGE00147719,1899-05-01,33.7997,2.89,767.0,"LAGHOUAT, AG",129.5,E,105.5,",E",0.0,",E",0.0,",E",0.0,",E",0.0,",E",0.0,",E",0.0,",E",30.0,",E",7.0,",E",18990509.0,",,E",18990531.0,"+,,E",18990514.0,",,E",6.0,",E,09,",0.0,",,E,31,+",35.0,",E,14,",,,8.8,",E",0.0,",,,E",2.145,",E",2.942,",,,E",1.348,",,,E"
AGE00147719,1899-06-01,33.7997,2.89,767.0,"LAGHOUAT, AG",264.3,E,134.8,",E",4.0,",E",3.0,",E",0.0,",E",0.0,",E",0.0,",E",0.0,",E",29.0,",E",12.0,",E",18990623.0,",,E",18990613.0,",,E",18990617.0,",,E",10.0,",E,23,",12.3,",,E,13,",37.0,",E,17,",,,1.8,",E",27.0,",,,E",2.277,",E",3.033,",,,E",1.52,",,,E"
AGE00147719,1899-07-01,33.7997,2.89,767.0,"LAGHOUAT, AG",530.5,E,266.2,",E",1.0,",E",0.0,",E",0.0,",E",0.0,",E",0.0,",E",0.0,",E",31.0,",E",28.0,",E",18990702.0,",,E",18990708.0,",,E",18990724.0,"+,,E",14.0,",E,02,",0.5,",,E,08,",40.0,",E,24,+",0.0,E,0.0,",E",0.5,",,,E",2.692,",E",3.5810000000000004,",,,E",1.8030000000000002,",,,E"
AGE00147719,1899-08-01,33.7997,2.89,767.0,"LAGHOUAT, AG",789.7,E,259.2,",E",2.0,",E",2.0,",E",0.0,",E",0.0,",E",0.0,",E",0.0,",E",31.0,",E",26.0,",E",18990826.0,"+,,E",18990822.0,",,E",18990817.0,"+,,E",15.0,",E,26,+",4.4,",,E,22,",38.0,",E,17,+",0.0,E,0.0,",E",8.0,",,,E",2.669,",E",3.474,",,,E",1.8649999999999998,",,,E"
AGE00147719,1899-09-01,33.7997,2.89,767.0,"LAGHOUAT, AG",961.2,E,171.5,",E",3.0,",E",1.0,",E",0.0,",E",0.0,",E",0.0,",E",0.0,",E",30.0,",E",17.0,",E",18990919.0,",,E",18990901.0,",,E",18990904.0,",,E",11.0,",E,19,",3.0,",,E,01,",38.0,",E,04,",0.0,E,0.0,",E",6.0,",,,E",2.4050000000000002,",E",3.217,",,,E",1.593,",,,E"
AGE00147719,1899-10-01,33.7997,2.89,767.0,"LAGHOUAT, AG",1003.5,E,42.3,"2,E",3.0,"1,E",2.0,"1,E",0.0,"1,E",0.0,"1,E",0.0,"1,E",0.0,"1,E",30.0,"1,E",0.0,"1,E",18991031.0,"+,1,E",18991002.0,",1,E",18991014.0,"+,1,E",8.0,"1,E,31,+",15.8,"1,,E,02,",30.0,"1,E,14,+",17.5,E,17.5,"1,E",21.3,"1,,,E",1.9280000000000002,"2,E",2.6100000000000003,"1,,,E",1.247,"1,,,E"
AGE00147719,1899-11-01,33.7997,2.89,767.0,"LAGHOUAT, AG",1003.5,E,0.0,",E",2.0,",E",0.0,",E",0.0,",E",0.0,",E",0.0,",E",0.0,",E",12.0,",E",0.0,",E",18991127.0,"+,,E",18991128.0,",,E",18991110.0,"+,,E",1.0,",E,27,+",2.0,",,E,28,",26.0,",E,10,+",206.5,E,189.0,",E",3.8,",,,E",1.2029999999999998,",E",1.9170000000000003,",,,E",0.49000000000000005,",,,E"
AGE00147719,1899-12-01,33.7997,2.89,767.0,"LAGHOUAT, AG",1003.5,E,0.0,",E",1.0,",E",0.0,",E",0.0,",E",0.0,",E",13.0,",E",0.0,",E",1.0,",E",0.0,",E",18991222.0,",,E",18991211.0,",,E",18991229.0,",,E",-3.0,",E,22,",2.2,",,E,11,",22.0,",E,29,",497.3,E,290.8,",E",2.2,",,,E",0.8949999999999999,",E",1.6059999999999999,",,,E",0.184,",,,E"
AGE00147719,1900-01-01,33.7997,2.89,767.0,"LAGHOUAT, AG",0.0,E,0.0,"2,E",2.0,"1,E",1.0,"1,E",0.0,"1,E",0.0,"1,E",12.0,"1,E",0.0,"1,E",0.0,"1,E",0.0,"1,E",19000131.0,",1,E",19000102.0,",1,E",19000128.0,"+,1,E",-3.0,"1,E,31,",3.5,"1,,E,02,",20.0,"1,E,28,+",802.5,E,305.2,"1,E",5.5,"1,,,E",0.768,"2,E",1.44,"1,,,E",0.097,"1,,,E"
AGE00147719,1900-02-01,33.7997,2.89,767.0,"LAGHOUAT, AG",0.7,E,0.7,"2,E",2.0,"1,E",2.0,"1,E",0.0,"1,E",0.0,"1,E",2.0,"1,E",0.0,"1,E",17.0,"1,E",0.0,"1,E",19000201.0,",1,E",19000201.0,",1,E",19000213.0,",1,E",-1.0,"1,E,01,",5.5,"1,,E,01,",29.0,"1,E,13,",928.3,E,125.8,"1,E",8.7,"1,,,E",1.374,"2,E",2.207,"1,,,E",0.541,"1,,,E"
AGE00147719,1900-03-01,33.7997,2.89,767.0,"LAGHOUAT, AG",,,,,4.0,"3,E",2.0,"3,E",0.0,"3,E",0.0,"3,E",4.0,"3,E",0.0,"3,E",6.0,"3,E",0.0,"3,E",19000307.0,",3,E",19000302.0,",3,E",19000328.0,"+,3,E",-3.0,"3,E,07,",5.2,"3,,E,02,",23.0,"3,E,28,+",,,,,8.9,"3,,,E",1.139,"6,E",1.8679999999999999,"3,,,E",0.41100000000000003,"3,,,E"
AGE00147719,1900-04-01,33.7997,2.89,767.0,"LAGHOUAT, AG",,,13.0,",E",3.0,",E",1.0,",E",0.0,",E",0.0,",E",1.0,",E",0.0,",E",16.0,",E",0.0,",E",19000404.0,",,E",19000421.0,",,E",19000430.0,"+,,E",0.0,",E,04,",2.5,",,E,21,",30.0,",E,30,+",,,125.0,",E",7.0,",,,E",1.46,",E",2.19,",,,E",0.73,",,,E"
AGE00147719,1900-05-01,33.7997,2.89,767.0,"LAGHOUAT, AG",,,25.0,"5,E",1.0,"3,E",1.0,"3,E",0.0,"3,E",0.0,"2,E",0.0,"2,E",0.0,"3,E",26.0,"3,E",0.0,"3,E",19000517.0,",2,E",19000525.0,",3,E",19000524.0,"+,3,E",5.0,"2,E,17,",16.5,"3,,E,25,",31.0,"3,E,24,+",,,22.2,"3,E",16.5,"3,,,E",1.845,"5,E",2.586,"3,,,E",1.103,"2,,,E"
AGE00147719,1900-06-01,33.7997,2.89,767.0,"LAGHOUAT, AG",,,,,5.0,"3,E",4.0,"3,E",2.0,"3,E",0.0,"4,E",0.0,"4,E",0.0,"3,E",24.0,"3,E",10.0,"3,E",19000605.0,",4,E",19000602.0,",3,E",19000625.0,"+,3,E",9.0,"4,E,05,",48.0,"3,,E,02,",38.0,"3,E,25,+",,,,,95.1,"3,,,E",2.359,"6,E",3.1109999999999998,"3,,,E",1.6079999999999999,"4,,,E"
AGE00147719,1900-08-01,33.7997,2.89,767.0,"LAGHOUAT, AG",,,259.7,",E",2.0,",E",1.0,",E",0.0,",E",0.0,",E",0.0,",E",0.0,",E",31.0,",E",25.0,",E",19000826.0,"+,,E",19000830.0,",,E",19000802.0,"+,,E",14.0,",E,26,+",2.5,",,E,30,",38.0,",E,02,+",,,0.0,",E",3.0,",,,E",2.6710000000000003,",E",3.4579999999999997,",,,E",1.884,",,,E"
AGE00147719,1900-09-01,33.7997,2.89,767.0,"LAGHOUAT, AG",,,167.2,"2,E",8.0,"1,E",5.0,"1,E",1.0,"1,E",0.0,"1,E",0.0,"1,E",0.0,"1,E",29.0,"1,E",10.0,"1,E",19000903.0,",1,E",19000916.0,",1,E",19000907.0,",1,E",11.0,"1,E,03,",28.2,"1,,E,16,",36.0,"1,E,07,",,,0.0,"1,E",46.4,"1,,,E",2.431,"2,E",3.176,"1,,,E",1.686,"1,,,E"
AGE00147719,1900-10-01,33.7997,2.89,767.0,"LAGHOUAT, AG",,,42.8,",E",4.0,",E",2.0,",E",0.0,",E",0.0,",E",0.0,",E",0.0,",E",29.0,",E",0.0,",E",19001031.0,",,E",19001003.0,",,E",19001023.0,"+,,E",5.0,",E,31,",13.0,",,E,03,",29.0,",E,23,+",,,14.2,",E",18.0,",,,E",1.9260000000000002,",E",2.648,",,,E",1.2029999999999998,",,,E"
AGE00147719,1900-11-01,33.7997,2.89,767.0,"LAGHOUAT, AG",,,0.0,",E",7.0,",E",3.0,",E",0.0,",E",0.0,",E",0.0,",E",0.0,",E",2.0,",E",0.0,",E",19001121.0,",,E",19001107.0,",,E",19001103.0,"+,,E",1.0,",E,21,",11.0,",,E,07,",24.0,",E,03,+",,,227.5,",E",30.7,",,,E",1.075,",E",1.58,",,,E",0.5700000000000001,",,,E"
AGE00147719,1900-12-01,33.7997,2.89,767.0,"LAGHOUAT, AG",,,0.0,"4,E",1.0,"2,E",0.0,"2,E",0.0,"2,E",0.0,"2,E",17.0,"2,E",0.0,"2,E",0.0,"2,E",0.0,"2,E",19001215.0,",2,E",19001219.0,",2,E",19001230.0,"+,2,E",-5.0,"2,E,15,",1.2,"2,,E,19,",20.0,"2,E,30,+",,,306.5,"2,E",1.2,"2,,,E",0.709,"4,E",1.472,"2,,,E",-0.05500000000000001,"2,,,E"
AGE00147719,1901-03-01,33.7997,2.89,767.0,"LAGHOUAT, AG",,,0.0,",E",2.0,",E",2.0,",E",0.0,",E",0.0,",E",4.0,",E",0.0,",E",13.0,",E",0.0,",E",19010311.0,"+,,E",19010311.0,",,E",19010303.0,",,E",-1.0,",E,11,+",8.4,",,E,11,",26.0,",E,03,",,,196.3,",E",10.9,",,,E",1.2,",E",2.0260000000000002,",,,E",0.374,",,,E"
AGE00147719,1901-05-01,33.7997,2.89,767.0,"LAGHOUAT, AG",,,25.8,"1,E",6.0,"1,E",3.0,"1,E",0.0,"1,E",0.0,",E",0.0,",E",0.0,"1,E",25.0,"1,E",0.0,"1,E",19010509.0,",,E",19010522.0,",1,E",19010517.0,",1,E",1.0,",E,09,",17.8,"1,,E,22,",31.0,"1,E,17,",,,40.8,"1,E",27.6,"1,,,E",1.7879999999999998,"1,E",2.48,"1,,,E",1.097,",,,E"
AGE00147719,1901-06-01,33.7997,2.89,767.0,"LAGHOUAT, AG",,,233.3,"1,E",5.0,",E",0.0,",E",0.0,",E",0.0,"1,E",0.0,"1,E",0.0,",E",30.0,",E",26.0,",E",19010621.0,",1,E",19010611.0,",,E",19010630.0,"+,,E",13.0,"1,E,21,",1.8,",,E,11,",39.0,",E,30,+",,,0.0,",E",5.0,",,,E",2.637,"1,E",3.47,",,,E",1.8030000000000002,"1,,,E"
AGE00147719,1901-07-01,33.7997,2.89,767.0,"LAGHOUAT, AG",,,,,4.0,"3,E",1.0,"3,E",0.0,"3,E",0.0,"3,E",0.0,"3,E",0.0,"3,E",28.0,"3,E",27.0,"3,E",19010720.0,"+,3,E",19010714.0,",3,E",19010709.0,",3,E",17.0,"3,E,20,+",2.5,"3,,E,14,",42.0,"3,E,09,",,,,,6.6,"3,,,E",2.893,"6,E",3.775,"3,,,E",2.011,"3,,,E"
AGE00147719,1901-08-01,33.7997,2.89,767.0,"LAGHOUAT, AG",,,269.8,"2,E",0.0,"1,E",0.0,"1,E",0.0,"1,E",0.0,"1,E",0.0,"1,E",0.0,"1,E",30.0,"1,E",30.0,"1,E",19010809.0,",1,E",19010831.0,"+,1,E",19010811.0,",1,E",11.0,"1,E,09,",0.0,"1,,E,31,+",42.0,"1,E,11,",,,0.0,"1,E",0.0,"1,,,E",2.77,"2,E",3.643,"1,,,E",1.8969999999999998,"1,,,E"
AGE00147719,1901-09-01,33.7997,2.89,767.0,"LAGHOUAT, AG",,,,,4.0,"3,E",3.0,"3,E",1.0,"3,E",0.0,"3,E",0.0,"3,E",0.0,"3,E",25.0,"3,E",10.0,"3,E",19010926.0,"+,3,E",19010930.0,",3,E",19010903.0,",3,E",10.0,"3,E,26,+",28.8,"3,,E,30,",38.0,"3,E,03,",,,,,58.0,"3,,,E",2.2760000000000002,"4,E",3.0149999999999997,"3,,,E",1.537,"3,,,E"
AGE00147719,1901-10-01,33.7997,2.89,767.0,"LAGHOUAT, AG",,,6.8,"1,E",7.0,",E",6.0,",E",1.0,",E",0.0,",E",0.0,",E",0.0,"1,E",14.0,"1,E",0.0,"1,E",19011026.0,",,E",19011011.0,",,E",19011009.0,",1,E",2.0,",E,26,",30.4,",,E,11,",28.0,"1,E,09,",,,113.3,"1,E",63.4,",,,E",1.48,"1,E",2.0629999999999997,"1,,,E",0.897,",,,E"
AGE00147719,1901-11-01,33.7997,2.89,767.0,"LAGHOUAT, AG",,,0.0,"2,E",4.0,",E",1.0,",E",0.0,",E",0.0,"1,E",0.0,"1,E",0.0,"1,E",7.0,"1,E",0.0,"1,E",19011130.0,",1,E",19011127.0,",,E",19011127.0,"+,1,E",1.0,"1,E,30,",5.5,",,E,27,",23.0,"1,E,27,+",,,189.8,"1,E",9.1,",,,E",1.153,"2,E",1.7309999999999999,"1,,,E",0.576,"1,,,E"
AGE00147719,1901-12-01,33.7997,2.89,767.0,"LAGHOUAT, AG",,,0.0,",E",8.0,",E",5.0,",E",0.0,",E",0.0,",E",12.0,",E",0.0,",E",0.0,",E",0.0,",E",19011211.0,"+,,E",19011220.0,",,E",19011215.0,",,E",-2.0,",E,11,+",18.6,",,E,20,",18.0,",E,15,",,,348.8,",E",51.5,",,,E",0.708,",E",1.2710000000000001,",,,E",0.145,",,,E"
AGE00147719,1902-01-01,33.7997,2.89,767.0,"LAGHOUAT, AG",0.0,E,0.0,",E",0.0,",E",0.0,",E",0.0,",E",0.0,",E",23.0,",E",0.0,",E",0.0,",E",0.0,",E",19020128.0,"+,,E",19020131.0,"+,,E",19020104.0,",,E",-4.0,",E,28,+",0.0,",,E,31,+",19.0,",E,04,",,,358.3,",E",0.0,",,,E",0.6769999999999999,",E",1.432,",,,E",-0.077,",,,E"
AGE00147719,1902-02-01,33.7997,2.89,767.0,"LAGHOUAT, AG",0.0,E,0.0,"2,E",1.0,"1,E",1.0,"1,E",0.0,"1,E",0.0,"1,E",8.0,"1,E",0.0,"1,E",8.0,"1,E",0.0,"1,E",19020203.0,",1,E",19020220.0,",1,E",19020228.0,"+,1,E",-5.0,"1,E,03,",18.0,"1,,E,20,",26.0,"1,E,28,+",,,176.2,"1,E",18.0,"1,,,E",1.143,"2,E",1.907,"1,,,E",0.378,"1,,,E"
AGE00147719,1902-03-01,33.7997,2.89,767.0,"LAGHOUAT, AG",0.2,E,0.2,"2,E",2.0,"1,E",1.0,"1,E",0.0,"1,E",0.0,"1,E",2.0,"1,E",0.0,"1,E",10.0,"1,E",0.0,"1,E",19020326.0,"+,1,E",19020315.0,",1,E",19020331.0,",1,E",0.0,"1,E,26,+",2.7,"1,,E,15,",29.0,"1,E,31,",,,145.8,"1,E",3.3,"1,,,E",1.322,"2,E",2.12,"1,,,E",0.523,"1,,,E"
AGE00147719,1902-04-01,33.7997,2.89,767.0,"LAGHOUAT, AG",21.9,E,21.7,",E",4.0,",E",1.0,",E",0.0,",E",0.0,",E",0.0,",E",0.0,",E",28.0,",E",0.0,",E",19020425.0,",,E",19020424.0,",,E",19020406.0,",,E",3.0,",E,25,",2.8,",,E,24,",32.0,",E,06,",,,43.2,",E",6.8,",,,E",1.762,",E",2.55,",,,E",0.9730000000000001,",,,E"
AGE00147719,1902-05-01,33.7997,2.89,767.0,"LAGHOUAT, AG",35.4,E,13.5,",E",0.0,",E",0.0,",E",0.0,",E",0.0,",E",0.0,",E",0.0,",E",30.0,",E",0.0,",E",19020527.0,"+,,E",19020531.0,"+,,E",19020531.0,"+,,E",5.0,",E,27,+",0.0,",,E,31,+",32.0,",E,31,+",,,58.8,",E",0.0,",,,E",1.687,",E",2.568,",,,E",0.806,",,,E"
AGE00147719,1902-06-01,33.7997,2.89,767.0,"LAGHOUAT, AG",188.2,E,152.8,",E",6.0,",E",5.0,",E",0.0,",E",0.0,",E",0.0,",E",0.0,",E",30.0,",E",17.0,",E",19020612.0,",,E",19020604.0,",,E",19020623.0,",,E",9.0,",E,12,",18.0,",,E,04,",39.0,",E,23,",,,1.3,",E",39.5,",,,E",2.338,",E",3.303,",,,E",1.373,",,,E"
AGE00147719,1902-08-01,33.7997,2.89,767.0,"LAGHOUAT, AG",,,291.7,",E",2.0,",E",2.0,",E",0.0,",E",0.0,",E",0.0,",E",0.0,",E",31.0,",E",29.0,",E",19020825.0,"+,,E",19020829.0,"+,,E",19020827.0,"+,,E",16.0,",E,25,+",3.0,",,E,29,+",39.0,",E,27,+",,,0.0,",E",6.0,",,,E",2.774,",E",3.7,",,,E",1.848,",,,E"
AGE00147719,1902-09-01,33.7997,2.89,767.0,"LAGHOUAT, AG",,,143.3,",E",4.0,",E",3.0,",E",0.0,",E",0.0,",E",0.0,",E",0.0,",E",30.0,",E",15.0,",E",19020927.0,"+,,E",19020919.0,",,E",19020910.0,"+,,E",10.0,",E,27,+",11.2,",,E,19,",36.0,",E,10,+",,,0.8,",E",18.2,",,,E",2.308,",E",3.143,",,,E",1.473,",,,E"
AGE00147719,1902-10-01,33.7997,2.89,767.0,"LAGHOUAT, AG",,,19.0,"2,E",3.0,"1,E",3.0,"1,E",0.0,"1,E",0.0,"1,E",0.0,"1,E",0.0,"1,E",20.0,"1,E",0.0,"1,E",19021026.0,"+,1,E",19021010.0,",1,E",19021001.0,",1,E",4.0,"1,E,26,+",12.0,"1,,E,10,",32.0,"1,E,01,",,,84.2,"1,E",26.2,"1,,,E",1.588,"2,E",2.287,"1,,,E",0.89,"1,,,E"
AGE00147719,1902-11-01,33.7997,2.89,767.0,"LAGHOUAT, AG",,,0.0,"2,E",6.0,"1,E",3.0,"1,E",0.0,"1,E",0.0,"1,E",1.0,"1,E",0.0,"1,E",1.0,"1,E",0.0,"1,E",19021128.0,",1,E",19021106.0,",1,E",19021109.0,",1,E",0.0,"1,E,28,",17.4,"1,,E,06,",22.0,"1,E,09,",,,174.3,"1,E",30.9,"1,,,E",1.202,"2,E",1.8030000000000002,"1,,,E",0.6,"1,,,E"
AGE00147719,1902-12-01,33.7997,2.89,767.0,"LAGHOUAT, AG",,,0.0,",E",4.0,",E",2.0,",E",0.0,",E",0.0,",E",12.0,",E",0.0,",E",0.0,",E",0.0,",E",19021228.0,"+,,E",19021212.0,",,E",19021222.0,"+,,E",-3.0,",E,28,+",3.4,",,E,12,",19.0,",E,22,+",,,301.8,",E",8.6,",,,E",0.86,",E",1.535,",,,E",0.184,",,,E"
AGE00147719,1903-01-01,33.7997,2.89,767.0,"LAGHOUAT, AG",0.0,E,0.0,"4,E",4.0,"2,E",3.0,"2,E",0.0,"2,E",0.0,"2,E",13.0,"2,E",0.0,"2,E",0.0,"2,E",0.0,"2,E",19030107.0,",2,E",19030120.0,",2,E",19030114.0,",2,E",-4.0,"2,E,07,",6.0,"2,,E,20,",18.0,"2,E,14,",,,295.0,"2,E",14.9,"2,,,E",0.75,"4,E",1.3519999999999999,"2,,,E",0.148,"2,,,E"
AGE00147719,1903-02-01,33.7997,2.89,767.0,"LAGHOUAT, AG",0.0,E,0.0,",E",0.0,",E",0.0,",E",0.0,",E",0.0,",E",18.0,",E",0.0,",E",5.0,",E",0.0,",E",19030206.0,"+,,E",19030228.0,"+,,E",19030221.0,",,E",-4.0,",E,06,+",0.0,",,E,28,+",28.0,",E,21,",,,274.8,",E",0.0,",,,E",0.852,",E",1.7429999999999999,",,,E",-0.039,",,,E"
AGE00147719,1903-03-01,33.7997,2.89,767.0,"LAGHOUAT, AG",0.0,E,0.0,"2,E",1.0,"1,E",0.0,"1,E",0.0,"1,E",0.0,"1,E",3.0,"1,E",0.0,"1,E",15.0,"1,E",0.0,"1,E",19030310.0,",1,E",19030313.0,",1,E",19030306.0,",1,E",-2.0,"1,E,10,",0.7,"1,,E,13,",28.0,"1,E,06,",,,151.7,"1,E",0.7,"1,,,E",1.308,"2,E",2.16,"1,,,E",0.457,"1,,,E"
AGE00147719,1903-04-01,33.7997,2.89,767.0,"LAGHOUAT, AG",1.8,E,1.8,",E",2.0,",E",0.0,",E",0.0,",E",0.0,",E",0.0,",E",0.0,",E",24.0,",E",0.0,",E",19030425.0,",,E",19030425.0,",,E",19030430.0,",,E",1.0,",E,25,",1.0,",,E,25,",31.0,",E,30,",,,96.8,",E",1.3,",,,E",1.517,",E",2.43,",,,E",0.603,",,,E"
AGE00147719,1903-05-01,33.7997,2.89,767.0,"LAGHOUAT, AG",59.6,E,57.8,",E",2.0,",E",1.0,",E",0.0,",E",0.0,",E",0.0,",E",0.0,",E",30.0,",E",2.0,",E",19030508.0,",,E",19030521.0,",,E",19030526.0,",,E",1.0,",E,08,",4.5,",,E,21,",34.0,",E,26,",,,28.2,",E",6.7,",,,E",1.9289999999999998,",E",2.729,",,,E",1.129,",,,E"
AGE00147719,1903-06-01,33.7997,2.89,767.0,"LAGHOUAT, AG",209.3,E,149.7,",E",1.0,",E",0.0,",E",0.0,",E",0.0,",E",0.0,",E",0.0,",E",29.0,",E",12.0,",E",19030604.0,",,E",19030604.0,",,E",19030626.0,"+,,E",8.0,",E,04,",0.4,",,E,04,",38.0,",E,26,+",,,2.2,",E",0.4,",,,E",2.325,",E",3.17,",,,E",1.48,",,,E"
AGE00147719,1903-10-01,33.7997,2.89,767.0,"LAGHOUAT, AG",,,,,2.0,"3,E",2.0,"3,E",0.0,"3,E",0.0,"5,E",0.0,"5,E",0.0,"3,E",24.0,"3,E",0.0,"3,E",19031025.0,"+,5,E",19031002.0,",3,E",19031013.0,"+,3,E",5.0,"5,E,25,+",21.0,"3,,E,02,",31.0,"3,E,13,+",,,,,26.0,"3,,,E",1.797,"8,E",2.582,"3,,,E",1.012,"5,,,E"
AGE00147719,1903-11-01,33.7997,2.89,767.0,"LAGHOUAT, AG",,,0.0,",E",2.0,",E",1.0,",E",0.0,",E",0.0,",E",3.0,",E",0.0,",E",1.0,",E",0.0,",E",19031122.0,",,E",19031123.0,",,E",19031109.0,",,E",-2.0,",E,22,",4.2,",,E,23,",22.0,",E,09,",,,229.0,",E",4.6,",,,E",1.0699999999999998,",E",1.7129999999999999,",,,E",0.42699999999999994,",,,E"
AGE00147719,1903-12-01,33.7997,2.89,767.0,"LAGHOUAT, AG",,,0.0,"2,E",4.0,"1,E",1.0,"1,E",0.0,"1,E",0.0,"1,E",12.0,"1,E",0.0,"1,E",0.0,"1,E",0.0,"1,E",19031227.0,"+,1,E",19031203.0,",1,E",19031209.0,",1,E",-3.0,"1,E,27,+",7.0,"1,,E,03,",21.0,"1,E,09,",,,319.2,"1,E",9.6,"1,,,E",0.727,"2,E",1.283,"1,,,E",0.16999999999999998,"1,,,E"
AGE00147719,1904-01-01,33.7997,2.89,767.0,"LAGHOUAT, AG",0.0,E,0.0,",E",6.0,",E",4.0,",E",0.0,",E",0.0,",E",14.0,",E",0.0,",E",0.0,",E",0.0,",E",19040124.0,",,E",19040101.0,",,E",19040131.0,",,E",-4.0,",E,24,",8.0,",,E,01,",18.0,",E,31,",,,373.8,",E",21.5,",,,E",0.627,",E",1.177,",,,E",0.077,",,,E"
AGE00147719,1904-02-01,33.7997,2.89,767.0,"LAGHOUAT, AG",0.0,E,0.0,",E",6.0,",E",0.0,",E",0.0,",E",0.0,",E",5.0,",E",0.0,",E",2.0,",E",0.0,",E",19040225.0,"+,,E",19040226.0,"+,,E",19040217.0,",,E",-1.0,",E,25,+",1.5,",,E,26,+",24.0,",E,17,",,,243.7,",E",7.0,",,,E",0.993,",E",1.7309999999999999,",,,E",0.255,",,,E"
AGE00147719,1904-03-01,33.7997,2.89,767.0,"LAGHOUAT, AG",0.0,E,0.0,"2,E",4.0,"1,E",1.0,"1,E",0.0,"1,E",0.0,"1,E",5.0,"1,E",0.0,"1,E",6.0,"1,E",0.0,"1,E",19040306.0,",1,E",19040303.0,",1,E",19040330.0,"+,1,E",-2.0,"1,E,06,",2.8,"1,,E,03,",24.0,"1,E,30,+",,,208.7,"1,E",6.6,"1,,,E",1.107,"2,E",1.86,"1,,,E",0.353,"1,,,E"
AGE00147719,1904-05-01,33.7997,2.89,767.0,"LAGHOUAT, AG",,,129.0,",E",2.0,",E",1.0,",E",0.0,",E",0.0,",E",0.0,",E",0.0,",E",31.0,",E",14.0,",E",19040504.0,",,E",19040509.0,",,E",19040531.0,",,E",8.0,",E,04,",4.3,",,E,09,",39.0,",E,31,",,,4.8,",E",6.6,",,,E",2.234,",E",3.1710000000000003,",,,E",1.2970000000000002,",,,E"
AGE00147719,1904-08-01,33.7997,2.89,767.0,"LAGHOUAT, AG",,,302.2,",E",3.0,",E",0.0,",E",0.0,",E",0.0,",E",0.0,",E",0.0,",E",31.0,",E",30.0,",E",19040829.0,"+,,E",19040830.0,",,E",19040823.0,"+,,E",16.0,",E,29,+",1.6,",,E,30,",40.0,",E,23,+",,,0.0,",E",3.0,",,,E",2.808,",E",3.7969999999999997,",,,E",1.8190000000000002,",,,E"
AGE00147719,1904-10-01,33.7997,2.89,767.0,"LAGHOUAT, AG",,,7.2,",E",5.0,",E",1.0,",E",0.0,",E",0.0,",E",0.0,",E",0.0,",E",21.0,",E",0.0,",E",19041014.0,",,E",19041013.0,",,E",19041007.0,",,E",4.5,",E,14,",5.6,",,E,13,",31.0,",E,07,",,,53.7,",E",10.5,",,,E",1.6829999999999998,",E",2.3579999999999997,",,,E",1.008,",,,E"
AGE00147719,1904-12-01,33.7997,2.89,767.0,"LAGHOUAT, AG",,,0.0,",E",3.0,",E",1.0,",E",0.0,",E",0.0,",E",13.0,",E",0.0,",E",0.0,",E",0.0,",E",19041231.0,",,E",19041201.0,",,E",19041226.0,"+,,E",-3.0,",E,31,",16.0,",,E,01,",19.0,",E,26,+",,,290.3,",E",16.9,",,,E",0.897,",E",1.545,",,,E",0.248,",,,E"
AGE00147719,1905-01-01,33.7997,2.89,767.0,"LAGHOUAT, AG",0.0,,0.0,"5,E",1.0,"3,E",1.0,"3,E",0.0,"3,E",0.0,"3,E",21.0,"3,E",0.0,"3,E",0.0,"3,E",0.0,"3,E",19050106.0,"+,3,E",19050117.0,",3,E",19050110.0,",3,E",-7.0,"3,E,06,+",3.0,"3,,E,17,",19.0,"3,E,10,",,,337.2,"3,E",3.0,"3,,,E",0.532,"5,E",1.225,"3,,,E",-0.161,"3,,,E"
AGE00147719,1905-02-01,33.7997,2.89,767.0,"LAGHOUAT, AG",0.0,,0.0,",E",1.0,",E",0.0,",E",0.0,",E",0.0,",E",22.0,",E",0.0,",E",0.0,",E",0.0,",E",19050222.0,",,E",19050218.0,",,E",19050228.0,"+,,E",-4.0,",E,22,",0.5,",,E,18,",20.0,",E,28,+",,,311.8,",E",0.5,",,,E",0.72,",E",1.546,",,,E",-0.10700000000000001,",,,E"
AGE00147719,1905-03-01,33.7997,2.89,767.0,"LAGHOUAT, AG",10.5,,10.5,"2,E",2.0,"1,E",2.0,"1,E",0.0,"1,E",0.0,"1,E",2.0,"1,E",0.0,"1,E",20.0,"1,E",0.0,"1,E",19050301.0,",1,E",19050323.0,",1,E",19050321.0,"+,1,E",-1.0,"1,E,01,",5.7,"1,,E,23,",31.0,"1,E,21,+",,,114.2,"1,E",9.7,"1,,,E",1.483,"2,E",2.3600000000000003,"1,,,E",0.607,"1,,,E"
AGE00147719,1905-04-01,33.7997,2.89,767.0,"LAGHOUAT, AG",34.0,,23.5,",E",2.0,",E",0.0,",E",0.0,",E",0.0,",E",0.0,",E",0.0,",E",26.0,",E",0.0,",E",19050423.0,",,E",19050428.0,",,E",19050410.0,"+,,E",2.0,",E,23,",1.0,",,E,28,",31.0,",E,10,+",,,40.0,",E",1.3,",,,E",1.778,",E",2.623,",,,E",0.933,",,,E"
AGE00147719,1905-05-01,33.7997,2.89,767.0,"LAGHOUAT, AG",78.5,,44.5,"2,E",4.0,"1,E",2.0,"1,E",0.0,"1,E",0.0,"1,E",0.0,"1,E",0.0,"1,E",28.0,"1,E",1.0,"1,E",19050511.0,",1,E",19050508.0,",1,E",19050521.0,",1,E",6.0,"1,E,11,",11.7,"1,,E,08,",33.0,"1,E,21,",,,18.7,"1,E",16.7,"1,,,E",1.927,"2,E",2.763,"1,,,E",1.09,"1,,,E"
AGE00147719,1905-10-01,33.7997,2.89,767.0,"LAGHOUAT, AG",,,11.8,",E",10.0,",E",5.0,",E",0.0,",E",0.0,",E",0.0,",E",0.0,",E",22.0,",E",0.0,",E",19051031.0,",,E",19051025.0,",,E",19051001.0,",,E",4.0,",E,31,",8.6,",,E,25,",32.0,",E,01,",,,68.7,",E",30.8,",,,E",1.65,",E",2.3739999999999997,",,,E",0.9259999999999999,",,,E"
AGE00147719,1906-01-01,33.7997,2.89,767.0,"LAGHOUAT, AG",0.0,E,0.0,"5,E",3.0,"1,E",3.0,"1,E",0.0,"1,E",0.0,"3,E",7.0,"3,E",0.0,"2,E",3.0,"2,E",0.0,"2,E",19060122.0,",3,E",19060129.0,",1,E",19060101.0,",2,E",-6.0,"3,E,22,",25.0,"1,,E,29,",24.0,"2,E,01,",,,241.7,"2,E",49.5,"1,,,E",0.922,"5,E",1.655,"2,,,E",0.189,"3,,,E"
AGE00147719,1906-02-01,33.7997,2.89,767.0,"LAGHOUAT, AG",0.0,E,0.0,",E",3.0,",E",1.0,",E",0.0,",E",0.0,",E",8.0,",E",0.0,",E",3.0,",E",0.0,",E",19060206.0,",,E",19060218.0,",,E",19060227.0,",,E",-4.0,",E,06,",5.0,",,E,18,",27.0,",E,27,",,,278.8,",E",9.0,",,,E",0.8380000000000001,",E",1.557,",,,E",0.118,",,,E"
AGE00147719,1906-03-01,33.7997,2.89,767.0,"LAGHOUAT, AG",1.7,E,1.7,"2,E",3.0,"1,E",2.0,"1,E",0.0,"1,E",0.0,"1,E",0.0,"1,E",0.0,"1,E",17.0,"1,E",0.0,"1,E",19060324.0,",1,E",19060326.0,",1,E",19060311.0,",1,E",1.0,"1,E,24,",9.0,"1,,E,26,",30.0,"1,E,11,",,,126.3,"1,E",15.8,"1,,,E",1.4,"2,E",2.2600000000000002,"1,,,E",0.54,"1,,,E"
AGE00147719,1906-04-01,33.7997,2.89,767.0,"LAGHOUAT, AG",9.7,E,8.0,"4,E",9.0,"2,E",8.0,"2,E",0.0,"2,E",0.0,"2,E",0.0,"2,E",0.0,"2,E",20.0,"2,E",0.0,"2,E",19060403.0,",2,E",19060407.0,",2,E",19060417.0,",2,E",3.0,"2,E,03,",12.5,"2,,E,07,",32.0,"2,E,17,",,,72.2,"2,E",65.5,"2,,,E",1.595,"4,E",2.4210000000000003,"2,,,E",0.768,"2,,,E"
AGE00147719,1906-05-01,33.7997,2.89,767.0,"LAGHOUAT, AG",54.7,E,45.0,"2,E",6.0,"1,E",6.0,"1,E",2.0,"1,E",0.0,"1,E",0.0,"1,E",0.0,"1,E",29.0,"1,E",7.0,"1,E",19060520.0,"+,1,E",19060517.0,",1,E",19060531.0,",1,E",7.0,"1,E,20,+",35.0,"1,,E,17,",39.0,"1,E,31,",,,18.2,"1,E",90.0,"1,,,E",1.948,"2,E",2.9170000000000003,"1,,,E",0.9800000000000001,"1,,,E"
AGE00147719,1906-07-01,33.7997,2.89,767.0,"LAGHOUAT, AG",,,401.2,",E",2.0,",E",0.0,",E",0.0,",E",0.0,",E",0.0,",E",0.0,",E",31.0,",E",31.0,",E",19060710.0,"+,,E",19060706.0,"+,,E",19060727.0,",,E",19.0,",E,10,+",1.0,",,E,06,+",48.0,",E,27,",0.0,E,0.0,",E",2.5,",,,E",3.127,",E",3.974,",,,E",2.2809999999999997,",,,E"
AGE00147719,1906-08-01,33.7997,2.89,767.0,"LAGHOUAT, AG",,,,,0.0,"3,E",0.0,"3,E",0.0,"3,E",0.0,"3,E",0.0,"3,E",0.0,"3,E",28.0,"3,E",27.0,"3,E",19060831.0,",3,E",19060803.0,",3,E",19060802.0,",3,E",16.0,"3,E,31,",0.1,"3,,E,03,",45.0,"3,E,02,",,,,,0.1,"3,,,E",3.093,"6,E",3.936,"3,,,E",2.25,"3,,,E"
AGE00147719,1906-09-01,33.7997,2.89,767.0,"LAGHOUAT, AG",,,240.3,",E",3.0,",E",1.0,",E",0.0,",E",0.0,",E",0.0,",E",0.0,",E",29.0,",E",20.0,",E",19060930.0,",,E",19060901.0,",,E",19060920.0,"+,,E",13.0,",E,30,",6.0,",,E,01,",39.0,",E,20,+",,,1.3,",E",9.2,",,,E",2.63,",E",3.3600000000000003,",,,E",1.9,",,,E"
AGE00147719,1906-10-01,33.7997,2.89,767.0,"LAGHOUAT, AG",,,52.8,"1,E",2.0,",E",1.0,",E",0.0,",E",0.0,",E",0.0,",E",0.0,"1,E",25.0,"1,E",7.0,"1,E",19061028.0,",,E",19061018.0,",,E",19061008.0,"+,1,E",6.0,",E,28,",4.0,",,E,18,",35.0,"1,E,08,+",,,42.8,"1,E",6.1,",,,E",1.8699999999999999,"1,E",2.66,"1,,,E",1.081,",,,E"
AGE00147719,1906-11-01,33.7997,2.89,767.0,"LAGHOUAT, AG",,,0.0,",E",4.0,",E",2.0,",E",0.0,",E",0.0,",E",0.0,",E",0.0,",E",11.0,",E",0.0,",E",19061110.0,",,E",19061113.0,",,E",19061104.0,",,E",2.0,",E,10,",7.9,",,E,13,",25.0,",E,04,",,,159.5,",E",15.9,",,,E",1.302,",E",1.8530000000000002,",,,E",0.75,",,,E"
AGE00147719,1906-12-01,33.7997,2.89,767.0,"LAGHOUAT, AG",,,0.0,",E",1.0,",E",1.0,",E",0.0,",E",0.0,",E",1.0,",E",0.0,",E",0.0,",E",0.0,",E",19061221.0,",,E",19061223.0,",,E",19061206.0,",,E",-2.0,",E,21,",4.0,",,E,23,",20.0,",E,06,",,,299.3,",E",4.2,",,,E",0.868,",E",1.371,",,,E",0.365,",,,E"
AGE00147719,1907-01-01,33.7997,2.89,767.0,"LAGHOUAT, AG",0.0,E,0.0,",E",0.0,",E",0.0,",E",0.0,",E",0.0,",E",11.0,",E",0.0,",E",0.0,",E",0.0,",E",19070120.0,"+,,E",19070131.0,"+,,E",19070130.0,",,E",-2.0,",E,20,+",0.0,",,E,31,+",19.0,",E,30,",,,344.3,",E",0.0,",,,E",0.7230000000000001,",E",1.277,",,,E",0.16799999999999998,",,,E"
AGE00147719,1907-02-01,33.7997,2.89,767.0,"LAGHOUAT, AG",,,,,1.0,"2,E",1.0,"2,E",0.0,"2,E",0.0,"2,E",7.0,"2,E",0.0,"2,E",2.0,"2,E",0.0,"2,E",19070203.0,",2,E",19070207.0,",2,E",19070224.0,",2,E",-5.0,"2,E,03,",8.0,"2,,E,07,",23.0,"2,E,24,",,,,,8.0,"2,,,E",0.756,"4,E",1.3039999999999998,"2,,,E",0.20800000000000002,"2,,,E"
AGE00147719,1907-03-01,33.7997,2.89,767.0,"LAGHOUAT, AG",,,0.0,",E",5.0,",E",3.0,",E",0.0,",E",0.0,",E",4.0,",E",0.0,",E",6.0,",E",0.0,",E",19070314.0,",,E",19070307.0,",,E",19070321.0,",,E",-2.0,",E,14,",7.5,",,E,07,",26.0,",E,21,",,,218.3,",E",17.9,",,,E",1.129,",E",1.842,",,,E",0.41600000000000004,",,,E"
AGE00147719,1907-04-01,33.7997,2.89,767.0,"LAGHOUAT, AG",,,10.0,"2,E",6.0,"1,E",2.0,"1,E",1.0,"1,E",0.0,"1,E",1.0,"1,E",0.0,"1,E",15.0,"1,E",0.0,"1,E",19070414.0,",1,E",19070412.0,",1,E",19070426.0,",1,E",0.0,"1,E,14,",25.6,"1,,E,12,",31.0,"1,E,26,",,,113.8,"1,E",38.5,"1,,,E",1.467,"2,E",2.183,"1,,,E",0.752,"1,,,E"
AGE00147719,1907-06-01,33.7997,2.89,767.0,"LAGHOUAT, AG",,,335.5,",E",0.0,",E",0.0,",E",0.0,",E",0.0,",E",0.0,",E",0.0,",E",30.0,",E",29.0,",E",19070615.0,",,E",19070612.0,",,E",19070630.0,",,E",14.0,",E,15,",0.2,",,E,12,",44.0,",E,30,",,,0.0,",E",0.2,",,,E",2.952,",E",3.8600000000000003,",,,E",2.043,",,,E"
AGE00147719,1907-07-01,33.7997,2.89,767.0,"LAGHOUAT, AG",,,358.5,"4,E",2.0,"2,E",2.0,"2,E",0.0,"2,E",0.0,"2,E",0.0,"2,E",0.0,"2,E",29.0,"2,E",29.0,"2,E",19070726.0,"+,2,E",19070710.0,",2,E",19070724.0,"+,2,E",18.0,"2,E,26,+",3.2,"2,,E,10,",43.0,"2,E,24,+",0.0,E,0.0,"2,E",5.8,"2,,,E",3.157,"4,E",4.0969999999999995,"2,,,E",2.217,"2,,,E"
AGE00147719,1907-08-01,33.7997,2.89,767.0,"LAGHOUAT, AG",,,362.2,",E",3.0,",E",2.0,",E",0.0,",E",0.0,",E",0.0,",E",0.0,",E",31.0,",E",29.0,",E",19070831.0,"+,,E",19070830.0,",,E",19070804.0,",,E",18.0,",E,31,+",7.7,",,E,30,",46.0,",E,04,",0.0,E,0.0,",E",16.1,",,,E",3.002,",E",3.871,",,,E",2.132,",,,E"
AGE00147719,1907-09-01,33.7997,2.89,767.0,"LAGHOUAT, AG",,,179.5,",E",9.0,",E",7.0,",E",0.0,",E",0.0,",E",0.0,",E",0.0,",E",30.0,",E",13.0,",E",19070919.0,",,E",19070902.0,",,E",19070914.0,"+,,E",13.0,",E,19,",18.0,",,E,02,",38.0,",E,14,+",0.0,E,0.0,",E",74.5,",,,E",2.432,",E",3.207,",,,E",1.657,",,,E"
AGE00147719,1907-10-01,33.7997,2.89,767.0,"LAGHOUAT, AG",,,42.2,",E",3.0,",E",0.0,",E",0.0,",E",0.0,",E",0.0,",E",0.0,",E",27.0,",E",1.0,",E",19071025.0,",,E",19071004.0,",,E",19071006.0,",,E",3.0,",E,25,",2.4,",,E,04,",33.0,",E,06,",48.5,E,48.5,",E",4.5,",,,E",1.813,",E",2.587,",,,E",1.0390000000000001,",,,E"
AGE00147719,1907-11-01,33.7997,2.89,767.0,"LAGHOUAT, AG",,,1.7,",E",2.0,",E",1.0,",E",0.0,",E",0.0,",E",0.0,",E",0.0,",E",9.0,",E",0.0,",E",19071129.0,"+,,E",19071102.0,",,E",19071111.0,",,E",2.0,",E,29,+",13.4,",,E,02,",28.0,",E,11,",174.2,E,125.7,",E",15.1,",,,E",1.42,",E",2.0300000000000002,",,,E",0.8099999999999999,",,,E"
AGE00147719,1907-12-01,33.7997,2.89,767.0,"LAGHOUAT, AG",,,0.2,",E",2.0,",E",1.0,",E",0.0,",E",0.0,",E",4.0,",E",0.0,",E",7.0,",E",0.0,",E",19071225.0,"+,,E",19071227.0,",,E",19071211.0,",,E",-2.0,",E,25,+",2.8,",,E,27,",28.0,",E,11,",375.2,E,201.0,",E",4.9,",,,E",1.185,",E",1.8679999999999999,",,,E",0.503,",,,E"
AGE00147719,1908-01-01,33.7997,2.89,767.0,"LAGHOUAT, AG",0.0,E,0.0,",E",6.0,",E",5.0,",E",0.0,",E",0.0,",E",2.0,",E",0.0,",E",0.0,",E",0.0,",E",19080102.0,",,E",19080121.0,",,E",19080110.0,",,E",-1.0,",E,02,",9.0,",,E,21,",19.0,",E,10,",680.0,E,304.8,",E",31.4,",,,E",0.85,",E",1.416,",,,E",0.284,",,,E"
AGE00147719,1908-02-01,33.7997,2.89,767.0,"LAGHOUAT, AG",0.0,E,0.0,",E",3.0,",E",2.0,",E",0.0,",E",0.0,",E",8.0,",E",0.0,",E",3.0,",E",0.0,",E",19080206.0,",,E",19080201.0,",,E",19080224.0,",,E",-3.0,",E,06,",13.8,",,E,01,",24.0,",E,24,",954.2,E,274.2,",E",18.9,",,,E",0.8880000000000001,",E",1.497,",,,E",0.279,",,,E"
AGE00147719,1908-03-01,33.7997,2.89,767.0,"LAGHOUAT, AG",0.0,E,0.0,",E",5.0,",E",3.0,",E",0.0,",E",0.0,",E",0.0,",E",0.0,",E",9.0,",E",0.0,",E",19080319.0,",,E",19080327.0,",,E",19080312.0,",,E",2.0,",E,19,",5.3,",,E,27,",28.0,",E,12,",1150.5,E,196.3,",E",14.9,",,,E",1.2,",E",1.877,",,,E",0.523,",,,E"
AGE00147719,1908-04-01,33.7997,2.89,767.0,"LAGHOUAT, AG",9.7,E,9.7,",E",0.0,",E",0.0,",E",0.0,",E",0.0,",E",0.0,",E",0.0,",E",21.0,",E",2.0,",E",19080407.0,",,E",19080430.0,"+,,E",19080430.0,",,E",2.0,",E,07,",0.0,",,E,30,+",34.0,",E,30,",1262.7,E,112.2,",E",0.0,",,,E",1.492,",E",2.287,",,,E",0.697,",,,E"
AGE00147719,1908-06-01,33.7997,2.89,767.0,"LAGHOUAT, AG",,,271.0,",E",0.0,",E",0.0,",E",0.0,",E",0.0,",E",0.0,",E",0.0,",E",30.0,",E",29.0,",E",19080620.0,",,E",19080630.0,"+,,E",19080625.0,",,E",13.0,",E,20,",0.0,",,E,30,+",42.0,",E,25,",,,0.0,",E",0.0,",,,E",2.737,",E",3.653,",,,E",1.8199999999999998,",,,E"
AGE00147719,1908-07-01,33.7997,2.89,767.0,"LAGHOUAT, AG",,,427.2,",E",0.0,",E",0.0,",E",0.0,",E",0.0,",E",0.0,",E",0.0,",E",31.0,",E",31.0,",E",19080720.0,"+,,E",19080731.0,"+,,E",19080716.0,",,E",21.0,",E,20,+",0.0,",,E,31,+",46.0,",E,16,",0.0,E,0.0,",E",0.0,",,,E",3.211,",E",4.068,",,,E",2.355,",,,E"
AGE00147719,1908-08-01,33.7997,2.89,767.0,"LAGHOUAT, AG",,,391.8,"2,E",2.0,"1,E",1.0,"1,E",0.0,"1,E",0.0,"1,E",0.0,"1,E",0.0,"1,E",30.0,"1,E",27.0,"1,E",19080802.0,",1,E",19080826.0,",1,E",19080814.0,",1,E",15.0,"1,E,02,",10.6,"1,,E,26,",44.0,"1,E,14,",0.0,E,0.0,"1,E",13.0,"1,,,E",3.157,"2,E",3.96,"1,,,E",2.353,"1,,,E"
AGE00147719,1908-09-01,33.7997,2.89,767.0,"LAGHOUAT, AG",,,291.0,",E",5.0,",E",3.0,",E",0.0,",E",0.0,",E",0.0,",E",0.0,",E",30.0,",E",25.0,",E",19080928.0,"+,,E",19080927.0,",,E",19080911.0,",,E",16.0,",E,28,+",3.6,",,E,27,",41.0,",E,11,",0.0,E,0.0,",E",13.2,",,,E",2.803,",E",3.5770000000000004,",,,E",2.0300000000000002,",,,E"
AGE00147719,1908-11-01,33.7997,2.89,767.0,"LAGHOUAT, AG",,,0.2,",E",0.0,",E",0.0,",E",0.0,",E",0.0,",E",0.0,",E",0.0,",E",12.0,",E",0.0,",E",19081129.0,",,E",19081130.0,"+,,E",19081107.0,"+,,E",1.0,",E,29,",0.0,",,E,30,+",26.0,",E,07,+",,,139.2,",E",0.0,",,,E",1.3699999999999999,",E",2.06,",,,E",0.6799999999999999,",,,E"
AGE00147719,1908-12-01,33.7997,2.89,767.0,"LAGHOUAT, AG",,,0.0,",E",3.0,",E",1.0,",E",0.0,",E",0.0,",E",4.0,",E",0.0,",E",0.0,",E",0.0,",E",19081223.0,"+,,E",19081215.0,",,E",19081208.0,"+,,E",-1.0,",E,23,+",11.5,",,E,15,",20.0,",E,08,+",,,281.8,",E",15.2,",,,E",0.924,",E",1.484,",,,E",0.365,",,,E"
AGE00147719,1909-01-01,33.7997,2.89,767.0,"LAGHOUAT, AG",0.0,E,0.0,",E",3.0,",E",1.0,",E",0.0,",E",0.0,",E",23.0,",E",0.0,",E",0.0,",E",0.0,",E",19090112.0,",,E",19090107.0,",,E",19090116.0,"+,,E",-6.0,",E,12,",3.6,",,E,07,",18.0,",E,16,+",,,378.0,",E",6.6,",,,E",0.614,",E",1.2730000000000001,",,,E",-0.045,",,,E"
AGE00147719,1909-02-01,33.7997,2.89,767.0,"LAGHOUAT, AG",0.0,E,0.0,",E",1.0,",E",1.0,",E",0.0,",E",0.0,",E",15.0,",E",0.0,",E",0.0,",E",0.0,",E",19090201.0,",,E",19090228.0,",,E",19090205.0,"+,,E",-4.0,",E,01,",7.0,",,E,28,",21.0,",E,05,+",,,287.3,",E",7.0,",,,E",0.807,",E",1.525,",,,E",0.089,",,,E"
AGE00147719,1909-03-01,33.7997,2.89,767.0,"LAGHOUAT, AG",1.2,E,1.2,",E",1.0,",E",1.0,",E",0.0,",E",0.0,",E",0.0,",E",0.0,",E",16.0,",E",0.0,",E",19090303.0,"+,,E",19090309.0,",,E",19090329.0,",,E",1.0,",E,03,+",3.6,",,E,09,",27.0,",E,29,",,,144.0,",E",3.6,",,,E",1.373,",E",2.087,",,,E",0.658,",,,E"
AGE00147719,1909-04-01,33.7997,2.89,767.0,"LAGHOUAT, AG",33.4,E,32.2,",E",5.0,",E",5.0,",E",0.0,",E",0.0,",E",0.0,",E",0.0,",E",25.0,",E",0.0,",E",19090402.0,",,E",19090408.0,",,E",19090423.0,"+,,E",1.0,",E,02,",8.7,",,E,08,",31.0,",E,23,+",,,45.2,",E",29.4,",,,E",1.7899999999999998,",E",2.577,",,,E",1.003,",,,E"
AGE00147719,1909-06-01,33.7997,2.89,767.0,"LAGHOUAT, AG",,,215.2,"2,E",4.0,"1,E",3.0,"1,E",0.0,"1,E",0.0,"1,E",0.0,"1,E",0.0,"1,E",29.0,"1,E",19.0,"1,E",19090610.0,",1,E",19090608.0,",1,E",19090630.0,",1,E",13.0,"1,E,10,",11.4,"1,,E,08,",43.0,"1,E,30,",,,0.0,"1,E",23.6,"1,,,E",2.581,"2,E",3.3310000000000004,"1,,,E",1.831,"1,,,E"
AGE00147719,1909-07-01,33.7997,2.89,767.0,"LAGHOUAT, AG",,,345.2,",E",3.0,",E",1.0,",E",0.0,",E",0.0,",E",0.0,",E",0.0,",E",31.0,",E",30.0,",E",19090707.0,",,E",19090702.0,",,E",19090728.0,",,E",10.0,",E,07,",8.6,",,E,02,",44.0,",E,28,",0.0,E,0.0,",E",12.8,",,,E",2.947,",E",3.8229999999999995,",,,E",2.071,",,,E"
AGE00147719,1909-08-01,33.7997,2.89,767.0,"LAGHOUAT, AG",,,400.7,",E",2.0,",E",1.0,",E",0.0,",E",0.0,",E",0.0,",E",0.0,",E",31.0,",E",31.0,",E",19090830.0,",,E",19090826.0,",,E",19090803.0,",,E",18.0,",E,30,",3.4,",,E,26,",44.0,",E,03,",0.0,E,0.0,",E",4.2,",,,E",3.1260000000000003,",E",4.006,",,,E",2.245,",,,E"
AGE00147719,1909-09-01,33.7997,2.89,767.0,"LAGHOUAT, AG",,,224.0,",E",5.0,",E",2.0,",E",0.0,",E",0.0,",E",0.0,",E",0.0,",E",30.0,",E",20.0,",E",19090918.0,",,E",19090925.0,",,E",19090906.0,",,E",12.0,",E,18,",12.2,",,E,25,",38.0,",E,06,",0.0,E,0.0,",E",25.8,",,,E",2.58,",E",3.397,",,,E",1.763,",,,E"
AGE00147719,1909-10-01,33.7997,2.89,767.0,"LAGHOUAT, AG",,,75.7,",E",5.0,",E",5.0,",E",0.0,",E",0.0,",E",0.0,",E",0.0,",E",25.0,",E",3.0,",E",19091031.0,"+,,E",19091021.0,",,E",19091006.0,",,E",8.0,",E,31,+",16.0,",,E,21,",35.0,",E,06,",30.5,E,30.5,",E",35.7,",,,E",1.9789999999999999,",E",2.661,",,,E",1.2970000000000002,",,,E"
AGE00147719,1909-11-01,33.7997,2.89,767.0,"LAGHOUAT, AG",,,0.0,",E",3.0,",E",3.0,",E",0.0,",E",0.0,",E",0.0,",E",0.0,",E",11.0,",E",0.0,",E",19091103.0,",,E",19091117.0,",,E",19091112.0,",,E",2.0,",E,03,",4.7,",,E,17,",25.0,",E,12,",157.5,E,127.0,",E",10.1,",,,E",1.41,",E",1.953,",,,E",0.867,",,,E"
AGE00147719,1910-01-01,33.7997,2.89,767.0,"LAGHOUAT, AG",0.0,E,0.0,",E",0.0,",E",0.0,",E",0.0,",E",0.0,",E",7.0,",E",0.0,",E",0.0,",E",0.0,",E",19100124.0,"+,,E",19100131.0,"+,,E",19100117.0,",,E",-2.0,",E,24,+",0.0,",,E,31,+",20.0,",E,17,",,,325.8,",E",0.0,",,,E",0.782,",E",1.387,",,,E",0.177,",,,E"
AGE00147719,1910-02-01,33.7997,2.89,767.0,"LAGHOUAT, AG",0.0,E,0.0,"2,E",1.0,"1,E",1.0,"1,E",0.0,"1,E",0.0,"1,E",5.0,"1,E",0.0,"1,E",4.0,"1,E",0.0,"1,E",19100202.0,",1,E",19100209.0,",1,E",19100223.0,",1,E",-3.0,"1,E,02,",4.3,"1,,E,09,",24.0,"1,E,23,",,,221.7,"1,E",4.3,"1,,,E",0.983,"2,E",1.704,"1,,,E",0.263,"1,,,E"
AGE00147719,1910-04-01,33.7997,2.89,767.0,"LAGHOUAT, AG",,,13.2,"3,E",2.0,",E",1.0,",E",0.0,",E",0.0,"3,E",1.0,"3,E",0.0,",E",21.0,",E",3.0,",E",19100403.0,",3,E",19100430.0,",,E",19100423.0,",,E",-2.0,"3,E,03,",4.6,",,E,30,",34.0,",E,23,",,,95.7,",E",4.9,",,,E",1.5310000000000001,"3,E",2.473,",,,E",0.589,"3,,,E"
AGE00147719,1910-05-01,33.7997,2.89,767.0,"LAGHOUAT, AG",,,18.2,"3,E",5.0,"1,E",3.0,"1,E",1.0,"1,E",0.0,"2,E",0.0,"2,E",0.0,"1,E",25.0,"1,E",0.0,"1,E",19100515.0,",2,E",19100528.0,",1,E",19100509.0,",1,E",1.0,"2,E,15,",40.0,"1,,E,28,",32.0,"1,E,09,",,,59.0,"1,E",74.7,"1,,,E",1.6760000000000002,"3,E",2.4899999999999998,"1,,,E",0.8619999999999999,"2,,,E"
AGE00147719,1910-06-01,33.7997,2.89,767.0,"LAGHOUAT, AG",,,226.5,",E",1.0,",E",0.0,",E",0.0,",E",0.0,",E",0.0,",E",0.0,",E",28.0,",E",22.0,",E",19100605.0,",,E",19100605.0,",,E",19100629.0,",,E",9.0,",E,05,",0.5,",,E,05,",43.0,",E,29,",,,7.0,",E",0.5,",,,E",2.565,",E",3.5130000000000003,",,,E",1.6170000000000002,",,,E"
AGE00147719,1910-08-01,33.7997,2.89,767.0,"LAGHOUAT, AG",,,332.8,"2,E",0.0,"1,E",0.0,"1,E",0.0,"1,E",0.0,"1,E",0.0,"1,E",0.0,"1,E",30.0,"1,E",29.0,"1,E",19100828.0,",1,E",19100831.0,"+,1,E",19100807.0,"+,1,E",15.0,"1,E,28,",0.0,"1,,E,31,+",43.0,"1,E,07,+",,,0.0,"1,E",0.0,"1,,,E",2.982,"2,E",3.94,"1,,,E",2.023,"1,,,E"
AGE00147719,1910-09-01,33.7997,2.89,767.0,"LAGHOUAT, AG",,,115.5,"2,E",1.0,"1,E",1.0,"1,E",1.0,"1,E",0.0,"1,E",0.0,"1,E",0.0,"1,E",29.0,"1,E",12.0,"1,E",19100926.0,",1,E",19100915.0,",1,E",19100906.0,",1,E",9.0,"1,E,26,",29.0,"1,,E,15,",39.0,"1,E,06,",,,0.3,"1,E",29.0,"1,,,E",2.252,"2,E",3.159,"1,,,E",1.345,"1,,,E"
AGE00147719,1910-10-01,33.7997,2.89,767.0,"LAGHOUAT, AG",,,,,1.0,"4,E",1.0,"4,E",0.0,"4,E",0.0,"4,E",0.0,"4,E",0.0,"4,E",27.0,"4,E",2.0,"4,E",19101021.0,",4,E",19101019.0,",4,E",19101017.0,"+,4,E",5.0,"4,E,21,",4.0,"4,,E,19,",33.0,"4,E,17,+",,,,,4.0,"4,,,E",2.109,"7,E",2.963,"4,,,E",1.256,"4,,,E"
AGE00147719,1910-11-01,33.7997,2.89,767.0,"LAGHOUAT, AG",,,0.3,"2,E",0.0,"1,E",0.0,"1,E",0.0,"1,E",0.0,"1,E",2.0,"1,E",0.0,"1,E",18.0,"1,E",0.0,"1,E",19101120.0,",1,E",19101130.0,"+,1,E",19101104.0,",1,E",-1.0,"1,E,20,",0.0,"1,,E,30,+",29.0,"1,E,04,",,,114.7,"1,E",0.0,"1,,,E",1.409,"2,E",2.207,"1,,,E",0.61,"1,,,E"
AGE00147719,1910-12-01,33.7997,2.89,767.0,"LAGHOUAT, AG",,,0.0,"2,E",3.0,"1,E",0.0,"1,E",0.0,"1,E",0.0,"1,E",2.0,"1,E",0.0,"1,E",0.0,"1,E",0.0,"1,E",19101217.0,",1,E",19101221.0,",1,E",19101208.0,",1,E",-2.0,"1,E,17,",2.0,"1,,E,21,",21.0,"1,E,08,",,,276.2,"1,E",4.2,"1,,,E",0.8720000000000001,"2,E",1.44,"1,,,E",0.303,"1,,,E"
AGE00147719,1911-02-01,33.7997,2.89,767.0,"LAGHOUAT, AG",,,0.0,"5,E",6.0,"1,E",3.0,"1,E",0.0,"1,E",0.0,"4,E",6.0,"4,E",0.0,"1,E",2.0,"1,E",0.0,"1,E",19110210.0,"+,4,E",19110220.0,",1,E",19110228.0,",1,E",-1.0,"4,E,10,+",12.4,"1,,E,20,",24.0,"1,E,28,",,,217.7,"1,E",26.0,"1,,,E",0.8800000000000001,"5,E",1.4220000000000002,"1,,,E",0.33799999999999997,"4,,,E"
AGE00147719,1911-03-01,33.7997,2.89,767.0,"LAGHOUAT, AG",,,0.2,"4,E",4.0,"2,E",4.0,"2,E",0.0,"2,E",0.0,"2,E",0.0,"2,E",0.0,"2,E",7.0,"2,E",0.0,"2,E",19110317.0,"+,2,E",19110315.0,",2,E",19110331.0,"+,2,E",3.0,"2,E,17,+",20.1,"2,,E,15,",25.0,"2,E,31,+",,,173.7,"2,E",43.0,"2,,,E",1.183,"4,E",1.738,"2,,,E",0.628,"2,,,E"
AGE00147719,1911-04-01,33.7997,2.89,767.0,"LAGHOUAT, AG",,,21.2,",E",2.0,",E",2.0,",E",0.0,",E",0.0,",E",0.0,",E",0.0,",E",19.0,",E",0.0,",E",19110421.0,"+,,E",19110410.0,",,E",19110429.0,",,E",5.0,",E,21,+",4.6,",,E,10,",32.0,",E,29,",,,78.2,",E",8.8,",,,E",1.643,",E",2.317,",,,E",0.97,",,,E"
AGE00147719,1911-05-01,33.7997,2.89,767.0,"LAGHOUAT, AG",,,65.8,",E",3.0,",E",2.0,",E",0.0,",E",0.0,",E",0.0,",E",0.0,",E",29.0,",E",1.0,",E",19110502.0,",,E",19110522.0,",,E",19110525.0,",,E",5.0,",E,02,",5.2,",,E,22,",34.0,",E,25,",,,10.7,",E",10.2,",,,E",2.011,",E",2.732,",,,E",1.29,",,,E"
AGE00147719,1911-06-01,33.7997,2.89,767.0,"LAGHOUAT, AG",,,,,1.0,"5,E",1.0,"5,E",0.0,"5,E",0.0,"5,E",0.0,"5,E",0.0,"5,E",25.0,"5,E",23.0,"5,E",19110614.0,",5,E",19110601.0,",5,E",19110623.0,"+,5,E",13.0,"5,E,14,",5.4,"5,,E,01,",41.0,"5,E,23,+",,,,,5.4,"5,,,E",2.818,"9,E",3.684,"5,,,E",1.952,"5,,,E"
AGE00147719,1911-08-01,33.7997,2.89,767.0,"LAGHOUAT, AG",,,366.3,"2,E",2.0,"1,E",2.0,"1,E",0.0,"1,E",0.0,"1,E",0.0,"1,E",0.0,"1,E",30.0,"1,E",30.0,"1,E",19110815.0,",1,E",19110809.0,",1,E",19110821.0,",1,E",16.0,"1,E,15,",10.2,"1,,E,09,",43.0,"1,E,21,",,,0.0,"1,E",12.7,"1,,,E",3.103,"2,E",4.01,"1,,,E",2.197,"1,,,E"
AGE00147719,1911-09-01,33.7997,2.89,767.0,"LAGHOUAT, AG",,,220.5,",E",0.0,",E",0.0,",E",0.0,",E",0.0,",E",0.0,",E",0.0,",E",30.0,",E",19.0,",E",19110929.0,",,E",19110930.0,"+,,E",19110916.0,"+,,E",12.0,",E,29,",0.0,",,E,30,+",37.0,",E,16,+",,,0.0,",E",0.0,",,,E",2.568,",E",3.3729999999999998,",,,E",1.763,",,,E"
AGE00147719,1911-10-01,33.7997,2.89,767.0,"LAGHOUAT, AG",,,104.2,"3,E",3.0,"1,E",3.0,"1,E",0.0,"1,E",0.0,"2,E",0.0,"2,E",0.0,"2,E",27.0,"2,E",5.0,"2,E",19111031.0,",2,E",19111030.0,",1,E",19111011.0,",2,E",2.0,"2,E,31,",22.0,"1,,E,30,",34.0,"2,E,11,",,,3.0,"2,E",36.6,"1,,,E",2.147,"3,E",2.9170000000000003,"2,,,E",1.376,"2,,,E"
AGE00147719,1911-11-01,33.7997,2.89,767.0,"LAGHOUAT, AG",,,0.0,"4,E",0.0,"2,E",0.0,"2,E",0.0,"2,E",0.0,"3,E",0.0,"3,E",0.0,"2,E",11.0,"2,E",0.0,"2,E",19111127.0,"+,3,E",19111130.0,"+,2,E",19111118.0,",2,E",1.0,"3,E,27,+",0.0,"2,,E,30,+",26.0,"2,E,18,",,,139.2,"2,E",0.0,"2,,,E",1.303,"4,E",1.939,"2,,,E",0.667,"3,,,E"
AGE00147719,1911-12-01,33.7997,2.89,767.0,"LAGHOUAT, AG",,,0.0,",E",0.0,",E",0.0,",E",0.0,",E",0.0,",E",0.0,",E",0.0,",E",11.0,",E",0.0,",E",19111219.0,",,E",19111231.0,"+,,E",19111227.0,",,E",1.0,",E,19,",0.0,",,E,31,+",28.0,",E,27,",,,182.8,",E",0.0,",,,E",1.244,",E",1.952,",,,E",0.5349999999999999,",,,E"
AGE00147719,1912-02-01,33.7997,2.89,767.0,"LAGHOUAT, AG",,,0.2,",E",2.0,",E",1.0,",E",0.0,",E",0.0,",E",0.0,",E",0.0,",E",12.0,",E",0.0,",E",19120204.0,"+,,E",19120211.0,",,E",19120226.0,",,E",1.0,",E,04,+",6.0,",,E,11,",28.0,",E,26,",,,151.8,",E",7.0,",,,E",1.31,",E",1.9929999999999999,",,,E",0.628,",,,E"
AGE00147719,1912-03-01,33.7997,2.89,767.0,"LAGHOUAT, AG",,,11.0,",E",1.0,",E",1.0,",E",0.0,",E",0.0,",E",0.0,",E",0.0,",E",20.0,",E",0.0,",E",19120323.0,",,E",19120315.0,",,E",19120329.0,",,E",2.0,",E,23,",3.6,",,E,15,",30.0,",E,29,",,,90.3,",E",3.6,",,,E",1.577,",E",2.342,",,,E",0.8130000000000001,",,,E"
AGE00147719,1912-04-01,33.7997,2.89,767.0,"LAGHOUAT, AG",,,11.2,",E",5.0,",E",3.0,",E",0.0,",E",0.0,",E",0.0,",E",0.0,",E",14.0,",E",0.0,",E",19120405.0,"+,,E",19120407.0,",,E",19120426.0,",,E",4.0,",E,05,+",12.0,",,E,07,",31.0,",E,26,",,,94.7,",E",33.3,",,,E",1.5550000000000002,",E",2.243,",,,E",0.867,",,,E"
AGE00147719,1912-05-01,33.7997,2.89,767.0,"LAGHOUAT, AG",,,198.3,",E",1.0,",E",1.0,",E",0.0,",E",0.0,",E",0.0,",E",0.0,",E",30.0,",E",19.0,",E",19120502.0,",,E",19120524.0,",,E",19120520.0,",,E",5.0,",E,02,",6.8,",,E,24,",39.0,",E,20,",,,8.2,",E",6.8,",,,E",2.447,",E",3.2969999999999997,",,,E",1.597,",,,E"
AGE00147719,1912-06-01,33.7997,2.89,767.0,"LAGHOUAT, AG",,,249.8,",E",0.0,",E",0.0,",E",0.0,",E",0.0,",E",0.0,",E",0.0,",E",30.0,",E",21.0,",E",19120617.0,",,E",19120630.0,"+,,E",19120630.0,",,E",10.0,",E,17,",0.0,",,E,30,+",42.0,",E,30,",,,1.3,",E",0.0,",,,E",2.662,",E",3.497,",,,E",1.827,",,,E"
AGE00147719,1912-07-01,33.7997,2.89,767.0,"LAGHOUAT, AG",,,429.5,"1,E",0.0,",E",0.0,",E",0.0,",E",0.0,",E",0.0,",E",0.0,"1,E",30.0,"1,E",30.0,"1,E",19120713.0,",,E",19120731.0,"+,,E",19120727.0,"+,1,E",20.0,",E,13,",0.0,",,E,31,+",45.0,"1,E,27,+",0.0,E,0.0,"1,E",0.0,",,,E",3.2590000000000003,"1,E",4.18,"1,,,E",2.339,",,,E"
AGE00147719,1912-08-01,33.7997,2.89,767.0,"LAGHOUAT, AG",,,422.2,",E",1.0,",E",0.0,",E",0.0,",E",0.0,",E",0.0,",E",0.0,",E",31.0,",E",31.0,",E",19120823.0,"+,,E",19120819.0,",,E",19120814.0,"+,,E",20.0,",E,23,+",1.8,",,E,19,",45.0,",E,14,+",0.0,E,0.0,",E",1.8,",,,E",3.195,",E",4.113,",,,E",2.277,",,,E"
AGE00147719,1912-09-01,33.7997,2.89,767.0,"LAGHOUAT, AG",,,130.5,",E",9.0,",E",6.0,",E",1.0,",E",0.0,",E",0.0,",E",0.0,",E",27.0,",E",8.0,",E",19120930.0,"+,,E",19120915.0,",,E",19120903.0,",,E",9.0,",E,30,+",30.0,",,E,15,",37.0,",E,03,",12.5,E,12.5,",E",89.5,",,,E",2.227,",E",2.907,",,,E",1.5470000000000002,",,,E"
AGE00147719,1912-11-01,33.7997,2.89,767.0,"LAGHOUAT, AG",,,0.2,"2,E",0.0,"1,E",0.0,"1,E",0.0,"1,E",0.0,"1,E",3.0,"1,E",0.0,"1,E",5.0,"1,E",0.0,"1,E",19121126.0,",1,E",19121130.0,"+,1,E",19121101.0,",1,E",-2.0,"1,E,26,",0.0,"1,,E,30,+",24.0,"1,E,01,",,,206.5,"1,E",0.0,"1,,,E",1.0859999999999999,"2,E",1.693,"1,,,E",0.479,"1,,,E"
AGE00147719,1912-12-01,33.7997,2.89,767.0,"LAGHOUAT, AG",,,0.0,"2,E",1.0,"1,E",1.0,"1,E",0.0,"1,E",0.0,"1,E",16.0,"1,E",0.0,"1,E",0.0,"1,E",0.0,"1,E",19121216.0,"+,1,E",19121222.0,",1,E",19121228.0,",1,E",-3.0,"1,E,16,+",3.6,"1,,E,22,",20.0,"1,E,28,",,,331.2,"1,E",3.6,"1,,,E",0.6950000000000001,"2,E",1.293,"1,,,E",0.097,"1,,,E"
AGE00147719,1913-03-01,33.7997,2.89,767.0,"LAGHOUAT, AG",,,,,1.0,"4,E",1.0,"4,E",0.0,"4,E",0.0,"5,E",2.0,"5,E",0.0,"4,E",17.0,"4,E",0.0,"4,E",19130303.0,"+,5,E",19130317.0,",4,E",19130326.0,"+,4,E",0.0,"5,E,03,+",19.0,"4,,E,17,",27.0,"4,E,26,+",,,,,19.0,"4,,,E",1.335,"7,E",2.159,"4,,,E",0.512,"5,,,E"
AGE00147719,1913-04-01,33.7997,2.89,767.0,"LAGHOUAT, AG",,,18.0,"3,E",1.0,"1,E",1.0,"1,E",0.0,"1,E",0.0,"2,E",0.0,"2,E",0.0,"1,E",19.0,"1,E",1.0,"1,E",19130418.0,"+,2,E",19130430.0,",1,E",19130429.0,",1,E",3.0,"2,E,18,+",6.5,"1,,E,30,",34.0,"1,E,29,",,,79.0,"1,E",6.5,"1,,,E",1.596,"3,E",2.424,"1,,,E",0.768,"2,,,E"
AGE00147719,1913-05-01,33.7997,2.89,767.0,"LAGHOUAT, AG",,,92.7,",E",3.0,",E",3.0,",E",0.0,",E",0.0,",E",0.0,",E",0.0,",E",30.0,",E",5.0,",E",19130506.0,"+,,E",19130520.0,",,E",19130530.0,",,E",9.0,",E,06,+",6.8,",,E,20,",38.0,",E,30,",,,5.5,",E",16.5,",,,E",2.1149999999999998,",E",2.984,",,,E",1.2449999999999999,",,,E"
AGE00147719,1913-07-01,33.7997,2.89,767.0,"LAGHOUAT, AG",,,334.5,"1,E",0.0,",E",0.0,",E",0.0,",E",0.0,"1,E",0.0,"1,E",0.0,",E",31.0,",E",31.0,",E",19130721.0,",1,E",19130731.0,"+,,E",19130729.0,",,E",14.0,"1,E,21,",0.0,",,E,31,+",44.0,",E,29,",0.0,E,0.0,",E",0.0,",,,E",2.943,"1,E",4.01,",,,E",1.877,"1,,,E"
AGE00147719,1913-08-01,33.7997,2.89,767.0,"LAGHOUAT, AG",,,323.2,",E",0.0,",E",0.0,",E",0.0,",E",0.0,",E",0.0,",E",0.0,",E",31.0,",E",31.0,",E",19130827.0,"+,,E",19130831.0,"+,,E",19130806.0,",,E",15.0,",E,27,+",0.0,",,E,31,+",46.0,",E,06,",0.0,E,0.0,",E",0.0,",,,E",2.8760000000000003,",E",3.932,",,,E",1.8190000000000002,",,,E"
AGE00147719,1913-09-01,33.7997,2.89,767.0,"LAGHOUAT, AG",,,188.8,",E",0.0,",E",0.0,",E",0.0,",E",0.0,",E",0.0,",E",0.0,",E",30.0,",E",26.0,",E",19130919.0,",,E",19130930.0,"+,,E",19130906.0,",,E",8.0,",E,19,",0.0,",,E,30,+",42.0,",E,06,",0.3,E,0.3,",E",0.0,",,,E",2.462,",E",3.497,",,,E",1.427,",,,E"
AGE00147719,1913-10-01,33.7997,2.89,767.0,"LAGHOUAT, AG",,,21.0,",E",4.0,",E",3.0,",E",0.0,",E",0.0,",E",0.0,",E",0.0,",E",29.0,",E",0.0,",E",19131018.0,",,E",19131005.0,",,E",19131011.0,"+,,E",3.0,",E,18,",3.2,",,E,05,",32.0,",E,11,+",44.6,E,44.3,",E",10.2,",,,E",1.7579999999999998,",E",2.648,",,,E",0.868,",,,E"
AGE00147719,1913-11-01,33.7997,2.89,767.0,"LAGHOUAT, AG",,,0.0,"2,E",0.0,"1,E",0.0,"1,E",0.0,"1,E",0.0,"1,E",1.0,"1,E",0.0,"1,E",20.0,"1,E",0.0,"1,E",19131125.0,",1,E",19131130.0,"+,1,E",19131123.0,",1,E",0.0,"1,E,25,",0.0,"1,,E,30,+",29.0,"1,E,23,",202.4,E,157.8,"1,E",0.0,"1,,,E",1.274,"2,E",2.169,"1,,,E",0.379,"1,,,E"
AGE00147719,1914-02-01,33.7997,2.89,767.0,"LAGHOUAT, AG",,,0.0,",E",4.0,",E",3.0,",E",0.0,",E",0.0,",E",0.0,",E",0.0,",E",0.0,",E",0.0,",E",19140226.0,"+,,E",19140208.0,"+,,E",19140222.0,",,E",2.0,",E,26,+",6.0,",,E,08,+",20.0,",E,22,",,,257.3,",E",19.0,",,,E",0.914,",E",1.418,",,,E",0.41100000000000003,",,,E"
AGE00147719,1914-03-01,33.7997,2.89,767.0,"LAGHOUAT, AG",,,6.2,",E",1.0,",E",1.0,",E",0.0,",E",0.0,",E",0.0,",E",0.0,",E",15.0,",E",0.0,",E",19140306.0,"+,,E",19140314.0,",,E",19140329.0,",,E",2.0,",E,06,+",10.0,",,E,14,",30.0,",E,29,",,,117.5,",E",10.0,",,,E",1.474,",E",2.168,",,,E",0.7809999999999999,",,,E"
AGE00147719,1914-04-01,33.7997,2.89,767.0,"LAGHOUAT, AG",,,30.8,"1,E",6.0,",E",5.0,",E",0.0,",E",0.0,",E",0.0,",E",0.0,"1,E",26.0,"1,E",0.0,"1,E",19140424.0,",,E",19140430.0,",,E",19140411.0,",1,E",4.0,",E,24,",14.0,",,E,30,",31.0,"1,E,11,",,,32.5,"1,E",52.0,",,,E",1.823,"1,E",2.503,"1,,,E",1.143,",,,E"
AGE00147719,1914-05-01,33.7997,2.89,767.0,"LAGHOUAT, AG",,,99.8,"4,E",2.0,"1,E",2.0,"1,E",0.0,"1,E",0.0,"2,E",0.0,"2,E",0.0,"2,E",29.0,"2,E",5.0,"2,E",19140511.0,",2,E",19140524.0,",1,E",19140514.0,",2,E",7.0,"2,E,11,",13.0,"1,,E,24,",34.0,"2,E,14,",,,8.3,"2,E",18.0,"1,,,E",2.176,"4,E",2.931,"2,,,E",1.421,"2,,,E"
AGE00147719,1914-06-01,33.7997,2.89,767.0,"LAGHOUAT, AG",,,241.0,",E",0.0,",E",0.0,",E",0.0,",E",0.0,",E",0.0,",E",0.0,",E",30.0,",E",20.0,",E",19140615.0,"+,,E",19140630.0,"+,,E",19140630.0,"+,,E",13.0,",E,15,+",0.0,",,E,30,+",42.0,",E,30,+",,,0.0,",E",0.0,",,,E",2.637,",E",3.44,",,,E",1.8329999999999997,",,,E"
AGE00147719,1914-07-01,33.7997,2.89,767.0,"LAGHOUAT, AG",,,,,0.0,"2,E",0.0,"2,E",0.0,"2,E",0.0,"2,E",0.0,"2,E",0.0,"2,E",29.0,"2,E",28.0,"2,E",19140729.0,",2,E",19140731.0,"+,2,E",19140716.0,",2,E",20.0,"2,E,29,",0.0,"2,,E,31,+",44.0,"2,E,16,",,,,,0.0,"2,,,E",3.112,"4,E",3.9210000000000003,"2,,,E",2.303,"2,,,E"
AGE00147719,1914-08-01,33.7997,2.89,767.0,"LAGHOUAT, AG",,,261.5,"4,E",6.0,"2,E",6.0,"2,E",0.0,"2,E",0.0,"2,E",0.0,"2,E",0.0,"2,E",29.0,"2,E",25.0,"2,E",19140826.0,",2,E",19140824.0,",2,E",19140807.0,"+,2,E",12.0,"2,E,26,",9.0,"2,,E,24,",43.0,"2,E,07,+",,,0.0,"2,E",33.0,"2,,,E",2.809,"4,E",3.6340000000000003,"2,,,E",1.9829999999999999,"2,,,E"
AGE00147719,1914-09-01,33.7997,2.89,767.0,"LAGHOUAT, AG",,,214.3,",E",4.0,",E",3.0,",E",0.0,",E",0.0,",E",0.0,",E",0.0,",E",30.0,",E",19.0,",E",19140924.0,",,E",19140923.0,",,E",19140914.0,",,E",10.0,",E,24,",13.0,",,E,23,",39.0,",E,14,",,,1.3,",E",21.0,",,,E",2.543,",E",3.3299999999999996,",,,E",1.7570000000000001,",,,E"
AGE00147719,1914-10-01,33.7997,2.89,767.0,"LAGHOUAT, AG",,,39.8,",E",0.0,",E",0.0,",E",0.0,",E",0.0,",E",0.0,",E",0.0,",E",28.0,",E",0.0,",E",19141031.0,",,E",19141031.0,"+,,E",19141003.0,"+,,E",5.0,",E,31,",0.0,",,E,31,+",31.0,",E,03,+",,,37.2,",E",0.0,",,,E",1.842,",E",2.552,",,,E",1.1320000000000001,",,,E"
AGE00147719,1914-11-01,33.7997,2.89,767.0,"LAGHOUAT, AG",,,0.0,"2,E",2.0,"1,E",0.0,"1,E",0.0,"1,E",0.0,"1,E",0.0,"1,E",0.0,"1,E",5.0,"1,E",0.0,"1,E",19141130.0,"+,1,E",19141105.0,"+,1,E",19141121.0,",1,E",4.0,"1,E,30,+",2.0,"1,,E,05,+",23.0,"1,E,21,",,,154.3,"1,E",4.0,"1,,,E",1.284,"2,E",1.9140000000000001,"1,,,E",0.655,"1,,,E"
AGE00147719,1915-01-01,33.7997,2.89,767.0,"LAGHOUAT, AG",0.0,E,0.0,"3,E",1.0,"2,E",1.0,"2,E",0.0,"2,E",0.0,"1,E",5.0,"1,E",0.0,"2,E",0.0,"2,E",0.0,"2,E",19150123.0,"+,1,E",19150130.0,",2,E",19150108.0,"+,2,E",-1.0,"1,E,23,+",3.0,"2,,E,30,",21.0,"2,E,08,+",,,269.3,"2,E",3.0,"2,,,E",0.859,"3,E",1.462,"2,,,E",0.257,"1,,,E"
AGE00147719,1915-03-01,33.7997,2.89,767.0,"LAGHOUAT, AG",,,0.2,"2,E",3.0,"1,E",3.0,"1,E",0.0,"1,E",0.0,"1,E",5.0,"1,E",0.0,"1,E",15.0,"1,E",0.0,"1,E",19150311.0,",1,E",19150315.0,",1,E",19150322.0,"+,1,E",-2.0,"1,E,11,",8.0,"1,,E,15,",27.0,"1,E,22,+",,,150.8,"1,E",20.0,"1,,,E",1.318,"2,E",2.05,"1,,,E",0.587,"1,,,E"
AGE00147719,1915-04-01,33.7997,2.89,767.0,"LAGHOUAT, AG",,,8.5,"2,E",4.0,"1,E",2.0,"1,E",0.0,"1,E",0.0,"2,E",0.0,"2,E",0.0,"1,E",19.0,"1,E",0.0,"1,E",19150404.0,",2,E",19150424.0,",1,E",19150421.0,",1,E",2.0,"2,E,04,",6.0,"1,,E,24,",29.0,"1,E,21,",,,81.8,"1,E",11.0,"1,,,E",1.565,"2,E",2.341,"1,,,E",0.7889999999999999,"2,,,E"
AGE00147719,1915-06-01,33.7997,2.89,767.0,"LAGHOUAT, AG",,,230.7,",E",4.0,",E",4.0,",E",0.0,",E",0.0,",E",0.0,",E",0.0,",E",29.0,",E",21.0,",E",19150604.0,",,E",19150615.0,",,E",19150626.0,",,E",10.0,",E,04,",4.0,",,E,15,",42.0,",E,26,",,,3.7,",E",13.0,",,,E",2.59,",E",3.4,",,,E",1.78,",,,E"
AGE00147719,1915-07-01,33.7997,2.89,767.0,"LAGHOUAT, AG",,,406.7,",E",0.0,",E",0.0,",E",0.0,",E",0.0,",E",0.0,",E",0.0,",E",31.0,",E",30.0,",E",19150707.0,",,E",19150731.0,"+,,E",19150718.0,"+,,E",15.0,",E,07,",0.0,",,E,31,+",44.0,",E,18,+",0.0,E,0.0,",E",0.0,",,,E",3.145,",E",4.019,",,,E",2.271,",,,E"
AGE00147719,1915-08-01,33.7997,2.89,767.0,"LAGHOUAT, AG",,,324.3,"2,E",1.0,"1,E",0.0,"1,E",0.0,"1,E",0.0,"1,E",0.0,"1,E",0.0,"1,E",30.0,"1,E",28.0,"1,E",19150824.0,",1,E",19150806.0,",1,E",19150821.0,"+,1,E",10.0,"1,E,24,",2.0,"1,,E,06,",44.0,"1,E,21,+",0.0,E,0.0,"1,E",2.0,"1,,,E",2.955,"2,E",3.9829999999999997,"1,,,E",1.927,"1,,,E"
AGE00147719,1915-09-01,33.7997,2.89,767.0,"LAGHOUAT, AG",,,108.8,"2,E",5.0,"1,E",4.0,"1,E",1.0,"1,E",0.0,"1,E",0.0,"1,E",0.0,"1,E",29.0,"1,E",13.0,"1,E",19150915.0,",1,E",19150915.0,",1,E",19150901.0,",1,E",8.0,"1,E,15,",30.2,"1,,E,15,",38.0,"1,E,01,",6.2,E,6.2,"1,E",47.4,"1,,,E",2.212,"2,E",3.097,"1,,,E",1.3279999999999998,"1,,,E"
AGE00147719,1915-10-01,33.7997,2.89,767.0,"LAGHOUAT, AG",,,8.5,"1,E",1.0,"1,E",1.0,"1,E",0.0,"1,E",0.0,",E",0.0,",E",0.0,"1,E",25.0,"1,E",0.0,"1,E",19151009.0,"+,,E",19151026.0,",1,E",19151011.0,"+,1,E",5.0,",E,09,+",5.0,"1,,E,26,",30.0,"1,E,11,+",59.2,E,53.0,"1,E",5.0,"1,,,E",1.6809999999999998,"1,E",2.5100000000000002,"1,,,E",0.852,",,,E"
AGE00147719,1915-11-01,33.7997,2.89,767.0,"LAGHOUAT, AG",,,1.7,"2,E",0.0,"1,E",0.0,"1,E",0.0,"1,E",0.0,"1,E",0.0,"1,E",0.0,"1,E",15.0,"1,E",0.0,"1,E",19151124.0,",1,E",19151130.0,"+,1,E",19151128.0,",1,E",4.0,"1,E,24,",0.0,"1,,E,30,+",30.0,"1,E,28,",177.7,E,118.5,"1,E",0.0,"1,,,E",1.417,"2,E",2.1100000000000003,"1,,,E",0.724,"1,,,E"
AGE00147719,1916-01-01,33.7997,2.89,767.0,"LAGHOUAT, AG",,,,,1.0,"3,E",1.0,"3,E",0.0,"3,E",0.0,"3,E",5.0,"3,E",0.0,"3,E",2.0,"3,E",0.0,"3,E",19160118.0,"+,3,E",19160125.0,",3,E",19160109.0,"+,3,E",-2.0,"3,E,18,+",3.4,"3,,E,25,",22.0,"3,E,09,+",,,,,3.5,"3,,,E",0.8320000000000001,"6,E",1.457,"3,,,E",0.207,"3,,,E"
AGE00147719,1916-02-01,33.7997,2.89,767.0,"LAGHOUAT, AG",,,0.0,"3,E",0.0,"2,E",0.0,"2,E",0.0,"2,E",0.0,"2,E",1.0,"2,E",0.0,"2,E",3.0,"2,E",0.0,"2,E",19160208.0,",2,E",19160201.0,",2,E",19160224.0,"+,2,E",-5.0,"2,E,08,",0.2,"2,,E,01,",22.0,"2,E,24,+",,,207.7,"2,E",0.3,"2,,,E",1.026,"3,E",1.659,"2,,,E",0.393,"2,,,E"
AGE00147719,1916-03-01,33.7997,2.89,767.0,"LAGHOUAT, AG",,,7.2,",E",0.0,",E",0.0,",E",0.0,",E",0.0,",E",0.0,",E",0.0,",E",13.0,",E",0.0,",E",19160331.0,"+,,E",19160311.0,",,E",19160318.0,",,E",4.0,",E,31,+",0.2,",,E,11,",30.0,",E,18,",,,135.5,",E",0.4,",,,E",1.419,",E",2.032,",,,E",0.806,",,,E"
AGE00147719,1916-04-01,33.7997,2.89,767.0,"LAGHOUAT, AG",,,11.2,"1,E",1.0,",E",0.0,",E",0.0,",E",0.0,",E",0.0,",E",0.0,"1,E",16.0,"1,E",0.0,"1,E",19160408.0,",,E",19160411.0,",,E",19160429.0,",1,E",3.0,",E,08,",1.0,",,E,11,",31.0,"1,E,29,",,,84.8,"1,E",1.1,",,,E",1.592,"1,E",2.334,"1,,,E",0.85,",,,E"
AGE00147719,1916-05-01,33.7997,2.89,767.0,"LAGHOUAT, AG",,,74.0,"1,E",4.0,",E",4.0,",E",0.0,",E",0.0,",E",0.0,",E",0.0,"1,E",29.0,"1,E",3.0,"1,E",19160505.0,",,E",19160513.0,",,E",19160507.0,",1,E",2.0,",E,05,",8.0,",,E,13,",35.0,"1,E,07,",,,8.5,"1,E",20.9,",,,E",2.054,"1,E",2.837,"1,,,E",1.2710000000000001,",,,E"
AGE00147719,1916-06-01,33.7997,2.89,767.0,"LAGHOUAT, AG",,,308.8,",E",2.0,",E",1.0,",E",0.0,",E",0.0,",E",0.0,",E",0.0,",E",30.0,",E",26.0,",E",19160602.0,"+,,E",19160603.0,",,E",19160626.0,"+,,E",12.0,",E,02,+",5.6,",,E,03,",42.0,",E,26,+",,,0.8,",E",7.6,",,,E",2.8600000000000003,",E",3.72,",,,E",2.0,",,,E"
AGE00147719,1916-07-01,33.7997,2.89,767.0,"LAGHOUAT, AG",,,414.3,"2,E",0.0,"1,E",0.0,"1,E",0.0,"1,E",0.0,"1,E",0.0,"1,E",0.0,"1,E",30.0,"1,E",30.0,"1,E",19160706.0,",1,E",19160731.0,"+,1,E",19160727.0,"+,1,E",18.0,"1,E,06,",0.2,"1,,E,31,+",43.0,"1,E,27,+",0.0,E,0.0,"1,E",0.4,"1,,,E",3.2630000000000003,"2,E",4.117,"1,,,E",2.41,"1,,,E"
AGE00147719,1916-08-01,33.7997,2.89,767.0,"LAGHOUAT, AG",,,344.8,"2,E",2.0,",E",0.0,",E",0.0,",E",0.0,"1,E",0.0,"1,E",0.0,"1,E",30.0,"1,E",29.0,"1,E",19160830.0,",1,E",19160802.0,",,E",19160805.0,",1,E",17.0,"1,E,30,",2.0,",,E,02,",42.0,"1,E,05,",0.0,E,0.0,"1,E",3.2,",,,E",3.028,"2,E",3.8270000000000004,"1,,,E",2.23,"1,,,E"
AGE00147719,1916-09-01,33.7997,2.89,767.0,"LAGHOUAT, AG",,,164.3,"1,E",4.0,",E",2.0,",E",0.0,",E",0.0,"1,E",0.0,"1,E",0.0,",E",30.0,",E",12.0,",E",19160921.0,",1,E",19160918.0,",,E",19160906.0,"+,,E",11.0,"1,E,21,",12.6,",,E,18,",38.0,",E,06,+",0.0,E,0.0,",E",24.1,",,,E",2.396,"1,E",3.223,",,,E",1.569,"1,,,E"
AGE00147719,1916-10-01,33.7997,2.89,767.0,"LAGHOUAT, AG",,,56.2,"2,E",3.0,"1,E",1.0,"1,E",0.0,"1,E",0.0,"1,E",0.0,"1,E",0.0,"1,E",29.0,"1,E",3.0,"1,E",19161017.0,",1,E",19161024.0,",1,E",19161002.0,",1,E",9.0,"1,E,17,",16.7,"1,,E,24,",39.0,"1,E,02,",6.3,E,6.3,"1,E",18.4,"1,,,E",2.027,"2,E",2.81,"1,,,E",1.2429999999999999,"1,,,E"
AGE00147719,1916-11-01,33.7997,2.89,767.0,"LAGHOUAT, AG",,,2.0,",E",5.0,",E",2.0,",E",0.0,",E",0.0,",E",0.0,",E",0.0,",E",10.0,",E",0.0,",E",19161130.0,"+,,E",19161121.0,",,E",19161104.0,"+,,E",3.0,",E,30,+",4.3,",,E,21,",27.0,",E,04,+",168.8,E,162.5,",E",11.3,",,,E",1.298,",E",1.9129999999999998,",,,E",0.683,",,,E"
AGE00147719,1916-12-01,33.7997,2.89,767.0,"LAGHOUAT, AG",,,0.0,",E",5.0,",E",2.0,",E",0.0,",E",0.0,",E",3.0,",E",0.0,",E",6.0,",E",0.0,",E",19161209.0,"+,,E",19161210.0,",,E",19161227.0,"+,,E",-1.0,",E,09,+",5.2,",,E,10,",23.0,",E,27,+",414.6,E,245.8,",E",10.7,",,,E",1.04,",E",1.6969999999999998,",,,E",0.384,",,,E"
AGE00147719,1917-02-01,33.7997,2.89,767.0,"LAGHOUAT, AG",,,0.0,"5,E",3.0,"2,E",3.0,"2,E",0.0,"2,E",0.0,"3,E",0.0,"3,E",0.0,"3,E",0.0,"3,E",0.0,"3,E",19170225.0,"+,3,E",19170214.0,",2,E",19170213.0,",3,E",1.0,"3,E,25,+",8.8,"2,,E,14,",21.0,"3,E,13,",,,197.2,"3,E",19.3,"2,,,E",0.97,"5,E",1.568,"3,,,E",0.372,"3,,,E"
AGE00147719,1917-03-01,33.7997,2.89,767.0,"LAGHOUAT, AG",,,0.0,"2,E",4.0,"1,E",0.0,"1,E",0.0,"1,E",0.0,"1,E",3.0,"1,E",0.0,"1,E",6.0,"1,E",0.0,"1,E",19170326.0,"+,1,E",19170302.0,",1,E",19170311.0,"+,1,E",-1.0,"1,E,26,+",2.2,"1,,E,02,",24.0,"1,E,11,+",,,221.7,"1,E",5.9,"1,,,E",1.065,"2,E",1.707,"1,,,E",0.42300000000000004,"1,,,E"
AGE00147719,1917-04-01,33.7997,2.89,767.0,"LAGHOUAT, AG",,,14.3,"2,E",1.0,"1,E",0.0,"1,E",0.0,"1,E",0.0,"1,E",0.0,"1,E",0.0,"1,E",25.0,"1,E",1.0,"1,E",19170425.0,",1,E",19170422.0,",1,E",19170430.0,",1,E",4.0,"1,E,25,",0.7,"1,,E,22,",33.0,"1,E,30,",,,53.2,"1,E",0.7,"1,,,E",1.691,"2,E",2.476,"1,,,E",0.907,"1,,,E"
AGE00147719,1917-08-01,33.7997,2.89,767.0,"LAGHOUAT, AG",,,402.3,"2,E",0.0,",E",0.0,",E",0.0,",E",0.0,"1,E",0.0,"1,E",0.0,"1,E",30.0,"1,E",30.0,"1,E",19170808.0,",1,E",19170831.0,"+,,E",19170818.0,",1,E",18.0,"1,E,08,",0.0,",,E,31,+",46.0,"1,E,18,",,,0.0,"1,E",0.0,",,,E",3.222,"2,E",4.186999999999999,"1,,,E",2.257,"1,,,E"
AGE00147719,1917-10-01,33.7997,2.89,767.0,"LAGHOUAT, AG",,,36.8,"3,E",0.0,"2,E",0.0,"2,E",0.0,"2,E",0.0,"2,E",0.0,"2,E",0.0,"1,E",24.0,"1,E",3.0,"1,E",19171031.0,"+,2,E",19171031.0,"+,2,E",19171003.0,"+,1,E",5.0,"2,E,31,+",0.0,"2,,E,31,+",33.0,"1,E,03,+",,,37.2,"1,E",0.0,"2,,,E",1.829,"3,E",2.54,"1,,,E",1.117,"2,,,E"
AGE00147719,1917-11-01,33.7997,2.89,767.0,"LAGHOUAT, AG",,,0.0,"4,E",1.0,"3,E",1.0,"3,E",0.0,"3,E",0.0,"4,E",1.0,"4,E",0.0,"2,E",4.0,"2,E",0.0,"2,E",19171129.0,",4,E",19171128.0,",3,E",19171109.0,"+,2,E",-1.0,"4,E,29,",8.5,"3,,E,28,",22.0,"2,E,09,+",,,209.7,"2,E",8.5,"3,,,E",1.0310000000000001,"4,E",1.596,"2,,,E",0.465,"4,,,E"
AGE00147719,1917-12-01,33.7997,2.89,767.0,"LAGHOUAT, AG",,,0.0,"3,E",2.0,"1,E",2.0,"1,E",0.0,"1,E",0.0,"1,E",12.0,"1,E",0.0,"2,E",0.0,"2,E",0.0,"2,E",19171231.0,"+,1,E",19171218.0,",1,E",19171217.0,"+,2,E",-3.0,"1,E,31,+",15.0,"1,,E,18,",14.0,"2,E,17,+",,,364.8,"2,E",24.0,"1,,,E",0.537,"3,E",1.0,"2,,,E",0.073,"1,,,E"
AGE00147719,1919-01-01,33.7997,2.89,767.0,"LAGHOUAT, AG",0.0,E,0.0,"2,E",2.0,"1,E",0.0,"1,E",0.0,"1,E",0.0,"1,E",9.0,"1,E",0.0,"1,E",0.0,"1,E",0.0,"1,E",19190118.0,"+,1,E",19190123.0,",1,E",19190131.0,",1,E",-2.0,"1,E,18,+",1.0,"1,,E,23,",19.0,"1,E,31,",,,336.2,"1,E",1.7,"1,,,E",0.678,"2,E",1.2369999999999999,"1,,,E",0.12,"1,,,E"
AGE00147719,1919-02-01,33.7997,2.89,767.0,"LAGHOUAT, AG",0.0,E,0.0,"2,E",2.0,",E",0.0,",E",0.0,",E",0.0,"2,E",2.0,"2,E",0.0,",E",7.0,",E",0.0,",E",19190210.0,"+,2,E",19190214.0,",,E",19190223.0,",,E",0.0,"2,E,10,+",1.2,",,E,14,",25.0,",E,23,",,,198.2,",E",2.2,",,,E",1.06,"2,E",1.829,",,,E",0.292,"2,,,E"
AGE00147719,1921-03-01,33.7997,2.89,767.0,"LAGHOUAT, AG",,,0.0,"3,E",5.0,"2,E",2.0,"2,E",0.0,"2,E",0.0,"2,E",1.0,"2,E",0.0,"2,E",0.0,"2,E",0.0,"2,E",19210322.0,",2,E",19210306.0,",2,E",19210331.0,"+,2,E",0.0,"2,E,22,",6.6,"2,,E,06,",20.0,"2,E,31,+",,,200.8,"2,E",13.2,"2,,,E",1.117,"3,E",1.559,"2,,,E",0.6759999999999999,"2,,,E"
AGE00147719,1921-04-01,33.7997,2.89,767.0,"LAGHOUAT, AG",,,,,2.0,"2,E",0.0,"2,E",0.0,"2,E",0.0,"3,E",0.0,"3,E",0.0,"4,E",6.0,"4,E",0.0,"4,E",19210426.0,"+,3,E",19210420.0,",2,E",19210429.0,"+,4,E",5.0,"3,E,26,+",1.7,"2,,E,20,",26.0,"4,E,29,+",,,,,2.4,"2,,,E",1.417,"6,E",1.9420000000000002,"4,,,E",0.893,"3,,,E"
AGE00147719,1921-05-01,33.7997,2.89,767.0,"LAGHOUAT, AG",,,31.7,"1,E",8.0,",E",6.0,",E",0.0,",E",0.0,"1,E",0.0,"1,E",0.0,",E",20.0,",E",0.0,",E",19210521.0,",1,E",19210513.0,",,E",19210518.0,",,E",3.0,"1,E,21,",19.0,",,E,13,",30.0,",E,18,",,,33.7,",E",75.0,",,,E",1.8210000000000002,"1,E",2.352,",,,E",1.29,"1,,,E"
AGE00147719,1921-06-01,33.7997,2.89,767.0,"LAGHOUAT, AG",,,,,0.0,"2,E",0.0,"2,E",0.0,"2,E",0.0,"3,E",0.0,"3,E",0.0,"3,E",27.0,"3,E",6.0,"3,E",19210601.0,",3,E",19210630.0,"+,2,E",19210630.0,"+,3,E",12.0,"3,E,01,",0.0,"2,,E,30,+",36.0,"3,E,30,+",,,,,0.0,"2,,,E",2.3649999999999998,"6,E",2.981,"3,,,E",1.748,"3,,,E"
AGE00147719,1921-07-01,33.7997,2.89,767.0,"LAGHOUAT, AG",,,,,1.0,"4,E",1.0,"4,E",0.0,"4,E",0.0,"5,E",0.0,"5,E",0.0,"5,E",26.0,"5,E",22.0,"5,E",19210730.0,"+,5,E",19210708.0,",4,E",19210720.0,"+,5,E",16.0,"5,E,30,+",4.6,"4,,E,08,",39.0,"5,E,20,+",,,,,4.6,"4,,,E",2.685,"0,E",3.446,"5,,,E",1.923,"5,,,E"
AGE00147719,1921-08-01,33.7997,2.89,767.0,"LAGHOUAT, AG",,,189.8,"2,E",4.0,",E",2.0,",E",0.0,",E",0.0,"1,E",0.0,"1,E",0.0,"1,E",30.0,"1,E",17.0,"1,E",19210826.0,",1,E",19210824.0,",,E",19210823.0,",1,E",13.0,"1,E,26,",15.0,",,E,24,",39.0,"1,E,23,",,,0.0,"1,E",26.1,",,,E",2.4850000000000003,"2,E",3.2369999999999997,"1,,,E",1.7329999999999999,"1,,,E"
AGE00147719,1921-09-01,33.7997,2.89,767.0,"LAGHOUAT, AG",,,123.2,",E",8.0,",E",5.0,",E",0.0,",E",0.0,",E",0.0,",E",0.0,",E",30.0,",E",4.0,",E",19210929.0,",,E",19210912.0,",,E",19210911.0,"+,,E",8.0,",E,29,",8.1,",,E,12,",33.0,",E,11,+",,,4.2,",E",28.5,",,,E",2.23,",E",2.923,",,,E",1.537,",,,E"
AGE00147719,1921-10-01,33.7997,2.89,767.0,"LAGHOUAT, AG",,,22.2,"2,E",0.0,",E",0.0,",E",0.0,",E",0.0,"1,E",0.0,"1,E",0.0,"1,E",23.0,"1,E",0.0,"1,E",19211027.0,",1,E",19211031.0,"+,,E",19211010.0,",1,E",3.0,"1,E,27,",0.0,",,E,31,+",29.0,"1,E,10,",,,63.8,"1,E",0.0,",,,E",1.6949999999999998,"2,E",2.2670000000000003,"1,,,E",1.123,"1,,,E"
AGE00147719,1921-11-01,33.7997,2.89,767.0,"LAGHOUAT, AG",,,0.0,"5,E",7.0,"1,E",4.0,"1,E",1.0,"1,E",0.0,"3,E",0.0,"3,E",0.0,"2,E",2.0,"2,E",0.0,"2,E",19211111.0,",3,E",19211107.0,",1,E",19211105.0,"+,2,E",1.0,"3,E,11,",35.0,"1,,E,07,",22.0,"2,E,05,+",,,205.3,"2,E",63.1,"1,,,E",1.022,"5,E",1.511,"2,,,E",0.533,"3,,,E"
AGE00147719,1922-02-01,33.7997,2.89,767.0,"LAGHOUAT, AG",,,0.0,",E",2.0,",E",1.0,",E",0.0,",E",0.0,",E",1.0,",E",0.0,",E",2.0,",E",0.0,",E",19220209.0,",,E",19220211.0,",,E",19220203.0,",,E",0.0,",E,09,",3.0,",,E,11,",24.0,",E,03,",,,253.3,",E",4.6,",,,E",0.9289999999999999,",E",1.454,",,,E",0.404,",,,E"
AGE00147719,1922-03-01,33.7997,2.89,767.0,"LAGHOUAT, AG",,,0.0,",E",0.0,",E",0.0,",E",0.0,",E",0.0,",E",0.0,",E",0.0,",E",8.0,",E",0.0,",E",19220325.0,"+,,E",19220331.0,"+,,E",19220312.0,",,E",3.0,",E,25,+",0.0,",,E,31,+",26.0,",E,12,",,,167.8,",E",0.0,",,,E",1.292,",E",1.9649999999999999,",,,E",0.619,",,,E"
AGE00147719,1922-04-01,33.7997,2.89,767.0,"LAGHOUAT, AG",,,14.2,",E",0.0,",E",0.0,",E",0.0,",E",0.0,",E",0.0,",E",0.0,",E",19.0,",E",0.0,",E",19220421.0,"+,,E",19220430.0,"+,,E",19220429.0,"+,,E",3.0,",E,21,+",0.0,",,E,30,+",30.0,",E,29,+",,,74.2,",E",0.0,",,,E",1.6329999999999998,",E",2.31,",,,E",0.9570000000000001,",,,E"
AGE00147719,1922-05-01,33.7997,2.89,767.0,"LAGHOUAT, AG",,,56.7,",E",3.0,",E",1.0,",E",0.0,",E",0.0,",E",0.0,",E",0.0,",E",25.0,",E",0.0,",E",19220501.0,",,E",19220531.0,",,E",19220529.0,"+,,E",3.0,",E,01,",9.0,",,E,31,",31.0,",E,29,+",,,37.0,",E",13.0,",,,E",1.8969999999999998,",E",2.5,",,,E",1.294,",,,E"
AGE00147719,1922-06-01,33.7997,2.89,767.0,"LAGHOUAT, AG",,,175.0,",E",5.0,",E",5.0,",E",0.0,",E",0.0,",E",0.0,",E",0.0,",E",30.0,",E",12.0,",E",19220605.0,",,E",19220605.0,",,E",19220628.0,",,E",11.0,",E,05,",16.0,",,E,05,",39.0,",E,28,",,,0.0,",E",50.1,",,,E",2.4170000000000003,",E",3.193,",,,E",1.64,",,,E"
AGE00147719,1922-07-01,33.7997,2.89,767.0,"LAGHOUAT, AG",,,318.2,",E",0.0,",E",0.0,",E",0.0,",E",0.0,",E",0.0,",E",0.0,",E",31.0,",E",30.0,",E",19220720.0,",,E",19220731.0,"+,,E",19220725.0,",,E",12.0,",E,20,",0.0,",,E,31,+",40.0,",E,25,",0.0,E,0.0,",E",0.0,",,,E",2.8600000000000003,",E",3.668,",,,E",2.052,",,,E"
AGE00147719,1922-08-01,33.7997,2.89,767.0,"LAGHOUAT, AG",,,240.8,"2,E",1.0,"1,E",1.0,"1,E",0.0,"1,E",0.0,"1,E",0.0,"1,E",0.0,"1,E",30.0,"1,E",28.0,"1,E",19220830.0,"+,1,E",19220818.0,",1,E",19220808.0,",1,E",17.0,"1,E,30,+",4.8,"1,,E,18,",39.0,"1,E,08,",0.0,E,0.0,"1,E",4.8,"1,,,E",2.665,"2,E",3.463,"1,,,E",1.8670000000000002,"1,,,E"
AGE00147719,1922-09-01,33.7997,2.89,767.0,"LAGHOUAT, AG",,,72.7,"5,E",1.0,",E",0.0,",E",0.0,",E",0.0,"3,E",0.0,"3,E",0.0,"2,E",26.0,"2,E",7.0,"2,E",19220930.0,",3,E",19220925.0,",,E",19220903.0,",2,E",7.0,"3,E,30,",2.0,",,E,25,",37.0,"2,E,03,",9.0,E,9.0,"2,E",2.0,",,,E",2.1149999999999998,"5,E",2.979,"2,,,E",1.252,"3,,,E"
AGE00147719,1922-10-01,33.7997,2.89,767.0,"LAGHOUAT, AG",,,1.2,"3,E",3.0,",E",3.0,",E",0.0,",E",0.0,"2,E",0.0,"2,E",0.0,"1,E",24.0,"1,E",0.0,"1,E",19221030.0,"+,2,E",19221023.0,",,E",19221006.0,",1,E",5.0,"2,E,30,+",11.6,",,E,23,",29.0,"1,E,06,",74.0,E,65.0,"1,E",25.6,",,,E",1.598,"3,E",2.413,"1,,,E",0.783,"2,,,E"
AGE00147719,1922-11-01,33.7997,2.89,767.0,"LAGHOUAT, AG",,,,,6.0,",E",4.0,",E",0.0,",E",0.0,"4,E",3.0,"4,E",0.0,"2,E",1.0,"2,E",0.0,"2,E",19221130.0,",4,E",19221124.0,",,E",19221104.0,",2,E",-1.0,"4,E,30,",20.6,",,E,24,",22.0,"2,E,04,",,,,,46.2,",,,E",0.959,"6,E",1.4609999999999999,"2,,,E",0.458,"4,,,E"
AGE00147719,1922-12-01,33.7997,2.89,767.0,"LAGHOUAT, AG",,,0.0,"4,E",4.0,",E",4.0,",E",1.0,",E",0.0,"2,E",13.0,"2,E",0.0,"2,E",0.0,"2,E",0.0,"2,E",19221217.0,"+,2,E",19221203.0,",,E",19221229.0,"+,2,E",-3.0,"2,E,17,+",27.7,",,E,03,",15.0,"2,E,29,+",,,328.0,"2,E",48.5,",,,E",0.612,"4,E",1.134,"2,,,E",0.09,"2,,,E"
AGE00147719,1923-02-01,33.7997,2.89,767.0,"LAGHOUAT, AG",,,0.0,",E",4.0,",E",2.0,",E",0.0,",E",0.0,",E",2.0,",E",0.0,",E",0.0,",E",0.0,",E",19230215.0,"+,,E",19230204.0,",,E",19230225.0,",,E",0.0,",E,15,+",6.9,",,E,04,",21.0,",E,25,",,,235.3,",E",13.1,",,,E",0.993,",E",1.525,",,,E",0.461,",,,E"
AGE00147719,1923-03-01,33.7997,2.89,767.0,"LAGHOUAT, AG",,,0.0,"2,E",5.0,",E",4.0,",E",0.0,",E",0.0,"1,E",0.0,"1,E",0.0,"1,E",3.0,"1,E",0.0,"1,E",19230313.0,",1,E",19230323.0,",,E",19230328.0,",1,E",1.0,"1,E,13,",5.5,",,E,23,",24.0,"1,E,28,",,,167.2,"1,E",18.7,",,,E",1.252,"2,E",1.8199999999999998,"1,,,E",0.683,"1,,,E"
AGE00147719,1923-04-01,33.7997,2.89,767.0,"LAGHOUAT, AG",,,1.5,"4,E",3.0,",E",3.0,",E",1.0,",E",0.0,"4,E",0.0,"4,E",0.0,",E",11.0,",E",0.0,",E",19230409.0,"+,4,E",19230403.0,",,E",19230425.0,"+,,E",4.0,"4,E,09,+",40.2,",,E,03,",27.0,",E,25,+",,,106.7,",E",52.1,",,,E",1.421,"4,E",2.053,",,,E",0.788,"4,,,E"
AGE00147719,1923-05-01,33.7997,2.89,767.0,"LAGHOUAT, AG",,,,,1.0,",E",1.0,",E",0.0,",E",0.0,"5,E",0.0,"5,E",0.0,"1,E",27.0,"1,E",0.0,"1,E",19230524.0,"+,5,E",19230522.0,",,E",19230528.0,"+,1,E",10.0,"5,E,24,+",18.4,",,E,22,",31.0,"1,E,28,+",,,,,18.4,",,,E",1.9309999999999998,"6,E",2.57,"1,,,E",1.292,"5,,,E"
AGE00147719,1923-06-01,33.7997,2.89,767.0,"LAGHOUAT, AG",,,,,1.0,",E",1.0,",E",0.0,",E",0.0,"4,E",0.0,"4,E",0.0,"2,E",25.0,"2,E",0.0,"2,E",19230611.0,",4,E",19230617.0,",,E",19230630.0,"+,2,E",10.0,"4,E,11,",5.0,",,E,17,",32.0,"2,E,30,+",,,,,5.0,",,,E",2.1559999999999997,"6,E",2.782,"2,,,E",1.5310000000000001,"4,,,E"
AGE00147719,1923-07-01,33.7997,2.89,767.0,"LAGHOUAT, AG",,,,,1.0,",E",1.0,",E",0.0,",E",0.0,"3,E",0.0,"3,E",0.0,"3,E",28.0,"3,E",22.0,"3,E",19230724.0,"+,3,E",19230704.0,",,E",19230711.0,",3,E",18.0,"3,E,24,+",3.0,",,E,04,",39.0,"3,E,11,",,,,,3.0,",,,E",2.7199999999999998,"6,E",3.429,"3,,,E",2.011,"3,,,E"
AGE00147719,1923-08-01,33.7997,2.89,767.0,"LAGHOUAT, AG",,,257.2,"3,E",1.0,",E",0.0,",E",0.0,",E",0.0,"2,E",0.0,"2,E",0.0,"1,E",30.0,"1,E",29.0,"1,E",19230827.0,",2,E",19230807.0,",,E",19230822.0,",1,E",17.0,"2,E,27,",1.8,",,E,07,",40.0,"1,E,22,",,,0.0,"1,E",1.8,",,,E",2.748,"3,E",3.5170000000000003,"1,,,E",1.9789999999999999,"2,,,E"
AGE00147719,1923-12-01,33.7997,2.89,767.0,"LAGHOUAT, AG",,,0.0,",E",1.0,",E",1.0,",E",0.0,",E",0.0,",E",9.0,",E",0.0,",E",0.0,",E",0.0,",E",19231229.0,"+,,E",19231216.0,",,E",19231229.0,",,E",-2.0,",E,29,+",3.0,",,E,16,",21.0,",E,29,",,,314.4,",E",3.0,",,,E",0.819,",E",1.481,",,,E",0.157,",,,E"
AGE00147719,1924-01-01,33.7997,2.89,767.0,"LAGHOUAT, AG",0.0,E,0.0,",E",3.0,"1,E",2.0,"1,E",0.0,"1,E",0.0,",E",13.0,",E",0.0,",E",0.0,",E",0.0,",E",19240129.0,"+,,E",19240123.0,",1,E",19240122.0,",,E",-3.0,",E,29,+",8.0,"1,,E,23,",21.0,",E,22,",,,340.3,",E",15.2,"1,,,E",0.735,",E",1.342,",,,E",0.129,",,,E"
AGE00147719,1924-02-01,33.7997,2.89,767.0,"LAGHOUAT, AG",0.0,E,0.0,"4,E",0.0,"1,E",0.0,"1,E",0.0,"1,E",0.0,"2,E",6.0,"2,E",0.0,"2,E",0.0,"2,E",0.0,"2,E",19240229.0,",2,E",19240229.0,"+,1,E",19240210.0,",2,E",-4.0,"2,E,29,",0.0,"1,,E,29,+",21.0,"2,E,10,",,,250.8,"2,E",0.0,"1,,,E",0.833,"4,E",1.433,"2,,,E",0.233,"2,,,E"
AGE00147719,1924-03-01,33.7997,2.89,767.0,"LAGHOUAT, AG",4.0,E,4.0,",E",4.0,",E",3.0,",E",1.0,",E",0.0,",E",1.0,",E",0.0,",E",8.0,",E",0.0,",E",19240301.0,",,E",19240314.0,",,E",19240327.0,",,E",-3.0,",E,01,",27.6,",,E,14,",27.0,",E,27,",,,166.8,",E",42.1,",,,E",1.308,",E",1.9129999999999998,",,,E",0.7030000000000001,",,,E"
AGE00147719,1924-04-01,33.7997,2.89,767.0,"LAGHOUAT, AG",20.3,E,16.3,",E",2.0,",E",2.0,",E",0.0,",E",0.0,",E",0.0,",E",0.0,",E",21.0,",E",0.0,",E",19240423.0,"+,,E",19240408.0,",,E",19240428.0,",,E",2.0,",E,23,+",6.5,",,E,08,",31.0,",E,28,",,,78.8,",E",11.0,",,,E",1.625,",E",2.37,",,,E",0.8800000000000001,",,,E"
AGE00147719,1924-05-01,33.7997,2.89,767.0,"LAGHOUAT, AG",153.6,E,133.3,"2,E",0.0,",E",0.0,",E",0.0,",E",0.0,"1,E",0.0,"1,E",0.0,"1,E",30.0,"1,E",4.0,"1,E",19240507.0,",1,E",19240531.0,"+,,E",19240506.0,",1,E",8.9,"1,E,07,",0.0,",,E,31,+",39.0,"1,E,06,",,,0.0,"1,E",0.0,",,,E",2.29,"2,E",3.0469999999999997,"1,,,E",1.533,"1,,,E"
AGE00147719,1924-07-01,33.7997,2.89,767.0,"LAGHOUAT, AG",,,297.3,"2,E",0.0,",E",0.0,",E",0.0,",E",0.0,"1,E",0.0,"1,E",0.0,"1,E",30.0,"1,E",28.0,"1,E",19240714.0,",1,E",19240731.0,"+,,E",19240709.0,",1,E",16.0,"1,E,14,",0.0,",,E,31,+",41.0,"1,E,09,",0.0,E,0.0,"1,E",0.0,",,,E",2.848,"2,E",3.6130000000000004,"1,,,E",2.0829999999999997,"1,,,E"
AGE00147719,1924-08-01,33.7997,2.89,767.0,"LAGHOUAT, AG",,,321.2,",E",2.0,",E",0.0,",E",0.0,",E",0.0,",E",0.0,",E",0.0,",E",31.0,",E",31.0,",E",19240811.0,",,E",19240819.0,"+,,E",19240822.0,",,E",16.0,",E,11,",2.0,",,E,19,+",43.0,",E,22,",0.0,E,0.0,",E",4.0,",,,E",2.869,",E",3.681,",,,E",2.058,",,,E"
AGE00147719,1924-09-01,33.7997,2.89,767.0,"LAGHOUAT, AG",,,,,2.0,"4,E",1.0,"4,E",1.0,"4,E",0.0,"4,E",0.0,"4,E",0.0,"4,E",26.0,"4,E",15.0,"4,E",19240930.0,",4,E",19240929.0,",4,E",19240903.0,"+,4,E",13.0,"4,E,30,",42.0,"4,,E,29,",38.0,"4,E,03,+",,,,,43.0,"4,,,E",2.581,"6,E",3.308,"4,,,E",1.8539999999999999,"4,,,E"
AGE00147719,1924-12-01,33.7997,2.89,767.0,"LAGHOUAT, AG",,,0.0,"2,E",3.0,"1,E",1.0,"1,E",0.0,"1,E",0.0,"1,E",7.0,"1,E",0.0,"1,E",0.0,"1,E",0.0,"1,E",19241229.0,"+,1,E",19241203.0,",1,E",19241210.0,",1,E",-2.0,"1,E,29,+",3.0,"1,,E,03,",19.0,"1,E,10,",,,313.2,"1,E",6.0,"1,,,E",0.767,"2,E",1.247,"1,,,E",0.28700000000000003,"1,,,E"
AGE00147719,1925-02-01,33.7997,2.89,767.0,"LAGHOUAT, AG",,,0.0,"4,E",2.0,"2,E",0.0,"2,E",0.0,"2,E",0.0,"2,E",8.0,"2,E",0.0,"2,E",0.0,"2,E",0.0,"2,E",19250217.0,",2,E",19250211.0,",2,E",19250228.0,"+,2,E",-2.0,"2,E,17,",2.0,"2,,E,11,",21.0,"2,E,28,+",,,238.0,"2,E",3.0,"2,,,E",0.835,"4,E",1.431,"2,,,E",0.238,"2,,,E"
AGE00147719,1925-03-01,33.7997,2.89,767.0,"LAGHOUAT, AG",,,0.0,"1,E",7.0,",E",4.0,",E",0.0,",E",0.0,"1,E",0.0,"1,E",0.0,",E",2.0,",E",0.0,",E",19250322.0,"+,1,E",19250313.0,",,E",19250309.0,",,E",1.0,"1,E,22,+",20.0,",,E,13,",23.0,",E,09,",,,246.5,",E",40.6,",,,E",1.017,"1,E",1.5,",,,E",0.533,"1,,,E"
AGE00147719,1925-04-01,33.7997,2.89,767.0,"LAGHOUAT, AG",,,19.2,"1,E",1.0,",E",1.0,",E",0.0,",E",0.0,"1,E",0.0,"1,E",0.0,",E",15.0,",E",1.0,",E",19250415.0,"+,1,E",19250406.0,",,E",19250430.0,",,E",4.0,"1,E,15,+",9.0,",,E,06,",33.0,",E,30,",,,98.8,",E",9.0,",,,E",1.549,"1,E",2.2329999999999997,",,,E",0.866,"1,,,E"
AGE00147719,1925-05-01,33.7997,2.89,767.0,"LAGHOUAT, AG",,,57.2,"2,E",3.0,"1,E",2.0,"1,E",0.0,"1,E",0.0,"1,E",0.0,"1,E",0.0,"1,E",23.0,"1,E",1.0,"1,E",19250512.0,",1,E",19250507.0,"+,1,E",19250501.0,",1,E",6.0,"1,E,12,",6.0,"1,,E,07,+",34.0,"1,E,01,",,,23.8,"1,E",12.8,"1,,,E",1.9329999999999998,"2,E",2.537,"1,,,E",1.33,"1,,,E"
AGE00147719,1925-06-01,33.7997,2.89,767.0,"LAGHOUAT, AG",,,201.7,"2,E",3.0,"1,E",1.0,"1,E",0.0,"1,E",0.0,"1,E",0.0,"1,E",0.0,"1,E",29.0,"1,E",15.0,"1,E",19250601.0,",1,E",19250608.0,",1,E",19250624.0,",1,E",12.0,"1,E,01,",13.0,"1,,E,08,",39.0,"1,E,24,",,,0.0,"1,E",17.0,"1,,,E",2.559,"2,E",3.2380000000000004,"1,,,E",1.879,"1,,,E"
AGE00147719,1925-07-01,33.7997,2.89,767.0,"LAGHOUAT, AG",,,298.7,",E",4.0,",E",3.0,",E",0.0,",E",0.0,",E",0.0,",E",0.0,",E",31.0,",E",23.0,",E",19250718.0,",,E",19250716.0,",,E",19250730.0,",,E",15.0,",E,18,",13.0,",,E,16,",43.0,",E,30,",0.0,E,0.0,",E",33.0,",,,E",2.7969999999999997,",E",3.5130000000000003,",,,E",2.081,",,,E"
AGE00147719,1925-12-01,33.7997,2.89,767.0,"LAGHOUAT, AG",,,0.0,"4,E",1.0,"1,E",0.0,"1,E",0.0,"1,E",0.0,"3,E",2.0,"3,E",0.0,"1,E",3.0,"1,E",0.0,"1,E",19251203.0,",3,E",19251215.0,",1,E",19251224.0,",1,E",-6.0,"3,E,03,",0.9,"1,,E,15,",24.0,"1,E,24,",,,223.0,"1,E",0.9,"1,,,E",1.008,"4,E",1.627,"1,,,E",0.389,"3,,,E"
AGE00147719,1926-01-01,33.7997,2.89,767.0,"LAGHOUAT, AG",0.0,E,0.0,"2,E",0.0,",E",0.0,",E",0.0,",E",0.0,"1,E",4.0,"1,E",0.0,"1,E",0.0,"1,E",0.0,"1,E",19260128.0,"+,1,E",19260131.0,"+,,E",19260116.0,"+,1,E",0.0,"1,E,28,+",0.0,",,E,31,+",21.0,"1,E,16,+",,,227.7,"1,E",0.0,",,,E",1.04,"2,E",1.673,"1,,,E",0.40700000000000003,"1,,,E"
AGE00147719,1926-03-01,33.7997,2.89,767.0,"LAGHOUAT, AG",,,0.2,",E",1.0,",E",1.0,",E",0.0,",E",0.0,",E",1.0,",E",0.0,",E",10.0,",E",0.0,",E",19260304.0,",,E",19260319.0,",,E",19260329.0,"+,,E",0.0,",E,04,",3.0,",,E,19,",25.0,",E,29,+",,,164.5,",E",3.0,",,,E",1.303,",E",2.006,",,,E",0.6,",,,E"
AGE00147719,1926-04-01,33.7997,2.89,767.0,"LAGHOUAT, AG",,,,,1.0,"3,E",0.0,"3,E",0.0,"3,E",0.0,"3,E",0.0,"3,E",0.0,"3,E",19.0,"3,E",1.0,"3,E",19260401.0,",3,E",19260413.0,",3,E",19260401.0,",3,E",6.0,"3,E,01,",2.0,"3,,E,13,",35.0,"3,E,01,",,,,,2.0,"3,,,E",1.7429999999999999,"6,E",2.3890000000000002,"3,,,E",1.096,"3,,,E"
AGE00147719,1926-05-01,33.7997,2.89,767.0,"LAGHOUAT, AG",,,,,1.0,"2,E",1.0,"2,E",0.0,"2,E",0.0,"3,E",0.0,"3,E",0.0,"3,E",21.0,"3,E",1.0,"3,E",19260519.0,",3,E",19260504.0,",2,E",19260530.0,",3,E",3.0,"3,E,19,",4.0,"2,,E,04,",39.0,"3,E,30,",,,,,4.3,"2,,,E",1.952,"6,E",2.621,"3,,,E",1.282,"3,,,E"
AGE00147719,1934-11-01,33.7997,2.89,767.0,"LAGHOUAT, AG",,,,,7.0,"4,E",4.0,"4,E",0.0,"4,E",0.0,"4,E",0.0,"4,E",0.0,"4,E",2.0,"4,E",0.0,"4,E",19341130.0,"+,4,E",19341114.0,",4,E",19341102.0,"+,4,E",2.0,"4,E,30,+",8.0,"4,,E,14,",22.0,"4,E,02,+",,,,,31.3,"4,,,E",1.088,"8,E",1.512,"4,,,E",0.665,"4,,,E"
AGE00147719,1938-03-01,33.7997,2.89,767.0,"LAGHOUAT, AG",,,,,0.0,"3,E",0.0,"3,E",0.0,"3,E",0.0,"3,E",0.0,"3,E",0.0,"3,E",1.0,"3,E",0.0,"3,E",19380318.0,"+,3,E",19380331.0,"+,3,E",19380307.0,",3,E",1.0,"3,E,18,+",0.0,"3,,E,31,+",22.0,"3,E,07,",,,,,0.0,"3,,,E",1.057,"6,E",1.75,"3,,,E",0.364,"3,,,E"
AGE00147719,1938-04-01,33.7997,2.89,767.0,"LAGHOUAT, AG",,,0.0,"4,E",5.0,"2,E",4.0,"2,E",0.0,"2,E",0.0,"2,E",0.0,"2,E",0.0,"2,E",4.0,"2,E",0.0,"2,E",19380413.0,"+,2,E",19380422.0,",2,E",19380409.0,",2,E",2.0,"2,E,13,+",24.0,"2,,E,22,",27.0,"2,E,09,",,,163.7,"2,E",39.0,"2,,,E",1.189,"4,E",1.7890000000000001,"2,,,E",0.589,"2,,,E"
AGE00147719,1938-05-01,33.7997,2.89,767.0,"LAGHOUAT, AG",,,38.7,"1,E",3.0,",E",1.0,",E",0.0,",E",0.0,",E",0.0,",E",0.0,"1,E",27.0,"1,E",0.0,"1,E",19380510.0,"+,,E",19380528.0,",,E",19380531.0,"+,1,E",8.0,",E,10,+",3.5,",,E,28,",30.0,"1,E,31,+",,,35.2,"1,E",5.5,",,,E",1.85,"1,E",2.5100000000000002,"1,,,E",1.19,",,,E"
AGE00147719,1938-08-01,33.7997,2.89,767.0,"LAGHOUAT, AG",,,,,3.0,"4,E",1.0,"4,E",0.0,"4,E",0.0,"4,E",0.0,"4,E",0.0,"4,E",27.0,"4,E",24.0,"4,E",19380831.0,",4,E",19380825.0,",4,E",19380807.0,",4,E",16.0,"4,E,31,",6.0,"4,,E,25,",41.0,"4,E,07,",,,,,10.0,"4,,,E",2.852,"8,E",3.589,"4,,,E",2.1149999999999998,"4,,,E"
AGE00147719,1938-09-01,33.7997,2.89,767.0,"LAGHOUAT, AG",,,149.7,"2,E",4.0,"1,E",2.0,"1,E",0.0,"1,E",0.0,"1,E",0.0,"1,E",0.0,"1,E",29.0,"1,E",5.0,"1,E",19380921.0,",1,E",19380901.0,",1,E",19380914.0,",1,E",10.0,"1,E,21,",9.0,"1,,E,01,",36.0,"1,E,14,",,,0.0,"1,E",16.0,"1,,,E",2.359,"2,E",2.966,"1,,,E",1.752,"1,,,E"
AGE00147719,1938-10-01,33.7997,2.89,767.0,"LAGHOUAT, AG",,,,,3.0,"5,E",3.0,"5,E",0.0,"5,E",0.0,"4,E",0.0,"4,E",0.0,"5,E",22.0,"5,E",0.0,"5,E",19381031.0,",4,E",19381023.0,",5,E",19381007.0,",5,E",6.0,"4,E,31,",5.0,"5,,E,23,",30.0,"5,E,07,",,,,,11.0,"5,,,E",1.9,"8,E",2.492,"5,,,E",1.307,"4,,,E"
AGE00147719,1938-12-01,33.7997,2.89,767.0,"LAGHOUAT, AG",,,,,3.0,"5,E",1.0,"5,E",0.0,"5,E",0.0,"4,E",2.0,"4,E",0.0,"5,E",0.0,"5,E",0.0,"5,E",19381228.0,"+,4,E",19381212.0,",5,E",19381207.0,",5,E",0.0,"4,E,28,+",9.0,"5,,E,12,",17.0,"5,E,07,",,,,,12.0,"5,,,E",0.776,"7,E",1.212,"5,,,E",0.341,"4,,,E"
AGE00147719,1957-07-01,33.7997,2.89,767.0,"LAGHOUAT, AG",,,275.3,"4,S",,,,,,,0.0,"3,S",0.0,"3,S",0.0,"4,S",27.0,"4,S",27.0,"4,S",19570702.0,",3,S",,,19570721.0,"+,4,S",17.2,"3,S,02,",,,40.0,"4,S,21,+",0.0,S,0.0,"4,S",,,2.848,"4,S",3.6950000000000003,"4,,,S",2.0,"3,,,S"
AGE00147719,1957-08-01,33.7997,2.89,767.0,"LAGHOUAT, AG",,,301.0,"1,S",,,,,,,0.0,",S",0.0,",S",0.0,"1,S",30.0,"1,S",30.0,"1,S",19570826.0,"+,,S",,,19570818.0,"+,1,S",17.2,",S,26,+",,,38.9,"1,S,18,+",0.0,S,0.0,"1,S",,,2.841,"1,S",3.6950000000000003,"1,,,S",1.988,",,,S"
AGE00147719,1957-09-01,33.7997,2.89,767.0,"LAGHOUAT, AG",,,157.7,"1,S",,,,,,,0.0,",S",0.0,",S",0.0,"1,S",29.0,"1,S",15.0,"1,S",19570907.0,",,S",,,19570930.0,"+,1,S",12.2,",S,07,",,,33.9,"1,S,30,+",0.0,S,0.0,"1,S",,,2.38,"1,S",3.119,"1,,,S",1.641,",,,S"
AGE00147719,1957-10-01,33.7997,2.89,767.0,"LAGHOUAT, AG",,,13.0,"2,S",,,,,,,0.0,"2,S",0.0,"2,S",0.0,"1,S",15.0,"1,S",1.0,"1,S",19571027.0,",2,S",,,19571001.0,",1,S",6.1,"2,S,27,",,,32.8,"1,S,01,",68.0,S,68.0,"1,S",,,1.637,"2,S",2.1559999999999997,"1,,,S",1.119,"2,,,S"
AGE00147719,1957-11-01,33.7997,2.89,767.0,"LAGHOUAT, AG",,,0.0,",S",,,,,,,0.0,",S",1.0,",S",0.0,",S",6.0,",S",0.0,",S",19571124.0,",,S",,,19571106.0,"+,,S",0.0,",S,24,",,,22.2,",S,06,+",275.2,S,207.2,",S",,,1.143,",S",1.687,",,,S",0.5980000000000001,",,,S"
AGE00147719,1957-12-01,33.7997,2.89,767.0,"LAGHOUAT, AG",,,0.0,",S",,,,,,,0.0,",S",15.0,",S",0.0,",S",0.0,",S",0.0,",S",19571225.0,",,S",,,19571209.0,",,S",-3.9,",S,25,",,,17.2,",S,09,",645.2,S,370.0,",S",,,0.64,",S",1.167,",,,S",0.11299999999999999,",,,S"
AGE00147719,1958-01-01,33.7997,2.89,767.0,"LAGHOUAT, AG",0.0,S,0.0,"3,S",,,,,,,0.0,"2,S",10.0,"2,S",0.0,"2,S",2.0,"2,S",0.0,"2,S",19580115.0,",2,S",,,19580107.0,",2,S",-2.2,"2,S,15,",,,22.2,"2,S,07,",952.7,S,307.5,"2,S",,,0.738,"3,S",1.22,"2,,,S",0.255,"2,,,S"
AGE00147719,1958-02-01,33.7997,2.89,767.0,"LAGHOUAT, AG",0.0,S,0.0,"2,S",,,,,,,0.0,"1,S",2.0,"1,S",0.0,"1,S",6.0,"1,S",0.0,"1,S",19580228.0,",1,S",,,19580218.0,",1,S",-1.1,"1,S,28,",,,23.9,"1,S,18,",1138.3,S,185.6,"1,S",,,1.1099999999999999,"2,S",1.735,"1,,,S",0.485,"1,,,S"
AGE00147719,1958-03-01,33.7997,2.89,767.0,"LAGHOUAT, AG",0.0,S,0.0,",S",,,,,,,0.0,",S",2.0,",S",0.0,",S",15.0,",S",0.0,",S",19580306.0,"+,,S",,,19580327.0,",,S",0.0,",S,06,+",,,28.9,",S,27,",1291.9,S,153.6,",S",,,1.338,",S",2.05,",,,S",0.625,",,,S"
AGE00147719,1958-04-01,33.7997,2.89,767.0,"LAGHOUAT, AG",0.3,S,0.3,"1,S",,,,,,,0.0,"1,S",1.0,"1,S",0.0,",S",19.0,",S",0.0,",S",19580419.0,",1,S",,,19580430.0,"+,,S",0.0,"1,S,19,",,,27.2,",S,30,+",1416.7,S,124.8,",S",,,1.401,"1,S",2.09,",,,S",0.7110000000000001,"1,,,S"
AGE00147719,1958-05-01,33.7997,2.89,767.0,"LAGHOUAT, AG",115.6,S,115.3,",S",,,,,,,0.0,",S",0.0,",S",0.0,",S",31.0,",S",9.0,",S",19580519.0,"+,,S",,,19580526.0,"+,,S",8.9,",S,19,+",,,35.0,",S,26,+",1418.1,S,1.4,",S",,,2.201,",S",2.993,",,,S",1.409,",,,S"
AGE00147719,1958-06-01,33.7997,2.89,767.0,"LAGHOUAT, AG",345.6,S,230.0,"2,S",,,,,,,0.0,"2,S",0.0,"2,S",0.0,"1,S",29.0,"1,S",23.0,"1,S",19580623.0,",2,S",,,19580626.0,"+,1,S",13.9,"2,S,23,",,,41.1,"1,S,26,+",1418.1,S,0.0,"1,S",,,2.6510000000000002,"2,S",3.4159999999999995,"1,,,S",1.887,"2,,,S"
AGE00147719,1958-07-01,33.7997,2.89,767.0,"LAGHOUAT, AG",698.1,S,352.5,",S",,,,,,,0.0,",S",0.0,",S",0.0,",S",31.0,",S",31.0,",S",19580718.0,",,S",,,19580707.0,",,S",17.8,",S,18,",,,42.8,",S,07,",0.0,S,0.0,",S",,,2.9699999999999998,",S",3.79,",,,S",2.15,",,,S"
AGE00147719,1958-08-01,33.7997,2.89,767.0,"LAGHOUAT, AG",1018.4,S,320.3,"1,S",,,,,,,0.0,"1,S",0.0,"1,S",0.0,"1,S",30.0,"1,S",30.0,"1,S",19580827.0,"+,1,S",,,19580821.0,"+,1,S",17.2,"1,S,27,+",,,40.0,"1,S,21,+",0.0,S,0.0,"1,S",,,2.9010000000000002,"1,S",3.775,"1,,,S",2.027,"1,,,S"
AGE00147719,1958-10-01,33.7997,2.89,767.0,"LAGHOUAT, AG",,,48.0,"2,S",,,,,,,0.0,"2,S",0.0,"2,S",0.0,"1,S",19.0,"1,S",1.0,"1,S",19581021.0,",2,S",,,19581001.0,",1,S",5.0,"2,S,21,",,,32.8,"1,S,01,",,,65.0,"1,S",,,1.7719999999999998,"2,S",2.348,"1,,,S",1.197,"2,,,S"
AGE00147719,1958-11-01,33.7997,2.89,767.0,"LAGHOUAT, AG",,,0.0,",S",,,,,,,0.0,",S",0.0,",S",0.0,",S",0.0,",S",0.0,",S",19581115.0,",,S",,,19581109.0,"+,,S",2.2,",S,15,",,,20.0,",S,09,+",,,221.0,",S",,,1.097,",S",1.533,",,,S",0.6599999999999999,",,,S"
AGE00147719,1958-12-01,33.7997,2.89,767.0,"LAGHOUAT, AG",,,0.0,",S",,,,,,,0.0,",S",0.0,",S",0.0,",S",2.0,",S",0.0,",S",19581225.0,"+,,S",,,19581216.0,",,S",1.1,",S,25,+",,,22.2,",S,16,",,,245.6,",S",,,1.041,",S",1.5230000000000001,",,,S",0.5589999999999999,",,,S"
AGE00147719,1966-01-01,33.7997,2.89,767.0,"LAGHOUAT, AG",,,,,,,,,,,0.0,"3,S",3.0,"3,S",0.0,"4,S",9.0,"4,S",0.0,"4,S",19660111.0,"+,3,S",,,19660125.0,",4,S",-1.1,"3,S,11,+",,,26.1,"4,S,25,",,,,,,,1.154,"6,S",1.934,"4,,,S",0.375,"3,,,S"
AGE00147719,1966-02-01,33.7997,2.89,767.0,"LAGHOUAT, AG",,,2.8,"4,S",,,,,,,0.0,"2,S",0.0,"2,S",0.0,"2,S",18.0,"2,S",0.0,"2,S",19660225.0,",2,S",,,19660227.0,"+,2,S",1.1,"2,S,25,",,,26.1,"2,S,27,+",,,111.9,"2,S",,,1.375,"4,S",2.1390000000000002,"2,,,S",0.611,"2,,,S"
AGE00147719,1966-03-01,33.7997,2.89,767.0,"LAGHOUAT, AG",,,,,,,,,,,0.0,"3,S",7.0,"3,S",0.0,"4,S",6.0,"4,S",0.0,"4,S",19660316.0,",3,S",,,19660329.0,",4,S",-2.2,"3,S,16,",,,26.1,"4,S,29,",,,,,,,1.093,"7,S",1.7899999999999998,"4,,,S",0.397,"3,,,S"
AGE00147719,1967-02-01,33.7997,2.89,767.0,"LAGHOUAT, AG",,,,,,,,,,,0.0,"5,S",3.0,"5,S",0.0,"3,S",6.0,"3,S",0.0,"3,S",19670210.0,",5,S",,,19670223.0,",3,S",-2.2,"5,S,10,",,,26.1,"3,S,23,",,,,,,,1.03,"8,S",1.627,"3,,,S",0.433,"5,,,S"
AGE00147719,1967-03-01,33.7997,2.89,767.0,"LAGHOUAT, AG",,,0.3,"3,S",,,,,,,0.0,"3,S",2.0,"3,S",0.0,"1,S",18.0,"1,S",0.0,"1,S",19670317.0,"+,3,S",,,19670302.0,",1,S",0.0,"3,S,17,+",,,30.0,"1,S,02,",,,121.1,"1,S",,,1.393,"3,S",2.153,"1,,,S",0.633,"3,,,S"
AGE00147719,1967-04-01,33.7997,2.89,767.0,"LAGHOUAT, AG",,,,,,,,,,,0.0,"3,S",0.0,"3,S",0.0,"4,S",20.0,"4,S",0.0,"4,S",19670402.0,",3,S",,,19670407.0,",4,S",1.1,"3,S,02,",,,30.0,"4,S,07,",,,,,,,1.504,"7,S",2.227,"4,,,S",0.782,"3,,,S"
AGE00147719,1967-05-01,33.7997,2.89,767.0,"LAGHOUAT, AG",,,107.0,"4,S",,,,,,,0.0,"2,S",0.0,"2,S",0.0,"2,S",29.0,"2,S",11.0,"2,S",19670520.0,",2,S",,,19670531.0,",2,S",7.8,"2,S,20,",,,37.2,"2,S,31,",,,7.5,"2,S",,,2.181,"4,S",2.947,"2,,,S",1.416,"2,,,S"
AGE00147719,1967-06-01,33.7997,2.89,767.0,"LAGHOUAT, AG",,,,,,,,,,,0.0,"4,S",0.0,"4,S",0.0,"2,S",28.0,"2,S",14.0,"2,S",19670603.0,",4,S",,,19670629.0,",2,S",11.1,"4,S,03,",,,38.9,"2,S,29,",,,,,,,2.433,"6,S",3.137,"2,,,S",1.7289999999999999,"4,,,S"
AGE00147719,1967-07-01,33.7997,2.89,767.0,"LAGHOUAT, AG",,,317.2,"3,S",,,,,,,0.0,"1,S",0.0,"1,S",0.0,"2,S",29.0,"2,S",29.0,"2,S",19670725.0,",1,S",,,19670707.0,",2,S",17.2,"1,S,25,",,,41.1,"2,S,07,",0.0,S,0.0,"2,S",,,2.955,"3,S",3.7340000000000004,"2,,,S",2.176,"1,,,S"
AGE00147719,1967-08-01,33.7997,2.89,767.0,"LAGHOUAT, AG",,,327.2,"4,S",,,,,,,0.0,"2,S",0.0,"2,S",0.0,"2,S",29.0,"2,S",29.0,"2,S",19670826.0,"+,2,S",,,19670803.0,",2,S",20.0,"2,S,26,+",,,42.2,"2,S,03,",0.0,S,0.0,"2,S",,,3.039,"4,S",3.818,"2,,,S",2.2600000000000002,"2,,,S"
AGE00147719,1967-09-01,33.7997,2.89,767.0,"LAGHOUAT, AG",,,,,,,,,,,0.0,"5,S",0.0,"5,S",0.0,"3,S",27.0,"3,S",13.0,"3,S",19670913.0,",5,S",,,19670901.0,",3,S",11.1,"5,S,13,",,,38.9,"3,S,01,",,,,,,,2.426,"7,S",3.119,"3,,,S",1.7329999999999999,"5,,,S"
AGE00147719,1967-10-01,33.7997,2.89,767.0,"LAGHOUAT, AG",,,44.9,"4,S",,,,,,,0.0,"1,S",0.0,"1,S",0.0,"4,S",24.0,"4,S",2.0,"4,S",19671030.0,",1,S",,,19671004.0,",4,S",7.8,"1,S,30,",,,32.8,"4,S,04,",,,15.8,"4,S",,,1.936,"4,S",2.58,"4,,,S",1.292,"1,,,S"
AGE00147719,1967-12-01,33.7997,2.89,767.0,"LAGHOUAT, AG",,,0.0,"3,S",,,,,,,0.0,"3,S",17.0,"3,S",0.0,",S",0.0,",S",0.0,",S",19671220.0,"+,3,S",,,19671207.0,",,S",-5.0,"3,S,20,+",,,18.9,",S,07,",,,347.0,",S",,,0.595,"3,S",1.236,",,,S",-0.046,"3,,,S"
AGE00147719,2001-07-01,33.7997,2.89,767.0,"LAGHOUAT, AG",,,,,,,,,,,0.0,"3,S",0.0,"3,S",0.0,"4,S",27.0,"4,S",27.0,"4,S",20010726.0,",3,S",,,20010731.0,",4,S",18.9,"3,S,26,",,,43.1,"4,S,31,",,,,,,,3.2479999999999998,"6,S",4.061999999999999,"4,,,S",2.434,"3,,,S"
AGE00147719,2001-09-01,33.7997,2.89,767.0,"LAGHOUAT, AG",,,,,,,,,,,0.0,"5,S",0.0,"5,S",0.0,"4,S",26.0,"4,S",15.0,"4,S",20010915.0,",5,S",,,20010905.0,",4,S",16.5,"5,S,15,",,,39.2,"4,S,05,",,,,,,,2.647,"8,S",3.314,"4,,,S",1.98,"5,,,S"
AGE00147719,2002-06-01,33.7997,2.89,767.0,"LAGHOUAT, AG",,,,,,,,,,,0.0,"3,S",0.0,"3,S",0.0,"3,S",27.0,"3,S",22.0,"3,S",20020610.0,",3,S",,,20020621.0,",3,S",11.0,"3,S,10,",,,40.5,"3,S,21,",,,,,,,2.835,"6,S",3.6,"3,,,S",2.069,"3,,,S"
AGE00147719,2002-10-01,33.7997,2.89,767.0,"LAGHOUAT, AG",,,50.3,"4,S",,,,,,,0.0,"2,S",0.0,"2,S",0.0,"3,S",26.0,"3,S",2.0,"3,S",20021030.0,",2,S",,,20021021.0,",3,S",7.4,"2,S,30,",,,33.1,"3,S,21,",,,13.2,"3,S",,,1.954,"4,S",2.717,"3,,,S",1.19,"2,,,S"
AGE00147719,2002-11-01,33.7997,2.89,767.0,"LAGHOUAT, AG",,,,,,,,,,,0.0,"5,S",0.0,"5,S",0.0,"3,S",12.0,"3,S",0.0,"3,S",20021119.0,",5,S",,,20021112.0,",3,S",3.5,"5,S,19,",,,27.0,"3,S,12,",,,,,,,1.4,"7,S",2.0309999999999997,"3,,,S",0.769,"5,,,S"
AGE00147719,2003-07-01,33.7997,2.89,767.0,"LAGHOUAT, AG",,,388.7,"4,S",,,,,,,0.0,"3,S",0.0,"3,S",0.0,"1,S",30.0,"1,S",30.0,"1,S",20030701.0,",3,S",,,20030716.0,",1,S",21.2,"3,S,01,",,,43.5,"1,S,16,",0.0,S,0.0,"1,S",,,3.285,"4,S",4.089,"1,,,S",2.48,"3,,,S"
AGE00147719,2018-01-01,33.7997,2.89,767.0,"LAGHOUAT, AG",,,,,1.0,"2,S",1.0,"2,S",0.0,"2,S",0.0,"5,S",3.0,"5,S",0.0,"4,S",4.0,"4,S",0.0,"4,S",20180110.0,",5,S",20180108.0,",2,S",20180123.0,",4,S",-0.6,"5,S,10,",7.9,"2,,S,08,",23.3,"4,S,23,",,,,,7.9,"2,,,S",0.9710000000000001,"7,S",1.6190000000000002,"4,,,S",0.323,"5,,,S"
AGE00147719,2018-02-01,33.7997,2.89,767.0,"LAGHOUAT, AG",,,0.0,"2,S",3.0,",S",3.0,",S",0.0,",S",0.0,",S",6.0,",S",0.0,"2,S",0.0,"2,S",0.0,"2,S",20180205.0,",,S",20180201.0,",,S",20180215.0,",2,S",-3.7,",S,05,",7.9,",,S,01,",21.0,"2,S,15,",,,244.8,"2,S",16.1,",,,S",0.8960000000000001,"2,S",1.48,"2,,,S",0.312,",,,S"
AGE00147719,2018-03-01,33.7997,2.89,767.0,"LAGHOUAT, AG",,,,,2.0,"4,S",0.0,"4,S",0.0,"4,S",0.0,"5,S",0.0,"5,S",0.0,"5,S",10.0,"5,S",0.0,"5,S",20180322.0,",5,S",20180319.0,",4,S",20180315.0,",5,S",0.2,"5,S,22,",1.0,"4,,S,19,",28.0,"5,S,15,",,,,,1.3,"4,,,S",1.432,"6,S",2.009,"5,,,S",0.8550000000000001,"5,,,S"
AGE00147719,2018-04-01,33.7997,2.89,767.0,"LAGHOUAT, AG",,,,,5.0,",S",3.0,",S",0.0,",S",0.0,"4,S",0.0,"4,S",0.0,"4,S",20.0,"4,S",0.0,"4,S",20180409.0,",4,S",20180425.0,",,S",20180424.0,",4,S",4.5,"4,S,09,",7.1,",,S,25,",30.7,"4,S,24,",,,,,15.6,",,,S",1.706,"7,S",2.427,"4,,,S",0.984,"4,,,S"
AGE00147719,2018-06-01,33.7997,2.89,767.0,"LAGHOUAT, AG",,,,,1.0,"1,S",0.0,"1,S",0.0,"1,S",0.0,"4,S",0.0,"4,S",0.0,"4,S",26.0,"4,S",19.0,"4,S",20180608.0,",4,S",20180606.0,",1,S",20180630.0,",4,S",15.6,"4,S,08,",0.3,"1,,S,06,",42.0,"4,S,30,",,,,,0.3,"1,,,S",2.714,"8,S",3.4490000000000003,"4,,,S",1.9780000000000002,"4,,,S"
AGE00147719,2018-10-01,33.7997,2.89,767.0,"LAGHOUAT, AG",,,28.8,"5,S",6.0,"3,S",3.0,"3,S",0.0,"3,S",0.0,"5,S",0.0,"5,S",0.0,"2,S",24.0,"2,S",0.0,"2,S",20181030.0,",5,S",20181016.0,",3,S",20181007.0,",2,S",4.0,"5,S,30,",8.9,"3,,S,16,",30.0,"2,S,07,",,,45.2,"2,S",25.6,"3,,,S",1.7690000000000001,"5,S",2.3649999999999998,"2,,,S",1.173,"5,,,S"
AGE00147719,2018-11-01,33.7997,2.89,767.0,"LAGHOUAT, AG",,,0.0,"5,S",4.0,"2,S",1.0,"2,S",0.0,"2,S",0.0,"5,S",0.0,"5,S",0.0,",S",4.0,",S",0.0,",S",20181107.0,"+,5,S",20181125.0,",2,S",20181108.0,",,S",3.0,"5,S,07,+",3.0,"2,,S,25,",23.0,",S,08,",,,138.5,",S",4.8,"2,,,S",1.27,"5,S",1.8820000000000001,",,,S",0.659,"5,,,S"
AGE00147719,2018-12-01,33.7997,2.89,767.0,"LAGHOUAT, AG",,,0.0,"2,S",0.0,"1,S",0.0,"1,S",0.0,"1,S",0.0,"1,S",3.0,"1,S",0.0,"2,S",6.0,"2,S",0.0,"2,S",20181231.0,",1,S",20181231.0,"+,1,S",20181204.0,",2,S",-1.0,"1,S,31,",0.0,"1,,S,31,+",24.3,"2,S,04,",,,232.1,"2,S",0.0,"1,,,S",1.038,"2,S",1.8219999999999998,"2,,,S",0.254,"1,,,S"
