STATION,DATE,LATITUDE,LONGITUDE,ELEVATION,NAME,CDSD,CDSD_ATTRIBUTES,CLDD,CLDD_ATTRIBUTES,DP01,DP01_ATTRIBUTES,DP10,DP10_ATTRIBUTES,DP1X,DP1X_ATTRIBUTES,DT00,DT00_ATTRIBUTES,DT32,DT32_ATTRIBUTES,DX32,DX32_ATTRIBUTES,DX70,DX70_ATTRIBUTES,DX90,DX90_ATTRIBUTES,DYNT,DYNT_ATTRIBUTES,DYXP,DYXP_ATTRIBUTES,DYXT,DYXT_ATTRIBUTES,EMNT,EMNT_ATTRIBUTES,EMXP,EMXP_ATTRIBUTES,EMXT,EMXT_ATTRIBUTES,HDSD,HDSD_ATTRIBUTES,HTDD,HTDD_ATTRIBUTES,PRCP,PRCP_ATTRIBUTES,TAVG,TAVG_ATTRIBUTES,TMAX,TMAX_ATTRIBUTES,TMIN,TMIN_ATTRIBUTES
AGE00135039,1852-01-01,35.7297,0.65,50.0,"ORAN HOPITAL MILITAIRE, AG",0.0,E,0.0,"1,E",11,",E",8,",E",1,",E",0.0,"1,E",0.0,"1,E",0.0,"1,E",0.0,"1,E",0.0,"1,E",18520107.0,",1,E",18520103,",,E",18520131.0,",1,E",3.5,"1,E,07,",25.5,",,E,03,",16.3,"1,E,31,",,,225.3,"1,E",77.7,",,,E",1.082,"1,E",1.4140000000000001,"1,,,E",0.75,"1,,,E"
AGE00135039,1852-03-01,35.7297,0.65,50.0,"ORAN HOPITAL MILITAIRE, AG",,,0.9,"4,E",3,",E",3,",E",0,",E",0.0,"4,E",0.0,"4,E",0.0,"4,E",4.0,"4,E",0.0,"4,E",18520303.0,",4,E",18520306,",,E",18520331.0,"+,4,E",3.5,"4,E,03,",22.0,",,E,06,",23.0,"4,E,31,+",,,146.6,"4,E",37.0,",,,E",1.294,"4,E",1.686,"4,,,E",0.901,"4,,,E"
AGE00135039,1852-04-01,35.7297,0.65,50.0,"ORAN HOPITAL MILITAIRE, AG",,,0.0,"5,E",7,",E",6,",E",1,",E",0.0,"5,E",0.0,"5,E",0.0,"5,E",5.0,"5,E",0.0,"5,E",18520407.0,",5,E",18520427,",,E",18520401.0,",5,E",8.0,"5,E,07,",31.5,",,E,27,",22.5,"5,E,01,",,,72.6,"5,E",68.8,",,,E",1.543,"5,E",1.964,"5,,,E",1.122,"5,,,E"
AGE00135039,1852-06-01,35.7297,0.65,50.0,"ORAN HOPITAL MILITAIRE, AG",,,88.3,"4,E",0,",E",0,",E",0,",E",0.0,"4,E",0.0,"4,E",0.0,"4,E",26.0,"4,E",0.0,"4,E",18520601.0,",4,E",18520630,"+,,E",18520623.0,",4,E",13.5,"4,E,01,",0.0,",,E,30,+",31.0,"4,E,23,",,,0.0,"4,E",0.0,",,,E",2.173,"4,E",2.6670000000000003,"4,,,E",1.6789999999999998,"4,,,E"
AGE00135039,1852-07-01,35.7297,0.65,50.0,"ORAN HOPITAL MILITAIRE, AG",,,144.4,"5,E",0,",E",0,",E",0,",E",0.0,"5,E",0.0,"5,E",0.0,"5,E",26.0,"5,E",0.0,"5,E",18520717.0,"+,5,E",18520731,"+,,E",18520724.0,",5,E",18.0,"5,E,17,+",0.0,",,E,31,+",32.0,"5,E,24,",0.0,,0.0,"5,E",0.0,",,,E",2.3890000000000002,"5,E",2.743,"5,,,E",2.035,"5,,,E"
AGE00135039,1852-08-01,35.7297,0.65,50.0,"ORAN HOPITAL MILITAIRE, AG",,,157.6,"5,E",1,",E",0,",E",0,",E",0.0,"5,E",0.0,"5,E",0.0,"5,E",26.0,"5,E",5.0,"5,E",18520819.0,",5,E",18520802,",,E",18520805.0,",5,E",17.0,"5,E,19,",0.5,",,E,02,",35.0,"5,E,05,",0.0,,0.0,"5,E",0.5,",,,E",2.44,"5,E",2.8760000000000003,"5,,,E",2.003,"5,,,E"
AGE00135039,1852-09-01,35.7297,0.65,50.0,"ORAN HOPITAL MILITAIRE, AG",,,106.9,"4,E",2,",E",2,",E",0,",E",0.0,"4,E",0.0,"4,E",0.0,"4,E",26.0,"4,E",0.0,"4,E",18520930.0,",4,E",18520906,",,E",18520909.0,",4,E",15.0,"4,E,30,",11.0,",,E,06,",28.0,"4,E,09,",0.0,,0.0,"4,E",15.5,",,,E",2.244,"4,E",2.593,"4,,,E",1.895,"4,,,E"
AGE00135039,1852-10-01,35.7297,0.65,50.0,"ORAN HOPITAL MILITAIRE, AG",,,33.4,"5,E",2,",E",2,",E",0,",E",0.0,"5,E",0.0,"5,E",0.0,"5,E",21.0,"5,E",0.0,"5,E",18521030.0,",5,E",18521013,",,E",18521004.0,",5,E",11.0,"5,E,30,",6.0,",,E,13,",30.0,"5,E,04,",7.8,,7.8,"5,E",9.0,",,,E",1.932,"5,E",2.314,"5,,,E",1.549,"5,,,E"
AGE00135039,1852-11-01,35.7297,0.65,50.0,"ORAN HOPITAL MILITAIRE, AG",,,5.1,"5,E",3,",E",3,",E",1,",E",0.0,"5,E",0.0,"5,E",0.0,"5,E",10.0,"5,E",0.0,"5,E",18521130.0,",5,E",18521105,",,E",18521106.0,"+,5,E",8.0,"5,E,30,",29.8,",,E,05,",24.0,"5,E,06,+",51.4,,43.6,"5,E",55.3,",,,E",1.6789999999999998,"5,E",2.0309999999999997,"5,,,E",1.327,"5,,,E"
AGE00135039,1852-12-01,35.7297,0.65,50.0,"ORAN HOPITAL MILITAIRE, AG",,,0.0,"5,E",3,",E",2,",E",0,",E",0.0,"5,E",0.0,"5,E",0.0,"5,E",0.0,"5,E",0.0,"5,E",18521224.0,"+,5,E",18521229,",,E",18521220.0,",5,E",5.0,"5,E,24,+",5.8,",,E,29,",19.3,"5,E,20,",201.4,,150.0,"5,E",12.8,",,,E",1.2570000000000001,"5,E",1.6190000000000002,"5,,,E",0.8939999999999999,"5,,,E"
AGE00135039,1853-02-01,35.7297,0.65,50.0,"ORAN HOPITAL MILITAIRE, AG",,,0.0,"4,E",19,",E",18,",E",4,",E",0.0,"4,E",0.0,"4,E",0.0,"4,E",0.0,"4,E",0.0,"4,E",18530228.0,"+,4,E",18530205,",,E",18530226.0,",4,E",5.0,"4,E,28,+",33.0,",,E,05,",16.5,"4,E,26,",,,193.1,"4,E",293.0,",,,E",1.029,"4,E",1.358,"4,,,E",0.6990000000000001,"4,,,E"
AGE00135039,1853-03-01,35.7297,0.65,50.0,"ORAN HOPITAL MILITAIRE, AG",,,0.0,"4,E",6,",E",5,",E",0,",E",0.0,"4,E",0.0,"4,E",0.0,"4,E",1.0,"4,E",0.0,"4,E",18530301.0,",4,E",18530322,"+,,E",18530331.0,",4,E",3.5,"4,E,01,",10.0,",,E,22,+",21.5,"4,E,31,",,,171.3,"4,E",39.0,",,,E",1.199,"4,E",1.6,"4,,,E",0.798,"4,,,E"
AGE00135039,1853-04-01,35.7297,0.65,50.0,"ORAN HOPITAL MILITAIRE, AG",,,4.5,"5,E",2,",E",1,",E",0,",E",0.0,"5,E",0.0,"5,E",0.0,"5,E",10.0,"5,E",0.0,"5,E",18530415.0,",5,E",18530421,",,E",18530406.0,",5,E",8.5,"5,E,15,",9.0,",,E,21,",25.3,"5,E,06,",,,48.3,"5,E",11.0,",,,E",1.658,"5,E",2.104,"5,,,E",1.212,"5,,,E"
AGE00135039,1853-06-01,35.7297,0.65,50.0,"ORAN HOPITAL MILITAIRE, AG",,,66.5,"4,E",2,",E",2,",E",0,",E",0.0,"4,E",0.0,"4,E",0.0,"4,E",26.0,"4,E",0.0,"4,E",18530602.0,",4,E",18530604,",,E",18530627.0,",4,E",13.0,"4,E,02,",16.0,",,E,04,",31.8,"4,E,27,",,,0.4,"4,E",18.5,",,,E",2.087,"4,E",2.571,"4,,,E",1.6030000000000002,"4,,,E"
AGE00135039,1853-07-01,35.7297,0.65,50.0,"ORAN HOPITAL MILITAIRE, AG",,,150.1,"5,E",0,",E",0,",E",0,",E",0.0,"5,E",0.0,"5,E",0.0,"5,E",26.0,"5,E",1.0,"5,E",18530706.0,",5,E",18530731,"+,,E",18530714.0,",5,E",16.3,"5,E,06,",0.0,",,E,31,+",34.5,"5,E,14,",0.0,E,0.0,"5,E",0.0,",,,E",2.411,"5,E",2.808,"5,,,E",2.013,"5,,,E"
AGE00135039,1853-08-01,35.7297,0.65,50.0,"ORAN HOPITAL MILITAIRE, AG",,,192.4,"5,E",0,",E",0,",E",0,",E",0.0,"5,E",0.0,"5,E",0.0,"5,E",26.0,"5,E",3.0,"5,E",18530813.0,",5,E",18530831,"+,,E",18530820.0,",5,E",18.0,"5,E,13,",0.0,",,E,31,+",35.3,"5,E,20,",0.0,E,0.0,"5,E",0.0,",,,E",2.573,"5,E",3.008,"5,,,E",2.138,"5,,,E"
AGE00135039,1853-09-01,35.7297,0.65,50.0,"ORAN HOPITAL MILITAIRE, AG",,,100.3,"4,E",0,",E",0,",E",0,",E",0.0,"4,E",0.0,"4,E",0.0,"4,E",26.0,"4,E",2.0,"4,E",18530930.0,",4,E",18530930,"+,,E",18530901.0,",4,E",13.3,"4,E,30,",0.0,",,E,30,+",32.5,"4,E,01,",0.4,E,0.4,"4,E",0.0,",,,E",2.218,"4,E",2.5829999999999997,"4,,,E",1.8519999999999999,"4,,,E"
AGE00135039,1853-10-01,35.7297,0.65,50.0,"ORAN HOPITAL MILITAIRE, AG",,,10.6,"5,E",2,",E",0,",E",0,",E",0.0,"5,E",0.0,"5,E",0.0,"5,E",14.0,"5,E",0.0,"5,E",18531021.0,",5,E",18531010,",,E",18531006.0,",5,E",9.5,"5,E,21,",2.0,",,E,10,",26.0,"5,E,06,",25.7,E,25.3,"5,E",3.5,",,,E",1.777,"5,E",2.185,"5,,,E",1.369,"5,,,E"
AGE00135039,1853-11-01,35.7297,0.65,50.0,"ORAN HOPITAL MILITAIRE, AG",,,0.0,"5,E",11,",E",9,",E",2,",E",0.0,"5,E",0.0,"5,E",0.0,"5,E",0.0,"5,E",0.0,"5,E",18531128.0,",5,E",18531121,",,E",18531105.0,",5,E",5.0,"5,E,28,",40.0,",,E,21,",20.5,"5,E,05,",135.6,E,109.9,"5,E",138.5,",,,E",1.394,"5,E",1.75,"5,,,E",1.037,"5,,,E"
AGE00135039,1853-12-01,35.7297,0.65,50.0,"ORAN HOPITAL MILITAIRE, AG",,,0.0,"4,E",11,",E",8,",E",0,",E",0.0,"4,E",0.0,"4,E",0.0,"4,E",0.0,"4,E",0.0,"4,E",18531217.0,",4,E",18531229,",,E",18531213.0,",4,E",4.5,"4,E,17,",17.0,",,E,29,",19.5,"4,E,13,",332.2,E,196.6,"4,E",65.3,",,,E",1.105,"4,E",1.436,"4,,,E",0.774,"4,,,E"
AGE00135039,1857-01-01,35.7297,0.65,50.0,"ORAN HOPITAL MILITAIRE, AG",0.0,E,0.0,"5,E",20,",E",18,",E",4,",E",0.0,"5,E",0.0,"5,E",0.0,"5,E",0.0,"5,E",0.0,"5,E",18570128.0,"+,5,E",18570107,",,E",18570111.0,",5,E",3.0,"5,E,28,+",55.0,",,E,07,",18.0,"5,E,11,",,,245.3,"5,E",291.0,",,,E",0.89,"5,E",1.165,"5,,,E",0.615,"5,,,E"
AGE00135039,1857-02-01,35.7297,0.65,50.0,"ORAN HOPITAL MILITAIRE, AG",0.0,E,0.0,"5,E",13,",E",9,",E",2,",E",0.0,"5,E",0.0,"5,E",0.0,"5,E",0.0,"5,E",0.0,"5,E",18570201.0,",5,E",18570205,",,E",18570224.0,",5,E",3.2,"5,E,01,",36.5,",,E,05,",18.5,"5,E,24,",,,173.4,"5,E",117.0,",,,E",1.08,"5,E",1.383,"5,,,E",0.7769999999999999,"5,,,E"
AGE00135039,1857-03-01,35.7297,0.65,50.0,"ORAN HOPITAL MILITAIRE, AG",0.0,E,0.0,"4,E",14,",E",6,",E",4,",E",0.0,"4,E",0.0,"4,E",0.0,"4,E",0.0,"4,E",0.0,"4,E",18570310.0,",4,E",18570309,",,E",18570326.0,",4,E",4.0,"4,E,10,",52.0,",,E,09,",19.5,"4,E,26,",,,154.9,"4,E",177.8,",,,E",1.259,"4,E",1.575,"4,,,E",0.944,"4,,,E"
AGE00135039,1857-04-01,35.7297,0.65,50.0,"ORAN HOPITAL MILITAIRE, AG",0.4,E,0.4,"5,E",4,",E",3,",E",0,",E",0.0,"5,E",0.0,"5,E",0.0,"5,E",4.0,"5,E",0.0,"5,E",18570430.0,",5,E",18570412,",,E",18570426.0,",5,E",8.3,"5,E,30,",5.5,",,E,12,",24.0,"5,E,26,",,,73.9,"5,E",14.5,",,,E",1.5390000000000001,"5,E",1.951,"5,,,E",1.127,"5,,,E"
AGE00135039,1857-06-01,35.7297,0.65,50.0,"ORAN HOPITAL MILITAIRE, AG",,,51.6,"4,E",0,",E",0,",E",0,",E",0.0,"4,E",0.0,"4,E",0.0,"4,E",24.0,"4,E",0.0,"4,E",18570611.0,",4,E",18570630,"+,,E",18570630.0,",4,E",11.0,"4,E,11,",0.0,",,E,30,+",30.0,"4,E,30,",,,4.0,"4,E",0.0,",,,E",2.016,"4,E",2.425,"4,,,E",1.6079999999999999,"4,,,E"
AGE00135039,1857-07-01,35.7297,0.65,50.0,"ORAN HOPITAL MILITAIRE, AG",,,128.3,"4,E",0,",E",0,",E",0,",E",0.0,"4,E",0.0,"4,E",0.0,"4,E",27.0,"4,E",0.0,"4,E",18570724.0,",4,E",18570731,"+,,E",18570708.0,",4,E",17.3,"4,E,24,",0.0,",,E,31,+",31.8,"4,E,08,",0.0,E,0.0,"4,E",0.0,",,,E",2.308,"4,E",2.686,"4,,,E",1.9300000000000002,"4,,,E"
AGE00135039,1857-09-01,35.7297,0.65,50.0,"ORAN HOPITAL MILITAIRE, AG",,,108.9,"4,E",2,",E",1,",E",0,",E",0.0,"4,E",0.0,"4,E",0.0,"4,E",26.0,"4,E",0.0,"4,E",18570927.0,",4,E",18570925,",,E",18570909.0,",4,E",14.0,"4,E,27,",3.0,",,E,25,",30.7,"4,E,09,",,,0.0,"4,E",4.0,",,,E",2.252,"4,E",2.5949999999999998,"4,,,E",1.9100000000000001,"4,,,E"
AGE00135039,1857-10-01,35.7297,0.65,50.0,"ORAN HOPITAL MILITAIRE, AG",,,28.9,"5,E",5,",E",2,",E",0,",E",0.0,"5,E",0.0,"5,E",0.0,"5,E",14.0,"5,E",0.0,"5,E",18571027.0,"+,5,E",18571020,",,E",18571005.0,",5,E",12.0,"5,E,27,+",5.5,",,E,20,",27.0,"5,E,05,",,,20.3,"5,E",11.3,",,,E",1.8670000000000002,"5,E",2.218,"5,,,E",1.5150000000000001,"5,,,E"
AGE00135039,1857-11-01,35.7297,0.65,50.0,"ORAN HOPITAL MILITAIRE, AG",,,3.7,"4,E",7,",E",5,",E",2,",E",0.0,"4,E",0.0,"4,E",0.0,"4,E",6.0,"4,E",0.0,"4,E",18571119.0,",4,E",18571129,",,E",18571103.0,",4,E",4.0,"4,E,19,",26.0,",,E,29,",25.0,"4,E,03,",,,69.7,"4,E",88.0,",,,E",1.579,"4,E",1.935,"4,,,E",1.224,"4,,,E"
AGE00135039,1858-01-01,35.7297,0.65,50.0,"ORAN HOPITAL MILITAIRE, AG",0.0,E,0.0,"5,E",13,",E",9,",E",0,",E",0.0,"5,E",0.0,"5,E",0.0,"5,E",0.0,"5,E",0.0,"5,E",18580125.0,",5,E",18580110,",,E",18580127.0,",5,E",1.5,"5,E,25,",14.0,",,E,10,",14.5,"5,E,27,",,,247.9,"5,E",77.0,",,,E",0.8800000000000001,"5,E",1.207,"5,,,E",0.553,"5,,,E"
AGE00135039,1858-02-01,35.7297,0.65,50.0,"ORAN HOPITAL MILITAIRE, AG",0.0,E,0.0,"4,E",11,",E",11,",E",1,",E",0.0,"4,E",0.0,"4,E",0.0,"4,E",0.0,"4,E",0.0,"4,E",18580204.0,",4,E",18580219,",,E",18580222.0,",4,E",4.7,"4,E,04,",32.2,",,E,19,",19.5,"4,E,22,",,,165.9,"4,E",112.2,",,,E",1.142,"4,E",1.483,"4,,,E",0.8009999999999999,"4,,,E"
AGE00135039,1858-03-01,35.7297,0.65,50.0,"ORAN HOPITAL MILITAIRE, AG",0.0,E,0.0,"4,E",3,",E",1,",E",0,",E",0.0,"4,E",0.0,"4,E",0.0,"4,E",1.0,"4,E",0.0,"4,E",18580315.0,",4,E",18580312,",,E",18580331.0,",4,E",4.0,"4,E,15,",4.0,",,E,12,",21.5,"4,E,31,",,,144.5,"4,E",6.5,",,,E",1.298,"4,E",1.6969999999999998,"4,,,E",0.899,"4,,,E"
AGE00135039,1858-04-01,35.7297,0.65,50.0,"ORAN HOPITAL MILITAIRE, AG",1.8,E,1.8,"5,E",2,",E",2,",E",0,",E",0.0,"5,E",0.0,"5,E",0.0,"5,E",6.0,"5,E",0.0,"5,E",18580412.0,",5,E",18580421,",,E",18580430.0,",5,E",9.8,"5,E,12,",18.8,",,E,21,",28.0,"5,E,30,",,,49.3,"5,E",24.8,",,,E",1.6440000000000001,"5,E",2.039,"5,,,E",1.248,"5,,,E"
AGE00135039,1858-06-01,35.7297,0.65,50.0,"ORAN HOPITAL MILITAIRE, AG",,,86.3,"4,E",1,",E",0,",E",0,",E",0.0,"4,E",0.0,"4,E",0.0,"4,E",26.0,"4,E",0.0,"4,E",18580609.0,"+,4,E",18580611,",,E",18580623.0,",4,E",14.0,"4,E,09,+",1.0,",,E,11,",27.5,"4,E,23,",,,0.3,"4,E",1.0,",,,E",2.164,"4,E",2.512,"4,,,E",1.816,"4,,,E"
AGE00135039,1858-07-01,35.7297,0.65,50.0,"ORAN HOPITAL MILITAIRE, AG",,,134.5,"4,E",3,",E",1,",E",0,",E",0.0,"4,E",0.0,"4,E",0.0,"4,E",27.0,"4,E",1.0,"4,E",18580715.0,"+,4,E",18580705,",,E",18580728.0,",4,E",17.0,"4,E,15,+",10.5,",,E,05,",35.0,"4,E,28,",0.0,E,0.0,"4,E",12.0,",,,E",2.331,"4,E",2.711,"4,,,E",1.952,"4,,,E"
AGE00135039,1858-08-01,35.7297,0.65,50.0,"ORAN HOPITAL MILITAIRE, AG",,,157.6,"5,E",1,",E",1,",E",0,",E",0.0,"5,E",0.0,"5,E",0.0,"5,E",26.0,"5,E",0.0,"5,E",18580831.0,",5,E",18580828,",,E",18580819.0,",5,E",17.5,"5,E,31,",2.5,",,E,28,",30.0,"5,E,19,",0.0,E,0.0,"5,E",2.5,",,,E",2.439,"5,E",2.759,"5,,,E",2.12,"5,,,E"
AGE00135039,1858-09-01,35.7297,0.65,50.0,"ORAN HOPITAL MILITAIRE, AG",,,130.6,"4,E",0,",E",0,",E",0,",E",0.0,"4,E",0.0,"4,E",0.0,"4,E",26.0,"4,E",0.0,"4,E",18580924.0,",4,E",18580930,"+,,E",18580927.0,",4,E",16.5,"4,E,24,",0.0,",,E,30,+",31.0,"4,E,27,",0.0,E,0.0,"4,E",0.0,",,,E",2.336,"4,E",2.661,"4,,,E",2.0100000000000002,"4,,,E"
AGE00135039,1858-10-01,35.7297,0.65,50.0,"ORAN HOPITAL MILITAIRE, AG",,,29.8,"5,E",6,",E",5,",E",0,",E",0.0,"5,E",0.0,"5,E",0.0,"5,E",20.0,"5,E",0.0,"5,E",18581029.0,",5,E",18581020,",,E",18581004.0,",5,E",11.0,"5,E,29,",9.0,",,E,20,",26.0,"5,E,04,",9.7,E,9.7,"5,E",26.5,",,,E",1.911,"5,E",2.2239999999999998,"5,,,E",1.597,"5,,,E"
AGE00135039,1858-11-01,35.7297,0.65,50.0,"ORAN HOPITAL MILITAIRE, AG",,,8.4,"5,E",8,",E",7,",E",0,",E",0.0,"5,E",0.0,"5,E",0.0,"5,E",12.0,"5,E",0.0,"5,E",18581103.0,",5,E",18581108,",,E",18581115.0,"+,5,E",10.0,"5,E,03,",12.0,",,E,08,",24.0,"5,E,15,+",27.9,E,18.2,"5,E",47.5,",,,E",1.794,"5,E",2.168,"5,,,E",1.42,"5,,,E"
AGE00135039,1858-12-01,35.7297,0.65,50.0,"ORAN HOPITAL MILITAIRE, AG",,,0.0,"5,E",7,",E",3,",E",0,",E",0.0,"5,E",0.0,"5,E",0.0,"5,E",0.0,"5,E",0.0,"5,E",18581213.0,",5,E",18581225,",,E",18581201.0,",5,E",3.8,"5,E,13,",22.5,",,E,25,",18.5,"5,E,01,",194.7,E,166.8,"5,E",37.3,",,,E",1.192,"5,E",1.508,"5,,,E",0.876,"5,,,E"
AGE00135039,1859-02-01,35.7297,0.65,50.0,"ORAN HOPITAL MILITAIRE, AG",,,0.0,"4,E",9,",E",8,",E",1,",E",0.0,"4,E",0.0,"4,E",0.0,"4,E",0.0,"4,E",0.0,"4,E",18590226.0,"+,4,E",18590216,",,E",18590214.0,",4,E",4.0,"4,E,26,+",96.7,",,E,16,",17.3,"4,E,14,",,,195.5,"4,E",178.2,",,,E",1.019,"4,E",1.377,"4,,,E",0.6599999999999999,"4,,,E"
AGE00135039,1859-03-01,35.7297,0.65,50.0,"ORAN HOPITAL MILITAIRE, AG",,,0.0,"4,E",5,",E",5,",E",1,",E",0.0,"4,E",0.0,"4,E",0.0,"4,E",0.0,"4,E",0.0,"4,E",18590303.0,",4,E",18590321,",,E",18590329.0,",4,E",4.0,"4,E,03,",37.5,",,E,21,",20.0,"4,E,29,",,,170.8,"4,E",71.5,",,,E",1.201,"4,E",1.636,"4,,,E",0.765,"4,,,E"
AGE00135039,1859-04-01,35.7297,0.65,50.0,"ORAN HOPITAL MILITAIRE, AG",,,7.4,"5,E",0,",E",0,",E",0,",E",0.0,"5,E",0.0,"5,E",0.0,"5,E",15.0,"5,E",0.0,"5,E",18590401.0,",5,E",18590430,"+,,E",18590411.0,",5,E",8.2,"5,E,01,",0.0,",,E,30,+",27.5,"5,E,11,",,,43.9,"5,E",0.0,",,,E",1.687,"5,E",2.178,"5,,,E",1.197,"5,,,E"
AGE00135039,1859-05-01,35.7297,0.65,50.0,"ORAN HOPITAL MILITAIRE, AG",,,4.2,"5,E",4,",E",3,",E",0,",E",0.0,"5,E",0.0,"5,E",0.0,"5,E",18.0,"5,E",0.0,"5,E",18590509.0,"+,5,E",18590504,",,E",18590519.0,",5,E",12.0,"5,E,09,+",8.5,",,E,04,",23.8,"5,E,19,",,,18.8,"5,E",16.8,",,,E",1.777,"5,E",2.176,"5,,,E",1.378,"5,,,E"
AGE00135039,1859-07-01,35.7297,0.65,50.0,"ORAN HOPITAL MILITAIRE, AG",,,141.1,"5,E",0,",E",0,",E",0,",E",0.0,"5,E",0.0,"5,E",0.0,"5,E",26.0,"5,E",0.0,"5,E",18590730.0,",5,E",18590731,"+,,E",18590722.0,",5,E",17.0,"5,E,30,",0.0,",,E,31,+",30.7,"5,E,22,",0.0,E,0.0,"5,E",0.0,",,,E",2.3760000000000003,"5,E",2.7030000000000003,"5,,,E",2.049,"5,,,E"
AGE00135039,1859-08-01,35.7297,0.65,50.0,"ORAN HOPITAL MILITAIRE, AG",,,160.8,"5,E",5,",E",1,",E",0,",E",0.0,"5,E",0.0,"5,E",0.0,"5,E",26.0,"5,E",0.0,"5,E",18590801.0,",5,E",18590828,",,E",18590801.0,",5,E",17.7,"5,E,01,",10.8,",,E,28,",30.7,"5,E,01,",0.0,E,0.0,"5,E",13.1,",,,E",2.452,"5,E",2.81,"5,,,E",2.0940000000000003,"5,,,E"
AGE00135039,1859-09-01,35.7297,0.65,50.0,"ORAN HOPITAL MILITAIRE, AG",,,115.2,"4,E",2,",E",1,",E",0,",E",0.0,"4,E",0.0,"4,E",0.0,"4,E",26.0,"4,E",0.0,"4,E",18590920.0,",4,E",18590919,",,E",18590902.0,",4,E",15.0,"4,E,20,",14.0,",,E,19,",30.0,"4,E,02,",0.0,E,0.0,"4,E",14.5,",,,E",2.2760000000000002,"4,E",2.638,"4,,,E",1.9149999999999998,"4,,,E"
AGE00135039,1859-10-01,35.7297,0.65,50.0,"ORAN HOPITAL MILITAIRE, AG",,,,,4,",E",1,",E",0,",E",0.0,"5,E",0.0,"5,E",0.0,"5,E",23.0,"5,E",0.0,"5,E",18591025.0,",5,E",18591023,",,E",18591003.0,",5,E",11.0,"5,E,25,",4.3,",,E,23,",26.8,"5,E,03,",,,,,6.8,",,,E",1.9440000000000002,"6,E",2.2649999999999997,"5,,,E",1.6219999999999999,"5,,,E"
AGE00135039,1859-11-01,35.7297,0.65,50.0,"ORAN HOPITAL MILITAIRE, AG",,,0.1,"5,E",3,",E",2,",E",0,",E",0.0,"5,E",0.0,"5,E",0.0,"5,E",1.0,"5,E",0.0,"5,E",18591119.0,",5,E",18591125,"+,,E",18591104.0,",5,E",5.7,"5,E,19,",2.5,",,E,25,+",24.5,"5,E,04,",,,100.9,"5,E",6.0,",,,E",1.4300000000000002,"5,E",1.775,"5,,,E",1.085,"5,,,E"
AGE00135039,1859-12-01,35.7297,0.65,50.0,"ORAN HOPITAL MILITAIRE, AG",,,,,5,",E",4,",E",0,",E",0.0,"5,E",0.0,"5,E",0.0,"5,E",0.0,"5,E",0.0,"5,E",18591223.0,"+,5,E",18591201,",,E",18591227.0,",5,E",2.5,"5,E,23,+",14.0,",,E,01,",19.0,"5,E,27,",,,,,29.0,",,,E",1.124,"6,E",1.467,"5,,,E",0.7809999999999999,"5,,,E"
AGE00135039,1860-01-01,35.7297,0.65,50.0,"ORAN HOPITAL MILITAIRE, AG",0.0,,0.0,"5,E",6,",E",2,",E",0,",E",0.0,"5,E",0.0,"5,E",0.0,"5,E",0.0,"5,E",0.0,"5,E",18600127.0,",5,E",18600117,",,E",18600105.0,"+,5,E",5.0,"5,E,27,",19.5,",,E,17,",19.0,"5,E,05,+",,,154.1,"5,E",42.0,",,,E",1.241,"5,E",1.587,"5,,,E",0.8939999999999999,"5,,,E"
AGE00135039,1860-02-01,35.7297,0.65,50.0,"ORAN HOPITAL MILITAIRE, AG",0.0,,0.0,"5,E",13,",E",7,",E",1,",E",0.0,"5,E",0.0,"5,E",0.0,"4,E",0.0,"4,E",0.0,"4,E",18600216.0,",5,E",18600217,",,E",18600209.0,"+,4,E",1.3,"5,E,16,",80.0,",,E,17,",18.0,"4,E,09,+",,,225.2,"4,E",151.0,",,,E",0.885,"5,E",1.247,"4,,,E",0.524,"5,,,E"
AGE00135039,1860-03-01,35.7297,0.65,50.0,"ORAN HOPITAL MILITAIRE, AG",,,,,6,",E",4,",E",0,",E",0.0,"5,E",0.0,"5,E",0.0,"5,E",0.0,"5,E",0.0,"5,E",18600312.0,",5,E",18600308,",,E",18600324.0,",5,E",2.3,"5,E,12,",12.0,",,E,08,",20.7,"5,E,24,",,,,,35.2,",,,E",1.262,"6,E",1.6,"5,,,E",0.923,"5,,,E"
AGE00135039,1860-06-01,35.7297,0.65,50.0,"ORAN HOPITAL MILITAIRE, AG",,,81.7,"4,E",3,",E",1,",E",0,",E",0.0,"4,E",0.0,"4,E",0.0,"4,E",26.0,"4,E",0.0,"4,E",18600618.0,"+,4,E",18600607,",,E",18600602.0,",4,E",15.0,"4,E,18,+",12.8,",,E,07,",29.2,"4,E,02,",,,0.0,"4,E",14.6,",,,E",2.148,"4,E",2.529,"4,,,E",1.766,"4,,,E"
AGE00135039,1860-07-01,35.7297,0.65,50.0,"ORAN HOPITAL MILITAIRE, AG",,,117.7,"5,E",0,",E",0,",E",0,",E",0.0,"5,E",0.0,"5,E",0.0,"5,E",26.0,"5,E",0.0,"5,E",18600720.0,",5,E",18600731,"+,,E",18600709.0,",5,E",17.3,"5,E,20,",0.0,",,E,31,+",31.0,"5,E,09,",0.0,,0.0,"5,E",0.0,",,,E",2.286,"5,E",2.609,"5,,,E",1.9629999999999999,"5,,,E"
AGE00135039,1860-08-01,35.7297,0.65,50.0,"ORAN HOPITAL MILITAIRE, AG",,,140.0,"5,E",0,",E",0,",E",0,",E",0.0,"5,E",0.0,"5,E",0.0,"5,E",26.0,"5,E",0.0,"5,E",18600801.0,",5,E",18600831,"+,,E",18600829.0,",5,E",17.5,"5,E,01,",0.0,",,E,31,+",30.5,"5,E,29,",0.0,,0.0,"5,E",0.0,",,,E",2.372,"5,E",2.66,"5,,,E",2.084,"5,,,E"
AGE00135039,1860-09-01,35.7297,0.65,50.0,"ORAN HOPITAL MILITAIRE, AG",,,67.6,"5,E",0,",E",0,",E",0,",E",0.0,"5,E",0.0,"5,E",0.0,"5,E",21.0,"5,E",0.0,"5,E",18600926.0,",5,E",18600930,"+,,E",18600901.0,",5,E",11.0,"5,E,26,",0.0,",,E,30,+",31.0,"5,E,01,",5.1,,5.1,"5,E",0.0,",,,E",2.0829999999999997,"5,E",2.394,"5,,,E",1.7730000000000001,"5,,,E"
AGE00135039,1860-10-01,35.7297,0.65,50.0,"ORAN HOPITAL MILITAIRE, AG",,,2.4,"4,E",6,",E",4,",E",0,",E",0.0,"4,E",0.0,"4,E",0.0,"4,E",4.0,"4,E",0.0,"4,E",18601015.0,",4,E",18601006,",,E",18601012.0,",4,E",10.0,"4,E,15,",14.5,",,E,06,",23.5,"4,E,12,",37.5,,32.4,"4,E",33.6,",,,E",1.722,"4,E",2.0300000000000002,"4,,,E",1.415,"4,,,E"
AGE00135039,1860-11-01,35.7297,0.65,50.0,"ORAN HOPITAL MILITAIRE, AG",,,2.0,"5,E",4,",E",2,",E",0,",E",0.0,"5,E",0.0,"5,E",0.0,"5,E",4.0,"5,E",0.0,"5,E",18601126.0,",5,E",18601125,",,E",18601107.0,",5,E",9.8,"5,E,26,",4.8,",,E,25,",22.5,"5,E,07,",98.9,,61.4,"5,E",11.6,",,,E",1.596,"5,E",1.9170000000000003,"5,,,E",1.275,"5,,,E"
AGE00135039,1862-12-01,35.7297,0.65,50.0,"ORAN HOPITAL MILITAIRE, AG",,,0.0,"5,E",7,",E",6,",E",0,",E",0.0,"5,E",0.0,"5,E",0.0,"5,E",0.0,"5,E",0.0,"5,E",18621226.0,",5,E",18621230,",,E",18621203.0,",5,E",2.5,"5,E,26,",18.5,",,E,30,",19.5,"5,E,03,",,,200.7,"5,E",47.5,",,,E",1.0619999999999998,"5,E",1.402,"5,,,E",0.721,"5,,,E"
AGE00135039,1863-01-01,35.7297,0.65,50.0,"ORAN HOPITAL MILITAIRE, AG",0.0,E,0.0,"5,E",5,",E",4,",E",0,",E",0.0,"5,E",0.0,"5,E",0.0,"5,E",0.0,"5,E",0.0,"5,E",18630128.0,",5,E",18630117,",,E",18630110.0,"+,5,E",2.0,"5,E,28,",11.8,",,E,17,",16.5,"5,E,10,+",,,227.4,"5,E",29.6,",,,E",0.959,"5,E",1.329,"5,,,E",0.588,"5,,,E"
AGE00135039,1863-02-01,35.7297,0.65,50.0,"ORAN HOPITAL MILITAIRE, AG",,,,,12,",E",7,",E",2,",E",0.0,"5,E",0.0,"5,E",0.0,"5,E",0.0,"5,E",0.0,"5,E",18630220.0,",5,E",18630216,",,E",18630213.0,",5,E",3.0,"5,E,20,",62.0,",,E,16,",15.5,"5,E,13,",,,,,150.0,",,,E",1.009,"6,E",1.3130000000000002,"5,,,E",0.704,"5,,,E"
AGE00135039,1863-03-01,35.7297,0.65,50.0,"ORAN HOPITAL MILITAIRE, AG",,,0.0,"5,E",7,",E",6,",E",0,",E",0.0,"5,E",0.0,"5,E",0.0,"5,E",0.0,"5,E",0.0,"5,E",18630303.0,",5,E",18630313,",,E",18630330.0,",5,E",5.0,"5,E,03,",17.0,",,E,13,",21.0,"5,E,30,",,,154.2,"5,E",37.1,",,,E",1.24,"5,E",1.567,"5,,,E",0.913,"5,,,E"
AGE00135039,1863-04-01,35.7297,0.65,50.0,"ORAN HOPITAL MILITAIRE, AG",,,0.0,"5,E",9,",E",6,",E",3,",E",0.0,"5,E",0.0,"5,E",0.0,"5,E",0.0,"5,E",0.0,"5,E",18630401.0,",5,E",18630418,",,E",18630425.0,",5,E",6.5,"5,E,01,",62.3,",,E,18,",20.5,"5,E,25,",,,89.6,"5,E",166.6,",,,E",1.475,"5,E",1.8219999999999998,"5,,,E",1.128,"5,,,E"
AGE00135039,1863-06-01,35.7297,0.65,50.0,"ORAN HOPITAL MILITAIRE, AG",,,63.0,"4,E",2,",E",2,",E",0,",E",0.0,"4,E",0.0,"4,E",0.0,"4,E",23.0,"4,E",0.0,"4,E",18630613.0,",4,E",18630627,",,E",18630608.0,",4,E",14.5,"4,E,13,",5.0,",,E,27,",27.5,"4,E,08,",,,0.7,"4,E",8.0,",,,E",2.073,"4,E",2.356,"4,,,E",1.7899999999999998,"4,,,E"
AGE00135039,1863-07-01,35.7297,0.65,50.0,"ORAN HOPITAL MILITAIRE, AG",,,157.3,"4,E",0,",E",0,",E",0,",E",0.0,"4,E",0.0,"4,E",0.0,"4,E",27.0,"4,E",0.0,"4,E",18630730.0,"+,4,E",18630731,"+,,E",18630718.0,",4,E",18.0,"4,E,30,+",0.0,",,E,31,+",32.0,"4,E,18,",0.0,E,0.0,"4,E",0.0,",,,E",2.416,"4,E",2.741,"4,,,E",2.091,"4,,,E"
AGE00135039,1863-09-01,35.7297,0.65,50.0,"ORAN HOPITAL MILITAIRE, AG",,,75.6,"4,E",4,",E",3,",E",0,",E",0.0,"4,E",0.0,"4,E",0.0,"4,E",26.0,"4,E",0.0,"4,E",18630917.0,",4,E",18630902,",,E",18630901.0,",4,E",15.0,"4,E,17,",23.0,",,E,02,",25.5,"4,E,01,",,,0.0,"4,E",30.0,",,,E",2.1239999999999997,"4,E",2.3649999999999998,"4,,,E",1.8829999999999998,"4,,,E"
AGE00135039,1863-10-01,35.7297,0.65,50.0,"ORAN HOPITAL MILITAIRE, AG",,,23.7,"4,E",5,",E",3,",E",0,",E",0.0,"4,E",0.0,"4,E",0.0,"4,E",11.0,"4,E",0.0,"4,E",18631027.0,",4,E",18631014,",,E",18631013.0,"+,4,E",11.0,"4,E,27,",10.0,",,E,14,",24.0,"4,E,13,+",,,20.5,"4,E",22.8,",,,E",1.845,"4,E",2.097,"4,,,E",1.593,"4,,,E"
AGE00135039,1863-11-01,35.7297,0.65,50.0,"ORAN HOPITAL MILITAIRE, AG",,,0.0,"5,E",4,",E",2,",E",1,",E",0.0,"5,E",0.0,"5,E",0.0,"5,E",0.0,"5,E",0.0,"5,E",18631120.0,",5,E",18631111,",,E",18631102.0,",5,E",4.5,"5,E,20,",49.5,",,E,11,",20.5,"5,E,02,",,,122.6,"5,E",57.3,",,,E",1.343,"5,E",1.6420000000000001,"5,,,E",1.044,"5,,,E"
AGE00135039,1863-12-01,35.7297,0.65,50.0,"ORAN HOPITAL MILITAIRE, AG",,,0.0,"5,E",7,",E",4,",E",0,",E",0.0,"5,E",0.0,"5,E",0.0,"5,E",2.0,"5,E",0.0,"5,E",18631222.0,",5,E",18631222,",,E",18631205.0,",5,E",3.0,"5,E,22,",16.5,",,E,22,",24.5,"5,E,05,",,,188.9,"5,E",31.5,",,,E",1.107,"5,E",1.456,"5,,,E",0.758,"5,,,E"
AGE00135039,1864-02-01,35.7297,0.65,50.0,"ORAN HOPITAL MILITAIRE, AG",,,,,14,",E",11,",E",0,",E",0.0,"5,E",0.0,"5,E",0.0,"5,E",0.0,"5,E",0.0,"5,E",18640206.0,",5,E",18640207,",,E",18640224.0,",5,E",3.0,"5,E,06,",13.3,",,E,07,",18.0,"5,E,24,",,,,,80.9,",,,E",1.1560000000000001,"6,E",1.3980000000000001,"5,,,E",0.915,"5,,,E"
AGE00135039,1864-03-01,35.7297,0.65,50.0,"ORAN HOPITAL MILITAIRE, AG",,,1.7,"5,E",9,",E",6,",E",1,",E",0.0,"5,E",0.0,"5,E",0.0,"5,E",2.0,"5,E",0.0,"5,E",18640315.0,",5,E",18640312,",,E",18640304.0,",5,E",6.5,"5,E,15,",48.5,",,E,12,",26.0,"5,E,04,",,,121.1,"5,E",88.8,",,,E",1.374,"5,E",1.7120000000000002,"5,,,E",1.035,"5,,,E"
AGE00135039,1864-04-01,35.7297,0.65,50.0,"ORAN HOPITAL MILITAIRE, AG",,,5.0,"4,E",8,",E",5,",E",1,",E",0.0,"4,E",0.0,"4,E",0.0,"4,E",5.0,"4,E",0.0,"4,E",18640402.0,",4,E",18640424,",,E",18640423.0,",4,E",7.0,"4,E,02,",57.5,",,E,24,",28.0,"4,E,23,",,,60.7,"4,E",103.4,",,,E",1.6190000000000002,"4,E",1.956,"4,,,E",1.283,"4,,,E"
AGE00135039,1864-06-01,35.7297,0.65,50.0,"ORAN HOPITAL MILITAIRE, AG",,,97.2,"4,E",3,",E",2,",E",0,",E",0.0,"4,E",0.0,"4,E",0.0,"4,E",25.0,"4,E",0.0,"4,E",18640603.0,",4,E",18640613,",,E",18640623.0,",4,E",15.5,"4,E,03,",12.0,",,E,13,",28.5,"4,E,23,",,,0.0,"4,E",17.3,",,,E",2.207,"4,E",2.5100000000000002,"4,,,E",1.905,"4,,,E"
AGE00135039,1864-07-01,35.7297,0.65,50.0,"ORAN HOPITAL MILITAIRE, AG",,,202.3,"5,E",0,",E",0,",E",0,",E",0.0,"5,E",0.0,"5,E",0.0,"5,E",26.0,"5,E",1.0,"5,E",18640702.0,"+,5,E",18640731,"+,,E",18640726.0,",5,E",20.0,"5,E,02,+",0.0,",,E,31,+",34.0,"5,E,26,",0.0,E,0.0,"5,E",0.0,",,,E",2.612,"5,E",2.8579999999999997,"5,,,E",2.3649999999999998,"5,,,E"
AGE00135039,1864-08-01,35.7297,0.65,50.0,"ORAN HOPITAL MILITAIRE, AG",,,193.0,"5,E",0,",E",0,",E",0,",E",0.0,"5,E",0.0,"5,E",0.0,"5,E",26.0,"5,E",1.0,"5,E",18640829.0,",5,E",18640831,"+,,E",18640819.0,",5,E",20.0,"5,E,29,",0.0,",,E,31,+",33.0,"5,E,19,",0.0,E,0.0,"5,E",0.0,",,,E",2.576,"5,E",2.782,"5,,,E",2.37,"5,,,E"
AGE00135039,1864-09-01,35.7297,0.65,50.0,"ORAN HOPITAL MILITAIRE, AG",,,108.8,"4,E",1,",E",1,",E",0,",E",0.0,"4,E",0.0,"4,E",0.0,"4,E",26.0,"4,E",0.0,"4,E",18640922.0,",4,E",18640912,",,E",18640912.0,",4,E",14.5,"4,E,22,",6.5,",,E,12,",29.0,"4,E,12,",0.0,E,0.0,"4,E",6.5,",,,E",2.252,"4,E",2.528,"4,,,E",1.975,"4,,,E"
AGE00135039,1864-10-01,35.7297,0.65,50.0,"ORAN HOPITAL MILITAIRE, AG",,,39.4,"5,E",12,",E",10,",E",1,",E",0.0,"5,E",0.0,"5,E",0.0,"5,E",13.0,"5,E",0.0,"5,E",18641013.0,",5,E",18641008,",,E",18641008.0,"+,5,E",5.0,"5,E,13,",26.0,",,E,08,",26.5,"5,E,08,+",16.3,E,16.3,"5,E",125.3,",,,E",1.922,"5,E",2.1870000000000003,"5,,,E",1.658,"5,,,E"
AGE00135039,1864-11-01,35.7297,0.65,50.0,"ORAN HOPITAL MILITAIRE, AG",,,0.6,"5,E",10,",E",6,",E",1,",E",0.0,"5,E",0.0,"5,E",0.0,"5,E",0.0,"5,E",0.0,"5,E",18641124.0,"+,5,E",18641107,",,E",18641114.0,",5,E",9.0,"5,E,24,+",54.0,",,E,07,",20.7,"5,E,14,",105.2,E,88.9,"5,E",121.0,",,,E",1.48,"5,E",1.734,"5,,,E",1.2269999999999999,"5,,,E"
AGE00135039,1864-12-01,35.7297,0.65,50.0,"ORAN HOPITAL MILITAIRE, AG",,,0.0,"5,E",15,",E",15,",E",0,",E",0.0,"5,E",0.0,"5,E",0.0,"5,E",0.0,"5,E",0.0,"5,E",18641230.0,",5,E",18641215,",,E",18641212.0,"+,5,E",4.0,"5,E,30,",16.0,",,E,15,",17.0,"5,E,12,+",298.0,E,192.8,"5,E",126.4,",,,E",1.092,"5,E",1.3800000000000001,"5,,,E",0.8039999999999999,"5,,,E"
AGE00135039,1865-02-01,35.7297,0.65,50.0,"ORAN HOPITAL MILITAIRE, AG",,,0.0,"4,E",7,",E",6,",E",0,",E",0.0,"4,E",0.0,"4,E",0.0,"4,E",0.0,"4,E",0.0,"4,E",18650211.0,",4,E",18650204,",,E",18650202.0,"+,4,E",2.5,"4,E,11,",24.5,",,E,04,",18.5,"4,E,02,+",,,155.2,"4,E",39.5,",,,E",1.186,"4,E",1.483,"4,,,E",0.89,"4,,,E"
AGE00135039,1865-03-01,35.7297,0.65,50.0,"ORAN HOPITAL MILITAIRE, AG",,,0.0,"4,E",6,",E",6,",E",0,",E",0.0,"4,E",0.0,"4,E",0.0,"4,E",0.0,"4,E",0.0,"4,E",18650301.0,",4,E",18650315,",,E",18650301.0,",4,E",4.0,"4,E,01,",20.8,",,E,15,",18.5,"4,E,01,",,,172.0,"4,E",61.3,",,,E",1.1960000000000002,"4,E",1.522,"4,,,E",0.8699999999999999,"4,,,E"
AGE00135039,1865-05-01,35.7297,0.65,50.0,"ORAN HOPITAL MILITAIRE, AG",,,9.5,"5,E",5,",E",2,",E",0,",E",0.0,"5,E",0.0,"5,E",0.0,"5,E",7.0,"5,E",0.0,"5,E",18650505.0,",5,E",18650517,",,E",18650506.0,",5,E",10.0,"5,E,05,",7.0,",,E,17,",23.5,"5,E,06,",,,28.5,"5,E",15.5,",,,E",1.7600000000000002,"5,E",2.0420000000000003,"5,,,E",1.4789999999999999,"5,,,E"
AGE00135039,1865-06-01,35.7297,0.65,50.0,"ORAN HOPITAL MILITAIRE, AG",,,76.8,"5,E",3,",E",2,",E",0,",E",0.0,"5,E",0.0,"5,E",0.0,"5,E",25.0,"5,E",0.0,"5,E",18650607.0,"+,5,E",18650620,",,E",18650629.0,",5,E",16.0,"5,E,07,+",9.0,",,E,20,",31.0,"5,E,29,",,,0.0,"5,E",15.5,",,,E",2.1399999999999997,"5,E",2.363,"5,,,E",1.918,"5,,,E"
AGE00135039,1865-07-01,35.7297,0.65,50.0,"ORAN HOPITAL MILITAIRE, AG",,,168.5,"5,E",0,",E",0,",E",0,",E",0.0,"5,E",0.0,"5,E",0.0,"5,E",26.0,"5,E",1.0,"5,E",18650724.0,",5,E",18650731,"+,,E",18650718.0,",5,E",17.5,"5,E,24,",0.0,",,E,31,+",33.1,"5,E,18,",0.0,E,0.0,"5,E",0.0,",,,E",2.481,"5,E",2.758,"5,,,E",2.205,"5,,,E"
AGE00135039,1865-08-01,35.7297,0.65,50.0,"ORAN HOPITAL MILITAIRE, AG",,,179.7,"5,E",2,",E",0,",E",0,",E",0.0,"5,E",0.0,"5,E",0.0,"5,E",26.0,"5,E",0.0,"5,E",18650821.0,",5,E",18650810,",,E",18650822.0,"+,5,E",20.5,"5,E,21,",2.0,",,E,10,",32.0,"5,E,22,+",0.0,E,0.0,"5,E",2.3,",,,E",2.525,"5,E",2.771,"5,,,E",2.278,"5,,,E"
AGE00135039,1865-09-01,35.7297,0.65,50.0,"ORAN HOPITAL MILITAIRE, AG",,,134.2,"4,E",1,",E",0,",E",0,",E",0.0,"4,E",0.0,"4,E",0.0,"4,E",26.0,"4,E",0.0,"4,E",18650929.0,"+,4,E",18650925,",,E",18650911.0,"+,4,E",19.0,"4,E,29,+",1.0,",,E,25,",28.0,"4,E,11,+",0.0,E,0.0,"4,E",1.0,",,,E",2.35,"4,E",2.5629999999999997,"4,,,E",2.137,"4,,,E"
AGE00135039,1865-10-01,35.7297,0.65,50.0,"ORAN HOPITAL MILITAIRE, AG",,,43.9,"5,E",4,",E",3,",E",0,",E",0.0,"5,E",0.0,"5,E",0.0,"5,E",23.0,"5,E",0.0,"5,E",18651023.0,",5,E",18651018,",,E",18651009.0,",5,E",10.8,"5,E,23,",11.3,",,E,18,",28.0,"5,E,09,",9.5,E,9.5,"5,E",25.9,",,,E",1.9649999999999999,"5,E",2.275,"5,,,E",1.656,"5,,,E"
AGE00135039,1865-11-01,35.7297,0.65,50.0,"ORAN HOPITAL MILITAIRE, AG",,,3.7,"5,E",4,",E",2,",E",0,",E",0.0,"5,E",0.0,"5,E",0.0,"5,E",4.0,"5,E",0.0,"5,E",18651118.0,",5,E",18651113,",,E",18651125.0,",5,E",6.5,"5,E,18,",6.0,",,E,13,",23.0,"5,E,25,",81.7,E,72.2,"5,E",11.8,",,,E",1.559,"5,E",1.907,"5,,,E",1.2109999999999999,"5,,,E"
AGE00135039,1866-01-01,35.7297,0.65,50.0,"ORAN HOPITAL MILITAIRE, AG",0.0,,0.0,"5,E",6,",E",4,",E",3,",E",0.0,"5,E",0.0,"5,E",0.0,"5,E",0.0,"5,E",0.0,"5,E",18660104.0,",5,E",18660124,",,E",18660131.0,",5,E",4.0,"5,E,04,",40.0,",,E,24,",16.5,"5,E,31,",,,203.0,"5,E",118.4,",,,E",1.053,"5,E",1.367,"5,,,E",0.738,"5,,,E"
AGE00135039,1866-02-01,35.7297,0.65,50.0,"ORAN HOPITAL MILITAIRE, AG",0.0,,0.0,"4,E",3,",E",2,",E",0,",E",0.0,"4,E",0.0,"4,E",0.0,"4,E",0.0,"4,E",0.0,"4,E",18660205.0,",4,E",18660223,",,E",18660228.0,",4,E",6.0,"4,E,05,",11.0,",,E,23,",19.0,"4,E,28,",,,128.6,"4,E",18.0,",,,E",1.298,"4,E",1.6280000000000001,"4,,,E",0.967,"4,,,E"
AGE00135039,1866-03-01,35.7297,0.65,50.0,"ORAN HOPITAL MILITAIRE, AG",0.0,,0.0,"1,E",12,",E",7,",E",0,",E",0.0,"1,E",0.0,"1,E",0.0,"1,E",2.0,"1,E",0.0,"1,E",18660313.0,",1,E",18660304,",,E",18660319.0,"+,1,E",6.7,"1,E,13,",24.5,",,E,04,",22.0,"1,E,19,+",,,150.9,"1,E",83.4,",,,E",1.33,"1,E",1.658,"1,,,E",1.002,"1,,,E"
AGE00135039,1866-04-01,35.7297,0.65,50.0,"ORAN HOPITAL MILITAIRE, AG",2.5,,2.5,",E",4,",E",1,",E",0,",E",0.0,",E",0.0,",E",0.0,",E",6.0,",E",0.0,",E",18660406.0,",,E",18660419,",,E",18660429.0,",,E",8.5,",E,06,",3.0,",,E,19,",23.0,",E,29,",,,78.7,",E",6.8,",,,E",1.579,",E",1.908,",,,E",1.25,",,,E"
AGE00135039,1866-05-01,35.7297,0.65,50.0,"ORAN HOPITAL MILITAIRE, AG",21.0,,18.5,",E",3,",E",1,",E",0,",E",0.0,",E",0.0,",E",0.0,",E",12.0,",E",0.0,",E",18660519.0,",,E",18660506,",,E",18660512.0,",,E",11.7,",E,19,",17.0,",,E,06,",25.0,",E,12,",,,22.9,",E",20.0,",,,E",1.8190000000000002,",E",2.089,",,,E",1.549,",,,E"
AGE00135039,1866-06-01,35.7297,0.65,50.0,"ORAN HOPITAL MILITAIRE, AG",109.6,,88.6,"1,E",5,",E",1,",E",0,",E",0.0,"1,E",0.0,"1,E",0.0,"1,E",26.0,"1,E",0.0,"1,E",18660606.0,",1,E",18660602,",,E",18660613.0,",1,E",13.5,"1,E,06,",7.0,",,E,02,",29.0,"1,E,13,",,,2.4,"1,E",10.5,",,,E",2.131,"1,E",2.409,"1,,,E",1.8519999999999999,"1,,,E"
AGE00135039,1866-07-01,35.7297,0.65,50.0,"ORAN HOPITAL MILITAIRE, AG",306.3,,196.7,",E",0,",E",0,",E",0,",E",0.0,",E",0.0,",E",0.0,",E",31.0,",E",0.0,",E",18660708.0,",,E",18660731,"+,,E",18660731.0,"+,,E",18.0,",E,08,",0.0,",,E,31,+",31.0,",E,31,+",0.0,,0.0,",E",0.0,",,,E",2.468,",E",2.732,",,,E",2.2030000000000003,",,,E"
AGE00135039,1866-08-01,35.7297,0.65,50.0,"ORAN HOPITAL MILITAIRE, AG",525.3,,219.0,",E",0,",E",0,",E",0,",E",0.0,",E",0.0,",E",0.0,",E",31.0,",E",0.0,",E",18660830.0,"+,,E",18660831,"+,,E",18660819.0,"+,,E",20.0,",E,30,+",0.0,",,E,31,+",32.0,",E,19,+",0.0,,0.0,",E",0.0,",,,E",2.54,",E",2.789,",,,E",2.291,",,,E"
AGE00135039,1866-09-01,35.7297,0.65,50.0,"ORAN HOPITAL MILITAIRE, AG",678.6,,153.3,",E",4,",E",3,",E",0,",E",0.0,",E",0.0,",E",0.0,",E",30.0,",E",0.0,",E",18660929.0,",,E",18660930,",,E",18660902.0,",,E",11.5,",E,29,",13.5,",,E,30,",32.0,",E,02,",0.8,,0.8,",E",22.5,",,,E",2.342,",E",2.664,",,,E",2.019,",,,E"
AGE00135039,1866-10-01,35.7297,0.65,50.0,"ORAN HOPITAL MILITAIRE, AG",726.4,,47.8,",E",10,",E",7,",E",1,",E",0.0,",E",0.0,",E",0.0,",E",20.0,",E",0.0,",E",18661026.0,",,E",18661029,",,E",18661010.0,",,E",11.0,",E,26,",33.0,",,E,29,",24.5,",E,10,",20.1,,19.3,",E",100.2,",,,E",1.925,",E",2.136,",,,E",1.714,",,,E"
AGE00135039,1866-11-01,35.7297,0.65,50.0,"ORAN HOPITAL MILITAIRE, AG",734.4,,8.0,",E",2,",E",1,",E",0,",E",0.0,",E",0.0,",E",0.0,",E",5.0,",E",0.0,",E",18661129.0,",,E",18661101,",,E",18661107.0,",,E",8.5,",E,29,",24.0,",,E,01,",24.5,",E,07,",98.2,,78.1,",E",26.0,",,,E",1.6,",E",1.8699999999999999,",,,E",1.329,",,,E"
AGE00135039,1884-01-01,35.7297,0.65,50.0,"ORAN HOPITAL MILITAIRE, AG",0.0,E,0.0,",E",2,",E",2,",E",0,",E",0.0,",E",0.0,",E",0.0,",E",0.0,",E",0.0,",E",18840122.0,",,E",18840125,",,E",18840128.0,",,E",2.0,",E,22,",23.4,",,E,25,",17.8,",E,28,",,,258.8,",E",33.2,",,,E",0.998,",E",1.465,",,,E",0.532,",,,E"
AGE00135039,1884-02-01,35.7297,0.65,50.0,"ORAN HOPITAL MILITAIRE, AG",0.0,E,0.0,",E",6,",E",6,",E",0,",E",0.0,",E",0.0,",E",0.0,",E",1.0,",E",0.0,",E",18840228.0,"+,,E",18840224,",,E",18840216.0,",,E",4.2,",E,28,+",13.5,",,E,24,",23.0,",E,16,",,,168.8,",E",53.3,",,,E",1.251,",E",1.73,",,,E",0.772,",,,E"
AGE00135039,1884-03-01,35.7297,0.65,50.0,"ORAN HOPITAL MILITAIRE, AG",0.0,E,0.0,",E",12,",E",8,",E",1,",E",0.0,",E",0.0,",E",0.0,",E",2.0,",E",0.0,",E",18840314.0,",,E",18840327,",,E",18840317.0,",,E",5.0,",E,14,",40.8,",,E,27,",22.2,",E,17,",,,178.6,",E",111.8,",,,E",1.2570000000000001,",E",1.719,",,,E",0.795,",,,E"
AGE00135039,1884-04-01,35.7297,0.65,50.0,"ORAN HOPITAL MILITAIRE, AG",0.0,E,0.0,",E",11,",E",5,",E",0,",E",0.0,",E",0.0,",E",0.0,",E",4.0,",E",0.0,",E",18840402.0,",,E",18840428,",,E",18840428.0,",,E",7.0,",E,02,",8.2,",,E,28,",22.0,",E,28,",,,101.8,",E",27.5,",,,E",1.494,",E",1.971,",,,E",1.017,",,,E"
AGE00135039,1884-05-01,35.7297,0.65,50.0,"ORAN HOPITAL MILITAIRE, AG",12.2,E,12.2,",E",6,",E",5,",E",0,",E",0.0,",E",0.0,",E",0.0,",E",22.0,",E",0.0,",E",18840501.0,",,E",18840517,",,E",18840531.0,",,E",7.6,",E,01,",15.0,",,E,17,",29.0,",E,31,",,,38.0,",E",41.3,",,,E",1.75,",E",2.237,",,,E",1.2630000000000001,",,,E"
AGE00135039,1884-06-01,35.7297,0.65,50.0,"ORAN HOPITAL MILITAIRE, AG",62.5,E,50.3,"3,E",3,",E",3,",E",0,",E",0.0,"3,E",0.0,"3,E",0.0,"3,E",25.0,"3,E",0.0,"3,E",18840613.0,",3,E",18840624,",,E",18840630.0,",3,E",11.0,"3,E,13,",7.0,",,E,24,",31.4,"3,E,30,",,,0.7,"3,E",17.0,",,,E",2.0170000000000003,"3,E",2.55,"3,,,E",1.484,"3,,,E"
AGE00135039,1884-07-01,35.7297,0.65,50.0,"ORAN HOPITAL MILITAIRE, AG",237.7,E,175.2,",E",0,",E",0,",E",0,",E",0.0,",E",0.0,",E",0.0,",E",31.0,",E",0.0,",E",18840731.0,",,E",18840731,"+,,E",18840711.0,"+,,E",16.8,",E,31,",0.0,",,E,31,+",32.0,",E,11,+",0.0,E,0.0,",E",0.0,",,,E",2.398,",E",2.936,",,,E",1.861,",,,E"
AGE00135039,1884-08-01,35.7297,0.65,50.0,"ORAN HOPITAL MILITAIRE, AG",441.8,E,204.1,",E",1,",E",0,",E",0,",E",0.0,",E",0.0,",E",0.0,",E",31.0,",E",3.0,",E",18840803.0,",,E",18840820,",,E",18840820.0,",,E",16.4,",E,03,",2.4,",,E,20,",37.0,",E,20,",0.0,E,0.0,",E",2.4,",,,E",2.492,",E",2.972,",,,E",2.011,",,,E"
AGE00135039,1884-09-01,35.7297,0.65,50.0,"ORAN HOPITAL MILITAIRE, AG",565.0,E,123.2,",E",4,",E",2,",E",0,",E",0.0,",E",0.0,",E",0.0,",E",30.0,",E",0.0,",E",18840906.0,",,E",18840922,",,E",18840907.0,",,E",14.0,",E,06,",7.0,",,E,22,",31.0,",E,07,",0.0,E,0.0,",E",12.0,",,,E",2.244,",E",2.632,",,,E",1.8559999999999999,",,,E"
AGE00135039,1884-10-01,35.7297,0.65,50.0,"ORAN HOPITAL MILITAIRE, AG",598.8,E,33.8,",E",7,",E",6,",E",0,",E",0.0,",E",0.0,",E",0.0,",E",16.0,",E",0.0,",E",18841017.0,",,E",18841010,",,E",18841002.0,",,E",11.2,",E,17,",13.0,",,E,10,",27.3,",E,02,",33.8,E,33.8,",E",45.0,",,,E",1.8329999999999997,",E",2.175,",,,E",1.491,",,,E"
AGE00135039,1884-11-01,35.7297,0.65,50.0,"ORAN HOPITAL MILITAIRE, AG",600.1,E,1.3,",E",12,",E",7,",E",1,",E",0.0,",E",0.0,",E",0.0,",E",3.0,",E",0.0,",E",18841125.0,",,E",18841122,",,E",18841111.0,"+,,E",6.8,",E,25,",29.0,",,E,22,",22.2,",E,11,+",122.1,E,88.3,",E",88.0,",,,E",1.543,",E",1.848,",,,E",1.238,",,,E"
AGE00135039,1884-12-01,35.7297,0.65,50.0,"ORAN HOPITAL MILITAIRE, AG",600.1,E,0.0,",E",8,",E",6,",E",2,",E",0.0,",E",0.0,",E",0.0,",E",0.0,",E",0.0,",E",18841225.0,"+,,E",18841202,"+,,E",18841221.0,"+,,E",6.0,",E,25,+",41.0,",,E,02,+",17.2,",E,21,+",303.1,E,181.0,",E",121.4,",,,E",1.249,",E",1.6190000000000002,",,,E",0.8789999999999999,",,,E"
AGE00135039,1885-02-01,35.7297,0.65,50.0,"ORAN HOPITAL MILITAIRE, AG",,,0.0,",E",2,",E",0,",E",0,",E",0.0,",E",0.0,",E",0.0,",E",1.0,",E",0.0,",E",18850208.0,",,E",18850224,",,E",18850219.0,",,E",8.0,",E,08,",2.2,",,E,24,",22.2,",E,19,",,,87.9,",E",3.2,",,,E",1.519,",E",1.955,",,,E",1.084,",,,E"
AGE00135039,1885-03-01,35.7297,0.65,50.0,"ORAN HOPITAL MILITAIRE, AG",,,0.0,",E",5,",E",3,",E",0,",E",0.0,",E",0.0,",E",0.0,",E",3.0,",E",0.0,",E",18850330.0,",,E",18850326,",,E",18850305.0,",,E",5.2,",E,30,",17.5,",,E,26,",23.8,",E,05,",,,116.8,",E",34.7,",,,E",1.457,",E",1.964,",,,E",0.95,",,,E"
AGE00135039,1885-04-01,35.7297,0.65,50.0,"ORAN HOPITAL MILITAIRE, AG",,,0.7,",E",12,",E",9,",E",0,",E",0.0,",E",0.0,",E",0.0,",E",6.0,",E",0.0,",E",18850401.0,",,E",18850407,",,E",18850424.0,",,E",5.4,",E,01,",16.0,",,E,07,",24.6,",E,24,",,,75.1,",E",72.1,",,,E",1.585,",E",1.991,",,,E",1.1789999999999998,",,,E"
AGE00135039,1885-05-01,35.7297,0.65,50.0,"ORAN HOPITAL MILITAIRE, AG",,,57.7,",E",1,",E",0,",E",0,",E",0.0,",E",0.0,",E",0.0,",E",30.0,",E",0.0,",E",18850502.0,"+,,E",18850523,",,E",18850521.0,",,E",10.2,",E,02,+",1.2,",,E,23,",28.4,",E,21,",,,5.6,",E",1.2,",,,E",2.0010000000000003,",E",2.496,",,,E",1.506,",,,E"
AGE00135039,1885-06-01,35.7297,0.65,50.0,"ORAN HOPITAL MILITAIRE, AG",,,126.9,",E",3,",E",1,",E",0,",E",0.0,",E",0.0,",E",0.0,",E",30.0,",E",0.0,",E",18850611.0,",,E",18850614,",,E",18850628.0,",,E",15.2,",E,11,",3.5,",,E,14,",30.2,",E,28,",,,0.0,",E",4.9,",,,E",2.256,",E",2.701,",,,E",1.812,",,,E"
AGE00135039,1885-07-01,35.7297,0.65,50.0,"ORAN HOPITAL MILITAIRE, AG",,,208.1,",E",1,",E",0,",E",0,",E",0.0,",E",0.0,",E",0.0,",E",31.0,",E",3.0,",E",18850703.0,",,E",18850726,",,E",18850727.0,",,E",18.0,",E,03,",1.5,",,E,26,",33.0,",E,27,",0.0,E,0.0,",E",1.5,",,,E",2.505,",E",2.967,",,,E",2.0420000000000003,",,,E"
AGE00135039,1885-08-01,35.7297,0.65,50.0,"ORAN HOPITAL MILITAIRE, AG",,,251.2,",E",1,",E",0,",E",0,",E",0.0,",E",0.0,",E",0.0,",E",31.0,",E",5.0,",E",18850831.0,"+,,E",18850829,",,E",18850820.0,",,E",19.4,",E,31,+",0.7,",,E,29,",34.2,",E,20,",0.0,E,0.0,",E",0.7,",,,E",2.644,",E",3.053,",,,E",2.234,",,,E"
AGE00135039,1885-09-01,35.7297,0.65,50.0,"ORAN HOPITAL MILITAIRE, AG",,,151.2,",E",4,",E",2,",E",0,",E",0.0,",E",0.0,",E",0.0,",E",30.0,",E",0.0,",E",18850930.0,",,E",18850927,",,E",18850907.0,",,E",16.2,",E,30,",3.4,",,E,27,",31.2,",E,07,",0.0,E,0.0,",E",7.8,",,,E",2.337,",E",2.7190000000000003,",,,E",1.956,",,,E"
AGE00135039,1885-10-01,35.7297,0.65,50.0,"ORAN HOPITAL MILITAIRE, AG",,,24.2,",E",4,",E",3,",E",1,",E",0.0,",E",0.0,",E",0.0,",E",13.0,",E",0.0,",E",18851023.0,",,E",18851014,",,E",18851007.0,",,E",10.2,",E,23,",28.5,",,E,14,",27.0,",E,07,",39.5,E,39.5,",E",40.1,",,,E",1.784,",E",2.138,",,,E",1.4300000000000002,",,,E"
AGE00135039,1885-11-01,35.7297,0.65,50.0,"ORAN HOPITAL MILITAIRE, AG",,,0.0,",E",6,",E",3,",E",0,",E",0.0,",E",0.0,",E",0.0,",E",1.0,",E",0.0,",E",18851110.0,",,E",18851101,",,E",18851118.0,",,E",7.4,",E,10,",12.2,",,E,01,",21.8,",E,18,",133.7,E,94.2,",E",32.2,",,,E",1.519,",E",1.875,",,,E",1.163,",,,E"
AGE00135039,1886-04-01,35.7297,0.65,50.0,"ORAN HOPITAL MILITAIRE, AG",,,7.7,",E",7,",E",7,",E",0,",E",0.0,",E",0.0,",E",0.0,",E",7.0,",E",0.0,",E",18860425.0,"+,,E",18860405,",,E",18860402.0,",,E",9.0,",E,25,+",8.2,",,E,05,",25.0,",E,02,",,,56.2,",E",41.0,",,,E",1.672,",E",2.023,",,,E",1.3199999999999998,",,,E"
AGE00135039,1886-05-01,35.7297,0.65,50.0,"ORAN HOPITAL MILITAIRE, AG",,,51.8,",E",2,",E",2,",E",0,",E",0.0,",E",0.0,",E",0.0,",E",27.0,",E",0.0,",E",18860507.0,",,E",18860522,",,E",18860519.0,",,E",10.0,",E,07,",16.2,",,E,22,",30.0,",E,19,",,,7.7,",E",31.6,",,,E",1.9760000000000002,",E",2.448,",,,E",1.503,",,,E"
AGE00135039,1886-06-01,35.7297,0.65,50.0,"ORAN HOPITAL MILITAIRE, AG",,,122.5,",E",0,",E",0,",E",0,",E",0.0,",E",0.0,",E",0.0,",E",30.0,",E",0.0,",E",18860614.0,"+,,E",18860630,"+,,E",18860620.0,",,E",15.0,",E,14,+",0.0,",,E,30,+",31.0,",E,20,",,,0.0,",E",0.0,",,,E",2.242,",E",2.7329999999999997,",,,E",1.75,",,,E"
AGE00135039,1886-07-01,35.7297,0.65,50.0,"ORAN HOPITAL MILITAIRE, AG",,,173.2,"3,E",0,",E",0,",E",0,",E",0.0,"3,E",0.0,"3,E",0.0,",E",31.0,",E",3.0,",E",18860715.0,",3,E",18860731,"+,,E",18860726.0,",,E",17.0,"3,E,15,",0.0,",,E,31,+",35.0,",E,26,",0.0,E,0.0,",E",0.0,",,,E",2.4690000000000003,"3,E",2.8739999999999997,",,,E",2.064,"3,,,E"
AGE00135039,1886-09-01,35.7297,0.65,50.0,"ORAN HOPITAL MILITAIRE, AG",,,145.5,",E",3,",E",1,",E",0,",E",0.0,",E",0.0,",E",0.0,",E",30.0,",E",0.0,",E",18860926.0,",,E",18860929,",,E",18860918.0,"+,,E",16.0,",E,26,",3.2,",,E,29,",28.0,",E,18,+",,,0.0,",E",6.9,",,,E",2.318,",E",2.62,",,,E",2.0170000000000003,",,,E"
AGE00135039,1887-04-01,35.7297,0.65,50.0,"ORAN HOPITAL MILITAIRE, AG",,,1.8,"3,E",5,",E",5,",E",0,",E",0.0,",E",0.0,",E",0.0,"3,E",4.0,"3,E",0.0,"3,E",18870409.0,",,E",18870419,",,E",18870430.0,"+,3,E",8.0,",E,09,",24.4,",,E,19,",23.0,"3,E,30,+",,,75.8,"3,E",49.1,",,,E",1.55,"3,E",1.97,"3,,,E",1.1300000000000001,",,,E"
AGE00135039,1887-05-01,35.7297,0.65,50.0,"ORAN HOPITAL MILITAIRE, AG",,,32.8,",E",1,",E",0,",E",0,",E",0.0,",E",0.0,",E",0.0,",E",27.0,",E",0.0,",E",18870507.0,",,E",18870516,",,E",18870527.0,",,E",12.0,",E,07,",2.2,",,E,16,",31.0,",E,27,",,,5.2,",E",2.2,",,,E",1.923,",E",2.371,",,,E",1.474,",,,E"
AGE00135039,1887-07-01,35.7297,0.65,50.0,"ORAN HOPITAL MILITAIRE, AG",,,228.7,",E",0,",E",0,",E",0,",E",0.0,",E",0.0,",E",0.0,",E",31.0,",E",2.0,",E",18870727.0,"+,,E",18870731,"+,,E",18870725.0,",,E",20.0,",E,27,+",0.0,",,E,31,+",36.0,",E,25,",0.0,E,0.0,",E",0.0,",,,E",2.571,",E",2.965,",,,E",2.177,",,,E"
AGE00135039,1887-09-01,35.7297,0.65,50.0,"ORAN HOPITAL MILITAIRE, AG",,,148.3,"1,E",8,",E",6,",E",0,",E",0.0,"1,E",0.0,"1,E",0.0,",E",30.0,",E",0.0,",E",18870930.0,"+,1,E",18870920,",,E",18870917.0,",,E",17.0,"1,E,30,+",18.4,",,E,20,",32.0,",E,17,",,,0.0,",E",75.1,",,,E",2.342,"1,E",2.657,",,,E",2.028,"1,,,E"
AGE00135039,1888-07-01,35.7297,0.65,50.0,"ORAN HOPITAL MILITAIRE, AG",,,181.2,"3,E",0,",E",0,",E",0,",E",0.0,"3,E",0.0,"3,E",0.0,",E",31.0,",E",3.0,",E",18880721.0,"+,3,E",18880731,"+,,E",18880731.0,"+,,E",17.0,"3,E,21,+",0.0,",,E,31,+",34.0,",E,31,+",0.0,E,0.0,",E",0.0,",,,E",2.471,"3,E",2.932,",,,E",2.011,"3,,,E"
AGE00135039,1888-08-01,35.7297,0.65,50.0,"ORAN HOPITAL MILITAIRE, AG",,,149.2,",E",0,",E",0,",E",0,",E",0.0,",E",0.0,",E",0.0,",E",31.0,",E",1.0,",E",18880827.0,",,E",18880831,"+,,E",18880801.0,",,E",14.0,",E,27,",0.0,",,E,31,+",33.0,",E,01,",0.0,E,0.0,",E",0.0,",,,E",2.315,",E",2.8129999999999997,",,,E",1.816,",,,E"
AGE00135039,1888-11-01,35.7297,0.65,50.0,"ORAN HOPITAL MILITAIRE, AG",,,1.2,",E",6,",E",5,",E",1,",E",0.0,",E",0.0,",E",0.0,",E",4.0,",E",0.0,",E",18881126.0,",,E",18881113,",,E",18881107.0,",,E",3.0,",E,26,",37.8,",,E,13,",25.0,",E,07,",,,111.3,",E",68.8,",,,E",1.466,",E",1.9129999999999998,",,,E",1.019,",,,E"
AGE00135039,1888-12-01,35.7297,0.65,50.0,"ORAN HOPITAL MILITAIRE, AG",,,0.0,"2,E",8,",E",5,",E",0,",E",0.0,",E",0.0,",E",0.0,"2,E",2.0,"2,E",0.0,"2,E",18881229.0,",,E",18881223,",,E",18881215.0,"+,2,E",5.0,",E,29,",12.4,",,E,23,",22.0,"2,E,15,+",,,129.5,"2,E",40.5,",,,E",1.386,"2,E",1.7879999999999998,"2,,,E",0.983,",,,E"
AGE00135039,1889-02-01,35.7297,0.65,50.0,"ORAN HOPITAL MILITAIRE, AG",,,0.0,"1,E",5,",E",4,",E",0,",E",0.0,"1,E",0.0,"1,E",0.0,",E",1.0,",E",0.0,",E",18890201.0,",1,E",18890204,",,E",18890221.0,",,E",3.0,"1,E,01,",7.0,",,E,04,",24.0,",E,21,",,,167.0,",E",21.9,",,,E",1.21,"1,E",1.6640000000000001,",,,E",0.756,"1,,,E"
AGE00135039,1889-03-01,35.7297,0.65,50.0,"ORAN HOPITAL MILITAIRE, AG",,,0.0,",E",8,",E",7,",E",0,",E",0.0,",E",0.0,",E",0.0,",E",2.0,",E",0.0,",E",18890329.0,"+,,E",18890313,",,E",18890308.0,",,E",5.0,",E,29,+",19.4,",,E,13,",25.0,",E,08,",,,172.3,",E",67.2,",,,E",1.277,",E",1.706,",,,E",0.8480000000000001,",,,E"
AGE00135039,1889-06-01,35.7297,0.65,50.0,"ORAN HOPITAL MILITAIRE, AG",,,48.8,"2,E",1,",E",1,",E",0,",E",0.0,"2,E",0.0,"2,E",0.0,",E",27.0,",E",0.0,",E",18890603.0,",2,E",18890618,",,E",18890626.0,",,E",11.0,"2,E,03,",3.5,",,E,18,",28.0,",E,26,",,,6.2,",E",3.5,",,,E",1.9829999999999999,"2,E",2.427,",,,E",1.5390000000000001,"2,,,E"
AGE00135039,1889-07-01,35.7297,0.65,50.0,"ORAN HOPITAL MILITAIRE, AG",,,174.5,"1,E",0,",E",0,",E",0,",E",0.0,"1,E",0.0,"1,E",0.0,",E",31.0,",E",4.0,",E",18890702.0,",1,E",18890731,"+,,E",18890705.0,",,E",15.0,"1,E,02,",0.0,",,E,31,+",35.0,",E,05,",0.0,E,0.0,",E",0.0,",,,E",2.4170000000000003,"1,E",2.868,",,,E",1.967,"1,,,E"
AGE00135039,1889-08-01,35.7297,0.65,50.0,"ORAN HOPITAL MILITAIRE, AG",,,186.5,"1,E",1,",E",1,",E",0,",E",0.0,"1,E",0.0,"1,E",0.0,",E",31.0,",E",4.0,",E",18890829.0,"+,1,E",18890816,",,E",18890812.0,"+,,E",18.0,"1,E,29,+",5.7,",,E,16,",35.0,",E,12,+",0.0,E,0.0,",E",5.7,",,,E",2.449,"1,E",2.839,",,,E",2.06,"1,,,E"
AGE00135039,1889-09-01,35.7297,0.65,50.0,"ORAN HOPITAL MILITAIRE, AG",,,105.3,"1,E",2,",E",1,",E",0,",E",0.0,"1,E",0.0,"1,E",0.0,",E",30.0,",E",0.0,",E",18890916.0,",1,E",18890923,",,E",18890922.0,",,E",14.0,"1,E,16,",5.8,",,E,23,",30.0,",E,22,",0.0,E,0.0,",E",7.6,",,,E",2.198,"1,E",2.59,",,,E",1.807,"1,,,E"
AGE00135039,1889-11-01,35.7297,0.65,50.0,"ORAN HOPITAL MILITAIRE, AG",,,4.5,"2,E",4,",E",3,",E",0,",E",0.0,"2,E",0.0,"2,E",0.0,",E",9.0,",E",0.0,",E",18891130.0,",2,E",18891128,",,E",18891120.0,",,E",3.0,"2,E,30,",15.7,",,E,28,",25.0,",E,20,",,,90.3,",E",29.9,",,,E",1.52,"2,E",1.953,",,,E",1.0859999999999999,"2,,,E"
AGE00135039,1890-03-01,35.7297,0.65,50.0,"ORAN HOPITAL MILITAIRE, AG",,,0.2,"1,E",12,",E",9,",E",0,",E",0.0,"1,E",0.0,"1,E",0.0,",E",2.0,",E",0.0,",E",18900302.0,",1,E",18900313,",,E",18900329.0,",,E",3.0,"1,E,02,",21.9,",,E,13,",27.0,",E,29,",,,188.7,",E",81.3,",,,E",1.205,"1,E",1.616,",,,E",0.7929999999999999,"1,,,E"
AGE00135039,1890-04-01,35.7297,0.65,50.0,"ORAN HOPITAL MILITAIRE, AG",,,2.5,",E",3,",E",3,",E",0,",E",0.0,",E",0.0,",E",0.0,",E",8.0,",E",0.0,",E",18900413.0,"+,,E",18900405,",,E",18900425.0,",,E",6.0,",E,13,+",8.4,",,E,05,",29.0,",E,25,",,,93.5,",E",17.0,",,,E",1.53,",E",1.987,",,,E",1.073,",,,E"
AGE00135039,1890-05-01,35.7297,0.65,50.0,"ORAN HOPITAL MILITAIRE, AG",,,2.7,"1,E",5,",E",3,",E",0,",E",0.0,"1,E",0.0,"1,E",0.0,",E",10.0,",E",0.0,",E",18900513.0,"+,1,E",18900511,",,E",18900527.0,"+,,E",9.0,"1,E,13,+",11.0,",,E,11,",25.0,",E,27,+",,,56.2,",E",27.9,",,,E",1.654,"1,E",2.065,",,,E",1.2429999999999999,"1,,,E"
AGE00135039,1890-06-01,35.7297,0.65,50.0,"ORAN HOPITAL MILITAIRE, AG",,,105.0,",E",3,",E",2,",E",1,",E",0.0,",E",0.0,",E",0.0,",E",25.0,",E",2.0,",E",18900619.0,"+,,E",18900603,",,E",18900629.0,",,E",13.0,",E,19,+",27.5,",,E,03,",35.0,",E,29,",,,4.5,",E",36.5,",,,E",2.168,",E",2.643,",,,E",1.693,",,,E"
AGE00135039,1890-07-01,35.7297,0.65,50.0,"ORAN HOPITAL MILITAIRE, AG",,,141.7,",E",1,",E",1,",E",0,",E",0.0,",E",0.0,",E",0.0,",E",31.0,",E",1.0,",E",18900726.0,"+,,E",18900722,",,E",18900701.0,",,E",17.0,",E,26,+",3.2,",,E,22,",33.0,",E,01,",0.0,E,0.0,",E",3.2,",,,E",2.29,",E",2.697,",,,E",1.884,",,,E"
AGE00135039,1890-08-01,35.7297,0.65,50.0,"ORAN HOPITAL MILITAIRE, AG",,,184.7,",E",0,",E",0,",E",0,",E",0.0,",E",0.0,",E",0.0,",E",31.0,",E",1.0,",E",18900831.0,",,E",18900831,"+,,E",18900813.0,",,E",15.0,",E,31,",0.0,",,E,31,+",36.0,",E,13,",0.0,E,0.0,",E",0.0,",,,E",2.429,",E",2.832,",,,E",2.0260000000000002,",,,E"
AGE00135039,1890-09-01,35.7297,0.65,50.0,"ORAN HOPITAL MILITAIRE, AG",,,83.8,",E",1,",E",1,",E",0,",E",0.0,",E",0.0,",E",0.0,",E",30.0,",E",0.0,",E",18900909.0,",,E",18900926,",,E",18900928.0,",,E",13.0,",E,09,",3.4,",,E,26,",31.0,",E,28,",0.0,E,0.0,",E",3.4,",,,E",2.113,",E",2.5170000000000003,",,,E",1.709,",,,E"
AGE00135039,1890-10-01,35.7297,0.65,50.0,"ORAN HOPITAL MILITAIRE, AG",,,36.8,",E",4,",E",4,",E",0,",E",0.0,",E",0.0,",E",0.0,",E",23.0,",E",0.0,",E",18901025.0,",,E",18901027,",,E",18901013.0,",,E",9.0,",E,25,",15.5,",,E,27,",28.0,",E,13,",27.2,E,27.2,",E",33.8,",,,E",1.8649999999999998,",E",2.261,",,,E",1.468,",,,E"
AGE00135039,1890-11-01,35.7297,0.65,50.0,"ORAN HOPITAL MILITAIRE, AG",,,0.2,",E",5,",E",4,",E",1,",E",0.0,",E",0.0,",E",0.0,",E",5.0,",E",0.0,",E",18901130.0,"+,,E",18901130,",,E",18901109.0,",,E",4.0,",E,30,+",36.0,",,E,30,",24.0,",E,09,",158.4,E,131.2,",E",80.0,",,,E",1.397,",E",1.9170000000000003,",,,E",0.877,",,,E"
AGE00135039,1890-12-01,35.7297,0.65,50.0,"ORAN HOPITAL MILITAIRE, AG",,,0.0,"1,E",10,",E",9,",E",1,",E",0.0,"1,E",0.0,"1,E",0.0,",E",0.0,",E",0.0,",E",18901202.0,"+,1,E",18901201,",,E",18901207.0,",,E",2.0,"1,E,02,+",55.0,",,E,01,",20.0,",E,07,",371.1,E,212.7,",E",140.7,",,,E",1.127,"1,E",1.5539999999999998,",,,E",0.7,"1,,,E"
AGE00135039,1891-01-01,35.7297,0.65,50.0,"ORAN HOPITAL MILITAIRE, AG",0.0,E,0.0,",E",18,",E",16,",E",1,",E",0.0,",E",1.0,",E",0.0,",E",0.0,",E",0.0,",E",18910119.0,",,E",18910114,",,E",18910101.0,",,E",-0.5,",E,19,",28.8,",,E,14,",19.4,",E,01,",645.5,E,274.4,",E",186.3,",,,E",0.9480000000000001,",E",1.335,",,,E",0.562,",,,E"
AGE00135039,1891-02-01,35.7297,0.65,50.0,"ORAN HOPITAL MILITAIRE, AG",0.0,E,0.0,"1,E",5,",E",4,",E",0,",E",0.0,",E",0.0,",E",0.0,"1,E",1.0,"1,E",0.0,"1,E",18910214.0,",,E",18910204,",,E",18910225.0,",1,E",2.4,",E,14,",19.3,",,E,04,",22.0,"1,E,25,",856.4,E,210.9,"1,E",41.2,",,,E",1.053,"1,E",1.552,"1,,,E",0.5549999999999999,",,,E"
AGE00135039,1891-03-01,35.7297,0.65,50.0,"ORAN HOPITAL MILITAIRE, AG",0.6,E,0.6,",E",2,",E",2,",E",0,",E",0.0,",E",0.0,",E",0.0,",E",6.0,",E",0.0,",E",18910303.0,",,E",18910324,",,E",18910319.0,",,E",5.0,",E,03,",12.4,",,E,24,",25.2,",E,19,",995.4,E,139.0,",E",16.6,",,,E",1.387,",E",1.863,",,,E",0.9099999999999999,",,,E"
AGE00135039,1891-04-01,35.7297,0.65,50.0,"ORAN HOPITAL MILITAIRE, AG",1.4,E,0.8,"1,E",4,",E",3,",E",0,",E",0.0,",E",0.0,",E",0.0,"1,E",11.0,"1,E",0.0,"1,E",18910411.0,",,E",18910410,",,E",18910423.0,",1,E",7.4,",E,11,",8.2,",,E,10,",25.2,"1,E,23,",1053.4,E,58.0,"1,E",24.0,",,,E",1.636,"1,E",2.032,"1,,,E",1.239,",,,E"
AGE00135039,1891-05-01,35.7297,0.65,50.0,"ORAN HOPITAL MILITAIRE, AG",22.8,E,21.4,",E",0,",E",0,",E",0,",E",0.0,",E",0.0,",E",0.0,",E",24.0,",E",0.0,",E",18910505.0,",,E",18910531,"+,,E",18910516.0,",,E",10.0,",E,05,",0.0,",,E,31,+",27.8,",E,16,",1068.7,E,15.3,",E",0.0,",,,E",1.8530000000000002,",E",2.326,",,,E",1.3800000000000001,",,,E"
AGE00135039,1891-06-01,35.7297,0.65,50.0,"ORAN HOPITAL MILITAIRE, AG",85.4,E,62.6,",E",1,",E",1,",E",0,",E",0.0,",E",0.0,",E",0.0,",E",29.0,",E",0.0,",E",18910605.0,",,E",18910608,",,E",18910629.0,"+,,E",12.8,",E,05,",12.2,",,E,08,",30.4,",E,29,+",1069.0,E,0.3,",E",12.2,",,,E",2.041,",E",2.4690000000000003,",,,E",1.612,",,,E"
AGE00135039,1891-07-01,35.7297,0.65,50.0,"ORAN HOPITAL MILITAIRE, AG",287.9,E,202.5,",E",0,",E",0,",E",0,",E",0.0,",E",0.0,",E",0.0,",E",31.0,",E",7.0,",E",18910730.0,",,E",18910731,"+,,E",18910730.0,",,E",17.4,",E,30,",0.0,",,E,31,+",35.0,",E,30,",0.0,E,0.0,",E",0.0,",,,E",2.4859999999999998,",E",2.923,",,,E",2.05,",,,E"
AGE00135039,1891-08-01,35.7297,0.65,50.0,"ORAN HOPITAL MILITAIRE, AG",469.7,E,181.8,"1,E",2,",E",0,",E",0,",E",0.0,",E",0.0,",E",0.0,"1,E",30.0,"1,E",4.0,"1,E",18910811.0,",,E",18910801,",,E",18910818.0,",1,E",12.2,",E,11,",2.4,",,E,01,",36.4,"1,E,18,",0.0,E,0.0,"1,E",3.8,",,,E",2.441,"1,E",2.811,"1,,,E",2.072,",,,E"
AGE00135039,1891-09-01,35.7297,0.65,50.0,"ORAN HOPITAL MILITAIRE, AG",636.1,E,166.4,",E",2,",E",2,",E",0,",E",0.0,",E",0.0,",E",0.0,",E",30.0,",E",0.0,",E",18910922.0,",,E",18910906,",,E",18910912.0,",,E",17.2,",E,22,",6.4,",,E,06,",30.4,",E,12,",0.0,E,0.0,",E",10.3,",,,E",2.388,",E",2.701,",,,E",2.075,",,,E"
AGE00135039,1891-10-01,35.7297,0.65,50.0,"ORAN HOPITAL MILITAIRE, AG",719.3,E,83.2,"1,E",4,",E",4,",E",0,",E",0.0,",E",0.0,",E",0.0,"1,E",27.0,"1,E",0.0,"1,E",18911025.0,",,E",18911025,",,E",18911015.0,",1,E",13.8,",E,25,",10.7,",,E,25,",27.8,"1,E,15,",2.1,E,2.1,"1,E",32.3,",,,E",2.0989999999999998,"1,E",2.435,"1,,,E",1.764,",,,E"
AGE00135039,1891-11-01,35.7297,0.65,50.0,"ORAN HOPITAL MILITAIRE, AG",726.7,E,7.4,",E",8,",E",6,",E",0,",E",0.0,",E",0.0,",E",0.0,",E",11.0,",E",0.0,",E",18911129.0,",,E",18911130,"+,,E",18911113.0,",,E",8.4,",E,29,",12.5,",,E,30,+",26.8,",E,13,",46.8,E,44.7,",E",66.3,",,,E",1.709,",E",2.05,",,,E",1.367,",,,E"
AGE00135039,1891-12-01,35.7297,0.65,50.0,"ORAN HOPITAL MILITAIRE, AG",726.7,E,0.0,"1,E",1,",E",1,",E",0,",E",0.0,",E",0.0,",E",0.0,"1,E",0.0,"1,E",0.0,"1,E",18911216.0,",,E",18911221,",,E",18911203.0,"+,1,E",3.4,",E,16,",5.4,",,E,21,",20.2,"1,E,03,+",221.5,E,174.7,"1,E",5.4,",,,E",1.246,"1,E",1.779,"1,,,E",0.713,",,,E"
AGE00135039,1892-02-01,35.7297,0.65,50.0,"ORAN HOPITAL MILITAIRE, AG",,,0.0,",E",4,",E",3,",E",0,",E",0.0,",E",0.0,",E",0.0,",E",2.0,",E",0.0,",E",18920216.0,"+,,E",18920224,",,E",18920219.0,",,E",3.0,",E,16,+",7.4,",,E,24,",24.0,",E,19,",,,149.7,",E",16.5,",,,E",1.317,",E",1.859,",,,E",0.776,",,,E"
AGE00135039,1892-03-01,35.7297,0.65,50.0,"ORAN HOPITAL MILITAIRE, AG",,,1.7,",E",7,",E",3,",E",0,",E",0.0,",E",0.0,",E",0.0,",E",6.0,",E",0.0,",E",18920319.0,",,E",18920324,",,E",18920317.0,",,E",7.0,",E,19,",8.5,",,E,24,",27.0,",E,17,",,,91.0,",E",29.1,",,,E",1.545,",E",1.987,",,,E",1.103,",,,E"
AGE00135039,1892-04-01,35.7297,0.65,50.0,"ORAN HOPITAL MILITAIRE, AG",,,0.2,"1,E",7,",E",4,",E",0,",E",0.0,"1,E",0.0,"1,E",0.0,",E",7.0,",E",0.0,",E",18920420.0,"+,1,E",18920427,",,E",18920430.0,"+,,E",8.0,"1,E,20,+",14.2,",,E,27,",24.0,",E,30,+",,,82.8,",E",45.6,",,,E",1.543,"1,E",1.9899999999999998,",,,E",1.097,"1,,,E"
AGE00135039,1892-05-01,35.7297,0.65,50.0,"ORAN HOPITAL MILITAIRE, AG",,,22.5,",E",3,",E",3,",E",0,",E",0.0,",E",0.0,",E",0.0,",E",22.0,",E",0.0,",E",18920503.0,",,E",18920527,",,E",18920525.0,",,E",10.0,",E,03,",16.6,",,E,27,",29.0,",E,25,",,,22.3,",E",31.7,",,,E",1.834,",E",2.294,",,,E",1.374,",,,E"
AGE00135039,1892-06-01,35.7297,0.65,50.0,"ORAN HOPITAL MILITAIRE, AG",,,116.0,",E",0,",E",0,",E",0,",E",0.0,",E",0.0,",E",0.0,",E",30.0,",E",1.0,",E",18920625.0,",,E",18920630,"+,,E",18920612.0,",,E",15.0,",E,25,",0.0,",,E,30,+",34.0,",E,12,",,,0.0,",E",0.0,",,,E",2.2199999999999998,",E",2.653,",,,E",1.7870000000000001,",,,E"
AGE00135039,1892-07-01,35.7297,0.65,50.0,"ORAN HOPITAL MILITAIRE, AG",,,200.2,",E",0,",E",0,",E",0,",E",0.0,",E",0.0,",E",0.0,",E",31.0,",E",6.0,",E",18920709.0,",,E",18920731,"+,,E",18920731.0,",,E",18.0,",E,09,",0.0,",,E,31,+",43.0,",E,31,",0.0,E,0.0,",E",0.0,",,,E",2.479,",E",2.968,",,,E",1.9899999999999998,",,,E"
AGE00135039,1892-09-01,35.7297,0.65,50.0,"ORAN HOPITAL MILITAIRE, AG",,,134.0,",E",1,",E",1,",E",0,",E",0.0,",E",0.0,",E",0.0,",E",30.0,",E",1.0,",E",18920930.0,"+,,E",18920908,",,E",18920918.0,",,E",15.0,",E,30,+",4.0,",,E,08,",34.0,",E,18,",,,0.0,",E",4.0,",,,E",2.2800000000000002,",E",2.68,",,,E",1.8800000000000001,",,,E"
AGE00135039,1892-10-01,35.7297,0.65,50.0,"ORAN HOPITAL MILITAIRE, AG",,,25.2,",E",8,",E",6,",E",0,",E",0.0,",E",0.0,",E",0.0,",E",24.0,",E",0.0,",E",18921026.0,"+,,E",18921022,",,E",18921028.0,",,E",10.0,",E,26,+",15.0,",,E,22,",32.0,",E,28,",,,19.0,",E",61.9,",,,E",1.8530000000000002,",E",2.2969999999999997,",,,E",1.41,",,,E"
AGE00135039,1892-12-01,35.7297,0.65,50.0,"ORAN HOPITAL MILITAIRE, AG",,,0.0,",E",12,",E",8,",E",0,",E",0.0,",E",0.0,",E",0.0,",E",0.0,",E",0.0,",E",18921223.0,"+,,E",18921226,",,E",18921223.0,"+,,E",5.0,",E,23,+",15.4,",,E,26,",20.0,",E,23,+",,,181.3,",E",74.7,",,,E",1.248,",E",1.6809999999999998,",,,E",0.8160000000000001,",,,E"
AGE00135039,1893-03-01,35.7297,0.65,50.0,"ORAN HOPITAL MILITAIRE, AG",,,1.8,",E",7,",E",5,",E",0,",E",0.0,",E",0.0,",E",0.0,",E",3.0,",E",0.0,",E",18930305.0,"+,,E",18930321,",,E",18930312.0,",,E",7.0,",E,05,+",16.3,",,E,21,",27.0,",E,12,",,,101.7,",E",52.9,",,,E",1.511,",E",1.948,",,,E",1.074,",,,E"
AGE00135039,1893-04-01,35.7297,0.65,50.0,"ORAN HOPITAL MILITAIRE, AG",,,18.0,",E",5,",E",3,",E",0,",E",0.0,",E",0.0,",E",0.0,",E",13.0,",E",1.0,",E",18930413.0,",,E",18930410,",,E",18930421.0,",,E",7.0,",E,13,",12.4,",,E,10,",35.0,",E,21,",,,51.5,",E",23.3,",,,E",1.722,",E",2.19,",,,E",1.253,",,,E"
AGE00135039,1893-05-01,35.7297,0.65,50.0,"ORAN HOPITAL MILITAIRE, AG",,,49.0,",E",1,",E",0,",E",0,",E",0.0,",E",0.0,",E",0.0,",E",29.0,",E",0.0,",E",18930524.0,"+,,E",18930504,",,E",18930531.0,",,E",13.0,",E,24,+",0.6,",,E,04,",30.0,",E,31,",,,0.8,",E",0.6,",,,E",1.989,",E",2.419,",,,E",1.558,",,,E"
AGE00135039,1893-06-01,35.7297,0.65,50.0,"ORAN HOPITAL MILITAIRE, AG",,,146.0,",E",1,",E",1,",E",0,",E",0.0,",E",0.0,",E",0.0,",E",30.0,",E",3.0,",E",18930610.0,"+,,E",18930618,",,E",18930613.0,"+,,E",15.0,",E,10,+",2.5,",,E,18,",36.0,",E,13,+",,,0.0,",E",2.5,",,,E",2.32,",E",2.817,",,,E",1.823,",,,E"
AGE00135039,1893-07-01,35.7297,0.65,50.0,"ORAN HOPITAL MILITAIRE, AG",,,177.7,",E",0,",E",0,",E",0,",E",0.0,",E",0.0,",E",0.0,",E",31.0,",E",2.0,",E",18930730.0,",,E",18930731,"+,,E",18930705.0,",,E",17.0,",E,30,",0.0,",,E,31,+",37.0,",E,05,",0.0,E,0.0,",E",0.0,",,,E",2.4059999999999997,",E",2.842,",,,E",1.971,",,,E"
AGE00135039,1893-08-01,35.7297,0.65,50.0,"ORAN HOPITAL MILITAIRE, AG",,,197.7,",E",0,",E",0,",E",0,",E",0.0,",E",0.0,",E",0.0,",E",31.0,",E",1.0,",E",18930821.0,"+,,E",18930831,"+,,E",18930802.0,",,E",19.0,",E,21,+",0.0,",,E,31,+",33.0,",E,02,",0.0,E,0.0,",E",0.0,",,,E",2.471,",E",2.868,",,,E",2.074,",,,E"
AGE00135039,1893-09-01,35.7297,0.65,50.0,"ORAN HOPITAL MILITAIRE, AG",,,164.8,"1,E",0,",E",0,",E",0,",E",0.0,"1,E",0.0,"1,E",0.0,",E",30.0,",E",1.0,",E",18930922.0,",1,E",18930930,"+,,E",18930915.0,",,E",14.0,"1,E,22,",0.0,",,E,30,+",36.0,",E,15,",0.0,E,0.0,",E",0.0,",,,E",2.402,"1,E",2.87,",,,E",1.934,"1,,,E"
AGE00135039,1893-10-01,35.7297,0.65,50.0,"ORAN HOPITAL MILITAIRE, AG",,,43.2,",E",2,",E",1,",E",0,",E",0.0,",E",0.0,",E",0.0,",E",30.0,",E",0.0,",E",18931024.0,",,E",18931031,",,E",18931004.0,",,E",10.0,",E,24,",12.5,",,E,31,",28.0,",E,04,",7.0,E,7.0,",E",13.5,",,,E",1.95,",E",2.403,",,,E",1.497,",,,E"
AGE00135039,1893-11-01,35.7297,0.65,50.0,"ORAN HOPITAL MILITAIRE, AG",,,13.3,"1,E",7,",E",6,",E",0,",E",0.0,"1,E",0.0,"1,E",0.0,",E",14.0,",E",0.0,",E",18931125.0,",1,E",18931122,",,E",18931107.0,"+,,E",4.0,"1,E,25,",19.8,",,E,22,",25.0,",E,07,+",92.0,E,85.0,",E",62.4,",,,E",1.587,"1,E",2.0300000000000002,",,,E",1.145,"1,,,E"
AGE00135039,1893-12-01,35.7297,0.65,50.0,"ORAN HOPITAL MILITAIRE, AG",,,0.0,",E",8,",E",5,",E",0,",E",0.0,",E",0.0,",E",0.0,",E",0.0,",E",0.0,",E",18931227.0,"+,,E",18931206,",,E",18931211.0,",,E",2.0,",E,27,+",16.8,",,E,06,",21.0,",E,11,",280.3,E,188.3,",E",58.9,",,,E",1.226,",E",1.677,",,,E",0.774,",,,E"
AGE00135039,1894-01-01,35.7297,0.65,50.0,"ORAN HOPITAL MILITAIRE, AG",0.0,E,0.0,",E",12,",E",8,",E",0,",E",0.0,",E",0.0,",E",0.0,",E",0.0,",E",0.0,",E",18940109.0,",,E",18940124,",,E",18940112.0,",,E",4.2,",E,09,",20.6,",,E,24,",19.0,",E,12,",485.5,E,205.2,",E",86.4,",,,E",1.171,",E",1.6460000000000001,",,,E",0.696,",,,E"
AGE00135039,1894-02-01,35.7297,0.65,50.0,"ORAN HOPITAL MILITAIRE, AG",0.0,E,0.0,",E",4,",E",4,",E",0,",E",0.0,",E",0.0,",E",0.0,",E",0.0,",E",0.0,",E",18940221.0,"+,,E",18940201,",,E",18940216.0,",,E",4.0,",E,21,+",19.1,",,E,01,",18.8,",E,16,",677.5,E,192.0,",E",42.1,",,,E",1.1480000000000001,",E",1.64,",,,E",0.655,",,,E"
AGE00135039,1894-03-01,35.7297,0.65,50.0,"ORAN HOPITAL MILITAIRE, AG",0.0,E,0.0,",E",11,",E",10,",E",0,",E",0.0,",E",0.0,",E",0.0,",E",3.0,",E",0.0,",E",18940321.0,",,E",18940319,",,E",18940308.0,",,E",5.6,",E,21,",18.8,",,E,19,",25.2,",E,08,",817.5,E,140.0,",E",105.5,",,,E",1.3820000000000001,",E",1.8050000000000002,",,,E",0.958,",,,E"
AGE00135039,1894-04-01,35.7297,0.65,50.0,"ORAN HOPITAL MILITAIRE, AG",0.7,E,0.7,",E",9,",E",8,",E",1,",E",0.0,",E",0.0,",E",0.0,",E",7.0,",E",0.0,",E",18940415.0,"+,,E",18940410,",,E",18940416.0,",,E",9.4,",E,15,+",29.7,",,E,10,",23.8,",E,16,",893.0,E,75.5,",E",107.7,",,,E",1.584,",E",2.004,",,,E",1.1640000000000001,",,,E"
AGE00135039,1894-05-01,35.7297,0.65,50.0,"ORAN HOPITAL MILITAIRE, AG",8.7,E,8.0,",E",3,",E",2,",E",0,",E",0.0,",E",0.0,",E",0.0,",E",24.0,",E",0.0,",E",18940509.0,",,E",18940525,",,E",18940506.0,",,E",9.8,",E,09,",5.6,",,E,25,",26.4,",E,06,",916.6,E,23.6,",E",11.6,",,,E",1.783,",E",2.245,",,,E",1.3210000000000002,",,,E"
AGE00135039,1894-06-01,35.7297,0.65,50.0,"ORAN HOPITAL MILITAIRE, AG",69.0,E,60.3,",E",4,",E",0,",E",0,",E",0.0,",E",0.0,",E",0.0,",E",28.0,",E",0.0,",E",18940614.0,",,E",18940611,",,E",18940628.0,",,E",12.0,",E,14,",1.6,",,E,11,",29.4,",E,28,",920.9,E,4.3,",E",4.3,",,,E",2.02,",E",2.427,",,,E",1.613,",,,E"
AGE00135039,1894-07-01,35.7297,0.65,50.0,"ORAN HOPITAL MILITAIRE, AG",240.4,E,171.4,",E",0,",E",0,",E",0,",E",0.0,",E",0.0,",E",0.0,",E",31.0,",E",2.0,",E",18940715.0,",,E",18940731,"+,,E",18940710.0,",,E",14.6,",E,15,",0.0,",,E,31,+",37.4,",E,10,",0.0,E,0.0,",E",0.0,",,,E",2.386,",E",2.783,",,,E",1.9899999999999998,",,,E"
AGE00135039,1894-08-01,35.7297,0.65,50.0,"ORAN HOPITAL MILITAIRE, AG",441.7,E,201.3,",E",0,",E",0,",E",0,",E",0.0,",E",0.0,",E",0.0,",E",31.0,",E",4.0,",E",18940821.0,",,E",18940831,"+,,E",18940822.0,",,E",17.4,",E,21,",0.0,",,E,31,+",35.4,",E,22,",0.0,E,0.0,",E",0.0,",,,E",2.4829999999999997,",E",2.863,",,,E",2.102,",,,E"
AGE00135039,1894-09-01,35.7297,0.65,50.0,"ORAN HOPITAL MILITAIRE, AG",552.1,E,110.4,",E",1,",E",1,",E",0,",E",0.0,",E",0.0,",E",0.0,",E",30.0,",E",0.0,",E",18940915.0,",,E",18940911,",,E",18940904.0,",,E",13.8,",E,15,",21.5,",,E,11,",31.8,",E,04,",0.0,E,0.0,",E",21.5,",,,E",2.201,",E",2.63,",,,E",1.7719999999999998,",,,E"
AGE00135039,1894-10-01,35.7297,0.65,50.0,"ORAN HOPITAL MILITAIRE, AG",607.4,E,55.3,",E",2,",E",1,",E",0,",E",0.0,",E",0.0,",E",0.0,",E",31.0,",E",1.0,",E",18941003.0,",,E",18941021,",,E",18941011.0,",,E",10.0,",E,03,",5.4,",,E,21,",32.2,",E,11,",10.4,E,10.4,",E",6.6,",,,E",1.9780000000000002,",E",2.4829999999999997,",,,E",1.473,",,,E"
AGE00135039,1894-11-01,35.7297,0.65,50.0,"ORAN HOPITAL MILITAIRE, AG",610.1,E,2.7,",E",7,",E",5,",E",0,",E",0.0,",E",0.0,",E",0.0,",E",14.0,",E",0.0,",E",18941127.0,"+,,E",18941114,",,E",18941110.0,",,E",8.0,",E,27,+",5.8,",,E,14,",24.2,",E,10,",79.1,E,68.7,",E",26.2,",,,E",1.613,",E",2.0420000000000003,",,,E",1.185,",,,E"
AGE00135039,1894-12-01,35.7297,0.65,50.0,"ORAN HOPITAL MILITAIRE, AG",610.1,E,0.0,",E",7,",E",5,",E",2,",E",0.0,",E",0.0,",E",0.0,",E",1.0,",E",0.0,",E",18941215.0,",,E",18941231,",,E",18941209.0,",,E",2.3,",E,15,",31.0,",,E,31,",23.2,",E,09,",253.6,E,174.5,",E",96.4,",,,E",1.27,",E",1.7559999999999998,",,,E",0.7849999999999999,",,,E"
AGE00135039,1895-04-01,35.7297,0.65,50.0,"ORAN HOPITAL MILITAIRE, AG",,,7.8,",E",9,",E",6,",E",0,",E",0.0,",E",0.0,",E",0.0,",E",19.0,",E",0.0,",E",18950403.0,",,E",18950409,",,E",18950425.0,",,E",8.0,",E,03,",17.4,",,E,09,",27.0,",E,25,",,,41.3,",E",52.2,",,,E",1.722,",E",2.253,",,,E",1.19,",,,E"
AGE00135039,1895-05-01,35.7297,0.65,50.0,"ORAN HOPITAL MILITAIRE, AG",,,69.2,",E",8,",E",3,",E",0,",E",0.0,",E",0.0,",E",0.0,",E",31.0,",E",0.0,",E",18950528.0,"+,,E",18950502,",,E",18950517.0,",,E",14.0,",E,28,+",24.6,",,E,02,",30.0,",E,17,",,,0.0,",E",39.2,",,,E",2.056,",E",2.539,",,,E",1.574,",,,E"
AGE00135039,1895-07-01,35.7297,0.65,50.0,"ORAN HOPITAL MILITAIRE, AG",,,297.7,",E",0,",E",0,",E",0,",E",0.0,",E",0.0,",E",0.0,",E",31.0,",E",17.0,",E",18950702.0,",,E",18950731,"+,,E",18950728.0,",,E",19.0,",E,02,",0.0,",,E,31,+",37.0,",E,28,",0.0,E,0.0,",E",0.0,",,,E",2.794,",E",3.287,",,,E",2.3,",,,E"
AGE00135039,1895-08-01,35.7297,0.65,50.0,"ORAN HOPITAL MILITAIRE, AG",,,259.2,",E",1,",E",1,",E",0,",E",0.0,",E",0.0,",E",0.0,",E",31.0,",E",13.0,",E",18950830.0,"+,,E",18950825,",,E",18950809.0,"+,,E",19.0,",E,30,+",22.5,",,E,25,",35.0,",E,09,+",0.0,E,0.0,",E",22.5,",,,E",2.669,",E",3.1550000000000002,",,,E",2.184,",,,E"
AGE00135039,1895-10-01,35.7297,0.65,50.0,"ORAN HOPITAL MILITAIRE, AG",,,112.0,",E",2,",E",1,",E",0,",E",0.0,",E",0.0,",E",0.0,",E",30.0,",E",0.0,",E",18951031.0,"+,,E",18951030,",,E",18951024.0,",,E",15.0,",E,31,+",12.0,",,E,30,",32.0,",E,24,",,,1.8,",E",14.0,",,,E",2.189,",E",2.6390000000000002,",,,E",1.739,",,,E"
AGE00135039,1895-11-01,35.7297,0.65,50.0,"ORAN HOPITAL MILITAIRE, AG",,,1.5,",E",2,",E",1,",E",0,",E",0.0,",E",0.0,",E",0.0,",E",18.0,",E",0.0,",E",18951130.0,"+,,E",18951124,",,E",18951123.0,",,E",10.0,",E,30,+",3.0,",,E,24,",25.0,",E,23,",,,39.0,",E",4.0,",,,E",1.7079999999999997,",E",2.2,",,,E",1.217,",,,E"
AGE00135039,1895-12-01,35.7297,0.65,50.0,"ORAN HOPITAL MILITAIRE, AG",,,0.7,",E",7,",E",6,",E",0,",E",0.0,",E",0.0,",E",0.0,",E",6.0,",E",0.0,",E",18951207.0,"+,,E",18951218,",,E",18951215.0,",,E",5.0,",E,07,+",19.0,",,E,18,",25.0,",E,15,",,,115.0,",E",43.0,",,,E",1.465,",E",1.955,",,,E",0.974,",,,E"
AGE00135039,1897-01-01,35.7297,0.65,50.0,"ORAN HOPITAL MILITAIRE, AG",0.2,E,0.2,"3,E",9,",E",5,",E",1,",E",0.0,"2,E",0.0,"2,E",0.0,"1,E",2.0,"1,E",0.0,"1,E",18970126.0,",2,E",18970123,",,E",18970107.0,",1,E",1.0,"2,E,26,",37.5,",,E,23,",24.0,"1,E,07,",,,198.0,"1,E",66.5,",,,E",1.113,"3,E",1.573,"1,,,E",0.6519999999999999,"2,,,E"
AGE00135039,1897-02-01,35.7297,0.65,50.0,"ORAN HOPITAL MILITAIRE, AG",0.2,E,0.0,",E",4,",E",2,",E",0,",E",0.0,",E",0.0,",E",0.0,",E",0.0,",E",0.0,",E",18970226.0,"+,,E",18970216,",,E",18970214.0,"+,,E",4.0,",E,26,+",11.5,",,E,16,",21.0,",E,14,+",,,185.8,",E",22.2,",,,E",1.17,",E",1.7109999999999999,",,,E",0.629,",,,E"
AGE00135039,1897-03-01,35.7297,0.65,50.0,"ORAN HOPITAL MILITAIRE, AG",2.7,E,2.5,"1,E",1,",E",1,",E",0,",E",0.0,"1,E",0.0,"1,E",0.0,",E",10.0,",E",0.0,",E",18970310.0,"+,1,E",18970330,",,E",18970329.0,"+,,E",6.0,"1,E,10,+",8.0,",,E,30,",26.0,",E,29,+",,,84.0,",E",8.0,",,,E",1.5550000000000002,"1,E",2.09,",,,E",1.02,"1,,,E"
AGE00135039,1897-04-01,35.7297,0.65,50.0,"ORAN HOPITAL MILITAIRE, AG",8.7,E,6.0,",E",2,",E",0,",E",0,",E",0.0,",E",0.0,",E",0.0,",E",16.0,",E",0.0,",E",18970409.0,",,E",18970413,",,E",18970406.0,",,E",6.0,",E,09,",1.3,",,E,13,",30.0,",E,06,",,,54.5,",E",1.8,",,,E",1.672,",E",2.183,",,,E",1.16,",,,E"
AGE00135039,1897-05-01,35.7297,0.65,50.0,"ORAN HOPITAL MILITAIRE, AG",19.4,E,10.7,",E",3,",E",2,",E",0,",E",0.0,",E",0.0,",E",0.0,",E",25.0,",E",0.0,",E",18970524.0,"+,,E",18970502,",,E",18970524.0,",,E",10.0,",E,24,+",12.2,",,E,02,",26.0,",E,24,",,,19.5,",E",18.5,",,,E",1.8050000000000002,",E",2.287,",,,E",1.323,",,,E"
AGE00135039,1897-06-01,35.7297,0.65,50.0,"ORAN HOPITAL MILITAIRE, AG",113.4,E,94.0,",E",0,",E",0,",E",0,",E",0.0,",E",0.0,",E",0.0,",E",30.0,",E",0.0,",E",18970604.0,"+,,E",18970630,"+,,E",18970619.0,"+,,E",15.0,",E,04,+",0.0,",,E,30,+",29.0,",E,19,+",,,0.0,",E",0.0,",,,E",2.147,",E",2.58,",,,E",1.7129999999999999,",,,E"
AGE00135039,1897-08-01,35.7297,0.65,50.0,"ORAN HOPITAL MILITAIRE, AG",,,206.7,",E",0,",E",0,",E",0,",E",0.0,",E",0.0,",E",0.0,",E",31.0,",E",2.0,",E",18970825.0,"+,,E",18970831,"+,,E",18970802.0,",,E",17.0,",E,25,+",0.0,",,E,31,+",36.0,",E,02,",,,0.0,",E",0.0,",,,E",2.5,",E",2.965,",,,E",2.035,",,,E"
AGE00135039,1897-09-01,35.7297,0.65,50.0,"ORAN HOPITAL MILITAIRE, AG",,,123.5,",E",4,",E",3,",E",0,",E",0.0,",E",0.0,",E",0.0,",E",30.0,",E",1.0,",E",18970922.0,",,E",18970916,",,E",18970909.0,",,E",13.0,",E,22,",6.0,",,E,16,",33.0,",E,09,",,,0.0,",E",14.0,",,,E",2.245,",E",2.69,",,,E",1.8,",,,E"
AGE00135039,1897-12-01,35.7297,0.65,50.0,"ORAN HOPITAL MILITAIRE, AG",,,0.0,",E",11,",E",6,",E",0,",E",0.0,",E",0.0,",E",0.0,",E",0.0,",E",0.0,",E",18971229.0,",,E",18971203,",,E",18971220.0,"+,,E",5.0,",E,29,",14.0,",,E,03,",21.0,",E,20,+",,,164.8,",E",45.5,",,,E",1.302,",E",1.6809999999999998,",,,E",0.923,",,,E"
AGE00135039,1898-01-01,35.7297,0.65,50.0,"ORAN HOPITAL MILITAIRE, AG",0.0,E,0.0,",E",14,",E",10,",E",2,",E",0.0,",E",0.0,",E",0.0,",E",0.0,",E",0.0,",E",18980127.0,"+,,E",18980121,",,E",18980103.0,",,E",5.0,",E,27,+",50.0,",,E,21,",21.0,",E,03,",,,170.8,",E",155.0,",,,E",1.282,",E",1.6030000000000002,",,,E",0.961,",,,E"
AGE00135039,1898-02-01,35.7297,0.65,50.0,"ORAN HOPITAL MILITAIRE, AG",0.0,E,0.0,",E",3,",E",2,",E",0,",E",0.0,",E",0.0,",E",0.0,",E",0.0,",E",0.0,",E",18980212.0,",,E",18980223,",,E",18980218.0,",,E",3.0,",E,12,",16.0,",,E,23,",21.0,",E,18,",,,182.8,",E",24.0,",,,E",1.1800000000000002,",E",1.682,",,,E",0.679,",,,E"
AGE00135039,1898-03-01,35.7297,0.65,50.0,"ORAN HOPITAL MILITAIRE, AG",0.0,E,0.0,"2,E",7,",E",5,",E",1,",E",0.0,"2,E",0.0,"2,E",0.0,",E",3.0,",E",0.0,",E",18980306.0,",2,E",18980305,",,E",18980320.0,",,E",4.0,"2,E,06,",50.0,",,E,05,",26.0,",E,20,",,,154.2,",E",120.0,",,,E",1.301,"2,E",1.765,",,,E",0.8380000000000001,"2,,,E"
AGE00135039,1898-04-01,35.7297,0.65,50.0,"ORAN HOPITAL MILITAIRE, AG",0.0,E,0.0,",E",2,",E",1,",E",0,",E",0.0,",E",0.0,",E",0.0,",E",7.0,",E",0.0,",E",18980410.0,"+,,E",18980402,",,E",18980412.0,",,E",7.0,",E,10,+",5.0,",,E,02,",25.0,",E,12,",,,101.0,",E",6.0,",,,E",1.497,",E",1.9829999999999999,",,,E",1.01,",,,E"
AGE00135039,1898-05-01,35.7297,0.65,50.0,"ORAN HOPITAL MILITAIRE, AG",14.7,E,14.7,",E",0,",E",0,",E",0,",E",0.0,",E",0.0,",E",0.0,",E",22.0,",E",0.0,",E",18980517.0,",,E",18980531,"+,,E",18980512.0,",,E",10.0,",E,17,",0.0,",,E,31,+",29.0,",E,12,",,,25.5,",E",0.0,",,,E",1.798,",E",2.284,",,,E",1.3130000000000002,",,,E"
AGE00135039,1898-06-01,35.7297,0.65,50.0,"ORAN HOPITAL MILITAIRE, AG",94.7,E,80.0,",E",0,",E",0,",E",0,",E",0.0,",E",0.0,",E",0.0,",E",30.0,",E",1.0,",E",18980601.0,",,E",18980630,"+,,E",18980626.0,",,E",13.0,",E,01,",0.0,",,E,30,+",33.0,",E,26,",,,0.0,",E",0.0,",,,E",2.1,",E",2.527,",,,E",1.673,",,,E"
AGE00135039,1898-07-01,35.7297,0.65,50.0,"ORAN HOPITAL MILITAIRE, AG",237.9,E,143.2,",E",0,",E",0,",E",0,",E",0.0,",E",0.0,",E",0.0,",E",31.0,",E",1.0,",E",18980707.0,"+,,E",18980731,"+,,E",18980721.0,",,E",16.0,",E,07,+",0.0,",,E,31,+",33.0,",E,21,",0.0,E,0.0,",E",0.0,",,,E",2.295,",E",2.6550000000000002,",,,E",1.935,",,,E"
AGE00135039,1898-10-01,35.7297,0.65,50.0,"ORAN HOPITAL MILITAIRE, AG",,,50.8,",E",6,",E",2,",E",0,",E",0.0,",E",0.0,",E",0.0,",E",30.0,",E",0.0,",E",18981028.0,"+,,E",18981018,",,E",18981029.0,",,E",13.0,",E,28,+",15.5,",,E,18,",31.0,",E,29,",,,1.2,",E",26.2,",,,E",1.9940000000000002,",E",2.429,",,,E",1.558,",,,E"
AGE00135039,1898-11-01,35.7297,0.65,50.0,"ORAN HOPITAL MILITAIRE, AG",,,3.8,",E",14,",E",11,",E",1,",E",0.0,",E",0.0,",E",0.0,",E",3.0,",E",0.0,",E",18981128.0,"+,,E",18981102,",,E",18981110.0,",,E",8.0,",E,28,+",47.5,",,E,02,",28.0,",E,10,",,,104.8,",E",132.8,",,,E",1.497,",E",1.863,",,,E",1.1300000000000001,",,,E"
AGE00135039,1898-12-01,35.7297,0.65,50.0,"ORAN HOPITAL MILITAIRE, AG",,,0.0,",E",6,",E",3,",E",0,",E",0.0,",E",0.0,",E",0.0,",E",0.0,",E",0.0,",E",18981213.0,",,E",18981203,",,E",18981229.0,",,E",3.0,",E,13,",12.0,",,E,03,",19.0,",E,29,",,,197.3,",E",27.0,",,,E",1.197,",E",1.6260000000000001,",,,E",0.768,",,,E"
AGE00135039,1899-01-01,35.7297,0.65,50.0,"ORAN HOPITAL MILITAIRE, AG",0.0,E,0.0,",E",3,",E",0,",E",0,",E",0.0,",E",0.0,",E",0.0,",E",1.0,",E",0.0,",E",18990116.0,",,E",18990109,",,E",18990114.0,",,E",3.0,",E,16,",2.0,",,E,09,",22.0,",E,14,",,,181.8,",E",4.0,",,,E",1.247,",E",1.7420000000000002,",,,E",0.752,",,,E"
AGE00135039,1899-02-01,35.7297,0.65,50.0,"ORAN HOPITAL MILITAIRE, AG",4.8,E,4.8,",E",8,",E",6,",E",0,",E",0.0,",E",0.0,",E",0.0,",E",8.0,",E",0.0,",E",18990225.0,",,E",18990227,",,E",18990210.0,",,E",6.0,",E,25,",16.0,",,E,27,",29.0,",E,10,",,,105.7,",E",56.0,",,,E",1.473,",E",2.021,",,,E",0.925,",,,E"
AGE00135039,1899-03-01,35.7297,0.65,50.0,"ORAN HOPITAL MILITAIRE, AG",5.0,E,0.2,",E",6,",E",4,",E",2,",E",0.0,",E",0.0,",E",0.0,",E",3.0,",E",0.0,",E",18990311.0,",,E",18990324,",,E",18990327.0,",,E",7.0,",E,11,",65.0,",,E,24,",25.0,",E,27,",,,116.5,",E",124.5,",,,E",1.458,",E",1.877,",,,E",1.0390000000000001,",,,E"
AGE00135039,1899-04-01,35.7297,0.65,50.0,"ORAN HOPITAL MILITAIRE, AG",26.3,E,21.3,",E",2,",E",1,",E",0,",E",0.0,",E",0.0,",E",0.0,",E",20.0,",E",0.0,",E",18990409.0,",,E",18990417,",,E",18990425.0,",,E",9.0,",E,09,",3.0,",,E,17,",30.0,",E,25,",,,23.3,",E",5.0,",,,E",1.827,",E",2.237,",,,E",1.417,",,,E"
AGE00135039,1899-05-01,35.7297,0.65,50.0,"ORAN HOPITAL MILITAIRE, AG",88.0,E,61.7,",E",3,",E",3,",E",0,",E",0.0,",E",0.0,",E",0.0,",E",29.0,",E",2.0,",E",18990529.0,",,E",18990507,",,E",18990524.0,",,E",12.0,",E,29,",7.0,",,E,07,",34.0,",E,24,",,,3.0,",E",13.0,",,,E",2.023,",E",2.461,",,,E",1.584,",,,E"
AGE00135039,1899-06-01,35.7297,0.65,50.0,"ORAN HOPITAL MILITAIRE, AG",195.3,E,107.3,",E",4,",E",3,",E",0,",E",0.0,",E",0.0,",E",0.0,",E",27.0,",E",0.0,",E",18990616.0,",,E",18990603,",,E",18990609.0,",,E",13.0,",E,16,",8.0,",,E,03,",32.0,",E,09,",,,0.3,",E",19.0,",,,E",2.19,",E",2.5829999999999997,",,,E",1.797,",,,E"
AGE00135039,1899-07-01,35.7297,0.65,50.0,"ORAN HOPITAL MILITAIRE, AG",353.0,E,157.7,",E",0,",E",0,",E",0,",E",0.0,",E",0.0,",E",0.0,",E",31.0,",E",2.0,",E",18990718.0,"+,,E",18990731,"+,,E",18990721.0,",,E",15.0,",E,18,+",0.0,",,E,31,+",38.0,",E,21,",0.0,E,0.0,",E",0.0,",,,E",2.342,",E",2.79,",,,E",1.8940000000000001,",,,E"
AGE00135039,1899-08-01,35.7297,0.65,50.0,"ORAN HOPITAL MILITAIRE, AG",564.7,E,211.7,",E",3,",E",2,",E",0,",E",0.0,",E",0.0,",E",0.0,",E",31.0,",E",2.0,",E",18990829.0,"+,,E",18990815,",,E",18990815.0,",,E",17.0,",E,29,+",5.0,",,E,15,",36.0,",E,15,",0.0,E,0.0,",E",9.5,",,,E",2.516,",E",2.968,",,,E",2.065,",,,E"
AGE00135039,1899-09-01,35.7297,0.65,50.0,"ORAN HOPITAL MILITAIRE, AG",737.7,E,173.0,",E",2,",E",2,",E",0,",E",0.0,",E",0.0,",E",0.0,",E",30.0,",E",1.0,",E",18990928.0,"+,,E",18990921,",,E",18990913.0,",,E",15.0,",E,28,+",12.0,",,E,21,",35.0,",E,13,",0.0,E,0.0,",E",15.0,",,,E",2.41,",E",2.9,",,,E",1.92,",,,E"
AGE00135039,1899-11-01,35.7297,0.65,50.0,"ORAN HOPITAL MILITAIRE, AG",,,27.8,"1,E",3,",E",3,",E",0,",E",0.0,",E",0.0,",E",0.0,"1,E",16.0,"1,E",0.0,"1,E",18991121.0,",,E",18991128,",,E",18991102.0,",1,E",8.0,",E,21,",23.5,",,E,28,",31.0,"1,E,02,",,,45.0,"1,E",39.5,",,,E",1.7710000000000001,"1,E",2.269,"1,,,E",1.2730000000000001,",,,E"
AGE00135039,1900-01-01,35.7297,0.65,50.0,"ORAN HOPITAL MILITAIRE, AG",0.8,E,0.8,"1,E",6,",E",4,",E",1,",E",0.0,"1,E",0.0,"1,E",0.0,",E",2.0,",E",0.0,",E",19000121.0,",1,E",19000105,",,E",19000101.0,",,E",4.0,"1,E,21,",61.0,",,E,05,",24.0,",E,01,",,,165.3,",E",83.0,",,,E",1.278,"1,E",1.732,",,,E",0.8230000000000001,"1,,,E"
AGE00135039,1900-02-01,35.7297,0.65,50.0,"ORAN HOPITAL MILITAIRE, AG",14.8,E,14.0,"1,E",2,",E",1,",E",0,",E",0.0,"1,E",0.0,"1,E",0.0,",E",10.0,",E",0.0,",E",19000219.0,",1,E",19000207,",,E",19000225.0,",,E",6.0,"1,E,19,",7.0,",,E,07,",29.0,",E,25,",,,65.0,",E",8.5,",,,E",1.6460000000000001,"1,E",2.118,",,,E",1.174,"1,,,E"
AGE00135039,1900-03-01,35.7297,0.65,50.0,"ORAN HOPITAL MILITAIRE, AG",14.8,E,0.0,"3,E",5,",E",3,",E",1,",E",0.0,"3,E",0.0,"3,E",0.0,",E",1.0,",E",0.0,",E",19000308.0,",3,E",19000328,",,E",19000311.0,",,E",1.0,"3,E,08,",30.0,",,E,28,",22.0,",E,11,",,,139.3,",E",50.0,",,,E",1.339,"3,E",1.777,",,,E",0.9,"3,,,E"
AGE00135039,1900-04-01,35.7297,0.65,50.0,"ORAN HOPITAL MILITAIRE, AG",15.8,E,1.0,",E",5,",E",1,",E",0,",E",0.0,",E",0.0,",E",0.0,",E",7.0,",E",0.0,",E",19000403.0,",,E",19000405,",,E",19000427.0,"+,,E",6.0,",E,03,",18.5,",,E,05,",23.0,",E,27,+",,,76.0,",E",24.0,",,,E",1.583,",E",1.973,",,,E",1.193,",,,E"
AGE00135039,1900-05-01,35.7297,0.65,50.0,"ORAN HOPITAL MILITAIRE, AG",36.0,E,20.2,"1,E",5,",E",4,",E",0,",E",0.0,"1,E",0.0,"1,E",0.0,",E",22.0,",E",0.0,",E",19000522.0,"+,1,E",19000519,"+,,E",19000506.0,",,E",12.0,"1,E,22,+",7.0,",,E,19,+",28.0,",E,06,",,,21.2,",E",21.5,",,,E",1.832,"1,E",2.2649999999999997,",,,E",1.4,"1,,,E"
AGE00135039,1900-06-01,35.7297,0.65,50.0,"ORAN HOPITAL MILITAIRE, AG",133.8,E,97.8,"3,E",5,"1,E",1,"1,E",0,"1,E",0.0,"3,E",0.0,"3,E",0.0,"1,E",28.0,"1,E",0.0,"1,E",19000603.0,",3,E",19000602,",1,E",19000620.0,",1,E",13.0,"3,E,03,",14.5,"1,,E,02,",32.0,"1,E,20,",,,0.8,"1,E",20.0,"1,,,E",2.19,"3,E",2.559,"1,,,E",1.8219999999999998,"3,,,E"
AGE00135039,1900-07-01,35.7297,0.65,50.0,"ORAN HOPITAL MILITAIRE, AG",277.8,E,144.0,"1,E",1,",E",0,",E",0,",E",0.0,"1,E",0.0,"1,E",0.0,",E",31.0,",E",1.0,",E",19000706.0,",1,E",19000704,",,E",19000703.0,",,E",16.0,"1,E,06,",1.0,",,E,04,",35.0,",E,03,",0.0,E,0.0,",E",1.0,",,,E",2.314,"1,E",2.684,",,,E",1.943,"1,,,E"
AGE00135039,1900-08-01,35.7297,0.65,50.0,"ORAN HOPITAL MILITAIRE, AG",479.5,E,201.7,",E",2,",E",1,",E",0,",E",0.0,",E",0.0,",E",0.0,",E",31.0,",E",3.0,",E",19000827.0,"+,,E",19000816,",,E",19000804.0,",,E",17.0,",E,27,+",2.5,",,E,16,",34.0,",E,04,",0.0,E,0.0,",E",4.5,",,,E",2.484,",E",2.919,",,,E",2.048,",,,E"
AGE00135039,1900-09-01,35.7297,0.65,50.0,"ORAN HOPITAL MILITAIRE, AG",624.8,E,145.3,"1,E",7,",E",2,",E",0,",E",0.0,"1,E",0.0,"1,E",0.0,",E",30.0,",E",0.0,",E",19000929.0,",1,E",19000916,",,E",19000923.0,"+,,E",16.0,"1,E,29,",3.5,",,E,16,",30.0,",E,23,+",0.0,E,0.0,",E",15.0,",,,E",2.3329999999999997,"1,E",2.6870000000000003,",,,E",1.9789999999999999,"1,,,E"
AGE00135039,1900-10-01,35.7297,0.65,50.0,"ORAN HOPITAL MILITAIRE, AG",688.5,E,63.7,",E",9,",E",7,",E",1,",E",0.0,",E",0.0,",E",0.0,",E",27.0,",E",1.0,",E",19001021.0,"+,,E",19001020,",,E",19001008.0,",,E",11.0,",E,21,+",41.0,",,E,20,",33.0,",E,08,",4.0,E,4.0,",E",96.5,",,,E",2.0260000000000002,",E",2.465,",,,E",1.587,",,,E"
AGE00135039,1900-11-01,35.7297,0.65,50.0,"ORAN HOPITAL MILITAIRE, AG",688.5,E,0.0,",E",13,",E",10,",E",1,",E",0.0,",E",0.0,",E",0.0,",E",3.0,",E",0.0,",E",19001130.0,"+,,E",19001128,",,E",19001117.0,"+,,E",8.0,",E,30,+",27.0,",,E,28,",22.0,",E,17,+",107.0,E,103.0,",E",124.5,",,,E",1.49,",E",1.843,",,,E",1.137,",,,E"
AGE00135039,1900-12-01,35.7297,0.65,50.0,"ORAN HOPITAL MILITAIRE, AG",688.5,E,0.0,"2,E",5,",E",3,",E",1,",E",0.0,"2,E",0.0,"2,E",0.0,",E",0.0,",E",0.0,",E",19001213.0,"+,2,E",19001219,",,E",19001230.0,"+,,E",4.0,"2,E,13,+",38.0,",,E,19,",19.0,",E,30,+",285.2,E,178.2,",E",58.0,",,,E",1.218,"2,E",1.684,",,,E",0.752,"2,,,E"
AGE00135039,1901-01-01,35.7297,0.65,50.0,"ORAN HOPITAL MILITAIRE, AG",0.0,E,0.0,",E",6,",E",4,",E",0,",E",0.0,",E",0.0,",E",0.0,",E",1.0,",E",0.0,",E",19010105.0,"+,,E",19010107,",,E",19010129.0,",,E",3.0,",E,05,+",13.0,",,E,07,",23.0,",E,29,",475.5,E,190.3,",E",39.0,",,,E",1.2189999999999999,",E",1.6480000000000001,",,,E",0.79,",,,E"
AGE00135039,1901-02-01,35.7297,0.65,50.0,"ORAN HOPITAL MILITAIRE, AG",0.0,E,0.0,",E",15,",E",8,",E",0,",E",0.0,",E",0.0,",E",0.0,",E",0.0,",E",0.0,",E",19010217.0,",,E",19010216,",,E",19010212.0,",,E",1.0,",E,17,",16.0,",,E,16,",21.0,",E,12,",666.3,E,190.8,",E",77.5,",,,E",1.152,",E",1.5539999999999998,",,,E",0.75,",,,E"
AGE00135039,1901-03-01,35.7297,0.65,50.0,"ORAN HOPITAL MILITAIRE, AG",0.0,E,0.0,",E",11,",E",8,",E",0,",E",0.0,",E",0.0,",E",0.0,",E",7.0,",E",0.0,",E",19010305.0,",,E",19010311,",,E",19010331.0,",,E",4.0,",E,05,",11.0,",,E,11,",24.0,",E,31,",796.6,E,130.3,",E",41.5,",,,E",1.413,",E",1.935,",,,E",0.89,",,,E"
AGE00135039,1901-05-01,35.7297,0.65,50.0,"ORAN HOPITAL MILITAIRE, AG",,,18.2,",E",5,",E",3,",E",0,",E",0.0,",E",0.0,",E",0.0,",E",20.0,",E",0.0,",E",19010523.0,"+,,E",19010527,",,E",19010520.0,",,E",10.0,",E,23,+",14.5,",,E,27,",27.0,",E,20,",,,25.5,",E",31.5,",,,E",1.81,",E",2.2649999999999997,",,,E",1.355,",,,E"
AGE00135039,1901-07-01,35.7297,0.65,50.0,"ORAN HOPITAL MILITAIRE, AG",,,183.7,"3,E",1,",E",1,",E",0,",E",0.0,"3,E",0.0,"3,E",0.0,",E",31.0,",E",3.0,",E",19010731.0,",3,E",19010729,",,E",19010703.0,",,E",17.0,"3,E,31,",2.5,",,E,29,",36.0,",E,03,",0.0,E,0.0,",E",2.5,",,,E",2.492,"3,E",2.916,",,,E",2.068,"3,,,E"
AGE00135039,1901-08-01,35.7297,0.65,50.0,"ORAN HOPITAL MILITAIRE, AG",,,212.2,",E",2,",E",1,",E",0,",E",0.0,",E",0.0,",E",0.0,",E",31.0,",E",4.0,",E",19010819.0,"+,,E",19010823,",,E",19010828.0,",,E",19.0,",E,19,+",2.6,",,E,23,",38.0,",E,28,",0.0,E,0.0,",E",3.6,",,,E",2.518,",E",2.965,",,,E",2.071,",,,E"
AGE00135039,1901-09-01,35.7297,0.65,50.0,"ORAN HOPITAL MILITAIRE, AG",,,145.5,",E",3,",E",2,",E",0,",E",0.0,",E",0.0,",E",0.0,",E",30.0,",E",1.0,",E",19010927.0,"+,,E",19010911,",,E",19010902.0,",,E",15.0,",E,27,+",13.2,",,E,11,",37.0,",E,02,",0.0,E,0.0,",E",22.2,",,,E",2.318,",E",2.807,",,,E",1.83,",,,E"
AGE00135039,1901-11-01,35.7297,0.65,50.0,"ORAN HOPITAL MILITAIRE, AG",,,5.2,",E",6,",E",4,",E",2,",E",0.0,",E",0.0,",E",0.0,",E",6.0,",E",0.0,",E",19011120.0,",,E",19011108,",,E",19011117.0,",,E",5.0,",E,20,",70.0,",,E,08,",27.0,",E,17,",,,94.7,",E",126.7,",,,E",1.535,",E",1.9769999999999999,",,,E",1.093,",,,E"
AGE00135039,1901-12-01,35.7297,0.65,50.0,"ORAN HOPITAL MILITAIRE, AG",,,0.0,",E",13,",E",8,",E",0,",E",0.0,",E",0.0,",E",0.0,",E",0.0,",E",0.0,",E",19011221.0,"+,,E",19011222,",,E",19011229.0,",,E",3.0,",E,21,+",22.0,",,E,22,",20.0,",E,29,",,,202.3,",E",97.8,",,,E",1.181,",E",1.6059999999999999,",,,E",0.755,",,,E"
AGE00135039,1902-01-01,35.7297,0.65,50.0,"ORAN HOPITAL MILITAIRE, AG",0.0,E,0.0,",E",2,",E",2,",E",0,",E",0.0,",E",0.0,",E",0.0,",E",0.0,",E",0.0,",E",19020128.0,",,E",19020130,",,E",19020125.0,",,E",2.0,",E,28,",3.5,",,E,30,",19.0,",E,25,",,,213.8,",E",6.5,",,,E",1.144,",E",1.623,",,,E",0.665,",,,E"
AGE00135039,1902-02-01,35.7297,0.65,50.0,"ORAN HOPITAL MILITAIRE, AG",0.2,E,0.2,",E",7,",E",3,",E",0,",E",0.0,",E",0.0,",E",0.0,",E",3.0,",E",0.0,",E",19020203.0,",,E",19020221,",,E",19020207.0,",,E",2.0,",E,03,",13.0,",,E,21,",24.0,",E,07,",,,113.0,",E",32.5,",,,E",1.4300000000000002,",E",1.907,",,,E",0.954,",,,E"
AGE00135039,1902-03-01,35.7297,0.65,50.0,"ORAN HOPITAL MILITAIRE, AG",0.4,E,0.2,"1,E",7,",E",4,",E",0,",E",0.0,"1,E",0.0,"1,E",0.0,",E",3.0,",E",0.0,",E",19020326.0,"+,1,E",19020312,",,E",19020331.0,",,E",6.0,"1,E,26,+",16.0,",,E,12,",25.0,",E,31,",,,118.7,",E",34.5,",,,E",1.4380000000000002,"1,E",1.9100000000000001,",,,E",0.967,"1,,,E"
AGE00135039,1902-04-01,35.7297,0.65,50.0,"ORAN HOPITAL MILITAIRE, AG",8.2,E,7.8,",E",5,",E",4,",E",0,",E",0.0,",E",0.0,",E",0.0,",E",20.0,",E",0.0,",E",19020420.0,"+,,E",19020406,",,E",19020413.0,"+,,E",9.0,",E,20,+",8.0,",,E,06,",26.0,",E,13,+",,,27.8,",E",23.7,",,,E",1.7670000000000001,",E",2.2600000000000002,",,,E",1.2730000000000001,",,,E"
AGE00135039,1902-05-01,35.7297,0.65,50.0,"ORAN HOPITAL MILITAIRE, AG",24.2,E,16.0,",E",2,",E",1,",E",0,",E",0.0,",E",0.0,",E",0.0,",E",19.0,",E",0.0,",E",19020509.0,",,E",19020506,",,E",19020518.0,",,E",6.0,",E,09,",16.6,",,E,06,",29.0,",E,18,",,,44.3,",E",18.1,",,,E",1.7420000000000002,",E",2.261,",,,E",1.223,",,,E"
AGE00135039,1902-06-01,35.7297,0.65,50.0,"ORAN HOPITAL MILITAIRE, AG",89.9,E,65.7,",E",0,",E",0,",E",0,",E",0.0,",E",0.0,",E",0.0,",E",28.0,",E",0.0,",E",19020604.0,",,E",19020630,"+,,E",19020620.0,",,E",12.0,",E,04,",0.0,",,E,30,+",32.0,",E,20,",,,4.2,",E",0.0,",,,E",2.038,",E",2.48,",,,E",1.597,",,,E"
AGE00135039,1902-08-01,35.7297,0.65,50.0,"ORAN HOPITAL MILITAIRE, AG",,,228.2,",E",1,",E",0,",E",0,",E",0.0,",E",0.0,",E",0.0,",E",31.0,",E",4.0,",E",19020831.0,"+,,E",19020829,",,E",19020825.0,",,E",17.0,",E,31,+",1.0,",,E,29,",37.0,",E,25,",,,0.0,",E",1.0,",,,E",2.569,",E",3.055,",,,E",2.084,",,,E"
AGE00135039,1902-09-01,35.7297,0.65,50.0,"ORAN HOPITAL MILITAIRE, AG",,,128.8,"1,E",0,",E",0,",E",0,",E",0.0,"1,E",0.0,"1,E",0.0,",E",29.0,",E",0.0,",E",19020929.0,"+,1,E",19020930,"+,,E",19020912.0,",,E",14.0,"1,E,29,+",0.0,",,E,30,+",31.0,",E,12,",,,0.0,",E",0.0,",,,E",2.2649999999999997,"1,E",2.65,",,,E",1.879,"1,,,E"
AGE00135039,1902-11-01,35.7297,0.65,50.0,"ORAN HOPITAL MILITAIRE, AG",,,6.2,",E",8,",E",6,",E",1,",E",0.0,",E",0.0,",E",0.0,",E",10.0,",E",0.0,",E",19021112.0,",,E",19021114,",,E",19021106.0,"+,,E",7.0,",E,12,",43.5,",,E,14,",25.0,",E,06,+",,,83.2,",E",91.9,",,,E",1.577,",E",2.05,",,,E",1.103,",,,E"
AGE00135039,1903-02-01,35.7297,0.65,50.0,"ORAN HOPITAL MILITAIRE, AG",,,0.0,",E",1,",E",1,",E",0,",E",0.0,",E",0.0,",E",0.0,",E",1.0,",E",0.0,",E",19030206.0,",,E",19030202,",,E",19030212.0,",,E",2.0,",E,06,",11.0,",,E,02,",22.0,",E,12,",,,186.3,",E",11.0,",,,E",1.168,",E",1.739,",,,E",0.596,",,,E"
AGE00135039,1903-03-01,35.7297,0.65,50.0,"ORAN HOPITAL MILITAIRE, AG",,,0.2,",E",5,",E",2,",E",0,",E",0.0,",E",0.0,",E",0.0,",E",7.0,",E",0.0,",E",19030309.0,",,E",19030314,",,E",19030325.0,",,E",3.0,",E,09,",24.0,",,E,14,",25.0,",E,25,",,,116.5,",E",44.9,",,,E",1.458,",E",1.9769999999999999,",,,E",0.9390000000000001,",,,E"
AGE00135039,1903-04-01,35.7297,0.65,50.0,"ORAN HOPITAL MILITAIRE, AG",,,3.7,",E",3,",E",2,",E",0,",E",0.0,",E",0.0,",E",0.0,",E",9.0,",E",0.0,",E",19030408.0,"+,,E",19030425,",,E",19030422.0,",,E",8.0,",E,08,+",7.0,",,E,25,",29.0,",E,22,",,,83.7,",E",11.0,",,,E",1.567,",E",2.0629999999999997,",,,E",1.0699999999999998,",,,E"
AGE00135039,1903-06-01,35.7297,0.65,50.0,"ORAN HOPITAL MILITAIRE, AG",,,72.0,",E",1,",E",0,",E",0,",E",0.0,",E",0.0,",E",0.0,",E",30.0,",E",0.0,",E",19030614.0,"+,,E",19030606,",,E",19030615.0,",,E",14.0,",E,14,+",1.3,",,E,06,",30.0,",E,15,",,,0.0,",E",1.3,",,,E",2.073,",E",2.507,",,,E",1.64,",,,E"
AGE00135039,1903-07-01,35.7297,0.65,50.0,"ORAN HOPITAL MILITAIRE, AG",,,143.2,",E",0,",E",0,",E",0,",E",0.0,",E",0.0,",E",0.0,",E",31.0,",E",1.0,",E",19030727.0,",,E",19030731,"+,,E",19030712.0,",,E",15.0,",E,27,",0.0,",,E,31,+",35.0,",E,12,",0.0,E,0.0,",E",0.0,",,,E",2.295,",E",2.7030000000000003,",,,E",1.887,",,,E"
AGE00135039,1903-08-01,35.7297,0.65,50.0,"ORAN HOPITAL MILITAIRE, AG",,,192.2,",E",0,",E",0,",E",0,",E",0.0,",E",0.0,",E",0.0,",E",31.0,",E",2.0,",E",19030818.0,"+,,E",19030831,"+,,E",19030815.0,",,E",18.0,",E,18,+",0.0,",,E,31,+",36.0,",E,15,",0.0,E,0.0,",E",0.0,",,,E",2.4530000000000003,",E",2.8579999999999997,",,,E",2.048,",,,E"
AGE00135039,1903-09-01,35.7297,0.65,50.0,"ORAN HOPITAL MILITAIRE, AG",,,120.0,",E",2,",E",2,",E",0,",E",0.0,",E",0.0,",E",0.0,",E",30.0,",E",1.0,",E",19030916.0,",,E",19030918,",,E",19030912.0,",,E",13.0,",E,16,",4.3,",,E,18,",33.0,",E,12,",0.0,E,0.0,",E",7.6,",,,E",2.2329999999999997,",E",2.68,",,,E",1.7870000000000001,",,,E"
AGE00135039,1903-10-01,35.7297,0.65,50.0,"ORAN HOPITAL MILITAIRE, AG",,,51.0,"3,E",4,",E",3,",E",0,",E",0.0,"3,E",0.0,"3,E",0.0,",E",28.0,",E",0.0,",E",19031024.0,",3,E",19031029,",,E",19031014.0,",,E",12.0,"3,E,24,",5.5,",,E,29,",32.0,",E,14,",1.8,E,1.8,",E",12.4,",,,E",2.005,"3,E",2.445,",,,E",1.564,"3,,,E"
AGE00135039,1903-12-01,35.7297,0.65,50.0,"ORAN HOPITAL MILITAIRE, AG",,,0.0,"1,E",16,",E",12,",E",1,",E",0.0,"1,E",0.0,"1,E",0.0,",E",0.0,",E",0.0,",E",19031226.0,",1,E",19031221,",,E",19031208.0,",,E",4.0,"1,E,26,",30.5,",,E,21,",21.0,",E,08,",,,191.5,",E",137.2,",,,E",1.1949999999999998,"1,E",1.6030000000000002,",,,E",0.787,"1,,,E"
AGE00135039,1904-02-01,35.7297,0.65,50.0,"ORAN HOPITAL MILITAIRE, AG",,,0.0,",E",8,",E",7,",E",0,",E",0.0,",E",0.0,",E",0.0,",E",5.0,",E",0.0,",E",19040221.0,",,E",19040219,",,E",19040217.0,",,E",3.0,",E,21,",21.0,",,E,19,",23.0,",E,17,",,,158.2,",E",73.5,",,,E",1.288,",E",1.786,",,,E",0.79,",,,E"
AGE00135039,1904-03-01,35.7297,0.65,50.0,"ORAN HOPITAL MILITAIRE, AG",,,0.0,",E",8,",E",8,",E",3,",E",0.0,",E",0.0,",E",0.0,",E",3.0,",E",0.0,",E",19040328.0,",,E",19040313,",,E",19040330.0,",,E",5.0,",E,28,",54.5,",,E,13,",25.0,",E,30,",,,161.3,",E",148.9,",,,E",1.3130000000000002,",E",1.781,",,,E",0.845,",,,E"
AGE00135039,1904-04-01,35.7297,0.65,50.0,"ORAN HOPITAL MILITAIRE, AG",,,9.3,",E",8,",E",8,",E",1,",E",0.0,",E",0.0,",E",0.0,",E",8.0,",E",1.0,",E",19040425.0,"+,,E",19040423,",,E",19040413.0,",,E",9.0,",E,25,+",28.3,",,E,23,",35.0,",E,13,",,,92.3,",E",102.7,",,,E",1.557,",E",2.02,",,,E",1.093,",,,E"
AGE00135039,1904-05-01,35.7297,0.65,50.0,"ORAN HOPITAL MILITAIRE, AG",,,31.0,",E",1,",E",0,",E",0,",E",0.0,",E",0.0,",E",0.0,",E",21.0,",E",0.0,",E",19040504.0,",,E",19040525,",,E",19040531.0,"+,,E",10.0,",E,04,",2.4,",,E,25,",29.0,",E,31,+",,,18.8,",E",2.4,",,,E",1.873,",E",2.294,",,,E",1.452,",,,E"
AGE00135039,1904-07-01,35.7297,0.65,50.0,"ORAN HOPITAL MILITAIRE, AG",,,217.7,",E",0,",E",0,",E",0,",E",0.0,",E",0.0,",E",0.0,",E",31.0,",E",8.0,",E",19040713.0,"+,,E",19040731,"+,,E",19040725.0,"+,,E",18.0,",E,13,+",0.0,",,E,31,+",37.0,",E,25,+",0.0,E,0.0,",E",0.0,",,,E",2.535,",E",3.029,",,,E",2.0420000000000003,",,,E"
AGE00135039,1904-10-01,35.7297,0.65,50.0,"ORAN HOPITAL MILITAIRE, AG",,,56.7,",E",2,",E",1,",E",0,",E",0.0,",E",0.0,",E",0.0,",E",30.0,",E",1.0,",E",19041011.0,"+,,E",19041012,",,E",19041024.0,",,E",13.0,",E,11,+",4.0,",,E,12,",34.0,",E,24,",,,1.5,",E",5.4,",,,E",2.011,",E",2.445,",,,E",1.577,",,,E"
AGE00135039,1904-11-01,35.7297,0.65,50.0,"ORAN HOPITAL MILITAIRE, AG",,,8.8,",E",6,",E",4,",E",1,",E",0.0,",E",0.0,",E",0.0,",E",8.0,",E",0.0,",E",19041127.0,"+,,E",19041124,",,E",19041102.0,",,E",5.0,",E,27,+",30.5,",,E,24,",28.0,",E,02,",,,85.8,",E",48.3,",,,E",1.577,",E",1.9929999999999999,",,,E",1.16,",,,E"
AGE00135039,1904-12-01,35.7297,0.65,50.0,"ORAN HOPITAL MILITAIRE, AG",,,0.0,",E",5,",E",5,",E",1,",E",0.0,",E",0.0,",E",0.0,",E",0.0,",E",0.0,",E",19041220.0,"+,,E",19041227,",,E",19041222.0,",,E",5.0,",E,20,+",47.0,",,E,27,",21.0,",E,22,",,,136.8,",E",67.5,",,,E",1.392,",E",1.8030000000000002,",,,E",0.9810000000000001,",,,E"
AGE00135039,1905-01-01,35.7297,0.65,50.0,"ORAN HOPITAL MILITAIRE, AG",0.0,E,0.0,",E",7,",E",4,",E",0,",E",0.0,",E",0.0,",E",0.0,",E",0.0,",E",0.0,",E",19050105.0,",,E",19050127,",,E",19050131.0,"+,,E",2.0,",E,05,",10.0,",,E,27,",19.0,",E,31,+",,,222.3,",E",26.5,",,,E",1.116,",E",1.5130000000000001,",,,E",0.7190000000000001,",,,E"
AGE00135039,1905-03-01,35.7297,0.65,50.0,"ORAN HOPITAL MILITAIRE, AG",,,4.5,"1,E",2,",E",2,",E",0,",E",0.0,"1,E",0.0,"1,E",0.0,",E",14.0,",E",0.0,",E",19050304.0,"+,1,E",19050302,",,E",19050330.0,"+,,E",5.0,"1,E,04,+",11.6,",,E,02,",27.0,",E,30,+",,,89.0,",E",20.4,",,,E",1.556,"1,E",2.0420000000000003,",,,E",1.0699999999999998,"1,,,E"
AGE00135039,1905-04-01,35.7297,0.65,50.0,"ORAN HOPITAL MILITAIRE, AG",,,9.0,"1,E",3,",E",3,",E",0,",E",0.0,"1,E",0.0,"1,E",0.0,",E",13.0,",E",0.0,",E",19050422.0,",1,E",19050427,",,E",19050404.0,",,E",6.0,"1,E,22,",16.5,",,E,27,",31.0,",E,04,",,,38.2,",E",21.5,",,,E",1.7269999999999999,"1,E",2.153,",,,E",1.3,"1,,,E"
AGE00135039,1905-05-01,35.7297,0.65,50.0,"ORAN HOPITAL MILITAIRE, AG",,,16.8,"1,E",3,",E",2,",E",0,",E",0.0,"1,E",0.0,"1,E",0.0,",E",14.0,",E",0.0,",E",19050529.0,"+,1,E",19050527,",,E",19050530.0,",,E",10.0,"1,E,29,+",11.8,",,E,27,",30.0,",E,30,",,,31.3,",E",22.2,",,,E",1.777,"1,E",2.184,",,,E",1.3699999999999999,"1,,,E"
AGE00135039,1905-06-01,35.7297,0.65,50.0,"ORAN HOPITAL MILITAIRE, AG",,,97.8,"1,E",2,",E",2,",E",0,",E",0.0,"1,E",0.0,"1,E",0.0,",E",30.0,",E",2.0,",E",19050608.0,",1,E",19050605,",,E",19050601.0,",,E",13.0,"1,E,08,",8.5,",,E,05,",34.0,",E,01,",,,0.0,",E",14.0,",,,E",2.177,"1,E",2.6399999999999997,",,,E",1.714,"1,,,E"
AGE00135039,1905-07-01,35.7297,0.65,50.0,"ORAN HOPITAL MILITAIRE, AG",,,179.2,",E",1,",E",1,",E",1,",E",0.0,",E",0.0,",E",0.0,",E",31.0,",E",3.0,",E",19050709.0,"+,,E",19050727,",,E",19050722.0,",,E",17.0,",E,09,+",35.0,",,E,27,",38.0,",E,22,",0.0,E,0.0,",E",35.0,",,,E",2.411,",E",2.819,",,,E",2.003,",,,E"
AGE00135039,1905-08-01,35.7297,0.65,50.0,"ORAN HOPITAL MILITAIRE, AG",,,180.8,"2,E",0,"1,E",0,"1,E",0,"1,E",0.0,"2,E",0.0,"2,E",0.0,"1,E",30.0,"1,E",3.0,"1,E",19050831.0,"+,2,E",19050831,"+,1,E",19050812.0,",1,E",17.0,"2,E,31,+",0.0,"1,,E,31,+",38.0,"1,E,12,",0.0,E,0.0,"1,E",0.0,"1,,,E",2.457,"2,E",2.883,"1,,,E",2.0309999999999997,"2,,,E"
AGE00135039,1905-10-01,35.7297,0.65,50.0,"ORAN HOPITAL MILITAIRE, AG",,,17.8,"3,E",4,",E",2,",E",0,",E",0.0,",E",0.0,",E",0.0,"3,E",15.0,"3,E",0.0,"3,E",19051031.0,",,E",19051027,"+,,E",19051023.0,",3,E",9.0,",E,31,",6.0,",,E,27,+",31.0,"3,E,23,",,,23.2,"3,E",14.8,",,,E",1.816,"3,E",2.271,"3,,,E",1.361,",,,E"
AGE00135039,1905-11-01,35.7297,0.65,50.0,"ORAN HOPITAL MILITAIRE, AG",,,0.0,"1,E",6,",E",4,",E",1,",E",0.0,"1,E",0.0,"1,E",0.0,",E",4.0,",E",0.0,",E",19051124.0,",1,E",19051120,",,E",19051118.0,",,E",7.0,"1,E,24,",32.0,",,E,20,",25.0,",E,18,",,,100.2,",E",72.4,",,,E",1.492,"1,E",1.8699999999999999,",,,E",1.114,"1,,,E"
AGE00135039,1905-12-01,35.7297,0.65,50.0,"ORAN HOPITAL MILITAIRE, AG",,,0.0,"1,E",4,",E",3,",E",0,",E",0.0,"1,E",0.0,"1,E",0.0,",E",0.0,",E",0.0,",E",19051228.0,",1,E",19051212,",,E",19051229.0,",,E",1.0,"1,E,28,",9.0,",,E,12,",20.0,",E,29,",,,225.0,",E",26.0,",,,E",1.082,"1,E",1.506,",,,E",0.657,"1,,,E"
AGE00135039,1906-01-01,35.7297,0.65,50.0,"ORAN HOPITAL MILITAIRE, AG",0.0,E,0.0,"1,E",8,",E",6,",E",1,",E",0.0,"1,E",1.0,"1,E",0.0,",E",0.0,",E",0.0,",E",19060125.0,",1,E",19060124,",,E",19060101.0,",,E",0.0,"1,E,25,",34.0,",,E,24,",20.0,",E,01,",,,204.5,",E",75.0,",,,E",1.1560000000000001,"1,E",1.526,",,,E",0.787,"1,,,E"
AGE00135039,1906-02-01,35.7297,0.65,50.0,"ORAN HOPITAL MILITAIRE, AG",0.0,E,0.0,",E",7,",E",4,",E",1,",E",0.0,",E",0.0,",E",0.0,",E",1.0,",E",0.0,",E",19060207.0,"+,,E",19060206,",,E",19060227.0,",,E",1.0,",E,07,+",29.0,",,E,06,",22.0,",E,27,",,,200.3,",E",65.0,",,,E",1.1179999999999999,",E",1.525,",,,E",0.7110000000000001,",,,E"
AGE00135039,1906-03-01,35.7297,0.65,50.0,"ORAN HOPITAL MILITAIRE, AG",0.0,E,0.0,"2,E",5,",E",3,",E",0,",E",0.0,"2,E",0.0,"2,E",0.0,",E",4.0,",E",0.0,",E",19060325.0,",2,E",19060322,",,E",19060309.0,",,E",5.0,"2,E,25,",5.0,",,E,22,",24.0,",E,09,",,,146.2,",E",13.7,",,,E",1.331,"2,E",1.8059999999999998,",,,E",0.8550000000000001,"2,,,E"
AGE00135039,1906-05-01,35.7297,0.65,50.0,"ORAN HOPITAL MILITAIRE, AG",,,18.0,"1,E",4,",E",3,",E",0,",E",0.0,"1,E",0.0,"1,E",0.0,",E",23.0,",E",1.0,",E",19060502.0,",1,E",19060508,",,E",19060513.0,",,E",8.0,"1,E,02,",24.4,",,E,08,",33.0,",E,13,",,,23.0,",E",31.5,",,,E",1.816,"1,E",2.2649999999999997,",,,E",1.367,"1,,,E"
AGE00135039,1906-11-01,35.7297,0.65,50.0,"ORAN HOPITAL MILITAIRE, AG",,,0.0,",E",6,",E",3,",E",0,",E",0.0,",E",0.0,",E",0.0,",E",1.0,",E",0.0,",E",19061129.0,"+,,E",19061108,",,E",19061106.0,",,E",8.0,",E,29,+",15.0,",,E,08,",22.0,",E,06,",,,126.0,",E",26.9,",,,E",1.413,",E",1.7670000000000001,",,,E",1.06,",,,E"
AGE00135039,1906-12-01,35.7297,0.65,50.0,"ORAN HOPITAL MILITAIRE, AG",,,0.0,"1,E",8,",E",6,",E",2,",E",0.0,"1,E",0.0,"1,E",0.0,",E",0.0,",E",0.0,",E",19061230.0,",1,E",19061224,",,E",19061214.0,",,E",2.0,"1,E,30,",41.3,",,E,24,",20.0,",E,14,",,,213.5,",E",104.9,",,,E",1.127,"1,E",1.587,",,,E",0.667,"1,,,E"
AGE00135039,1907-01-01,35.7297,0.65,50.0,"ORAN HOPITAL MILITAIRE, AG",0.0,E,0.0,",E",3,",E",2,",E",1,",E",0.0,",E",0.0,",E",0.0,",E",0.0,",E",0.0,",E",19070122.0,"+,,E",19070126,",,E",19070101.0,",,E",2.0,",E,22,+",47.0,",,E,26,",18.0,",E,01,",,,271.3,",E",52.4,",,,E",0.958,",E",1.435,",,,E",0.481,",,,E"
AGE00135039,1907-03-01,35.7297,0.65,50.0,"ORAN HOPITAL MILITAIRE, AG",,,0.0,",E",2,",E",2,",E",0,",E",0.0,",E",0.0,",E",0.0,",E",1.0,",E",0.0,",E",19070315.0,"+,,E",19070330,",,E",19070311.0,",,E",4.0,",E,15,+",6.7,",,E,30,",25.0,",E,11,",,,184.3,",E",11.7,",,,E",1.239,",E",1.684,",,,E",0.794,",,,E"
AGE00135039,1907-04-01,35.7297,0.65,50.0,"ORAN HOPITAL MILITAIRE, AG",,,0.8,"1,E",5,",E",2,",E",0,",E",0.0,"1,E",0.0,"1,E",0.0,",E",9.0,",E",0.0,",E",19070430.0,"+,1,E",19070428,",,E",19070427.0,"+,,E",9.0,"1,E,30,+",6.0,",,E,28,",24.0,",E,27,+",,,78.7,",E",14.1,",,,E",1.5630000000000002,"1,E",2.0170000000000003,",,,E",1.109,"1,,,E"
AGE00135039,1907-05-01,35.7297,0.65,50.0,"ORAN HOPITAL MILITAIRE, AG",,,7.7,",E",3,",E",2,",E",0,",E",0.0,",E",0.0,",E",0.0,",E",10.0,",E",0.0,",E",19070518.0,"+,,E",19070507,",,E",19070530.0,",,E",10.0,",E,18,+",12.0,",,E,07,",25.0,",E,30,",,,55.5,",E",21.8,",,,E",1.6789999999999998,",E",2.077,",,,E",1.2810000000000001,",,,E"
AGE00135039,1907-07-01,35.7297,0.65,50.0,"ORAN HOPITAL MILITAIRE, AG",,,117.2,"3,E",0,",E",0,",E",0,",E",0.0,"3,E",0.0,"3,E",0.0,",E",31.0,",E",3.0,",E",19070718.0,",3,E",19070731,"+,,E",19070707.0,",,E",16.0,"3,E,18,",0.0,",,E,31,+",34.0,",E,07,",0.0,E,0.0,",E",0.0,",,,E",2.2489999999999997,"3,E",2.658,",,,E",1.839,"3,,,E"
AGE00135039,1907-11-01,35.7297,0.65,50.0,"ORAN HOPITAL MILITAIRE, AG",,,2.8,",E",9,",E",6,",E",1,",E",0.0,",E",0.0,",E",0.0,",E",10.0,",E",0.0,",E",19071127.0,",,E",19071122,",,E",19071117.0,"+,,E",7.0,",E,27,",33.0,",,E,22,",23.0,",E,17,+",,,59.3,",E",87.9,",,,E",1.645,",E",2.027,",,,E",1.2630000000000001,",,,E"
AGE00135039,1907-12-01,35.7297,0.65,50.0,"ORAN HOPITAL MILITAIRE, AG",,,0.2,",E",4,",E",3,",E",0,",E",0.0,",E",0.0,",E",0.0,",E",4.0,",E",0.0,",E",19071222.0,",,E",19071226,",,E",19071215.0,",,E",5.0,",E,22,",8.5,",,E,26,",24.0,",E,15,",,,134.0,",E",21.4,",,,E",1.402,",E",1.8809999999999998,",,,E",0.923,",,,E"
AGE00135039,1908-06-01,35.7297,0.65,50.0,"ORAN HOPITAL MILITAIRE, AG",,,43.0,",E",3,",E",2,",E",0,",E",0.0,",E",0.0,",E",0.0,",E",26.0,",E",1.0,",E",19080614.0,",,E",19080615,",,E",19080615.0,",,E",10.0,",E,14,",13.5,",,E,15,",34.0,",E,15,",,,5.5,",E",17.0,",,,E",1.9579999999999997,",E",2.41,",,,E",1.5070000000000001,",,,E"
AGE00135039,1908-07-01,35.7297,0.65,50.0,"ORAN HOPITAL MILITAIRE, AG",,,134.2,",E",2,",E",0,",E",0,",E",0.0,",E",0.0,",E",0.0,",E",31.0,",E",1.0,",E",19080714.0,",,E",19080730,"+,,E",19080718.0,",,E",16.0,",E,14,",1.0,",,E,30,+",36.0,",E,18,",0.0,E,0.0,",E",2.2,",,,E",2.266,",E",2.619,",,,E",1.9129999999999998,",,,E"
AGE00135039,1909-03-01,35.7297,0.65,50.0,"ORAN HOPITAL MILITAIRE, AG",,,0.0,"1,E",7,",E",6,",E",0,",E",0.0,",E",0.0,",E",0.0,"1,E",8.0,"1,E",0.0,"1,E",19090317.0,"+,,E",19090319,",,E",19090328.0,"+,1,E",5.0,",E,17,+",6.0,",,E,19,",24.0,"1,E,28,+",,,149.0,"1,E",24.2,",,,E",1.3359999999999999,"1,E",1.92,"1,,,E",0.752,",,,E"
AGE00135039,1909-08-01,35.7297,0.65,50.0,"ORAN HOPITAL MILITAIRE, AG",,,184.2,",E",1,",E",0,",E",0,",E",0.0,",E",0.0,",E",0.0,",E",31.0,",E",2.0,",E",19090830.0,",,E",19090807,",,E",19090816.0,",,E",18.0,",E,30,",0.3,",,E,07,",37.0,",E,16,",,,0.0,",E",0.3,",,,E",2.427,",E",2.816,",,,E",2.039,",,,E"
AGE00135039,1909-09-01,35.7297,0.65,50.0,"ORAN HOPITAL MILITAIRE, AG",,,81.5,",E",0,",E",0,",E",0,",E",0.0,",E",0.0,",E",0.0,",E",30.0,",E",0.0,",E",19090918.0,"+,,E",19090930,"+,,E",19090930.0,",,E",14.0,",E,18,+",0.0,",,E,30,+",30.0,",E,30,",,,0.0,",E",0.0,",,,E",2.105,",E",2.463,",,,E",1.7469999999999999,",,,E"
AGE00135039,1909-11-01,35.7297,0.65,50.0,"ORAN HOPITAL MILITAIRE, AG",,,3.2,",E",7,",E",6,",E",0,",E",0.0,",E",0.0,",E",0.0,",E",5.0,",E",0.0,",E",19091130.0,",,E",19091102,",,E",19091121.0,"+,,E",6.0,",E,30,",15.0,",,E,02,",24.0,",E,21,+",,,79.7,",E",45.1,",,,E",1.5779999999999998,",E",1.8969999999999998,",,,E",1.26,",,,E"
AGE00135039,1909-12-01,35.7297,0.65,50.0,"ORAN HOPITAL MILITAIRE, AG",,,1.8,",E",6,",E",3,",E",0,",E",0.0,",E",0.0,",E",0.0,",E",3.0,",E",0.0,",E",19091228.0,",,E",19091212,",,E",19091222.0,",,E",2.0,",E,28,",16.8,",,E,12,",26.0,",E,22,",,,150.7,",E",27.6,",,,E",1.353,",E",1.739,",,,E",0.968,",,,E"
AGE00135039,1910-01-01,35.7297,0.65,50.0,"ORAN HOPITAL MILITAIRE, AG",0.0,E,0.0,",E",6,",E",3,",E",0,",E",0.0,",E",0.0,",E",0.0,",E",0.0,",E",0.0,",E",19100116.0,",,E",19100130,",,E",19100119.0,",,E",3.0,",E,16,",13.0,",,E,30,",18.0,",E,19,",,,218.3,",E",24.8,",,,E",1.129,",E",1.51,",,,E",0.748,",,,E"
AGE00135039,1910-02-01,35.7297,0.65,50.0,"ORAN HOPITAL MILITAIRE, AG",0.0,E,0.0,",E",1,",E",1,",E",0,",E",0.0,",E",0.0,",E",0.0,",E",0.0,",E",0.0,",E",19100214.0,"+,,E",19100201,",,E",19100226.0,"+,,E",4.0,",E,14,+",16.0,",,E,01,",21.0,",E,26,+",,,148.3,",E",16.0,",,,E",1.3039999999999998,",E",1.714,",,,E",0.893,",,,E"
AGE00135039,1910-03-01,35.7297,0.65,50.0,"ORAN HOPITAL MILITAIRE, AG",0.0,E,0.0,",E",9,",E",9,",E",0,",E",0.0,",E",0.0,",E",0.0,",E",0.0,",E",0.0,",E",19100321.0,",,E",19100314,",,E",19100324.0,"+,,E",3.0,",E,21,",17.0,",,E,14,",20.0,",E,24,+",,,190.3,",E",73.4,",,,E",1.2189999999999999,",E",1.6190000000000002,",,,E",0.819,",,,E"
AGE00135039,1910-04-01,35.7297,0.65,50.0,"ORAN HOPITAL MILITAIRE, AG",2.8,E,2.8,"2,E",7,",E",7,",E",0,",E",0.0,"1,E",0.0,"1,E",0.0,"1,E",10.0,"1,E",0.0,"1,E",19100402.0,",1,E",19100401,",,E",19100425.0,",1,E",2.0,"1,E,02,",21.3,",,E,01,",26.0,"1,E,25,",,,83.7,"1,E",66.0,",,,E",1.512,"2,E",1.959,"1,,,E",1.066,"1,,,E"
AGE00135039,1910-06-01,35.7297,0.65,50.0,"ORAN HOPITAL MILITAIRE, AG",,,80.3,",E",1,",E",0,",E",0,",E",0.0,",E",0.0,",E",0.0,",E",29.0,",E",1.0,",E",19100606.0,"+,,E",19100604,",,E",19100626.0,",,E",13.0,",E,06,+",2.4,",,E,04,",35.0,",E,26,",,,0.3,",E",2.4,",,,E",2.1,",E",2.497,",,,E",1.703,",,,E"
AGE00135039,1910-08-01,35.7297,0.65,50.0,"ORAN HOPITAL MILITAIRE, AG",,,166.5,"1,E",0,",E",0,",E",0,",E",0.0,"1,E",0.0,"1,E",0.0,",E",31.0,",E",1.0,",E",19100828.0,"+,1,E",19100831,"+,,E",19100829.0,",,E",18.0,"1,E,28,+",0.0,",,E,31,+",33.0,",E,29,",,,0.0,",E",0.0,",,,E",2.3850000000000002,"1,E",2.777,",,,E",1.9929999999999999,"1,,,E"
AGE00135039,1910-09-01,35.7297,0.65,50.0,"ORAN HOPITAL MILITAIRE, AG",,,104.0,",E",5,",E",5,",E",0,",E",0.0,",E",0.0,",E",0.0,",E",29.0,",E",0.0,",E",19100926.0,"+,,E",19100912,",,E",19100930.0,"+,,E",16.0,",E,26,+",7.1,",,E,12,",32.0,",E,30,+",,,0.0,",E",25.3,",,,E",2.18,",E",2.587,",,,E",1.7730000000000001,",,,E"
AGE00135039,1910-10-01,35.7297,0.65,50.0,"ORAN HOPITAL MILITAIRE, AG",,,55.2,"1,E",2,",E",0,",E",0,",E",0.0,"1,E",0.0,"1,E",0.0,",E",28.0,",E",0.0,",E",19101025.0,",1,E",19101003,",,E",19101026.0,"+,,E",9.0,"1,E,25,",1.8,",,E,03,",29.0,",E,26,+",,,8.7,",E",2.7,",,,E",1.988,"1,E",2.413,",,,E",1.5630000000000002,"1,,,E"
AGE00135039,1910-11-01,35.7297,0.65,50.0,"ORAN HOPITAL MILITAIRE, AG",,,2.2,",E",3,",E",0,",E",0,",E",0.0,",E",0.0,",E",0.0,",E",7.0,",E",0.0,",E",19101129.0,"+,,E",19101109,",,E",19101105.0,",,E",5.0,",E,29,+",1.1,",,E,09,",25.0,",E,05,",,,90.7,",E",2.3,",,,E",1.538,",E",1.9769999999999999,",,,E",1.1,",,,E"
AGE00135039,1910-12-01,35.7297,0.65,50.0,"ORAN HOPITAL MILITAIRE, AG",,,0.0,",E",10,",E",1,",E",0,",E",0.0,",E",0.0,",E",0.0,",E",4.0,",E",0.0,",E",19101231.0,"+,,E",19101205,",,E",19101208.0,",,E",1.0,",E,31,+",6.5,",,E,05,",26.0,",E,08,",,,154.8,",E",13.1,",,,E",1.334,",E",1.829,",,,E",0.8390000000000001,",,,E"
AGE00135039,1911-01-01,35.7297,0.65,50.0,"ORAN HOPITAL MILITAIRE, AG",0.0,E,0.0,",E",14,",E",11,",E",0,",E",0.0,",E",0.0,",E",0.0,",E",0.0,",E",0.0,",E",19110102.0,",,E",19110117,",,E",19110111.0,",,E",2.0,",E,02,",13.5,",,E,17,",18.0,",E,11,",,,266.8,",E",76.9,",,,E",0.9730000000000001,",E",1.329,",,,E",0.616,",,,E"
AGE00135039,1911-02-01,35.7297,0.65,50.0,"ORAN HOPITAL MILITAIRE, AG",0.0,E,0.0,",E",6,",E",2,",E",0,",E",0.0,",E",1.0,",E",0.0,",E",0.0,",E",0.0,",E",19110207.0,",,E",19110204,",,E",19110228.0,"+,,E",-1.0,",E,07,",4.8,",,E,04,",21.0,",E,28,+",,,178.3,",E",13.5,",,,E",1.1960000000000002,",E",1.6,",,,E",0.7929999999999999,",,,E"
AGE00135039,1911-03-01,35.7297,0.65,50.0,"ORAN HOPITAL MILITAIRE, AG",0.0,E,0.0,",E",8,",E",8,",E",0,",E",0.0,",E",0.0,",E",0.0,",E",1.0,",E",0.0,",E",19110323.0,"+,,E",19110328,",,E",19110305.0,",,E",5.0,",E,23,+",25.2,",,E,28,",22.0,",E,05,",,,162.3,",E",75.7,",,,E",1.31,",E",1.7579999999999998,",,,E",0.861,",,,E"
AGE00135039,1911-04-01,35.7297,0.65,50.0,"ORAN HOPITAL MILITAIRE, AG",8.2,E,8.2,"2,E",8,",E",3,",E",0,",E",0.0,"1,E",0.0,"1,E",0.0,"1,E",7.0,"1,E",0.0,"1,E",19110406.0,",1,E",19110406,",,E",19110429.0,",1,E",7.0,"1,E,06,",12.7,",,E,06,",31.0,"1,E,29,",,,97.5,"1,E",28.1,",,,E",1.509,"2,E",1.924,"1,,,E",1.093,"1,,,E"
AGE00135039,1911-05-01,35.7297,0.65,50.0,"ORAN HOPITAL MILITAIRE, AG",17.0,E,8.8,",E",5,",E",3,",E",0,",E",0.0,",E",0.0,",E",0.0,",E",14.0,",E",0.0,",E",19110503.0,"+,,E",19110512,",,E",19110525.0,",,E",10.0,",E,03,+",23.5,",,E,12,",26.0,",E,25,",,,38.2,",E",37.5,",,,E",1.739,",E",2.129,",,,E",1.348,",,,E"
AGE00135039,1911-06-01,35.7297,0.65,50.0,"ORAN HOPITAL MILITAIRE, AG",79.8,E,62.8,"1,E",1,",E",0,",E",0,",E",0.0,"1,E",0.0,"1,E",0.0,",E",26.0,",E",0.0,",E",19110626.0,"+,1,E",19110602,",,E",19110619.0,",,E",14.0,"1,E,26,+",1.0,",,E,02,",32.0,",E,19,",,,1.5,",E",1.0,",,,E",2.049,"1,E",2.387,",,,E",1.7100000000000002,"1,,,E"
AGE00135039,1911-08-01,35.7297,0.65,50.0,"ORAN HOPITAL MILITAIRE, AG",,,203.2,",E",0,",E",0,",E",0,",E",0.0,",E",0.0,",E",0.0,",E",31.0,",E",2.0,",E",19110824.0,",,E",19110831,"+,,E",19110802.0,"+,,E",17.0,",E,24,",0.0,",,E,31,+",33.0,",E,02,+",,,0.0,",E",0.0,",,,E",2.489,",E",2.823,",,,E",2.1550000000000002,",,,E"
AGE00135039,1911-09-01,35.7297,0.65,50.0,"ORAN HOPITAL MILITAIRE, AG",,,158.8,"1,E",0,",E",0,",E",0,",E",0.0,"1,E",0.0,"1,E",0.0,",E",30.0,",E",2.0,",E",19110930.0,"+,1,E",19110913,",,E",19110915.0,",,E",15.0,"1,E,30,+",0.2,",,E,13,",35.0,",E,15,",,,0.0,",E",0.2,",,,E",2.381,"1,E",2.79,",,,E",1.972,"1,,,E"
AGE00135039,1911-11-01,35.7297,0.65,50.0,"ORAN HOPITAL MILITAIRE, AG",,,1.5,",E",6,",E",4,",E",0,",E",0.0,",E",0.0,",E",0.0,",E",4.0,",E",0.0,",E",19111115.0,",,E",19111110,",,E",19111110.0,",,E",7.0,",E,15,",13.5,",,E,10,",23.0,",E,10,",,,80.5,",E",38.5,",,,E",1.5699999999999998,",E",1.887,",,,E",1.253,",,,E"
AGE00135039,1911-12-01,35.7297,0.65,50.0,"ORAN HOPITAL MILITAIRE, AG",,,0.2,",E",1,",E",0,",E",0,",E",0.0,",E",0.0,",E",0.0,",E",3.0,",E",0.0,",E",19111230.0,",,E",19111207,",,E",19111213.0,",,E",6.0,",E,30,",0.4,",,E,07,",24.0,",E,13,",,,133.5,",E",0.4,",,,E",1.403,",E",1.7870000000000001,",,,E",1.019,",,,E"
AGE00135039,1912-01-01,35.7297,0.65,50.0,"ORAN HOPITAL MILITAIRE, AG",0.0,E,0.0,",E",10,",E",6,",E",1,",E",0.0,",E",0.0,",E",0.0,",E",1.0,",E",0.0,",E",19120131.0,"+,,E",19120130,",,E",19120122.0,",,E",3.0,",E,31,+",27.5,",,E,30,",22.0,",E,22,",,,172.8,",E",54.7,",,,E",1.276,",E",1.6260000000000001,",,,E",0.9259999999999999,",,,E"
AGE00135039,1912-02-01,35.7297,0.65,50.0,"ORAN HOPITAL MILITAIRE, AG",2.7,E,2.7,",E",4,",E",1,",E",0,",E",0.0,",E",0.0,",E",0.0,",E",6.0,",E",0.0,",E",19120206.0,",,E",19120203,",,E",19120224.0,"+,,E",4.0,",E,06,",3.0,",,E,03,",25.0,",E,24,+",,,96.8,",E",8.1,",,,E",1.509,",E",1.893,",,,E",1.124,",,,E"
AGE00135039,1912-03-01,35.7297,0.65,50.0,"ORAN HOPITAL MILITAIRE, AG",6.4,E,3.7,",E",5,",E",5,",E",0,",E",0.0,",E",0.0,",E",0.0,",E",6.0,",E",0.0,",E",19120301.0,",,E",19120315,",,E",19120325.0,",,E",7.0,",E,01,",8.5,",,E,15,",25.0,",E,25,",,,81.5,",E",26.3,",,,E",1.582,",E",1.9420000000000002,",,,E",1.223,",,,E"
AGE00135039,1912-06-01,35.7297,0.65,50.0,"ORAN HOPITAL MILITAIRE, AG",,,88.2,"2,E",1,",E",1,",E",0,",E",0.0,"2,E",0.0,"2,E",0.0,",E",26.0,",E",0.0,",E",19120617.0,"+,2,E",19120611,",,E",19120624.0,",,E",16.0,"2,E,17,+",3.4,",,E,11,",31.0,",E,24,",,,0.0,",E",3.4,",,,E",2.138,"2,E",2.443,",,,E",1.832,"2,,,E"
AGE00135039,1912-07-01,35.7297,0.65,50.0,"ORAN HOPITAL MILITAIRE, AG",,,143.7,",E",0,",E",0,",E",0,",E",0.0,",E",0.0,",E",0.0,",E",31.0,",E",0.0,",E",19120730.0,",,E",19120731,"+,,E",19120721.0,"+,,E",16.0,",E,30,",0.0,",,E,31,+",30.0,",E,21,+",0.0,E,0.0,",E",0.0,",,,E",2.2969999999999997,",E",2.606,",,,E",1.987,",,,E"
AGE00135039,1912-08-01,35.7297,0.65,50.0,"ORAN HOPITAL MILITAIRE, AG",,,172.2,",E",0,",E",0,",E",0,",E",0.0,",E",0.0,",E",0.0,",E",31.0,",E",1.0,",E",19120829.0,"+,,E",19120831,"+,,E",19120830.0,",,E",17.0,",E,29,+",0.0,",,E,31,+",33.0,",E,30,",0.0,E,0.0,",E",0.0,",,,E",2.3890000000000002,",E",2.732,",,,E",2.045,",,,E"
AGE00135039,1912-09-01,35.7297,0.65,50.0,"ORAN HOPITAL MILITAIRE, AG",,,68.8,",E",6,",E",2,",E",0,",E",0.0,",E",0.0,",E",0.0,",E",27.0,",E",0.0,",E",19120930.0,"+,,E",19120923,",,E",19120902.0,",,E",14.0,",E,30,+",8.5,",,E,23,",29.0,",E,02,",1.8,E,1.8,",E",17.6,",,,E",2.057,",E",2.393,",,,E",1.72,",,,E"
AGE00135039,1912-10-01,35.7297,0.65,50.0,"ORAN HOPITAL MILITAIRE, AG",,,12.0,",E",7,",E",4,",E",1,",E",0.0,",E",0.0,",E",0.0,",E",13.0,",E",0.0,",E",19121020.0,",,E",19121006,",,E",19121002.0,",,E",10.0,",E,20,",51.2,",,E,06,",26.0,",E,02,",21.6,E,19.8,",E",87.4,",,,E",1.8079999999999998,",E",2.1390000000000002,",,,E",1.4769999999999999,",,,E"
AGE00135039,1912-11-01,35.7297,0.65,50.0,"ORAN HOPITAL MILITAIRE, AG",,,0.0,"1,E",11,",E",9,",E",0,",E",0.0,"1,E",0.0,"1,E",0.0,",E",0.0,",E",0.0,",E",19121127.0,",1,E",19121130,",,E",19121118.0,"+,,E",5.0,"1,E,27,",16.0,",,E,30,",20.0,",E,18,+",156.3,E,134.7,",E",68.2,",,,E",1.365,"1,E",1.73,",,,E",1.0,"1,,,E"
AGE00135039,1912-12-01,35.7297,0.65,50.0,"ORAN HOPITAL MILITAIRE, AG",,,0.0,"1,E",2,",E",0,",E",0,",E",0.0,"1,E",0.0,"1,E",0.0,",E",0.0,",E",0.0,",E",19121228.0,"+,1,E",19121218,"+,,E",19121222.0,",,E",4.0,"1,E,28,+",1.0,",,E,18,+",18.0,",E,22,",383.8,E,227.5,",E",2.0,",,,E",1.076,"1,E",1.4609999999999999,",,,E",0.6900000000000001,"1,,,E"
AGE00135039,1913-01-01,35.7297,0.65,50.0,"ORAN HOPITAL MILITAIRE, AG",0.0,E,0.0,",E",4,",E",2,",E",0,",E",0.0,",E",0.0,",E",0.0,",E",0.0,",E",0.0,",E",19130124.0,",,E",19130110,",,E",19130129.0,"+,,E",5.0,",E,24,",10.3,",,E,10,",21.0,",E,29,+",555.1,E,171.3,",E",15.8,",,,E",1.2810000000000001,",E",1.629,",,,E",0.932,",,,E"
AGE00135039,1913-02-01,35.7297,0.65,50.0,"ORAN HOPITAL MILITAIRE, AG",0.0,E,0.0,",E",11,",E",5,",E",0,",E",0.0,",E",0.0,",E",0.0,",E",0.0,",E",0.0,",E",19130217.0,"+,,E",19130227,",,E",19130201.0,",,E",4.0,",E,17,+",18.9,",,E,27,",19.0,",E,01,",744.9,E,189.8,",E",60.1,",,,E",1.155,",E",1.543,",,,E",0.768,",,,E"
AGE00135039,1913-04-01,35.7297,0.65,50.0,"ORAN HOPITAL MILITAIRE, AG",,,2.2,"1,E",6,"1,E",3,"1,E",0,"1,E",0.0,",E",0.0,",E",0.0,"1,E",5.0,"1,E",0.0,"1,E",19130415.0,",,E",19130405,",1,E",19130430.0,"+,1,E",5.0,",E,15,",6.5,"1,,E,05,",25.0,"1,E,30,+",,,103.8,"1,E",15.8,"1,,,E",1.484,"1,E",1.941,"1,,,E",1.027,",,,E"
AGE00135039,1913-05-01,35.7297,0.65,50.0,"ORAN HOPITAL MILITAIRE, AG",,,23.7,",E",2,",E",2,",E",0,",E",0.0,",E",0.0,",E",0.0,",E",16.0,",E",1.0,",E",19130502.0,",,E",19130514,",,E",19130529.0,",,E",10.0,",E,02,",6.9,",,E,14,",33.0,",E,29,",,,28.5,",E",11.9,",,,E",1.818,",E",2.232,",,,E",1.403,",,,E"
AGE00135039,1913-06-01,35.7297,0.65,50.0,"ORAN HOPITAL MILITAIRE, AG",,,85.8,",E",0,",E",0,",E",0,",E",0.0,",E",0.0,",E",0.0,",E",23.0,",E",3.0,",E",19130603.0,",,E",19130630,"+,,E",19130613.0,"+,,E",11.0,",E,03,",0.0,",,E,30,+",34.0,",E,13,+",,,5.8,",E",0.0,",,,E",2.1,",E",2.44,",,,E",1.7600000000000002,",,,E"
AGE00135039,1913-07-01,35.7297,0.65,50.0,"ORAN HOPITAL MILITAIRE, AG",,,155.2,",E",0,",E",0,",E",0,",E",0.0,",E",0.0,",E",0.0,",E",31.0,",E",1.0,",E",19130701.0,",,E",19130731,"+,,E",19130704.0,",,E",15.0,",E,01,",0.0,",,E,31,+",33.0,",E,04,",0.0,E,0.0,",E",0.0,",,,E",2.334,",E",2.6870000000000003,",,,E",1.9809999999999999,",,,E"
AGE00135039,1913-08-01,35.7297,0.65,50.0,"ORAN HOPITAL MILITAIRE, AG",,,163.7,",E",0,",E",0,",E",0,",E",0.0,",E",0.0,",E",0.0,",E",31.0,",E",0.0,",E",19130802.0,",,E",19130831,"+,,E",19130826.0,"+,,E",16.0,",E,02,",0.0,",,E,31,+",31.0,",E,26,+",0.0,E,0.0,",E",0.0,",,,E",2.3609999999999998,",E",2.7,",,,E",2.023,",,,E"
AGE00135039,1913-09-01,35.7297,0.65,50.0,"ORAN HOPITAL MILITAIRE, AG",,,86.3,",E",2,",E",0,",E",0,",E",0.0,",E",0.0,",E",0.0,",E",29.0,",E",0.0,",E",19130928.0,",,E",19130908,",,E",19130904.0,"+,,E",13.0,",E,28,",2.2,",,E,08,",28.0,",E,04,+",0.8,E,0.8,",E",4.0,",,,E",2.118,",E",2.4530000000000003,",,,E",1.783,",,,E"
AGE00135039,1913-10-01,35.7297,0.65,50.0,"ORAN HOPITAL MILITAIRE, AG",,,33.3,",E",1,",E",1,",E",0,",E",0.0,",E",0.0,",E",0.0,",E",21.0,",E",2.0,",E",19131017.0,",,E",19131025,",,E",19131021.0,",,E",10.0,",E,17,",3.4,",,E,25,",36.0,",E,21,",17.0,E,16.2,",E",3.4,",,,E",1.889,",E",2.2809999999999997,",,,E",1.497,",,,E"
AGE00135039,1913-11-01,35.7297,0.65,50.0,"ORAN HOPITAL MILITAIRE, AG",,,14.7,"1,E",4,",E",3,",E",0,",E",0.0,"1,E",0.0,"1,E",0.0,",E",9.0,",E",0.0,",E",19131120.0,"+,1,E",19131127,",,E",19131112.0,",,E",7.0,"1,E,20,+",9.8,",,E,27,",30.0,",E,12,",106.3,E,89.3,",E",18.5,",,,E",1.584,"1,E",2.007,",,,E",1.162,"1,,,E"
AGE00135039,1913-12-01,35.7297,0.65,50.0,"ORAN HOPITAL MILITAIRE, AG",,,0.0,",E",7,",E",5,",E",0,",E",0.0,",E",0.0,",E",0.0,",E",0.0,",E",0.0,",E",19131217.0,"+,,E",19131204,",,E",19131224.0,"+,,E",5.0,",E,17,+",12.0,",,E,04,",18.0,",E,24,+",300.1,E,193.8,",E",36.4,",,,E",1.208,",E",1.561,",,,E",0.8550000000000001,",,,E"
AGE00135039,1914-01-01,35.7297,0.65,50.0,"ORAN HOPITAL MILITAIRE, AG",0.0,E,0.0,",E",11,",E",4,",E",0,",E",0.0,",E",0.0,",E",0.0,",E",0.0,",E",0.0,",E",19140116.0,"+,,E",19140115,",,E",19140122.0,",,E",3.0,",E,16,+",17.9,",,E,15,",18.0,",E,22,",539.9,E,239.8,",E",55.9,",,,E",1.06,",E",1.403,",,,E",0.716,",,,E"
AGE00135039,1914-02-01,35.7297,0.65,50.0,"ORAN HOPITAL MILITAIRE, AG",0.0,E,0.0,",E",5,",E",2,",E",0,",E",0.0,",E",0.0,",E",0.0,",E",0.0,",E",0.0,",E",19140228.0,",,E",19140222,",,E",19140222.0,"+,,E",5.0,",E,28,",13.8,",,E,22,",21.0,",E,22,+",686.7,E,146.8,",E",19.3,",,,E",1.309,",E",1.689,",,,E",0.9289999999999999,",,,E"
AGE00135039,1914-03-01,35.7297,0.65,50.0,"ORAN HOPITAL MILITAIRE, AG",0.0,E,0.0,",E",5,",E",2,",E",0,",E",0.0,",E",0.0,",E",0.0,",E",2.0,",E",0.0,",E",19140305.0,",,E",19140302,",,E",19140328.0,"+,,E",4.0,",E,05,",17.3,",,E,02,",22.0,",E,28,+",811.0,E,124.3,",E",28.5,",,,E",1.432,",E",1.816,",,,E",1.048,",,,E"
AGE00135039,1914-04-01,35.7297,0.65,50.0,"ORAN HOPITAL MILITAIRE, AG",2.8,E,2.8,",E",8,",E",5,",E",0,",E",0.0,",E",0.0,",E",0.0,",E",7.0,",E",0.0,",E",19140409.0,"+,,E",19140420,",,E",19140407.0,",,E",8.0,",E,09,+",13.4,",,E,20,",25.0,",E,07,",883.3,E,72.3,",E",40.6,",,,E",1.6019999999999999,",E",1.943,",,,E",1.26,",,,E"
AGE00135039,1914-05-01,35.7297,0.65,50.0,"ORAN HOPITAL MILITAIRE, AG",27.0,E,24.2,",E",2,",E",0,",E",0,",E",0.0,",E",0.0,",E",0.0,",E",11.0,",E",0.0,",E",19140511.0,",,E",19140525,",,E",19140524.0,"+,,E",10.0,",E,11,",2.2,",,E,25,",29.0,",E,24,+",918.3,E,35.0,",E",4.2,",,,E",1.798,",E",2.132,",,,E",1.465,",,,E"
AGE00135039,1914-06-01,35.7297,0.65,50.0,"ORAN HOPITAL MILITAIRE, AG",75.7,E,48.7,",E",2,",E",1,",E",0,",E",0.0,",E",0.0,",E",0.0,",E",23.0,",E",0.0,",E",19140615.0,"+,,E",19140614,",,E",19140606.0,",,E",13.0,",E,15,+",8.4,",,E,14,",29.0,",E,06,",921.5,E,3.2,",E",9.8,",,,E",1.985,",E",2.307,",,,E",1.6629999999999998,",,,E"
AGE00135039,1914-09-01,35.7297,0.65,50.0,"ORAN HOPITAL MILITAIRE, AG",,,115.5,",E",0,",E",0,",E",0,",E",0.0,",E",0.0,",E",0.0,",E",28.0,",E",1.0,",E",19140925.0,",,E",19140930,"+,,E",19140907.0,",,E",10.0,",E,25,",0.0,",,E,30,+",33.0,",E,07,",,,2.5,",E",0.0,",,,E",2.21,",E",2.5170000000000003,",,,E",1.903,",,,E"
AGE00135039,1914-10-01,35.7297,0.65,50.0,"ORAN HOPITAL MILITAIRE, AG",,,20.8,",E",3,",E",1,",E",0,",E",0.0,",E",0.0,",E",0.0,",E",21.0,",E",0.0,",E",19141030.0,"+,,E",19141015,",,E",19141024.0,"+,,E",10.0,",E,30,+",12.5,",,E,15,",25.0,",E,24,+",,,26.2,",E",15.0,",,,E",1.816,",E",2.19,",,,E",1.442,",,,E"
AGE00135039,1914-11-01,35.7297,0.65,50.0,"ORAN HOPITAL MILITAIRE, AG",,,0.2,",E",7,",E",6,",E",0,",E",0.0,",E",0.0,",E",0.0,",E",1.0,",E",0.0,",E",19141109.0,",,E",19141102,",,E",19141121.0,",,E",8.0,",E,09,",14.8,",,E,02,",25.0,",E,21,",,,108.2,",E",32.2,",,,E",1.473,",E",1.8,",,,E",1.147,",,,E"
AGE00135039,1914-12-01,35.7297,0.65,50.0,"ORAN HOPITAL MILITAIRE, AG",,,0.2,",E",4,",E",2,",E",0,",E",0.0,",E",1.0,",E",0.0,",E",1.0,",E",0.0,",E",19141226.0,",,E",19141221,",,E",19141213.0,",,E",0.0,",E,26,",6.8,",,E,21,",23.0,",E,13,",,,190.0,",E",15.3,",,,E",1.221,",E",1.5939999999999999,",,,E",0.8480000000000001,",,,E"
AGE00135039,1915-01-01,35.7297,0.65,50.0,"ORAN HOPITAL MILITAIRE, AG",0.0,E,0.0,"1,E",11,"1,E",10,"1,E",0,"1,E",0.0,"1,E",0.0,"1,E",0.0,"1,E",1.0,"1,E",0.0,"1,E",19150124.0,",1,E",19150121,",1,E",19150103.0,",1,E",1.0,"1,E,24,",17.2,"1,,E,21,",22.0,"1,E,03,",,,219.0,"1,E",90.0,"1,,,E",1.103,"1,E",1.48,"1,,,E",0.727,"1,,,E"
AGE00135039,1915-02-01,35.7297,0.65,50.0,"ORAN HOPITAL MILITAIRE, AG",0.0,E,0.0,"3,E",4,",E",1,",E",0,",E",0.0,"3,E",0.0,"3,E",0.0,",E",0.0,",E",0.0,",E",19150205.0,",3,E",19150212,",,E",19150222.0,"+,,E",4.0,"3,E,05,",7.0,",,E,12,",20.0,",E,22,+",,,151.3,",E",8.3,",,,E",1.214,"3,E",1.575,",,,E",0.852,"3,,,E"
AGE00135039,1915-03-01,35.7297,0.65,50.0,"ORAN HOPITAL MILITAIRE, AG",1.2,E,1.2,"1,E",4,",E",4,",E",0,",E",0.0,"1,E",0.0,"1,E",0.0,",E",4.0,",E",0.0,",E",19150312.0,"+,1,E",19150325,",,E",19150321.0,",,E",4.0,"1,E,12,+",18.0,",,E,25,",25.0,",E,21,",,,129.7,",E",36.2,",,,E",1.402,"1,E",1.765,",,,E",1.04,"1,,,E"
AGE00135039,1915-05-01,35.7297,0.65,50.0,"ORAN HOPITAL MILITAIRE, AG",,,16.5,",E",11,",E",5,",E",0,",E",0.0,",E",0.0,",E",0.0,",E",9.0,",E",0.0,",E",19150502.0,"+,,E",19150509,",,E",19150521.0,",,E",11.0,",E,02,+",13.5,",,E,09,",29.0,",E,21,",,,21.3,",E",47.8,",,,E",1.818,",E",2.119,",,,E",1.516,",,,E"
AGE00135039,1915-06-01,35.7297,0.65,50.0,"ORAN HOPITAL MILITAIRE, AG",,,96.0,",E",5,",E",2,",E",0,",E",0.0,",E",0.0,",E",0.0,",E",26.0,",E",1.0,",E",19150602.0,",,E",19150615,",,E",19150621.0,",,E",14.0,",E,02,",3.9,",,E,15,",34.0,",E,21,",,,1.0,",E",9.9,",,,E",2.15,",E",2.5300000000000002,",,,E",1.77,",,,E"
AGE00135039,1915-07-01,35.7297,0.65,50.0,"ORAN HOPITAL MILITAIRE, AG",,,170.5,"4,E",0,",E",0,",E",0,",E",0.0,"4,E",0.0,"4,E",0.0,",E",31.0,",E",3.0,",E",19150703.0,",4,E",19150728,",,E",19150727.0,",,E",17.0,"4,E,03,",0.2,",,E,28,",37.0,",E,27,",0.0,E,0.0,",E",0.2,",,,E",2.466,"4,E",2.784,",,,E",2.148,"4,,,E"
AGE00135039,1915-10-01,35.7297,0.65,50.0,"ORAN HOPITAL MILITAIRE, AG",,,13.7,",E",8,",E",6,",E",0,",E",0.0,",E",0.0,",E",0.0,",E",15.0,",E",0.0,",E",19151001.0,",,E",19151013,",,E",19151013.0,",,E",10.0,",E,01,",17.7,",,E,13,",27.0,",E,13,",,,36.0,",E",61.3,",,,E",1.761,",E",2.09,",,,E",1.432,",,,E"
AGE00135039,1915-11-01,35.7297,0.65,50.0,"ORAN HOPITAL MILITAIRE, AG",,,0.0,"1,E",5,",E",4,",E",1,",E",0.0,"1,E",0.0,"1,E",0.0,",E",1.0,",E",0.0,",E",19151125.0,"+,1,E",19151118,",,E",19151107.0,",,E",8.0,"1,E,25,+",42.6,",,E,18,",22.0,",E,07,",,,87.7,",E",67.6,",,,E",1.533,"1,E",1.863,",,,E",1.2029999999999998,"1,,,E"
AGE00135039,1915-12-01,35.7297,0.65,50.0,"ORAN HOPITAL MILITAIRE, AG",,,0.0,"2,E",5,"1,E",3,"1,E",0,"1,E",0.0,"2,E",0.0,"2,E",0.0,"1,E",1.0,"1,E",0.0,"1,E",19151215.0,",2,E",19151218,",1,E",19151211.0,",1,E",1.0,"2,E,15,",17.0,"1,,E,18,",22.0,"1,E,11,",,,165.7,"1,E",32.4,"1,,,E",1.264,"2,E",1.613,"1,,,E",0.914,"2,,,E"
AGE00135039,1916-02-01,35.7297,0.65,50.0,"ORAN HOPITAL MILITAIRE, AG",,,0.0,"1,E",7,",E",5,",E",0,",E",0.0,"1,E",0.0,"1,E",0.0,",E",2.0,",E",0.0,",E",19160215.0,",1,E",19160204,",,E",19160224.0,"+,,E",3.0,"1,E,15,",13.2,",,E,04,",22.0,",E,24,+",,,178.8,",E",33.8,",,,E",1.197,"1,E",1.576,",,,E",0.818,"1,,,E"
AGE00135039,1916-03-01,35.7297,0.65,50.0,"ORAN HOPITAL MILITAIRE, AG",,,0.0,",E",13,",E",8,",E",1,",E",0.0,",E",0.0,",E",0.0,",E",3.0,",E",0.0,",E",19160308.0,",,E",19160331,",,E",19160317.0,",,E",6.0,",E,08,",32.0,",,E,31,",24.0,",E,17,",,,144.8,",E",85.8,",,,E",1.366,",E",1.781,",,,E",0.952,",,,E"
AGE00135039,1916-05-01,35.7297,0.65,50.0,"ORAN HOPITAL MILITAIRE, AG",,,19.8,",E",5,",E",3,",E",0,",E",0.0,",E",0.0,",E",0.0,",E",16.0,",E",0.0,",E",19160501.0,",,E",19160530,",,E",19160529.0,"+,,E",10.0,",E,01,",16.2,",,E,30,",28.0,",E,29,+",,,21.7,",E",34.4,",,,E",1.827,",E",2.161,",,,E",1.494,",,,E"
AGE00135039,1917-02-01,35.7297,0.65,50.0,"ORAN HOPITAL MILITAIRE, AG",,,0.0,"4,E",9,"1,E",5,"1,E",0,"1,E",0.0,"3,E",0.0,"3,E",0.0,"2,E",1.0,"2,E",0.0,"2,E",19170211.0,",3,E",19170206,",1,E",19170227.0,",2,E",6.0,"3,E,11,",23.4,"1,,E,06,",22.0,"2,E,27,",,,137.5,"2,E",62.2,"1,,,E",1.252,"4,E",1.6039999999999999,"2,,,E",0.9,"3,,,E"
AGE00135039,1917-03-01,35.7297,0.65,50.0,"ORAN HOPITAL MILITAIRE, AG",,,0.0,"1,E",16,",E",11,",E",0,",E",0.0,"1,E",0.0,"1,E",0.0,",E",0.0,",E",0.0,",E",19170326.0,",1,E",19170306,",,E",19170315.0,"+,,E",3.0,"1,E,26,",17.0,",,E,06,",21.0,",E,15,+",,,184.0,",E",109.2,",,,E",1.222,"1,E",1.59,",,,E",0.853,"1,,,E"
AGE00135039,1917-04-01,35.7297,0.65,50.0,"ORAN HOPITAL MILITAIRE, AG",,,0.0,",E",1,",E",0,",E",0,",E",0.0,",E",0.0,",E",0.0,",E",0.0,",E",0.0,",E",19170404.0,",,E",19170414,",,E",19170407.0,",,E",6.0,",E,04,",1.6,",,E,14,",21.0,",E,07,",,,128.5,",E",2.0,",,,E",1.405,",E",1.763,",,,E",1.0470000000000002,",,,E"
AGE00135039,1917-07-01,35.7297,0.65,50.0,"ORAN HOPITAL MILITAIRE, AG",,,176.8,"2,E",0,",E",0,",E",0,",E",0.0,"2,E",0.0,"2,E",0.0,",E",31.0,",E",2.0,",E",19170702.0,",2,E",19170731,"+,,E",19170708.0,",,E",17.0,"2,E,02,",0.0,",,E,31,+",35.0,",E,08,",0.0,,0.0,",E",0.0,",,,E",2.443,"2,E",2.7969999999999997,",,,E",2.09,"2,,,E"
AGE00135039,1917-08-01,35.7297,0.65,50.0,"ORAN HOPITAL MILITAIRE, AG",,,222.7,",E",0,",E",0,",E",0,",E",0.0,",E",0.0,",E",0.0,",E",31.0,",E",5.0,",E",19170802.0,",,E",19170831,"+,,E",19170827.0,"+,,E",17.0,",E,02,",0.0,",,E,31,+",36.0,",E,27,+",0.0,,0.0,",E",0.0,",,,E",2.552,",E",2.9579999999999997,",,,E",2.145,",,,E"
AGE00135039,1917-09-01,35.7297,0.65,50.0,"ORAN HOPITAL MILITAIRE, AG",,,141.2,"4,E",1,",E",1,",E",0,",E",0.0,"4,E",0.0,"4,E",0.0,",E",28.0,",E",1.0,",E",19170916.0,",4,E",19170926,",,E",19170910.0,",,E",13.0,"4,E,16,",3.2,",,E,26,",35.0,",E,10,",1.3,,1.3,",E",3.2,",,,E",2.37,"4,E",2.693,",,,E",2.0460000000000003,"4,,,E"
AGE00135039,1919-02-01,35.7297,0.65,50.0,"ORAN HOPITAL MILITAIRE, AG",,,0.0,",E",2,",E",1,",E",0,",E",0.0,",E",0.0,",E",0.0,",E",2.0,",E",0.0,",E",19190202.0,",,E",19190203,",,E",19190223.0,"+,,E",6.0,",E,02,",11.5,",,E,03,",22.0,",E,23,+",,,117.8,",E",12.5,",,,E",1.413,",E",1.796,",,,E",1.029,",,,E"
AGE00135039,1919-03-01,35.7297,0.65,50.0,"ORAN HOPITAL MILITAIRE, AG",,,0.0,",E",3,",E",3,",E",1,",E",0.0,",E",0.0,",E",0.0,",E",3.0,",E",0.0,",E",19190318.0,",,E",19190315,",,E",19190324.0,"+,,E",6.0,",E,18,",33.0,",,E,15,",23.0,",E,24,+",,,125.8,",E",52.0,",,,E",1.427,",E",1.813,",,,E",1.042,",,,E"
AGE00135039,1919-04-01,35.7297,0.65,50.0,"ORAN HOPITAL MILITAIRE, AG",,,1.7,"2,E",1,"1,E",0,"1,E",0,"1,E",0.0,"2,E",0.0,"2,E",0.0,"1,E",8.0,"1,E",0.0,"1,E",19190421.0,",2,E",19190429,",1,E",19190403.0,",1,E",8.0,"2,E,21,",1.2,"1,,E,29,",25.0,"1,E,03,",,,82.0,"1,E",1.2,"1,,,E",1.5470000000000002,"2,E",1.9449999999999998,"1,,,E",1.15,"2,,,E"
AGE00135039,1919-05-01,35.7297,0.65,50.0,"ORAN HOPITAL MILITAIRE, AG",,,18.8,",E",1,",E",1,",E",0,",E",0.0,",E",0.0,",E",0.0,",E",18.0,",E",0.0,",E",19190503.0,"+,,E",19190508,",,E",19190529.0,",,E",9.0,",E,03,+",9.2,",,E,08,",27.0,",E,29,",,,22.2,",E",9.2,",,,E",1.823,",E",2.229,",,,E",1.416,",,,E"
AGE00135039,1919-07-01,35.7297,0.65,50.0,"ORAN HOPITAL MILITAIRE, AG",,,135.0,"1,E",0,",E",0,",E",0,",E",0.0,"1,E",0.0,"1,E",0.0,",E",31.0,",E",1.0,",E",19190701.0,",1,E",19190731,"+,,E",19190701.0,",,E",17.0,"1,E,01,",0.0,",,E,31,+",36.0,",E,01,",0.0,E,0.0,",E",0.0,",,,E",2.2800000000000002,"1,E",2.6,",,,E",1.9600000000000002,"1,,,E"
AGE00135039,1919-08-01,35.7297,0.65,50.0,"ORAN HOPITAL MILITAIRE, AG",,,179.5,"1,E",0,",E",0,",E",0,",E",0.0,"1,E",0.0,"1,E",0.0,",E",31.0,",E",5.0,",E",19190803.0,",1,E",19190831,"+,,E",19190827.0,",,E",18.0,"1,E,03,",0.0,",,E,31,+",38.0,",E,27,",0.0,E,0.0,",E",0.0,",,,E",2.448,"1,E",2.803,",,,E",2.093,"1,,,E"
AGE00135039,1919-09-01,35.7297,0.65,50.0,"ORAN HOPITAL MILITAIRE, AG",,,138.0,",E",3,",E",1,",E",0,",E",0.0,",E",0.0,",E",0.0,",E",30.0,",E",2.0,",E",19190924.0,"+,,E",19190921,",,E",19190902.0,",,E",15.0,",E,24,+",24.0,",,E,21,",35.0,",E,02,",0.0,E,0.0,",E",26.0,",,,E",2.293,",E",2.643,",,,E",1.943,",,,E"
AGE00135039,1919-10-01,35.7297,0.65,50.0,"ORAN HOPITAL MILITAIRE, AG",,,14.2,",E",7,",E",5,",E",0,",E",0.0,",E",0.0,",E",0.0,",E",11.0,",E",0.0,",E",19191028.0,",,E",19191005,",,E",19191012.0,",,E",8.0,",E,28,",13.5,",,E,05,",27.0,",E,12,",51.5,E,51.5,",E",41.2,",,,E",1.7129999999999999,",E",2.084,",,,E",1.342,",,,E"
AGE00135039,1919-11-01,35.7297,0.65,50.0,"ORAN HOPITAL MILITAIRE, AG",,,8.2,"2,E",5,",E",1,",E",0,",E",0.0,"1,E",0.0,"1,E",0.0,"1,E",4.0,"1,E",0.0,"1,E",19191119.0,"+,1,E",19191130,",,E",19191105.0,",1,E",6.0,"1,E,19,+",2.5,",,E,30,",28.0,"1,E,05,",144.0,E,92.5,"1,E",8.8,",,,E",1.538,"2,E",1.924,"1,,,E",1.152,"1,,,E"
AGE00135039,1922-08-01,35.7297,0.65,50.0,"ORAN HOPITAL MILITAIRE, AG",,,207.2,",E",0,",E",0,",E",0,",E",0.0,",E",0.0,",E",0.0,",E",31.0,",E",2.0,",E",19220831.0,",,E",19220831,"+,,E",19220809.0,"+,,E",15.0,",E,31,",0.0,",,E,31,+",33.0,",E,09,+",,,0.0,",E",0.0,",,,E",2.502,",E",2.7969999999999997,",,,E",2.206,",,,E"
AGE00135039,1922-10-01,35.7297,0.65,50.0,"ORAN HOPITAL MILITAIRE, AG",,,77.3,",E",3,",E",1,",E",0,",E",0.0,",E",0.0,",E",0.0,",E",30.0,",E",0.0,",E",19221031.0,"+,,E",19221031,",,E",19221014.0,",,E",13.0,",E,31,+",4.0,",,E,31,",30.0,",E,14,",,,3.2,",E",7.0,",,,E",2.073,",E",2.506,",,,E",1.639,",,,E"
AGE00135039,1922-12-01,35.7297,0.65,50.0,"ORAN HOPITAL MILITAIRE, AG",,,0.0,",E",8,",E",4,",E",0,",E",0.0,",E",0.0,",E",0.0,",E",0.0,",E",0.0,",E",19221212.0,",,E",19221204,",,E",19221220.0,"+,,E",4.0,",E,12,",24.0,",,E,04,",20.0,",E,20,+",,,169.3,",E",66.4,",,,E",1.287,",E",1.703,",,,E",0.8710000000000001,",,,E"
AGE00135039,1923-01-01,35.7297,0.65,50.0,"ORAN HOPITAL MILITAIRE, AG",0.0,E,0.0,",E",17,",E",11,",E",0,",E",0.0,",E",0.0,",E",0.0,",E",0.0,",E",0.0,",E",19230120.0,",,E",19230107,",,E",19230103.0,",,E",2.0,",E,20,",22.0,",,E,07,",20.0,",E,03,",,,246.8,",E",114.7,",,,E",1.037,",E",1.4289999999999998,",,,E",0.645,",,,E"
AGE00135039,1923-02-01,35.7297,0.65,50.0,"ORAN HOPITAL MILITAIRE, AG",0.0,E,0.0,",E",4,",E",1,",E",0,",E",0.0,",E",0.0,",E",0.0,",E",1.0,",E",0.0,",E",19230214.0,"+,,E",19230219,",,E",19230222.0,",,E",5.0,",E,14,+",10.0,",,E,19,",22.0,",E,22,",,,113.8,",E",13.4,",,,E",1.427,",E",1.886,",,,E",0.968,",,,E"
AGE00135039,1923-03-01,35.7297,0.65,50.0,"ORAN HOPITAL MILITAIRE, AG",0.2,E,0.2,"1,E",4,",E",2,",E",0,",E",0.0,"1,E",0.0,"1,E",0.0,",E",4.0,",E",0.0,",E",19230307.0,",1,E",19230322,"+,,E",19230303.0,"+,,E",5.0,"1,E,07,",3.0,",,E,22,+",23.0,",E,03,+",,,102.7,",E",8.3,",,,E",1.488,"1,E",1.923,",,,E",1.053,"1,,,E"
AGE00135039,1923-04-01,35.7297,0.65,50.0,"ORAN HOPITAL MILITAIRE, AG",0.2,E,0.0,",E",14,",E",10,",E",1,",E",0.0,",E",0.0,",E",0.0,",E",3.0,",E",0.0,",E",19230402.0,",,E",19230408,",,E",19230430.0,"+,,E",7.0,",E,02,",32.0,",,E,08,",22.0,",E,30,+",,,90.5,",E",115.0,",,,E",1.532,",E",1.8800000000000001,",,,E",1.183,",,,E"
AGE00135039,1923-05-01,35.7297,0.65,50.0,"ORAN HOPITAL MILITAIRE, AG",12.4,E,12.2,",E",4,",E",2,",E",0,",E",0.0,",E",0.0,",E",0.0,",E",13.0,",E",0.0,",E",19230513.0,",,E",19230520,",,E",19230525.0,",,E",11.0,",E,13,",11.0,",,E,20,",27.0,",E,25,",,,21.5,",E",20.4,",,,E",1.8030000000000002,",E",2.1420000000000003,",,,E",1.465,",,,E"
AGE00135039,1923-06-01,35.7297,0.65,50.0,"ORAN HOPITAL MILITAIRE, AG",44.2,E,31.8,",E",4,",E",0,",E",0,",E",0.0,",E",0.0,",E",0.0,",E",22.0,",E",0.0,",E",19230615.0,",,E",19230628,"+,,E",19230627.0,"+,,E",13.0,",E,15,",2.0,",,E,28,+",24.0,",E,27,+",,,2.8,",E",5.5,",,,E",1.9300000000000002,",E",2.2030000000000003,",,,E",1.657,",,,E"
AGE00135039,1923-07-01,35.7297,0.65,50.0,"ORAN HOPITAL MILITAIRE, AG",226.4,E,182.2,",E",0,",E",0,",E",0,",E",0.0,",E",0.0,",E",0.0,",E",31.0,",E",0.0,",E",19230702.0,",,E",19230731,"+,,E",19230731.0,",,E",17.0,",E,02,",0.0,",,E,31,+",32.0,",E,31,",0.0,E,0.0,",E",0.0,",,,E",2.4210000000000003,",E",2.7190000000000003,",,,E",2.123,",,,E"
AGE00135039,1923-09-01,35.7297,0.65,50.0,"ORAN HOPITAL MILITAIRE, AG",,,105.8,",E",3,",E",1,",E",0,",E",0.0,",E",0.0,",E",0.0,",E",30.0,",E",0.0,",E",19230919.0,",,E",19230902,",,E",19230915.0,"+,,E",13.0,",E,19,",4.0,",,E,02,",28.0,",E,15,+",,,0.3,",E",6.0,",,,E",2.185,",E",2.55,",,,E",1.8199999999999998,",,,E"
AGE00135039,1923-10-01,35.7297,0.65,50.0,"ORAN HOPITAL MILITAIRE, AG",,,79.5,",E",4,",E",3,",E",1,",E",0.0,",E",0.0,",E",0.0,",E",27.0,",E",0.0,",E",19231031.0,"+,,E",19231029,",,E",19231025.0,"+,,E",13.0,",E,31,+",26.0,",,E,29,",29.0,",E,25,+",,,9.3,",E",40.1,",,,E",2.06,",E",2.455,",,,E",1.6649999999999998,",,,E"
AGE00135039,1923-11-01,35.7297,0.65,50.0,"ORAN HOPITAL MILITAIRE, AG",,,0.3,",E",12,",E",6,",E",2,",E",0.0,",E",0.0,",E",0.0,",E",6.0,",E",0.0,",E",19231124.0,"+,,E",19231102,",,E",19231127.0,",,E",8.0,",E,24,+",58.0,",,E,02,",24.0,",E,27,",,,80.3,",E",111.5,",,,E",1.567,",E",1.9469999999999998,",,,E",1.1869999999999998,",,,E"
AGE00135039,1923-12-01,35.7297,0.65,50.0,"ORAN HOPITAL MILITAIRE, AG",,,0.0,",E",5,",E",2,",E",0,",E",0.0,",E",0.0,",E",0.0,",E",0.0,",E",0.0,",E",19231228.0,"+,,E",19231219,",,E",19231230.0,"+,,E",5.0,",E,28,+",7.0,",,E,19,",19.0,",E,30,+",,,192.8,",E",13.2,",,,E",1.2109999999999999,",E",1.677,",,,E",0.745,",,,E"
AGE00135039,1924-01-01,35.7297,0.65,50.0,"ORAN HOPITAL MILITAIRE, AG",0.0,,0.0,"1,E",6,",E",2,",E",0,",E",0.0,"1,E",0.0,"1,E",0.0,",E",0.0,",E",0.0,",E",19240131.0,"+,1,E",19240124,",,E",19240120.0,"+,,E",4.0,"1,E,31,+",10.0,",,E,24,",21.0,",E,20,+",,,166.5,",E",17.0,",,,E",1.27,"1,E",1.6809999999999998,",,,E",0.86,"1,,,E"
AGE00135039,1924-02-01,35.7297,0.65,50.0,"ORAN HOPITAL MILITAIRE, AG",0.0,,0.0,"1,E",11,",E",7,",E",0,",E",0.0,"1,E",0.0,"1,E",0.0,",E",1.0,",E",0.0,",E",19240225.0,",1,E",19240227,"+,,E",19240212.0,",,E",2.0,"1,E,25,",6.0,",,E,27,+",23.0,",E,12,",,,172.8,",E",38.4,",,,E",1.217,"1,E",1.621,",,,E",0.8140000000000001,"1,,,E"
AGE00135039,1924-03-01,35.7297,0.65,50.0,"ORAN HOPITAL MILITAIRE, AG",5.7,,5.7,",E",7,",E",4,",E",0,",E",0.0,",E",0.0,",E",0.0,",E",6.0,",E",0.0,",E",19240301.0,",,E",19240331,"+,,E",19240325.0,",,E",4.0,",E,01,",6.0,",,E,31,+",27.0,",E,25,",,,104.5,",E",23.0,",,,E",1.5150000000000001,",E",1.8809999999999998,",,,E",1.1480000000000001,",,,E"
AGE00135039,1924-04-01,35.7297,0.65,50.0,"ORAN HOPITAL MILITAIRE, AG",12.0,,6.3,",E",5,",E",5,",E",1,",E",0.0,",E",0.0,",E",0.0,",E",8.0,",E",0.0,",E",19240404.0,",,E",19240401,",,E",19240426.0,",,E",9.0,",E,04,",38.0,",,E,01,",26.0,",E,26,",,,58.8,",E",62.0,",,,E",1.658,",E",2.05,",,,E",1.267,",,,E"
AGE00135039,1924-05-01,35.7297,0.65,50.0,"ORAN HOPITAL MILITAIRE, AG",75.8,,63.8,"1,E",1,",E",0,",E",0,",E",0.0,"1,E",0.0,"1,E",0.0,",E",30.0,",E",0.0,",E",19240511.0,",1,E",19240507,",,E",19240525.0,",,E",13.0,"1,E,11,",0.4,",,E,07,",29.0,",E,25,",,,0.8,",E",0.4,",,,E",2.045,"1,E",2.387,",,,E",1.703,"1,,,E"
AGE00135039,1927-01-01,35.7297,0.65,50.0,"ORAN HOPITAL MILITAIRE, AG",,,,,10,"3,E",6,"3,E",0,"3,E",0.0,"4,E",0.0,"4,E",0.0,"3,E",0.0,"3,E",0.0,"3,E",19270108.0,",4,E",19270118,",3,E",19270130.0,"+,3,E",5.0,"4,E,08,",24.0,"3,,E,18,",19.0,"3,E,30,+",,,,,65.0,"3,,,E",1.253,"7,E",1.621,"3,,,E",0.885,"4,,,E"
AGE00135039,1927-03-01,35.7297,0.65,50.0,"ORAN HOPITAL MILITAIRE, AG",,,0.0,"4,E",4,"2,E",2,"2,E",0,"2,E",0.0,"2,E",0.0,"2,E",0.0,"2,E",3.0,"2,E",0.0,"2,E",19270314.0,",2,E",19270305,",2,E",19270325.0,",2,E",8.0,"2,E,14,",4.0,"2,,E,05,",23.0,"2,E,25,",,,90.0,"2,E",9.0,"2,,,E",1.502,"4,E",1.8379999999999999,"2,,,E",1.166,"2,,,E"
AGE00135039,1927-04-01,35.7297,0.65,50.0,"ORAN HOPITAL MILITAIRE, AG",,,3.5,",E",1,",E",1,",E",0,",E",0.0,",E",0.0,",E",0.0,",E",9.0,",E",0.0,",E",19270413.0,",,E",19270411,",,E",19270424.0,",,E",7.0,",E,13,",6.0,",,E,11,",27.0,",E,24,",,,67.0,",E",6.0,",,,E",1.6219999999999999,",E",2.0100000000000002,",,,E",1.233,",,,E"
AGE00135039,1927-06-01,35.7297,0.65,50.0,"ORAN HOPITAL MILITAIRE, AG",,,121.5,"3,E",1,",E",0,",E",0,",E",0.0,",E",0.0,",E",0.0,"3,E",27.0,"3,E",0.0,"3,E",19270602.0,",,E",19270612,",,E",19270627.0,",3,E",16.0,",E,02,",1.0,",,E,12,",32.0,"3,E,27,",,,0.0,"3,E",1.0,",,,E",2.286,"3,E",2.589,"3,,,E",1.9829999999999999,",,,E"
AGE00135039,1927-07-01,35.7297,0.65,50.0,"ORAN HOPITAL MILITAIRE, AG",,,172.7,",E",0,",E",0,",E",0,",E",0.0,",E",0.0,",E",0.0,",E",31.0,",E",0.0,",E",19270704.0,",,E",19270731,"+,,E",19270728.0,"+,,E",11.0,",E,04,",0.0,",,E,31,+",32.0,",E,28,+",0.0,E,0.0,",E",0.0,",,,E",2.3899999999999997,",E",2.784,",,,E",1.9969999999999999,",,,E"
AGE00135039,1927-10-01,35.7297,0.65,50.0,"ORAN HOPITAL MILITAIRE, AG",,,61.2,",E",9,",E",5,",E",1,",E",0.0,",E",0.0,",E",0.0,",E",27.0,",E",0.0,",E",19271018.0,"+,,E",19271016,",,E",19271028.0,",,E",14.0,",E,18,+",39.0,",,E,16,",31.0,",E,28,",,,3.0,",E",88.4,",,,E",2.021,",E",2.342,",,,E",1.7,",,,E"
AGE00135039,1927-11-01,35.7297,0.65,50.0,"ORAN HOPITAL MILITAIRE, AG",,,,,11,"4,E",7,"4,E",4,"4,E",0.0,"4,E",0.0,"4,E",0.0,"4,E",10.0,"4,E",0.0,"4,E",19271117.0,"+,4,E",19271114,",4,E",19271109.0,"+,4,E",7.0,"4,E,17,+",55.0,"4,,E,14,",30.0,"4,E,09,+",,,,,195.8,"4,,,E",1.6649999999999998,"8,E",1.996,"4,,,E",1.335,"4,,,E"
AGE00135039,1927-12-01,35.7297,0.65,50.0,"ORAN HOPITAL MILITAIRE, AG",,,0.8,"1,E",14,"1,E",8,"1,E",2,"1,E",0.0,",E",0.0,",E",0.0,"1,E",4.0,"1,E",0.0,"1,E",19271228.0,",,E",19271225,"+,1,E",19271219.0,",1,E",5.0,",E,28,",30.0,"1,,E,25,+",24.0,"1,E,19,",,,114.8,"1,E",143.7,"1,,,E",1.452,"1,E",1.8170000000000002,"1,,,E",1.087,",,,E"
AGE00135039,1928-01-01,35.7297,0.65,50.0,"ORAN HOPITAL MILITAIRE, AG",0.0,E,0.0,"2,E",13,",E",6,",E",2,",E",0.0,"2,E",0.0,"2,E",0.0,",E",0.0,",E",0.0,",E",19280128.0,",2,E",19280128,",,E",19280119.0,",,E",6.0,"2,E,28,",38.0,",,E,28,",19.0,",E,19,",,,184.7,",E",111.8,",,,E",1.197,"2,E",1.4769999999999999,",,,E",0.917,"2,,,E"
AGE00135039,1928-03-01,35.7297,0.65,50.0,"ORAN HOPITAL MILITAIRE, AG",,,2.2,"1,E",10,",E",4,",E",0,",E",0.0,"1,E",0.0,"1,E",0.0,",E",5.0,",E",0.0,",E",19280315.0,"+,1,E",19280309,"+,,E",19280330.0,",,E",9.0,"1,E,15,+",4.0,",,E,09,+",28.0,",E,30,",,,83.2,",E",21.2,",,,E",1.5619999999999998,"1,E",1.8809999999999998,",,,E",1.2429999999999999,"1,,,E"
AGE00135039,1928-04-01,35.7297,0.65,50.0,"ORAN HOPITAL MILITAIRE, AG",,,0.8,",E",4,",E",1,",E",0,",E",0.0,",E",0.0,",E",0.0,",E",3.0,",E",0.0,",E",19280404.0,",,E",19280428,",,E",19280421.0,"+,,E",10.0,",E,04,",9.0,",,E,28,",22.0,",E,21,+",,,46.8,",E",11.7,",,,E",1.6800000000000002,",E",1.987,",,,E",1.373,",,,E"
AGE00135039,1928-05-01,35.7297,0.65,50.0,"ORAN HOPITAL MILITAIRE, AG",,,10.0,",E",7,",E",5,",E",0,",E",0.0,",E",0.0,",E",0.0,",E",10.0,",E",0.0,",E",19280524.0,"+,,E",19280516,",,E",19280527.0,",,E",13.0,",E,24,+",20.0,",,E,16,",26.0,",E,27,",,,27.3,",E",67.0,",,,E",1.777,",E",2.084,",,,E",1.471,",,,E"
AGE00135039,1928-07-01,35.7297,0.65,50.0,"ORAN HOPITAL MILITAIRE, AG",,,182.2,"3,E",0,",E",0,",E",0,",E",0.0,"3,E",0.0,"3,E",0.0,",E",31.0,",E",2.0,",E",19280712.0,"+,3,E",19280731,"+,,E",19280728.0,",,E",20.0,"3,E,12,+",0.0,",,E,31,+",36.0,",E,28,",0.0,E,0.0,",E",0.0,",,,E",2.479,"3,E",2.761,",,,E",2.196,"3,,,E"
AGE00135039,1928-08-01,35.7297,0.65,50.0,"ORAN HOPITAL MILITAIRE, AG",,,265.7,",E",1,",E",0,",E",0,",E",0.0,",E",0.0,",E",0.0,",E",31.0,",E",6.0,",E",19280831.0,"+,,E",19280822,",,E",19280815.0,",,E",22.0,",E,31,+",0.4,",,E,22,",40.0,",E,15,",0.0,E,0.0,",E",0.4,",,,E",2.69,",E",3.0,",,,E",2.381,",,,E"
AGE00135039,1928-10-01,35.7297,0.65,50.0,"ORAN HOPITAL MILITAIRE, AG",,,64.3,",E",8,",E",6,",E",1,",E",0.0,",E",0.0,",E",0.0,",E",24.0,",E",0.0,",E",19281030.0,"+,,E",19281030,",,E",19281013.0,"+,,E",13.0,",E,30,+",44.0,",,E,30,",27.0,",E,13,+",,,7.7,",E",79.2,",,,E",2.016,",E",2.31,",,,E",1.723,",,,E"
AGE00135039,1928-11-01,35.7297,0.65,50.0,"ORAN HOPITAL MILITAIRE, AG",,,0.0,"5,E",5,"1,E",3,"1,E",0,"1,E",0.0,"5,E",0.0,"5,E",0.0,"1,E",3.0,"1,E",0.0,"1,E",19281130.0,",5,E",19281110,",1,E",19281125.0,",1,E",7.0,"5,E,30,",6.0,"1,,E,10,",23.0,"1,E,25,",,,81.8,"1,E",15.0,"1,,,E",1.511,"5,E",1.859,"1,,,E",1.1640000000000001,"5,,,E"
AGE00135039,1928-12-01,35.7297,0.65,50.0,"ORAN HOPITAL MILITAIRE, AG",,,0.0,"2,E",8,",E",6,",E",0,",E",0.0,"2,E",0.0,"2,E",0.0,",E",0.0,",E",0.0,",E",19281220.0,",2,E",19281209,",,E",19281215.0,"+,,E",5.0,"2,E,20,",20.0,",,E,09,",20.0,",E,15,+",,,169.2,",E",63.0,",,,E",1.254,"2,E",1.6420000000000001,",,,E",0.866,"2,,,E"
AGE00135039,1929-01-01,35.7297,0.65,50.0,"ORAN HOPITAL MILITAIRE, AG",0.0,E,0.0,"3,E",8,",E",3,",E",0,",E",0.0,"3,E",0.0,"3,E",0.0,",E",0.0,",E",0.0,",E",19290111.0,"+,3,E",19290106,",,E",19290127.0,",,E",6.0,"3,E,11,+",6.0,",,E,06,",19.0,",E,27,",,,174.8,",E",21.0,",,,E",1.209,"3,E",1.526,",,,E",0.893,"3,,,E"
AGE00135039,1929-02-01,35.7297,0.65,50.0,"ORAN HOPITAL MILITAIRE, AG",0.2,E,0.2,"1,E",9,",E",5,",E",1,",E",0.0,"1,E",0.0,"1,E",0.0,",E",3.0,",E",0.0,",E",19290223.0,"+,1,E",19290204,",,E",19290223.0,",,E",7.0,"1,E,23,+",43.0,",,E,04,",25.0,",E,23,",,,119.2,",E",77.4,",,,E",1.3880000000000001,"1,E",1.739,",,,E",1.037,"1,,,E"
AGE00135039,1929-03-01,35.7297,0.65,50.0,"ORAN HOPITAL MILITAIRE, AG",0.2,E,0.0,"4,E",8,",E",4,",E",0,",E",0.0,"4,E",0.0,"4,E",0.0,",E",2.0,",E",0.0,",E",19290303.0,",4,E",19290323,",,E",19290305.0,"+,,E",7.0,"4,E,03,",8.0,",,E,23,",22.0,",E,05,+",,,104.5,",E",25.4,",,,E",1.4449999999999998,"4,E",1.671,",,,E",1.2189999999999999,"4,,,E"
AGE00135039,1929-04-01,35.7297,0.65,50.0,"ORAN HOPITAL MILITAIRE, AG",12.9,E,12.7,"1,E",3,",E",1,",E",0,",E",0.0,"1,E",0.0,"1,E",0.0,",E",11.0,",E",0.0,",E",19290404.0,",1,E",19290403,",,E",19290420.0,",,E",6.0,"1,E,04,",11.0,",,E,03,",32.0,",E,20,",,,48.3,",E",13.1,",,,E",1.7100000000000002,"1,E",2.103,",,,E",1.317,"1,,,E"
AGE00135039,1929-05-01,35.7297,0.65,50.0,"ORAN HOPITAL MILITAIRE, AG",31.6,E,18.7,",E",7,",E",6,",E",2,",E",0.0,",E",0.0,",E",0.0,",E",20.0,",E",0.0,",E",19290503.0,",,E",19290524,",,E",19290530.0,",,E",10.0,",E,03,",57.0,",,E,24,",26.0,",E,30,",,,17.5,",E",122.0,",,,E",1.8370000000000002,",E",2.181,",,,E",1.494,",,,E"
AGE00135039,1929-10-01,35.7297,0.65,50.0,"ORAN HOPITAL MILITAIRE, AG",,,38.8,",E",6,",E",3,",E",0,",E",0.0,",E",0.0,",E",0.0,",E",23.0,",E",0.0,",E",19291031.0,"+,,E",19291005,",,E",19291004.0,",,E",13.0,",E,31,+",10.0,",,E,05,",28.0,",E,04,",,,7.7,",E",24.0,",,,E",1.934,",E",2.258,",,,E",1.61,",,,E"
AGE00135039,1929-11-01,35.7297,0.65,50.0,"ORAN HOPITAL MILITAIRE, AG",,,0.2,"2,E",6,"1,E",5,"1,E",0,"1,E",0.0,"2,E",0.0,"2,E",0.0,"1,E",3.0,"1,E",0.0,"1,E",19291120.0,"+,2,E",19291110,",1,E",19291130.0,",1,E",8.0,"2,E,20,+",19.0,"1,,E,10,",25.0,"1,E,30,",,,79.0,"1,E",58.2,"1,,,E",1.545,"2,E",1.8690000000000002,"1,,,E",1.221,"2,,,E"
AGE00135039,1929-12-01,35.7297,0.65,50.0,"ORAN HOPITAL MILITAIRE, AG",,,0.2,"2,E",4,",E",1,",E",0,",E",0.0,"2,E",0.0,"2,E",0.0,",E",0.0,",E",0.0,",E",19291221.0,"+,2,E",19291231,",,E",19291224.0,"+,,E",6.0,"2,E,21,+",24.0,",,E,31,",21.0,",E,24,+",,,106.3,",E",27.5,",,,E",1.462,"2,E",1.8,",,,E",1.124,"2,,,E"
AGE00135039,1930-01-01,35.7297,0.65,50.0,"ORAN HOPITAL MILITAIRE, AG",0.0,E,0.0,"2,E",15,",E",10,",E",1,",E",0.0,"2,E",0.0,"2,E",0.0,",E",0.0,",E",0.0,",E",19300108.0,",2,E",19300107,",,E",19300116.0,",,E",6.0,"2,E,08,",27.0,",,E,07,",20.0,",E,16,",,,146.2,",E",113.0,",,,E",1.332,"2,E",1.613,",,,E",1.052,"2,,,E"
AGE00135039,1930-02-01,35.7297,0.65,50.0,"ORAN HOPITAL MILITAIRE, AG",0.0,E,0.0,"3,E",13,",E",6,",E",0,",E",0.0,"3,E",0.0,"3,E",0.0,",E",0.0,",E",0.0,",E",19300221.0,",3,E",19300201,",,E",19300204.0,"+,,E",5.0,"3,E,21,",13.0,",,E,01,",19.0,",E,04,+",,,163.8,",E",55.4,",,,E",1.175,"3,E",1.4789999999999999,",,,E",0.8720000000000001,"3,,,E"
AGE00135039,1930-03-01,35.7297,0.65,50.0,"ORAN HOPITAL MILITAIRE, AG",1.8,E,1.8,",E",2,",E",0,",E",0,",E",0.0,",E",0.0,",E",0.0,",E",3.0,",E",0.0,",E",19300304.0,",,E",19300301,",,E",19300321.0,",,E",7.0,",E,04,",1.0,",,E,01,",27.0,",E,21,",,,95.2,",E",1.3,",,,E",1.532,",E",1.8940000000000001,",,,E",1.171,",,,E"
AGE00135039,1930-05-01,35.7297,0.65,50.0,"ORAN HOPITAL MILITAIRE, AG",,,37.7,"1,E",3,",E",2,",E",0,",E",0.0,"1,E",0.0,"1,E",0.0,",E",16.0,",E",0.0,",E",19300510.0,",1,E",19300528,",,E",19300515.0,"+,,E",12.0,"1,E,10,",7.0,",,E,28,",30.0,",E,15,+",,,12.7,",E",10.3,",,,E",1.9170000000000003,"1,E",2.274,",,,E",1.56,"1,,,E"
AGE00135039,1930-06-01,35.7297,0.65,50.0,"ORAN HOPITAL MILITAIRE, AG",,,80.7,",E",4,",E",0,",E",0,",E",0.0,",E",0.0,",E",0.0,",E",24.0,",E",0.0,",E",19300606.0,"+,,E",19300611,"+,,E",19300626.0,",,E",15.0,",E,06,+",1.0,",,E,11,+",29.0,",E,26,",,,0.7,",E",4.0,",,,E",2.1,",E",2.373,",,,E",1.827,",,,E"
AGE00135039,1930-08-01,35.7297,0.65,50.0,"ORAN HOPITAL MILITAIRE, AG",,,,,1,"2,E",0,"2,E",0,"2,E",0.0,"5,E",0.0,"5,E",0.0,"5,E",26.0,"5,E",1.0,"5,E",19300829.0,"+,5,E",19300825,",2,E",19300802.0,",5,E",21.0,"5,E,29,+",2.0,"2,,E,25,",33.0,"5,E,02,",,,,,2.0,"2,,,E",2.529,"8,E",2.7960000000000003,"5,,,E",2.262,"5,,,E"
AGE00135039,1930-09-01,35.7297,0.65,50.0,"ORAN HOPITAL MILITAIRE, AG",,,149.2,"2,E",3,",E",2,",E",0,",E",0.0,",E",0.0,",E",0.0,"2,E",28.0,"2,E",0.0,"2,E",19300914.0,",,E",19300910,",,E",19300919.0,"+,2,E",17.0,",E,14,",18.0,",,E,10,",31.0,"2,E,19,+",,,0.0,"2,E",27.0,",,,E",2.3739999999999997,"2,E",2.6710000000000003,"2,,,E",2.077,",,,E"
AGE00135039,1930-10-01,35.7297,0.65,50.0,"ORAN HOPITAL MILITAIRE, AG",,,82.0,"2,E",1,",E",1,",E",0,",E",0.0,"2,E",0.0,"2,E",0.0,",E",25.0,",E",1.0,",E",19301010.0,",2,E",19301018,",,E",19301011.0,",,E",13.0,"2,E,10,",11.0,",,E,18,",34.0,",E,11,",,,4.2,",E",11.2,",,,E",2.1,"2,E",2.4,",,,E",1.8,"2,,,E"
AGE00135039,1930-11-01,35.7297,0.65,50.0,"ORAN HOPITAL MILITAIRE, AG",,,9.8,"2,E",3,",E",1,",E",0,",E",0.0,"2,E",0.0,"2,E",0.0,",E",9.0,",E",0.0,",E",19301117.0,",2,E",19301129,",,E",19301122.0,"+,,E",8.0,"2,E,17,",25.0,",,E,29,",25.0,",E,22,+",,,44.2,",E",26.4,",,,E",1.704,"2,E",2.027,",,,E",1.3820000000000001,"2,,,E"
AGE00135039,1931-01-01,35.7297,0.65,50.0,"ORAN HOPITAL MILITAIRE, AG",0.0,E,0.0,"3,E",9,",E",7,",E",1,",E",0.0,"3,E",0.0,"3,E",0.0,",E",0.0,",E",0.0,",E",19310114.0,"+,3,E",19310114,",,E",19310125.0,"+,,E",6.0,"3,E,14,+",43.0,",,E,14,",20.0,",E,25,+",,,148.8,",E",128.0,",,,E",1.3039999999999998,"3,E",1.587,",,,E",1.0210000000000001,"3,,,E"
AGE00135039,1931-02-01,35.7297,0.65,50.0,"ORAN HOPITAL MILITAIRE, AG",0.0,E,0.0,"3,E",7,",E",5,",E",0,",E",0.0,"3,E",0.0,"3,E",0.0,",E",0.0,",E",0.0,",E",19310221.0,",3,E",19310203,",,E",19310228.0,",,E",4.0,"3,E,21,",17.0,",,E,03,",20.0,",E,28,",,,149.8,",E",58.4,",,,E",1.2269999999999999,"3,E",1.55,",,,E",0.9039999999999999,"3,,,E"
AGE00135039,1931-03-01,35.7297,0.65,50.0,"ORAN HOPITAL MILITAIRE, AG",2.8,E,2.8,"2,E",3,",E",1,",E",0,",E",0.0,"2,E",0.0,"2,E",0.0,",E",12.0,",E",0.0,",E",19310301.0,",2,E",19310314,",,E",19310306.0,"+,,E",9.0,"2,E,01,",7.0,",,E,14,",25.0,",E,06,+",,,55.0,",E",10.0,",,,E",1.654,"2,E",2.029,",,,E",1.279,"2,,,E"
AGE00135039,1931-04-01,35.7297,0.65,50.0,"ORAN HOPITAL MILITAIRE, AG",7.0,E,4.2,"2,E",4,",E",4,",E",0,",E",0.0,"2,E",0.0,"2,E",0.0,",E",8.0,",E",0.0,",E",19310405.0,",2,E",19310419,",,E",19310415.0,",,E",9.0,"2,E,05,",12.0,",,E,19,",26.0,",E,15,",,,35.5,",E",27.0,",,,E",1.717,"2,E",2.023,",,,E",1.411,"2,,,E"
AGE00135039,1931-05-01,35.7297,0.65,50.0,"ORAN HOPITAL MILITAIRE, AG",42.3,E,35.3,",E",3,",E",1,",E",0,",E",0.0,",E",0.0,",E",0.0,",E",20.0,",E",0.0,",E",19310506.0,"+,,E",19310516,",,E",19310529.0,"+,,E",12.0,",E,06,+",3.0,",,E,16,",25.0,",E,29,+",,,10.2,",E",6.2,",,,E",1.9149999999999998,",E",2.2190000000000003,",,,E",1.61,",,,E"
AGE00135039,1931-08-01,35.7297,0.65,50.0,"ORAN HOPITAL MILITAIRE, AG",,,184.7,"3,E",1,"1,E",0,"1,E",0,"1,E",0.0,"3,E",0.0,"3,E",0.0,"1,E",30.0,"1,E",3.0,"1,E",19310823.0,"+,3,E",19310827,",1,E",19310821.0,"+,1,E",20.0,"3,E,23,+",1.0,"1,,E,27,",35.0,"1,E,21,+",,,0.0,"1,E",1.0,"1,,,E",2.489,"3,E",2.81,"1,,,E",2.168,"3,,,E"
AGE00135039,1931-10-01,35.7297,0.65,50.0,"ORAN HOPITAL MILITAIRE, AG",,,77.3,"2,E",3,",E",1,",E",0,",E",0.0,"1,E",0.0,"1,E",0.0,"1,E",27.0,"1,E",0.0,"1,E",19311031.0,",1,E",19311026,",,E",19311023.0,"+,1,E",11.0,"1,E,31,",7.0,",,E,26,",30.0,"1,E,23,+",,,11.5,"1,E",10.2,",,,E",2.053,"2,E",2.343,"1,,,E",1.763,"1,,,E"
AGE00135039,1931-11-01,35.7297,0.65,50.0,"ORAN HOPITAL MILITAIRE, AG",,,8.7,"1,E",9,",E",4,",E",0,",E",0.0,"1,E",0.0,"1,E",0.0,",E",8.0,",E",0.0,",E",19311118.0,"+,1,E",19311116,",,E",19311110.0,"+,,E",9.0,"1,E,18,+",10.0,",,E,16,",25.0,",E,10,+",,,51.3,",E",38.0,",,,E",1.688,"1,E",2.013,",,,E",1.3619999999999999,"1,,,E"
AGE00135039,1931-12-01,35.7297,0.65,50.0,"ORAN HOPITAL MILITAIRE, AG",,,0.0,",E",12,",E",9,",E",0,",E",0.0,",E",0.0,",E",0.0,",E",0.0,",E",0.0,",E",19311225.0,",,E",19311208,",,E",19311205.0,"+,,E",4.0,",E,25,",20.0,",,E,08,",19.0,",E,05,+",,,193.3,",E",91.3,",,,E",1.21,",E",1.574,",,,E",0.845,",,,E"
AGE00135039,1932-01-01,35.7297,0.65,50.0,"ORAN HOPITAL MILITAIRE, AG",0.0,E,0.0,"1,E",3,",E",2,",E",0,",E",0.0,"1,E",0.0,"1,E",0.0,",E",0.0,",E",0.0,",E",19320102.0,",1,E",19320111,",,E",19320129.0,"+,,E",1.0,"1,E,02,",10.0,",,E,11,",21.0,",E,29,+",,,175.0,",E",14.0,",,,E",1.248,"1,E",1.6059999999999999,",,,E",0.89,"1,,,E"
AGE00135039,1932-02-01,35.7297,0.65,50.0,"ORAN HOPITAL MILITAIRE, AG",0.0,E,0.0,",E",10,",E",8,",E",1,",E",0.0,",E",0.0,",E",0.0,",E",0.0,",E",0.0,",E",19320217.0,"+,,E",19320220,",,E",19320229.0,"+,,E",6.0,",E,17,+",33.0,",,E,20,",19.0,",E,29,+",,,181.7,",E",75.1,",,,E",1.207,",E",1.5070000000000001,",,,E",0.907,",,,E"
AGE00135039,1932-03-01,35.7297,0.65,50.0,"ORAN HOPITAL MILITAIRE, AG",6.2,E,6.2,"2,E",3,"1,E",0,"1,E",0,"1,E",0.0,"2,E",0.0,"2,E",0.0,"1,E",5.0,"1,E",0.0,"1,E",19320307.0,",2,E",19320306,"+,1,E",19320311.0,",1,E",3.0,"2,E,07,",1.0,"1,,E,06,+",29.0,"1,E,11,",,,81.3,"1,E",2.3,"1,,,E",1.5710000000000002,"2,E",2.007,"1,,,E",1.134,"2,,,E"
AGE00135039,1932-04-01,35.7297,0.65,50.0,"ORAN HOPITAL MILITAIRE, AG",7.0,E,0.8,"1,E",7,",E",6,",E",1,",E",0.0,"1,E",0.0,"1,E",0.0,",E",8.0,",E",0.0,",E",19320414.0,",1,E",19320423,",,E",19320416.0,"+,,E",7.0,"1,E,14,",46.0,",,E,23,",25.0,",E,16,+",,,77.0,",E",71.0,",,,E",1.569,"1,E",1.98,",,,E",1.159,"1,,,E"
AGE00135039,1932-05-01,35.7297,0.65,50.0,"ORAN HOPITAL MILITAIRE, AG",25.3,E,18.3,",E",2,",E",0,",E",0,",E",0.0,",E",0.0,",E",0.0,",E",20.0,",E",0.0,",E",19320510.0,",,E",19320526,"+,,E",19320506.0,",,E",9.0,",E,10,",1.0,",,E,26,+",25.0,",E,06,",,,15.7,",E",2.0,",,,E",1.842,",E",2.1870000000000003,",,,E",1.497,",,,E"
AGE00135039,1932-09-01,35.7297,0.65,50.0,"ORAN HOPITAL MILITAIRE, AG",,,169.0,",E",6,",E",2,",E",0,",E",0.0,",E",0.0,",E",0.0,",E",29.0,",E",3.0,",E",19320912.0,",,E",19320918,",,E",19320919.0,",,E",15.0,",E,12,",20.0,",,E,18,",36.0,",E,19,",,,0.0,",E",29.0,",,,E",2.397,",E",2.73,",,,E",2.0629999999999997,",,,E"
AGE00135039,1932-10-01,35.7297,0.65,50.0,"ORAN HOPITAL MILITAIRE, AG",,,41.2,"3,E",2,",E",1,",E",0,",E",0.0,"3,E",0.0,"3,E",0.0,",E",26.0,",E",0.0,",E",19321021.0,"+,3,E",19321013,",,E",19321010.0,",,E",13.0,"3,E,21,+",6.0,",,E,13,",28.0,",E,10,",,,2.5,",E",7.0,",,,E",1.9629999999999999,"3,E",2.316,",,,E",1.611,"3,,,E"
AGE00135039,1932-12-01,35.7297,0.65,50.0,"ORAN HOPITAL MILITAIRE, AG",,,0.2,"1,E",7,",E",6,",E",3,",E",0.0,"1,E",0.0,"1,E",0.0,",E",2.0,",E",0.0,",E",19321230.0,",1,E",19321214,",,E",19321210.0,",,E",5.0,"1,E,30,",49.0,",,E,14,",24.0,",E,10,",,,130.7,",E",144.0,",,,E",1.395,"1,E",1.7289999999999999,",,,E",1.06,"1,,,E"
AGE00135039,1933-01-01,35.7297,0.65,50.0,"ORAN HOPITAL MILITAIRE, AG",0.0,E,0.0,"3,E",11,",E",7,",E",0,",E",0.0,"3,E",0.0,"3,E",0.0,"1,E",2.0,"1,E",0.0,"1,E",19330124.0,",3,E",19330113,",,E",19330128.0,"+,1,E",5.0,"3,E,24,",18.0,",,E,13,",22.0,"1,E,28,+",,,162.8,"1,E",46.0,",,,E",1.253,"3,E",1.557,"1,,,E",0.95,"3,,,E"
AGE00135039,1933-02-01,35.7297,0.65,50.0,"ORAN HOPITAL MILITAIRE, AG",0.2,E,0.2,",E",6,",E",3,",E",1,",E",0.0,",E",0.0,",E",0.0,",E",1.0,",E",0.0,",E",19330225.0,",,E",19330216,",,E",19330211.0,",,E",5.0,",E,25,",28.0,",,E,16,",23.0,",E,11,",,,141.5,",E",44.0,",,,E",1.329,",E",1.643,",,,E",1.014,",,,E"
AGE00135039,1933-03-01,35.7297,0.65,50.0,"ORAN HOPITAL MILITAIRE, AG",0.2,E,0.0,"2,E",8,",E",7,",E",2,",E",0.0,"2,E",0.0,"2,E",0.0,"1,E",1.0,"1,E",0.0,"1,E",19330307.0,",2,E",19330328,",,E",19330317.0,",1,E",9.0,"2,E,07,",31.0,",,E,28,",22.0,"1,E,17,",,,108.2,"1,E",104.0,",,,E",1.458,"2,E",1.7570000000000001,"1,,,E",1.159,"2,,,E"
AGE00135039,1933-04-01,35.7297,0.65,50.0,"ORAN HOPITAL MILITAIRE, AG",13.9,E,13.7,"1,E",4,",E",2,",E",0,",E",0.0,"1,E",0.0,"1,E",0.0,",E",10.0,",E",1.0,",E",19330407.0,",1,E",19330401,",,E",19330429.0,",,E",8.0,"1,E,07,",13.0,",,E,01,",35.0,",E,29,",,,45.3,",E",22.0,",,,E",1.718,"1,E",2.077,",,,E",1.359,"1,,,E"
AGE00135039,1933-05-01,35.7297,0.65,50.0,"ORAN HOPITAL MILITAIRE, AG",66.4,E,52.5,",E",2,",E",1,",E",0,",E",0.0,",E",0.0,",E",0.0,",E",24.0,",E",0.0,",E",19330506.0,",,E",19330505,",,E",19330526.0,"+,,E",11.0,",E,06,",6.0,",,E,05,",25.0,",E,26,+",,,2.3,",E",7.0,",,,E",1.9949999999999999,",E",2.29,",,,E",1.7,",,,E"
AGE00135039,1933-06-01,35.7297,0.65,50.0,"ORAN HOPITAL MILITAIRE, AG",163.4,E,97.0,",E",3,",E",1,",E",0,",E",0.0,",E",0.0,",E",0.0,",E",30.0,",E",0.0,",E",19330602.0,",,E",19330604,",,E",19330625.0,",,E",13.0,",E,02,",9.0,",,E,04,",32.0,",E,25,",,,0.0,",E",13.0,",,,E",2.157,",E",2.5170000000000003,",,,E",1.797,",,,E"
AGE00135039,1933-08-01,35.7297,0.65,50.0,"ORAN HOPITAL MILITAIRE, AG",,,223.7,"3,E",0,",E",0,",E",0,",E",0.0,"3,E",0.0,"3,E",0.0,",E",31.0,",E",2.0,",E",19330822.0,"+,3,E",19330831,"+,,E",19330825.0,",,E",21.0,"3,E,22,+",0.0,",,E,31,+",37.0,",E,25,",,,0.0,",E",0.0,",,,E",2.6149999999999998,"3,E",2.913,",,,E",2.318,"3,,,E"
AGE00135039,1933-09-01,35.7297,0.65,50.0,"ORAN HOPITAL MILITAIRE, AG",,,197.3,",E",3,",E",1,",E",0,",E",0.0,",E",0.0,",E",0.0,",E",28.0,",E",2.0,",E",19330929.0,",,E",19330910,",,E",19330915.0,",,E",15.0,",E,29,",17.0,",,E,10,",37.0,",E,15,",,,0.3,",E",18.6,",,,E",2.4899999999999998,",E",2.787,",,,E",2.193,",,,E"
AGE00135039,1933-10-01,35.7297,0.65,50.0,"ORAN HOPITAL MILITAIRE, AG",,,105.3,",E",3,",E",0,",E",0,",E",0.0,",E",0.0,",E",0.0,",E",27.0,",E",1.0,",E",19331026.0,",,E",19331029,"+,,E",19331007.0,",,E",14.0,",E,26,",1.0,",,E,29,+",37.0,",E,07,",,,2.7,",E",2.4,",,,E",2.165,",E",2.484,",,,E",1.845,",,,E"
AGE00135039,1933-11-01,35.7297,0.65,50.0,"ORAN HOPITAL MILITAIRE, AG",,,0.2,"1,E",19,",E",14,",E",2,",E",0.0,"1,E",0.0,"1,E",0.0,",E",1.0,",E",0.0,",E",19331108.0,",1,E",19331125,",,E",19331116.0,",,E",9.0,"1,E,08,",41.0,",,E,25,",22.0,",E,16,",,,89.8,",E",147.0,",,,E",1.5210000000000001,"1,E",1.807,",,,E",1.234,"1,,,E"
AGE00135039,1933-12-01,35.7297,0.65,50.0,"ORAN HOPITAL MILITAIRE, AG",,,0.0,"3,E",15,",E",11,",E",0,",E",0.0,"3,E",0.0,"3,E",0.0,",E",0.0,",E",0.0,",E",19331217.0,",3,E",19331228,",,E",19331212.0,"+,,E",1.0,"3,E,17,",24.0,",,E,28,",21.0,",E,12,+",,,187.8,",E",121.3,",,,E",1.168,"3,E",1.568,",,,E",0.768,"3,,,E"
AGE00135039,1934-02-01,35.7297,0.65,50.0,"ORAN HOPITAL MILITAIRE, AG",,,0.0,"4,E",5,",E",5,",E",2,",E",0.0,"4,E",0.0,"4,E",0.0,",E",0.0,",E",0.0,",E",19340204.0,"+,4,E",19340203,",,E",19340210.0,",,E",3.0,"4,E,04,+",47.0,",,E,03,",21.0,",E,10,",,,170.0,",E",115.0,",,,E",1.129,"4,E",1.4789999999999999,",,,E",0.779,"4,,,E"
AGE00135039,1934-03-01,35.7297,0.65,50.0,"ORAN HOPITAL MILITAIRE, AG",,,0.0,"4,E",13,",E",8,",E",2,",E",0.0,"4,E",0.0,"4,E",0.0,",E",0.0,",E",0.0,",E",19340312.0,",4,E",19340328,",,E",19340320.0,"+,,E",4.0,"4,E,12,",39.0,",,E,28,",21.0,",E,20,+",,,141.5,",E",108.4,",,,E",1.306,"4,E",1.7129999999999999,",,,E",0.9,"4,,,E"
AGE00135039,1934-04-01,35.7297,0.65,50.0,"ORAN HOPITAL MILITAIRE, AG",,,0.2,"1,E",7,",E",2,",E",0,",E",0.0,"1,E",0.0,"1,E",0.0,",E",5.0,",E",0.0,",E",19340410.0,"+,1,E",19340424,",,E",19340426.0,"+,,E",10.0,"1,E,10,+",12.3,",,E,24,",23.0,",E,26,+",,,65.3,",E",25.9,",,,E",1.6059999999999999,"1,E",1.953,",,,E",1.259,"1,,,E"
AGE00135039,1934-06-01,35.7297,0.65,50.0,"ORAN HOPITAL MILITAIRE, AG",,,116.0,",E",2,",E",1,",E",0,",E",0.0,",E",0.0,",E",0.0,",E",29.0,",E",0.0,",E",19340608.0,",,E",19340609,",,E",19340620.0,"+,,E",16.0,",E,08,",4.0,",,E,09,",30.0,",E,20,+",,,0.0,",E",5.0,",,,E",2.2199999999999998,",E",2.5100000000000002,",,,E",1.9300000000000002,",,,E"
AGE00135039,1934-07-01,35.7297,0.65,50.0,"ORAN HOPITAL MILITAIRE, AG",,,209.2,",E",0,",E",0,",E",0,",E",0.0,",E",0.0,",E",0.0,",E",31.0,",E",0.0,",E",19340703.0,"+,,E",19340731,"+,,E",19340720.0,",,E",20.0,",E,03,+",0.0,",,E,31,+",32.0,",E,20,",0.0,E,0.0,",E",0.0,",,,E",2.508,",E",2.787,",,,E",2.229,",,,E"
AGE00135039,1934-08-01,35.7297,0.65,50.0,"ORAN HOPITAL MILITAIRE, AG",,,184.7,"3,E",5,",E",2,",E",0,",E",0.0,"3,E",0.0,"3,E",0.0,",E",31.0,",E",2.0,",E",19340822.0,",3,E",19340810,",,E",19340822.0,"+,,E",19.0,"3,E,22,",7.0,",,E,10,",33.0,",E,22,+",0.0,E,0.0,",E",14.0,",,,E",2.497,"3,E",2.816,",,,E",2.179,"3,,,E"
AGE00135039,1934-09-01,35.7297,0.65,50.0,"ORAN HOPITAL MILITAIRE, AG",,,154.0,"3,E",4,",E",2,",E",0,",E",0.0,"1,E",0.0,"1,E",0.0,"2,E",28.0,"2,E",1.0,"2,E",19340926.0,"+,1,E",19340914,",,E",19340907.0,",2,E",18.0,"1,E,26,+",9.0,",,E,14,",33.0,"2,E,07,",0.0,E,0.0,"2,E",19.0,",,,E",2.402,"3,E",2.721,"2,,,E",2.0829999999999997,"1,,,E"
AGE00135039,1934-12-01,35.7297,0.65,50.0,"ORAN HOPITAL MILITAIRE, AG",,,0.0,"5,E",4,",E",2,",E",0,",E",0.0,"5,E",0.0,"5,E",0.0,",E",1.0,",E",0.0,",E",19341201.0,",5,E",19341212,",,E",19341215.0,",,E",7.0,"5,E,01,",17.0,",,E,12,",22.0,",E,15,",,,85.7,",E",23.0,",,,E",1.496,"5,E",1.842,",,,E",1.15,"5,,,E"
AGE00135039,1935-01-01,35.7297,0.65,50.0,"ORAN HOPITAL MILITAIRE, AG",0.0,E,0.0,"5,E",9,",E",6,",E",1,",E",0.0,"5,E",0.0,"5,E",0.0,",E",0.0,",E",0.0,",E",19350130.0,"+,5,E",19350129,",,E",19350114.0,",,E",1.0,"5,E,30,+",31.0,",,E,29,",18.0,",E,14,",,,204.7,",E",77.3,",,,E",1.048,"5,E",1.416,",,,E",0.6809999999999999,"5,,,E"
AGE00135039,1935-05-01,35.7297,0.65,50.0,"ORAN HOPITAL MILITAIRE, AG",,,11.7,"4,E",7,",E",3,",E",0,",E",0.0,"4,E",0.0,"4,E",0.0,",E",12.0,",E",0.0,",E",19350502.0,",4,E",19350520,",,E",19350501.0,",,E",11.0,"4,E,02,",20.0,",,E,20,",27.0,",E,01,",,,21.7,",E",39.4,",,,E",1.7870000000000001,"4,E",2.119,",,,E",1.456,"4,,,E"
AGE00135039,1935-07-01,35.7297,0.65,50.0,"ORAN HOPITAL MILITAIRE, AG",,,213.7,",E",0,",E",0,",E",0,",E",0.0,",E",0.0,",E",0.0,",E",31.0,",E",3.0,",E",19350727.0,"+,,E",19350731,"+,,E",19350731.0,"+,,E",20.0,",E,27,+",0.0,",,E,31,+",36.0,",E,31,+",0.0,E,0.0,",E",0.0,",,,E",2.523,",E",2.826,",,,E",2.2190000000000003,",,,E"
AGE00135039,1935-08-01,35.7297,0.65,50.0,"ORAN HOPITAL MILITAIRE, AG",,,246.2,",E",1,",E",0,",E",0,",E",0.0,",E",0.0,",E",0.0,",E",31.0,",E",6.0,",E",19350831.0,"+,,E",19350810,",,E",19350812.0,"+,,E",19.0,",E,31,+",2.0,",,E,10,",41.0,",E,12,+",0.0,E,0.0,",E",2.0,",,,E",2.627,",E",2.955,",,,E",2.3,",,,E"
AGE00135039,1936-03-01,35.7297,0.65,50.0,"ORAN HOPITAL MILITAIRE, AG",,,1.0,"4,E",9,",E",4,",E",0,",E",0.0,"4,E",0.0,"4,E",0.0,",E",4.0,",E",0.0,",E",19360305.0,",4,E",19360304,",,E",19360309.0,",,E",7.0,"4,E,05,",22.0,",,E,04,",28.0,",E,09,",,,87.0,",E",52.0,",,,E",1.504,"4,E",1.845,",,,E",1.163,"4,,,E"
AGE00135039,1936-04-01,35.7297,0.65,50.0,"ORAN HOPITAL MILITAIRE, AG",,,3.8,"5,E",7,"1,E",3,"1,E",0,"1,E",0.0,"5,E",0.0,"5,E",0.0,"1,E",7.0,"1,E",0.0,"1,E",19360420.0,",5,E",19360420,",1,E",19360415.0,"+,1,E",11.0,"5,E,20,",10.0,"1,,E,20,",25.0,"1,E,15,+",,,27.7,"1,E",26.4,"1,,,E",1.738,"5,E",2.0309999999999997,"1,,,E",1.444,"5,,,E"
AGE00135039,1936-05-01,35.7297,0.65,50.0,"ORAN HOPITAL MILITAIRE, AG",,,5.8,"5,E",8,",E",8,",E",0,",E",0.0,"4,E",0.0,"4,E",0.0,"1,E",10.0,"1,E",0.0,"1,E",19360509.0,"+,4,E",19360517,",,E",19360522.0,",1,E",11.0,"4,E,09,+",12.0,",,E,17,",24.0,"1,E,22,",,,27.0,"1,E",37.0,",,,E",1.738,"5,E",2.057,"1,,,E",1.419,"4,,,E"
AGE00135039,1936-06-01,35.7297,0.65,50.0,"ORAN HOPITAL MILITAIRE, AG",,,85.7,"2,E",4,",E",4,",E",1,",E",0.0,"2,E",0.0,"2,E",0.0,",E",26.0,",E",2.0,",E",19360616.0,"+,2,E",19360613,",,E",19360629.0,",,E",15.0,"2,E,16,+",30.0,",,E,13,",34.0,",E,29,",,,2.0,",E",56.0,",,,E",2.125,"2,E",2.443,",,,E",1.807,"2,,,E"
AGE00135039,1936-07-01,35.7297,0.65,50.0,"ORAN HOPITAL MILITAIRE, AG",,,179.3,"2,E",0,",E",0,",E",0,",E",0.0,"2,E",0.0,"2,E",0.0,",E",31.0,",E",2.0,",E",19360717.0,"+,2,E",19360731,"+,,E",19360709.0,",,E",19.0,"2,E,17,+",0.0,",,E,31,+",34.0,",E,09,",0.0,E,0.0,",E",0.0,",,,E",2.443,"2,E",2.748,",,,E",2.138,"2,,,E"
AGE00135039,1937-06-01,35.7297,0.65,50.0,"ORAN HOPITAL MILITAIRE, AG",,,116.3,"1,E",4,",E",0,",E",0,",E",0.0,"1,E",0.0,"1,E",0.0,",E",30.0,",E",0.0,",E",19370604.0,",1,E",19370608,"+,,E",19370630.0,"+,,E",16.0,"1,E,04,",2.0,",,E,08,+",30.0,",E,30,+",,,0.0,",E",6.0,",,,E",2.242,"1,E",2.55,",,,E",1.934,"1,,,E"
AGE00135039,1937-07-01,35.7297,0.65,50.0,"ORAN HOPITAL MILITAIRE, AG",,,194.2,",E",0,",E",0,",E",0,",E",0.0,",E",0.0,",E",0.0,",E",31.0,",E",3.0,",E",19370705.0,",,E",19370731,"+,,E",19370725.0,"+,,E",16.0,",E,05,",0.0,",,E,31,+",34.0,",E,25,+",0.0,E,0.0,",E",0.0,",,,E",2.46,",E",2.79,",,,E",2.129,",,,E"
AGE00135039,1937-09-01,35.7297,0.65,50.0,"ORAN HOPITAL MILITAIRE, AG",,,130.5,"3,E",3,"1,E",1,"1,E",1,"1,E",0.0,"3,E",0.0,"3,E",0.0,"1,E",29.0,"1,E",0.0,"1,E",19370922.0,"+,3,E",19370925,",1,E",19370910.0,",1,E",16.0,"3,E,22,+",26.0,"1,,E,25,",32.0,"1,E,10,",,,0.0,"1,E",28.0,"1,,,E",2.3280000000000003,"3,E",2.645,"1,,,E",2.011,"3,,,E"
AGE00135039,1937-11-01,35.7297,0.65,50.0,"ORAN HOPITAL MILITAIRE, AG",,,18.0,",E",5,",E",2,",E",0,",E",0.0,",E",0.0,",E",0.0,",E",14.0,",E",0.0,",E",19371130.0,"+,,E",19371102,",,E",19371118.0,",,E",11.0,",E,30,+",21.0,",,E,02,",27.0,",E,18,",,,20.5,",E",29.0,",,,E",1.825,",E",2.16,",,,E",1.49,",,,E"
AGE00135039,1937-12-01,35.7297,0.65,50.0,"ORAN HOPITAL MILITAIRE, AG",,,0.0,"4,E",10,"1,E",8,"1,E",2,"1,E",0.0,"2,E",0.0,"2,E",0.0,"2,E",1.0,"2,E",0.0,"2,E",19371230.0,",2,E",19371210,",1,E",19371208.0,",2,E",5.0,"2,E,30,",35.0,"1,,E,10,",23.0,"2,E,08,",,,133.0,"2,E",104.0,"1,,,E",1.341,"4,E",1.6760000000000002,"2,,,E",1.0070000000000001,"2,,,E"
AGE00135039,1938-01-01,35.7297,0.65,50.0,"ORAN HOPITAL MILITAIRE, AG",0.0,E,0.0,"1,E",8,",E",7,",E",0,",E",0.0,"1,E",0.0,"1,E",0.0,",E",0.0,",E",0.0,",E",19380104.0,",1,E",19380105,",,E",19380127.0,",,E",4.0,"1,E,04,",18.0,",,E,05,",20.0,",E,27,",,,185.5,",E",81.4,",,,E",1.2109999999999999,"1,E",1.526,",,,E",0.897,"1,,,E"
AGE00135039,1938-03-01,35.7297,0.65,50.0,"ORAN HOPITAL MILITAIRE, AG",,,0.0,",E",2,",E",0,",E",0,",E",0.0,",E",0.0,",E",0.0,",E",1.0,",E",0.0,",E",19380315.0,",,E",19380323,",,E",19380306.0,",,E",7.0,",E,15,",2.0,",,E,23,",22.0,",E,06,",,,136.3,",E",3.0,",,,E",1.394,",E",1.703,",,,E",1.084,",,,E"
AGE00135039,1938-05-01,35.7297,0.65,50.0,"ORAN HOPITAL MILITAIRE, AG",,,22.0,",E",4,",E",2,",E",0,",E",0.0,",E",0.0,",E",0.0,",E",14.0,",E",0.0,",E",19380517.0,"+,,E",19380508,",,E",19380527.0,",,E",13.0,",E,17,+",6.0,",,E,08,",26.0,",E,27,",,,17.3,",E",12.0,",,,E",1.848,",E",2.1390000000000002,",,,E",1.558,",,,E"
AGE00135039,1938-06-01,35.7297,0.65,50.0,"ORAN HOPITAL MILITAIRE, AG",,,134.8,"1,E",0,",E",0,",E",0,",E",0.0,"1,E",0.0,"1,E",0.0,",E",30.0,",E",1.0,",E",19380616.0,",1,E",19380630,"+,,E",19380630.0,",,E",16.0,"1,E,16,",0.0,",,E,30,+",33.0,",E,30,",,,0.0,",E",0.0,",,,E",2.299,"1,E",2.577,",,,E",2.021,"1,,,E"
AGE00135039,1938-07-01,35.7297,0.65,50.0,"ORAN HOPITAL MILITAIRE, AG",,,210.2,",E",0,",E",0,",E",0,",E",0.0,",E",0.0,",E",0.0,",E",31.0,",E",1.0,",E",19380703.0,",,E",19380731,"+,,E",19380723.0,",,E",19.0,",E,03,",0.0,",,E,31,+",33.0,",E,23,",0.0,E,0.0,",E",0.0,",,,E",2.511,",E",2.771,",,,E",2.252,",,,E"
AGE00135039,1938-08-01,35.7297,0.65,50.0,"ORAN HOPITAL MILITAIRE, AG",,,225.2,",E",0,",E",0,",E",0,",E",0.0,",E",0.0,",E",0.0,",E",31.0,",E",0.0,",E",19380831.0,",,E",19380831,"+,,E",19380806.0,",,E",20.0,",E,31,",0.0,",,E,31,+",32.0,",E,06,",0.0,E,0.0,",E",0.0,",,,E",2.56,",E",2.826,",,,E",2.294,",,,E"
AGE00135039,1938-09-01,35.7297,0.65,50.0,"ORAN HOPITAL MILITAIRE, AG",,,119.2,"2,E",5,",E",3,",E",0,",E",0.0,"2,E",0.0,"2,E",0.0,",E",30.0,",E",0.0,",E",19380920.0,"+,2,E",19380926,",,E",19380908.0,"+,,E",17.0,"2,E,20,+",10.0,",,E,26,",28.0,",E,08,+",0.0,E,0.0,",E",23.7,",,,E",2.263,"2,E",2.5300000000000002,",,,E",1.996,"2,,,E"
AGE00135039,1938-11-01,35.7297,0.65,50.0,"ORAN HOPITAL MILITAIRE, AG",,,6.2,",E",3,",E",3,",E",1,",E",0.0,",E",0.0,",E",0.0,",E",7.0,",E",0.0,",E",19381101.0,",,E",19381118,",,E",19381110.0,",,E",11.0,",E,01,",27.0,",,E,18,",24.0,",E,10,",,,38.2,",E",35.0,",,,E",1.7269999999999999,",E",2.023,",,,E",1.4300000000000002,",,,E"
AGE00135039,1938-12-01,35.7297,0.65,50.0,"ORAN HOPITAL MILITAIRE, AG",,,0.0,"2,E",11,"2,E",5,"2,E",1,"2,E",0.0,"2,E",0.0,"2,E",0.0,"2,E",0.0,"2,E",0.0,"2,E",19381228.0,"+,2,E",19381224,",2,E",19381208.0,",2,E",6.0,"2,E,28,+",44.0,"2,,E,24,",21.0,"2,E,08,",,,132.7,"2,E",101.0,"2,,,E",1.376,"2,E",1.655,"2,,,E",1.097,"2,,,E"
AGE00135039,1953-10-01,35.7297,0.65,50.0,"ORAN HOPITAL MILITAIRE, AG",,,44.2,",E",7,",E",6,",E",0,",E",0.0,",E",0.0,",E",0.0,",E",23.0,",E",0.0,",E",19531027.0,",,E",19531021,",,E",19531011.0,",,E",8.0,",E,27,",16.0,",,E,21,",32.0,",E,11,",,,18.0,",E",50.0,",,,E",1.918,",E",2.397,",,,E",1.439,",,,E"
AGE00135039,1953-11-01,35.7297,0.65,50.0,"ORAN HOPITAL MILITAIRE, AG",,,2.8,",E",5,",E",4,",E",0,",E",0.0,",E",0.0,",E",0.0,",E",12.0,",E",0.0,",E",19531125.0,",,E",19531119,",,E",19531129.0,"+,,E",6.0,",E,25,",9.0,",,E,19,",26.0,",E,29,+",,,82.8,",E",23.0,",,,E",1.567,",E",2.093,",,,E",1.04,",,,E"
AGE00135039,1953-12-01,35.7297,0.65,50.0,"ORAN HOPITAL MILITAIRE, AG",,,3.8,"3,E",4,",E",3,",E",0,",E",0.0,"2,E",0.0,"2,E",0.0,"1,E",9.0,"1,E",0.0,"1,E",19531226.0,"+,2,E",19531226,",,E",19531203.0,",1,E",2.0,"2,E,26,+",17.0,",,E,26,",27.0,"1,E,03,",,,132.2,"1,E",27.0,",,,E",1.386,"3,E",1.923,"1,,,E",0.8480000000000001,"2,,,E"
AGE00135039,1954-01-01,35.7297,0.65,50.0,"ORAN HOPITAL MILITAIRE, AG",0.0,E,0.0,"1,E",9,",E",9,",E",2,",E",0.0,"1,E",3.0,"1,E",0.0,",E",0.0,",E",0.0,",E",19540111.0,",1,E",19540126,",,E",19540116.0,",,E",-2.0,"1,E,11,",32.0,",,E,26,",20.0,",E,16,",,,259.5,",E",137.0,",,,E",0.9710000000000001,"1,E",1.419,",,,E",0.523,"1,,,E"
AGE00135039,1954-02-01,35.7297,0.65,50.0,"ORAN HOPITAL MILITAIRE, AG",,,,,6,",E",6,",E",0,",E",0.0,"5,E",2.0,"5,E",0.0,"1,E",0.0,"1,E",0.0,"1,E",19540205.0,"+,5,E",19540201,",,E",19540227.0,",1,E",0.0,"5,E,05,+",15.0,",,E,01,",20.0,"1,E,27,",,,,,48.0,",,,E",0.976,"6,E",1.4220000000000002,"1,,,E",0.53,"5,,,E"
AGE00135039,1954-03-01,35.7297,0.65,50.0,"ORAN HOPITAL MILITAIRE, AG",,,0.0,"1,E",10,",E",6,",E",0,",E",0.0,"1,E",0.0,"1,E",0.0,",E",8.0,",E",0.0,",E",19540307.0,",1,E",19540312,",,E",19540322.0,",,E",3.0,"1,E,07,",10.0,",,E,12,",26.0,",E,22,",,,121.5,",E",48.0,",,,E",1.433,"1,E",1.906,",,,E",0.96,"1,,,E"
AGE00135039,1954-04-01,35.7297,0.65,50.0,"ORAN HOPITAL MILITAIRE, AG",,,1.3,"1,E",9,",E",5,",E",1,",E",0.0,"1,E",0.0,"1,E",0.0,",E",5.0,",E",0.0,",E",19540420.0,",1,E",19540413,",,E",19540427.0,"+,,E",3.0,"1,E,20,",26.0,",,E,13,",24.0,",E,27,+",,,112.5,",E",59.0,",,,E",1.45,"1,E",1.8969999999999998,",,,E",1.003,"1,,,E"
AGE00135039,1954-05-01,35.7297,0.65,50.0,"ORAN HOPITAL MILITAIRE, AG",,,23.7,"4,E",0,",E",0,",E",0,",E",0.0,"4,E",0.0,"4,E",0.0,",E",28.0,",E",0.0,",E",19540505.0,",4,E",19540531,"+,,E",19540508.0,",,E",6.0,"4,E,05,",0.0,",,E,31,+",31.0,",E,08,",,,13.7,",E",0.0,",,,E",1.8820000000000001,"4,E",2.465,",,,E",1.3,"4,,,E"
AGE00135039,1954-06-01,35.7297,0.65,50.0,"ORAN HOPITAL MILITAIRE, AG",,,102.8,",E",0,",E",0,",E",0,",E",0.0,",E",0.0,",E",0.0,",E",30.0,",E",2.0,",E",19540611.0,",,E",19540630,"+,,E",19540629.0,"+,,E",10.0,",E,11,",0.0,",,E,30,+",34.0,",E,29,+",,,0.3,",E",0.0,",,,E",2.175,",E",2.7399999999999998,",,,E",1.61,",,,E"
AGE00135039,1954-07-01,35.7297,0.65,50.0,"ORAN HOPITAL MILITAIRE, AG",,,157.7,"3,E",2,"1,E",1,"1,E",0,"1,E",0.0,"3,E",0.0,"3,E",0.0,"1,E",30.0,"1,E",4.0,"1,E",19540703.0,",3,E",19540720,",1,E",19540729.0,"+,1,E",12.0,"3,E,03,",4.0,"1,,E,20,",38.0,"1,E,29,+",0.0,E,0.0,"1,E",5.0,"1,,,E",2.399,"3,E",3.0170000000000003,"1,,,E",1.782,"3,,,E"
AGE00135039,1954-08-01,35.7297,0.65,50.0,"ORAN HOPITAL MILITAIRE, AG",,,186.8,"2,E",0,",E",0,",E",0,",E",0.0,"2,E",0.0,"2,E",0.0,"1,E",30.0,"1,E",6.0,"1,E",19540816.0,",2,E",19540831,"+,,E",19540820.0,",1,E",13.0,"2,E,16,",0.0,",,E,31,+",39.0,"1,E,20,",0.0,E,0.0,"1,E",0.0,",,,E",2.472,"2,E",3.113,"1,,,E",1.831,"2,,,E"
AGE00135039,1954-09-01,35.7297,0.65,50.0,"ORAN HOPITAL MILITAIRE, AG",,,128.5,"3,E",1,",E",1,",E",0,",E",0.0,"3,E",0.0,"3,E",0.0,",E",30.0,",E",2.0,",E",19540928.0,",3,E",19540915,",,E",19540921.0,"+,,E",13.0,"3,E,28,",14.0,",,E,15,",33.0,",E,21,+",0.0,E,0.0,",E",14.0,",,,E",2.304,"3,E",2.8899999999999997,",,,E",1.719,"3,,,E"
AGE00135039,1954-10-01,35.7297,0.65,50.0,"ORAN HOPITAL MILITAIRE, AG",,,24.5,"3,E",3,",E",2,",E",0,",E",0.0,"1,E",0.0,"1,E",0.0,"2,E",27.0,"2,E",0.0,"2,E",19541019.0,",1,E",19541021,",,E",19541025.0,"+,2,E",7.0,"1,E,19,",24.0,",,E,21,",29.0,"2,E,25,+",15.8,E,15.8,"2,E",42.0,",,,E",1.871,"3,E",2.555,"2,,,E",1.1869999999999998,"1,,,E"
AGE00135039,1954-11-01,35.7297,0.65,50.0,"ORAN HOPITAL MILITAIRE, AG",,,17.7,"1,E",4,",E",4,",E",0,",E",0.0,"1,E",0.0,"1,E",0.0,",E",14.0,",E",0.0,",E",19541119.0,",1,E",19541108,",,E",19541103.0,",,E",3.0,"1,E,19,",16.0,",,E,08,",29.0,",E,03,",85.6,E,69.8,",E",35.0,",,,E",1.6480000000000001,"1,E",2.2030000000000003,",,,E",1.093,"1,,,E"
AGE00135039,1954-12-01,35.7297,0.65,50.0,"ORAN HOPITAL MILITAIRE, AG",,,0.0,",E",7,",E",5,",E",0,",E",0.0,",E",0.0,",E",0.0,",E",1.0,",E",0.0,",E",19541231.0,",,E",19541211,",,E",19541209.0,",,E",1.0,",E,31,",22.0,",,E,11,",22.0,",E,09,",286.9,E,201.3,",E",74.0,",,,E",1.184,",E",1.706,",,,E",0.661,",,,E"
AGE00135039,1955-01-01,35.7297,0.65,50.0,"ORAN HOPITAL MILITAIRE, AG",0.2,E,0.2,"1,E",12,",E",7,",E",1,",E",0.0,"1,E",0.0,"1,E",0.0,",E",3.0,",E",0.0,",E",19550129.0,"+,1,E",19550124,",,E",19550121.0,"+,,E",5.0,"1,E,29,+",29.0,",,E,24,",22.0,",E,21,+",418.1,E,131.2,",E",85.0,",,,E",1.395,"1,E",1.81,",,,E",0.9800000000000001,"1,,,E"
AGE00135039,1955-02-01,35.7297,0.65,50.0,"ORAN HOPITAL MILITAIRE, AG",0.2,E,0.0,"1,E",9,",E",6,",E",0,",E",0.0,"1,E",0.0,"1,E",0.0,",E",8.0,",E",0.0,",E",19550228.0,"+,1,E",19550224,",,E",19550216.0,"+,,E",4.0,"1,E,28,+",6.0,",,E,24,",24.0,",E,16,+",546.1,E,128.0,",E",29.0,",,,E",1.3519999999999999,"1,E",1.9,",,,E",0.8039999999999999,"1,,,E"
AGE00135039,1955-03-01,35.7297,0.65,50.0,"ORAN HOPITAL MILITAIRE, AG",15.7,E,15.5,",E",13,",E",6,",E",0,",E",0.0,",E",1.0,",E",0.0,",E",9.0,",E",1.0,",E",19550302.0,",,E",19550331,",,E",19550325.0,",,E",0.0,",E,02,",16.0,",,E,31,",34.0,",E,25,",712.9,E,166.8,",E",58.0,",,,E",1.345,",E",1.8940000000000001,",,,E",0.7969999999999999,",,,E"
AGE00135039,1955-04-01,35.7297,0.65,50.0,"ORAN HOPITAL MILITAIRE, AG",15.9,E,0.2,"1,E",6,",E",4,",E",0,",E",0.0,"1,E",0.0,"1,E",0.0,",E",13.0,",E",0.0,",E",19550404.0,",1,E",19550423,",,E",19550415.0,"+,,E",1.0,"1,E,04,",18.0,",,E,23,",24.0,",E,15,+",792.2,E,79.3,",E",35.0,",,,E",1.5619999999999998,"1,E",2.093,",,,E",1.0310000000000001,"1,,,E"
AGE00135039,1955-05-01,35.7297,0.65,50.0,"ORAN HOPITAL MILITAIRE, AG",78.1,E,62.2,"1,E",4,",E",2,",E",0,",E",0.0,"1,E",0.0,"1,E",0.0,",E",29.0,",E",1.0,",E",19550501.0,",1,E",19550522,",,E",19550505.0,",,E",10.0,"1,E,01,",7.0,",,E,22,",33.0,",E,05,",796.9,E,4.7,",E",14.0,",,,E",2.023,"1,E",2.597,",,,E",1.45,"1,,,E"
AGE00135039,1955-06-01,35.7297,0.65,50.0,"ORAN HOPITAL MILITAIRE, AG",206.6,E,128.5,",E",4,",E",2,",E",0,",E",0.0,",E",0.0,",E",0.0,",E",30.0,",E",0.0,",E",19550611.0,",,E",19550617,",,E",19550630.0,",,E",12.0,",E,11,",5.0,",,E,17,",32.0,",E,30,",796.9,E,0.0,",E",13.0,",,,E",2.262,",E",2.803,",,,E",1.72,",,,E"
AGE00135039,1955-07-01,35.7297,0.65,50.0,"ORAN HOPITAL MILITAIRE, AG",457.6,E,251.0,"1,E",1,",E",1,",E",0,",E",0.0,"1,E",0.0,"1,E",0.0,",E",31.0,",E",12.0,",E",19550703.0,",1,E",19550722,",,E",19550716.0,",,E",14.0,"1,E,03,",4.0,",,E,22,",43.0,",E,16,",0.0,E,0.0,",E",4.0,",,,E",2.666,"1,E",3.245,",,,E",2.087,"1,,,E"
AGE00135039,1955-08-01,35.7297,0.65,50.0,"ORAN HOPITAL MILITAIRE, AG",698.3,E,240.7,",E",0,",E",0,",E",0,",E",0.0,",E",0.0,",E",0.0,",E",31.0,",E",11.0,",E",19550825.0,"+,,E",19550831,"+,,E",19550831.0,",,E",16.0,",E,25,+",0.0,",,E,31,+",40.0,",E,31,",0.0,E,0.0,",E",0.0,",,,E",2.6100000000000003,",E",3.19,",,,E",2.029,",,,E"
AGE00135039,1955-09-01,35.7297,0.65,50.0,"ORAN HOPITAL MILITAIRE, AG",838.6,E,140.3,"1,E",4,",E",1,",E",0,",E",0.0,"1,E",0.0,"1,E",0.0,",E",30.0,",E",3.0,",E",19550927.0,",1,E",19550926,",,E",19550901.0,",,E",13.0,"1,E,27,",3.0,",,E,26,",36.0,",E,01,",0.0,E,0.0,",E",7.0,",,,E",2.317,"1,E",2.897,",,,E",1.738,"1,,,E"
AGE00135039,1955-10-01,35.7297,0.65,50.0,"ORAN HOPITAL MILITAIRE, AG",883.1,E,44.5,"1,E",4,",E",0,",E",0,",E",0.0,"1,E",0.0,"1,E",0.0,",E",29.0,",E",0.0,",E",19551025.0,",1,E",19551029,"+,,E",19551011.0,",,E",6.0,"1,E,25,",2.0,",,E,29,+",29.0,",E,11,",12.0,E,12.0,",E",6.0,",,,E",1.938,"1,E",2.494,",,,E",1.383,"1,,,E"
AGE00135039,1955-11-01,35.7297,0.65,50.0,"ORAN HOPITAL MILITAIRE, AG",890.6,E,7.5,",E",5,",E",1,",E",0,",E",0.0,",E",0.0,",E",0.0,",E",11.0,",E",0.0,",E",19551118.0,",,E",19551112,",,E",19551123.0,"+,,E",4.0,",E,18,",8.0,",,E,12,",28.0,",E,23,+",91.0,E,79.0,",E",13.0,",,,E",1.595,",E",2.137,",,,E",1.053,",,,E"
AGE00135039,1955-12-01,35.7297,0.65,50.0,"ORAN HOPITAL MILITAIRE, AG",890.8,E,0.2,"2,E",7,",E",7,",E",0,",E",0.0,"2,E",1.0,"2,E",0.0,",E",5.0,",E",0.0,",E",19551227.0,",2,E",19551231,"+,,E",19551216.0,",,E",0.0,"2,E,27,",10.0,",,E,31,+",25.0,",E,16,",224.8,E,133.8,",E",50.0,",,,E",1.3820000000000001,"2,E",1.935,",,,E",0.828,"2,,,E"
AGE00135039,1956-01-01,35.7297,0.65,50.0,"ORAN HOPITAL MILITAIRE, AG",0.7,E,0.7,"1,E",12,",E",8,",E",0,",E",0.0,"1,E",0.0,"1,E",0.0,"1,E",2.0,"1,E",0.0,"1,E",19560102.0,",1,E",19560105,",,E",19560116.0,",1,E",1.0,"1,E,02,",23.0,",,E,05,",25.0,"1,E,16,",408.5,E,183.7,"1,E",94.0,",,,E",1.223,"1,E",1.7469999999999999,"1,,,E",0.7,"1,,,E"
AGE00135039,1956-02-01,35.7297,0.65,50.0,"ORAN HOPITAL MILITAIRE, AG",,,,,15,",E",13,",E",1,",E",0.0,"5,E",3.0,"5,E",0.0,"2,E",0.0,"2,E",0.0,"2,E",19560204.0,",5,E",19560215,",,E",19560223.0,",2,E",-1.0,"5,E,04,",39.0,",,E,15,",21.0,"2,E,23,",,,,,157.0,",,,E",0.8550000000000001,"7,E",1.2890000000000001,"2,,,E",0.421,"5,,,E"
AGE00135039,1956-03-01,35.7297,0.65,50.0,"ORAN HOPITAL MILITAIRE, AG",,,0.0,"2,E",5,",E",2,",E",0,",E",0.0,"2,E",0.0,"2,E",0.0,",E",10.0,",E",0.0,",E",19560313.0,"+,2,E",19560319,",,E",19560316.0,",,E",3.0,"2,E,13,+",5.0,",,E,19,",25.0,",E,16,",,,142.2,",E",14.0,",,,E",1.359,"2,E",1.952,",,,E",0.766,"2,,,E"
AGE00135039,1956-04-01,35.7297,0.65,50.0,"ORAN HOPITAL MILITAIRE, AG",,,2.8,"1,E",11,",E",4,",E",0,",E",0.0,"1,E",0.0,"1,E",0.0,",E",11.0,",E",0.0,",E",19560418.0,",1,E",19560428,",,E",19560420.0,"+,,E",6.0,"1,E,18,",7.0,",,E,28,",28.0,",E,20,+",,,75.5,",E",32.0,",,,E",1.573,"1,E",2.053,",,,E",1.093,"1,,,E"
AGE00135039,1956-05-01,35.7297,0.65,50.0,"ORAN HOPITAL MILITAIRE, AG",,,18.8,"1,E",2,",E",1,",E",0,",E",0.0,"1,E",0.0,"1,E",0.0,",E",29.0,",E",0.0,",E",19560502.0,",1,E",19560519,",,E",19560525.0,",,E",3.0,"1,E,02,",3.0,",,E,19,",30.0,",E,25,",,,22.8,",E",4.0,",,,E",1.8199999999999998,"1,E",2.413,",,,E",1.2269999999999999,"1,,,E"
AGE00135039,1956-06-01,35.7297,0.65,50.0,"ORAN HOPITAL MILITAIRE, AG",,,76.5,",E",0,",E",0,",E",0,",E",0.0,",E",0.0,",E",0.0,",E",30.0,",E",0.0,",E",19560603.0,"+,,E",19560630,"+,,E",19560607.0,",,E",10.0,",E,03,+",0.0,",,E,30,+",32.0,",E,07,",,,0.0,",E",0.0,",,,E",2.088,",E",2.65,",,,E",1.527,",,,E"
AGE00135039,1956-07-01,35.7297,0.65,50.0,"ORAN HOPITAL MILITAIRE, AG",,,181.0,"1,E",0,",E",0,",E",0,",E",0.0,"1,E",0.0,"1,E",0.0,",E",31.0,",E",5.0,",E",19560716.0,",1,E",19560731,"+,,E",19560726.0,",,E",15.0,"1,E,16,",0.0,",,E,31,+",40.0,",E,26,",0.0,E,0.0,",E",0.0,",,,E",2.433,"1,E",3.016,",,,E",1.85,"1,,,E"
AGE00135039,1956-08-01,35.7297,0.65,50.0,"ORAN HOPITAL MILITAIRE, AG",,,223.5,"1,E",0,",E",0,",E",0,",E",0.0,"1,E",0.0,"1,E",0.0,",E",31.0,",E",12.0,",E",19560801.0,",1,E",19560831,"+,,E",19560826.0,"+,,E",12.0,"1,E,01,",0.0,",,E,31,+",35.0,",E,26,+",0.0,E,0.0,",E",0.0,",,,E",2.577,"1,E",3.2030000000000003,",,,E",1.95,"1,,,E"
AGE00135039,1956-09-01,35.7297,0.65,50.0,"ORAN HOPITAL MILITAIRE, AG",,,124.7,"2,E",3,",E",2,",E",0,",E",0.0,"2,E",0.0,"2,E",0.0,",E",30.0,",E",2.0,",E",19560929.0,",2,E",19560917,",,E",19560912.0,",,E",9.0,"2,E,29,",17.0,",,E,17,",37.0,",E,12,",0.0,E,0.0,",E",22.0,",,,E",2.294,"2,E",2.8600000000000003,",,,E",1.7289999999999999,"2,,,E"
AGE00135039,1956-10-01,35.7297,0.65,50.0,"ORAN HOPITAL MILITAIRE, AG",,,47.8,"2,E",3,",E",3,",E",0,",E",0.0,"2,E",0.0,"2,E",0.0,",E",20.0,",E",0.0,",E",19561030.0,"+,2,E",19561010,",,E",19561015.0,",,E",5.0,"2,E,30,+",8.0,",,E,10,",30.0,",E,15,",30.0,E,30.0,",E",15.0,",,,E",1.8780000000000001,"2,E",2.426,",,,E",1.331,"2,,,E"
AGE00135039,1956-11-01,35.7297,0.65,50.0,"ORAN HOPITAL MILITAIRE, AG",,,0.0,"2,E",7,",E",7,",E",0,",E",0.0,"2,E",0.0,"2,E",0.0,",E",3.0,",E",0.0,",E",19561127.0,"+,2,E",19561117,",,E",19561107.0,",,E",4.0,"2,E,27,+",14.0,",,E,17,",23.0,",E,07,",193.8,E,163.8,",E",58.0,",,,E",1.26,"2,E",1.7670000000000001,",,,E",0.754,"2,,,E"
AGE00135039,1956-12-01,35.7297,0.65,50.0,"ORAN HOPITAL MILITAIRE, AG",,,0.0,"3,E",4,",E",4,",E",0,",E",0.0,"3,E",5.0,"3,E",0.0,",E",0.0,",E",0.0,",E",19561207.0,",3,E",19561227,",,E",19561215.0,",,E",-2.0,"3,E,07,",12.0,",,E,27,",21.0,",E,15,",411.6,E,217.8,",E",31.0,",,,E",1.0550000000000002,"3,E",1.6809999999999998,",,,E",0.429,"3,,,E"
AGE00135039,1957-01-01,35.7297,0.65,50.0,"ORAN HOPITAL MILITAIRE, AG",0.0,E,0.0,"3,E",8,",E",4,",E",0,",E",0.0,"3,E",3.0,"3,E",0.0,",E",0.0,",E",0.0,",E",19570122.0,",3,E",19570115,"+,,E",19570107.0,"+,,E",-1.0,"3,E,22,",21.0,",,E,15,+",18.0,",E,07,+",669.9,E,258.3,",E",67.0,",,,E",0.906,"3,E",1.448,",,,E",0.364,"3,,,E"
AGE00135039,1957-02-01,35.7297,0.65,50.0,"ORAN HOPITAL MILITAIRE, AG",0.0,E,0.0,"2,E",1,",E",1,",E",0,",E",0.0,"2,E",1.0,"2,E",0.0,",E",8.0,",E",0.0,",E",19570201.0,",2,E",19570202,",,E",19570224.0,",,E",0.0,"2,E,01,",9.0,",,E,02,",25.0,",E,24,",807.1,E,137.2,",E",9.0,",,,E",1.302,"2,E",2.004,",,,E",0.6,"2,,,E"
AGE00135039,1957-04-01,35.7297,0.65,50.0,"ORAN HOPITAL MILITAIRE, AG",,,1.2,"2,E",11,",E",9,",E",0,",E",0.0,"2,E",0.0,"2,E",0.0,",E",10.0,",E",0.0,",E",19570416.0,",2,E",19570418,",,E",19570429.0,",,E",4.0,"2,E,16,",13.0,",,E,18,",32.0,",E,29,",,,89.0,",E",58.0,",,,E",1.526,"2,E",2.023,",,,E",1.029,"2,,,E"
AGE00135039,1957-05-01,35.7297,0.65,50.0,"ORAN HOPITAL MILITAIRE, AG",,,17.0,"2,E",3,",E",2,",E",0,",E",0.0,"2,E",0.0,"2,E",0.0,",E",24.0,",E",0.0,",E",19570506.0,"+,2,E",19570504,",,E",19570523.0,"+,,E",9.0,"2,E,06,+",5.0,",,E,04,",29.0,",E,23,+",,,27.7,",E",10.0,",,,E",1.8010000000000002,"2,E",2.3579999999999997,",,,E",1.2449999999999999,"2,,,E"
AGE00135039,1957-06-01,35.7297,0.65,50.0,"ORAN HOPITAL MILITAIRE, AG",,,62.0,"3,E",2,",E",1,",E",0,",E",0.0,",E",0.0,",E",0.0,"3,E",26.0,"3,E",0.0,"3,E",19570612.0,",,E",19570601,",,E",19570622.0,"+,3,E",10.0,",E,12,",5.0,",,E,01,",30.0,"3,E,22,+",,,3.0,"3,E",5.4,",,,E",2.056,"3,E",2.589,"3,,,E",1.5230000000000001,",,,E"
AGE00135039,1957-07-01,35.7297,0.65,50.0,"ORAN HOPITAL MILITAIRE, AG",,,172.2,"3,E",0,",E",0,",E",0,",E",0.0,"1,E",0.0,"1,E",0.0,"2,E",29.0,"2,E",3.0,"2,E",19570701.0,",1,E",19570731,"+,,E",19570719.0,"+,2,E",15.0,"1,E,01,",0.0,",,E,31,+",35.0,"2,E,19,+",0.0,E,0.0,"2,E",0.0,",,,E",2.435,"3,E",3.0170000000000003,"2,,,E",1.8530000000000002,"1,,,E"
AGE00135039,1957-08-01,35.7297,0.65,50.0,"ORAN HOPITAL MILITAIRE, AG",,,230.7,",E",0,",E",0,",E",0,",E",0.0,",E",0.0,",E",0.0,",E",31.0,",E",14.0,",E",19570822.0,"+,,E",19570831,"+,,E",19570809.0,",,E",15.0,",E,22,+",0.0,",,E,31,+",38.0,",E,09,",0.0,E,0.0,",E",0.0,",,,E",2.577,",E",3.213,",,,E",1.9420000000000002,",,,E"
AGE00135039,1957-09-01,35.7297,0.65,50.0,"ORAN HOPITAL MILITAIRE, AG",,,156.7,"2,E",0,",E",0,",E",0,",E",0.0,"2,E",0.0,"2,E",0.0,",E",30.0,",E",4.0,",E",19570907.0,",2,E",19570930,"+,,E",19570913.0,",,E",13.0,"2,E,07,",0.0,",,E,30,+",34.0,",E,13,",0.0,E,0.0,",E",0.0,",,,E",2.3850000000000002,"2,E",3.013,",,,E",1.7570000000000001,"2,,,E"
AGE00135039,1957-10-01,35.7297,0.65,50.0,"ORAN HOPITAL MILITAIRE, AG",,,36.8,"3,E",12,",E",7,",E",0,",E",0.0,"3,E",0.0,"3,E",0.0,",E",23.0,",E",0.0,",E",19571030.0,"+,3,E",19571004,",,E",19571001.0,",,E",9.0,"3,E,30,+",11.0,",,E,04,",29.0,",E,01,",27.2,E,27.2,",E",63.3,",,,E",1.8649999999999998,"3,E",2.3609999999999998,",,,E",1.3679999999999999,"3,,,E"
AGE00135039,1957-11-01,35.7297,0.65,50.0,"ORAN HOPITAL MILITAIRE, AG",,,0.2,",E",12,",E",6,",E",0,",E",0.0,",E",0.0,",E",0.0,",E",5.0,",E",0.0,",E",19571124.0,",,E",19571123,",,E",19571106.0,"+,,E",1.0,",E,24,",19.0,",,E,23,",24.0,",E,06,+",159.9,E,132.7,",E",64.4,",,,E",1.392,",E",1.8829999999999998,",,,E",0.9,",,,E"
AGE00135039,1957-12-01,35.7297,0.65,50.0,"ORAN HOPITAL MILITAIRE, AG",,,0.0,"2,E",12,",E",9,",E",1,",E",0.0,"2,E",2.0,"2,E",0.0,",E",0.0,",E",0.0,",E",19571223.0,"+,2,E",19571228,",,E",19571211.0,"+,,E",0.0,"2,E,23,+",27.0,",,E,28,",19.0,",E,11,+",392.1,E,232.2,",E",85.2,",,,E",1.032,"2,E",1.558,",,,E",0.507,"2,,,E"
AGE00135039,1958-01-01,35.7297,0.65,50.0,"ORAN HOPITAL MILITAIRE, AG",0.0,E,0.0,"1,E",10,",E",7,",E",2,",E",0.0,"1,E",0.0,"1,E",0.0,",E",0.0,",E",0.0,",E",19580124.0,"+,1,E",19580130,",,E",19580106.0,",,E",1.0,"1,E,24,+",28.0,",,E,30,",21.0,",E,06,",609.1,E,217.0,",E",97.5,",,,E",1.108,"1,E",1.548,",,,E",0.667,"1,,,E"
AGE00135039,1958-02-01,35.7297,0.65,50.0,"ORAN HOPITAL MILITAIRE, AG",2.8,E,2.8,"4,E",2,",E",1,",E",0,",E",0.0,"3,E",0.0,"3,E",0.0,"1,E",9.0,"1,E",0.0,"1,E",19580220.0,",3,E",19580219,",,E",19580213.0,",1,E",3.0,"3,E,20,",6.0,",,E,19,",29.0,"1,E,13,",714.4,E,105.3,"1,E",8.0,",,,E",1.41,"4,E",1.9929999999999999,"1,,,E",0.828,"3,,,E"
AGE00135039,1958-03-01,35.7297,0.65,50.0,"ORAN HOPITAL MILITAIRE, AG",2.8,E,0.0,"3,E",7,",E",4,",E",0,",E",0.0,"3,E",0.0,"3,E",0.0,",E",11.0,",E",0.0,",E",19580313.0,",3,E",19580309,",,E",19580316.0,",,E",2.0,"3,E,13,",12.0,",,E,09,",27.0,",E,16,",829.2,E,114.8,",E",30.0,",,,E",1.424,"3,E",1.9809999999999999,",,,E",0.868,"3,,,E"
AGE00135039,1958-04-01,35.7297,0.65,50.0,"ORAN HOPITAL MILITAIRE, AG",5.0,E,2.2,"1,E",7,",E",5,",E",0,",E",0.0,"1,E",0.0,"1,E",0.0,",E",11.0,",E",0.0,",E",19580419.0,",1,E",19580411,",,E",19580421.0,",,E",4.0,"1,E,19,",14.0,",,E,11,",28.0,",E,21,",936.0,E,106.8,",E",40.1,",,,E",1.4769999999999999,"1,E",2.0469999999999997,",,,E",0.907,"1,,,E"
AGE00135039,1958-05-01,35.7297,0.65,50.0,"ORAN HOPITAL MILITAIRE, AG",62.2,E,57.2,"4,E",0,",E",0,",E",0,",E",0.0,"3,E",0.0,"3,E",0.0,"1,E",28.0,"1,E",1.0,"1,E",19580528.0,",3,E",19580531,"+,,E",19580508.0,",1,E",6.0,"3,E,28,",0.0,",,E,31,+",33.0,"1,E,08,",944.7,E,8.7,"1,E",0.0,",,,E",2.006,"4,E",2.63,"1,,,E",1.3820000000000001,"3,,,E"
AGE00135039,1958-06-01,35.7297,0.65,50.0,"ORAN HOPITAL MILITAIRE, AG",166.5,E,104.3,"4,E",4,"1,E",1,"1,E",0,"1,E",0.0,"4,E",0.0,"4,E",0.0,",E",30.0,",E",0.0,",E",19580605.0,"+,4,E",19580618,",1,E",19580629.0,"+,,E",12.0,"4,E,05,+",25.0,"1,,E,18,",32.0,",E,29,+",944.7,E,0.0,",E",30.0,"1,,,E",2.232,"4,E",2.787,",,,E",1.677,"4,,,E"
AGE00135039,1958-07-01,35.7297,0.65,50.0,"ORAN HOPITAL MILITAIRE, AG",320.7,E,154.2,"3,E",0,",E",0,",E",0,",E",0.0,"3,E",0.0,"3,E",0.0,",E",31.0,",E",2.0,",E",19580702.0,",3,E",19580731,"+,,E",19580723.0,"+,,E",14.0,"3,E,02,",0.0,",,E,31,+",34.0,",E,23,+",0.0,E,0.0,",E",0.0,",,,E",2.3760000000000003,"3,E",2.919,",,,E",1.832,"3,,,E"
AGE00135039,1958-08-01,35.7297,0.65,50.0,"ORAN HOPITAL MILITAIRE, AG",546.4,E,225.7,",E",1,",E",0,",E",0,",E",0.0,",E",0.0,",E",0.0,",E",31.0,",E",6.0,",E",19580823.0,",,E",19580829,",,E",19580818.0,"+,,E",14.0,",E,23,",2.0,",,E,29,",38.0,",E,18,+",0.0,E,0.0,",E",2.0,",,,E",2.561,",E",3.113,",,,E",2.0100000000000002,",,,E"
AGE00135039,1958-09-01,35.7297,0.65,50.0,"ORAN HOPITAL MILITAIRE, AG",724.9,E,178.5,",E",0,",E",0,",E",0,",E",0.0,",E",0.0,",E",0.0,",E",30.0,",E",3.0,",E",19580919.0,",,E",19580930,"+,,E",19580919.0,",,E",14.0,",E,19,",0.0,",,E,30,+",36.0,",E,19,",0.0,E,0.0,",E",0.0,",,,E",2.428,",E",3.053,",,,E",1.8030000000000002,",,,E"
AGE00135039,1958-10-01,35.7297,0.65,50.0,"ORAN HOPITAL MILITAIRE, AG",761.6,E,36.7,"3,E",6,",E",6,",E",3,",E",0.0,"3,E",0.0,"3,E",0.0,",E",25.0,",E",0.0,",E",19581025.0,"+,3,E",19581026,",,E",19581004.0,",,E",9.0,"3,E,25,+",67.0,",,E,26,",29.0,",E,04,",23.5,E,23.5,",E",146.0,",,,E",1.8739999999999999,"3,E",2.355,",,,E",1.393,"3,,,E"
AGE00135039,1958-11-01,35.7297,0.65,50.0,"ORAN HOPITAL MILITAIRE, AG",762.9,E,1.3,"2,E",11,",E",8,",E",0,",E",0.0,"2,E",0.0,"2,E",0.0,",E",3.0,",E",0.0,",E",19581130.0,"+,2,E",19581106,",,E",19581103.0,",,E",6.0,"2,E,30,+",20.0,",,E,06,",23.0,",E,03,",133.2,E,109.7,",E",62.0,",,,E",1.441,"2,E",1.847,",,,E",1.036,"2,,,E"
AGE00135039,1958-12-01,35.7297,0.65,50.0,"ORAN HOPITAL MILITAIRE, AG",762.9,E,0.0,"4,E",12,",E",7,",E",0,",E",0.0,"4,E",0.0,"4,E",0.0,",E",4.0,",E",0.0,",E",19581231.0,",4,E",19581207,",,E",19581216.0,",,E",2.0,"4,E,31,",8.0,",,E,07,",24.0,",E,16,",256.7,E,123.5,",E",40.8,",,,E",1.355,"4,E",1.8030000000000002,",,,E",0.907,"4,,,E"
AGE00135039,1959-02-01,35.7297,0.65,50.0,"ORAN HOPITAL MILITAIRE, AG",,,0.0,",E",9,",E",7,",E",1,",E",0.0,",E",0.0,",E",0.0,",E",0.0,",E",0.0,",E",19590206.0,",,E",19590204,",,E",19590220.0,",,E",1.0,",E,06,",28.0,",,E,04,",19.0,",E,20,",,,196.3,",E",92.4,",,,E",1.1320000000000001,",E",1.596,",,,E",0.6679999999999999,",,,E"
AGE00135039,1959-03-01,35.7297,0.65,50.0,"ORAN HOPITAL MILITAIRE, AG",,,0.8,"1,E",5,",E",0,",E",0,",E",0.0,"1,E",0.0,"1,E",0.0,",E",10.0,",E",0.0,",E",19590314.0,",1,E",19590324,"+,,E",19590323.0,"+,,E",4.0,"1,E,14,",1.0,",,E,24,+",25.0,",E,23,+",,,84.8,",E",4.7,",,,E",1.55,"1,E",1.9969999999999999,",,,E",1.103,"1,,,E"
AGE00135039,1959-04-01,35.7297,0.65,50.0,"ORAN HOPITAL MILITAIRE, AG",,,2.0,"2,E",4,",E",1,",E",0,",E",0.0,"2,E",0.0,"2,E",0.0,",E",16.0,",E",0.0,",E",19590421.0,"+,2,E",19590424,",,E",19590428.0,"+,,E",4.0,"2,E,21,+",4.0,",,E,24,",25.0,",E,28,+",,,72.3,",E",6.6,",,,E",1.585,"2,E",2.17,",,,E",1.0,"2,,,E"
AGE00135039,1959-05-01,35.7297,0.65,50.0,"ORAN HOPITAL MILITAIRE, AG",,,31.5,"1,E",5,",E",2,",E",0,",E",0.0,"1,E",0.0,"1,E",0.0,",E",27.0,",E",0.0,",E",19590507.0,"+,1,E",19590507,",,E",19590516.0,"+,,E",5.0,"1,E,07,+",6.1,",,E,07,",30.0,",E,16,+",,,25.0,",E",15.9,",,,E",1.855,"1,E",2.4059999999999997,",,,E",1.303,"1,,,E"
AGE00135039,1959-06-01,35.7297,0.65,50.0,"ORAN HOPITAL MILITAIRE, AG",,,101.7,"2,E",1,",E",0,",E",0,",E",0.0,"2,E",0.0,"2,E",0.0,",E",30.0,",E",3.0,",E",19590612.0,"+,2,E",19590618,",,E",19590630.0,"+,,E",12.0,"2,E,12,+",1.0,",,E,18,",37.0,",E,30,+",,,0.0,",E",1.0,",,,E",2.217,"2,E",2.817,",,,E",1.6179999999999999,"2,,,E"
AGE00135039,1959-07-01,35.7297,0.65,50.0,"ORAN HOPITAL MILITAIRE, AG",,,208.2,"3,E",1,",E",0,",E",0,",E",0.0,"3,E",0.0,"3,E",0.0,",E",31.0,",E",6.0,",E",19590725.0,",3,E",19590716,",,E",19590713.0,",,E",14.0,"3,E,25,",0.6,",,E,16,",44.0,",E,13,",0.0,E,0.0,",E",0.6,",,,E",2.574,"3,E",3.152,",,,E",1.996,"3,,,E"
AGE00135039,1959-08-01,35.7297,0.65,50.0,"ORAN HOPITAL MILITAIRE, AG",,,220.7,",E",0,",E",0,",E",0,",E",0.0,",E",0.0,",E",0.0,",E",31.0,",E",8.0,",E",19590812.0,",,E",19590825,",,E",19590831.0,"+,,E",15.0,",E,12,",0.1,",,E,25,",33.0,",E,31,+",0.0,E,0.0,",E",0.1,",,,E",2.545,",E",3.106,",,,E",1.984,",,,E"
AGE00135039,1959-09-01,35.7297,0.65,50.0,"ORAN HOPITAL MILITAIRE, AG",,,151.5,"3,E",10,",E",1,",E",0,",E",0.0,"2,E",0.0,"2,E",0.0,"1,E",29.0,"1,E",1.0,"1,E",19590927.0,"+,2,E",19590919,",,E",19590918.0,",1,E",15.0,"2,E,27,+",6.0,",,E,19,",34.0,"1,E,18,",0.0,E,0.0,"1,E",13.5,",,,E",2.414,"3,E",2.9210000000000003,"1,,,E",1.907,"2,,,E"
AGE00135039,1959-10-01,35.7297,0.65,50.0,"ORAN HOPITAL MILITAIRE, AG",,,61.8,"1,E",4,",E",3,",E",0,",E",0.0,"1,E",0.0,"1,E",0.0,",E",26.0,",E",0.0,",E",19591013.0,",1,E",19591030,",,E",19591025.0,"+,,E",5.0,"1,E,13,",14.0,",,E,30,",29.0,",E,25,+",20.8,E,20.8,",E",36.1,",,,E",1.973,"1,E",2.506,",,,E",1.44,"1,,,E"
AGE00135039,1959-11-01,35.7297,0.65,50.0,"ORAN HOPITAL MILITAIRE, AG",,,0.0,"2,E",9,",E",6,",E",0,",E",0.0,"2,E",0.0,"2,E",0.0,",E",8.0,",E",0.0,",E",19591126.0,",2,E",19591121,",,E",19591120.0,",,E",4.0,"2,E,26,",16.0,",,E,21,",27.0,",E,20,",110.1,E,89.3,",E",61.3,",,,E",1.529,"2,E",2.037,",,,E",1.0210000000000001,"2,,,E"
AGE00135039,1959-12-01,35.7297,0.65,50.0,"ORAN HOPITAL MILITAIRE, AG",,,0.0,"1,E",6,",E",5,",E",0,",E",0.0,"1,E",0.0,"1,E",0.0,",E",0.0,",E",0.0,",E",19591220.0,",1,E",19591211,",,E",19591231.0,"+,,E",4.0,"1,E,20,",10.0,",,E,11,",21.0,",E,31,+",284.6,E,174.5,",E",28.0,",,,E",1.259,"1,E",1.658,",,,E",0.86,"1,,,E"
AGE00135039,1960-01-01,35.7297,0.65,50.0,"ORAN HOPITAL MILITAIRE, AG",0.0,E,0.0,"4,E",6,",E",1,",E",0,",E",0.0,"4,E",0.0,"4,E",0.0,",E",1.0,",E",0.0,",E",19600119.0,",4,E",19600129,",,E",19600124.0,",,E",3.0,"4,E,19,",4.1,",,E,29,",22.0,",E,24,",471.6,E,187.0,",E",12.2,",,,E",1.125,"4,E",1.6320000000000001,",,,E",0.619,"4,,,E"
AGE00135039,1960-02-01,35.7297,0.65,50.0,"ORAN HOPITAL MILITAIRE, AG",0.7,E,0.7,"3,E",3,",E",2,",E",0,",E",0.0,"2,E",0.0,"2,E",0.0,"1,E",9.0,"1,E",0.0,"1,E",19600203.0,"+,2,E",19600206,",,E",19600228.0,",1,E",1.0,"2,E,03,+",7.0,",,E,06,",28.0,"1,E,28,",587.9,E,116.3,"1,E",12.0,",,,E",1.395,"3,E",1.9929999999999999,"1,,,E",0.796,"2,,,E"
AGE00135039,1960-03-01,35.7297,0.65,50.0,"ORAN HOPITAL MILITAIRE, AG",2.9,E,2.2,",E",13,",E",5,",E",0,",E",0.0,",E",0.0,",E",0.0,",E",10.0,",E",0.0,",E",19600328.0,"+,,E",19600309,",,E",19600304.0,",,E",6.0,",E,28,+",14.1,",,E,09,",26.0,",E,04,",687.9,E,100.0,",E",44.9,",,,E",1.518,",E",2.045,",,,E",0.99,",,,E"
AGE00135039,1960-04-01,35.7297,0.65,50.0,"ORAN HOPITAL MILITAIRE, AG",6.4,E,3.5,"1,E",4,",E",2,",E",0,",E",0.0,"1,E",0.0,"1,E",0.0,",E",18.0,",E",0.0,",E",19600402.0,",1,E",19600421,",,E",19600407.0,",,E",2.0,"1,E,02,",9.0,",,E,21,",30.0,",E,07,",757.1,E,69.2,",E",15.8,",,,E",1.6,"1,E",2.207,",,,E",0.993,"1,,,E"
AGE00135039,1960-06-01,35.7297,0.65,50.0,"ORAN HOPITAL MILITAIRE, AG",,,150.5,",E",4,",E",1,",E",0,",E",0.0,",E",0.0,",E",0.0,",E",30.0,",E",4.0,",E",19600614.0,"+,,E",19600606,",,E",19600622.0,",,E",14.0,",E,14,+",10.0,",,E,06,",37.0,",E,22,",,,0.0,",E",13.2,",,,E",2.335,",E",2.827,",,,E",1.843,",,,E"
AGE00135039,1960-07-01,35.7297,0.65,50.0,"ORAN HOPITAL MILITAIRE, AG",,,214.5,"1,E",0,",E",0,",E",0,",E",0.0,"1,E",0.0,"1,E",0.0,",E",31.0,",E",9.0,",E",19600709.0,"+,1,E",19600731,"+,,E",19600727.0,",,E",15.0,"1,E,09,+",0.0,",,E,31,+",39.0,",E,27,",0.0,E,0.0,",E",0.0,",,,E",2.551,"1,E",3.145,",,,E",1.957,"1,,,E"
AGE00135039,1960-08-01,35.7297,0.65,50.0,"ORAN HOPITAL MILITAIRE, AG",,,232.5,"1,E",0,",E",0,",E",0,",E",0.0,"1,E",0.0,"1,E",0.0,",E",31.0,",E",9.0,",E",19600806.0,",1,E",19600831,"+,,E",19600827.0,",,E",15.0,"1,E,06,",0.0,",,E,31,+",38.0,",E,27,",0.0,E,0.0,",E",0.0,",,,E",2.604,"1,E",3.177,",,,E",2.0300000000000002,"1,,,E"
AGE00135039,1960-09-01,35.7297,0.65,50.0,"ORAN HOPITAL MILITAIRE, AG",,,138.5,",E",1,",E",0,",E",0,",E",0.0,",E",0.0,",E",0.0,",E",30.0,",E",5.0,",E",19600920.0,",,E",19600916,",,E",19600915.0,",,E",13.0,",E,20,",0.4,",,E,16,",37.0,",E,15,",0.0,E,0.0,",E",0.4,",,,E",2.295,",E",2.96,",,,E",1.6300000000000001,",,,E"
AGE00135039,1960-10-01,35.7297,0.65,50.0,"ORAN HOPITAL MILITAIRE, AG",,,37.0,"3,E",4,",E",2,",E",0,",E",0.0,"3,E",0.0,"3,E",0.0,",E",29.0,",E",0.0,",E",19601012.0,",3,E",19601028,",,E",19601002.0,",,E",6.0,"3,E,12,",12.0,",,E,28,",32.0,",E,02,",17.3,E,17.3,",E",18.0,",,,E",1.903,"3,E",2.535,",,,E",1.2710000000000001,"3,,,E"
AGE00135039,1960-11-01,35.7297,0.65,50.0,"ORAN HOPITAL MILITAIRE, AG",,,10.3,",E",3,",E",1,",E",0,",E",0.0,",E",0.0,",E",0.0,",E",16.0,",E",0.0,",E",19601130.0,",,E",19601112,",,E",19601101.0,",,E",3.0,",E,30,",5.1,",,E,12,",31.0,",E,01,",78.1,E,60.8,",E",8.2,",,,E",1.6649999999999998,",E",2.23,",,,E",1.1,",,,E"
AGE00135039,1960-12-01,35.7297,0.65,50.0,"ORAN HOPITAL MILITAIRE, AG",,,,,15,"1,E",10,"1,E",1,"1,E",0.0,"3,E",0.0,"3,E",0.0,"3,E",0.0,"3,E",0.0,"3,E",19601222.0,",3,E",19601218,",1,E",19601201.0,",3,E",1.0,"3,E,22,",28.0,"1,,E,18,",21.0,"3,E,01,",,,,,144.0,"1,,,E",1.127,"4,E",1.489,"3,,,E",0.764,"3,,,E"
AGE00135039,1961-01-01,35.7297,0.65,50.0,"ORAN HOPITAL MILITAIRE, AG",0.0,E,0.0,"4,E",11,",E",8,",E",0,",E",0.0,"3,E",0.0,"3,E",0.0,"1,E",0.0,"1,E",0.0,"1,E",19610106.0,",3,E",19610123,",,E",19610121.0,",1,E",2.0,"3,E,06,",25.0,",,E,23,",19.0,"1,E,21,",,,206.0,"1,E",94.2,",,,E",1.0699999999999998,"4,E",1.5,"1,,,E",0.639,"3,,,E"
AGE00135039,1961-02-01,35.7297,0.65,50.0,"ORAN HOPITAL MILITAIRE, AG",0.0,E,0.0,",E",0,",E",0,",E",0,",E",0.0,",E",0.0,",E",0.0,",E",7.0,",E",0.0,",E",19610211.0,"+,,E",19610218,",,E",19610224.0,",,E",4.0,",E,11,+",0.1,",,E,18,",26.0,",E,24,",,,124.3,",E",0.1,",,,E",1.389,",E",1.932,",,,E",0.8460000000000001,",,,E"
AGE00135039,1961-03-01,35.7297,0.65,50.0,"ORAN HOPITAL MILITAIRE, AG",3.5,E,3.5,"2,E",2,",E",0,",E",0,",E",0.0,"2,E",0.0,"2,E",0.0,",E",5.0,",E",0.0,",E",19610304.0,",2,E",19610325,",,E",19610319.0,"+,,E",2.0,"2,E,04,",2.0,",,E,25,",30.0,",E,19,+",,,143.2,",E",3.0,",,,E",1.343,"2,E",1.948,",,,E",0.738,"2,,,E"
AGE00135039,1961-05-01,35.7297,0.65,50.0,"ORAN HOPITAL MILITAIRE, AG",,,72.5,"2,E",2,",E",2,",E",0,",E",0.0,"2,E",0.0,"2,E",0.0,",E",30.0,",E",1.0,",E",19610531.0,"+,2,E",19610529,",,E",19610504.0,",,E",9.0,"2,E,31,+",8.0,",,E,29,",33.0,",E,04,",,,3.2,",E",14.2,",,,E",2.081,"2,E",2.755,",,,E",1.407,"2,,,E"
AGE00135039,1961-06-01,35.7297,0.65,50.0,"ORAN HOPITAL MILITAIRE, AG",,,148.0,",E",3,",E",1,",E",0,",E",0.0,",E",0.0,",E",0.0,",E",30.0,",E",4.0,",E",19610608.0,",,E",19610604,",,E",19610630.0,"+,,E",13.0,",E,08,",25.0,",,E,04,",36.0,",E,30,+",,,0.0,",E",26.0,",,,E",2.327,",E",2.863,",,,E",1.7899999999999998,",,,E"
AGE00135039,1961-07-01,35.7297,0.65,50.0,"ORAN HOPITAL MILITAIRE, AG",,,201.0,"4,E",0,",E",0,",E",0,",E",0.0,"4,E",0.0,"4,E",0.0,",E",31.0,",E",7.0,",E",19610714.0,",4,E",19610731,"+,,E",19610712.0,"+,,E",14.0,"4,E,14,",0.0,",,E,31,+",39.0,",E,12,+",0.0,E,0.0,",E",0.0,",,,E",2.577,"4,E",3.165,",,,E",1.989,"4,,,E"
AGE00135039,1961-08-01,35.7297,0.65,50.0,"ORAN HOPITAL MILITAIRE, AG",,,205.3,"2,E",0,",E",0,",E",0,",E",0.0,"2,E",0.0,"2,E",0.0,",E",31.0,",E",10.0,",E",19610826.0,",2,E",19610831,"+,,E",19610809.0,"+,,E",13.0,"2,E,26,",0.0,",,E,31,+",35.0,",E,09,+",0.0,E,0.0,",E",0.0,",,,E",2.538,"2,E",3.106,",,,E",1.969,"2,,,E"
AGE00135039,1961-10-01,35.7297,0.65,50.0,"ORAN HOPITAL MILITAIRE, AG",,,49.5,"3,E",5,",E",4,",E",0,",E",0.0,"3,E",0.0,"3,E",0.0,",E",28.0,",E",1.0,",E",19611020.0,",3,E",19611018,",,E",19611007.0,",,E",7.0,"3,E,20,",6.0,",,E,18,",34.0,",E,07,",,,13.8,",E",22.0,",,,E",1.964,"3,E",2.574,",,,E",1.3539999999999999,"3,,,E"
AGE00135039,1961-11-01,35.7297,0.65,50.0,"ORAN HOPITAL MILITAIRE, AG",,,3.3,"1,E",13,",E",5,",E",1,",E",0.0,"1,E",0.0,"1,E",0.0,",E",15.0,",E",0.0,",E",19611116.0,",1,E",19611113,",,E",19611103.0,",,E",5.0,"1,E,16,",25.5,",,E,13,",26.0,",E,03,",,,70.5,",E",48.0,",,,E",1.6,"1,E",2.097,",,,E",1.103,"1,,,E"
AGE00135039,1961-12-01,35.7297,0.65,50.0,"ORAN HOPITAL MILITAIRE, AG",,,0.0,"1,E",3,",E",2,",E",0,",E",0.0,"1,E",2.0,"1,E",0.0,",E",9.0,",E",0.0,",E",19611222.0,",1,E",19611227,",,E",19611219.0,"+,,E",-1.0,"1,E,22,",15.0,",,E,27,",25.0,",E,19,+",,,151.5,",E",24.6,",,,E",1.316,"1,E",1.9579999999999997,",,,E",0.673,"1,,,E"
AGE00135039,1962-01-01,35.7297,0.65,50.0,"ORAN HOPITAL MILITAIRE, AG",3.3,E,3.3,"1,E",4,",E",1,",E",0,",E",0.0,"1,E",0.0,"1,E",0.0,",E",2.0,",E",0.0,",E",19620124.0,"+,1,E",19620120,",,E",19620101.0,",,E",1.0,"1,E,24,+",3.0,",,E,20,",24.0,",E,01,",,,181.8,",E",9.1,",,,E",1.2349999999999999,"1,E",1.7870000000000001,",,,E",0.683,"1,,,E"
AGE00135039,1962-02-01,35.7297,0.65,50.0,"ORAN HOPITAL MILITAIRE, AG",3.3,E,0.0,"1,E",7,",E",6,",E",2,",E",0.0,"1,E",1.0,"1,E",0.0,",E",2.0,",E",0.0,",E",19620201.0,",1,E",19620210,",,E",19620205.0,",,E",0.0,"1,E,01,",61.0,",,E,10,",23.0,",E,05,",,,192.5,",E",141.6,",,,E",1.121,"1,E",1.661,",,,E",0.581,"1,,,E"
AGE00135039,1962-04-01,35.7297,0.65,50.0,"ORAN HOPITAL MILITAIRE, AG",,,7.3,"3,E",5,",E",4,",E",0,",E",0.0,"3,E",0.0,"3,E",0.0,"1,E",18.0,"1,E",0.0,"1,E",19620411.0,",3,E",19620425,",,E",19620425.0,",1,E",4.0,"3,E,11,",14.0,",,E,25,",26.0,"1,E,25,",,,55.8,"1,E",33.0,",,,E",1.654,"3,E",2.179,"1,,,E",1.1300000000000001,"3,,,E"
AGE00135039,1962-05-01,35.7297,0.65,50.0,"ORAN HOPITAL MILITAIRE, AG",,,61.5,"3,E",2,",E",1,",E",0,",E",0.0,"3,E",0.0,"3,E",0.0,",E",29.0,",E",2.0,",E",19620522.0,"+,3,E",19620512,",,E",19620508.0,",,E",10.0,"3,E,22,+",6.0,",,E,12,",36.0,",E,08,",,,7.3,",E",8.2,",,,E",2.028,"3,E",2.645,",,,E",1.411,"3,,,E"
AGE00135039,1962-10-01,35.7297,0.65,50.0,"ORAN HOPITAL MILITAIRE, AG",,,72.7,"4,E",3,",E",0,",E",0,",E",0.0,"4,E",0.0,"4,E",0.0,",E",30.0,",E",1.0,",E",19621031.0,",4,E",19621019,",,E",19621009.0,",,E",10.0,"4,E,31,",0.6,",,E,19,",33.0,",E,09,",,,3.7,",E",1.3,",,,E",2.093,"4,E",2.6390000000000002,",,,E",1.548,"4,,,E"
AGE00135039,1962-12-01,35.7297,0.65,50.0,"ORAN HOPITAL MILITAIRE, AG",,,0.0,"4,E",9,",E",3,",E",0,",E",0.0,"3,E",2.0,"3,E",0.0,"1,E",4.0,"1,E",0.0,"1,E",19621209.0,"+,3,E",19621229,",,E",19621228.0,",1,E",0.0,"3,E,09,+",15.0,",,E,29,",24.0,"1,E,28,",,,169.5,"1,E",35.5,",,,E",1.186,"4,E",1.69,"1,,,E",0.682,"3,,,E"
AGE00135039,1963-01-01,35.7297,0.65,50.0,"ORAN HOPITAL MILITAIRE, AG",0.0,E,0.0,"5,E",4,",E",2,",E",0,",E",0.0,"3,E",0.0,"3,E",0.0,"2,E",0.0,"2,E",0.0,"2,E",19630131.0,"+,3,E",19630121,",,E",19630101.0,",2,E",1.0,"3,E,31,+",7.0,",,E,21,",21.0,"2,E,01,",,,169.2,"2,E",11.9,",,,E",1.198,"5,E",1.6309999999999998,"2,,,E",0.764,"3,,,E"
AGE00135039,1963-02-01,35.7297,0.65,50.0,"ORAN HOPITAL MILITAIRE, AG",0.0,E,0.0,"3,E",10,",E",7,",E",1,",E",0.0,"3,E",0.0,"3,E",0.0,",E",0.0,",E",0.0,",E",19630224.0,",3,E",19630215,",,E",19630211.0,"+,,E",3.0,"3,E,24,",51.0,",,E,15,",20.0,",E,11,+",,,146.3,",E",94.4,",,,E",1.247,"3,E",1.621,",,,E",0.8720000000000001,"3,,,E"
AGE00135039,1963-03-01,35.7297,0.65,50.0,"ORAN HOPITAL MILITAIRE, AG",0.7,E,0.7,",E",2,",E",2,",E",0,",E",0.0,",E",0.0,",E",0.0,",E",5.0,",E",0.0,",E",19630324.0,",,E",19630325,",,E",19630319.0,"+,,E",2.0,",E,24,",18.0,",,E,25,",25.0,",E,19,+",,,138.5,",E",30.0,",,,E",1.389,",E",1.9420000000000002,",,,E",0.835,",,,E"
AGE00135039,1963-04-01,35.7297,0.65,50.0,"ORAN HOPITAL MILITAIRE, AG",1.9,E,1.2,"1,E",5,",E",3,",E",0,",E",0.0,"1,E",0.0,"1,E",0.0,",E",16.0,",E",0.0,",E",19630429.0,",1,E",19630413,",,E",19630421.0,",,E",5.0,"1,E,29,",7.0,",,E,13,",27.0,",E,21,",,,78.8,",E",21.0,",,,E",1.561,"1,E",2.157,",,,E",0.966,"1,,,E"
AGE00135039,1963-05-01,35.7297,0.65,50.0,"ORAN HOPITAL MILITAIRE, AG",18.7,E,16.8,"1,E",9,",E",6,",E",0,",E",0.0,"1,E",0.0,"1,E",0.0,",E",24.0,",E",0.0,",E",19630517.0,",1,E",19630524,",,E",19630515.0,",,E",9.0,"1,E,17,",14.0,",,E,24,",29.0,",E,15,",,,20.3,",E",48.2,",,,E",1.815,"1,E",2.316,",,,E",1.3130000000000002,"1,,,E"
AGE00135039,1963-06-01,35.7297,0.65,50.0,"ORAN HOPITAL MILITAIRE, AG",105.9,E,87.2,"4,E",3,",E",1,",E",0,",E",0.0,"4,E",0.0,"4,E",0.0,",E",29.0,",E",0.0,",E",19630609.0,"+,4,E",19630603,",,E",19630623.0,"+,,E",12.0,"4,E,09,+",9.0,",,E,03,",31.0,",E,23,+",,,2.8,",E",10.5,",,,E",2.161,"4,E",2.633,",,,E",1.688,"4,,,E"
AGE00135039,1963-07-01,35.7297,0.65,50.0,"ORAN HOPITAL MILITAIRE, AG",312.9,E,207.0,"4,E",2,",E",0,",E",0,",E",0.0,"4,E",0.0,"4,E",0.0,",E",31.0,",E",9.0,",E",19630701.0,",4,E",19630728,",,E",19630710.0,",,E",16.0,"4,E,01,",1.0,",,E,28,",39.0,",E,10,",0.0,E,0.0,",E",1.4,",,,E",2.5829999999999997,"4,E",3.1260000000000003,",,,E",2.041,"4,,,E"
AGE00135039,1963-08-01,35.7297,0.65,50.0,"ORAN HOPITAL MILITAIRE, AG",515.4,E,202.5,"4,E",1,",E",0,",E",0,",E",0.0,"4,E",0.0,"4,E",0.0,",E",31.0,",E",11.0,",E",19630807.0,",4,E",19630813,",,E",19630811.0,",,E",13.0,"4,E,07,",0.3,",,E,13,",37.0,",E,11,",0.0,E,0.0,",E",0.3,",,,E",2.584,"4,E",3.194,",,,E",1.9739999999999998,"4,,,E"
AGE00135039,1963-11-01,35.7297,0.65,50.0,"ORAN HOPITAL MILITAIRE, AG",,,18.7,"2,E",3,",E",1,",E",0,",E",0.0,"2,E",0.0,"2,E",0.0,",E",21.0,",E",0.0,",E",19631120.0,"+,2,E",19631129,",,E",19631115.0,"+,,E",4.0,"2,E,20,+",5.0,",,E,29,",31.0,",E,15,+",,,51.5,",E",8.0,",,,E",1.7120000000000002,"2,E",2.363,",,,E",1.061,"2,,,E"
AGE00135039,1963-12-01,35.7297,0.65,50.0,"ORAN HOPITAL MILITAIRE, AG",,,0.0,"5,E",17,",E",13,",E",2,",E",0.0,"4,E",0.0,"4,E",0.0,"1,E",3.0,"1,E",0.0,"1,E",19631226.0,"+,4,E",19631228,",,E",19631202.0,",1,E",3.0,"4,E,26,+",38.0,",,E,28,",26.0,"1,E,02,",,,118.7,"1,E",182.1,",,,E",1.377,"5,E",1.777,"1,,,E",0.978,"4,,,E"
AGE00135039,1964-02-01,35.7297,0.65,50.0,"ORAN HOPITAL MILITAIRE, AG",,,0.0,"2,E",5,",E",4,",E",0,",E",0.0,"2,E",0.0,"2,E",0.0,",E",3.0,",E",0.0,",E",19640211.0,"+,2,E",19640224,"+,,E",19640226.0,",,E",1.0,"2,E,11,+",6.0,",,E,24,+",25.0,",E,26,",,,144.0,",E",21.0,",,,E",1.292,"2,E",1.807,",,,E",0.778,"2,,,E"
AGE00135039,1964-03-01,35.7297,0.65,50.0,"ORAN HOPITAL MILITAIRE, AG",,,1.0,"4,E",10,",E",6,",E",0,",E",0.0,"3,E",0.0,"3,E",0.0,"1,E",10.0,"1,E",0.0,"1,E",19640317.0,",3,E",19640302,",,E",19640324.0,"+,1,E",5.0,"3,E,17,",25.0,",,E,02,",27.0,"1,E,24,+",,,87.5,"1,E",72.6,",,,E",1.5210000000000001,"4,E",2.05,"1,,,E",0.993,"3,,,E"
AGE00135039,1964-05-01,35.7297,0.65,50.0,"ORAN HOPITAL MILITAIRE, AG",,,65.7,"3,E",1,",E",0,",E",0,",E",0.0,"3,E",0.0,"3,E",0.0,",E",31.0,",E",0.0,",E",19640526.0,"+,3,E",19640526,",,E",19640505.0,",,E",11.0,"3,E,26,+",0.4,",,E,26,",30.0,",E,05,",,,0.0,",E",0.4,",,,E",2.053,"3,E",2.6420000000000003,",,,E",1.464,"3,,,E"
AGE00135039,1964-06-01,35.7297,0.65,50.0,"ORAN HOPITAL MILITAIRE, AG",,,106.3,"4,E",0,",E",0,",E",0,",E",0.0,"4,E",0.0,"4,E",0.0,",E",30.0,",E",1.0,",E",19640605.0,",4,E",19640630,"+,,E",19640612.0,",,E",12.0,"4,E,05,",0.0,",,E,30,+",34.0,",E,12,",,,0.0,",E",0.0,",,,E",2.246,"4,E",2.853,",,,E",1.638,"4,,,E"
AGE00135039,1965-04-01,35.7297,0.65,50.0,"ORAN HOPITAL MILITAIRE, AG",,,1.5,"4,E",8,",E",7,",E",1,",E",0.0,"4,E",0.0,"4,E",0.0,",E",13.0,",E",0.0,",E",19650430.0,"+,4,E",19650407,",,E",19650427.0,"+,,E",7.0,"4,E,30,+",37.0,",,E,07,",25.0,",E,27,+",,,62.2,",E",97.0,",,,E",1.592,"4,E",2.073,",,,E",1.1119999999999999,"4,,,E"
AGE00135039,1965-05-01,35.7297,0.65,50.0,"ORAN HOPITAL MILITAIRE, AG",,,45.3,"1,E",0,",E",0,",E",0,",E",0.0,"1,E",0.0,"1,E",0.0,",E",30.0,",E",1.0,",E",19650507.0,",1,E",19650531,"+,,E",19650516.0,",,E",10.0,"1,E,07,",0.0,",,E,31,+",33.0,",E,16,",,,1.8,",E",0.0,",,,E",1.9809999999999999,"1,E",2.6260000000000003,",,,E",1.337,"1,,,E"
AGE00135039,1965-06-01,35.7297,0.65,50.0,"ORAN HOPITAL MILITAIRE, AG",,,158.5,",E",2,",E",2,",E",1,",E",0.0,",E",0.0,",E",0.0,",E",30.0,",E",5.0,",E",19650612.0,"+,,E",19650603,",,E",19650622.0,",,E",13.0,",E,12,+",40.0,",,E,03,",36.0,",E,22,",,,0.0,",E",53.2,",,,E",2.362,",E",2.9899999999999998,",,,E",1.7329999999999999,",,,E"
AGE00135039,1965-07-01,35.7297,0.65,50.0,"ORAN HOPITAL MILITAIRE, AG",,,188.2,"3,E",1,",E",0,",E",0,",E",0.0,"2,E",0.0,"2,E",0.0,"1,E",30.0,"1,E",6.0,"1,E",19650730.0,"+,2,E",19650726,",,E",19650731.0,"+,1,E",17.0,"2,E,30,+",1.0,",,E,26,",36.0,"1,E,31,+",0.0,,0.0,"1,E",1.0,",,,E",2.5010000000000003,"3,E",3.04,"1,,,E",1.9620000000000002,"2,,,E"
AGE00135039,1965-08-01,35.7297,0.65,50.0,"ORAN HOPITAL MILITAIRE, AG",,,199.0,"1,E",0,",E",0,",E",0,",E",0.0,"1,E",0.0,"1,E",0.0,",E",31.0,",E",6.0,",E",19650829.0,"+,1,E",19650831,"+,,E",19650821.0,",,E",15.0,"1,E,29,+",0.0,",,E,31,+",37.0,",E,21,",0.0,,0.0,",E",0.0,",,,E",2.5,"1,E",3.084,",,,E",1.9170000000000003,"1,,,E"
AGE00135039,1966-01-01,35.7297,0.65,50.0,"ORAN HOPITAL MILITAIRE, AG",0.3,E,0.3,",E",5,",E",1,",E",0,",E",0.0,",E",0.0,",E",0.0,",E",7.0,",E",0.0,",E",19660108.0,",,E",19660118,",,E",19660122.0,",,E",2.0,",E,08,",6.0,",,E,18,",24.0,",E,22,",,,141.7,",E",13.3,",,,E",1.377,",E",1.9260000000000002,",,,E",0.829,",,,E"
AGE00135039,1966-02-01,35.7297,0.65,50.0,"ORAN HOPITAL MILITAIRE, AG",1.1,E,0.8,"2,E",5,",E",0,",E",0,",E",0.0,"2,E",0.0,"2,E",0.0,",E",12.0,",E",0.0,",E",19660224.0,",2,E",19660221,",,E",19660227.0,"+,,E",3.0,"2,E,24,",2.4,",,E,21,",28.0,",E,27,+",,,80.5,",E",6.4,",,,E",1.527,"2,E",2.136,",,,E",0.9189999999999999,"2,,,E"
AGE00135039,1966-03-01,35.7297,0.65,50.0,"ORAN HOPITAL MILITAIRE, AG",1.1,E,0.0,"4,E",1,",E",1,",E",0,",E",0.0,"4,E",1.0,"4,E",0.0,",E",5.0,",E",0.0,",E",19660302.0,",4,E",19660322,",,E",19660328.0,",,E",0.0,"4,E,02,",15.0,",,E,22,",26.0,",E,28,",,,151.5,",E",15.0,",,,E",1.258,"4,E",1.916,",,,E",0.6,"4,,,E"
AGE00135039,1966-05-01,35.7297,0.65,50.0,"ORAN HOPITAL MILITAIRE, AG",,,29.7,"5,E",3,",E",0,",E",0,",E",0.0,"5,E",0.0,"5,E",0.0,",E",25.0,",E",0.0,",E",19660508.0,",5,E",19660514,"+,,E",19660506.0,",,E",8.0,"5,E,08,",2.0,",,E,14,+",30.0,",E,06,",,,8.8,",E",4.4,",,,E",1.89,"5,E",2.419,",,,E",1.3619999999999999,"5,,,E"
AGE00135039,1966-06-01,35.7297,0.65,50.0,"ORAN HOPITAL MILITAIRE, AG",,,120.2,"2,E",1,",E",0,",E",0,",E",0.0,"2,E",0.0,"2,E",0.0,",E",30.0,",E",2.0,",E",19660620.0,",2,E",19660611,",,E",19660607.0,",,E",13.0,"2,E,20,",0.4,",,E,11,",37.0,",E,07,",,,0.0,",E",0.5,",,,E",2.274,"2,E",2.8329999999999997,",,,E",1.714,"2,,,E"
AGE00135039,1966-07-01,35.7297,0.65,50.0,"ORAN HOPITAL MILITAIRE, AG",,,189.0,"1,E",0,",E",0,",E",0,",E",0.0,"1,E",0.0,"1,E",0.0,",E",31.0,",E",4.0,",E",19660731.0,",1,E",19660731,"+,,E",19660713.0,",,E",14.0,"1,E,31,",0.0,",,E,31,+",36.0,",E,13,",0.0,E,0.0,",E",0.0,",,,E",2.457,"1,E",3.074,",,,E",1.8399999999999999,"1,,,E"
AGE00135039,1966-08-01,35.7297,0.65,50.0,"ORAN HOPITAL MILITAIRE, AG",,,218.7,"3,E",0,",E",0,",E",0,",E",0.0,"3,E",0.0,"3,E",0.0,",E",31.0,",E",10.0,",E",19660829.0,"+,3,E",19660831,"+,,E",19660805.0,"+,,E",17.0,"3,E,29,+",0.0,",,E,31,+",38.0,",E,05,+",0.0,E,0.0,",E",0.0,",,,E",2.6260000000000003,"3,E",3.19,",,,E",2.061,"3,,,E"
AGE00135039,1966-10-01,35.7297,0.65,50.0,"ORAN HOPITAL MILITAIRE, AG",,,26.3,"2,E",7,",E",5,",E",2,",E",0.0,"2,E",0.0,"2,E",0.0,",E",22.0,",E",0.0,",E",19661031.0,"+,2,E",19661009,",,E",19661024.0,"+,,E",6.0,"2,E,31,+",37.0,",,E,09,",29.0,",E,24,+",,,36.0,",E",91.4,",,,E",1.8039999999999998,"2,E",2.245,",,,E",1.3619999999999999,"2,,,E"
AGE00135039,1966-11-01,35.7297,0.65,50.0,"ORAN HOPITAL MILITAIRE, AG",,,0.2,"3,E",6,",E",4,",E",0,",E",0.0,"3,E",0.0,"3,E",0.0,",E",1.0,",E",0.0,",E",19661128.0,"+,3,E",19661103,",,E",19661108.0,",,E",1.0,"3,E,28,+",12.0,",,E,03,",22.0,",E,08,",,,164.2,",E",41.2,",,,E",1.213,"3,E",1.73,",,,E",0.696,"3,,,E"
