STATION,DATE,LATITUDE,LONGITUDE,ELEVATION,NAME,CDSD,CDSD_ATTRIBUTES,CLDD,CLDD_ATTRIBUTES,DP01,DP01_ATTRIBUTES,DP10,DP10_ATTRIBUTES,DP1X,DP1X_ATTRIBUTES,DT00,DT00_ATTRIBUTES,DT32,DT32_ATTRIBUTES,DX32,DX32_ATTRIBUTES,DX70,DX70_ATTRIBUTES,DX90,DX90_ATTRIBUTES,DYNT,DYNT_ATTRIBUTES,DYXP,DYXP_ATTRIBUTES,DYXT,DYXT_ATTRIBUTES,EMNT,EMNT_ATTRIBUTES,EMXP,EMXP_ATTRIBUTES,EMXT,EMXT_ATTRIBUTES,HDSD,HDSD_ATTRIBUTES,HTDD,HTDD_ATTRIBUTES,PRCP,PRCP_ATTRIBUTES,TAVG,TAVG_ATTRIBUTES,TMAX,TMAX_ATTRIBUTES,TMIN,TMIN_ATTRIBUTES
AG000060590,1940-01-01,30.5667,2.8667,397.0,"EL GOLEA, AG",0.0,G,0.0,",G",1.0,"2,I",0.0,"2,I",0.0,"2,I",0.0,",G",3.0,",G",0.0,",G",9.0,",G",0.0,",G",19400125.0,",,G",19400110.0,",2,I",19400103.0,",,G",-1.0,",G,25,",2.0,"2,,I,10,",23.2,",G,03,",,,213.8,",G",2.0,"2,,,I",1.144,",G",1.8399999999999999,",,,G",0.44699999999999995,",,,G"
AG000060590,1940-02-01,30.5667,2.8667,397.0,"EL GOLEA, AG",2.5,G,2.5,",G",1.0,",I",0.0,",I",0.0,",I",0.0,",G",0.0,",G",0.0,",G",19.0,",G",0.0,",G",19400217.0,"+,,G",19400202.0,",,I",19400229.0,",,G",4.8,",G,17,+",1.0,",,I,02,",28.4,",G,29,",,,102.4,",G",1.0,",,,I",1.489,",G",2.2,",,,G",0.778,",,,G"
AG000060590,1940-03-01,30.5667,2.8667,397.0,"EL GOLEA, AG",54.8,G,52.3,",G",0.0,"1,I",0.0,"1,I",0.0,"1,I",0.0,",G",0.0,",G",0.0,",G",25.0,",G",5.0,",G",19400331.0,",,G",19400331.0,"+,1,I",19400325.0,"+,,G",5.8,",G,31,",0.0,"1,,I,31,+",35.2,",G,25,+",,,43.0,",G",0.0,"1,,,I",1.863,",G",2.648,",,,G",1.079,",,,G"
AG000060590,1940-04-01,30.5667,2.8667,397.0,"EL GOLEA, AG",137.2,G,82.4,",G",0.0,",I",0.0,",I",0.0,",I",0.0,",G",0.0,",G",0.0,",G",28.0,",G",6.0,",G",19400413.0,",,G",19400430.0,"+,,I",19400430.0,",,G",4.3,",G,13,",0.0,",,I,30,+",36.6,",G,30,",,,25.6,",G",0.0,",,,I",2.023,",G",2.8440000000000003,",,,G",1.202,",,,G"
AG000060590,1940-05-01,30.5667,2.8667,397.0,"EL GOLEA, AG",382.9,G,245.7,",G",0.0,"1,I",0.0,"1,I",0.0,"1,I",0.0,",G",0.0,",G",0.0,",G",31.0,",G",22.0,",G",19400504.0,",,G",19400531.0,"+,1,I",19400529.0,",,G",9.8,",G,04,",0.0,"1,,I,31,+",42.3,",G,29,",,,2.1,",G",0.0,"1,,,I",2.619,",G",3.3939999999999997,",,,G",1.844,",,,G"
AG000060590,1940-06-01,30.5667,2.8667,397.0,"EL GOLEA, AG",694.7,G,311.8,",G",0.0,"2,I",0.0,"2,I",0.0,"2,I",0.0,",G",0.0,",G",0.0,",G",30.0,",G",26.0,",G",19400602.0,",,G",19400630.0,"+,2,I",19400613.0,",,G",18.1,",G,02,",0.0,"2,,I,30,+",40.2,",G,13,",,,0.0,",G",0.0,"2,,,I",2.873,",G",3.595,",,,G",2.1510000000000002,",,,G"
AG000060590,1940-07-01,30.5667,2.8667,397.0,"EL GOLEA, AG",1142.4,G,447.7,",G",0.0,",I",0.0,",I",0.0,",I",0.0,",G",0.0,",G",0.0,",G",31.0,",G",31.0,",G",19400702.0,",,G",19400731.0,"+,,I",19400715.0,",,G",18.0,",G,02,",0.0,",,I,31,+",46.0,",G,15,",0.0,G,0.0,",G",0.0,",,,I",3.277,",G",4.164,",,,G",2.391,",,,G"
AG000060590,1940-08-01,30.5667,2.8667,397.0,"EL GOLEA, AG",1580.5,G,438.1,",G",0.0,",I",0.0,",I",0.0,",I",0.0,",G",0.0,",G",0.0,",G",31.0,",G",31.0,",G",19400823.0,",,G",19400831.0,"+,,I",19400812.0,"+,,G",20.7,",G,23,",0.0,",,I,31,+",44.4,",G,12,+",0.0,G,0.0,",G",0.0,",,,I",3.246,",G",4.017,",,,G",2.476,",,,G"
AG000060590,1940-09-01,30.5667,2.8667,397.0,"EL GOLEA, AG",1876.5,G,296.0,",G",1.0,"1,I",0.0,"1,I",0.0,"1,I",0.0,",G",0.0,",G",0.0,",G",30.0,",G",23.0,",G",19400923.0,",,G",19400930.0,",1,I",19400909.0,",,G",18.3,",G,23,",2.0,"1,,I,30,",39.8,",G,09,",0.0,G,0.0,",G",2.0,"1,,,I",2.82,",G",3.463,",,,G",2.177,",,,G"
AG000060590,1940-10-01,30.5667,2.8667,397.0,"EL GOLEA, AG",2015.2,G,138.7,",G",0.0,"3,I",0.0,"3,I",0.0,"3,I",0.0,",G",0.0,",G",0.0,",G",30.0,",G",7.0,",G",19401029.0,",,G",19401031.0,"+,3,I",19401012.0,",,G",7.9,",G,29,",0.0,"3,,I,31,+",34.0,",G,12,",6.7,G,6.7,",G",0.0,"3,,,I",2.259,",G",2.949,",,,G",1.569,",,,G"
AG000060590,1940-11-01,30.5667,2.8667,397.0,"EL GOLEA, AG",2021.7,G,6.5,",G",,,,,,,0.0,",G",0.0,",G",0.0,",G",12.0,",G",0.0,",G",19401120.0,",,G",,,19401106.0,",,G",2.1,",G,20,",,,29.0,",G,06,",122.3,G,115.6,",G",,,1.47,",G",2.1420000000000003,",,,G",0.7969999999999999,",,,G"
AG000060590,1940-12-01,30.5667,2.8667,397.0,"EL GOLEA, AG",2021.7,G,0.0,",G",0.0,"1,I",0.0,"1,I",0.0,"1,I",0.0,",G",12.0,",G",0.0,",G",1.0,",G",0.0,",G",19401230.0,",,G",19401231.0,"+,1,I",19401207.0,",,G",-5.2,",G,30,",0.0,"1,,I,31,+",23.0,",G,07,",431.9,G,309.6,",G",0.0,"1,,,I",0.835,",G",1.561,",,,G",0.10800000000000001,",,,G"
AG000060590,1941-01-01,30.5667,2.8667,397.0,"EL GOLEA, AG",0.0,G,0.0,",G",0.0,",I",0.0,",I",0.0,",I",0.0,",G",10.0,",G",0.0,",G",9.0,",G",0.0,",G",19410107.0,",,G",19410131.0,"+,,I",19410124.0,",,G",-5.1,",G,07,",0.0,",,I,31,+",27.0,",G,24,",669.5,G,237.6,",G",0.0,",,,I",1.067,",G",1.8739999999999999,",,,G",0.26,",,,G"
AG000060590,1941-02-01,30.5667,2.8667,397.0,"EL GOLEA, AG",4.4,G,4.4,",G",0.0,",I",0.0,",I",0.0,",I",0.0,",G",1.0,",G",0.0,",G",17.0,",G",0.0,",G",19410206.0,",,G",19410228.0,"+,,I",19410226.0,",,G",-2.8,",G,06,",0.0,",,I,28,+",30.0,",G,26,",791.1,G,121.6,",G",0.0,",,,I",1.415,",G",2.2,",,,G",0.629,",,,G"
AG000060590,1941-03-01,30.5667,2.8667,397.0,"EL GOLEA, AG",27.9,G,23.5,",G",3.0,"1,I",2.0,"1,I",0.0,"1,I",0.0,",G",0.0,",G",0.0,",G",23.0,",G",0.0,",G",19410321.0,",,G",19410312.0,",1,I",19410324.0,",,G",6.2,",G,21,",13.0,"1,,I,12,",31.5,",G,24,",841.9,G,50.8,",G",18.0,"1,,,I",1.7449999999999999,",G",2.419,",,,G",1.072,",,,G"
AG000060590,1941-04-01,30.5667,2.8667,397.0,"EL GOLEA, AG",124.5,G,96.6,",G",1.0,",I",0.0,",I",0.0,",I",0.0,",G",0.0,",G",0.0,",G",28.0,",G",7.0,",G",19410406.0,",,G",19410416.0,",,I",19410424.0,",,G",7.8,",G,06,",2.0,",,I,16,",36.4,",G,24,",854.7,G,12.8,",G",2.0,",,,I",2.113,",G",2.847,",,,G",1.379,",,,G"
AG000060590,1941-05-01,30.5667,2.8667,397.0,"EL GOLEA, AG",312.1,G,187.6,"2,G",0.0,"2,I",0.0,"2,I",0.0,"2,I",0.0,"1,G",0.0,"1,G",0.0,"1,G",30.0,"1,G",14.0,"1,G",19410523.0,",1,G",19410531.0,"+,2,I",19410517.0,",1,G",10.7,"1,G,23,",0.0,"2,,I,31,+",44.0,"1,G,17,",855.0,G,0.3,"1,G",0.0,"2,,,I",2.493,"2,G",3.2700000000000005,"1,,,G",1.7149999999999999,"1,,,G"
AG000060590,1941-06-01,30.5667,2.8667,397.0,"EL GOLEA, AG",671.0,G,358.9,",G",1.0,"2,I",1.0,"2,I",0.0,"2,I",0.0,",G",0.0,",G",0.0,",G",30.0,",G",26.0,",G",19410607.0,",,G",19410606.0,",2,I",19410628.0,"+,,G",18.0,",G,07,",9.0,"2,,I,06,",44.0,",G,28,+",855.0,G,0.0,",G",9.0,"2,,,I",3.0300000000000002,",G",3.761,",,,G",2.298,",,,G"
AG000060590,1941-07-01,30.5667,2.8667,397.0,"EL GOLEA, AG",1140.5,G,469.5,",G",0.0,",I",0.0,",I",0.0,",I",0.0,",G",0.0,",G",0.0,",G",31.0,",G",31.0,",G",19410703.0,",,G",19410731.0,"+,,I",19410716.0,",,G",20.9,",G,03,",0.0,",,I,31,+",47.6,",G,16,",0.0,G,0.0,",G",0.0,",,,I",3.348,",G",4.169,",,,G",2.527,",,,G"
AG000060590,1941-08-01,30.5667,2.8667,397.0,"EL GOLEA, AG",1645.0,G,504.5,",G",0.0,",I",0.0,",I",0.0,",I",0.0,",G",0.0,",G",0.0,",G",31.0,",G",31.0,",G",19410829.0,"+,,G",19410831.0,"+,,I",19410803.0,",,G",24.0,",G,29,+",0.0,",,I,31,+",46.0,",G,03,",0.0,G,0.0,",G",0.0,",,,I",3.461,",G",4.25,",,,G",2.6719999999999997,",,,G"
AG000060590,1941-09-01,30.5667,2.8667,397.0,"EL GOLEA, AG",1955.5,G,310.5,",G",2.0,"1,I",1.0,"1,I",0.0,"1,I",0.0,",G",0.0,",G",0.0,",G",30.0,",G",30.0,",G",19410930.0,"+,,G",19410909.0,",1,I",19410906.0,",,G",18.0,",G,30,+",3.0,"1,,I,09,",38.5,",G,06,",0.0,G,0.0,",G",4.0,"1,,,I",2.868,",G",3.5140000000000002,",,,G",2.223,",,,G"
AG000060590,1941-10-01,30.5667,2.8667,397.0,"EL GOLEA, AG",2097.3,G,141.8,",G",0.0,"3,I",0.0,"3,I",0.0,"3,I",0.0,",G",0.0,",G",0.0,",G",29.0,",G",4.0,",G",19411029.0,",,G",19411031.0,"+,3,I",19411007.0,",,G",10.2,",G,29,",0.0,"3,,I,31,+",34.2,",G,07,",6.6,G,6.6,",G",0.0,"3,,,I",2.269,",G",2.9170000000000003,",,,G",1.6219999999999999,",,,G"
AG000060590,1941-11-01,30.5667,2.8667,397.0,"EL GOLEA, AG",2109.4,G,12.1,",G",1.0,"2,I",0.0,"2,I",0.0,"2,I",0.0,",G",0.0,",G",0.0,",G",14.0,",G",0.0,",G",19411116.0,",,G",19411114.0,",2,I",19411104.0,",,G",4.3,",G,16,",2.0,"2,,I,14,",29.0,",G,04,",100.9,G,94.3,",G",2.0,"2,,,I",1.559,",G",2.141,",,,G",0.977,",,,G"
AG000060590,1941-12-01,30.5667,2.8667,397.0,"EL GOLEA, AG",2109.4,G,0.0,"1,G",2.0,"3,I",2.0,"3,I",0.0,"3,I",0.0,"1,G",3.0,"1,G",0.0,",G",0.0,",G",0.0,",G",19411221.0,",1,G",19411223.0,",3,I",19411201.0,",,G",-0.9,"1,G,21,",8.0,"3,,I,23,",19.0,",G,01,",354.5,G,253.6,",G",13.0,"3,,,I",0.9880000000000001,"1,G",1.474,",,,G",0.503,"1,,,G"
AG000060590,1942-01-01,30.5667,2.8667,397.0,"EL GOLEA, AG",0.0,G,0.0,",G",1.0,"2,I",1.0,"2,I",0.0,"2,I",0.0,",G",5.0,",G",0.0,",G",0.0,",G",0.0,",G",19420110.0,",,G",19420124.0,",2,I",19420129.0,",,G",-1.7,",G,10,",5.0,"2,,I,24,",20.4,",G,29,",630.6,G,276.1,",G",5.0,"2,,,I",0.943,",G",1.5150000000000001,",,,G",0.37,",,,G"
AG000060590,1942-02-01,30.5667,2.8667,397.0,"EL GOLEA, AG",0.0,G,0.0,",G",3.0,"1,I",3.0,"1,I",0.0,"1,I",0.0,",G",0.0,",G",0.0,",G",6.0,",G",0.0,",G",19420218.0,",,G",19420208.0,",1,I",19420221.0,",,G",0.3,",G,18,",22.0,"1,,I,08,",24.1,",G,21,",811.1,G,180.5,",G",38.0,"1,,,I",1.189,",G",1.782,",,,G",0.595,",,,G"
AG000060590,1942-03-01,30.5667,2.8667,397.0,"EL GOLEA, AG",61.3,G,61.3,",G",0.0,"1,I",0.0,"1,I",0.0,"1,I",0.0,",G",0.0,",G",0.0,",G",27.0,",G",3.0,",G",19420301.0,",,G",19420331.0,"+,1,I",19420321.0,",,G",2.0,",G,01,",0.0,"1,,I,31,+",35.0,",G,21,",846.4,G,35.3,",G",0.0,"1,,,I",1.9170000000000003,",G",2.649,",,,G",1.185,",,,G"
AG000060590,1942-04-01,30.5667,2.8667,397.0,"EL GOLEA, AG",236.0,G,174.7,",G",0.0,",I",0.0,",I",0.0,",I",0.0,",G",0.0,",G",0.0,",G",30.0,",G",15.0,",G",19420401.0,",,G",19420430.0,"+,,I",19420411.0,",,G",10.8,",G,01,",0.0,",,I,30,+",39.5,",G,11,",846.4,G,0.0,",G",0.0,",,,I",2.416,",G",3.223,",,,G",1.609,",,,G"
AG000060590,1942-05-01,30.5667,2.8667,397.0,"EL GOLEA, AG",499.5,G,263.5,",G",0.0,",I",0.0,",I",0.0,",I",0.0,",G",0.0,",G",0.0,",G",31.0,",G",21.0,",G",19420505.0,",,G",19420531.0,"+,,I",19420525.0,",,G",10.8,",G,05,",0.0,",,I,31,+",41.6,",G,25,",847.5,G,1.1,",G",0.0,",,,I",2.68,",G",3.4549999999999996,",,,G",1.905,",,,G"
AG000060590,1942-06-01,30.5667,2.8667,397.0,"EL GOLEA, AG",905.3,G,405.8,",G",0.0,"4,I",0.0,"4,I",0.0,"4,I",0.0,",G",0.0,",G",0.0,",G",30.0,",G",29.0,",G",19420603.0,",,G",19420630.0,"+,4,I",19420623.0,",,G",18.7,",G,03,",0.0,"4,,I,30,+",44.7,",G,23,",847.5,G,0.0,",G",0.0,"4,,,I",3.186,",G",3.9189999999999996,",,,G",2.4530000000000003,",,,G"
AG000060590,1942-07-01,30.5667,2.8667,397.0,"EL GOLEA, AG",1328.8,G,423.5,"1,G",0.0,",I",0.0,",I",0.0,",I",0.0,"1,G",0.0,"1,G",0.0,",G",31.0,",G",31.0,",G",19420703.0,",1,G",19420731.0,"+,,I",19420719.0,",,G",20.8,"1,G,03,",0.0,",,I,31,+",44.2,",G,19,",0.0,G,0.0,",G",0.0,",,,I",3.242,"1,G",3.992,",,,G",2.492,"1,,,G"
AG000060590,1942-08-01,30.5667,2.8667,397.0,"EL GOLEA, AG",1775.7,G,446.9,",G",0.0,"1,I",0.0,"1,I",0.0,"1,I",0.0,",G",0.0,",G",0.0,",G",31.0,",G",31.0,",G",19420813.0,",,G",19420831.0,"+,1,I",19420828.0,",,G",22.6,",G,13,",0.0,"1,,I,31,+",43.4,",G,28,",0.0,G,0.0,",G",0.0,"1,,,I",3.275,",G",4.029999999999999,",,,G",2.52,",,,G"
AG000060590,1942-09-01,30.5667,2.8667,397.0,"EL GOLEA, AG",2110.4,G,334.7,",G",0.0,"3,I",0.0,"3,I",0.0,"3,I",0.0,",G",0.0,",G",0.0,",G",30.0,",G",27.0,",G",19420924.0,",,G",19420930.0,"+,3,I",19420922.0,",,G",16.4,",G,24,",0.0,"3,,I,30,+",40.1,",G,22,",0.0,G,0.0,",G",0.0,"3,,,I",2.949,",G",3.6450000000000005,",,,G",2.252,",,,G"
AG000060590,1942-10-01,30.5667,2.8667,397.0,"EL GOLEA, AG",2277.9,G,167.5,",G",1.0,"1,I",1.0,"1,I",0.0,"1,I",0.0,",G",0.0,",G",0.0,",G",31.0,",G",10.0,",G",19421030.0,"+,,G",19421016.0,",1,I",19421002.0,",,G",11.0,",G,30,+",8.0,"1,,I,16,",39.2,",G,02,",0.0,G,0.0,",G",8.0,"1,,,I",2.3739999999999997,",G",3.0949999999999998,",,,G",1.652,",,,G"
AG000060590,1942-11-01,30.5667,2.8667,397.0,"EL GOLEA, AG",2318.6,G,40.7,",G",2.0,"4,I",1.0,"4,I",0.0,"4,I",0.0,",G",0.0,",G",0.0,",G",18.0,",G",2.0,",G",19421125.0,",,G",19421114.0,",4,I",19421106.0,",,G",4.5,",G,25,",6.0,"4,,I,14,",33.0,",G,06,",62.0,G,62.0,",G",7.0,"4,,,I",1.763,",G",2.3440000000000003,",,,G",1.181,",,,G"
AG000060590,1942-12-01,30.5667,2.8667,397.0,"EL GOLEA, AG",2318.6,G,0.0,",G",4.0,"2,I",2.0,"2,I",0.0,"2,I",0.0,",G",0.0,",G",0.0,",G",6.0,",G",0.0,",G",19421231.0,",,G",19421207.0,",2,I",19421202.0,",,G",0.9,",G,31,",5.0,"2,,I,07,",24.0,",G,02,",251.5,G,189.5,",G",10.0,"2,,,I",1.222,",G",1.7760000000000002,",,,G",0.6679999999999999,",,,G"
AG000060590,1943-01-01,30.5667,2.8667,397.0,"EL GOLEA, AG",0.0,G,0.0,"2,G",1.0,",I",0.0,",I",0.0,",I",0.0,"2,G",0.0,"2,G",0.0,",G",9.0,",G",0.0,",G",19430129.0,",2,G",19430125.0,",,I",19430118.0,"+,,G",0.6,"2,G,29,",1.0,",,I,25,",23.9,",G,18,+",450.2,G,198.7,",G",1.0,",,,I",1.15,"2,G",1.903,",,,G",0.398,"2,,,G"
AG000060590,1943-02-01,30.5667,2.8667,397.0,"EL GOLEA, AG",0.0,G,0.0,",G",2.0,",I",2.0,",I",0.0,",I",0.0,",G",0.0,",G",0.0,",G",3.0,",G",0.0,",G",19430202.0,",,G",19430208.0,",,I",19430225.0,",,G",0.7,",G,02,",23.0,",,I,08,",21.8,",G,25,",632.9,G,182.7,",G",28.0,",,,I",1.181,",G",1.7890000000000001,",,,G",0.572,",,,G"
AG000060590,1943-03-01,30.5667,2.8667,397.0,"EL GOLEA, AG",13.1,G,13.1,",G",,,,,,,0.0,",G",0.0,",G",0.0,",G",21.0,",G",0.0,",G",19430315.0,",,G",,,19430308.0,",,G",6.5,",G,15,",,,32.0,",G,08,",695.8,G,62.9,",G",,,1.673,",G",2.368,",,,G",0.977,",,,G"
AG000060590,1943-04-01,30.5667,2.8667,397.0,"EL GOLEA, AG",113.1,G,100.0,",G",3.0,"1,I",1.0,"1,I",0.0,"1,I",0.0,",G",0.0,",G",0.0,",G",29.0,",G",5.0,",G",19430401.0,",,G",19430423.0,",1,I",19430418.0,",,G",8.1,",G,01,",8.0,"1,,I,23,",34.8,",G,18,",711.0,G,15.2,",G",11.0,"1,,,I",2.116,",G",2.787,",,,G",1.444,",,,G"
AG000060590,1943-05-01,30.5667,2.8667,397.0,"EL GOLEA, AG",287.4,G,174.3,"1,G",1.0,"2,I",1.0,"2,I",0.0,"2,I",0.0,"1,G",0.0,"1,G",0.0,",G",31.0,",G",12.0,",G",19430517.0,",1,G",19430509.0,",2,I",19430506.0,",,G",13.8,"1,G,17,",5.0,"2,,I,09,",37.9,",G,06,",711.0,G,0.0,",G",5.0,"2,,,I",2.4010000000000002,"1,G",3.082,",,,G",1.721,"1,,,G"
AG000060590,1943-06-01,30.5667,2.8667,397.0,"EL GOLEA, AG",620.0,G,332.6,",G",0.0,"1,I",0.0,"1,I",0.0,"1,I",0.0,",G",0.0,",G",0.0,",G",30.0,",G",27.0,",G",19430601.0,",,G",19430630.0,"+,1,I",19430630.0,",,G",17.0,",G,01,",0.0,"1,,I,30,+",42.4,",G,30,",711.0,G,0.0,",G",0.0,"1,,,I",2.942,",G",3.69,",,,G",2.194,",,,G"
AG000060590,1943-07-01,30.5667,2.8667,397.0,"EL GOLEA, AG",1123.7,G,503.7,",G",0.0,"2,I",0.0,"2,I",0.0,"2,I",0.0,",G",0.0,",G",0.0,",G",31.0,",G",31.0,",G",19430707.0,",,G",19430731.0,"+,2,I",19430708.0,",,G",21.9,",G,07,",0.0,"2,,I,31,+",46.2,",G,08,",0.0,G,0.0,",G",0.0,"2,,,I",3.4579999999999997,",G",4.339,",,,G",2.577,",,,G"
AG000060590,1943-08-01,30.5667,2.8667,397.0,"EL GOLEA, AG",1572.4,G,448.7,",G",0.0,",I",0.0,",I",0.0,",I",0.0,",G",0.0,",G",0.0,",G",31.0,",G",31.0,",G",19430819.0,",,G",19430831.0,"+,,I",19430805.0,",,G",22.8,",G,19,",0.0,",,I,31,+",44.3,",G,05,",0.0,G,0.0,",G",0.0,",,,I",3.281,",G",3.9799999999999995,",,,G",2.581,",,,G"
AG000060590,1943-09-01,30.5667,2.8667,397.0,"EL GOLEA, AG",1915.5,G,343.1,",G",,,,,,,0.0,",G",0.0,",G",0.0,",G",30.0,",G",26.0,",G",19430929.0,",,G",,,19430916.0,",,G",16.0,",G,29,",,,41.8,",G,16,",0.0,G,0.0,",G",,,2.977,",G",3.719,",,,G",2.234,",,,G"
AG000060590,1943-10-01,30.5667,2.8667,397.0,"EL GOLEA, AG",2093.8,G,178.3,",G",4.0,"2,I",1.0,"2,I",1.0,"2,I",0.0,",G",0.0,",G",0.0,",G",31.0,",G",8.0,",G",19431031.0,",,G",19431009.0,",2,I",19431002.0,",,G",11.6,",G,31,",31.0,"2,,I,09,",38.6,",G,02,",0.0,G,0.0,",G",35.0,"2,,,I",2.409,",G",3.044,",,,G",1.7739999999999998,",,,G"
AG000060590,1943-11-01,30.5667,2.8667,397.0,"EL GOLEA, AG",2101.7,G,7.9,",G",0.0,"1,I",0.0,"1,I",0.0,"1,I",0.0,",G",0.0,",G",0.0,",G",11.0,",G",0.0,",G",19431120.0,",,G",19431130.0,"+,1,I",19431102.0,",,G",0.6,",G,20,",0.0,"1,,I,30,+",26.8,",G,02,",140.9,G,140.9,",G",0.0,"1,,,I",1.3900000000000001,",G",2.0469999999999997,",,,G",0.733,",,,G"
AG000060590,1943-12-01,30.5667,2.8667,397.0,"EL GOLEA, AG",2101.7,G,0.0,",G",2.0,"2,I",2.0,"2,I",0.0,"2,I",0.0,",G",0.0,",G",0.0,",G",3.0,",G",0.0,",G",19431221.0,",,G",19431208.0,",2,I",19431205.0,",,G",2.9,",G,21,",9.0,"2,,I,08,",24.7,",G,05,",320.5,G,179.6,",G",12.0,"2,,,I",1.254,",G",1.793,",,,G",0.7150000000000001,",,,G"
AG000060590,1944-01-01,30.5667,2.8667,397.0,"EL GOLEA, AG",0.0,G,0.0,",G",0.0,",I",0.0,",I",0.0,",I",0.0,",G",8.0,",G",0.0,",G",1.0,",G",0.0,",G",19440108.0,",,G",19440131.0,"+,,I",19440126.0,",,G",-2.5,",G,08,",0.0,",,I,31,+",21.4,",G,26,",604.3,G,283.8,",G",0.0,",,,I",0.9179999999999999,",G",1.614,",,,G",0.221,",,,G"
AG000060590,1944-02-01,30.5667,2.8667,397.0,"EL GOLEA, AG",0.0,G,0.0,"4,G",0.0,"3,I",0.0,"3,I",0.0,"3,I",0.0,"4,G",0.0,"4,G",0.0,",G",9.0,",G",0.0,",G",19440208.0,",4,G",19440229.0,"+,3,I",19440211.0,",,G",0.4,"4,G,08,",0.0,"3,,I,29,+",25.8,",G,11,",772.0,G,167.7,",G",0.0,"3,,,I",1.144,"4,G",1.921,",,,G",0.366,"4,,,G"
AG000060590,1944-03-01,30.5667,2.8667,397.0,"EL GOLEA, AG",17.5,G,17.5,",G",2.0,"3,I",0.0,"3,I",0.0,"3,I",0.0,",G",0.0,",G",0.0,",G",18.0,",G",1.0,",G",19440303.0,",,G",19440309.0,"+,3,I",19440329.0,",,G",0.4,",G,03,",2.0,"3,,I,09,+",33.2,",G,29,",895.1,G,123.1,",G",4.0,"3,,,I",1.4929999999999999,",G",2.2359999999999998,",,,G",0.749,",,,G"
AG000060590,1944-04-01,30.5667,2.8667,397.0,"EL GOLEA, AG",130.5,G,113.0,"1,G",0.0,"5,I",0.0,"5,I",0.0,"5,I",0.0,"1,G",0.0,"1,G",0.0,",G",28.0,",G",10.0,",G",19440429.0,",1,G",19440430.0,"+,5,I",19440407.0,",,G",8.0,"1,G,29,",0.0,"5,,I,30,+",38.2,",G,07,",908.2,G,13.1,",G",0.0,"5,,,I",2.162,"1,G",2.933,",,,G",1.391,"1,,,G"
AG000060590,1944-05-01,30.5667,2.8667,397.0,"EL GOLEA, AG",433.6,G,303.1,",G",0.0,",I",0.0,",I",0.0,",I",0.0,",G",0.0,",G",0.0,",G",31.0,",G",24.0,",G",19440501.0,",,G",19440531.0,"+,,I",19440514.0,",,G",9.0,",G,01,",0.0,",,I,31,+",43.9,",G,14,",908.8,G,0.6,",G",0.0,",,,I",2.809,",G",3.66,",,,G",1.9579999999999997,",,,G"
AG000060590,1944-06-01,30.5667,2.8667,397.0,"EL GOLEA, AG",800.2,G,366.6,",G",0.0,",I",0.0,",I",0.0,",I",0.0,",G",0.0,",G",0.0,",G",30.0,",G",30.0,",G",19440615.0,",,G",19440630.0,"+,,I",19440629.0,",,G",17.6,",G,15,",0.0,",,I,30,+",44.8,",G,29,",908.8,G,0.0,",G",0.0,",,,I",3.055,",G",3.8369999999999997,",,,G",2.274,",,,G"
AG000060590,1944-07-01,30.5667,2.8667,397.0,"EL GOLEA, AG",1295.7,G,495.5,",G",0.0,"1,I",0.0,"1,I",0.0,"1,I",0.0,",G",0.0,",G",0.0,",G",31.0,",G",31.0,",G",19440718.0,",,G",19440731.0,"+,1,I",19440708.0,",,G",22.0,",G,18,",0.0,"1,,I,31,+",46.2,",G,08,",0.0,G,0.0,",G",0.0,"1,,,I",3.432,",G",4.3020000000000005,",,,G",2.561,",,,G"
AG000060590,1944-08-01,30.5667,2.8667,397.0,"EL GOLEA, AG",1738.2,G,442.5,"1,G",0.0,",I",0.0,",I",0.0,",I",0.0,",G",0.0,",G",0.0,"1,G",30.0,"1,G",30.0,"1,G",19440816.0,",,G",19440831.0,"+,,I",19440810.0,",1,G",21.0,",G,16,",0.0,",,I,31,+",46.1,"1,G,10,",0.0,G,0.0,"1,G",0.0,",,,I",3.307,"1,G",4.154999999999999,"1,,,G",2.459,",,,G"
AG000060590,1944-09-01,30.5667,2.8667,397.0,"EL GOLEA, AG",2086.3,G,348.1,",G",0.0,"3,I",0.0,"3,I",0.0,"3,I",0.0,",G",0.0,",G",0.0,",G",30.0,",G",27.0,",G",19440930.0,",,G",19440930.0,"+,3,I",19440902.0,",,G",15.7,",G,30,",0.0,"3,,I,30,+",41.2,",G,02,",0.0,G,0.0,",G",0.0,"3,,,I",2.994,",G",3.656,",,,G",2.331,",,,G"
AG000060590,1944-10-01,30.5667,2.8667,397.0,"EL GOLEA, AG",2213.1,G,126.8,",G",1.0,"3,I",0.0,"3,I",0.0,"3,I",0.0,",G",0.0,",G",0.0,",G",30.0,",G",9.0,",G",19441028.0,",,G",19441025.0,",3,I",19441007.0,",,G",5.0,",G,28,",2.0,"3,,I,25,",36.4,",G,07,",15.0,G,15.0,",G",2.0,"3,,,I",2.194,",G",2.984,",,,G",1.404,",,,G"
AG000060590,1944-11-01,30.5667,2.8667,397.0,"EL GOLEA, AG",2222.9,G,9.8,",G",2.0,"4,I",0.0,"4,I",0.0,"4,I",0.0,",G",0.0,",G",0.0,",G",20.0,",G",0.0,",G",19441130.0,",,G",19441113.0,"+,4,I",19441126.0,",,G",2.0,",G,30,",1.0,"4,,I,13,+",27.8,",G,26,",94.6,G,79.6,",G",2.0,"4,,,I",1.6010000000000002,",G",2.241,",,,G",0.96,",,,G"
AG000060590,1944-12-01,30.5667,2.8667,397.0,"EL GOLEA, AG",2222.9,G,0.0,"1,G",4.0,"4,I",1.0,"4,I",0.0,"4,I",0.0,"1,G",1.0,"1,G",0.0,",G",0.0,",G",0.0,",G",19441231.0,",1,G",19441216.0,",4,I",19441208.0,",,G",-1.0,"1,G,31,",6.0,"4,,I,16,",19.0,",G,08,",350.4,G,255.8,",G",9.0,"4,,,I",0.9720000000000001,"1,G",1.5210000000000001,",,,G",0.42300000000000004,"1,,,G"
AG000060590,1945-01-01,30.5667,2.8667,397.0,"EL GOLEA, AG",0.0,G,0.0,",G",2.0,",I",0.0,",I",0.0,",I",0.0,",G",8.0,",G",0.0,",G",1.0,",G",0.0,",G",19450107.0,",,G",19450116.0,"+,,I",19450115.0,",,G",-4.1,",G,07,",2.0,",,I,16,+",23.8,",G,15,",653.8,G,303.4,",G",4.0,",,,I",0.8550000000000001,",G",1.501,",,,G",0.20800000000000002,",,,G"
AG000060590,1945-02-01,30.5667,2.8667,397.0,"EL GOLEA, AG",0.0,G,0.0,",G",0.0,",I",0.0,",I",0.0,",I",0.0,",G",0.0,",G",0.0,",G",10.0,",G",0.0,",G",19450226.0,"+,,G",19450228.0,"+,,I",19450209.0,",,G",1.6,",G,26,+",0.0,",,I,28,+",25.0,",G,09,",837.2,G,183.4,",G",0.0,",,,I",1.178,",G",1.8510000000000002,",,,G",0.506,",,,G"
AG000060590,1945-03-01,30.5667,2.8667,397.0,"EL GOLEA, AG",20.5,G,20.5,",G",0.0,",I",0.0,",I",0.0,",I",0.0,",G",0.0,",G",0.0,",G",20.0,",G",1.0,",G",19450312.0,"+,,G",19450331.0,"+,,I",19450325.0,",,G",2.6,",G,12,+",0.0,",,I,31,+",35.0,",G,25,",943.3,G,106.1,",G",0.0,",,,I",1.557,",G",2.263,",,,G",0.851,",,,G"
AG000060590,1945-04-01,30.5667,2.8667,397.0,"EL GOLEA, AG",178.9,G,158.4,",G",0.0,"1,I",0.0,"1,I",0.0,"1,I",0.0,",G",0.0,",G",0.0,",G",30.0,",G",15.0,",G",19450401.0,",,G",19450430.0,"+,1,I",19450425.0,",,G",8.6,",G,01,",0.0,"1,,I,30,+",38.7,",G,25,",943.7,G,0.4,",G",0.0,"1,,,I",2.3600000000000003,",G",3.194,",,,G",1.526,",,,G"
AG000060590,1945-05-01,30.5667,2.8667,397.0,"EL GOLEA, AG",430.8,G,251.9,",G",0.0,"2,I",0.0,"2,I",0.0,"2,I",0.0,",G",0.0,",G",0.0,",G",31.0,",G",18.0,",G",19450508.0,",,G",19450531.0,"+,2,I",19450522.0,",,G",10.4,",G,08,",0.0,"2,,I,31,+",41.0,",G,22,",943.7,G,0.0,",G",0.0,"2,,,I",2.646,",G",3.4090000000000003,",,,G",1.8829999999999998,",,,G"
AG000060590,1945-06-01,30.5667,2.8667,397.0,"EL GOLEA, AG",834.7,G,403.9,",G",0.0,"1,I",0.0,"1,I",0.0,"1,I",0.0,",G",0.0,",G",0.0,",G",30.0,",G",29.0,",G",19450609.0,",,G",19450630.0,"+,1,I",19450630.0,",,G",19.9,",G,09,",0.0,"1,,I,30,+",45.0,",G,30,",943.7,G,0.0,",G",0.0,"1,,,I",3.18,",G",3.835,",,,G",2.524,",,,G"
AG000060590,1945-07-01,30.5667,2.8667,397.0,"EL GOLEA, AG",1322.4,G,487.7,",G",0.0,",I",0.0,",I",0.0,",I",0.0,",G",0.0,",G",0.0,",G",31.0,",G",31.0,",G",19450701.0,",,G",19450731.0,"+,,I",19450715.0,",,G",23.4,",G,01,",0.0,",,I,31,+",46.0,",G,15,",0.0,G,0.0,",G",0.0,",,,I",3.406,",G",4.118,",,,G",2.695,",,,G"
AG000060590,1945-08-01,30.5667,2.8667,397.0,"EL GOLEA, AG",1850.1,G,527.7,",G",1.0,",I",0.0,",I",0.0,",I",0.0,",G",0.0,",G",0.0,",G",31.0,",G",31.0,",G",19450803.0,",,G",19450817.0,",,I",19450815.0,",,G",21.8,",G,03,",2.0,",,I,17,",47.0,",G,15,",0.0,G,0.0,",G",2.0,",,,I",3.535,",G",4.3100000000000005,",,,G",2.761,",,,G"
AG000060590,1945-09-01,30.5667,2.8667,397.0,"EL GOLEA, AG",2193.9,G,343.8,",G",0.0,",I",0.0,",I",0.0,",I",0.0,",G",0.0,",G",0.0,",G",30.0,",G",25.0,",G",19450928.0,",,G",19450930.0,"+,,I",19450908.0,",,G",16.3,",G,28,",0.0,",,I,30,+",43.1,",G,08,",0.0,G,0.0,",G",0.0,",,,I",2.979,",G",3.725,",,,G",2.234,",,,G"
AG000060590,1945-10-01,30.5667,2.8667,397.0,"EL GOLEA, AG",2271.4,G,77.5,",G",1.0,"1,I",1.0,"1,I",1.0,"1,I",0.0,",G",0.0,",G",0.0,",G",28.0,",G",2.0,",G",19451031.0,",,G",19451010.0,",1,I",19451004.0,",,G",7.6,",G,31,",32.0,"1,,I,10,",34.7,",G,04,",7.0,G,7.0,",G",32.0,"1,,,I",2.061,",G",2.68,",,,G",1.441,",,,G"
AG000060590,1945-11-01,30.5667,2.8667,397.0,"EL GOLEA, AG",2293.1,G,21.7,",G",2.0,"1,I",1.0,"1,I",0.0,"1,I",0.0,",G",0.0,",G",0.0,",G",25.0,",G",0.0,",G",19451101.0,",,G",19451124.0,",1,I",19451105.0,",,G",7.4,",G,01,",11.0,"1,,I,24,",30.0,",G,05,",38.3,G,31.3,",G",12.0,"1,,,I",1.8010000000000002,",G",2.463,",,,G",1.139,",,,G"
AG000060590,1945-12-01,30.5667,2.8667,397.0,"EL GOLEA, AG",2293.1,G,0.0,",G",1.0,",I",1.0,",I",0.0,",I",0.0,",G",2.0,",G",0.0,",G",11.0,",G",0.0,",G",19451218.0,",,G",19451221.0,",,I",19451220.0,",,G",-0.2,",G,18,",3.0,",,I,21,",24.2,",G,20,",226.2,G,187.9,",G",3.0,",,,I",1.2269999999999999,",G",1.902,",,,G",0.553,",,,G"
AG000060590,1946-02-01,30.5667,2.8667,397.0,"EL GOLEA, AG",,,0.9,",G",0.0,",I",0.0,",I",0.0,",I",0.0,",G",0.0,",G",0.0,",G",4.0,",G",0.0,",G",19460211.0,",,G",19460228.0,"+,,I",19460227.0,",,G",2.0,",G,11,",0.0,",,I,28,+",28.1,",G,27,",,,184.5,",G",0.0,",,,I",1.178,",G",1.795,",,,G",0.5599999999999999,",,,G"
AG000060590,1946-03-01,30.5667,2.8667,397.0,"EL GOLEA, AG",,,19.8,",G",0.0,",I",0.0,",I",0.0,",I",0.0,",G",0.0,",G",0.0,",G",21.0,",G",0.0,",G",19460322.0,",,G",19460331.0,"+,,I",19460327.0,",,G",3.3,",G,22,",0.0,",,I,31,+",31.5,",G,27,",,,90.5,",G",0.0,",,,I",1.605,",G",2.337,",,,G",0.874,",,,G"
AG000060590,1946-04-01,30.5667,2.8667,397.0,"EL GOLEA, AG",,,99.9,",G",1.0,",I",0.0,",I",0.0,",I",0.0,",G",0.0,",G",0.0,",G",30.0,",G",4.0,",G",19460403.0,",,G",19460411.0,",,I",19460425.0,",,G",7.2,",G,03,",1.0,",,I,11,",34.7,",G,25,",,,0.8,",G",1.0,",,,I",2.164,",G",2.898,",,,G",1.4289999999999998,",,,G"
AG000060590,1946-07-01,30.5667,2.8667,397.0,"EL GOLEA, AG",,,436.8,",G",0.0,",I",0.0,",I",0.0,",I",0.0,",G",0.0,",G",0.0,",G",31.0,",G",31.0,",G",19460714.0,",,G",19460731.0,"+,,I",19460718.0,",,G",20.3,",G,14,",0.0,",,I,31,+",45.9,",G,18,",0.0,G,0.0,",G",0.0,",,,I",3.242,",G",3.9869999999999997,",,,G",2.498,",,,G"
AG000060590,1946-08-01,30.5667,2.8667,397.0,"EL GOLEA, AG",,,449.5,"1,G",0.0,",I",0.0,",I",0.0,",I",0.0,"1,G",0.0,"1,G",0.0,",G",31.0,",G",31.0,",G",19460826.0,",1,G",19460831.0,"+,,I",19460831.0,",,G",21.3,"1,G,26,",0.0,",,I,31,+",45.0,",G,31,",0.0,G,0.0,",G",0.0,",,,I",3.3289999999999997,"1,G",4.107,",,,G",2.551,"1,,,G"
AG000060590,1946-09-01,30.5667,2.8667,397.0,"EL GOLEA, AG",,,336.4,"1,G",0.0,"3,I",0.0,"3,I",0.0,"3,I",0.0,",G",0.0,",G",0.0,"1,G",29.0,"1,G",20.0,"1,G",19460924.0,"+,,G",19460930.0,"+,3,I",19460901.0,",1,G",17.5,",G,24,+",0.0,"3,,I,30,+",45.1,"1,G,01,",0.0,G,0.0,"1,G",0.0,"3,,,I",2.989,"1,G",3.657,"1,,,G",2.321,",,,G"
AG000060590,1946-10-01,30.5667,2.8667,397.0,"EL GOLEA, AG",,,169.3,"1,G",0.0,"1,I",0.0,"1,I",0.0,"1,I",0.0,"1,G",0.0,"1,G",0.0,",G",31.0,",G",14.0,",G",19461029.0,",1,G",19461031.0,"+,1,I",19461022.0,",,G",7.9,"1,G,29,",0.0,"1,,I,31,+",37.0,",G,22,",1.2,G,1.2,",G",0.0,"1,,,I",2.393,"1,G",3.179,",,,G",1.607,"1,,,G"
AG000060590,1946-11-01,30.5667,2.8667,397.0,"EL GOLEA, AG",,,27.0,",G",1.0,"2,I",0.0,"2,I",0.0,"2,I",0.0,",G",0.0,",G",0.0,",G",22.0,",G",0.0,",G",19461129.0,",,G",19461112.0,",2,I",19461109.0,",,G",4.1,",G,29,",1.0,"2,,I,12,",31.4,",G,09,",61.8,G,60.6,",G",1.0,"2,,,I",1.721,",G",2.371,",,,G",1.0710000000000002,",,,G"
AG000060590,1946-12-01,30.5667,2.8667,397.0,"EL GOLEA, AG",,,0.0,",G",0.0,",I",0.0,",I",0.0,",I",0.0,",G",6.0,",G",0.0,",G",1.0,",G",0.0,",G",19461224.0,",,G",19461231.0,"+,,I",19461209.0,",,G",-4.4,",G,24,",0.0,",,I,31,+",22.1,",G,09,",330.8,G,269.0,",G",0.0,",,,I",0.9650000000000001,",G",1.639,",,,G",0.292,",,,G"
AG000060590,1947-01-01,30.5667,2.8667,397.0,"EL GOLEA, AG",0.0,G,0.0,",G",0.0,"2,I",0.0,"2,I",0.0,"2,I",0.0,",G",3.0,",G",0.0,",G",4.0,",G",0.0,",G",19470104.0,",,G",19470131.0,"+,2,I",19470124.0,",,G",-2.0,",G,04,",0.0,"2,,I,31,+",23.7,",G,24,",557.7,G,226.9,",G",0.0,"2,,,I",1.101,",G",1.8670000000000002,",,,G",0.335,",,,G"
AG000060590,1947-02-01,30.5667,2.8667,397.0,"EL GOLEA, AG",5.7,G,5.7,"1,G",0.0,"2,I",0.0,"2,I",0.0,"2,I",0.0,",G",0.0,",G",0.0,"1,G",21.0,"1,G",0.0,"1,G",19470203.0,",,G",19470228.0,"+,2,I",19470223.0,",1,G",1.0,",G,03,",0.0,"2,,I,28,+",29.8,"1,G,23,",648.0,G,90.3,"1,G",0.0,"2,,,I",1.512,"1,G",2.307,"1,,,G",0.718,",,,G"
AG000060590,1947-03-01,30.5667,2.8667,397.0,"EL GOLEA, AG",77.6,G,71.9,",G",0.0,",I",0.0,",I",0.0,",I",0.0,",G",0.0,",G",0.0,",G",30.0,",G",5.0,",G",19470330.0,",,G",19470331.0,"+,,I",19470305.0,",,G",6.0,",G,30,",0.0,",,I,31,+",34.1,",G,05,",662.4,G,14.4,",G",0.0,",,,I",2.019,",G",2.878,",,,G",1.16,",,,G"
AG000060590,1947-04-01,30.5667,2.8667,397.0,"EL GOLEA, AG",149.2,G,71.6,",G",0.0,"2,I",0.0,"2,I",0.0,"2,I",0.0,",G",0.0,",G",0.0,",G",27.0,",G",3.0,",G",19470401.0,",,G",19470430.0,"+,2,I",19470430.0,",,G",6.0,",G,01,",0.0,"2,,I,30,+",33.8,",G,30,",689.4,G,27.0,",G",0.0,"2,,,I",1.982,",G",2.644,",,,G",1.3199999999999998,",,,G"
AG000060590,1947-05-01,30.5667,2.8667,397.0,"EL GOLEA, AG",361.1,G,211.9,"2,G",0.0,",I",0.0,",I",0.0,",I",0.0,"1,G",0.0,"1,G",0.0,"1,G",30.0,"1,G",19.0,"1,G",19470513.0,",1,G",19470531.0,"+,,I",19470531.0,",1,G",11.8,"1,G,13,",0.0,",,I,31,+",38.7,"1,G,31,",689.4,G,0.0,"1,G",0.0,",,,I",2.55,"2,G",3.2979999999999996,"1,,,G",1.802,"1,,,G"
AG000060590,1947-06-01,30.5667,2.8667,397.0,"EL GOLEA, AG",785.4,G,424.3,"1,G",0.0,"2,I",0.0,"2,I",0.0,"2,I",0.0,"1,G",0.0,"1,G",0.0,",G",30.0,",G",30.0,",G",19470601.0,",1,G",19470630.0,"+,2,I",19470614.0,",,G",18.0,"1,G,01,",0.0,"2,,I,30,+",44.3,",G,14,",689.4,G,0.0,",G",0.0,"2,,,I",3.3,"1,G",4.038,",,,G",2.561,"1,,,G"
AG000060590,1947-07-01,30.5667,2.8667,397.0,"EL GOLEA, AG",1302.4,G,517.0,",G",0.0,",I",0.0,",I",0.0,",I",0.0,",G",0.0,",G",0.0,",G",31.0,",G",31.0,",G",19470709.0,",,G",19470731.0,"+,,I",19470713.0,",,G",24.1,",G,09,",0.0,",,I,31,+",46.3,",G,13,",0.0,G,0.0,",G",0.0,",,,I",3.501,",G",4.228,",,,G",2.774,",,,G"
AG000060590,1947-08-01,30.5667,2.8667,397.0,"EL GOLEA, AG",1786.1,G,483.7,",G",0.0,",I",0.0,",I",0.0,",I",0.0,",G",0.0,",G",0.0,",G",31.0,",G",31.0,",G",19470810.0,",,G",19470831.0,"+,,I",19470831.0,",,G",22.3,",G,10,",0.0,",,I,31,+",44.8,",G,31,",0.0,G,0.0,",G",0.0,",,,I",3.3939999999999997,",G",4.148,",,,G",2.6390000000000002,",,,G"
AG000060590,1947-09-01,30.5667,2.8667,397.0,"EL GOLEA, AG",2137.4,G,351.3,"1,G",0.0,",I",0.0,",I",0.0,",I",0.0,"1,G",0.0,"1,G",0.0,",G",30.0,",G",28.0,",G",19470924.0,",1,G",19470930.0,"+,,I",19470902.0,"+,,G",16.6,"1,G,24,",0.0,",,I,30,+",44.9,",G,02,+",0.0,G,0.0,",G",0.0,",,,I",3.04,"1,G",3.725,",,,G",2.354,"1,,,G"
AG000060590,1947-10-01,30.5667,2.8667,397.0,"EL GOLEA, AG",2338.8,G,201.4,",G",0.0,"1,I",0.0,"1,I",0.0,"1,I",0.0,",G",0.0,",G",0.0,",G",31.0,",G",17.0,",G",19471029.0,",,G",19471031.0,"+,1,I",19471004.0,",,G",12.2,",G,29,",0.0,"1,,I,31,+",39.4,",G,04,",0.0,G,0.0,",G",0.0,"1,,,I",2.4829999999999997,",G",3.2619999999999996,",,,G",1.704,",,,G"
AG000060590,1947-11-01,30.5667,2.8667,397.0,"EL GOLEA, AG",2347.1,G,8.3,",G",0.0,"1,I",0.0,"1,I",0.0,"1,I",0.0,",G",0.0,",G",0.0,",G",24.0,",G",0.0,",G",19471127.0,",,G",19471130.0,"+,1,I",19471102.0,",,G",5.0,",G,27,",0.0,"1,,I,30,+",28.6,",G,02,",58.5,G,58.5,",G",0.0,"1,,,I",1.666,",G",2.398,",,,G",0.9349999999999999,",,,G"
AG000060590,1947-12-01,30.5667,2.8667,397.0,"EL GOLEA, AG",2347.1,G,0.0,"4,G",0.0,"1,I",0.0,"1,I",0.0,"1,I",0.0,",G",10.0,",G",0.0,"4,G",6.0,"4,G",0.0,"4,G",19471229.0,",,G",19471231.0,"+,1,I",19471205.0,",4,G",-1.2,",G,29,",0.0,"1,,I,31,+",24.3,"4,G,05,",266.1,G,207.6,"4,G",0.0,"1,,,I",1.04,"4,G",1.7890000000000001,"4,,,G",0.29100000000000004,",,,G"
AG000060590,1948-01-01,30.5667,2.8667,397.0,"EL GOLEA, AG",0.0,,0.0,",G",2.0,"1,I",0.0,"1,I",0.0,"1,I",0.0,",G",3.0,",G",0.0,",G",10.0,",G",0.0,",G",19480122.0,",,G",19480117.0,"+,1,I",19480128.0,",,G",-1.6,",G,22,",1.0,"1,,I,17,+",27.2,",G,28,",482.1,,216.0,",G",2.0,"1,,,I",1.137,",G",1.904,",,,G",0.369,",,,G"
AG000060590,1948-02-01,30.5667,2.8667,397.0,"EL GOLEA, AG",5.1,,5.1,",G",0.0,",I",0.0,",I",0.0,",I",0.0,",G",0.0,",G",0.0,",G",19.0,",G",0.0,",G",19480205.0,",,G",19480229.0,"+,,I",19480225.0,",,G",2.1,",G,05,",0.0,",,I,29,+",29.0,",G,25,",591.3,,109.2,",G",0.0,",,,I",1.474,",G",2.255,",,,G",0.693,",,,G"
AG000060590,1948-03-01,30.5667,2.8667,397.0,"EL GOLEA, AG",16.3,,11.2,",G",0.0,",I",0.0,",I",0.0,",I",0.0,",G",0.0,",G",0.0,",G",16.0,",G",0.0,",G",19480307.0,",,G",19480331.0,"+,,I",19480327.0,",,G",3.7,",G,07,",0.0,",,I,31,+",29.0,",G,27,",676.0,,84.7,",G",0.0,",,,I",1.596,",G",2.2359999999999998,",,,G",0.9560000000000001,",,,G"
AG000060590,1948-04-01,30.5667,2.8667,397.0,"EL GOLEA, AG",106.7,,90.4,",G",0.0,"1,I",0.0,"1,I",0.0,"1,I",0.0,",G",0.0,",G",0.0,",G",30.0,",G",4.0,",G",19480402.0,",,G",19480430.0,"+,1,I",19480405.0,",,G",7.8,",G,02,",0.0,"1,,I,30,+",35.3,",G,05,",681.3,,5.3,",G",0.0,"1,,,I",2.117,",G",2.8579999999999997,",,,G",1.376,",,,G"
AG000060590,1948-05-01,30.5667,2.8667,397.0,"EL GOLEA, AG",337.4,,230.7,",G",0.0,",I",0.0,",I",0.0,",I",0.0,",G",0.0,",G",0.0,",G",31.0,",G",19.0,",G",19480504.0,",,G",19480531.0,"+,,I",19480531.0,",,G",10.0,",G,04,",0.0,",,I,31,+",42.3,",G,31,",682.8,,1.5,",G",0.0,",,,I",2.573,",G",3.342,",,,G",1.8030000000000002,",,,G"
AG000060590,1948-06-01,30.5667,2.8667,397.0,"EL GOLEA, AG",711.0,,373.6,"1,G",0.0,",I",0.0,",I",0.0,",I",0.0,",G",0.0,",G",0.0,"1,G",29.0,"1,G",29.0,"1,G",19480604.0,",,G",19480630.0,"+,,I",19480601.0,",1,G",18.0,",G,04,",0.0,",,I,30,+",43.7,"1,G,01,",682.8,,0.0,"1,G",0.0,",,,I",3.125,"1,G",3.818,"1,,,G",2.432,",,,G"
AG000060590,1948-07-01,30.5667,2.8667,397.0,"EL GOLEA, AG",1167.8,,456.8,",G",0.0,",I",0.0,",I",0.0,",I",0.0,",G",0.0,",G",0.0,",G",31.0,",G",30.0,",G",19480712.0,",,G",19480731.0,"+,,I",19480709.0,",,G",19.5,",G,12,",0.0,",,I,31,+",45.3,",G,09,",0.0,,0.0,",G",0.0,",,,I",3.307,",G",4.098,",,,G",2.516,",,,G"
AG000060590,1948-08-01,30.5667,2.8667,397.0,"EL GOLEA, AG",1625.3,,457.5,",G",0.0,",I",0.0,",I",0.0,",I",0.0,",G",0.0,",G",0.0,",G",31.0,",G",31.0,",G",19480830.0,",,G",19480831.0,"+,,I",19480809.0,",,G",20.0,",G,30,",0.0,",,I,31,+",45.8,",G,09,",0.0,,0.0,",G",0.0,",,,I",3.309,",G",4.154999999999999,",,,G",2.463,",,,G"
AG000060590,1949-01-01,30.5667,2.8667,397.0,"EL GOLEA, AG",0.0,G,0.0,",G",0.0,"2,I",0.0,"2,I",0.0,"2,I",0.0,",G",1.0,",G",0.0,",G",2.0,",G",0.0,",G",19490131.0,",,G",19490131.0,"+,2,I",19490118.0,",,G",0.0,",G,31,",0.0,"2,,I,31,+",21.4,",G,18,",,,253.4,",G",0.0,"2,,,I",1.016,",G",1.637,",,,G",0.395,",,,G"
AG000060590,1949-03-01,30.5667,2.8667,397.0,"EL GOLEA, AG",,,16.5,",G",3.0,"1,I",2.0,"1,I",0.0,"1,I",0.0,",G",0.0,",G",0.0,",G",15.0,",G",0.0,",G",19490305.0,",,G",19490323.0,",1,I",19490311.0,",,G",1.8,",G,05,",7.0,"1,,I,23,",29.8,",G,11,",,,110.6,",G",14.0,"1,,,I",1.53,",G",2.192,",,,G",0.868,",,,G"
AG000060590,1949-04-01,30.5667,2.8667,397.0,"EL GOLEA, AG",,,92.7,",G",2.0,"2,I",1.0,"2,I",0.0,"2,I",0.0,",G",0.0,",G",0.0,",G",29.0,",G",1.0,",G",19490408.0,",,G",19490413.0,",2,I",19490421.0,",,G",10.0,",G,08,",3.0,"2,,I,13,",35.8,",G,21,",,,5.9,",G",5.0,"2,,,I",2.123,",G",2.755,",,,G",1.49,",,,G"
AG000060590,1949-05-01,30.5667,2.8667,397.0,"EL GOLEA, AG",,,217.8,",G",1.0,"1,I",0.0,"1,I",0.0,"1,I",0.0,",G",0.0,",G",0.0,",G",31.0,",G",17.0,",G",19490504.0,"+,,G",19490517.0,",1,I",19490528.0,",,G",11.0,",G,04,+",2.0,"1,,I,17,",43.0,",G,28,",,,0.7,",G",2.0,"1,,,I",2.534,",G",3.2990000000000004,",,,G",1.768,",,,G"
AG000060590,1949-06-01,30.5667,2.8667,397.0,"EL GOLEA, AG",,,446.2,",G",0.0,"2,I",0.0,"2,I",0.0,"2,I",0.0,",G",0.0,",G",0.0,",G",30.0,",G",29.0,",G",19490604.0,",,G",19490630.0,"+,2,I",19490616.0,",,G",15.6,",G,04,",0.0,"2,,I,30,+",45.6,",G,16,",,,0.0,",G",0.0,"2,,,I",3.321,",G",4.114,",,,G",2.527,",,,G"
AG000060590,1949-07-01,30.5667,2.8667,397.0,"EL GOLEA, AG",,,470.5,",G",0.0,",I",0.0,",I",0.0,",I",0.0,",G",0.0,",G",0.0,",G",31.0,",G",31.0,",G",19490730.0,",,G",19490731.0,"+,,I",19490718.0,"+,,G",21.4,",G,30,",0.0,",,I,31,+",46.0,",G,18,+",0.0,G,0.0,",G",0.0,",,,I",3.351,",G",4.098,",,,G",2.605,",,,G"
AG000060590,1949-08-01,30.5667,2.8667,397.0,"EL GOLEA, AG",,,417.0,",G",0.0,",I",0.0,",I",0.0,",I",0.0,",G",0.0,",G",0.0,",G",31.0,",G",31.0,",G",19490827.0,",,G",19490831.0,"+,,I",19490807.0,",,G",20.2,",G,27,",0.0,",,I,31,+",42.6,",G,07,",0.0,G,0.0,",G",0.0,",,,I",3.179,",G",3.8810000000000002,",,,G",2.476,",,,G"
AG000060590,1949-09-01,30.5667,2.8667,397.0,"EL GOLEA, AG",,,353.4,",G",0.0,",I",0.0,",I",0.0,",I",0.0,",G",0.0,",G",0.0,",G",30.0,",G",30.0,",G",19490925.0,",,G",19490930.0,"+,,I",19490912.0,",,G",19.4,",G,25,",0.0,",,I,30,+",42.0,",G,12,",0.0,G,0.0,",G",0.0,",,,I",3.011,",G",3.7590000000000003,",,,G",2.263,",,,G"
AG000060590,1949-10-01,30.5667,2.8667,397.0,"EL GOLEA, AG",,,140.2,",G",0.0,",I",0.0,",I",0.0,",I",0.0,",G",0.0,",G",0.0,",G",31.0,",G",8.0,",G",19491030.0,",,G",19491031.0,"+,,I",19491002.0,",,G",9.4,",G,30,",0.0,",,I,31,+",40.0,",G,02,",0.1,G,0.1,",G",0.0,",,,I",2.285,",G",2.979,",,,G",1.591,",,,G"
AG000060590,1949-11-01,30.5667,2.8667,397.0,"EL GOLEA, AG",,,5.7,",G",0.0,",I",0.0,",I",0.0,",I",0.0,",G",0.0,",G",0.0,",G",26.0,",G",0.0,",G",19491126.0,",,G",19491130.0,"+,,I",19491120.0,",,G",3.2,",G,26,",0.0,",,I,30,+",28.3,",G,20,",68.8,G,68.7,",G",0.0,",,,I",1.623,",G",2.3920000000000003,",,,G",0.8550000000000001,",,,G"
AG000060590,1949-12-01,30.5667,2.8667,397.0,"EL GOLEA, AG",,,3.2,",G",3.0,"2,I",1.0,"2,I",0.0,"2,I",0.0,",G",0.0,",G",0.0,",G",12.0,",G",0.0,",G",19491215.0,",,G",19491213.0,",2,I",19491208.0,",,G",1.4,",G,15,",3.0,"2,,I,13,",27.4,",G,08,",204.6,G,135.8,",G",6.0,"2,,,I",1.405,",G",1.95,",,,G",0.861,",,,G"
AG000060590,1950-01-01,30.5667,2.8667,397.0,"EL GOLEA, AG",0.0,G,0.0,",G",1.0,"2,I",0.0,"2,I",0.0,"2,I",0.0,",G",3.0,",G",0.0,",G",0.0,",G",0.0,",G",19500120.0,",,G",19500112.0,",2,I",19500121.0,",,G",-2.0,",G,20,",1.0,"2,,I,12,",20.4,",G,21,",470.6,G,266.0,",G",1.0,"2,,,I",0.975,",G",1.6149999999999998,",,,G",0.335,",,,G"
AG000060590,1950-02-01,30.5667,2.8667,397.0,"EL GOLEA, AG",0.0,G,0.0,",G",0.0,",I",0.0,",I",0.0,",I",0.0,",G",1.0,",G",0.0,",G",10.0,",G",0.0,",G",19500212.0,",,G",19500228.0,"+,,I",19500225.0,",,G",0.0,",G,12,",0.0,",,I,28,+",25.0,",G,25,",654.4,G,183.8,",G",0.0,",,,I",1.177,",G",1.9829999999999999,",,,G",0.371,",,,G"
AG000060590,1950-03-01,30.5667,2.8667,397.0,"EL GOLEA, AG",7.7,G,7.7,",G",0.0,",I",0.0,",I",0.0,",I",0.0,",G",1.0,",G",0.0,",G",20.0,",G",0.0,",G",19500304.0,",,G",19500331.0,"+,,I",19500328.0,",,G",-0.2,",G,04,",0.0,",,I,31,+",30.6,",G,28,",763.6,G,109.2,",G",0.0,",,,I",1.506,",G",2.271,",,,G",0.74,",,,G"
AG000060590,1950-04-01,30.5667,2.8667,397.0,"EL GOLEA, AG",71.0,G,63.3,",G",0.0,"1,I",0.0,"1,I",0.0,"1,I",0.0,",G",0.0,",G",0.0,",G",25.0,",G",5.0,",G",19500403.0,",,G",19500430.0,"+,1,I",19500427.0,",,G",4.8,",G,03,",0.0,"1,,I,30,+",35.2,",G,27,",787.4,G,23.8,",G",0.0,"1,,,I",1.9649999999999999,",G",2.67,",,,G",1.26,",,,G"
AG000060590,1950-05-01,30.5667,2.8667,397.0,"EL GOLEA, AG",354.0,G,283.0,",G",1.0,",I",0.0,",I",0.0,",I",0.0,",G",0.0,",G",0.0,",G",31.0,",G",20.0,",G",19500502.0,",,G",19500506.0,",,I",19500530.0,",,G",10.4,",G,02,",2.0,",,I,06,",43.4,",G,30,",788.8,G,1.4,",G",2.0,",,,I",2.742,",G",3.493,",,,G",1.991,",,,G"
AG000060590,1950-06-01,30.5667,2.8667,397.0,"EL GOLEA, AG",809.3,G,455.3,",G",0.0,",I",0.0,",I",0.0,",I",0.0,",G",0.0,",G",0.0,",G",30.0,",G",30.0,",G",19500622.0,",,G",19500630.0,"+,,I",19500624.0,",,G",21.3,",G,22,",0.0,",,I,30,+",46.6,",G,24,",788.8,G,0.0,",G",0.0,",,,I",3.351,",G",4.103,",,,G",2.5989999999999998,",,,G"
AG000060590,1950-07-01,30.5667,2.8667,397.0,"EL GOLEA, AG",1281.9,G,472.6,",G",0.0,"1,I",0.0,"1,I",0.0,"1,I",0.0,",G",0.0,",G",0.0,",G",31.0,",G",31.0,",G",19500722.0,",,G",19500731.0,"+,1,I",19500716.0,",,G",22.4,",G,22,",0.0,"1,,I,31,+",44.4,",G,16,",0.0,G,0.0,",G",0.0,"1,,,I",3.3579999999999997,",G",4.054,",,,G",2.662,",,,G"
AG000060590,1950-08-01,30.5667,2.8667,397.0,"EL GOLEA, AG",1731.7,G,449.8,",G",0.0,",I",0.0,",I",0.0,",I",0.0,",G",0.0,",G",0.0,",G",31.0,",G",31.0,",G",19500817.0,",,G",19500831.0,"+,,I",19500804.0,",,G",22.6,",G,17,",0.0,",,I,31,+",43.4,",G,04,",0.0,G,0.0,",G",0.0,",,,I",3.2840000000000003,",G",3.97,",,,G",2.5989999999999998,",,,G"
AG000060590,1950-09-01,30.5667,2.8667,397.0,"EL GOLEA, AG",2092.2,G,360.5,",G",2.0,",I",2.0,",I",0.0,",I",0.0,",G",0.0,",G",0.0,",G",30.0,",G",28.0,",G",19500907.0,",,G",19500906.0,",,I",19500904.0,",,G",19.4,",G,07,",11.0,",,I,06,",40.4,",G,04,",0.0,G,0.0,",G",14.0,",,,I",3.035,",G",3.693,",,,G",2.3760000000000003,",,,G"
AG000060590,1950-10-01,30.5667,2.8667,397.0,"EL GOLEA, AG",2205.2,G,113.0,",G",2.0,"1,I",2.0,"1,I",0.0,"1,I",0.0,",G",0.0,",G",0.0,",G",31.0,",G",1.0,",G",19501031.0,",,G",19501022.0,",1,I",19501002.0,",,G",7.8,",G,31,",7.0,"1,,I,22,",34.0,",G,02,",9.5,G,9.5,",G",10.0,"1,,,I",2.1670000000000003,",G",2.73,",,,G",1.6039999999999999,",,,G"
AG000060590,1950-11-01,30.5667,2.8667,397.0,"EL GOLEA, AG",2211.3,G,6.1,",G",0.0,",I",0.0,",I",0.0,",I",0.0,",G",0.0,",G",0.0,",G",26.0,",G",0.0,",G",19501122.0,",,G",19501130.0,"+,,I",19501108.0,",,G",3.4,",G,22,",0.0,",,I,30,+",29.6,",G,08,",91.0,G,81.5,",G",0.0,",,,I",1.582,",G",2.354,",,,G",0.8089999999999999,",,,G"
AG000060590,1950-12-01,30.5667,2.8667,397.0,"EL GOLEA, AG",2211.3,G,0.0,",G",0.0,",I",0.0,",I",0.0,",I",0.0,",G",6.0,",G",0.0,",G",4.0,",G",0.0,",G",19501212.0,",,G",19501231.0,"+,,I",19501204.0,",,G",-2.4,",G,12,",0.0,",,I,31,+",23.0,",G,04,",343.9,G,252.9,",G",0.0,",,,I",1.017,",G",1.7670000000000001,",,,G",0.268,",,,G"
AG000060590,1951-01-01,30.5667,2.8667,397.0,"EL GOLEA, AG",0.0,G,0.0,",G",1.0,",I",1.0,",I",0.0,",I",0.0,",G",6.0,",G",0.0,",G",3.0,",G",0.0,",G",19510131.0,"+,,G",19510111.0,",,I",19510122.0,",,G",-1.4,",G,31,+",5.0,",,I,11,",23.0,",G,22,",609.6,G,265.7,",G",5.0,",,,I",0.976,",G",1.671,",,,G",0.281,",,,G"
AG000060590,1951-02-01,30.5667,2.8667,397.0,"EL GOLEA, AG",1.1,G,1.1,",G",0.0,"4,I",0.0,"4,I",0.0,"4,I",0.0,",G",3.0,",G",0.0,",G",10.0,",G",0.0,",G",19510202.0,",,G",19510228.0,"+,4,I",19510225.0,"+,,G",-1.8,",G,02,",0.0,"4,,I,28,+",28.1,",G,25,+",764.9,G,155.3,",G",0.0,"4,,,I",1.283,",G",2.051,",,,G",0.514,",,,G"
AG000060590,1951-03-01,30.5667,2.8667,397.0,"EL GOLEA, AG",53.5,G,52.4,",G",2.0,",I",1.0,",I",0.0,",I",0.0,",G",0.0,",G",0.0,",G",27.0,",G",4.0,",G",19510307.0,",,G",19510303.0,",,I",19510319.0,",,G",4.3,",G,07,",10.0,",,I,03,",36.2,",G,19,",817.0,G,52.1,",G",11.0,",,,I",1.834,",G",2.5940000000000003,",,,G",1.075,",,,G"
AG000060590,1951-04-01,30.5667,2.8667,397.0,"EL GOLEA, AG",208.6,G,155.1,",G",0.0,",I",0.0,",I",0.0,",I",0.0,",G",0.0,",G",0.0,",G",29.0,",G",16.0,",G",19510403.0,",,G",19510430.0,"+,,I",19510420.0,",,G",5.7,",G,03,",0.0,",,I,30,+",39.6,",G,20,",827.9,G,10.9,",G",0.0,",,,I",2.314,",G",3.116,",,,G",1.512,",,,G"
AG000060590,1951-05-01,30.5667,2.8667,397.0,"EL GOLEA, AG",413.1,G,204.5,",G",0.0,"1,I",0.0,"1,I",0.0,"1,I",0.0,",G",0.0,",G",0.0,",G",31.0,",G",17.0,",G",19510510.0,",,G",19510531.0,"+,1,I",19510526.0,",,G",8.8,",G,10,",0.0,"1,,I,31,+",39.8,",G,26,",829.9,G,2.0,",G",0.0,"1,,,I",2.487,",G",3.2479999999999998,",,,G",1.725,",,,G"
AG000060590,1951-06-01,30.5667,2.8667,397.0,"EL GOLEA, AG",817.0,G,403.9,",G",0.0,",I",0.0,",I",0.0,",I",0.0,",G",0.0,",G",0.0,",G",30.0,",G",30.0,",G",19510606.0,",,G",19510630.0,"+,,I",19510625.0,",,G",17.2,",G,06,",0.0,",,I,30,+",45.0,",G,25,",829.9,G,0.0,",G",0.0,",,,I",3.18,",G",3.9259999999999997,",,,G",2.433,",,,G"
AG000060590,1951-07-01,30.5667,2.8667,397.0,"EL GOLEA, AG",1327.3,G,510.3,",G",0.0,",I",0.0,",I",0.0,",I",0.0,",G",0.0,",G",0.0,",G",31.0,",G",31.0,",G",19510725.0,",,G",19510731.0,"+,,I",19510709.0,",,G",23.0,",G,25,",0.0,",,I,31,+",47.1,",G,09,",0.0,G,0.0,",G",0.0,",,,I",3.4799999999999995,",G",4.258,",,,G",2.701,",,,G"
AG000060590,1951-08-01,30.5667,2.8667,397.0,"EL GOLEA, AG",1800.5,G,473.2,",G",0.0,",I",0.0,",I",0.0,",I",0.0,",G",0.0,",G",0.0,",G",31.0,",G",31.0,",G",19510819.0,"+,,G",19510831.0,"+,,I",19510820.0,",,G",22.8,",G,19,+",0.0,",,I,31,+",44.2,",G,20,",0.0,G,0.0,",G",0.0,",,,I",3.3600000000000003,",G",4.135,",,,G",2.585,",,,G"
AG000060590,1951-09-01,30.5667,2.8667,397.0,"EL GOLEA, AG",2122.6,G,322.1,",G",2.0,"1,I",1.0,"1,I",0.0,"1,I",0.0,",G",0.0,",G",0.0,",G",30.0,",G",23.0,",G",19510915.0,",,G",19510912.0,",1,I",19510901.0,",,G",18.3,",G,15,",4.0,"1,,I,12,",44.0,",G,01,",0.0,G,0.0,",G",6.0,"1,,,I",2.907,",G",3.582,",,,G",2.232,",,,G"
AG000060590,1951-10-01,30.5667,2.8667,397.0,"EL GOLEA, AG",2196.3,G,73.7,",G",1.0,"3,I",1.0,"3,I",0.0,"3,I",0.0,",G",0.0,",G",0.0,",G",31.0,",G",1.0,",G",19511026.0,",,G",19511002.0,",3,I",19511002.0,",,G",5.2,",G,26,",8.0,"3,,I,02,",33.7,",G,02,",8.3,G,8.3,",G",8.0,"3,,,I",2.044,",G",2.676,",,,G",1.413,",,,G"
AG000060590,1951-11-01,30.5667,2.8667,397.0,"EL GOLEA, AG",2211.4,G,15.1,",G",2.0,"1,I",0.0,"1,I",0.0,"1,I",0.0,",G",0.0,",G",0.0,",G",20.0,",G",0.0,",G",19511121.0,",,G",19511120.0,"+,1,I",19511106.0,",,G",3.7,",G,21,",2.0,"1,,I,20,+",28.8,",G,06,",97.3,G,89.0,",G",4.0,"1,,,I",1.587,",G",2.2329999999999997,",,,G",0.9400000000000001,",,,G"
AG000060590,1951-12-01,30.5667,2.8667,397.0,"EL GOLEA, AG",2211.4,G,0.0,",G",2.0,"1,I",0.0,"1,I",0.0,"1,I",0.0,",G",0.0,",G",0.0,",G",1.0,",G",0.0,",G",19511225.0,",,G",19511220.0,"+,1,I",19511229.0,",,G",1.2,",G,25,",1.0,"1,,I,20,+",21.8,",G,29,",310.1,G,212.8,",G",2.0,"1,,,I",1.147,",G",1.738,",,,G",0.5559999999999999,",,,G"
AG000060590,1952-01-01,30.5667,2.8667,397.0,"EL GOLEA, AG",0.0,G,0.0,",G",3.0,"2,I",3.0,"2,I",0.0,"2,I",0.0,",G",8.0,",G",0.0,",G",0.0,",G",0.0,",G",19520112.0,",,G",19520112.0,",2,I",19520126.0,",,G",-3.0,",G,12,",8.0,"2,,I,12,",20.0,",G,26,",624.0,G,313.9,",G",20.0,"2,,,I",0.8210000000000001,",G",1.46,",,,G",0.182,",,,G"
AG000060590,1952-02-01,30.5667,2.8667,397.0,"EL GOLEA, AG",0.0,G,0.0,",G",0.0,",I",0.0,",I",0.0,",I",0.0,",G",2.0,",G",0.0,",G",7.0,",G",0.0,",G",19520207.0,",,G",19520229.0,"+,,I",19520203.0,",,G",-1.2,",G,07,",0.0,",,I,29,+",25.4,",G,03,",826.4,G,202.4,",G",0.0,",,,I",1.136,",G",1.845,",,,G",0.426,",,,G"
AG000060590,1952-03-01,30.5667,2.8667,397.0,"EL GOLEA, AG",62.1,G,62.1,",G",0.0,",I",0.0,",I",0.0,",I",0.0,",G",0.0,",G",0.0,",G",28.0,",G",6.0,",G",19520302.0,",,G",19520331.0,"+,,I",19520329.0,",,G",2.1,",G,02,",0.0,",,I,31,+",36.0,",G,29,",863.7,G,37.3,",G",0.0,",,,I",1.9129999999999998,",G",2.742,",,,G",1.084,",,,G"
AG000060590,1952-04-01,30.5667,2.8667,397.0,"EL GOLEA, AG",113.8,G,51.7,",G",4.0,"1,I",2.0,"1,I",0.0,"1,I",0.0,",G",0.0,",G",0.0,",G",25.0,",G",0.0,",G",19520406.0,",,G",19520423.0,"+,1,I",19520401.0,",,G",4.2,",G,06,",3.0,"1,,I,23,+",31.7,",G,01,",897.1,G,33.4,",G",9.0,"1,,,I",1.8940000000000001,",G",2.533,",,,G",1.256,",,,G"
AG000060590,1952-05-01,30.5667,2.8667,397.0,"EL GOLEA, AG",348.3,G,234.5,",G",0.0,",I",0.0,",I",0.0,",I",0.0,",G",0.0,",G",0.0,",G",31.0,",G",21.0,",G",19520501.0,",,G",19520531.0,"+,,I",19520528.0,",,G",12.2,",G,01,",0.0,",,I,31,+",36.1,",G,28,",897.1,G,0.0,",G",0.0,",,,I",2.59,",G",3.2990000000000004,",,,G",1.8800000000000001,",,,G"
AG000060590,1952-06-01,30.5667,2.8667,397.0,"EL GOLEA, AG",818.4,G,470.1,",G",0.0,",I",0.0,",I",0.0,",I",0.0,",G",0.0,",G",0.0,",G",30.0,",G",30.0,",G",19520606.0,",,G",19520630.0,"+,,I",19520628.0,",,G",20.5,",G,06,",0.0,",,I,30,+",45.7,",G,28,",897.1,G,0.0,",G",0.0,",,,I",3.4,",G",4.1899999999999995,",,,G",2.6100000000000003,",,,G"
AG000060590,1952-07-01,30.5667,2.8667,397.0,"EL GOLEA, AG",1322.8,G,504.4,",G",0.0,",I",0.0,",I",0.0,",I",0.0,",G",0.0,",G",0.0,",G",31.0,",G",31.0,",G",19520729.0,",,G",19520731.0,"+,,I",19520726.0,",,G",23.6,",G,29,",0.0,",,I,31,+",46.5,",G,26,",0.0,G,0.0,",G",0.0,",,,I",3.46,",G",4.1850000000000005,",,,G",2.7350000000000003,",,,G"
AG000060590,1952-08-01,30.5667,2.8667,397.0,"EL GOLEA, AG",1829.4,G,506.6,",G",0.0,",I",0.0,",I",0.0,",I",0.0,",G",0.0,",G",0.0,",G",31.0,",G",31.0,",G",19520819.0,",,G",19520831.0,"+,,I",19520803.0,",,G",22.9,",G,19,",0.0,",,I,31,+",46.7,",G,03,",0.0,G,0.0,",G",0.0,",,,I",3.467,",G",4.181,",,,G",2.754,",,,G"
AG000060590,1952-09-01,30.5667,2.8667,397.0,"EL GOLEA, AG",2219.2,G,389.8,",G",0.0,"3,I",0.0,"3,I",0.0,"3,I",0.0,",G",0.0,",G",0.0,",G",30.0,",G",27.0,",G",19520926.0,",,G",19520930.0,"+,3,I",19520918.0,",,G",15.0,",G,26,",0.0,"3,,I,30,+",43.0,",G,18,",0.0,G,0.0,",G",0.0,"3,,,I",3.133,",G",3.8369999999999997,",,,G",2.429,",,,G"
AG000060590,1952-10-01,30.5667,2.8667,397.0,"EL GOLEA, AG",2415.7,G,196.5,",G",1.0,",I",0.0,",I",0.0,",I",0.0,",G",0.0,",G",0.0,",G",31.0,",G",15.0,",G",19521024.0,",,G",19521020.0,",,I",19521017.0,",,G",12.0,",G,24,",1.0,",,I,20,",36.0,",G,17,",0.0,G,0.0,",G",1.0,",,,I",2.467,",G",3.1350000000000002,",,,G",1.8,",,,G"
AG000060590,1952-11-01,30.5667,2.8667,397.0,"EL GOLEA, AG",2416.3,G,0.6,",G",0.0,"2,I",0.0,"2,I",0.0,"2,I",0.0,",G",0.0,",G",0.0,",G",26.0,",G",0.0,",G",19521111.0,",,G",19521130.0,"+,2,I",19521130.0,",,G",2.0,",G,11,",0.0,"2,,I,30,+",28.3,",G,30,",87.8,G,87.8,",G",0.0,"2,,,I",1.543,",G",2.34,",,,G",0.746,",,,G"
AG000060590,1952-12-01,30.5667,2.8667,397.0,"EL GOLEA, AG",2419.6,G,3.3,",G",0.0,",I",0.0,",I",0.0,",I",0.0,",G",7.0,",G",0.0,",G",6.0,",G",0.0,",G",19521207.0,",,G",19521231.0,"+,,I",19521201.0,",,G",-1.2,",G,07,",0.0,",,I,31,+",29.0,",G,01,",308.2,G,220.4,",G",0.0,",,,I",1.133,",G",1.895,",,,G",0.37,",,,G"
AG000060590,1953-01-01,30.5667,2.8667,397.0,"EL GOLEA, AG",0.0,G,0.0,",G",0.0,"4,I",0.0,"4,I",0.0,"4,I",0.0,",G",13.0,",G",0.0,",G",0.0,",G",0.0,",G",19530112.0,",,G",19530131.0,"+,4,I",19530125.0,",,G",-3.8,",G,12,",0.0,"4,,I,31,+",19.7,",G,25,",624.0,G,315.8,",G",0.0,"4,,,I",0.8150000000000001,",G",1.491,",,,G",0.13799999999999998,",,,G"
AG000060590,1953-02-01,30.5667,2.8667,397.0,"EL GOLEA, AG",0.0,G,0.0,",G",0.0,"1,I",0.0,"1,I",0.0,"1,I",0.0,",G",3.0,",G",0.0,",G",10.0,",G",0.0,",G",19530219.0,",,G",19530228.0,"+,1,I",19530206.0,",,G",-1.5,",G,19,",0.0,"1,,I,28,+",26.2,",G,06,",818.2,G,194.2,",G",0.0,"1,,,I",1.1400000000000001,",G",1.839,",,,G",0.441,",,,G"
AG000060590,1953-03-01,30.5667,2.8667,397.0,"EL GOLEA, AG",0.0,G,0.0,",G",2.0,"1,I",2.0,"1,I",1.0,"1,I",0.0,",G",0.0,",G",0.0,",G",5.0,",G",0.0,",G",19530310.0,",,G",19530314.0,",1,I",19530331.0,",,G",2.4,",G,10,",26.0,"1,,I,14,",22.8,",G,31,",971.9,G,153.7,",G",35.0,"1,,,I",1.337,",G",1.873,",,,G",0.8019999999999999,",,,G"
AG000060590,1953-04-01,30.5667,2.8667,397.0,"EL GOLEA, AG",163.4,G,163.4,",G",2.0,"2,I",2.0,"2,I",0.0,"2,I",0.0,",G",0.0,",G",0.0,",G",29.0,",G",17.0,",G",19530401.0,",,G",19530430.0,"+,2,I",19530413.0,",,G",7.2,",G,01,",4.0,"2,,I,30,+",37.2,",G,13,",975.8,G,3.9,",G",8.0,"2,,,I",2.3649999999999998,",G",3.168,",,,G",1.5619999999999998,",,,G"
AG000060590,1953-05-01,30.5667,2.8667,397.0,"EL GOLEA, AG",388.2,G,224.8,",G",0.0,"1,I",0.0,"1,I",0.0,"1,I",0.0,",G",0.0,",G",0.0,",G",31.0,",G",15.0,",G",19530504.0,",,G",19530531.0,"+,1,I",19530513.0,",,G",13.4,",G,04,",0.0,"1,,I,31,+",37.8,",G,13,",975.8,G,0.0,",G",0.0,"1,,,I",2.558,",G",3.225,",,,G",1.8920000000000001,",,,G"
AG000060590,1953-06-01,30.5667,2.8667,397.0,"EL GOLEA, AG",737.0,G,348.8,",G",3.0,",I",1.0,",I",0.0,",I",0.0,",G",0.0,",G",0.0,",G",30.0,",G",29.0,",G",19530608.0,",,G",19530604.0,",,I",19530630.0,",,G",14.3,",G,08,",7.0,",,I,04,",43.5,",G,30,",975.8,G,0.0,",G",9.0,",,,I",2.996,",G",3.782,",,,G",2.21,",,,G"
AG000060590,1953-07-01,30.5667,2.8667,397.0,"EL GOLEA, AG",1270.7,G,533.7,",G",0.0,"3,I",0.0,"3,I",0.0,"3,I",0.0,",G",0.0,",G",0.0,",G",31.0,",G",31.0,",G",19530731.0,"+,,G",19530731.0,"+,3,I",19530713.0,",,G",24.0,",G,31,+",0.0,"3,,I,31,+",46.1,",G,13,",0.0,G,0.0,",G",0.0,"3,,,I",3.5549999999999997,",G",4.298,",,,G",2.8120000000000003,",,,G"
AG000060590,1953-08-01,30.5667,2.8667,397.0,"EL GOLEA, AG",1682.1,G,411.4,",G",0.0,",I",0.0,",I",0.0,",I",0.0,",G",0.0,",G",0.0,",G",31.0,",G",31.0,",G",19530807.0,",,G",19530831.0,"+,,I",19530801.0,",,G",19.3,",G,07,",0.0,",,I,31,+",43.4,",G,01,",0.0,G,0.0,",G",0.0,",,,I",3.16,",G",3.836,",,,G",2.4850000000000003,",,,G"
AG000060590,1953-09-01,30.5667,2.8667,397.0,"EL GOLEA, AG",2008.9,G,326.8,",G",1.0,"1,I",0.0,"1,I",0.0,"1,I",0.0,",G",0.0,",G",0.0,",G",30.0,",G",25.0,",G",19530929.0,",,G",19530927.0,",1,I",19530924.0,",,G",17.6,",G,29,",1.0,"1,,I,27,",41.3,",G,24,",0.0,G,0.0,",G",1.0,"1,,,I",2.923,",G",3.569,",,,G",2.2760000000000002,",,,G"
AG000060590,1953-10-01,30.5667,2.8667,397.0,"EL GOLEA, AG",2144.6,G,135.7,",G",1.0,",I",0.0,",I",0.0,",I",0.0,",G",0.0,",G",0.0,",G",31.0,",G",8.0,",G",19531028.0,",,G",19531021.0,",,I",19531013.0,",,G",8.1,",G,28,",1.0,",,I,21,",37.7,",G,13,",3.9,G,3.9,",G",1.0,",,,I",2.259,",G",2.913,",,,G",1.6039999999999999,",,,G"
AG000060590,1953-11-01,30.5667,2.8667,397.0,"EL GOLEA, AG",2147.6,G,3.0,",G",1.0,",I",0.0,",I",0.0,",I",0.0,",G",0.0,",G",0.0,",G",14.0,",G",0.0,",G",19531110.0,",,G",19531120.0,",,I",19531101.0,",,G",5.0,",G,10,",1.0,",,I,20,",29.1,",G,01,",91.9,G,88.0,",G",1.0,",,,I",1.55,",G",2.149,",,,G",0.951,",,,G"
AG000060590,1953-12-01,30.5667,2.8667,397.0,"EL GOLEA, AG",2147.6,G,0.0,",G",3.0,"1,I",3.0,"1,I",0.0,"1,I",0.0,",G",0.0,",G",0.0,",G",4.0,",G",0.0,",G",19531227.0,",,G",19531221.0,",1,I",19531218.0,",,G",2.0,",G,27,",4.0,"1,,I,21,",23.0,",G,18,",267.2,G,175.3,",G",10.0,"1,,,I",1.268,",G",1.797,",,,G",0.738,",,,G"
AG000060590,1954-01-01,30.5667,2.8667,397.0,"EL GOLEA, AG",0.0,G,0.0,",G",1.0,",I",0.0,",I",0.0,",I",0.0,",G",9.0,",G",0.0,",G",0.0,",G",0.0,",G",19540111.0,",,G",19540131.0,",,I",19540123.0,",,G",-5.0,",G,11,",1.0,",,I,31,",20.9,",G,23,",550.7,G,283.5,",G",1.0,",,,I",0.9189999999999999,",G",1.629,",,,G",0.20800000000000002,",,,G"
AG000060590,1954-02-01,30.5667,2.8667,397.0,"EL GOLEA, AG",0.0,G,0.0,",G",2.0,"1,I",0.0,"1,I",0.0,"1,I",0.0,",G",2.0,",G",0.0,",G",2.0,",G",0.0,",G",19540203.0,",,G",19540216.0,"+,1,I",19540214.0,",,G",-1.8,",G,03,",2.0,"1,,I,16,+",23.9,",G,14,",749.4,G,198.7,",G",4.0,"1,,,I",1.124,",G",1.8079999999999998,",,,G",0.44000000000000006,",,,G"
AG000060590,1954-03-01,30.5667,2.8667,397.0,"EL GOLEA, AG",19.4,G,19.4,",G",2.0,"1,I",1.0,"1,I",0.0,"1,I",0.0,",G",0.0,",G",0.0,",G",25.0,",G",0.0,",G",19540307.0,",,G",19540318.0,",1,I",19540324.0,",,G",3.0,",G,07,",9.0,"1,,I,18,",31.3,",G,24,",830.5,G,81.1,",G",10.0,"1,,,I",1.634,",G",2.391,",,,G",0.877,",,,G"
AG000060590,1954-04-01,30.5667,2.8667,397.0,"EL GOLEA, AG",77.5,G,58.1,",G",1.0,"1,I",0.0,"1,I",0.0,"1,I",0.0,",G",0.0,",G",0.0,",G",29.0,",G",2.0,",G",19540420.0,"+,,G",19540405.0,",1,I",19540427.0,",,G",7.8,",G,20,+",1.0,"1,,I,05,",33.8,",G,27,",849.8,G,19.3,",G",1.0,"1,,,I",1.9629999999999999,",G",2.665,",,,G",1.26,",,,G"
AG000060590,1954-05-01,30.5667,2.8667,397.0,"EL GOLEA, AG",314.0,G,236.5,",G",1.0,",I",0.0,",I",0.0,",I",0.0,",G",0.0,",G",0.0,",G",31.0,",G",19.0,",G",19540506.0,",,G",19540517.0,",,I",19540531.0,",,G",9.3,",G,06,",1.0,",,I,17,",40.0,",G,31,",850.6,G,0.8,",G",1.0,",,,I",2.5940000000000003,",G",3.345,",,,G",1.842,",,,G"
AG000060590,1954-06-01,30.5667,2.8667,397.0,"EL GOLEA, AG",741.6,G,427.6,",G",0.0,"1,I",0.0,"1,I",0.0,"1,I",0.0,",G",0.0,",G",0.0,",G",30.0,",G",30.0,",G",19540610.0,",,G",19540630.0,"+,1,I",19540630.0,",,G",19.8,",G,10,",0.0,"1,,I,30,+",47.0,",G,30,",850.6,G,0.0,",G",0.0,"1,,,I",3.2590000000000003,",G",4.029999999999999,",,,G",2.487,",,,G"
AG000060590,1954-07-01,30.5667,2.8667,397.0,"EL GOLEA, AG",1178.0,G,436.4,",G",0.0,",I",0.0,",I",0.0,",I",0.0,",G",0.0,",G",0.0,",G",31.0,",G",31.0,",G",19540718.0,",,G",19540731.0,"+,,I",19540701.0,",,G",22.0,",G,18,",0.0,",,I,31,+",46.7,",G,01,",0.0,G,0.0,",G",0.0,",,,I",3.2409999999999997,",G",3.96,",,,G",2.522,",,,G"
AG000060590,1954-08-01,30.5667,2.8667,397.0,"EL GOLEA, AG",1611.0,G,433.0,",G",0.0,"1,I",0.0,"1,I",0.0,"1,I",0.0,",G",0.0,",G",0.0,",G",31.0,",G",31.0,",G",19540824.0,",,G",19540831.0,"+,1,I",19540808.0,",,G",19.8,",G,24,",0.0,"1,,I,31,+",45.2,",G,08,",0.0,G,0.0,",G",0.0,"1,,,I",3.2299999999999995,",G",3.996,",,,G",2.464,",,,G"
AG000060590,1954-09-01,30.5667,2.8667,397.0,"EL GOLEA, AG",1937.6,G,326.6,",G",0.0,",I",0.0,",I",0.0,",I",0.0,",G",0.0,",G",0.0,",G",30.0,",G",27.0,",G",19540929.0,",,G",19540930.0,"+,,I",19540915.0,",,G",15.5,",G,29,",0.0,",,I,30,+",41.7,",G,15,",0.0,G,0.0,",G",0.0,",,,I",2.9219999999999997,",G",3.651,",,,G",2.193,",,,G"
AG000060590,1954-10-01,30.5667,2.8667,397.0,"EL GOLEA, AG",2014.7,G,77.1,",G",1.0,"1,I",0.0,"1,I",0.0,"1,I",0.0,",G",0.0,",G",0.0,",G",30.0,",G",0.0,",G",19541011.0,",,G",19541010.0,",1,I",19541007.0,",,G",8.8,",G,11,",1.0,"1,,I,10,",32.0,",G,07,",9.5,G,9.5,",G",1.0,"1,,,I",2.051,",G",2.7670000000000003,",,,G",1.3359999999999999,",,,G"
AG000060590,1954-11-01,30.5667,2.8667,397.0,"EL GOLEA, AG",2047.5,G,32.8,",G",4.0,"2,I",0.0,"2,I",0.0,"2,I",0.0,",G",0.0,",G",0.0,",G",21.0,",G",0.0,",G",19541120.0,",,G",19541120.0,",2,I",19541108.0,"+,,G",4.8,",G,20,",2.0,"2,,I,20,",30.0,",G,08,+",78.8,G,69.3,",G",5.0,"2,,,I",1.7109999999999999,",G",2.391,",,,G",1.0310000000000001,",,,G"
AG000060590,1954-12-01,30.5667,2.8667,397.0,"EL GOLEA, AG",2047.5,G,0.0,",G",1.0,"1,I",1.0,"1,I",0.0,"1,I",0.0,",G",1.0,",G",0.0,",G",3.0,",G",0.0,",G",19541223.0,",,G",19541208.0,",1,I",19541201.0,",,G",0.0,",G,23,",9.0,"1,,I,08,",22.9,",G,01,",290.6,G,211.8,",G",9.0,"1,,,I",1.15,",G",1.764,",,,G",0.537,",,,G"
AG000060590,1955-01-01,30.5667,2.8667,397.0,"EL GOLEA, AG",0.0,G,0.0,",G",1.0,"1,I",0.0,"1,I",0.0,"1,I",0.0,",G",0.0,",G",0.0,",G",17.0,",G",0.0,",G",19550129.0,",,G",19550125.0,",1,I",19550114.0,",,G",3.6,",G,29,",1.0,"1,,I,25,",26.3,",G,14,",430.7,G,140.1,",G",1.0,"1,,,I",1.381,",G",2.1239999999999997,",,,G",0.639,",,,G"
AG000060590,1955-02-01,30.5667,2.8667,397.0,"EL GOLEA, AG",8.9,G,8.9,",G",0.0,"1,I",0.0,"1,I",0.0,"1,I",0.0,",G",0.0,",G",0.0,",G",19.0,",G",1.0,",G",19550228.0,",,G",19550228.0,"+,1,I",19550223.0,",,G",1.7,",G,28,",0.0,"1,,I,28,+",32.2,",G,23,",521.5,G,90.8,",G",0.0,"1,,,I",1.541,",G",2.3649999999999998,",,,G",0.716,",,,G"
AG000060590,1955-03-01,30.5667,2.8667,397.0,"EL GOLEA, AG",53.3,G,44.4,",G",0.0,",I",0.0,",I",0.0,",I",0.0,",G",0.0,",G",0.0,",G",24.0,",G",3.0,",G",19550301.0,",,G",19550331.0,"+,,I",19550329.0,",,G",1.2,",G,01,",0.0,",,I,31,+",35.6,",G,29,",608.3,G,86.8,",G",0.0,",,,I",1.6960000000000002,",G",2.493,",,,G",0.9,",,,G"
AG000060590,1955-04-01,30.5667,2.8667,397.0,"EL GOLEA, AG",131.2,G,77.9,",G",1.0,",I",1.0,",I",0.0,",I",0.0,",G",0.0,",G",0.0,",G",29.0,",G",5.0,",G",19550415.0,",,G",19550423.0,",,I",19550420.0,",,G",6.0,",G,15,",3.0,",,I,23,",35.2,",G,20,",624.3,G,16.0,",G",3.0,",,,I",2.039,",G",2.7809999999999997,",,,G",1.298,",,,G"
AG000060590,1955-05-01,30.5667,2.8667,397.0,"EL GOLEA, AG",439.3,G,308.1,",G",0.0,",I",0.0,",I",0.0,",I",0.0,",G",0.0,",G",0.0,",G",31.0,",G",25.0,",G",19550503.0,",,G",19550531.0,"+,,I",19550522.0,",,G",14.8,",G,03,",0.0,",,I,31,+",41.4,",G,22,",624.3,G,0.0,",G",0.0,",,,I",2.827,",G",3.5840000000000005,",,,G",2.071,",,,G"
AG000060590,1955-06-01,30.5667,2.8667,397.0,"EL GOLEA, AG",873.0,G,433.7,",G",0.0,",I",0.0,",I",0.0,",I",0.0,",G",0.0,",G",0.0,",G",30.0,",G",30.0,",G",19550607.0,",,G",19550630.0,"+,,I",19550610.0,",,G",22.8,",G,07,",0.0,",,I,30,+",44.0,",G,10,",624.3,G,0.0,",G",0.0,",,,I",3.279,",G",3.944,",,,G",2.614,",,,G"
AG000060590,1955-07-01,30.5667,2.8667,397.0,"EL GOLEA, AG",1419.3,G,546.3,",G",0.0,",I",0.0,",I",0.0,",I",0.0,",G",0.0,",G",0.0,",G",31.0,",G",31.0,",G",19550707.0,",,G",19550731.0,"+,,I",19550714.0,"+,,G",24.5,",G,07,",0.0,",,I,31,+",46.2,",G,14,+",0.0,G,0.0,",G",0.0,",,,I",3.596,",G",4.356,",,,G",2.835,",,,G"
AG000060590,1955-08-01,30.5667,2.8667,397.0,"EL GOLEA, AG",1914.8,G,495.5,",G",0.0,",I",0.0,",I",0.0,",I",0.0,",G",0.0,",G",0.0,",G",31.0,",G",31.0,",G",19550826.0,",,G",19550831.0,"+,,I",19550806.0,",,G",22.5,",G,26,",0.0,",,I,31,+",47.0,",G,06,",0.0,G,0.0,",G",0.0,",,,I",3.432,",G",4.139,",,,G",2.725,",,,G"
AG000060590,1955-09-01,30.5667,2.8667,397.0,"EL GOLEA, AG",2243.6,G,328.8,",G",2.0,",I",0.0,",I",0.0,",I",0.0,",G",0.0,",G",0.0,",G",30.0,",G",24.0,",G",19550927.0,",,G",19550925.0,",,I",19550901.0,",,G",15.9,",G,27,",2.0,",,I,25,",42.0,",G,01,",0.0,G,0.0,",G",3.0,",,,I",2.929,",G",3.625,",,,G",2.234,",,,G"
AG000060590,1955-10-01,30.5667,2.8667,397.0,"EL GOLEA, AG",2392.2,G,148.6,",G",2.0,"3,I",1.0,"3,I",0.0,"3,I",0.0,",G",0.0,",G",0.0,",G",31.0,",G",11.0,",G",19551009.0,",,G",19551031.0,",3,I",19551013.0,",,G",13.4,",G,09,",3.0,"3,,I,31,",35.4,",G,13,",0.0,G,0.0,",G",5.0,"3,,,I",2.3129999999999997,",G",3.005,",,,G",1.6199999999999999,",,,G"
AG000060590,1955-11-01,30.5667,2.8667,397.0,"EL GOLEA, AG",2438.0,G,45.8,",G",1.0,"1,I",0.0,"1,I",0.0,"1,I",0.0,",G",0.0,",G",0.0,",G",23.0,",G",1.0,",G",19551130.0,",,G",19551126.0,",1,I",19551110.0,",,G",5.2,",G,30,",1.0,"1,,I,26,",33.8,",G,10,",46.4,G,46.4,",G",1.0,"1,,,I",1.832,",G",2.482,",,,G",1.181,",,,G"
AG000060590,1955-12-01,30.5667,2.8667,397.0,"EL GOLEA, AG",2438.0,G,0.0,",G",2.0,"1,I",2.0,"1,I",0.0,"1,I",0.0,",G",0.0,",G",0.0,",G",7.0,",G",0.0,",G",19551228.0,",,G",19551206.0,",1,I",19551216.0,",,G",3.3,",G,28,",22.0,"1,,I,06,",23.7,",G,16,",203.0,G,156.6,",G",36.0,"1,,,I",1.3279999999999998,",G",1.879,",,,G",0.7769999999999999,",,,G"
AG000060590,1956-01-01,30.5667,2.8667,397.0,"EL GOLEA, AG",0.5,G,0.5,",G",1.0,"1,I",0.0,"1,I",0.0,"1,I",0.0,",G",1.0,",G",0.0,",G",12.0,",G",0.0,",G",19560111.0,",,G",19560118.0,",1,I",19560119.0,",,G",-0.4,",G,11,",1.0,"1,,I,18,",26.2,",G,19,",395.9,G,192.9,",G",1.0,"1,,,I",1.213,",G",1.8820000000000001,",,,G",0.544,",,,G"
AG000060590,1956-02-01,30.5667,2.8667,397.0,"EL GOLEA, AG",0.7,G,0.2,",G",0.0,"2,I",0.0,"2,I",0.0,"2,I",0.0,",G",6.0,",G",0.0,",G",7.0,",G",0.0,",G",19560207.0,",,G",19560229.0,"+,2,I",19560215.0,",,G",-2.5,",G,07,",0.0,"2,,I,29,+",23.8,",G,15,",603.6,G,207.7,",G",0.0,"2,,,I",1.1179999999999999,",G",1.752,",,,G",0.483,",,,G"
AG000060590,1956-03-01,30.5667,2.8667,397.0,"EL GOLEA, AG",12.3,G,11.6,",G",0.0,"3,I",0.0,"3,I",0.0,"3,I",0.0,",G",0.0,",G",0.0,",G",22.0,",G",0.0,",G",19560304.0,",,G",19560331.0,"+,3,I",19560327.0,",,G",3.7,",G,04,",0.0,"3,,I,31,+",30.9,",G,27,",696.4,G,92.8,",G",0.0,"3,,,I",1.5710000000000002,",G",2.256,",,,G",0.8869999999999999,",,,G"
AG000060590,1956-04-01,30.5667,2.8667,397.0,"EL GOLEA, AG",89.5,G,77.2,",G",0.0,"1,I",0.0,"1,I",0.0,"1,I",0.0,",G",0.0,",G",0.0,",G",28.0,",G",7.0,",G",19560410.0,",,G",19560430.0,"+,1,I",19560421.0,",,G",8.9,",G,10,",0.0,"1,,I,30,+",37.9,",G,21,",708.0,G,11.6,",G",0.0,"1,,,I",2.052,",G",2.802,",,,G",1.302,",,,G"
AG000060590,1956-05-01,30.5667,2.8667,397.0,"EL GOLEA, AG",311.1,G,221.6,",G",0.0,",I",0.0,",I",0.0,",I",0.0,",G",0.0,",G",0.0,",G",31.0,",G",13.0,",G",19560510.0,",,G",19560531.0,"+,,I",19560530.0,",,G",9.6,",G,10,",0.0,",,I,31,+",43.4,",G,30,",708.2,G,0.2,",G",0.0,",,,I",2.548,",G",3.2950000000000004,",,,G",1.8010000000000002,",,,G"
AG000060590,1956-06-01,30.5667,2.8667,397.0,"EL GOLEA, AG",673.7,G,362.6,",G",0.0,",I",0.0,",I",0.0,",I",0.0,",G",0.0,",G",0.0,",G",30.0,",G",27.0,",G",19560604.0,",,G",19560630.0,"+,,I",19560624.0,",,G",15.0,",G,04,",0.0,",,I,30,+",44.6,",G,24,",708.2,G,0.0,",G",0.0,",,,I",3.0420000000000003,",G",3.9159999999999995,",,,G",2.168,",,,G"
AG000060590,1956-07-01,30.5667,2.8667,397.0,"EL GOLEA, AG",1138.8,G,465.1,",G",0.0,"1,I",0.0,"1,I",0.0,"1,I",0.0,",G",0.0,",G",0.0,",G",31.0,",G",31.0,",G",19560711.0,",,G",19560731.0,"+,1,I",19560722.0,"+,,G",18.2,",G,11,",0.0,"1,,I,31,+",44.6,",G,22,+",0.0,G,0.0,",G",0.0,"1,,,I",3.3340000000000005,",G",4.151,",,,G",2.516,",,,G"
AG000060590,1956-08-01,30.5667,2.8667,397.0,"EL GOLEA, AG",1570.9,G,432.1,",G",0.0,",I",0.0,",I",0.0,",I",0.0,",G",0.0,",G",0.0,",G",31.0,",G",31.0,",G",19560811.0,",,G",19560831.0,"+,,I",19560817.0,",,G",19.3,",G,11,",0.0,",,I,31,+",42.6,",G,17,",0.0,G,0.0,",G",0.0,",,,I",3.2270000000000003,",G",4.0200000000000005,",,,G",2.435,",,,G"
AG000060590,1956-09-01,30.5667,2.8667,397.0,"EL GOLEA, AG",1895.9,G,325.0,",G",0.0,"2,I",0.0,"2,I",0.0,"2,I",0.0,",G",0.0,",G",0.0,",G",30.0,",G",24.0,",G",19560930.0,",,G",19560930.0,"+,2,I",19560902.0,",,G",15.1,",G,30,",0.0,"2,,I,30,+",41.0,",G,02,",0.0,G,0.0,",G",0.0,"2,,,I",2.9170000000000003,",G",3.6479999999999997,",,,G",2.185,",,,G"
AG000060590,1956-10-01,30.5667,2.8667,397.0,"EL GOLEA, AG",1994.3,G,98.4,",G",1.0,"1,I",0.0,"1,I",0.0,"1,I",0.0,",G",0.0,",G",0.0,",G",30.0,",G",3.0,",G",19561030.0,",,G",19561025.0,",1,I",19561007.0,",,G",9.9,",G,30,",1.0,"1,,I,25,",35.0,",G,07,",7.6,G,7.6,",G",1.0,"1,,,I",2.1260000000000003,",G",2.806,",,,G",1.447,",,,G"
AG000060590,1956-11-01,30.5667,2.8667,397.0,"EL GOLEA, AG",1997.2,G,2.9,",G",2.0,"2,I",2.0,"2,I",0.0,"2,I",0.0,",G",0.0,",G",0.0,",G",8.0,",G",0.0,",G",19561115.0,",,G",19561117.0,",2,I",19561101.0,",,G",0.3,",G,15,",6.0,"2,,I,17,",29.6,",G,01,",161.5,G,153.9,",G",11.0,"2,,,I",1.33,",G",1.9309999999999998,",,,G",0.729,",,,G"
AG000060590,1956-12-01,30.5667,2.8667,397.0,"EL GOLEA, AG",1997.2,G,0.0,",G",0.0,"1,I",0.0,"1,I",0.0,"1,I",0.0,",G",12.0,",G",0.0,",G",0.0,",G",0.0,",G",19561226.0,"+,,G",19561231.0,"+,1,I",19561231.0,",,G",-3.0,",G,26,+",0.0,"1,,I,31,+",18.4,",G,31,",463.6,G,302.1,",G",0.0,"1,,,I",0.859,",G",1.478,",,,G",0.24,",,,G"
AG000060590,1957-01-01,30.5667,2.8667,397.0,"EL GOLEA, AG",0.0,G,0.0,",G",0.0,"1,I",0.0,"1,I",0.0,"1,I",0.0,",G",15.0,",G",0.0,",G",1.0,",G",0.0,",G",19570113.0,",,G",19570131.0,"+,1,I",19570115.0,",,G",-4.0,",G,13,",0.0,"1,,I,31,+",22.8,",G,15,",798.4,G,334.8,",G",0.0,"1,,,I",0.753,",G",1.481,",,,G",0.026000000000000002,",,,G"
AG000060590,1957-02-01,30.5667,2.8667,397.0,"EL GOLEA, AG",3.6,G,3.6,",G",1.0,"1,I",0.0,"1,I",0.0,"1,I",0.0,",G",2.0,",G",0.0,",G",19.0,",G",0.0,",G",19570205.0,",,G",19570228.0,",1,I",19570227.0,",,G",-2.6,",G,05,",1.0,"1,,I,28,",27.8,",G,27,",941.2,G,142.8,",G",1.0,"1,,,I",1.3359999999999999,",G",2.216,",,,G",0.45599999999999996,",,,G"
AG000060590,1957-03-01,30.5667,2.8667,397.0,"EL GOLEA, AG",8.0,G,4.4,",G",0.0,"1,I",0.0,"1,I",0.0,"1,I",0.0,",G",0.0,",G",0.0,",G",24.0,",G",0.0,",G",19570309.0,",,G",19570331.0,"+,1,I",19570321.0,",,G",3.7,",G,09,",0.0,"1,,I,31,+",30.6,",G,21,",1026.3,G,85.1,",G",0.0,"1,,,I",1.573,",G",2.4050000000000002,",,,G",0.741,",,,G"
AG000060590,1957-04-01,30.5667,2.8667,397.0,"EL GOLEA, AG",59.2,G,51.2,",G",4.0,"2,I",1.0,"2,I",0.0,"2,I",0.0,",G",0.0,",G",0.0,",G",24.0,",G",3.0,",G",19570416.0,",,G",19570420.0,",2,I",19570406.0,",,G",4.1,",G,16,",11.0,"2,,I,20,",33.1,",G,06,",1059.8,G,33.5,",G",14.0,"2,,,I",1.8920000000000001,",G",2.591,",,,G",1.193,",,,G"
AG000060590,1957-05-01,30.5667,2.8667,397.0,"EL GOLEA, AG",253.4,G,194.2,",G",0.0,"2,I",0.0,"2,I",0.0,"2,I",0.0,",G",0.0,",G",0.0,",G",31.0,",G",15.0,",G",19570502.0,",,G",19570531.0,"+,2,I",19570531.0,",,G",10.2,",G,02,",0.0,"2,,I,31,+",38.1,",G,31,",1059.8,G,0.0,",G",0.0,"2,,,I",2.46,",G",3.225,",,,G",1.6949999999999998,",,,G"
AG000060590,1957-06-01,30.5667,2.8667,397.0,"EL GOLEA, AG",594.4,G,341.0,",G",0.0,"1,I",0.0,"1,I",0.0,"1,I",0.0,",G",0.0,",G",0.0,",G",30.0,",G",25.0,",G",19570613.0,",,G",19570630.0,"+,1,I",19570615.0,",,G",12.7,",G,13,",0.0,"1,,I,30,+",42.4,",G,15,",1059.8,G,0.0,",G",0.0,"1,,,I",2.9699999999999998,",G",3.838,",,,G",2.102,",,,G"
AG000060590,1957-07-01,30.5667,2.8667,397.0,"EL GOLEA, AG",1013.8,G,419.4,",G",0.0,",I",0.0,",I",0.0,",I",0.0,",G",0.0,",G",0.0,",G",31.0,",G",31.0,",G",19570711.0,",,G",19570731.0,"+,,I",19570722.0,",,G",19.4,",G,11,",0.0,",,I,31,+",44.4,",G,22,",0.0,G,0.0,",G",0.0,",,,I",3.186,",G",3.968,",,,G",2.4050000000000002,",,,G"
AG000060590,1957-08-01,30.5667,2.8667,397.0,"EL GOLEA, AG",1423.3,G,409.5,",G",0.0,",I",0.0,",I",0.0,",I",0.0,",G",0.0,",G",0.0,",G",31.0,",G",31.0,",G",19570824.0,",,G",19570831.0,"+,,I",19570813.0,",,G",19.1,",G,24,",0.0,",,I,31,+",42.0,",G,13,",0.0,G,0.0,",G",0.0,",,,I",3.154,",G",3.902,",,,G",2.4059999999999997,",,,G"
AG000060590,1957-09-01,30.5667,2.8667,397.0,"EL GOLEA, AG",1722.5,G,299.2,",G",1.0,"1,I",1.0,"1,I",0.0,"1,I",0.0,",G",0.0,",G",0.0,",G",30.0,",G",26.0,",G",19570927.0,",,G",19570901.0,",1,I",19570916.0,",,G",13.8,",G,27,",11.0,"1,,I,01,",38.7,",G,16,",0.0,G,0.0,",G",11.0,"1,,,I",2.831,",G",3.4509999999999996,",,,G",2.211,",,,G"
AG000060590,1957-10-01,30.5667,2.8667,397.0,"EL GOLEA, AG",1805.3,G,82.8,",G",3.0,"3,I",1.0,"3,I",0.0,"3,I",0.0,",G",0.0,",G",0.0,",G",30.0,",G",3.0,",G",19571027.0,",,G",19571016.0,",3,I",19571001.0,",,G",5.4,",G,27,",3.0,"3,,I,16,",37.4,",G,01,",30.8,G,30.8,",G",6.0,"3,,,I",2.0010000000000003,",G",2.681,",,,G",1.3210000000000002,",,,G"
AG000060590,1957-11-01,30.5667,2.8667,397.0,"EL GOLEA, AG",1805.3,G,0.0,",G",2.0,"2,I",1.0,"2,I",0.0,"2,I",0.0,",G",0.0,",G",0.0,",G",13.0,",G",0.0,",G",19571111.0,",,G",19571114.0,",2,I",19571114.0,",,G",1.4,",G,11,",3.0,"2,,I,14,",27.0,",G,14,",159.8,G,129.0,",G",4.0,"2,,,I",1.403,",G",2.09,",,,G",0.717,",,,G"
AG000060590,1957-12-01,30.5667,2.8667,397.0,"EL GOLEA, AG",1805.3,G,0.0,",G",4.0,"1,I",3.0,"1,I",0.0,"1,I",0.0,",G",6.0,",G",0.0,",G",0.0,",G",0.0,",G",19571226.0,",,G",19571227.0,",1,I",19571210.0,",,G",-1.8,",G,26,",17.0,"1,,I,27,",19.3,",G,10,",444.9,G,285.1,",G",30.0,"1,,,I",0.914,",G",1.475,",,,G",0.352,",,,G"
AG000060590,1958-01-01,30.5667,2.8667,397.0,"EL GOLEA, AG",0.0,G,0.0,",G",6.0,"3,I",4.0,"3,I",1.0,"3,I",0.0,",G",0.0,",G",0.0,",G",0.0,",G",0.0,",G",19580120.0,",,G",19580109.0,",3,I",19580107.0,",,G",1.0,",G,20,",32.0,"3,,I,09,",18.6,",G,07,",724.7,G,279.8,",G",46.0,"3,,,I",0.931,",G",1.4,",,,G",0.462,",,,G"
AG000060590,1958-02-01,30.5667,2.8667,397.0,"EL GOLEA, AG",3.4,G,3.4,",G",0.0,"2,I",0.0,"2,I",0.0,"2,I",0.0,",G",0.0,",G",0.0,",G",14.0,",G",0.0,",G",19580228.0,",,G",19580228.0,"+,2,I",19580218.0,",,G",1.0,",G,28,",0.0,"2,,I,28,+",27.0,",G,18,",846.5,G,121.8,",G",0.0,"2,,,I",1.41,",G",1.982,",,,G",0.8390000000000001,",,,G"
AG000060590,1958-03-01,30.5667,2.8667,397.0,"EL GOLEA, AG",40.4,G,37.0,",G",0.0,",I",0.0,",I",0.0,",I",0.0,",G",0.0,",G",0.0,",G",24.0,",G",2.0,",G",19580301.0,",,G",19580331.0,"+,,I",19580327.0,",,G",1.2,",G,01,",0.0,",,I,31,+",35.0,",G,27,",927.6,G,81.1,",G",0.0,",,,I",1.691,",G",2.5300000000000002,",,,G",0.852,",,,G"
AG000060590,1958-04-01,30.5667,2.8667,397.0,"EL GOLEA, AG",77.3,G,36.9,",G",0.0,",I",0.0,",I",0.0,",I",0.0,",G",0.0,",G",0.0,",G",29.0,",G",2.0,",G",19580418.0,",,G",19580430.0,"+,,I",19580403.0,",,G",4.9,",G,18,",0.0,",,I,30,+",34.0,",G,03,",950.4,G,22.8,",G",0.0,",,,I",1.8809999999999998,",G",2.638,",,,G",1.123,",,,G"
AG000060590,1958-05-01,30.5667,2.8667,397.0,"EL GOLEA, AG",335.4,G,258.1,",G",0.0,",I",0.0,",I",0.0,",I",0.0,",G",0.0,",G",0.0,",G",31.0,",G",20.0,",G",19580519.0,",,G",19580531.0,"+,,I",19580530.0,"+,,G",11.7,",G,19,",0.0,",,I,31,+",41.2,",G,30,+",950.4,G,0.0,",G",0.0,",,,I",2.666,",G",3.4490000000000003,",,,G",1.8829999999999998,",,,G"
AG000060590,1958-06-01,30.5667,2.8667,397.0,"EL GOLEA, AG",741.4,G,406.0,",G",1.0,"1,I",0.0,"1,I",0.0,"1,I",0.0,",G",0.0,",G",0.0,",G",30.0,",G",30.0,",G",19580623.0,",,G",19580622.0,",1,I",19580626.0,",,G",18.4,",G,23,",1.0,"1,,I,22,",44.7,",G,26,",950.4,G,0.0,",G",1.0,"1,,,I",3.1870000000000003,",G",3.941,",,,G",2.432,",,,G"
AG000060590,1958-07-01,30.5667,2.8667,397.0,"EL GOLEA, AG",1233.1,G,491.7,",G",0.0,"1,I",0.0,"1,I",0.0,"1,I",0.0,",G",0.0,",G",0.0,",G",31.0,",G",31.0,",G",19580728.0,",,G",19580731.0,"+,1,I",19580706.0,",,G",21.2,",G,28,",0.0,"1,,I,31,+",46.7,",G,06,",0.0,G,0.0,",G",0.0,"1,,,I",3.4200000000000004,",G",4.208,",,,G",2.631,",,,G"
AG000060590,1958-08-01,30.5667,2.8667,397.0,"EL GOLEA, AG",1667.4,G,434.3,",G",0.0,"1,I",0.0,"1,I",0.0,"1,I",0.0,",G",0.0,",G",0.0,",G",31.0,",G",31.0,",G",19580808.0,",,G",19580831.0,"+,1,I",19580822.0,",,G",21.0,",G,08,",0.0,"1,,I,31,+",44.0,",G,22,",0.0,G,0.0,",G",0.0,"1,,,I",3.2340000000000004,",G",4.056,",,,G",2.412,",,,G"
AG000060590,1958-09-01,30.5667,2.8667,397.0,"EL GOLEA, AG",1957.3,G,289.9,",G",0.0,"1,I",0.0,"1,I",0.0,"1,I",0.0,",G",0.0,",G",0.0,",G",30.0,",G",25.0,",G",19580924.0,",,G",19580930.0,"+,1,I",19580904.0,",,G",15.6,",G,24,",0.0,"1,,I,30,+",41.9,",G,04,",0.0,G,0.0,",G",0.0,"1,,,I",2.8,",G",3.54,",,,G",2.059,",,,G"
AG000060590,1958-10-01,30.5667,2.8667,397.0,"EL GOLEA, AG",2067.7,G,110.4,",G",2.0,"2,I",2.0,"2,I",0.0,"2,I",0.0,",G",0.0,",G",0.0,",G",25.0,",G",9.0,",G",19581022.0,",,G",19581024.0,",2,I",19581001.0,",,G",7.4,",G,22,",11.0,"2,,I,24,",37.9,",G,01,",21.8,G,21.8,",G",17.0,"2,,,I",2.119,",G",2.7600000000000002,",,,G",1.4789999999999999,",,,G"
AG000060590,1958-11-01,30.5667,2.8667,397.0,"EL GOLEA, AG",2076.8,G,9.1,",G",3.0,"5,I",1.0,"5,I",0.0,"5,I",0.0,",G",0.0,",G",0.0,",G",6.0,",G",0.0,",G",19581128.0,",,G",19581104.0,",5,I",19581101.0,",,G",4.2,",G,28,",13.0,"5,,I,04,",25.4,",G,01,",156.5,G,134.7,",G",15.0,"5,,,I",1.415,",G",1.918,",,,G",0.9109999999999999,",,,G"
AG000060590,1958-12-01,30.5667,2.8667,397.0,"EL GOLEA, AG",2076.8,G,0.0,",G",2.0,",I",0.0,",I",0.0,",I",0.0,",G",1.0,",G",0.0,",G",8.0,",G",0.0,",G",19581225.0,",,G",19581230.0,"+,,I",19581217.0,",,G",-0.4,",G,25,",1.0,",,I,30,+",24.3,",G,17,",343.8,G,187.3,",G",2.0,",,,I",1.2289999999999999,",G",1.845,",,,G",0.614,",,,G"
AG000060590,1960-01-01,30.5667,2.8667,397.0,"EL GOLEA, AG",0.0,G,0.0,",G",1.0,"3,I",1.0,"3,I",0.0,"3,I",0.0,",G",12.0,",G",0.0,",G",5.0,",G",0.0,",G",19600119.0,",,G",19600110.0,",3,I",19600128.0,",,G",-4.0,",G,19,",8.0,"3,,I,10,",25.9,",G,28,",,,264.9,",G",8.0,"3,,,I",0.9789999999999999,",G",1.723,",,,G",0.23500000000000001,",,,G"
AG000060590,1960-02-01,30.5667,2.8667,397.0,"EL GOLEA, AG",5.6,G,5.6,",G",0.0,",I",0.0,",I",0.0,",I",0.0,",G",5.0,",G",0.0,",G",22.0,",G",1.0,",G",19600205.0,",,G",19600229.0,"+,,I",19600218.0,",,G",-1.8,",G,05,",0.0,",,I,29,+",33.0,",G,18,",,,104.1,",G",0.0,",,,I",1.494,",G",2.464,",,,G",0.523,",,,G"
AG000060590,1960-03-01,30.5667,2.8667,397.0,"EL GOLEA, AG",23.7,G,18.1,",G",0.0,",I",0.0,",I",0.0,",I",0.0,",G",0.0,",G",0.0,",G",27.0,",G",0.0,",G",19600318.0,",,G",19600331.0,"+,,I",19600323.0,",,G",3.0,",G,18,",0.0,",,I,31,+",30.6,",G,23,",,,57.5,",G",0.0,",,,I",1.706,",G",2.549,",,,G",0.8630000000000001,",,,G"
AG000060590,1960-04-01,30.5667,2.8667,397.0,"EL GOLEA, AG",68.9,G,45.2,",G",1.0,"2,I",0.0,"2,I",0.0,"2,I",0.0,",G",0.0,",G",0.0,",G",27.0,",G",2.0,",G",19600402.0,",,G",19600414.0,",2,I",19600420.0,",,G",3.3,",G,02,",2.0,"2,,I,14,",35.0,",G,20,",,,31.8,",G",2.0,"2,,,I",1.8780000000000001,",G",2.644,",,,G",1.1119999999999999,",,,G"
AG000060590,1960-05-01,30.5667,2.8667,397.0,"EL GOLEA, AG",298.6,G,229.7,",G",0.0,"5,I",0.0,"5,I",0.0,"5,I",0.0,",G",0.0,",G",0.0,",G",31.0,",G",23.0,",G",19600507.0,",,G",19600531.0,"+,5,I",19600516.0,",,G",7.3,",G,07,",0.0,"5,,I,31,+",40.0,",G,16,",,,6.5,",G",0.0,"5,,,I",2.553,",G",3.4,",,,G",1.706,",,,G"
AG000060590,1960-06-01,30.5667,2.8667,397.0,"EL GOLEA, AG",654.5,G,355.9,",G",0.0,"3,I",0.0,"3,I",0.0,"3,I",0.0,",G",0.0,",G",0.0,",G",30.0,",G",30.0,",G",19600605.0,",,G",19600630.0,"+,3,I",19600630.0,",,G",16.7,",G,05,",0.0,"3,,I,30,+",44.0,",G,30,",,,0.0,",G",0.0,"3,,,I",3.02,",G",3.745,",,,G",2.294,",,,G"
AG000060590,1960-07-01,30.5667,2.8667,397.0,"EL GOLEA, AG",1141.0,G,486.5,",G",0.0,",I",0.0,",I",0.0,",I",0.0,",G",0.0,",G",0.0,",G",31.0,",G",31.0,",G",19600708.0,",,G",19600731.0,"+,,I",19600701.0,",,G",21.2,",G,08,",0.0,",,I,31,+",45.6,",G,01,",0.0,,0.0,",G",0.0,",,,I",3.403,",G",4.156000000000001,",,,G",2.65,",,,G"
AG000060590,1960-08-01,30.5667,2.8667,397.0,"EL GOLEA, AG",1632.4,G,491.4,",G",0.0,",I",0.0,",I",0.0,",I",0.0,",G",0.0,",G",0.0,",G",31.0,",G",31.0,",G",19600831.0,",,G",19600831.0,"+,,I",19600818.0,",,G",19.3,",G,31,",0.0,",,I,31,+",46.5,",G,18,",0.0,,0.0,",G",0.0,",,,I",3.418,",G",4.279999999999999,",,,G",2.557,",,,G"
AG000060590,1960-09-01,30.5667,2.8667,397.0,"EL GOLEA, AG",1902.5,G,270.1,",G",0.0,"4,I",0.0,"4,I",0.0,"4,I",0.0,",G",0.0,",G",0.0,",G",30.0,",G",27.0,",G",19600919.0,",,G",19600930.0,"+,4,I",19600905.0,",,G",15.7,",G,19,",0.0,"4,,I,30,+",42.1,",G,05,",0.0,,0.0,",G",0.0,"4,,,I",2.734,",G",3.527,",,,G",1.941,",,,G"
AG000060590,1960-10-01,30.5667,2.8667,397.0,"EL GOLEA, AG",2050.3,G,147.8,",G",0.0,",I",0.0,",I",0.0,",I",0.0,",G",0.0,",G",0.0,",G",31.0,",G",15.0,",G",19601031.0,",,G",19601031.0,"+,,I",19601002.0,",,G",7.8,",G,31,",0.0,",,I,31,+",35.9,",G,02,",2.6,,2.6,",G",0.0,",,,I",2.302,",G",3.0829999999999997,",,,G",1.52,",,,G"
AG000060590,1960-11-01,30.5667,2.8667,397.0,"EL GOLEA, AG",2070.1,G,19.8,",G",0.0,"1,I",0.0,"1,I",0.0,"1,I",0.0,",G",0.0,",G",0.0,",G",25.0,",G",0.0,",G",19601127.0,",,G",19601130.0,"+,1,I",19601108.0,",,G",0.8,",G,27,",0.0,"1,,I,30,+",31.5,",G,08,",90.7,,88.1,",G",0.0,"1,,,I",1.6059999999999999,",G",2.4859999999999998,",,,G",0.725,",,,G"
AG000060590,1960-12-01,30.5667,2.8667,397.0,"EL GOLEA, AG",2070.1,G,0.0,",G",3.0,",I",2.0,",I",1.0,",I",0.0,",G",1.0,",G",0.0,",G",1.0,",G",0.0,",G",19601224.0,",,G",19601205.0,",,I",19601204.0,",,G",-0.4,",G,24,",32.0,",,I,05,",23.7,",G,04,",353.4,,262.7,",G",46.0,",,,I",0.986,",G",1.55,",,,G",0.422,",,,G"
AG000060590,1961-01-01,30.5667,2.8667,397.0,"EL GOLEA, AG",0.0,G,0.0,",G",1.0,"1,I",1.0,"1,I",0.0,"1,I",0.0,",G",4.0,",G",0.0,",G",0.0,",G",0.0,",G",19610107.0,",,G",19610123.0,",1,I",19610131.0,",,G",-1.8,",G,07,",3.0,"1,,I,23,",19.6,",G,31,",650.9,G,297.5,",G",3.0,"1,,,I",0.874,",G",1.5210000000000001,",,,G",0.22599999999999998,",,,G"
AG000060590,1961-02-01,30.5667,2.8667,397.0,"EL GOLEA, AG",0.0,G,0.0,",G",0.0,",I",0.0,",I",0.0,",I",0.0,",G",1.0,",G",0.0,",G",10.0,",G",0.0,",G",19610212.0,",,G",19610228.0,"+,,I",19610214.0,",,G",0.0,",G,12,",0.0,",,I,28,+",24.5,",G,14,",793.7,G,142.8,",G",0.0,",,,I",1.323,",G",2.034,",,,G",0.613,",,,G"
AG000060590,1961-03-01,30.5667,2.8667,397.0,"EL GOLEA, AG",10.5,G,10.5,",G",0.0,"1,I",0.0,"1,I",0.0,"1,I",0.0,",G",0.0,",G",0.0,",G",19.0,",G",0.0,",G",19610304.0,",,G",19610331.0,"+,1,I",19610321.0,",,G",0.3,",G,04,",0.0,"1,,I,31,+",31.9,",G,21,",920.0,G,126.3,",G",0.0,"1,,,I",1.46,",G",2.202,",,,G",0.717,",,,G"
AG000060590,1961-04-01,30.5667,2.8667,397.0,"EL GOLEA, AG",118.7,G,108.2,",G",0.0,",I",0.0,",I",0.0,",I",0.0,",G",0.0,",G",0.0,",G",30.0,",G",10.0,",G",19610401.0,",,G",19610430.0,"+,,I",19610428.0,",,G",5.5,",G,01,",0.0,",,I,30,+",40.2,",G,28,",929.8,G,9.8,",G",0.0,",,,I",2.162,",G",2.9899999999999998,",,,G",1.333,",,,G"
AG000060590,1961-05-01,30.5667,2.8667,397.0,"EL GOLEA, AG",394.0,G,275.3,",G",0.0,"2,I",0.0,"2,I",0.0,"2,I",0.0,",G",0.0,",G",0.0,",G",31.0,",G",24.0,",G",19610501.0,",,G",19610531.0,"+,2,I",19610525.0,",,G",11.6,",G,01,",0.0,"2,,I,31,+",42.8,",G,25,",929.8,G,0.0,",G",0.0,"2,,,I",2.721,",G",3.508,",,,G",1.935,",,,G"
AG000060590,1961-06-01,30.5667,2.8667,397.0,"EL GOLEA, AG",735.4,G,341.4,",G",0.0,"1,I",0.0,"1,I",0.0,"1,I",0.0,",G",0.0,",G",0.0,",G",30.0,",G",27.0,",G",19610602.0,",,G",19610630.0,"+,1,I",19610618.0,"+,,G",13.0,",G,02,",0.0,"1,,I,30,+",43.7,",G,18,+",929.8,G,0.0,",G",0.0,"1,,,I",2.971,",G",3.715,",,,G",2.227,",,,G"
AG000060590,1961-07-01,30.5667,2.8667,397.0,"EL GOLEA, AG",1194.6,G,459.2,",G",0.0,",I",0.0,",I",0.0,",I",0.0,",G",0.0,",G",0.0,",G",31.0,",G",31.0,",G",19610712.0,",,G",19610731.0,"+,,I",19610723.0,",,G",20.4,",G,12,",0.0,",,I,31,+",43.6,",G,23,",0.0,G,0.0,",G",0.0,",,,I",3.315,",G",4.085,",,,G",2.544,",,,G"
AG000060590,1961-08-01,30.5667,2.8667,397.0,"EL GOLEA, AG",1617.7,G,423.1,",G",0.0,",I",0.0,",I",0.0,",I",0.0,",G",0.0,",G",0.0,",G",31.0,",G",31.0,",G",19610830.0,",,G",19610831.0,"+,,I",19610803.0,",,G",19.9,",G,30,",0.0,",,I,31,+",44.3,",G,03,",0.0,G,0.0,",G",0.0,",,,I",3.198,",G",3.878,",,,G",2.518,",,,G"
AG000060590,1961-09-01,30.5667,2.8667,397.0,"EL GOLEA, AG",1896.0,G,278.3,",G",0.0,",I",0.0,",I",0.0,",I",0.0,",G",0.0,",G",0.0,",G",30.0,",G",25.0,",G",19610922.0,",,G",19610930.0,"+,,I",19610913.0,",,G",16.3,",G,22,",0.0,",,I,30,+",38.8,",G,13,",0.0,G,0.0,",G",0.0,",,,I",2.761,",G",3.4869999999999997,",,,G",2.034,",,,G"
AG000060590,1961-10-01,30.5667,2.8667,397.0,"EL GOLEA, AG",1980.7,G,84.7,",G",1.0,",I",1.0,",I",0.0,",I",0.0,",G",0.0,",G",0.0,",G",31.0,",G",4.0,",G",19611026.0,",,G",19611021.0,",,I",19611006.0,",,G",9.0,",G,26,",16.0,",,I,21,",36.9,",G,06,",3.6,G,3.6,",G",16.0,",,,I",2.0949999999999998,",G",2.791,",,,G",1.399,",,,G"
AG000060590,1961-11-01,30.5667,2.8667,397.0,"EL GOLEA, AG",2014.2,G,33.5,",G",3.0,"1,I",0.0,"1,I",0.0,"1,I",0.0,",G",0.0,",G",0.0,",G",28.0,",G",0.0,",G",19611118.0,",,G",19611120.0,"+,1,I",19611103.0,",,G",6.8,",G,18,",1.0,"1,,I,20,+",32.0,",G,03,",34.5,G,30.9,",G",3.0,"1,,,I",1.842,",G",2.5140000000000002,",,,G",1.17,",,,G"
AG000060590,1961-12-01,30.5667,2.8667,397.0,"EL GOLEA, AG",2014.2,G,0.0,",G",1.0,",I",0.0,",I",0.0,",I",0.0,",G",4.0,",G",0.0,",G",13.0,",G",0.0,",G",19611220.0,",,G",19611227.0,",,I",19611227.0,",,G",-4.2,",G,20,",1.0,",,I,27,",24.2,",G,27,",257.4,G,222.9,",G",1.0,",,,I",1.114,",G",1.9929999999999999,",,,G",0.23500000000000001,",,,G"
AG000060590,1962-01-01,30.5667,2.8667,397.0,"EL GOLEA, AG",0.0,G,0.0,",G",0.0,",I",0.0,",I",0.0,",I",0.0,",G",10.0,",G",0.0,",G",6.0,",G",0.0,",G",19620126.0,"+,,G",19620131.0,"+,,I",19620102.0,",,G",-1.5,",G,26,+",0.0,",,I,31,+",23.0,",G,02,",509.2,G,251.8,",G",0.0,",,,I",1.0210000000000001,",G",1.818,",,,G",0.22400000000000003,",,,G"
AG000060590,1962-02-01,30.5667,2.8667,397.0,"EL GOLEA, AG",0.0,G,0.0,",G",2.0,",I",0.0,",I",0.0,",I",0.0,",G",12.0,",G",0.0,",G",8.0,",G",0.0,",G",19620202.0,",,G",19620219.0,",,I",19620227.0,",,G",-3.2,",G,02,",2.0,",,I,19,",26.3,",G,27,",736.8,G,227.6,",G",3.0,",,,I",1.02,",G",1.8219999999999998,",,,G",0.219,",,,G"
AG000060590,1962-03-01,30.5667,2.8667,397.0,"EL GOLEA, AG",11.3,G,11.3,",G",1.0,"2,I",1.0,"2,I",0.0,"2,I",0.0,",G",0.0,",G",0.0,",G",23.0,",G",0.0,",G",19620315.0,",,G",19620313.0,",2,I",19620331.0,",,G",2.7,",G,15,",14.0,"2,,I,13,",31.0,",G,31,",816.2,G,79.4,",G",14.0,"2,,,I",1.614,",G",2.369,",,,G",0.858,",,,G"
AG000060590,1962-04-01,30.5667,2.8667,397.0,"EL GOLEA, AG",82.2,G,70.9,",G",1.0,",I",0.0,",I",0.0,",I",0.0,",G",0.0,",G",0.0,",G",29.0,",G",6.0,",G",19620412.0,",,G",19620420.0,",,I",19620416.0,",,G",5.1,",G,12,",1.0,",,I,20,",36.8,",G,16,",832.5,G,16.3,",G",1.0,",,,I",2.0149999999999997,",G",2.811,",,,G",1.2189999999999999,",,,G"
AG000060590,1962-05-01,30.5667,2.8667,397.0,"EL GOLEA, AG",309.0,G,226.8,",G",1.0,"3,I",0.0,"3,I",0.0,"3,I",0.0,",G",0.0,",G",0.0,",G",31.0,",G",20.0,",G",19620505.0,",,G",19620515.0,",3,I",19620530.0,",,G",12.1,",G,05,",1.0,"3,,I,15,",39.7,",G,30,",832.5,G,0.0,",G",1.0,"3,,,I",2.565,",G",3.322,",,,G",1.8079999999999998,",,,G"
AG000060590,1962-06-01,30.5667,2.8667,397.0,"EL GOLEA, AG",675.0,G,366.0,",G",0.0,"1,I",0.0,"1,I",0.0,"1,I",0.0,",G",0.0,",G",0.0,",G",30.0,",G",26.0,",G",19620601.0,",,G",19620630.0,"+,1,I",19620618.0,",,G",14.4,",G,01,",0.0,"1,,I,30,+",44.9,",G,18,",832.5,G,0.0,",G",0.0,"1,,,I",3.053,",G",3.778,",,,G",2.3280000000000003,",,,G"
AG000060590,1962-07-01,30.5667,2.8667,397.0,"EL GOLEA, AG",1137.3,G,462.3,",G",0.0,"1,I",0.0,"1,I",0.0,"1,I",0.0,",G",0.0,",G",0.0,",G",31.0,",G",31.0,",G",19620729.0,",,G",19620731.0,"+,1,I",19620716.0,",,G",20.0,",G,29,",0.0,"1,,I,31,+",45.7,",G,16,",0.0,G,0.0,",G",0.0,"1,,,I",3.325,",G",4.129,",,,G",2.521,",,,G"
AG000060590,1962-08-01,30.5667,2.8667,397.0,"EL GOLEA, AG",1542.0,G,404.7,",G",1.0,"1,I",0.0,"1,I",0.0,"1,I",0.0,",G",0.0,",G",0.0,",G",31.0,",G",31.0,",G",19620831.0,",,G",19620810.0,",1,I",19620806.0,",,G",17.5,",G,31,",1.0,"1,,I,10,",42.9,",G,06,",0.0,G,0.0,",G",1.0,"1,,,I",3.1390000000000002,",G",3.9509999999999996,",,,G",2.326,",,,G"
AG000060590,1962-09-01,30.5667,2.8667,397.0,"EL GOLEA, AG",1840.4,G,298.4,",G",0.0,"2,I",0.0,"2,I",0.0,"2,I",0.0,",G",0.0,",G",0.0,",G",30.0,",G",30.0,",G",19620925.0,",,G",19620930.0,"+,2,I",19620901.0,",,G",16.5,",G,25,",0.0,"2,,I,30,+",40.1,",G,01,",0.0,G,0.0,",G",0.0,"2,,,I",2.8280000000000003,",G",3.599,",,,G",2.057,",,,G"
AG000060590,1962-10-01,30.5667,2.8667,397.0,"EL GOLEA, AG",1961.1,G,120.7,",G",0.0,"1,I",0.0,"1,I",0.0,"1,I",0.0,",G",0.0,",G",0.0,",G",31.0,",G",5.0,",G",19621031.0,",,G",19621031.0,"+,1,I",19621001.0,",,G",5.6,",G,31,",0.0,"1,,I,31,+",36.0,",G,01,",5.5,G,5.5,",G",0.0,"1,,,I",2.205,",G",2.9899999999999998,",,,G",1.42,",,,G"
AG000060590,1962-11-01,30.5667,2.8667,397.0,"EL GOLEA, AG",1962.7,G,1.6,",G",0.0,"2,I",0.0,"2,I",0.0,"2,I",0.0,",G",2.0,",G",0.0,",G",15.0,",G",0.0,",G",19621121.0,",,G",19621130.0,"+,2,I",19621103.0,",,G",-2.0,",G,21,",0.0,"2,,I,30,+",26.7,",G,03,",152.6,G,147.1,",G",0.0,"2,,,I",1.348,",G",2.0420000000000003,",,,G",0.655,",,,G"
AG000060590,1962-12-01,30.5667,2.8667,397.0,"EL GOLEA, AG",1962.7,G,0.0,",G",1.0,"2,I",0.0,"2,I",0.0,"2,I",0.0,",G",10.0,",G",0.0,",G",6.0,",G",0.0,",G",19621215.0,",,G",19621208.0,",2,I",19621228.0,",,G",-4.0,",G,15,",2.0,"2,,I,08,",24.4,",G,28,",415.1,G,262.5,",G",2.0,"2,,,I",0.986,",G",1.7570000000000001,",,,G",0.21600000000000003,",,,G"
AG000060590,1963-01-01,30.5667,2.8667,397.0,"EL GOLEA, AG",0.6,G,0.6,",G",2.0,"2,I",1.0,"2,I",0.0,"2,I",0.0,",G",3.0,",G",0.0,",G",11.0,",G",0.0,",G",19630129.0,",,G",19630124.0,",2,I",19630111.0,",,G",-0.6,",G,29,",4.0,"2,,I,24,",26.8,",G,11,",612.1,G,197.0,",G",5.0,"2,,,I",1.2,",G",1.95,",,,G",0.449,",,,G"
AG000060590,1963-02-01,30.5667,2.8667,397.0,"EL GOLEA, AG",0.6,G,0.0,",G",1.0,"1,I",1.0,"1,I",0.0,"1,I",0.0,",G",3.0,",G",0.0,",G",13.0,",G",0.0,",G",19630223.0,",,G",19630207.0,",1,I",19630212.0,",,G",-1.0,",G,23,",3.0,"1,,I,07,",24.4,",G,12,",778.0,G,165.9,",G",3.0,"1,,,I",1.241,",G",2.0300000000000002,",,,G",0.45099999999999996,",,,G"
AG000060590,1963-03-01,30.5667,2.8667,397.0,"EL GOLEA, AG",5.0,G,4.4,",G",2.0,",I",2.0,",I",0.0,",I",0.0,",G",2.0,",G",0.0,",G",18.0,",G",0.0,",G",19630309.0,",,G",19630325.0,",,I",19630317.0,",,G",-1.4,",G,09,",15.0,",,I,25,",31.4,",G,17,",896.4,G,118.4,",G",22.0,",,,I",1.465,",G",2.317,",,,G",0.614,",,,G"
AG000060590,1963-04-01,30.5667,2.8667,397.0,"EL GOLEA, AG",105.1,G,100.1,",G",0.0,",I",0.0,",I",0.0,",I",0.0,",G",0.0,",G",0.0,",G",29.0,",G",5.0,",G",19630405.0,",,G",19630430.0,"+,,I",19630424.0,",,G",9.0,",G,05,",0.0,",,I,30,+",36.0,",G,24,",903.7,G,7.3,",G",0.0,",,,I",2.143,",G",2.843,",,,G",1.442,",,,G"
AG000060590,1963-05-01,30.5667,2.8667,397.0,"EL GOLEA, AG",240.9,G,135.8,",G",0.0,"3,I",0.0,"3,I",0.0,"3,I",0.0,",G",0.0,",G",0.0,",G",31.0,",G",7.0,",G",19630501.0,",,G",19630531.0,"+,3,I",19630522.0,",,G",10.5,",G,01,",0.0,"3,,I,31,+",36.0,",G,22,",903.7,G,0.0,",G",0.0,"3,,,I",2.271,",G",2.962,",,,G",1.581,",,,G"
AG000060590,1963-06-01,30.5667,2.8667,397.0,"EL GOLEA, AG",589.1,G,348.2,",G",0.0,"1,I",0.0,"1,I",0.0,"1,I",0.0,",G",0.0,",G",0.0,",G",30.0,",G",26.0,",G",19630606.0,",,G",19630630.0,"+,1,I",19630630.0,",,G",11.1,",G,06,",0.0,"1,,I,30,+",44.2,",G,30,",903.7,G,0.0,",G",0.0,"1,,,I",2.994,",G",3.8310000000000004,",,,G",2.157,",,,G"
AG000060590,1963-07-01,30.5667,2.8667,397.0,"EL GOLEA, AG",1061.8,G,472.7,",G",0.0,"2,I",0.0,"2,I",0.0,"2,I",0.0,",G",0.0,",G",0.0,",G",31.0,",G",31.0,",G",19630711.0,",,G",19630731.0,"+,2,I",19630707.0,",,G",21.8,",G,11,",0.0,"2,,I,31,+",45.6,",G,07,",0.0,G,0.0,",G",0.0,"2,,,I",3.3579999999999997,",G",4.1240000000000006,",,,G",2.592,",,,G"
AG000060590,1963-08-01,30.5667,2.8667,397.0,"EL GOLEA, AG",1530.9,G,469.1,",G",0.0,"1,I",0.0,"1,I",0.0,"1,I",0.0,",G",0.0,",G",0.0,",G",31.0,",G",31.0,",G",19630831.0,",,G",19630831.0,"+,1,I",19630802.0,",,G",19.0,",G,31,",0.0,"1,,I,31,+",43.9,",G,02,",0.0,G,0.0,",G",0.0,"1,,,I",3.346,",G",4.12,",,,G",2.573,",,,G"
AG000060590,1963-09-01,30.5667,2.8667,397.0,"EL GOLEA, AG",1826.5,G,295.6,",G",0.0,"2,I",0.0,"2,I",0.0,"2,I",0.0,",G",0.0,",G",0.0,",G",30.0,",G",24.0,",G",19630901.0,",,G",19630930.0,"+,2,I",19630903.0,",,G",13.2,",G,01,",0.0,"2,,I,30,+",41.3,",G,03,",0.0,G,0.0,",G",0.0,"2,,,I",2.819,",G",3.5130000000000003,",,,G",2.125,",,,G"
AG000060590,1963-10-01,30.5667,2.8667,397.0,"EL GOLEA, AG",1892.3,G,65.8,",G",0.0,"1,I",0.0,"1,I",0.0,"1,I",0.0,",G",0.0,",G",0.0,",G",31.0,",G",2.0,",G",19631026.0,",,G",19631031.0,"+,1,I",19631002.0,",,G",5.3,",G,26,",0.0,"1,,I,31,+",35.0,",G,02,",10.6,G,10.6,",G",0.0,"1,,,I",2.011,",G",2.712,",,,G",1.311,",,,G"
AG000060590,1963-11-01,30.5667,2.8667,397.0,"EL GOLEA, AG",1905.2,G,12.9,",G",0.0,"1,I",0.0,"1,I",0.0,"1,I",0.0,",G",1.0,",G",0.0,",G",22.0,",G",0.0,",G",19631126.0,",,G",19631130.0,"+,1,I",19631116.0,",,G",0.0,",G,26,",0.0,"1,,I,30,+",29.2,",G,16,",85.3,G,74.7,",G",0.0,"1,,,I",1.6280000000000001,",G",2.448,",,,G",0.807,",,,G"
AG000060590,1963-12-01,30.5667,2.8667,397.0,"EL GOLEA, AG",1906.0,G,0.8,",G",0.0,"2,I",0.0,"2,I",0.0,"2,I",0.0,",G",2.0,",G",0.0,",G",15.0,",G",0.0,",G",19631230.0,",,G",19631231.0,"+,2,I",19631202.0,",,G",-1.4,",G,30,",0.0,"2,,I,31,+",26.2,",G,02,",255.3,G,170.0,",G",0.0,"2,,,I",1.287,",G",1.9809999999999999,",,,G",0.5940000000000001,",,,G"
AG000060590,1964-01-01,30.5667,2.8667,397.0,"EL GOLEA, AG",0.0,G,0.0,",G",3.0,"4,I",2.0,"4,I",1.0,"4,I",0.0,",G",7.0,",G",0.0,",G",0.0,",G",0.0,",G",19640108.0,",,G",19640127.0,",4,I",19640115.0,",,G",-5.2,",G,08,",31.0,"4,,I,27,",19.9,",G,15,",533.8,G,278.5,",G",47.0,"4,,,I",0.9349999999999999,",G",1.4609999999999999,",,,G",0.409,",,,G"
AG000060590,1964-02-01,30.5667,2.8667,397.0,"EL GOLEA, AG",1.4,G,1.4,",G",1.0,",I",0.0,",I",0.0,",I",0.0,",G",1.0,",G",0.0,",G",12.0,",G",1.0,",G",19640212.0,",,G",19640214.0,",,I",19640228.0,",,G",-1.0,",G,12,",2.0,",,I,14,",32.3,",G,28,",691.5,G,157.7,",G",2.0,",,,I",1.294,",G",2.045,",,,G",0.544,",,,G"
AG000060590,1964-03-01,30.5667,2.8667,397.0,"EL GOLEA, AG",35.9,G,34.5,",G",1.0,",I",1.0,",I",0.0,",I",0.0,",G",0.0,",G",0.0,",G",27.0,",G",2.0,",G",19640317.0,",,G",19640326.0,",,I",19640325.0,",,G",4.5,",G,17,",20.0,",,I,26,",32.6,",G,25,",729.9,G,38.4,",G",20.0,",,,I",1.8210000000000002,",G",2.613,",,,G",1.029,",,,G"
AG000060590,1964-04-01,30.5667,2.8667,397.0,"EL GOLEA, AG",86.7,G,50.8,",G",1.0,"2,I",0.0,"2,I",0.0,"2,I",0.0,",G",0.0,",G",0.0,",G",28.0,",G",2.0,",G",19640406.0,",,G",19640423.0,",2,I",19640419.0,",,G",5.0,",G,06,",1.0,"2,,I,23,",36.7,",G,19,",759.7,G,29.8,",G",1.0,"2,,,I",1.903,",G",2.596,",,,G",1.2109999999999999,",,,G"
AG000060590,1964-05-01,30.5667,2.8667,397.0,"EL GOLEA, AG",325.6,G,238.9,",G",1.0,",I",0.0,",I",0.0,",I",0.0,",G",0.0,",G",0.0,",G",31.0,",G",24.0,",G",19640502.0,",,G",19640524.0,",,I",19640526.0,"+,,G",12.1,",G,02,",1.0,",,I,24,",38.0,",G,26,+",759.7,G,0.0,",G",1.0,",,,I",2.604,",G",3.397,",,,G",1.811,",,,G"
AG000060590,1964-06-01,30.5667,2.8667,397.0,"EL GOLEA, AG",686.2,G,360.6,",G",1.0,"2,I",0.0,"2,I",0.0,"2,I",0.0,",G",0.0,",G",0.0,",G",30.0,",G",27.0,",G",19640605.0,",,G",19640619.0,",2,I",19640619.0,",,G",16.0,",G,05,",1.0,"2,,I,19,",43.5,",G,19,",759.7,G,0.0,",G",1.0,"2,,,I",3.035,",G",3.8259999999999996,",,,G",2.244,",,,G"
AG000060590,1964-07-01,30.5667,2.8667,397.0,"EL GOLEA, AG",1099.8,G,413.6,",G",0.0,",I",0.0,",I",0.0,",I",0.0,",G",0.0,",G",0.0,",G",31.0,",G",31.0,",G",19640720.0,",,G",19640731.0,"+,,I",19640702.0,",,G",21.4,",G,20,",0.0,",,I,31,+",43.6,",G,02,",0.0,G,0.0,",G",0.0,",,,I",3.168,",G",3.9090000000000003,",,,G",2.426,",,,G"
AG000060590,1964-08-01,30.5667,2.8667,397.0,"EL GOLEA, AG",1548.9,G,449.1,",G",0.0,"1,I",0.0,"1,I",0.0,"1,I",0.0,",G",0.0,",G",0.0,",G",31.0,",G",31.0,",G",19640827.0,",,G",19640831.0,"+,1,I",19640812.0,",,G",17.8,",G,27,",0.0,"1,,I,31,+",44.9,",G,12,",0.0,G,0.0,",G",0.0,"1,,,I",3.282,",G",4.083,",,,G",2.481,",,,G"
AG000060590,1964-09-01,30.5667,2.8667,397.0,"EL GOLEA, AG",1831.4,G,282.5,",G",0.0,",I",0.0,",I",0.0,",I",0.0,",G",0.0,",G",0.0,",G",30.0,",G",28.0,",G",19640928.0,",,G",19640930.0,"+,,I",19640906.0,",,G",14.8,",G,28,",0.0,",,I,30,+",38.1,",G,06,",0.0,G,0.0,",G",0.0,",,,I",2.775,",G",3.4859999999999998,",,,G",2.0629999999999997,",,,G"
AG000060590,1964-10-01,30.5667,2.8667,397.0,"EL GOLEA, AG",1961.2,G,129.8,",G",0.0,",I",0.0,",I",0.0,",I",0.0,",G",0.0,",G",0.0,",G",28.0,",G",11.0,",G",19641026.0,",,G",19641031.0,"+,,I",19641002.0,",,G",1.8,",G,26,",0.0,",,I,31,+",38.1,",G,02,",26.3,G,26.3,",G",0.0,",,,I",2.1670000000000003,",G",2.966,",,,G",1.3679999999999999,",,,G"
AG000060590,1964-11-01,30.5667,2.8667,397.0,"EL GOLEA, AG",1969.2,G,8.0,",G",0.0,"1,I",0.0,"1,I",0.0,"1,I",0.0,",G",0.0,",G",0.0,",G",18.0,",G",0.0,",G",19641129.0,",,G",19641130.0,"+,1,I",19641105.0,",,G",0.5,",G,29,",0.0,"1,,I,30,+",31.8,",G,05,",172.8,G,146.5,",G",0.0,"1,,,I",1.372,",G",2.186,",,,G",0.558,",,,G"
AG000060590,1964-12-01,30.5667,2.8667,397.0,"EL GOLEA, AG",1969.2,G,0.0,",G",7.0,"1,I",6.0,"1,I",1.0,"1,I",0.0,",G",7.0,",G",0.0,",G",0.0,",G",0.0,",G",19641201.0,",,G",19641214.0,",1,I",19641225.0,",,G",-2.8,",G,01,",43.0,"1,,I,14,",20.0,",G,25,",426.3,G,253.5,",G",95.0,"1,,,I",1.016,",G",1.549,",,,G",0.483,",,,G"
AG000060590,1965-01-01,30.5667,2.8667,397.0,"EL GOLEA, AG",0.0,G,0.0,",G",3.0,"1,I",2.0,"1,I",0.0,"1,I",0.0,",G",1.0,",G",0.0,",G",4.0,",G",0.0,",G",19650107.0,",,G",19650109.0,",1,I",19650130.0,",,G",-1.0,",G,07,",9.0,"1,,I,09,",27.4,",G,30,",673.6,G,247.3,",G",14.0,"1,,,I",1.035,",G",1.613,",,,G",0.458,",,,G"
AG000060590,1965-02-01,30.5667,2.8667,397.0,"EL GOLEA, AG",4.1,G,4.1,",G",2.0,"2,I",0.0,"2,I",0.0,"2,I",0.0,",G",3.0,",G",0.0,",G",8.0,",G",0.0,",G",19650213.0,",,G",19650203.0,"+,2,I",19650225.0,",,G",-1.4,",G,13,",1.0,"2,,I,03,+",29.6,",G,25,",856.0,G,182.4,",G",2.0,"2,,,I",1.1960000000000002,",G",1.879,",,,G",0.514,",,,G"
AG000060590,1965-03-01,30.5667,2.8667,397.0,"EL GOLEA, AG",23.7,G,19.6,",G",1.0,",I",1.0,",I",0.0,",I",0.0,",G",0.0,",G",0.0,",G",24.0,",G",2.0,",G",19650308.0,",,G",19650313.0,",,I",19650301.0,",,G",5.4,",G,08,",3.0,",,I,13,",33.5,",G,01,",908.6,G,52.6,",G",3.0,",,,I",1.7269999999999999,",G",2.4379999999999997,",,,G",1.016,",,,G"
AG000060590,1965-04-01,30.5667,2.8667,397.0,"EL GOLEA, AG",68.7,G,45.0,",G",0.0,",I",0.0,",I",0.0,",I",0.0,",G",0.0,",G",0.0,",G",27.0,",G",4.0,",G",19650414.0,",,G",19650430.0,"+,,I",19650420.0,",,G",6.0,",G,14,",0.0,",,I,30,+",35.0,",G,20,",939.3,G,30.7,",G",0.0,",,,I",1.8809999999999998,",G",2.645,",,,G",1.117,",,,G"
AG000060590,1965-05-01,30.5667,2.8667,397.0,"EL GOLEA, AG",255.3,G,186.6,",G",0.0,"1,I",0.0,"1,I",0.0,"1,I",0.0,",G",0.0,",G",0.0,",G",31.0,",G",15.0,",G",19650511.0,",,G",19650531.0,"+,1,I",19650520.0,",,G",11.3,",G,11,",0.0,"1,,I,31,+",37.4,",G,20,",939.3,G,0.0,",G",0.0,"1,,,I",2.435,",G",3.246,",,,G",1.625,",,,G"
AG000060590,1965-06-01,30.5667,2.8667,397.0,"EL GOLEA, AG",556.7,G,301.4,",G",0.0,",I",0.0,",I",0.0,",I",0.0,",G",0.0,",G",0.0,",G",30.0,",G",25.0,",G",19650606.0,",,G",19650630.0,"+,,I",19650617.0,",,G",13.2,",G,06,",0.0,",,I,30,+",40.8,",G,17,",939.3,G,0.0,",G",0.0,",,,I",2.838,",G",3.6079999999999997,",,,G",2.068,",,,G"
AG000060590,1965-07-01,30.5667,2.8667,397.0,"EL GOLEA, AG",1012.7,G,456.0,",G",0.0,",I",0.0,",I",0.0,",I",0.0,",G",0.0,",G",0.0,",G",31.0,",G",31.0,",G",19650721.0,",,G",19650731.0,"+,,I",19650710.0,",,G",21.2,",G,21,",0.0,",,I,31,+",45.0,",G,10,",0.0,G,0.0,",G",0.0,",,,I",3.304,",G",4.207,",,,G",2.402,",,,G"
AG000060590,1965-08-01,30.5667,2.8667,397.0,"EL GOLEA, AG",1438.6,G,425.9,",G",2.0,"1,I",1.0,"1,I",0.0,"1,I",0.0,",G",0.0,",G",0.0,",G",31.0,",G",31.0,",G",19650827.0,",,G",19650825.0,",1,I",19650824.0,",,G",20.6,",G,27,",3.0,"1,,I,25,",44.2,",G,24,",0.0,G,0.0,",G",4.0,"1,,,I",3.207,",G",3.9270000000000005,",,,G",2.487,",,,G"
AG000060590,1965-10-01,30.5667,2.8667,397.0,"EL GOLEA, AG",,,149.6,",G",3.0,",I",0.0,",I",0.0,",I",0.0,",G",0.0,",G",0.0,",G",31.0,",G",12.0,",G",19651001.0,",,G",19651016.0,",,I",19651005.0,",,G",12.3,",G,01,",2.0,",,I,16,",34.5,",G,05,",,,0.0,",G",4.0,",,,I",2.316,",G",3.022,",,,G",1.61,",,,G"
AG000060590,1965-11-01,30.5667,2.8667,397.0,"EL GOLEA, AG",,,28.4,",G",0.0,",I",0.0,",I",0.0,",I",0.0,",G",0.0,",G",0.0,",G",25.0,",G",1.0,",G",19651127.0,",,G",19651130.0,"+,,I",19651105.0,",,G",1.9,",G,27,",0.0,",,I,30,+",32.3,",G,05,",,,94.3,",G",0.0,",,,I",1.614,",G",2.4010000000000002,",,,G",0.826,",,,G"
AG000060590,1965-12-01,30.5667,2.8667,397.0,"EL GOLEA, AG",,,0.0,",G",0.0,"1,I",0.0,"1,I",0.0,"1,I",0.0,",G",3.0,",G",0.0,",G",8.0,",G",0.0,",G",19651223.0,",,G",19651231.0,"+,1,I",19651228.0,",,G",-1.2,",G,23,",0.0,"1,,I,31,+",23.0,",G,28,",,,228.4,",G",0.0,"1,,,I",1.096,",G",1.8780000000000001,",,,G",0.315,",,,G"
AG000060590,1966-01-01,30.5667,2.8667,397.0,"EL GOLEA, AG",0.0,G,0.0,",G",0.0,",I",0.0,",I",0.0,",I",0.0,",G",5.0,",G",0.0,",G",16.0,",G",0.0,",G",19660109.0,",,G",19660131.0,"+,,I",19660125.0,",,G",-1.4,",G,09,",0.0,",,I,31,+",27.5,",G,25,",,,189.6,",G",0.0,",,,I",1.222,",G",2.1399999999999997,",,,G",0.303,",,,G"
AG000060590,1966-02-01,30.5667,2.8667,397.0,"EL GOLEA, AG",4.5,G,4.5,",G",0.0,",I",0.0,",I",0.0,",I",0.0,",G",0.0,",G",0.0,",G",24.0,",G",0.0,",G",19660225.0,",,G",19660228.0,"+,,I",19660221.0,",,G",1.3,",G,25,",0.0,",,I,28,+",31.1,",G,21,",,,104.6,",G",0.0,",,,I",1.476,",G",2.415,",,,G",0.537,",,,G"
AG000060590,1966-03-01,30.5667,2.8667,397.0,"EL GOLEA, AG",6.4,G,1.9,",G",2.0,",I",0.0,",I",0.0,",I",0.0,",G",1.0,",G",0.0,",G",14.0,",G",0.0,",G",19660317.0,",,G",19660314.0,"+,,I",19660329.0,",,G",-0.3,",G,17,",1.0,",,I,14,+",28.6,",G,29,",,,162.5,",G",2.0,",,,I",1.315,",G",2.136,",,,G",0.495,",,,G"
AG000060590,1966-04-01,30.5667,2.8667,397.0,"EL GOLEA, AG",86.9,G,80.5,",G",1.0,",I",0.0,",I",0.0,",I",0.0,",G",0.0,",G",0.0,",G",30.0,",G",8.0,",G",19660422.0,",,G",19660402.0,",,I",19660409.0,",,G",5.8,",G,22,",1.0,",,I,02,",36.0,",G,09,",,,16.0,",G",1.0,",,,I",2.048,",G",2.873,",,,G",1.224,",,,G"
AG000060590,1966-05-01,30.5667,2.8667,397.0,"EL GOLEA, AG",274.2,G,187.3,",G",2.0,"1,I",0.0,"1,I",0.0,"1,I",0.0,",G",0.0,",G",0.0,",G",31.0,",G",16.0,",G",19660514.0,",,G",19660512.0,"+,1,I",19660530.0,",,G",8.0,",G,14,",1.0,"1,,I,12,+",41.2,",G,30,",,,1.9,",G",2.0,"1,,,I",2.431,",G",3.159,",,,G",1.704,",,,G"
AG000060590,1966-06-01,30.5667,2.8667,397.0,"EL GOLEA, AG",679.3,G,405.1,",G",0.0,",I",0.0,",I",0.0,",I",0.0,",G",0.0,",G",0.0,",G",30.0,",G",30.0,",G",19660610.0,",,G",19660630.0,"+,,I",19660624.0,",,G",16.0,",G,10,",0.0,",,I,30,+",43.9,",G,24,",,,0.0,",G",0.0,",,,I",3.184,",G",4.004,",,,G",2.363,",,,G"
AG000060590,1966-07-01,30.5667,2.8667,397.0,"EL GOLEA, AG",1159.2,G,479.9,",G",0.0,"1,I",0.0,"1,I",0.0,"1,I",0.0,",G",0.0,",G",0.0,",G",31.0,",G",31.0,",G",19660709.0,",,G",19660731.0,"+,1,I",19660726.0,"+,,G",19.7,",G,09,",0.0,"1,,I,31,+",46.9,",G,26,+",0.0,G,0.0,",G",0.0,"1,,,I",3.3810000000000002,",G",4.205,",,,G",2.557,",,,G"
AG000060590,1966-08-01,30.5667,2.8667,397.0,"EL GOLEA, AG",1594.2,G,435.0,",G",0.0,",I",0.0,",I",0.0,",I",0.0,",G",0.0,",G",0.0,",G",31.0,",G",31.0,",G",19660818.0,"+,,G",19660831.0,"+,,I",19660810.0,",,G",19.8,",G,18,+",0.0,",,I,31,+",44.4,",G,10,",0.0,G,0.0,",G",0.0,",,,I",3.2369999999999997,",G",4.138,",,,G",2.335,",,,G"
AG000060590,1966-09-01,30.5667,2.8667,397.0,"EL GOLEA, AG",1884.3,G,290.1,",G",2.0,"2,I",1.0,"2,I",0.0,"2,I",0.0,",G",0.0,",G",0.0,",G",30.0,",G",27.0,",G",19660930.0,",,G",19660919.0,",2,I",19660901.0,",,G",15.2,",G,30,",4.0,"2,,I,19,",40.5,",G,01,",0.0,G,0.0,",G",5.0,"2,,,I",2.8,",G",3.528,",,,G",2.072,",,,G"
AG000060590,1966-10-01,30.5667,2.8667,397.0,"EL GOLEA, AG",1968.9,G,84.6,",G",0.0,"1,I",0.0,"1,I",0.0,"1,I",0.0,",G",0.0,",G",0.0,",G",31.0,",G",5.0,",G",19661031.0,",,G",19661031.0,"+,1,I",19661001.0,",,G",6.4,",G,31,",0.0,"1,,I,31,+",35.3,",G,01,",10.3,G,10.3,",G",0.0,"1,,,I",2.073,",G",2.83,",,,G",1.315,",,,G"
AG000060590,1966-11-01,30.5667,2.8667,397.0,"EL GOLEA, AG",1972.3,G,3.4,",G",3.0,"2,I",3.0,"2,I",0.0,"2,I",0.0,",G",2.0,",G",0.0,",G",5.0,",G",0.0,",G",19661130.0,",,G",19661110.0,",2,I",19661103.0,",,G",-0.6,",G,30,",15.0,"2,,I,10,",29.0,",G,03,",176.4,G,166.1,",G",25.0,"2,,,I",1.291,",G",1.924,",,,G",0.658,",,,G"
AG000060590,1966-12-01,30.5667,2.8667,397.0,"EL GOLEA, AG",1972.3,G,0.0,",G",0.0,",I",0.0,",I",0.0,",I",0.0,",G",11.0,",G",0.0,",G",1.0,",G",0.0,",G",19661228.0,",,G",19661231.0,"+,,I",19661203.0,",,G",-3.5,",G,28,",0.0,",,I,31,+",21.7,",G,03,",468.7,G,292.3,",G",0.0,",,,I",0.89,",G",1.6640000000000001,",,,G",0.11599999999999999,",,,G"
AG000060590,1967-01-01,30.5667,2.8667,397.0,"EL GOLEA, AG",0.0,G,0.0,",G",0.0,",I",0.0,",I",0.0,",I",0.0,",G",14.0,",G",0.0,",G",2.0,",G",0.0,",G",19670117.0,",,G",19670131.0,"+,,I",19670110.0,",,G",-3.2,",G,17,",0.0,",,I,31,+",23.2,",G,10,",758.3,G,289.6,",G",0.0,",,,I",0.899,",G",1.707,",,,G",0.092,",,,G"
AG000060590,1967-02-01,30.5667,2.8667,397.0,"EL GOLEA, AG",1.9,G,1.9,",G",4.0,",I",2.0,",I",0.0,",I",0.0,",G",0.0,",G",0.0,",G",10.0,",G",0.0,",G",19670207.0,",,G",19670204.0,",,I",19670226.0,",,G",2.2,",G,07,",12.0,",,I,04,",27.2,",G,26,",901.2,G,142.9,",G",18.0,",,,I",1.33,",G",1.982,",,,G",0.6769999999999999,",,,G"
AG000060590,1967-03-01,30.5667,2.8667,397.0,"EL GOLEA, AG",21.6,G,19.7,",G",0.0,"1,I",0.0,"1,I",0.0,"1,I",0.0,",G",0.0,",G",0.0,",G",20.0,",G",1.0,",G",19670323.0,",,G",19670331.0,"+,1,I",19670309.0,",,G",1.0,",G,23,",0.0,"1,,I,31,+",33.3,",G,09,",997.9,G,96.7,",G",0.0,"1,,,I",1.585,",G",2.356,",,,G",0.8140000000000001,",,,G"
AG000060590,1967-04-01,30.5667,2.8667,397.0,"EL GOLEA, AG",64.2,G,42.6,",G",0.0,"1,I",0.0,"1,I",0.0,"1,I",0.0,",G",0.0,",G",0.0,",G",28.0,",G",4.0,",G",19670403.0,",,G",19670430.0,"+,1,I",19670430.0,",,G",4.2,",G,03,",0.0,"1,,I,30,+",34.7,",G,30,",1027.8,G,29.9,",G",0.0,"1,,,I",1.8760000000000001,",G",2.734,",,,G",1.017,",,,G"
AG000060590,1967-05-01,30.5667,2.8667,397.0,"EL GOLEA, AG",278.5,G,214.3,",G",0.0,"1,I",0.0,"1,I",0.0,"1,I",0.0,",G",0.0,",G",0.0,",G",31.0,",G",19.0,",G",19670521.0,",,G",19670531.0,"+,1,I",19670531.0,",,G",8.3,",G,21,",0.0,"1,,I,31,+",37.7,",G,31,",1027.8,G,0.0,",G",0.0,"1,,,I",2.525,",G",3.3579999999999997,",,,G",1.691,",,,G"
AG000060590,1967-06-01,30.5667,2.8667,397.0,"EL GOLEA, AG",602.7,G,324.2,",G",0.0,",I",0.0,",I",0.0,",I",0.0,",G",0.0,",G",0.0,",G",30.0,",G",25.0,",G",19670607.0,",,G",19670630.0,"+,,I",19670615.0,",,G",15.9,",G,07,",0.0,",,I,30,+",41.1,",G,15,",1027.8,G,0.0,",G",0.0,",,,I",2.914,",G",3.6719999999999997,",,,G",2.1559999999999997,",,,G"
AG000060590,1967-07-01,30.5667,2.8667,397.0,"EL GOLEA, AG",996.6,G,393.9,",G",0.0,"1,I",0.0,"1,I",0.0,"1,I",0.0,",G",0.0,",G",0.0,",G",31.0,",G",31.0,",G",19670701.0,",,G",19670731.0,"+,1,I",19670709.0,",,G",18.2,",G,01,",0.0,"1,,I,31,+",43.8,",G,09,",0.0,G,0.0,",G",0.0,"1,,,I",3.104,",G",3.8840000000000003,",,,G",2.324,",,,G"
AG000060590,1967-08-01,30.5667,2.8667,397.0,"EL GOLEA, AG",1400.9,G,404.3,",G",0.0,",I",0.0,",I",0.0,",I",0.0,",G",0.0,",G",0.0,",G",31.0,",G",31.0,",G",19670822.0,"+,,G",19670831.0,"+,,I",19670815.0,",,G",19.8,",G,22,+",0.0,",,I,31,+",42.6,",G,15,",0.0,G,0.0,",G",0.0,",,,I",3.138,",G",3.9539999999999997,",,,G",2.321,",,,G"
AG000060590,1967-09-01,30.5667,2.8667,397.0,"EL GOLEA, AG",1684.7,G,283.8,",G",0.0,"1,I",0.0,"1,I",0.0,"1,I",0.0,",G",0.0,",G",0.0,",G",30.0,",G",24.0,",G",19670920.0,",,G",19670930.0,"+,1,I",19670901.0,",,G",14.2,",G,20,",0.0,"1,,I,30,+",42.8,",G,01,",0.0,G,0.0,",G",0.0,"1,,,I",2.779,",G",3.5060000000000002,",,,G",2.052,",,,G"
AG000060590,1967-10-01,30.5667,2.8667,397.0,"EL GOLEA, AG",1831.2,G,146.5,",G",0.0,"4,I",0.0,"4,I",0.0,"4,I",0.0,",G",0.0,",G",0.0,",G",31.0,",G",5.0,",G",19671028.0,",,G",19671031.0,"+,4,I",19671005.0,",,G",9.8,",G,28,",0.0,"4,,I,31,+",36.5,",G,05,",1.1,G,1.1,",G",0.0,"4,,,I",2.302,",G",2.923,",,,G",1.6809999999999998,",,,G"
AG000060590,1967-11-01,30.5667,2.8667,397.0,"EL GOLEA, AG",1852.3,G,21.1,",G",2.0,"1,I",1.0,"1,I",0.0,"1,I",0.0,",G",0.0,",G",0.0,",G",21.0,",G",0.0,",G",19671129.0,",,G",19671120.0,",1,I",19671104.0,",,G",4.4,",G,29,",5.0,"1,,I,20,",30.2,",G,04,",64.6,G,63.5,",G",7.0,"1,,,I",1.6920000000000002,",G",2.384,",,,G",1.0,",,,G"
AG000060590,1967-12-01,30.5667,2.8667,397.0,"EL GOLEA, AG",1852.3,G,0.0,",G",0.0,"1,I",0.0,"1,I",0.0,"1,I",0.0,",G",13.0,",G",0.0,",G",0.0,",G",0.0,",G",19671214.0,",,G",19671231.0,"+,1,I",19671230.0,",,G",-5.8,",G,14,",0.0,"1,,I,31,+",19.5,",G,30,",392.0,G,327.4,",G",0.0,"1,,,I",0.7769999999999999,",G",1.5070000000000001,",,,G",0.047,",,,G"
AG000060590,1968-01-01,30.5667,2.8667,397.0,"EL GOLEA, AG",0.0,G,0.0,",G",0.0,",I",0.0,",I",0.0,",I",0.0,",G",25.0,",G",0.0,",G",0.0,",G",0.0,",G",19680117.0,",,G",19680131.0,"+,,I",19680118.0,",,G",-3.6,",G,17,",0.0,",,I,31,+",20.3,",G,18,",717.1,G,325.1,",G",0.0,",,,I",0.7849999999999999,",G",1.641,",,,G",-0.071,",,,G"
AG000060590,1968-02-01,30.5667,2.8667,397.0,"EL GOLEA, AG",4.2,G,4.2,",G",0.0,",I",0.0,",I",0.0,",I",0.0,",G",6.0,",G",0.0,",G",14.0,",G",0.0,",G",19680206.0,",,G",19680229.0,"+,,I",19680224.0,",,G",-3.4,",G,06,",0.0,",,I,29,+",28.3,",G,24,",868.5,G,151.4,",G",0.0,",,,I",1.326,",G",2.1559999999999997,",,,G",0.496,",,,G"
AG000060590,1968-03-01,30.5667,2.8667,397.0,"EL GOLEA, AG",18.3,G,14.1,",G",0.0,",I",0.0,",I",0.0,",I",0.0,",G",0.0,",G",0.0,",G",24.0,",G",0.0,",G",19680312.0,",,G",19680331.0,"+,,I",19680329.0,"+,,G",1.2,",G,12,",0.0,",,I,31,+",29.3,",G,29,+",940.0,G,71.5,",G",0.0,",,,I",1.6480000000000001,",G",2.387,",,,G",0.909,",,,G"
AG000060590,1968-04-01,30.5667,2.8667,397.0,"EL GOLEA, AG",125.0,G,106.7,",G",1.0,"2,I",1.0,"2,I",0.0,"2,I",0.0,",G",0.0,",G",0.0,",G",30.0,",G",7.0,",G",19680403.0,",,G",19680423.0,",2,I",19680429.0,",,G",6.7,",G,03,",4.0,"2,,I,23,",36.6,",G,29,",944.1,G,4.1,",G",4.0,"2,,,I",2.175,",G",2.9370000000000003,",,,G",1.4140000000000001,",,,G"
AG000060590,1968-05-01,30.5667,2.8667,397.0,"EL GOLEA, AG",323.6,G,198.6,",G",1.0,",I",1.0,",I",0.0,",I",0.0,",G",0.0,",G",0.0,",G",31.0,",G",19.0,",G",19680511.0,",,G",19680509.0,",,I",19680505.0,",,G",11.1,",G,11,",6.0,",,I,09,",40.8,",G,05,",944.1,G,0.0,",G",6.0,",,,I",2.4739999999999998,",G",3.289,",,,G",1.659,",,,G"
AG000060590,1968-06-01,30.5667,2.8667,397.0,"EL GOLEA, AG",648.5,G,324.9,",G",1.0,"1,I",1.0,"1,I",0.0,"1,I",0.0,",G",0.0,",G",0.0,",G",30.0,",G",27.0,",G",19680602.0,",,G",19680610.0,",1,I",19680618.0,",,G",15.4,",G,02,",4.0,"1,,I,10,",43.7,",G,18,",944.1,G,0.0,",G",4.0,"1,,,I",2.916,",G",3.6729999999999996,",,,G",2.159,",,,G"
AG000060590,1968-07-01,30.5667,2.8667,397.0,"EL GOLEA, AG",1058.3,G,409.8,",G",0.0,",I",0.0,",I",0.0,",I",0.0,",G",0.0,",G",0.0,",G",31.0,",G",31.0,",G",19680712.0,",,G",19680731.0,"+,,I",19680717.0,",,G",18.4,",G,12,",0.0,",,I,31,+",42.3,",G,17,",0.0,G,0.0,",G",0.0,",,,I",3.1550000000000002,",G",3.941,",,,G",2.369,",,,G"
AG000060590,1968-08-01,30.5667,2.8667,397.0,"EL GOLEA, AG",1494.3,G,436.0,",G",0.0,",I",0.0,",I",0.0,",I",0.0,",G",0.0,",G",0.0,",G",31.0,",G",31.0,",G",19680823.0,",,G",19680831.0,"+,,I",19680809.0,"+,,G",19.8,",G,23,",0.0,",,I,31,+",45.1,",G,09,+",0.0,G,0.0,",G",0.0,",,,I",3.2399999999999998,",G",4.089,",,,G",2.391,",,,G"
AG000060590,1968-09-01,30.5667,2.8667,397.0,"EL GOLEA, AG",1794.2,G,299.9,",G",0.0,",I",0.0,",I",0.0,",I",0.0,",G",0.0,",G",0.0,",G",30.0,",G",23.0,",G",19680923.0,",,G",19680930.0,"+,,I",19680915.0,"+,,G",15.1,",G,23,",0.0,",,I,30,+",41.6,",G,15,+",0.0,G,0.0,",G",0.0,",,,I",2.8329999999999997,",G",3.568,",,,G",2.098,",,,G"
AG000060590,1968-10-01,30.5667,2.8667,397.0,"EL GOLEA, AG",1898.3,G,104.1,",G",0.0,",I",0.0,",I",0.0,",I",0.0,",G",0.0,",G",0.0,",G",31.0,",G",2.0,",G",19681023.0,",,G",19681031.0,"+,,I",19681005.0,",,G",4.3,",G,23,",0.0,",,I,31,+",32.4,",G,05,",10.8,G,10.8,",G",0.0,",,,I",2.134,",G",2.9,",,,G",1.3679999999999999,",,,G"
AG000060590,1968-11-01,30.5667,2.8667,397.0,"EL GOLEA, AG",1910.7,G,12.4,",G",0.0,",I",0.0,",I",0.0,",I",0.0,",G",0.0,",G",0.0,",G",26.0,",G",0.0,",G",19681127.0,",,G",19681130.0,"+,,I",19681115.0,",,G",2.2,",G,27,",0.0,",,I,30,+",31.9,",G,15,",100.3,G,89.5,",G",0.0,",,,I",1.576,",G",2.41,",,,G",0.742,",,,G"
AG000060590,1968-12-01,30.5667,2.8667,397.0,"EL GOLEA, AG",1910.7,G,0.0,",G",0.0,"1,I",0.0,"1,I",0.0,"1,I",0.0,",G",5.0,",G",0.0,",G",4.0,",G",0.0,",G",19681216.0,",,G",19681231.0,"+,1,I",19681207.0,",,G",-2.8,",G,16,",0.0,"1,,I,31,+",23.0,",G,07,",350.5,G,250.2,",G",0.0,"1,,,I",1.026,",G",1.8239999999999998,",,,G",0.229,",,,G"
AG000060590,1969-01-01,30.5667,2.8667,397.0,"EL GOLEA, AG",0.0,G,0.0,",G",2.0,",I",1.0,",I",0.0,",I",0.0,",G",6.0,",G",0.0,",G",6.0,",G",0.0,",G",19690103.0,",,G",19690109.0,",,I",19690107.0,",,G",-4.8,",G,03,",4.0,",,I,09,",24.8,",G,07,",583.5,G,233.0,",G",5.0,",,,I",1.082,",G",1.8379999999999999,",,,G",0.325,",,,G"
AG000060590,1969-02-01,30.5667,2.8667,397.0,"EL GOLEA, AG",9.8,G,9.8,",G",0.0,",I",0.0,",I",0.0,",I",0.0,",G",2.0,",G",0.0,",G",16.0,",G",0.0,",G",19690206.0,"+,,G",19690228.0,"+,,I",19690219.0,",,G",-0.1,",G,06,+",0.0,",,I,28,+",31.7,",G,19,",688.5,G,105.0,",G",0.0,",,,I",1.4929999999999999,",G",2.2640000000000002,",,,G",0.722,",,,G"
AG000060590,1969-03-01,30.5667,2.8667,397.0,"EL GOLEA, AG",53.5,G,43.7,",G",0.0,",I",0.0,",I",0.0,",I",0.0,",G",0.0,",G",0.0,",G",26.0,",G",4.0,",G",19690306.0,",,G",19690331.0,"+,,I",19690322.0,",,G",2.2,",G,06,",0.0,",,I,31,+",36.9,",G,22,",735.7,G,47.2,",G",0.0,",,,I",1.8219999999999998,",G",2.674,",,,G",0.9710000000000001,",,,G"
AG000060590,1969-04-01,30.5667,2.8667,397.0,"EL GOLEA, AG",130.8,G,77.3,",G",0.0,"1,I",0.0,"1,I",0.0,"1,I",0.0,",G",0.0,",G",0.0,",G",26.0,",G",7.0,",G",19690416.0,",,G",19690430.0,"+,1,I",19690426.0,",,G",4.3,",G,16,",0.0,"1,,I,30,+",38.4,",G,26,",778.8,G,43.1,",G",0.0,"1,,,I",1.9469999999999998,",G",2.69,",,,G",1.204,",,,G"
AG000060590,1969-05-01,30.5667,2.8667,397.0,"EL GOLEA, AG",359.6,G,228.8,",G",1.0,"1,I",0.0,"1,I",0.0,"1,I",0.0,",G",0.0,",G",0.0,",G",31.0,",G",21.0,",G",19690507.0,",,G",19690519.0,",1,I",19690529.0,",,G",9.1,",G,07,",1.0,"1,,I,19,",41.5,",G,29,",778.8,G,0.0,",G",1.0,"1,,,I",2.571,",G",3.3850000000000002,",,,G",1.7570000000000001,",,,G"
AG000060590,1969-06-01,30.5667,2.8667,397.0,"EL GOLEA, AG",695.6,G,336.0,",G",0.0,",I",0.0,",I",0.0,",I",0.0,",G",0.0,",G",0.0,",G",30.0,",G",28.0,",G",19690615.0,",,G",19690630.0,"+,,I",19690620.0,",,G",14.6,",G,15,",0.0,",,I,30,+",44.4,",G,20,",778.8,G,0.0,",G",0.0,",,,I",2.9530000000000003,",G",3.7560000000000002,",,,G",2.1510000000000002,",,,G"
AG000060590,1969-07-01,30.5667,2.8667,397.0,"EL GOLEA, AG",1058.7,G,363.1,",G",0.0,",I",0.0,",I",0.0,",I",0.0,",G",0.0,",G",0.0,",G",31.0,",G",29.0,",G",19690721.0,",,G",19690731.0,"+,,I",19690703.0,",,G",15.7,",G,21,",0.0,",,I,31,+",43.6,",G,03,",0.0,G,0.0,",G",0.0,",,,I",3.005,",G",3.749,",,,G",2.2600000000000002,",,,G"
AG000060590,1969-08-01,30.5667,2.8667,397.0,"EL GOLEA, AG",1485.3,G,426.6,",G",2.0,",I",0.0,",I",0.0,",I",0.0,",G",0.0,",G",0.0,",G",31.0,",G",31.0,",G",19690829.0,",,G",19690823.0,",,I",19690804.0,",,G",19.0,",G,29,",2.0,",,I,23,",44.2,",G,04,",0.0,G,0.0,",G",3.0,",,,I",3.2090000000000005,",G",3.9520000000000004,",,,G",2.466,",,,G"
AG000060590,1969-09-01,30.5667,2.8667,397.0,"EL GOLEA, AG",1776.6,G,291.3,",G",1.0,",I",0.0,",I",0.0,",I",0.0,",G",0.0,",G",0.0,",G",30.0,",G",19.0,",G",19690924.0,",,G",19690909.0,",,I",19690920.0,",,G",12.1,",G,24,",1.0,",,I,09,",42.7,",G,20,",0.0,G,0.0,",G",1.0,",,,I",2.804,",G",3.492,",,,G",2.117,",,,G"
AG000060590,1969-10-01,30.5667,2.8667,397.0,"EL GOLEA, AG",1882.7,G,106.1,",G",2.0,",I",1.0,",I",0.0,",I",0.0,",G",0.0,",G",0.0,",G",28.0,",G",5.0,",G",19691030.0,",,G",19691027.0,",,I",19691002.0,",,G",8.8,",G,30,",6.0,",,I,27,",37.0,",G,02,",15.2,G,15.2,",G",7.0,",,,I",2.127,",G",2.753,",,,G",1.5,",,,G"
AG000060590,1969-11-01,30.5667,2.8667,397.0,"EL GOLEA, AG",1891.8,G,9.1,"1,G",2.0,",I",0.0,",I",0.0,",I",0.0,"1,G",0.0,"1,G",0.0,",G",27.0,",G",0.0,",G",19691122.0,",1,G",19691128.0,"+,,I",19691125.0,",,G",4.2,"1,G,22,",1.0,",,I,28,+",28.4,",G,25,",56.9,G,41.7,",G",2.0,",,,I",1.72,"1,G",2.435,",,,G",1.0050000000000001,"1,,,G"
AG000060590,1969-12-01,30.5667,2.8667,397.0,"EL GOLEA, AG",1891.8,G,0.0,"1,G",0.0,",I",0.0,",I",0.0,",I",0.0,",G",15.0,",G",0.0,"1,G",0.0,"1,G",0.0,"1,G",19691203.0,",,G",19691231.0,"+,,I",19691217.0,",1,G",-3.2,",G,03,",0.0,",,I,31,+",19.9,"1,G,17,",349.5,G,292.6,"1,G",0.0,",,,I",0.868,"1,G",1.6300000000000001,"1,,,G",0.10600000000000001,",,,G"
AG000060590,1970-01-01,30.5667,2.8667,397.0,"EL GOLEA, AG",2.3,G,2.3,",G",0.0,"1,I",0.0,"1,I",0.0,"1,I",0.0,",G",3.0,",G",0.0,",G",11.0,",G",0.0,",G",19700117.0,",,G",19700131.0,"+,1,I",19700104.0,",,G",-1.6,",G,17,",0.0,"1,,I,31,+",26.9,",G,04,",531.1,G,181.6,",G",0.0,"1,,,I",1.2550000000000001,",G",2.069,",,,G",0.441,",,,G"
AG000060590,1970-02-01,30.5667,2.8667,397.0,"EL GOLEA, AG",2.6,G,0.3,",G",0.0,",I",0.0,",I",0.0,",I",0.0,",G",4.0,",G",0.0,",G",16.0,",G",0.0,",G",19700221.0,",,G",19700228.0,"+,,I",19700214.0,",,G",-1.2,",G,21,",0.0,",,I,28,+",26.8,",G,14,",699.8,G,168.7,",G",0.0,",,,I",1.232,",G",2.128,",,,G",0.33599999999999997,",,,G"
AG000060590,1970-03-01,30.5667,2.8667,397.0,"EL GOLEA, AG",40.4,G,37.8,",G",1.0,"2,I",0.0,"2,I",0.0,"2,I",0.0,",G",0.0,",G",0.0,",G",22.0,",G",3.0,",G",19700319.0,",,G",19700303.0,",2,I",19700327.0,",,G",0.5,",G,19,",1.0,"2,,I,03,",37.3,",G,27,",795.8,G,96.0,",G",1.0,"2,,,I",1.645,",G",2.521,",,,G",0.77,",,,G"
AG000060590,1970-04-01,30.5667,2.8667,397.0,"EL GOLEA, AG",88.4,G,48.0,",G",0.0,",I",0.0,",I",0.0,",I",0.0,",G",0.0,",G",0.0,",G",27.0,",G",3.0,",G",19700413.0,",,G",19700430.0,"+,,I",19700401.0,",,G",4.1,",G,13,",0.0,",,I,30,+",35.8,",G,01,",826.6,G,30.8,",G",0.0,",,,I",1.891,",G",2.658,",,,G",1.124,",,,G"
AG000060590,1970-05-01,30.5667,2.8667,397.0,"EL GOLEA, AG",278.5,G,190.1,",G",0.0,",I",0.0,",I",0.0,",I",0.0,",G",0.0,",G",0.0,",G",31.0,",G",15.0,",G",19700504.0,",,G",19700531.0,"+,,I",19700531.0,",,G",8.9,",G,04,",0.0,",,I,31,+",38.8,",G,31,",827.9,G,1.3,",G",0.0,",,,I",2.442,",G",3.207,",,,G",1.677,",,,G"
AG000060590,1970-06-01,30.5667,2.8667,397.0,"EL GOLEA, AG",651.1,G,372.6,",G",0.0,"1,I",0.0,"1,I",0.0,"1,I",0.0,",G",0.0,",G",0.0,",G",30.0,",G",30.0,",G",19700617.0,",,G",19700630.0,"+,1,I",19700622.0,",,G",17.4,",G,17,",0.0,"1,,I,30,+",44.1,",G,22,",827.9,G,0.0,",G",0.0,"1,,,I",3.075,",G",3.925,",,,G",2.226,",,,G"
AG000060590,1970-07-01,30.5667,2.8667,397.0,"EL GOLEA, AG",1044.5,G,393.4,",G",0.0,",I",0.0,",I",0.0,",I",0.0,",G",0.0,",G",0.0,",G",31.0,",G",31.0,",G",19700708.0,",,G",19700731.0,"+,,I",19700726.0,",,G",17.0,",G,08,",0.0,",,I,31,+",43.9,",G,26,",0.0,G,0.0,",G",0.0,",,,I",3.102,",G",3.9189999999999996,",,,G",2.286,",,,G"
AG000060590,1970-08-01,30.5667,2.8667,397.0,"EL GOLEA, AG",1493.4,G,448.9,",G",0.0,",I",0.0,",I",0.0,",I",0.0,",G",0.0,",G",0.0,",G",31.0,",G",31.0,",G",19700818.0,",,G",19700831.0,"+,,I",19700830.0,",,G",20.1,",G,18,",0.0,",,I,31,+",44.6,",G,30,",0.0,G,0.0,",G",0.0,",,,I",3.281,",G",4.21,",,,G",2.352,",,,G"
AG000060590,1970-09-01,30.5667,2.8667,397.0,"EL GOLEA, AG",1793.5,G,300.1,",G",2.0,",I",0.0,",I",0.0,",I",0.0,",G",0.0,",G",0.0,",G",30.0,",G",22.0,",G",19700922.0,",,G",19700927.0,",,I",19700903.0,",,G",14.7,",G,22,",2.0,",,I,27,",40.5,",G,03,",0.0,G,0.0,",G",3.0,",,,I",2.834,",G",3.536,",,,G",2.132,",,,G"
AG000060590,1970-10-01,30.5667,2.8667,397.0,"EL GOLEA, AG",1883.5,G,90.0,",G",0.0,"1,I",0.0,"1,I",0.0,"1,I",0.0,",G",0.0,",G",0.0,",G",30.0,",G",7.0,",G",19701020.0,",,G",19701031.0,"+,1,I",19701008.0,",,G",8.1,",G,20,",0.0,"1,,I,31,+",36.9,",G,08,",8.6,G,8.6,",G",0.0,"1,,,I",2.096,",G",2.8289999999999997,",,,G",1.364,",,,G"
AG000060590,1970-11-01,30.5667,2.8667,397.0,"EL GOLEA, AG",1893.0,G,9.5,",G",0.0,"3,I",0.0,"3,I",0.0,"3,I",0.0,",G",0.0,",G",0.0,",G",25.0,",G",0.0,",G",19701107.0,",,G",19701130.0,"+,3,I",19701114.0,",,G",1.9,",G,07,",0.0,"3,,I,30,+",27.9,",G,14,",91.4,G,82.8,",G",0.0,"3,,,I",1.589,",G",2.301,",,,G",0.876,",,,G"
AG000060590,1970-12-01,30.5667,2.8667,397.0,"EL GOLEA, AG",1893.0,G,0.0,",G",1.0,"3,I",1.0,"3,I",0.0,"3,I",0.0,",G",3.0,",G",0.0,",G",6.0,",G",0.0,",G",19701215.0,",,G",19701219.0,",3,I",19701228.0,",,G",-1.3,",G,15,",6.0,"3,,I,19,",22.3,",G,28,",299.1,G,207.7,",G",6.0,"3,,,I",1.163,",G",1.796,",,,G",0.53,",,,G"
AG000060590,1971-01-01,30.5667,2.8667,397.0,"EL GOLEA, AG",0.0,G,0.0,",G",2.0,",I",0.0,",I",0.0,",I",0.0,",G",10.0,",G",0.0,",G",7.0,",G",0.0,",G",19710103.0,",,G",19710121.0,"+,,I",19710130.0,",,G",-4.7,",G,03,",1.0,",,I,21,+",24.8,",G,30,",551.7,G,252.6,",G",2.0,",,,I",1.018,",G",1.8530000000000002,",,,G",0.184,",,,G"
AG000060590,1971-02-01,30.5667,2.8667,397.0,"EL GOLEA, AG",0.0,G,0.0,",G",1.0,"1,I",1.0,"1,I",0.0,"1,I",0.0,",G",7.0,",G",0.0,",G",6.0,",G",0.0,",G",19710209.0,",,G",19710214.0,",1,I",19710228.0,",,G",-2.4,",G,09,",12.0,"1,,I,14,",22.8,",G,28,",756.9,G,205.2,",G",12.0,"1,,,I",1.1,",G",1.843,",,,G",0.358,",,,G"
AG000060590,1971-03-01,30.5667,2.8667,397.0,"EL GOLEA, AG",6.1,G,6.1,",G",1.0,"1,I",0.0,"1,I",0.0,"1,I",0.0,",G",2.0,",G",0.0,",G",20.0,",G",0.0,",G",19710304.0,"+,,G",19710312.0,",1,I",19710307.0,",,G",-1.1,",G,04,+",1.0,"1,,I,12,",32.0,",G,07,",868.3,G,111.4,",G",1.0,"1,,,I",1.4929999999999999,",G",2.286,",,,G",0.701,",,,G"
AG000060590,1971-04-01,30.5667,2.8667,397.0,"EL GOLEA, AG",103.5,G,97.4,",G",0.0,"2,I",0.0,"2,I",0.0,"2,I",0.0,",G",0.0,",G",0.0,",G",30.0,",G",9.0,",G",19710402.0,",,G",19710430.0,"+,2,I",19710422.0,",,G",3.2,",G,02,",0.0,"2,,I,30,+",38.8,",G,22,",885.7,G,17.4,",G",0.0,"2,,,I",2.1,",G",2.952,",,,G",1.248,",,,G"
AG000060590,1971-05-01,30.5667,2.8667,397.0,"EL GOLEA, AG",241.3,G,137.8,",G",0.0,"1,I",0.0,"1,I",0.0,"1,I",0.0,",G",0.0,",G",0.0,",G",31.0,",G",11.0,",G",19710529.0,",,G",19710531.0,"+,1,I",19710515.0,"+,,G",8.9,",G,29,",0.0,"1,,I,31,+",36.6,",G,15,+",885.7,G,0.0,",G",0.0,"1,,,I",2.278,",G",3.0940000000000003,",,,G",1.462,",,,G"
AG000060590,1971-06-01,30.5667,2.8667,397.0,"EL GOLEA, AG",596.6,G,355.3,",G",0.0,",I",0.0,",I",0.0,",I",0.0,",G",0.0,",G",0.0,",G",30.0,",G",28.0,",G",19710605.0,",,G",19710630.0,"+,,I",19710617.0,",,G",14.9,",G,05,",0.0,",,I,30,+",45.2,",G,17,",885.7,G,0.0,",G",0.0,",,,I",3.018,",G",3.946,",,,G",2.089,",,,G"
AG000060590,1971-07-01,30.5667,2.8667,397.0,"EL GOLEA, AG",1044.9,G,448.3,",G",0.0,",I",0.0,",I",0.0,",I",0.0,",G",0.0,",G",0.0,",G",31.0,",G",31.0,",G",19710730.0,",,G",19710731.0,"+,,I",19710704.0,",,G",21.2,",G,30,",0.0,",,I,31,+",45.0,",G,04,",0.0,G,0.0,",G",0.0,",,,I",3.279,",G",4.0649999999999995,",,,G",2.494,",,,G"
AG000060590,1971-08-01,30.5667,2.8667,397.0,"EL GOLEA, AG",1458.6,G,413.7,",G",0.0,",I",0.0,",I",0.0,",I",0.0,",G",0.0,",G",0.0,",G",31.0,",G",31.0,",G",19710805.0,",,G",19710831.0,"+,,I",19710807.0,",,G",19.8,",G,05,",0.0,",,I,31,+",43.2,",G,07,",0.0,G,0.0,",G",0.0,",,,I",3.168,",G",3.94,",,,G",2.395,",,,G"
AG000060590,1971-09-01,30.5667,2.8667,397.0,"EL GOLEA, AG",1734.0,G,275.4,",G",0.0,"1,I",0.0,"1,I",0.0,"1,I",0.0,",G",0.0,",G",0.0,",G",30.0,",G",22.0,",G",19710930.0,",,G",19710930.0,"+,1,I",19710911.0,"+,,G",12.8,",G,30,",0.0,"1,,I,30,+",40.4,",G,11,+",0.0,G,0.0,",G",0.0,"1,,,I",2.7510000000000003,",G",3.447,",,,G",2.055,",,,G"
AG000060590,1971-10-01,30.5667,2.8667,397.0,"EL GOLEA, AG",1804.7,G,70.7,",G",0.0,"1,I",0.0,"1,I",0.0,"1,I",0.0,",G",0.0,",G",0.0,",G",31.0,",G",2.0,",G",19711031.0,",,G",19711031.0,"+,1,I",19711015.0,",,G",8.3,",G,31,",0.0,"1,,I,31,+",32.8,",G,15,",5.4,G,5.4,",G",0.0,"1,,,I",2.044,",G",2.7030000000000003,",,,G",1.385,",,,G"
AG000060590,1971-11-01,30.5667,2.8667,397.0,"EL GOLEA, AG",1809.0,G,4.3,",G",2.0,"1,I",1.0,"1,I",0.0,"1,I",0.0,",G",3.0,",G",0.0,",G",9.0,",G",0.0,",G",19711112.0,",,G",19711124.0,",1,I",19711108.0,",,G",-0.9,",G,12,",9.0,"1,,I,24,",26.6,",G,08,",168.6,G,163.2,",G",11.0,"1,,,I",1.3039999999999998,",G",2.0140000000000002,",,,G",0.593,",,,G"
AG000060590,1971-12-01,30.5667,2.8667,397.0,"EL GOLEA, AG",1809.0,G,0.0,",G",2.0,"2,I",0.0,"2,I",0.0,"2,I",0.0,",G",3.0,",G",0.0,",G",1.0,",G",0.0,",G",19711208.0,"+,,G",19711220.0,"+,2,I",19711231.0,",,G",-0.4,",G,08,+",1.0,"2,,I,20,+",21.8,",G,31,",408.3,G,239.7,",G",2.0,"2,,,I",1.06,",G",1.625,",,,G",0.495,",,,G"
AG000060590,1972-01-01,30.5667,2.8667,397.0,"EL GOLEA, AG",0.0,G,0.0,",G",1.0,",I",0.0,",I",0.0,",I",0.0,",G",12.0,",G",0.0,",G",0.0,",G",0.0,",G",19720115.0,",,G",19720117.0,",,I",19720101.0,",,G",-5.5,",G,15,",1.0,",,I,17,",21.0,",G,01,",707.9,G,299.6,",G",1.0,",,,I",0.867,",G",1.6780000000000002,",,,G",0.05500000000000001,",,,G"
AG000060590,1972-02-01,30.5667,2.8667,397.0,"EL GOLEA, AG",0.1,G,0.1,",G",1.0,"1,I",0.0,"1,I",0.0,"1,I",0.0,",G",3.0,",G",0.0,",G",9.0,",G",0.0,",G",19720201.0,",,G",19720227.0,",1,I",19720223.0,"+,,G",-1.3,",G,01,",1.0,"1,,I,27,",28.2,",G,23,+",890.6,G,182.7,",G",1.0,"1,,,I",1.204,",G",2.06,",,,G",0.34700000000000003,",,,G"
AG000060590,1972-03-01,30.5667,2.8667,397.0,"EL GOLEA, AG",12.1,G,12.0,",G",1.0,"3,I",0.0,"3,I",0.0,"3,I",0.0,",G",1.0,",G",0.0,",G",22.0,",G",0.0,",G",19720304.0,",,G",19720323.0,",3,I",19720322.0,",,G",-0.2,",G,04,",2.0,"3,,I,23,",30.1,",G,22,",994.5,G,103.9,",G",2.0,"3,,,I",1.537,",G",2.29,",,,G",0.784,",,,G"
AG000060590,1972-04-01,30.5667,2.8667,397.0,"EL GOLEA, AG",45.4,G,33.3,",G",4.0,"1,I",1.0,"1,I",0.0,"1,I",0.0,",G",0.0,",G",0.0,",G",26.0,",G",1.0,",G",19720411.0,",,G",19720402.0,",1,I",19720422.0,",,G",6.2,",G,11,",6.0,"1,,I,02,",33.0,",G,22,",1019.0,G,24.5,",G",12.0,"1,,,I",1.863,",G",2.576,",,,G",1.149,",,,G"
AG000060590,1972-05-01,30.5667,2.8667,397.0,"EL GOLEA, AG",174.1,G,128.7,",G",0.0,",I",0.0,",I",0.0,",I",0.0,",G",0.0,",G",0.0,",G",31.0,",G",6.0,",G",19720503.0,",,G",19720531.0,"+,,I",19720514.0,",,G",6.3,",G,03,",0.0,",,I,31,+",36.5,",G,14,",1025.1,G,6.1,",G",0.0,",,,I",2.229,",G",2.948,",,,G",1.509,",,,G"
AG000060590,1972-06-01,30.5667,2.8667,397.0,"EL GOLEA, AG",559.2,G,385.1,",G",0.0,",I",0.0,",I",0.0,",I",0.0,",G",0.0,",G",0.0,",G",30.0,",G",29.0,",G",19720612.0,",,G",19720630.0,"+,,I",19720629.0,",,G",17.9,",G,12,",0.0,",,I,30,+",45.0,",G,29,",1025.1,G,0.0,",G",0.0,",,,I",3.117,",G",4.0200000000000005,",,,G",2.214,",,,G"
AG000060590,1972-07-01,30.5667,2.8667,397.0,"EL GOLEA, AG",1044.5,G,485.3,",G",1.0,",I",0.0,",I",0.0,",I",0.0,",G",0.0,",G",0.0,",G",31.0,",G",31.0,",G",19720727.0,",,G",19720716.0,",,I",19720729.0,",,G",21.7,",G,27,",1.0,",,I,16,",45.6,",G,29,",0.0,G,0.0,",G",1.0,",,,I",3.399,",G",4.2219999999999995,",,,G",2.575,",,,G"
AG000060590,1972-08-01,30.5667,2.8667,397.0,"EL GOLEA, AG",1486.7,G,442.2,",G",0.0,",I",0.0,",I",0.0,",I",0.0,",G",0.0,",G",0.0,",G",31.0,",G",31.0,",G",19720824.0,",,G",19720831.0,"+,,I",19720801.0,",,G",19.1,",G,24,",0.0,",,I,31,+",44.6,",G,01,",0.0,G,0.0,",G",0.0,",,,I",3.2600000000000002,",G",4.066,",,,G",2.4539999999999997,",,,G"
AG000060590,1972-09-01,30.5667,2.8667,397.0,"EL GOLEA, AG",1789.4,G,302.7,",G",0.0,",I",0.0,",I",0.0,",I",0.0,",G",0.0,",G",0.0,",G",30.0,",G",23.0,",G",19720919.0,",,G",19720930.0,"+,,I",19720912.0,",,G",14.8,",G,19,",0.0,",,I,30,+",41.9,",G,12,",0.0,G,0.0,",G",0.0,",,,I",2.842,",G",3.543,",,,G",2.141,",,,G"
AG000060590,1972-10-01,30.5667,2.8667,397.0,"EL GOLEA, AG",1885.1,G,95.7,",G",3.0,"2,I",1.0,"2,I",0.0,"2,I",0.0,",G",0.0,",G",0.0,",G",31.0,",G",4.0,",G",19721030.0,",,G",19721018.0,",2,I",19721004.0,",,G",5.8,",G,30,",3.0,"2,,I,18,",36.6,",G,04,",14.2,G,14.2,",G",6.0,"2,,,I",2.096,",G",2.775,",,,G",1.417,",,,G"
AG000060590,1972-11-01,30.5667,2.8667,397.0,"EL GOLEA, AG",1901.4,G,16.3,",G",1.0,"1,I",1.0,"1,I",0.0,"1,I",0.0,",G",0.0,",G",0.0,",G",25.0,",G",0.0,",G",19721125.0,",,G",19721129.0,",1,I",19721101.0,",,G",2.7,",G,25,",6.0,"1,,I,29,",27.2,",G,01,",90.5,G,76.3,",G",6.0,"1,,,I",1.634,",G",2.336,",,,G",0.931,",,,G"
AG000060590,1972-12-01,30.5667,2.8667,397.0,"EL GOLEA, AG",1901.4,G,0.0,",G",2.0,",I",2.0,",I",0.0,",I",0.0,",G",9.0,",G",0.0,",G",0.0,",G",0.0,",G",19721208.0,",,G",19721229.0,",,I",19721228.0,",,G",-2.0,",G,08,",15.0,",,I,29,",18.4,",G,28,",389.5,G,299.0,",G",20.0,",,,I",0.869,",G",1.5230000000000001,",,,G",0.215,",,,G"
AG000060590,1973-01-01,30.5667,2.8667,397.0,"EL GOLEA, AG",0.0,G,0.0,",G",0.0,",I",0.0,",I",0.0,",I",0.0,",G",11.0,",G",0.0,",G",1.0,",G",0.0,",G",19730126.0,",,G",19730131.0,"+,,I",19730117.0,",,G",-1.6,",G,26,",0.0,",,I,31,+",22.8,",G,17,",692.9,G,303.4,",G",0.0,",,,I",0.8550000000000001,",G",1.584,",,,G",0.126,",,,G"
AG000060590,1973-02-01,30.5667,2.8667,397.0,"EL GOLEA, AG",0.0,G,0.0,",G",1.0,"1,I",0.0,"1,I",0.0,"1,I",0.0,",G",4.0,",G",0.0,",G",3.0,",G",0.0,",G",19730204.0,",,G",19730202.0,",1,I",19730226.0,",,G",-2.0,",G,04,",1.0,"1,,I,02,",23.1,",G,26,",930.7,G,237.8,",G",1.0,"1,,,I",0.984,",G",1.686,",,,G",0.282,",,,G"
AG000060590,1973-03-01,30.5667,2.8667,397.0,"EL GOLEA, AG",13.0,G,13.0,",G",0.0,"2,I",0.0,"2,I",0.0,"2,I",0.0,",G",2.0,",G",0.0,",G",18.0,",G",0.0,",G",19730303.0,",,G",19730331.0,"+,2,I",19730321.0,",,G",-3.1,",G,03,",0.0,"2,,I,31,+",31.5,",G,21,",1070.7,G,140.0,",G",0.0,"2,,,I",1.424,",G",2.2329999999999997,",,,G",0.614,",,,G"
AG000060590,1973-04-01,30.5667,2.8667,397.0,"EL GOLEA, AG",69.5,G,56.5,",G",1.0,",I",0.0,",I",0.0,",I",0.0,",G",0.0,",G",0.0,",G",27.0,",G",7.0,",G",19730406.0,",,G",19730416.0,",,I",19730428.0,",,G",2.2,",G,06,",1.0,",,I,16,",37.4,",G,28,",1114.1,G,43.4,",G",1.0,",,,I",1.877,",G",2.705,",,,G",1.049,",,,G"
AG000060590,1973-05-01,30.5667,2.8667,397.0,"EL GOLEA, AG",364.8,G,295.3,",G",0.0,"1,I",0.0,"1,I",0.0,"1,I",0.0,",G",0.0,",G",0.0,",G",31.0,",G",26.0,",G",19730511.0,",,G",19730531.0,"+,1,I",19730504.0,",,G",11.0,",G,11,",0.0,"1,,I,31,+",43.1,",G,04,",1114.1,G,0.0,",G",0.0,"1,,,I",2.786,",G",3.683,",,,G",1.889,",,,G"
AG000060590,1973-06-01,30.5667,2.8667,397.0,"EL GOLEA, AG",787.0,G,422.2,",G",0.0,",I",0.0,",I",0.0,",I",0.0,",G",0.0,",G",0.0,",G",30.0,",G",30.0,",G",19730621.0,",,G",19730630.0,"+,,I",19730627.0,",,G",18.5,",G,21,",0.0,",,I,30,+",44.4,",G,27,",1114.1,G,0.0,",G",0.0,",,,I",3.2409999999999997,",G",3.999,",,,G",2.482,",,,G"
AG000060590,1973-07-01,30.5667,2.8667,397.0,"EL GOLEA, AG",1243.7,G,456.7,",G",0.0,",I",0.0,",I",0.0,",I",0.0,",G",0.0,",G",0.0,",G",31.0,",G",31.0,",G",19730701.0,",,G",19730731.0,"+,,I",19730729.0,",,G",17.4,",G,01,",0.0,",,I,31,+",45.6,",G,29,",0.0,G,0.0,",G",0.0,",,,I",3.306,",G",4.232,",,,G",2.381,",,,G"
AG000060590,1973-08-01,30.5667,2.8667,397.0,"EL GOLEA, AG",1643.5,G,399.8,",G",0.0,",I",0.0,",I",0.0,",I",0.0,",G",0.0,",G",0.0,",G",31.0,",G",31.0,",G",19730820.0,",,G",19730831.0,"+,,I",19730803.0,",,G",19.3,",G,20,",0.0,",,I,31,+",43.6,",G,03,",0.0,G,0.0,",G",0.0,",,,I",3.123,",G",3.836,",,,G",2.409,",,,G"
AG000060590,1973-09-01,30.5667,2.8667,397.0,"EL GOLEA, AG",1885.1,G,241.6,",G",0.0,",I",0.0,",I",0.0,",I",0.0,",G",0.0,",G",0.0,",G",30.0,",G",24.0,",G",19730927.0,",,G",19730930.0,"+,,I",19730923.0,",,G",7.6,",G,27,",0.0,",,I,30,+",39.1,",G,23,",0.8,G,0.8,",G",0.0,",,,I",2.636,",G",3.4979999999999998,",,,G",1.7739999999999998,",,,G"
AG000060590,1973-10-01,30.5667,2.8667,397.0,"EL GOLEA, AG",2026.0,G,140.9,",G",0.0,",I",0.0,",I",0.0,",I",0.0,",G",0.0,",G",0.0,",G",29.0,",G",20.0,",G",19731027.0,",,G",19731031.0,"+,,I",19731004.0,",,G",3.0,",G,27,",0.0,",,I,31,+",39.0,",G,04,",37.8,G,37.0,",G",0.0,",,,I",2.168,",G",3.146,",,,G",1.191,",,,G"
AG000060590,1973-11-01,30.5667,2.8667,397.0,"EL GOLEA, AG",2027.2,G,1.2,",G",2.0,"1,I",0.0,"1,I",0.0,"1,I",0.0,",G",1.0,",G",0.0,",G",15.0,",G",0.0,",G",19731130.0,",,G",19731108.0,"+,1,I",19731106.0,",,G",-2.8,",G,30,",1.0,"1,,I,08,+",25.7,",G,06,",162.8,G,125.0,",G",2.0,"1,,,I",1.421,",G",2.1239999999999997,",,,G",0.718,",,,G"
AG000060590,1973-12-01,30.5667,2.8667,397.0,"EL GOLEA, AG",2027.2,G,0.0,",G",3.0,",I",3.0,",I",0.0,",I",0.0,",G",3.0,",G",0.0,",G",0.0,",G",0.0,",G",19731205.0,",,G",19731212.0,",,I",19731223.0,",,G",-1.0,",G,05,",5.0,",,I,12,",20.5,",G,23,",445.5,G,282.7,",G",11.0,",,,I",0.921,",G",1.6,",,,G",0.24300000000000002,",,,G"
AG000060590,1974-01-01,30.5667,2.8667,397.0,"EL GOLEA, AG",0.0,G,0.0,",G",0.0,"1,I",0.0,"1,I",0.0,"1,I",0.0,",G",12.0,",G",0.0,",G",2.0,",G",0.0,",G",19740122.0,",,G",19740131.0,"+,1,I",19740110.0,"+,,G",-3.0,",G,22,",0.0,"1,,I,31,+",21.2,",G,10,+",722.2,G,276.7,",G",0.0,"1,,,I",0.9410000000000001,",G",1.7280000000000002,",,,G",0.153,",,,G"
AG000060590,1974-02-01,30.5667,2.8667,397.0,"EL GOLEA, AG",0.0,G,0.0,",G",0.0,"1,I",0.0,"1,I",0.0,"1,I",0.0,",G",6.0,",G",0.0,",G",6.0,",G",0.0,",G",19740226.0,",,G",19740228.0,"+,1,I",19740228.0,",,G",-2.1,",G,26,",0.0,"1,,I,28,+",25.3,",G,28,",947.5,G,225.3,",G",0.0,"1,,,I",1.029,",G",1.8920000000000001,",,,G",0.16499999999999998,",,,G"
AG000060590,1974-03-01,30.5667,2.8667,397.0,"EL GOLEA, AG",5.3,G,5.3,",G",1.0,"3,I",1.0,"3,I",0.0,"3,I",0.0,",G",0.0,",G",0.0,",G",17.0,",G",0.0,",G",19740322.0,",,G",19740303.0,",3,I",19740319.0,",,G",2.1,",G,22,",9.0,"3,,I,03,",29.6,",G,19,",1067.1,G,119.6,",G",9.0,"3,,,I",1.464,",G",2.2190000000000003,",,,G",0.71,",,,G"
AG000060590,1974-04-01,30.5667,2.8667,397.0,"EL GOLEA, AG",37.4,G,32.1,",G",1.0,",I",1.0,",I",0.0,",I",0.0,",G",0.0,",G",0.0,",G",28.0,",G",1.0,",G",19740415.0,",,G",19740423.0,",,I",19740409.0,",,G",5.0,",G,15,",7.0,",,I,23,",36.8,",G,09,",1112.3,G,45.2,",G",7.0,",,,I",1.7899999999999998,",G",2.545,",,,G",1.034,",,,G"
AG000060590,1974-05-01,30.5667,2.8667,397.0,"EL GOLEA, AG",309.9,G,272.5,",G",0.0,",I",0.0,",I",0.0,",I",0.0,",G",0.0,",G",0.0,",G",31.0,",G",22.0,",G",19740501.0,",,G",19740531.0,"+,,I",19740530.0,",,G",6.0,",G,01,",0.0,",,I,31,+",44.0,",G,30,",1116.6,G,4.3,",G",0.0,",,,I",2.699,",G",3.5189999999999997,",,,G",1.8780000000000001,",,,G"
AG000060590,1974-06-01,30.5667,2.8667,397.0,"EL GOLEA, AG",712.7,G,402.8,",G",3.0,",I",1.0,",I",0.0,",I",0.0,",G",0.0,",G",0.0,",G",30.0,",G",30.0,",G",19740617.0,"+,,G",19740601.0,",,I",19740629.0,",,G",18.0,",G,17,+",10.0,",,I,01,",46.5,",G,29,",1116.6,G,0.0,",G",12.0,",,,I",3.176,",G",3.942,",,,G",2.41,",,,G"
AG000060590,1974-07-01,30.5667,2.8667,397.0,"EL GOLEA, AG",1075.6,G,362.9,",G",0.0,",I",0.0,",I",0.0,",I",0.0,",G",0.0,",G",0.0,",G",31.0,",G",29.0,",G",19740704.0,",,G",19740731.0,"+,,I",19740719.0,",,G",19.0,",G,04,",0.0,",,I,31,+",41.8,",G,19,",0.0,G,0.0,",G",0.0,",,,I",3.004,",G",3.7590000000000003,",,,G",2.2489999999999997,",,,G"
AG000060590,1974-08-01,30.5667,2.8667,397.0,"EL GOLEA, AG",1434.9,G,359.3,",G",0.0,"1,I",0.0,"1,I",0.0,"1,I",0.0,",G",0.0,",G",0.0,",G",31.0,",G",31.0,",G",19740819.0,",,G",19740831.0,"+,1,I",19740826.0,",,G",18.1,",G,19,",0.0,"1,,I,31,+",42.0,",G,26,",0.0,G,0.0,",G",0.0,"1,,,I",2.992,",G",3.85,",,,G",2.1350000000000002,",,,G"
AG000060590,1974-09-01,30.5667,2.8667,397.0,"EL GOLEA, AG",1702.3,G,267.4,",G",1.0,",I",0.0,",I",0.0,",I",0.0,",G",0.0,",G",0.0,",G",30.0,",G",20.0,",G",19740926.0,",,G",19740920.0,",,I",19740903.0,",,G",11.9,",G,26,",2.0,",,I,20,",42.5,",G,03,",0.0,G,0.0,",G",2.0,",,,I",2.725,",G",3.527,",,,G",1.922,",,,G"
AG000060590,1974-10-01,30.5667,2.8667,397.0,"EL GOLEA, AG",1767.3,G,65.0,",G",1.0,",I",0.0,",I",0.0,",I",0.0,",G",0.0,",G",0.0,",G",26.0,",G",5.0,",G",19741029.0,",,G",19741027.0,",,I",19741011.0,",,G",4.8,",G,29,",1.0,",,I,27,",33.2,",G,11,",41.1,G,41.1,",G",1.0,",,,I",1.9100000000000001,",G",2.677,",,,G",1.144,",,,G"
AG000060590,1974-11-01,30.5667,2.8667,397.0,"EL GOLEA, AG",1767.3,G,0.0,",G",0.0,",I",0.0,",I",0.0,",I",0.0,",G",2.0,",G",0.0,",G",16.0,",G",0.0,",G",19741108.0,",,G",19741130.0,"+,,I",19741105.0,",,G",-1.6,",G,08,",0.0,",,I,30,+",25.7,",G,05,",214.1,G,173.0,",G",0.0,",,,I",1.2570000000000001,",G",2.106,",,,G",0.40700000000000003,",,,G"
AG000060590,1974-12-01,30.5667,2.8667,397.0,"EL GOLEA, AG",1767.3,G,0.0,",G",0.0,",I",0.0,",I",0.0,",I",0.0,",G",13.0,",G",0.0,",G",0.0,",G",0.0,",G",19741211.0,",,G",19741231.0,"+,,I",19741205.0,",,G",-2.4,",G,11,",0.0,",,I,31,+",18.8,",G,05,",507.2,G,293.1,",G",0.0,",,,I",0.8880000000000001,",G",1.634,",,,G",0.142,",,,G"
AG000060590,1975-01-01,30.5667,2.8667,397.0,"EL GOLEA, AG",0.0,G,0.0,",G",0.0,",I",0.0,",I",0.0,",I",0.0,",G",16.0,",G",0.0,",G",3.0,",G",0.0,",G",19750109.0,"+,,G",19750131.0,"+,,I",19750130.0,",,G",-5.0,",G,09,+",0.0,",,I,31,+",23.8,",G,30,",818.0,G,310.8,",G",0.0,",,,I",0.8310000000000001,",G",1.6199999999999999,",,,G",0.041999999999999996,",,,G"
AG000060590,1975-02-01,30.5667,2.8667,397.0,"EL GOLEA, AG",0.0,G,0.0,",G",3.0,",I",0.0,",I",0.0,",I",0.0,",G",2.0,",G",0.0,",G",5.0,",G",0.0,",G",19750220.0,"+,,G",19750215.0,"+,,I",19750201.0,",,G",-0.8,",G,20,+",1.0,",,I,15,+",24.3,",G,01,",1014.7,G,196.7,",G",3.0,",,,I",1.131,",G",1.891,",,,G",0.371,",,,G"
AG000060590,1975-03-01,30.5667,2.8667,397.0,"EL GOLEA, AG",7.5,G,7.5,",G",0.0,"2,I",0.0,"2,I",0.0,"2,I",0.0,",G",3.0,",G",0.0,",G",20.0,",G",0.0,",G",19750302.0,",,G",19750331.0,"+,2,I",19750326.0,",,G",-0.8,",G,02,",0.0,"2,,I,31,+",31.4,",G,26,",1149.7,G,135.0,",G",0.0,"2,,,I",1.4220000000000002,",G",2.2969999999999997,",,,G",0.5469999999999999,",,,G"
AG000060590,1975-04-01,30.5667,2.8667,397.0,"EL GOLEA, AG",80.2,G,72.7,"2,G",3.0,",I",2.0,",I",0.0,",I",0.0,"1,G",0.0,"1,G",0.0,"1,G",26.0,"1,G",5.0,"1,G",19750401.0,",1,G",19750412.0,",,I",19750408.0,",1,G",4.0,"1,G,01,",4.0,",,I,12,",33.9,"1,G,08,",1173.2,G,23.5,"1,G",9.0,",,,I",1.9969999999999999,"2,G",2.741,"1,,,G",1.252,"1,,,G"
AG000060590,1975-05-01,30.5667,2.8667,397.0,"EL GOLEA, AG",278.4,G,198.2,",G",1.0,"1,I",0.0,"1,I",0.0,"1,I",0.0,",G",0.0,",G",0.0,",G",31.0,",G",18.0,",G",19750514.0,",,G",19750504.0,",1,I",19750518.0,",,G",9.2,",G,14,",1.0,"1,,I,04,",39.6,",G,18,",1173.6,G,0.4,",G",1.0,"1,,,I",2.471,",G",3.272,",,,G",1.671,",,,G"
AG000060590,1975-06-01,30.5667,2.8667,397.0,"EL GOLEA, AG",603.6,G,325.2,",G",0.0,",I",0.0,",I",0.0,",I",0.0,",G",0.0,",G",0.0,",G",30.0,",G",27.0,",G",19750605.0,",,G",19750630.0,"+,,I",19750622.0,",,G",14.9,",G,05,",0.0,",,I,30,+",43.3,",G,22,",1173.6,G,0.0,",G",0.0,",,,I",2.9170000000000003,",G",3.782,",,,G",2.053,",,,G"
AG000060590,1975-07-01,30.5667,2.8667,397.0,"EL GOLEA, AG",1030.2,G,426.6,",G",0.0,",I",0.0,",I",0.0,",I",0.0,",G",0.0,",G",0.0,",G",31.0,",G",31.0,",G",19750726.0,",,G",19750731.0,"+,,I",19750708.0,",,G",20.1,",G,26,",0.0,",,I,31,+",45.0,",G,08,",0.0,G,0.0,",G",0.0,",,,I",3.2090000000000005,",G",4.115,",,,G",2.304,",,,G"
AG000060590,1975-08-01,30.5667,2.8667,397.0,"EL GOLEA, AG",1440.7,G,410.5,",G",0.0,",I",0.0,",I",0.0,",I",0.0,",G",0.0,",G",0.0,",G",31.0,",G",31.0,",G",19750825.0,",,G",19750831.0,"+,,I",19750817.0,"+,,G",16.9,",G,25,",0.0,",,I,31,+",43.4,",G,17,+",0.0,G,0.0,",G",0.0,",,,I",3.158,",G",3.968,",,,G",2.347,",,,G"
AG000060590,1975-09-01,30.5667,2.8667,397.0,"EL GOLEA, AG",1786.0,G,345.3,",G",0.0,"1,I",0.0,"1,I",0.0,"1,I",0.0,",G",0.0,",G",0.0,",G",30.0,",G",23.0,",G",19750927.0,",,G",19750930.0,"+,1,I",19750904.0,",,G",14.2,",G,27,",0.0,"1,,I,30,+",44.0,",G,04,",0.0,G,0.0,",G",0.0,"1,,,I",2.984,",G",3.778,",,,G",2.19,",,,G"
AG000060590,1975-10-01,30.5667,2.8667,397.0,"EL GOLEA, AG",1881.8,G,95.8,",G",0.0,",I",0.0,",I",0.0,",I",0.0,",G",0.0,",G",0.0,",G",31.0,",G",5.0,",G",19751031.0,",,G",19751031.0,"+,,I",19751001.0,",,G",8.1,",G,31,",0.0,",,I,31,+",34.8,",G,01,",10.7,G,10.7,",G",0.0,",,,I",2.1079999999999997,",G",2.803,",,,G",1.413,",,,G"
AG000060590,1975-11-01,30.5667,2.8667,397.0,"EL GOLEA, AG",1881.8,G,0.0,",G",2.0,",I",0.0,",I",0.0,",I",0.0,",G",5.0,",G",0.0,",G",13.0,",G",0.0,",G",19751124.0,"+,,G",19751103.0,"+,,I",19751110.0,",,G",-1.3,",G,24,+",1.0,",,I,03,+",24.4,",G,10,",181.1,G,170.4,",G",2.0,",,,I",1.2650000000000001,",G",2.016,",,,G",0.514,",,,G"
AG000060590,1975-12-01,30.5667,2.8667,397.0,"EL GOLEA, AG",1882.3,G,0.5,"2,G",2.0,"3,I",0.0,"3,I",0.0,"3,I",0.0,"1,G",4.0,"1,G",0.0,"1,G",4.0,"1,G",0.0,"1,G",19751203.0,",1,G",19751224.0,"+,3,I",19751215.0,",1,G",-4.8,"1,G,03,",1.0,"3,,I,24,+",28.0,"1,G,15,",404.0,G,222.9,"1,G",2.0,"3,,,I",1.088,"2,G",1.7289999999999999,"1,,,G",0.446,"1,,,G"
AG000060590,1976-01-01,30.5667,2.8667,397.0,"EL GOLEA, AG",0.0,G,0.0,",G",2.0,"3,I",0.0,"3,I",0.0,"3,I",0.0,",G",11.0,",G",0.0,",G",0.0,",G",0.0,",G",19760129.0,",,G",19760113.0,"+,3,I",19760125.0,",,G",-8.2,",G,29,",1.0,"3,,I,13,+",19.5,",G,25,",703.0,G,299.0,",G",2.0,"3,,,I",0.869,",G",1.498,",,,G",0.23900000000000002,",,,G"
AG000060590,1976-02-01,30.5667,2.8667,397.0,"EL GOLEA, AG",0.0,G,0.0,",G",4.0,"4,I",0.0,"4,I",0.0,"4,I",0.0,",G",0.0,",G",0.0,",G",10.0,",G",0.0,",G",19760210.0,",,G",19760227.0,"+,4,I",19760215.0,",,G",0.4,",G,10,",1.0,"4,,I,27,+",22.5,",G,15,",889.7,G,186.7,",G",4.0,"4,,,I",1.189,",G",1.781,",,,G",0.5980000000000001,",,,G"
AG000060590,1976-03-01,30.5667,2.8667,397.0,"EL GOLEA, AG",1.7,G,1.7,",G",1.0,"2,I",0.0,"2,I",0.0,"2,I",0.0,",G",0.0,",G",0.0,",G",10.0,",G",0.0,",G",19760318.0,",,G",19760309.0,",2,I",19760323.0,",,G",1.1,",G,18,",2.0,"2,,I,09,",29.0,",G,23,",1049.6,G,159.9,",G",2.0,"2,,,I",1.323,",G",1.9949999999999999,",,,G",0.651,",,,G"
AG000060590,1976-04-01,30.5667,2.8667,397.0,"EL GOLEA, AG",69.6,G,67.9,",G",0.0,",I",0.0,",I",0.0,",I",0.0,",G",0.0,",G",0.0,",G",27.0,",G",2.0,",G",19760401.0,",,G",19760430.0,"+,,I",19760428.0,",,G",3.4,",G,01,",0.0,",,I,30,+",38.2,",G,28,",1082.5,G,32.9,",G",0.0,",,,I",1.95,",G",2.763,",,,G",1.137,",,,G"
AG000060590,1976-05-01,30.5667,2.8667,397.0,"EL GOLEA, AG",259.0,G,189.4,",G",1.0,"1,I",1.0,"1,I",0.0,"1,I",0.0,",G",0.0,",G",0.0,",G",31.0,",G",12.0,",G",19760505.0,",,G",19760504.0,",1,I",19760525.0,",,G",10.3,",G,05,",8.0,"1,,I,04,",37.7,",G,25,",1084.3,G,1.8,",G",8.0,"1,,,I",2.4379999999999997,",G",3.123,",,,G",1.754,",,,G"
AG000060590,1976-06-01,30.5667,2.8667,397.0,"EL GOLEA, AG",592.6,G,333.6,",G",0.0,",I",0.0,",I",0.0,",I",0.0,",G",0.0,",G",0.0,",G",30.0,",G",28.0,",G",19760603.0,",,G",19760630.0,"+,,I",19760629.0,",,G",16.3,",G,03,",0.0,",,I,30,+",42.6,",G,29,",1084.3,G,0.0,",G",0.0,",,,I",2.945,",G",3.692,",,,G",2.199,",,,G"
AG000060590,1976-07-01,30.5667,2.8667,397.0,"EL GOLEA, AG",1062.3,G,469.7,",G",0.0,",I",0.0,",I",0.0,",I",0.0,",G",0.0,",G",0.0,",G",31.0,",G",31.0,",G",19760706.0,",,G",19760731.0,"+,,I",19760726.0,",,G",18.3,",G,06,",0.0,",,I,31,+",46.0,",G,26,",0.0,G,0.0,",G",0.0,",,,I",3.349,",G",4.134,",,,G",2.5629999999999997,",,,G"
AG000060590,1976-08-01,30.5667,2.8667,397.0,"EL GOLEA, AG",1461.1,G,398.8,",G",0.0,",I",0.0,",I",0.0,",I",0.0,",G",0.0,",G",0.0,",G",31.0,",G",31.0,",G",19760811.0,",,G",19760831.0,"+,,I",19760822.0,",,G",18.2,",G,11,",0.0,",,I,31,+",43.7,",G,22,",0.0,G,0.0,",G",0.0,",,,I",3.12,",G",3.935,",,,G",2.305,",,,G"
AG000060590,1976-09-01,30.5667,2.8667,397.0,"EL GOLEA, AG",1736.9,G,275.8,",G",0.0,"1,I",0.0,"1,I",0.0,"1,I",0.0,",G",0.0,",G",0.0,",G",30.0,",G",23.0,",G",19760923.0,",,G",19760930.0,"+,1,I",19760901.0,",,G",15.2,",G,23,",0.0,"1,,I,30,+",41.9,",G,01,",0.0,G,0.0,",G",0.0,"1,,,I",2.753,",G",3.5119999999999996,",,,G",1.9940000000000002,",,,G"
AG000060590,1976-10-01,30.5667,2.8667,397.0,"EL GOLEA, AG",1803.8,G,66.9,",G",1.0,"1,I",0.0,"1,I",0.0,"1,I",0.0,",G",0.0,",G",0.0,",G",30.0,",G",3.0,",G",19761023.0,"+,,G",19761001.0,",1,I",19761012.0,",,G",6.7,",G,23,+",2.0,"1,,I,01,",33.0,",G,12,",21.5,G,21.5,",G",2.0,"1,,,I",1.98,",G",2.744,",,,G",1.216,",,,G"
AG000060590,1976-11-01,30.5667,2.8667,397.0,"EL GOLEA, AG",1803.8,G,0.0,"2,G",2.0,",I",2.0,",I",0.0,",I",0.0,"1,G",0.0,"1,G",0.0,"1,G",13.0,"1,G",0.0,"1,G",19761130.0,",1,G",19761117.0,",,I",19761111.0,",1,G",1.1,"1,G,30,",7.0,",,I,17,",27.6,"1,G,11,",177.9,G,156.4,"1,G",13.0,",,,I",1.277,"2,G",1.9969999999999999,"1,,,G",0.5559999999999999,"1,,,G"
AG000060590,1976-12-01,30.5667,2.8667,397.0,"EL GOLEA, AG",1803.8,G,0.0,",G",0.0,"1,I",0.0,"1,I",0.0,"1,I",0.0,",G",4.0,",G",0.0,",G",11.0,",G",0.0,",G",19761225.0,",,G",19761231.0,"+,1,I",19761203.0,",,G",-0.3,",G,25,",0.0,"1,,I,31,+",24.4,",G,03,",380.3,G,202.4,",G",0.0,"1,,,I",1.1800000000000002,",G",1.934,",,,G",0.426,",,,G"
AG000060590,1977-01-01,30.5667,2.8667,397.0,"EL GOLEA, AG",0.0,G,0.0,",G",3.0,",I",2.0,",I",0.0,",I",0.0,",G",0.0,",G",0.0,",G",5.0,",G",0.0,",G",19770114.0,",,G",19770107.0,",,I",19770128.0,",,G",1.4,",G,14,",12.0,",,I,07,",24.7,",G,28,",577.4,G,197.1,",G",20.0,",,,I",1.198,",G",1.845,",,,G",0.5509999999999999,",,,G"
AG000060590,1977-02-01,30.5667,2.8667,397.0,"EL GOLEA, AG",0.3,G,0.3,",G",0.0,",I",0.0,",I",0.0,",I",0.0,",G",1.0,",G",0.0,",G",18.0,",G",0.0,",G",19770217.0,",,G",19770228.0,"+,,I",19770222.0,",,G",0.0,",G,17,",0.0,",,I,28,+",28.2,",G,22,",696.8,G,119.4,",G",0.0,",,,I",1.408,",G",2.211,",,,G",0.605,",,,G"
AG000060590,1977-03-01,30.5667,2.8667,397.0,"EL GOLEA, AG",14.5,G,14.2,",G",1.0,"1,I",0.0,"1,I",0.0,"1,I",0.0,",G",0.0,",G",0.0,",G",25.0,",G",1.0,",G",19770314.0,",,G",19770329.0,",1,I",19770327.0,",,G",1.9,",G,14,",1.0,"1,,I,29,",32.2,",G,27,",773.4,G,76.6,",G",1.0,"1,,,I",1.6320000000000001,",G",2.493,",,,G",0.771,",,,G"
AG000060590,1977-04-01,30.5667,2.8667,397.0,"EL GOLEA, AG",92.8,G,78.3,",G",1.0,"3,I",0.0,"3,I",0.0,"3,I",0.0,",G",0.0,",G",0.0,",G",27.0,",G",7.0,",G",19770402.0,",,G",19770419.0,",3,I",19770407.0,",,G",3.1,",G,02,",1.0,"3,,I,19,",35.2,",G,07,",799.4,G,26.0,",G",1.0,"3,,,I",2.008,",G",2.768,",,,G",1.247,",,,G"
AG000060590,1977-05-01,30.5667,2.8667,397.0,"EL GOLEA, AG",282.7,G,189.9,",G",0.0,"1,I",0.0,"1,I",0.0,"1,I",0.0,",G",0.0,",G",0.0,",G",30.0,",G",20.0,",G",19770519.0,",,G",19770531.0,"+,1,I",19770524.0,",,G",6.1,",G,19,",0.0,"1,,I,31,+",38.2,",G,24,",808.8,G,9.4,",G",0.0,"1,,,I",2.415,",G",3.2159999999999997,",,,G",1.614,",,,G"
AG000060590,1977-06-01,30.5667,2.8667,397.0,"EL GOLEA, AG",612.0,G,329.3,",G",0.0,",I",0.0,",I",0.0,",I",0.0,",G",0.0,",G",0.0,",G",30.0,",G",26.0,",G",19770605.0,",,G",19770630.0,"+,,I",19770629.0,"+,,G",15.0,",G,05,",0.0,",,I,30,+",43.3,",G,29,+",808.8,G,0.0,",G",0.0,",,,I",2.931,",G",3.7990000000000004,",,,G",2.0629999999999997,",,,G"
AG000060590,1977-07-01,30.5667,2.8667,397.0,"EL GOLEA, AG",1112.7,G,500.7,",G",0.0,",I",0.0,",I",0.0,",I",0.0,",G",0.0,",G",0.0,",G",31.0,",G",31.0,",G",19770722.0,",,G",19770731.0,"+,,I",19770723.0,",,G",21.7,",G,22,",0.0,",,I,31,+",45.9,",G,23,",0.0,G,0.0,",G",0.0,",,,I",3.4479999999999995,",G",4.378,",,,G",2.519,",,,G"
AG000060590,1977-08-01,30.5667,2.8667,397.0,"EL GOLEA, AG",1567.4,G,454.7,",G",0.0,",I",0.0,",I",0.0,",I",0.0,",G",0.0,",G",0.0,",G",31.0,",G",31.0,",G",19770831.0,",,G",19770831.0,"+,,I",19770804.0,",,G",13.4,",G,31,",0.0,",,I,31,+",45.2,",G,04,",0.0,G,0.0,",G",0.0,",,,I",3.3,",G",4.061999999999999,",,,G",2.538,",,,G"
AG000060590,1977-09-01,30.5667,2.8667,397.0,"EL GOLEA, AG",1840.0,G,272.6,",G",0.0,"3,I",0.0,"3,I",0.0,"3,I",0.0,",G",0.0,",G",0.0,",G",30.0,",G",25.0,",G",19770930.0,",,G",19770930.0,"+,3,I",19770903.0,",,G",16.2,",G,30,",0.0,"3,,I,30,+",40.4,",G,03,",0.0,G,0.0,",G",0.0,"3,,,I",2.742,",G",3.4200000000000004,",,,G",2.064,",,,G"
AG000060590,1977-10-01,30.5667,2.8667,397.0,"EL GOLEA, AG",1979.4,G,139.4,",G",1.0,"1,I",1.0,"1,I",0.0,"1,I",0.0,",G",0.0,",G",0.0,",G",31.0,",G",4.0,",G",19771003.0,",,G",19771015.0,",1,I",19771015.0,",,G",7.6,",G,03,",6.0,"1,,I,15,",34.1,",G,15,",1.1,G,1.1,",G",6.0,"1,,,I",2.279,",G",2.908,",,,G",1.65,",,,G"
AG000060590,1977-11-01,30.5667,2.8667,397.0,"EL GOLEA, AG",1980.6,G,1.2,",G",1.0,",I",0.0,",I",0.0,",I",0.0,",G",0.0,",G",0.0,",G",24.0,",G",0.0,",G",19771127.0,",,G",19771123.0,",,I",19771101.0,",,G",0.5,",G,27,",1.0,",,I,23,",28.6,",G,01,",91.8,G,90.7,",G",1.0,",,,I",1.535,",G",2.325,",,,G",0.745,",,,G"
AG000060590,1977-12-01,30.5667,2.8667,397.0,"EL GOLEA, AG",1980.6,G,0.0,",G",0.0,",I",0.0,",I",0.0,",I",0.0,",G",0.0,",G",0.0,",G",8.0,",G",0.0,",G",19771221.0,",,G",19771231.0,"+,,I",19771207.0,",,G",0.3,",G,21,",0.0,",,I,31,+",24.0,",G,07,",290.4,G,198.6,",G",0.0,",,,I",1.193,",G",1.948,",,,G",0.437,",,,G"
AG000060590,1978-01-01,30.5667,2.8667,397.0,"EL GOLEA, AG",0.0,G,0.0,",G",1.0,",I",1.0,",I",0.0,",I",0.0,",G",4.0,",G",0.0,",G",3.0,",G",0.0,",G",19780108.0,",,G",19780117.0,",,I",19780101.0,",,G",-1.7,",G,08,",4.0,",,I,17,",24.3,",G,01,",542.3,G,251.9,",G",4.0,",,,I",1.0210000000000001,",G",1.714,",,,G",0.32799999999999996,",,,G"
AG000060590,1978-02-01,30.5667,2.8667,397.0,"EL GOLEA, AG",7.7,G,7.7,",G",1.0,"1,I",1.0,"1,I",0.0,"1,I",0.0,",G",0.0,",G",0.0,",G",17.0,",G",1.0,",G",19780214.0,",,G",19780212.0,",1,I",19780223.0,",,G",0.5,",G,14,",4.0,"1,,I,12,",32.5,",G,23,",647.0,G,104.7,",G",4.0,"1,,,I",1.4869999999999999,",G",2.346,",,,G",0.627,",,,G"
AG000060590,1978-03-01,30.5667,2.8667,397.0,"EL GOLEA, AG",13.3,G,5.6,",G",0.0,"1,I",0.0,"1,I",0.0,"1,I",0.0,",G",0.0,",G",0.0,",G",23.0,",G",0.0,",G",19780311.0,",,G",19780331.0,"+,1,I",19780303.0,",,G",1.6,",G,11,",0.0,"1,,I,31,+",28.7,",G,03,",755.8,G,108.8,",G",0.0,"1,,,I",1.5,",G",2.285,",,,G",0.7150000000000001,",,,G"
AG000060590,1978-04-01,30.5667,2.8667,397.0,"EL GOLEA, AG",94.3,G,81.0,",G",0.0,",I",0.0,",I",0.0,",I",0.0,",G",0.0,",G",0.0,",G",28.0,",G",8.0,",G",19780401.0,",,G",19780430.0,"+,,I",19780429.0,",,G",3.9,",G,01,",0.0,",,I,30,+",35.3,",G,29,",787.3,G,31.5,",G",0.0,",,,I",1.998,",G",2.856,",,,G",1.1400000000000001,",,,G"
AG000060590,1978-05-01,30.5667,2.8667,397.0,"EL GOLEA, AG",269.7,G,175.4,",G",1.0,",I",0.0,",I",0.0,",I",0.0,",G",0.0,",G",0.0,",G",31.0,",G",13.0,",G",19780508.0,",,G",19780513.0,",,I",19780520.0,",,G",9.6,",G,08,",1.0,",,I,13,",40.0,",G,20,",787.7,G,0.4,",G",1.0,",,,I",2.398,",G",3.1510000000000002,",,,G",1.6440000000000001,",,,G"
AG000060590,1978-06-01,30.5667,2.8667,397.0,"EL GOLEA, AG",646.3,G,376.6,",G",0.0,",I",0.0,",I",0.0,",I",0.0,",G",0.0,",G",0.0,",G",30.0,",G",30.0,",G",19780611.0,",,G",19780630.0,"+,,I",19780626.0,",,G",16.3,",G,11,",0.0,",,I,30,+",45.0,",G,26,",787.7,G,0.0,",G",0.0,",,,I",3.089,",G",3.918,",,,G",2.259,",,,G"
AG000060590,1978-07-01,30.5667,2.8667,397.0,"EL GOLEA, AG",1051.1,G,404.8,",G",0.0,",I",0.0,",I",0.0,",I",0.0,",G",0.0,",G",0.0,",G",31.0,",G",31.0,",G",19780710.0,",,G",19780731.0,"+,,I",19780705.0,",,G",18.5,",G,10,",0.0,",,I,31,+",43.4,",G,05,",0.0,G,0.0,",G",0.0,",,,I",3.1390000000000002,",G",3.915,",,,G",2.363,",,,G"
AG000060590,1978-08-01,30.5667,2.8667,397.0,"EL GOLEA, AG",1460.8,G,409.7,",G",0.0,",I",0.0,",I",0.0,",I",0.0,",G",0.0,",G",0.0,",G",31.0,",G",30.0,",G",19780830.0,",,G",19780831.0,"+,,I",19780814.0,",,G",19.4,",G,30,",0.0,",,I,31,+",44.5,",G,14,",0.0,G,0.0,",G",0.0,",,,I",3.1550000000000002,",G",3.8939999999999997,",,,G",2.415,",,,G"
AG000060590,1978-09-01,30.5667,2.8667,397.0,"EL GOLEA, AG",1697.0,G,236.2,",G",0.0,",I",0.0,",I",0.0,",I",0.0,",G",0.0,",G",0.0,",G",30.0,",G",21.0,",G",19780927.0,",,G",19780930.0,"+,,I",19780904.0,",,G",13.2,",G,27,",0.0,",,I,30,+",43.2,",G,04,",0.0,G,0.0,",G",0.0,",,,I",2.621,",G",3.378,",,,G",1.864,",,,G"
AG000060590,1978-10-01,30.5667,2.8667,397.0,"EL GOLEA, AG",1740.3,G,43.3,",G",1.0,",I",0.0,",I",0.0,",I",0.0,",G",0.0,",G",0.0,",G",29.0,",G",0.0,",G",19781020.0,",,G",19781029.0,",,I",19781016.0,"+,,G",5.6,",G,20,",1.0,",,I,29,",29.4,",G,16,+",27.2,G,27.2,",G",1.0,",,,I",1.8850000000000002,",G",2.519,",,,G",1.251,",,,G"
AG000060590,1978-11-01,30.5667,2.8667,397.0,"EL GOLEA, AG",1740.3,G,0.0,",G",0.0,",I",0.0,",I",0.0,",I",0.0,",G",0.0,",G",0.0,",G",6.0,",G",0.0,",G",19781127.0,",,G",19781130.0,"+,,I",19781113.0,",,G",0.5,",G,27,",0.0,",,I,30,+",24.2,",G,13,",162.5,G,135.3,",G",0.0,",,,I",1.3820000000000001,",G",1.969,",,,G",0.795,",,,G"
AG000060590,1978-12-01,30.5667,2.8667,397.0,"EL GOLEA, AG",1740.6,G,0.3,",G",1.0,",I",0.0,",I",0.0,",I",0.0,",G",2.0,",G",0.0,",G",15.0,",G",0.0,",G",19781220.0,",,G",19781230.0,",,I",19781213.0,",,G",-1.0,",G,20,",1.0,",,I,30,",25.5,",G,13,",354.1,G,191.6,",G",1.0,",,,I",1.216,",G",1.986,",,,G",0.446,",,,G"
AG000060590,1980-01-01,30.5667,2.8667,397.0,"EL GOLEA, AG",0.0,G,0.0,",G",0.0,"1,I",0.0,"1,I",0.0,"1,I",0.0,",G",15.0,",G",0.0,",G",2.0,",G",0.0,",G",19800105.0,",,G",19800131.0,"+,1,I",19800126.0,",,G",-3.8,",G,05,",0.0,"1,,I,31,+",23.1,",G,26,",,,289.9,",G",0.0,"1,,,I",0.898,",G",1.6949999999999998,",,,G",0.101,",,,G"
AG000060590,1980-02-01,30.5667,2.8667,397.0,"EL GOLEA, AG",0.0,G,0.0,",G",1.0,",I",0.0,",I",0.0,",I",0.0,",G",3.0,",G",0.0,",G",13.0,",G",0.0,",G",19800213.0,",,G",19800227.0,",,I",19800219.0,",,G",-1.8,",G,13,",1.0,",,I,27,",25.7,",G,19,",,,167.2,",G",1.0,",,,I",1.2570000000000001,",G",2.058,",,,G",0.45599999999999996,",,,G"
AG000060590,1980-03-01,30.5667,2.8667,397.0,"EL GOLEA, AG",10.1,G,10.1,",G",3.0,",I",1.0,",I",0.0,",I",0.0,",G",0.0,",G",0.0,",G",17.0,",G",1.0,",G",19800314.0,",,G",19800304.0,",,I",19800329.0,",,G",3.7,",G,14,",5.0,",,I,04,",32.4,",G,29,",,,98.7,",G",7.0,",,,I",1.5470000000000002,",G",2.2489999999999997,",,,G",0.8460000000000001,",,,G"
AG000060590,1980-04-01,30.5667,2.8667,397.0,"EL GOLEA, AG",88.0,G,77.9,",G",1.0,"1,I",0.0,"1,I",0.0,"1,I",0.0,",G",0.0,",G",0.0,",G",29.0,",G",6.0,",G",19800409.0,",,G",19800415.0,",1,I",19800429.0,",,G",2.4,",G,09,",1.0,"1,,I,15,",35.0,",G,29,",,,15.1,",G",1.0,"1,,,I",2.0420000000000003,",G",2.784,",,,G",1.3,",,,G"
AG000060590,1980-05-01,30.5667,2.8667,397.0,"EL GOLEA, AG",271.8,G,183.8,",G",0.0,",I",0.0,",I",0.0,",I",0.0,",G",0.0,",G",0.0,",G",31.0,",G",16.0,",G",19800502.0,",,G",19800531.0,"+,,I",19800508.0,",,G",7.5,",G,02,",0.0,",,I,31,+",39.8,",G,08,",,,0.9,",G",0.0,",,,I",2.424,",G",3.198,",,,G",1.6489999999999998,",,,G"
AG000060590,1980-06-01,30.5667,2.8667,397.0,"EL GOLEA, AG",665.7,G,393.9,",G",0.0,"1,I",0.0,"1,I",0.0,"1,I",0.0,",G",0.0,",G",0.0,",G",30.0,",G",29.0,",G",19800601.0,",,G",19800630.0,"+,1,I",19800615.0,",,G",16.0,",G,01,",0.0,"1,,I,30,+",46.2,",G,15,",,,0.0,",G",0.0,"1,,,I",3.146,",G",3.9560000000000004,",,,G",2.337,",,,G"
AG000060590,1980-07-01,30.5667,2.8667,397.0,"EL GOLEA, AG",1079.7,G,414.0,",G",0.0,",I",0.0,",I",0.0,",I",0.0,",G",0.0,",G",0.0,",G",31.0,",G",30.0,",G",19800703.0,",,G",19800731.0,"+,,I",19800730.0,",,G",19.6,",G,03,",0.0,",,I,31,+",45.1,",G,30,",0.0,,0.0,",G",0.0,",,,I",3.169,",G",4.023,",,,G",2.315,",,,G"
AG000060590,1980-08-01,30.5667,2.8667,397.0,"EL GOLEA, AG",1508.4,G,428.7,",G",0.0,",I",0.0,",I",0.0,",I",0.0,",G",0.0,",G",0.0,",G",31.0,",G",31.0,",G",19800811.0,",,G",19800831.0,"+,,I",19800801.0,",,G",20.8,",G,11,",0.0,",,I,31,+",43.5,",G,01,",0.0,,0.0,",G",0.0,",,,I",3.2159999999999997,",G",4.038,",,,G",2.395,",,,G"
AG000060590,1980-09-01,30.5667,2.8667,397.0,"EL GOLEA, AG",1825.2,G,316.8,",G",0.0,",I",0.0,",I",0.0,",I",0.0,",G",0.0,",G",0.0,",G",30.0,",G",30.0,",G",19800901.0,",,G",19800930.0,"+,,I",19800907.0,",,G",17.4,",G,01,",0.0,",,I,30,+",39.5,",G,07,",0.0,,0.0,",G",0.0,",,,I",2.8890000000000002,",G",3.5380000000000003,",,,G",2.241,",,,G"
AG000060590,1980-10-01,30.5667,2.8667,397.0,"EL GOLEA, AG",1909.6,G,84.4,",G",0.0,"1,I",0.0,"1,I",0.0,"1,I",0.0,",G",0.0,",G",0.0,",G",30.0,",G",4.0,",G",19801024.0,",,G",19801031.0,"+,1,I",19801008.0,",,G",4.5,",G,24,",0.0,"1,,I,31,+",35.6,",G,08,",29.1,,29.1,",G",0.0,"1,,,I",2.012,",G",2.705,",,,G",1.318,",,,G"
AG000060590,1980-11-01,30.5667,2.8667,397.0,"EL GOLEA, AG",1914.1,G,4.5,",G",4.0,"1,I",3.0,"1,I",1.0,"1,I",0.0,",G",0.0,",G",0.0,",G",15.0,",G",0.0,",G",19801130.0,",,G",19801116.0,",1,I",19801102.0,",,G",1.6,",G,30,",36.0,"1,,I,16,",28.6,",G,02,",111.2,,82.1,",G",46.0,"1,,,I",1.575,",G",2.1100000000000003,",,,G",1.0390000000000001,",,,G"
AG000060590,1980-12-01,30.5667,2.8667,397.0,"EL GOLEA, AG",1914.1,G,0.0,",G",1.0,"1,I",0.0,"1,I",0.0,"1,I",0.0,",G",1.0,",G",0.0,",G",0.0,",G",0.0,",G",19801205.0,",,G",19801217.0,",1,I",19801221.0,",,G",0.0,",G,05,",1.0,"1,,I,17,",20.4,",G,21,",407.6,,296.4,",G",1.0,"1,,,I",0.877,",G",1.41,",,,G",0.344,",,,G"
AG000060590,1981-01-01,30.5667,2.8667,397.0,"EL GOLEA, AG",0.0,G,0.0,",G",0.0,",I",0.0,",I",0.0,",I",0.0,",G",18.0,",G",0.0,",G",0.0,",G",0.0,",G",19810115.0,",,G",19810131.0,"+,,I",19810121.0,",,G",-8.7,",G,15,",0.0,",,I,31,+",19.8,",G,21,",756.3,G,348.7,",G",0.0,",,,I",0.709,",G",1.455,",,,G",-0.038,",,,G"
AG000060590,1981-02-01,30.5667,2.8667,397.0,"EL GOLEA, AG",0.5,G,0.5,",G",1.0,",I",0.0,",I",0.0,",I",0.0,",G",5.0,",G",0.0,",G",9.0,",G",0.0,",G",19810202.0,",,G",19810212.0,",,I",19810228.0,",,G",-3.0,",G,02,",2.0,",,I,12,",27.5,",G,28,",957.7,G,201.4,",G",2.0,",,,I",1.116,",G",1.877,",,,G",0.355,",,,G"
AG000060590,1981-03-01,30.5667,2.8667,397.0,"EL GOLEA, AG",34.8,G,34.3,",G",0.0,",I",0.0,",I",0.0,",I",0.0,",G",0.0,",G",0.0,",G",30.0,",G",3.0,",G",19810319.0,",,G",19810331.0,"+,,I",19810329.0,",,G",3.3,",G,19,",0.0,",,I,31,+",35.0,",G,29,",994.6,G,36.9,",G",0.0,",,,I",1.825,",G",2.679,",,,G",0.97,",,,G"
AG000060590,1981-04-01,30.5667,2.8667,397.0,"EL GOLEA, AG",153.7,G,118.9,",G",0.0,"3,I",0.0,"3,I",0.0,"3,I",0.0,",G",0.0,",G",0.0,",G",30.0,",G",8.0,",G",19810401.0,",,G",19810430.0,"+,3,I",19810412.0,",,G",6.9,",G,01,",0.0,"3,,I,30,+",35.8,",G,12,",999.1,G,4.5,",G",0.0,"3,,,I",2.215,",G",2.948,",,,G",1.481,",,,G"
AG000060590,1981-05-01,30.5667,2.8667,397.0,"EL GOLEA, AG",393.0,G,239.3,",G",0.0,"1,I",0.0,"1,I",0.0,"1,I",0.0,",G",0.0,",G",0.0,",G",31.0,",G",20.0,",G",19810503.0,",,G",19810531.0,"+,1,I",19810530.0,",,G",9.0,",G,03,",0.0,"1,,I,31,+",43.4,",G,30,",999.8,G,0.7,",G",0.0,"1,,,I",2.603,",G",3.3890000000000002,",,,G",1.8170000000000002,",,,G"
AG000060590,1981-06-01,30.5667,2.8667,397.0,"EL GOLEA, AG",790.9,G,397.9,",G",0.0,"2,I",0.0,"2,I",0.0,"2,I",0.0,",G",0.0,",G",0.0,",G",30.0,",G",29.0,",G",19810626.0,",,G",19810630.0,"+,2,I",19810630.0,",,G",19.5,",G,26,",0.0,"2,,I,30,+",44.4,",G,30,",999.8,G,0.0,",G",0.0,"2,,,I",3.16,",G",3.941,",,,G",2.378,",,,G"
AG000060590,1981-07-01,30.5667,2.8667,397.0,"EL GOLEA, AG",1244.9,G,454.0,",G",0.0,"1,I",0.0,"1,I",0.0,"1,I",0.0,",G",0.0,",G",0.0,",G",31.0,",G",31.0,",G",19810721.0,"+,,G",19810731.0,"+,1,I",19810702.0,",,G",22.0,",G,21,+",0.0,"1,,I,31,+",45.2,",G,02,",0.0,G,0.0,",G",0.0,"1,,,I",3.2979999999999996,",G",3.9880000000000004,",,,G",2.6079999999999997,",,,G"
AG000060590,1981-08-01,30.5667,2.8667,397.0,"EL GOLEA, AG",1608.2,G,363.3,",G",0.0,",I",0.0,",I",0.0,",I",0.0,",G",0.0,",G",0.0,",G",31.0,",G",26.0,",G",19810829.0,",,G",19810831.0,"+,,I",19810815.0,",,G",15.2,",G,29,",0.0,",,I,31,+",42.6,",G,15,",0.0,G,0.0,",G",0.0,",,,I",3.005,",G",3.7350000000000003,",,,G",2.2760000000000002,",,,G"
AG000060590,1981-09-01,30.5667,2.8667,397.0,"EL GOLEA, AG",1894.7,G,286.5,",G",1.0,"3,I",1.0,"3,I",0.0,"3,I",0.0,",G",0.0,",G",0.0,",G",30.0,",G",24.0,",G",19810930.0,",,G",19810923.0,",3,I",19810905.0,",,G",13.7,",G,30,",4.0,"3,,I,23,",39.9,",G,05,",0.0,G,0.0,",G",4.0,"3,,,I",2.788,",G",3.505,",,,G",2.071,",,,G"
AG000060590,1981-10-01,30.5667,2.8667,397.0,"EL GOLEA, AG",2051.1,G,156.4,",G",0.0,",I",0.0,",I",0.0,",I",0.0,",G",0.0,",G",0.0,",G",31.0,",G",11.0,",G",19811027.0,",,G",19811031.0,"+,,I",19811006.0,",,G",10.2,",G,27,",0.0,",,I,31,+",38.0,",G,06,",4.9,G,4.9,",G",0.0,",,,I",2.322,",G",3.061,",,,G",1.583,",,,G"
AG000060590,1981-11-01,30.5667,2.8667,397.0,"EL GOLEA, AG",2057.1,G,6.0,",G",1.0,",I",0.0,",I",0.0,",I",0.0,",G",0.0,",G",0.0,",G",14.0,",G",0.0,",G",19811129.0,",,G",19811105.0,",,I",19811110.0,",,G",0.7,",G,29,",1.0,",,I,05,",26.0,",G,10,",108.1,G,103.2,",G",1.0,",,,I",1.509,",G",2.138,",,,G",0.8800000000000001,",,,G"
AG000060590,1981-12-01,30.5667,2.8667,397.0,"EL GOLEA, AG",2059.7,G,2.6,",G",0.0,",I",0.0,",I",0.0,",I",0.0,",G",5.0,",G",0.0,",G",16.0,",G",1.0,",G",19811221.0,",,G",19811231.0,"+,,I",19811217.0,",,G",-6.2,",G,21,",0.0,",,I,31,+",33.6,",G,17,",299.1,G,191.0,",G",0.0,",,,I",1.225,",G",2.0629999999999997,",,,G",0.388,",,,G"
AG000060590,1982-01-01,30.5667,2.8667,397.0,"EL GOLEA, AG",0.0,G,0.0,",G",2.0,",I",0.0,",I",0.0,",I",0.0,",G",3.0,",G",0.0,",G",5.0,",G",0.0,",G",19820131.0,",,G",19820125.0,"+,,I",19820113.0,",,G",-2.0,",G,31,",1.0,",,I,25,+",24.5,",G,13,",544.0,G,244.9,",G",2.0,",,,I",1.043,",G",1.807,",,,G",0.27999999999999997,",,,G"
AG000060590,1982-02-01,30.5667,2.8667,397.0,"EL GOLEA, AG",0.0,G,0.0,",G",0.0,",I",0.0,",I",0.0,",I",0.0,",G",4.0,",G",0.0,",G",6.0,",G",0.0,",G",19820201.0,",,G",19820228.0,"+,,I",19820223.0,",,G",-2.0,",G,01,",0.0,",,I,28,+",23.2,",G,23,",721.8,G,177.8,",G",0.0,",,,I",1.198,",G",1.959,",,,G",0.438,",,,G"
AG000060590,1982-03-01,30.5667,2.8667,397.0,"EL GOLEA, AG",21.8,G,21.8,",G",2.0,"2,I",0.0,"2,I",0.0,"2,I",0.0,",G",1.0,",G",0.0,",G",24.0,",G",2.0,",G",19820307.0,",,G",19820330.0,",2,I",19820327.0,",,G",-1.0,",G,07,",2.0,"2,,I,30,",32.6,",G,27,",813.3,G,91.5,",G",3.0,"2,,,I",1.6079999999999999,",G",2.3280000000000003,",,,G",0.889,",,,G"
AG000060590,1982-04-01,30.5667,2.8667,397.0,"EL GOLEA, AG",79.0,G,57.2,",G",2.0,",I",1.0,",I",0.0,",I",0.0,",G",0.0,",G",0.0,",G",29.0,",G",2.0,",G",19820429.0,",,G",19820405.0,",,I",19820412.0,",,G",6.6,",G,29,",5.0,",,I,05,",33.6,",G,12,",830.6,G,17.3,",G",6.0,",,,I",1.966,",G",2.659,",,,G",1.274,",,,G"
AG000060590,1982-05-01,30.5667,2.8667,397.0,"EL GOLEA, AG",301.7,G,222.7,",G",0.0,",I",0.0,",I",0.0,",I",0.0,",G",0.0,",G",0.0,",G",31.0,",G",14.0,",G",19820501.0,",,G",19820531.0,"+,,I",19820529.0,",,G",7.3,",G,01,",0.0,",,I,31,+",40.7,",G,29,",831.7,G,1.1,",G",0.0,",,,I",2.548,",G",3.2340000000000004,",,,G",1.862,",,,G"
AG000060590,1982-06-01,30.5667,2.8667,397.0,"EL GOLEA, AG",692.7,G,391.0,",G",0.0,",I",0.0,",I",0.0,",I",0.0,",G",0.0,",G",0.0,",G",30.0,",G",30.0,",G",19820613.0,",,G",19820630.0,"+,,I",19820626.0,",,G",20.7,",G,13,",0.0,",,I,30,+",43.0,",G,26,",831.7,G,0.0,",G",0.0,",,,I",3.137,",G",3.882,",,,G",2.3920000000000003,",,,G"
AG000060590,1982-07-01,30.5667,2.8667,397.0,"EL GOLEA, AG",1136.4,G,443.7,",G",0.0,"1,I",0.0,"1,I",0.0,"1,I",0.0,",G",0.0,",G",0.0,",G",31.0,",G",31.0,",G",19820728.0,",,G",19820731.0,"+,1,I",19820719.0,",,G",19.2,",G,28,",0.0,"1,,I,31,+",44.8,",G,19,",0.0,G,0.0,",G",0.0,"1,,,I",3.2649999999999997,",G",4.093999999999999,",,,G",2.435,",,,G"
AG000060590,1982-08-01,30.5667,2.8667,397.0,"EL GOLEA, AG",1567.8,G,431.4,",G",0.0,"1,I",0.0,"1,I",0.0,"1,I",0.0,",G",0.0,",G",0.0,",G",31.0,",G",31.0,",G",19820821.0,",,G",19820831.0,"+,1,I",19820826.0,",,G",19.9,",G,21,",0.0,"1,,I,31,+",43.3,",G,26,",0.0,G,0.0,",G",0.0,"1,,,I",3.225,",G",4.0200000000000005,",,,G",2.43,",,,G"
AG000060590,1982-09-01,30.5667,2.8667,397.0,"EL GOLEA, AG",1875.3,G,307.5,",G",1.0,"1,I",0.0,"1,I",0.0,"1,I",0.0,",G",0.0,",G",0.0,",G",30.0,",G",25.0,",G",19820917.0,",,G",19820922.0,",1,I",19820901.0,",,G",18.4,",G,17,",1.0,"1,,I,22,",41.6,",G,01,",0.0,G,0.0,",G",1.0,"1,,,I",2.8579999999999997,",G",3.521,",,,G",2.196,",,,G"
AG000060590,1982-10-01,30.5667,2.8667,397.0,"EL GOLEA, AG",1995.9,G,120.6,",G",0.0,",I",0.0,",I",0.0,",I",0.0,",G",0.0,",G",0.0,",G",31.0,",G",12.0,",G",19821029.0,",,G",19821031.0,"+,,I",19821004.0,",,G",5.7,",G,29,",0.0,",,I,31,+",37.0,",G,04,",25.7,G,25.7,",G",0.0,",,,I",2.1390000000000002,",G",2.8899999999999997,",,,G",1.3880000000000001,",,,G"
AG000060590,1982-11-01,30.5667,2.8667,397.0,"EL GOLEA, AG",1997.4,G,1.5,",G",1.0,",I",0.0,",I",0.0,",I",0.0,",G",0.0,",G",0.0,",G",15.0,",G",0.0,",G",19821119.0,",,G",19821110.0,",,I",19821108.0,",,G",1.0,",G,19,",1.0,",,I,10,",29.0,",G,08,",151.5,G,125.8,",G",1.0,",,,I",1.419,",G",2.127,",,,G",0.7110000000000001,",,,G"
AG000060590,1982-12-01,30.5667,2.8667,397.0,"EL GOLEA, AG",1997.4,G,0.0,",G",1.0,"1,I",0.0,"1,I",0.0,"1,I",0.0,",G",12.0,",G",0.0,",G",1.0,",G",0.0,",G",19821230.0,"+,,G",19821216.0,",1,I",19821213.0,",,G",-2.7,",G,30,+",1.0,"1,,I,16,",21.2,",G,13,",448.8,G,297.3,",G",1.0,"1,,,I",0.874,",G",1.5539999999999998,",,,G",0.195,",,,G"
AG000060590,1983-01-01,30.5667,2.8667,397.0,"EL GOLEA, AG",0.0,G,0.0,",G",0.0,",I",0.0,",I",0.0,",I",0.0,",G",19.0,",G",0.0,",G",3.0,",G",0.0,",G",19830115.0,",,G",19830131.0,"+,,I",19830131.0,",,G",-5.5,",G,15,",0.0,",,I,31,+",24.4,",G,31,",778.9,G,330.1,",G",0.0,",,,I",0.768,",G",1.576,",,,G",-0.039,",,,G"
AG000060590,1983-02-01,30.5667,2.8667,397.0,"EL GOLEA, AG",0.0,G,0.0,",G",1.0,"1,I",0.0,"1,I",0.0,"1,I",0.0,",G",6.0,",G",0.0,",G",10.0,",G",0.0,",G",19830206.0,",,G",19830218.0,",1,I",19830227.0,",,G",-3.7,",G,06,",1.0,"1,,I,18,",26.0,",G,27,",972.1,G,193.2,",G",1.0,"1,,,I",1.143,",G",1.9739999999999998,",,,G",0.313,",,,G"
AG000060590,1983-03-01,30.5667,2.8667,397.0,"EL GOLEA, AG",14.1,G,14.1,",G",0.0,"2,I",0.0,"2,I",0.0,"2,I",0.0,",G",0.0,",G",0.0,",G",20.0,",G",1.0,",G",19830310.0,",,G",19830331.0,"+,2,I",19830324.0,",,G",3.2,",G,10,",0.0,"2,,I,31,+",34.0,",G,24,",1065.9,G,93.8,",G",0.0,"2,,,I",1.576,",G",2.348,",,,G",0.8039999999999999,",,,G"
AG000060590,1983-04-01,30.5667,2.8667,397.0,"EL GOLEA, AG",127.6,G,113.5,",G",0.0,",I",0.0,",I",0.0,",I",0.0,",G",0.0,",G",0.0,",G",30.0,",G",9.0,",G",19830406.0,",,G",19830430.0,"+,,I",19830428.0,",,G",5.7,",G,06,",0.0,",,I,30,+",36.5,",G,28,",1077.1,G,11.2,",G",0.0,",,,I",2.175,",G",2.995,",,,G",1.3539999999999999,",,,G"
AG000060590,1983-05-01,30.5667,2.8667,397.0,"EL GOLEA, AG",365.7,G,238.1,",G",1.0,",I",0.0,",I",0.0,",I",0.0,",G",0.0,",G",0.0,",G",31.0,",G",20.0,",G",19830524.0,",,G",19830510.0,",,I",19830505.0,",,G",8.4,",G,24,",1.0,",,I,10,",41.8,",G,05,",1077.4,G,0.3,",G",1.0,",,,I",2.6,",G",3.322,",,,G",1.879,",,,G"
AG000060590,1983-06-01,30.5667,2.8667,397.0,"EL GOLEA, AG",719.1,G,353.4,",G",0.0,",I",0.0,",I",0.0,",I",0.0,",G",0.0,",G",0.0,",G",30.0,",G",29.0,",G",19830617.0,",,G",19830630.0,"+,,I",19830627.0,",,G",16.7,",G,17,",0.0,",,I,30,+",43.7,",G,27,",1077.4,G,0.0,",G",0.0,",,,I",3.011,",G",3.7920000000000003,",,,G",2.23,",,,G"
AG000060590,1983-07-01,30.5667,2.8667,397.0,"EL GOLEA, AG",1201.5,G,482.4,",G",0.0,",I",0.0,",I",0.0,",I",0.0,",G",0.0,",G",0.0,",G",31.0,",G",31.0,",G",19830731.0,",,G",19830731.0,"+,,I",19830706.0,",,G",21.6,",G,31,",0.0,",,I,31,+",45.8,",G,06,",0.0,G,0.0,",G",0.0,",,,I",3.3899999999999997,",G",4.079,",,,G",2.7,",,,G"
AG000060590,1983-08-01,30.5667,2.8667,397.0,"EL GOLEA, AG",1691.6,G,490.1,",G",0.0,",I",0.0,",I",0.0,",I",0.0,",G",0.0,",G",0.0,",G",31.0,",G",31.0,",G",19830818.0,"+,,G",19830831.0,"+,,I",19830809.0,"+,,G",22.5,",G,18,+",0.0,",,I,31,+",45.5,",G,09,+",0.0,G,0.0,",G",0.0,",,,I",3.414,",G",4.218,",,,G",2.6100000000000003,",,,G"
AG000060590,1983-09-01,30.5667,2.8667,397.0,"EL GOLEA, AG",1997.1,G,305.5,",G",0.0,",I",0.0,",I",0.0,",I",0.0,",G",0.0,",G",0.0,",G",30.0,",G",21.0,",G",19830927.0,",,G",19830930.0,"+,,I",19830901.0,",,G",14.6,",G,27,",0.0,",,I,30,+",42.6,",G,01,",0.0,G,0.0,",G",0.0,",,,I",2.852,",G",3.5140000000000002,",,,G",2.189,",,,G"
AG000060590,1983-10-01,30.5667,2.8667,397.0,"EL GOLEA, AG",2114.3,G,117.2,",G",0.0,",I",0.0,",I",0.0,",I",0.0,",G",0.0,",G",0.0,",G",31.0,",G",1.0,",G",19831020.0,",,G",19831031.0,"+,,I",19831009.0,",,G",9.5,",G,20,",0.0,",,I,31,+",32.5,",G,09,",2.5,G,2.5,",G",0.0,",,,I",2.2030000000000003,",G",2.8920000000000003,",,,G",1.514,",,,G"
AG000060590,1983-11-01,30.5667,2.8667,397.0,"EL GOLEA, AG",2135.2,G,20.9,",G",0.0,"1,I",0.0,"1,I",0.0,"1,I",0.0,",G",0.0,",G",0.0,",G",26.0,",G",0.0,",G",19831130.0,",,G",19831130.0,"+,1,I",19831105.0,",,G",3.8,",G,30,",0.0,"1,,I,30,+",31.2,",G,05,",51.3,G,48.8,",G",0.0,"1,,,I",1.7399999999999998,",G",2.48,",,,G",1.001,",,,G"
AG000060590,1983-12-01,30.5667,2.8667,397.0,"EL GOLEA, AG",2135.2,G,0.0,",G",0.0,",I",0.0,",I",0.0,",I",0.0,",G",8.0,",G",0.0,",G",4.0,",G",0.0,",G",19831215.0,",,G",19831231.0,"+,,I",19831221.0,"+,,G",-3.0,",G,15,",0.0,",,I,31,+",22.0,",G,21,+",311.8,G,260.5,",G",0.0,",,,I",0.993,",G",1.7870000000000001,",,,G",0.198,",,,G"
AG000060590,1984-01-01,30.5667,2.8667,397.0,"EL GOLEA, AG",0.0,G,0.0,",G",0.0,",I",0.0,",I",0.0,",I",0.0,",G",13.0,",G",0.0,",G",1.0,",G",0.0,",G",19840112.0,",,G",19840131.0,"+,,I",19840124.0,",,G",-3.8,",G,12,",0.0,",,I,31,+",23.1,",G,24,",590.2,G,278.4,",G",0.0,",,,I",0.9349999999999999,",G",1.6440000000000001,",,,G",0.227,",,,G"
AG000060590,1984-02-01,30.5667,2.8667,397.0,"EL GOLEA, AG",2.1,G,2.1,",G",0.0,",I",0.0,",I",0.0,",I",0.0,",G",5.0,",G",0.0,",G",6.0,",G",0.0,",G",19840218.0,",,G",19840229.0,"+,,I",19840227.0,",,G",-3.2,",G,18,",0.0,",,I,29,+",30.0,",G,27,",806.0,G,215.8,",G",0.0,",,,I",1.096,",G",1.8940000000000001,",,,G",0.29900000000000004,",,,G"
AG000060590,1984-03-01,30.5667,2.8667,397.0,"EL GOLEA, AG",12.6,G,10.5,",G",1.0,"1,I",0.0,"1,I",0.0,"1,I",0.0,",G",2.0,",G",0.0,",G",18.0,",G",1.0,",G",19840309.0,"+,,G",19840312.0,",1,I",19840331.0,",,G",0.0,",G,09,+",2.0,"1,,I,12,",32.3,",G,31,",917.4,G,111.4,",G",2.0,"1,,,I",1.508,",G",2.301,",,,G",0.7150000000000001,",,,G"
AG000060590,1984-04-01,30.5667,2.8667,397.0,"EL GOLEA, AG",126.2,G,113.6,",G",0.0,",I",0.0,",I",0.0,",I",0.0,",G",0.0,",G",0.0,",G",30.0,",G",11.0,",G",19840418.0,"+,,G",19840430.0,"+,,I",19840410.0,",,G",7.0,",G,18,+",0.0,",,I,30,+",38.2,",G,10,",926.0,G,8.6,",G",0.0,",,,I",2.184,",G",2.981,",,,G",1.386,",,,G"
AG000060590,1984-05-01,30.5667,2.8667,397.0,"EL GOLEA, AG",287.4,G,161.2,",G",0.0,",I",0.0,",I",0.0,",I",0.0,",G",0.0,",G",0.0,",G",31.0,",G",12.0,",G",19840505.0,",,G",19840531.0,"+,,I",19840527.0,",,G",9.7,",G,05,",0.0,",,I,31,+",38.2,",G,27,",926.0,G,0.0,",G",0.0,",,,I",2.353,",G",3.1350000000000002,",,,G",1.5710000000000002,",,,G"
AG000060590,1984-06-01,30.5667,2.8667,397.0,"EL GOLEA, AG",655.1,G,367.7,",G",0.0,",I",0.0,",I",0.0,",I",0.0,",G",0.0,",G",0.0,",G",30.0,",G",28.0,",G",19840601.0,",,G",19840630.0,"+,,I",19840627.0,",,G",16.7,",G,01,",0.0,",,I,30,+",44.0,",G,27,",926.0,G,0.0,",G",0.0,",,,I",3.059,",G",3.813,",,,G",2.305,",,,G"
AG000060590,1984-07-01,30.5667,2.8667,397.0,"EL GOLEA, AG",1053.1,G,398.0,",G",0.0,",I",0.0,",I",0.0,",I",0.0,",G",0.0,",G",0.0,",G",31.0,",G",31.0,",G",19840715.0,",,G",19840731.0,"+,,I",19840708.0,",,G",18.3,",G,15,",0.0,",,I,31,+",41.7,",G,08,",0.0,G,0.0,",G",0.0,",,,I",3.117,",G",3.836,",,,G",2.398,",,,G"
AG000060590,1984-08-01,30.5667,2.8667,397.0,"EL GOLEA, AG",1497.3,G,444.2,",G",0.0,",I",0.0,",I",0.0,",I",0.0,",G",0.0,",G",0.0,",G",31.0,",G",31.0,",G",19840828.0,",,G",19840831.0,"+,,I",19840823.0,",,G",20.2,",G,28,",0.0,",,I,31,+",44.4,",G,23,",0.0,G,0.0,",G",0.0,",,,I",3.2659999999999996,",G",4.055,",,,G",2.477,",,,G"
AG000060590,1984-09-01,30.5667,2.8667,397.0,"EL GOLEA, AG",1810.6,G,313.3,",G",0.0,",I",0.0,",I",0.0,",I",0.0,",G",0.0,",G",0.0,",G",30.0,",G",26.0,",G",19840906.0,",,G",19840930.0,"+,,I",19840915.0,",,G",17.0,",G,06,",0.0,",,I,30,+",40.6,",G,15,",0.0,G,0.0,",G",0.0,",,,I",2.878,",G",3.592,",,,G",2.163,",,,G"
AG000060590,1984-10-01,30.5667,2.8667,397.0,"EL GOLEA, AG",1877.9,G,67.3,",G",0.0,"3,I",0.0,"3,I",0.0,"3,I",0.0,",G",0.0,",G",0.0,",G",26.0,",G",5.0,",G",19841010.0,",,G",19841031.0,"+,3,I",19841004.0,",,G",7.0,",G,10,",0.0,"3,,I,31,+",37.0,",G,04,",26.6,G,26.6,",G",0.0,"3,,,I",1.964,",G",2.629,",,,G",1.299,",,,G"
AG000060590,1984-11-01,30.5667,2.8667,397.0,"EL GOLEA, AG",1883.8,G,5.9,",G",2.0,",I",1.0,",I",0.0,",I",0.0,",G",0.0,",G",0.0,",G",23.0,",G",0.0,",G",19841116.0,",,G",19841110.0,",,I",19841109.0,",,G",3.5,",G,16,",4.0,",,I,10,",30.3,",G,09,",128.0,G,101.4,",G",5.0,",,,I",1.5150000000000001,",G",2.295,",,,G",0.736,",,,G"
AG000060590,1984-12-01,30.5667,2.8667,397.0,"EL GOLEA, AG",1883.8,G,0.0,",G",0.0,"1,I",0.0,"1,I",0.0,"1,I",0.0,",G",7.0,",G",0.0,",G",2.0,",G",0.0,",G",19841225.0,"+,,G",19841231.0,"+,1,I",19841201.0,",,G",-0.5,",G,25,+",0.0,"1,,I,31,+",22.0,",G,01,",389.6,G,261.6,",G",0.0,"1,,,I",0.99,",G",1.659,",,,G",0.32,",,,G"
AG000060590,1985-01-01,30.5667,2.8667,397.0,"EL GOLEA, AG",0.0,G,0.0,",G",3.0,",I",2.0,",I",0.0,",I",0.0,",G",8.0,",G",0.0,",G",2.0,",G",0.0,",G",19850104.0,",,G",19850107.0,",,I",19850123.0,",,G",-3.7,",G,04,",6.0,",,I,07,",25.2,",G,23,",686.9,G,297.3,",G",11.0,",,,I",0.874,",G",1.546,",,,G",0.20299999999999999,",,,G"
AG000060590,1985-02-01,30.5667,2.8667,397.0,"EL GOLEA, AG",4.2,G,4.2,",G",0.0,",I",0.0,",I",0.0,",I",0.0,",G",1.0,",G",0.0,",G",19.0,",G",0.0,",G",19850203.0,",,G",19850228.0,"+,,I",19850217.0,",,G",-0.5,",G,03,",0.0,",,I,28,+",30.1,",G,17,",778.1,G,91.2,",G",0.0,",,,I",1.5230000000000001,",G",2.336,",,,G",0.709,",,,G"
AG000060590,1985-03-01,30.5667,2.8667,397.0,"EL GOLEA, AG",10.5,G,6.3,",G",2.0,",I",2.0,",I",0.0,",I",0.0,",G",1.0,",G",0.0,",G",18.0,",G",0.0,",G",19850308.0,",,G",19850329.0,"+,,I",19850324.0,",,G",-0.5,",G,08,",11.0,",,I,29,+",30.4,",G,24,",908.7,G,130.6,",G",22.0,",,,I",1.432,",G",2.1559999999999997,",,,G",0.708,",,,G"
AG000060590,1985-04-01,30.5667,2.8667,397.0,"EL GOLEA, AG",104.5,G,94.0,",G",1.0,"1,I",1.0,"1,I",0.0,"1,I",0.0,",G",0.0,",G",0.0,",G",27.0,",G",10.0,",G",19850401.0,",,G",19850414.0,",1,I",19850409.0,",,G",6.8,",G,01,",3.0,"1,,I,14,",36.0,",G,09,",926.3,G,17.6,",G",3.0,"1,,,I",2.088,",G",2.857,",,,G",1.319,",,,G"
AG000060590,1985-05-01,30.5667,2.8667,397.0,"EL GOLEA, AG",304.2,G,199.7,",G",0.0,"1,I",0.0,"1,I",0.0,"1,I",0.0,",G",0.0,",G",0.0,",G",31.0,",G",19.0,",G",19850509.0,",,G",19850531.0,"+,1,I",19850531.0,",,G",7.6,",G,09,",0.0,"1,,I,31,+",39.2,",G,31,",927.6,G,1.3,",G",0.0,"1,,,I",2.473,",G",3.226,",,,G",1.721,",,,G"
AG000060590,1985-06-01,30.5667,2.8667,397.0,"EL GOLEA, AG",703.0,G,398.8,",G",0.0,"1,I",0.0,"1,I",0.0,"1,I",0.0,",G",0.0,",G",0.0,",G",30.0,",G",30.0,",G",19850604.0,"+,,G",19850630.0,"+,1,I",19850627.0,",,G",15.7,",G,04,+",0.0,"1,,I,30,+",43.5,",G,27,",927.6,G,0.0,",G",0.0,"1,,,I",3.163,",G",4.0009999999999994,",,,G",2.324,",,,G"
AG000060590,1985-07-01,30.5667,2.8667,397.0,"EL GOLEA, AG",1153.3,G,450.3,",G",0.0,",I",0.0,",I",0.0,",I",0.0,",G",0.0,",G",0.0,",G",31.0,",G",31.0,",G",19850719.0,",,G",19850731.0,"+,,I",19850704.0,"+,,G",21.9,",G,19,",0.0,",,I,31,+",43.3,",G,04,+",0.0,G,0.0,",G",0.0,",,,I",3.286,",G",4.014,",,,G",2.558,",,,G"
AG000060590,1985-08-01,30.5667,2.8667,397.0,"EL GOLEA, AG",1573.9,G,420.6,",G",0.0,",I",0.0,",I",0.0,",I",0.0,",G",0.0,",G",0.0,",G",31.0,",G",31.0,",G",19850831.0,",,G",19850831.0,"+,,I",19850801.0,",,G",18.8,",G,31,",0.0,",,I,31,+",44.0,",G,01,",0.0,G,0.0,",G",0.0,",,,I",3.19,",G",3.965,",,,G",2.416,",,,G"
AG000060590,1985-09-01,30.5667,2.8667,397.0,"EL GOLEA, AG",1851.6,G,277.7,",G",1.0,",I",1.0,",I",0.0,",I",0.0,",G",0.0,",G",0.0,",G",30.0,",G",27.0,",G",19850919.0,",,G",19850923.0,",,I",19850921.0,",,G",15.3,",G,19,",3.0,",,I,23,",37.6,",G,21,",0.0,G,0.0,",G",3.0,",,,I",2.759,",G",3.463,",,,G",2.055,",,,G"
AG000060590,1985-10-01,30.5667,2.8667,397.0,"EL GOLEA, AG",1976.4,G,124.8,",G",1.0,"1,I",0.0,"1,I",0.0,"1,I",0.0,",G",0.0,",G",0.0,",G",31.0,",G",4.0,",G",19851030.0,"+,,G",19851012.0,",1,I",19851006.0,",,G",11.5,",G,30,+",2.0,"1,,I,12,",33.8,",G,06,",0.0,G,0.0,",G",2.0,"1,,,I",2.2359999999999998,",G",2.8489999999999998,",,,G",1.623,",,,G"
AG000060590,1985-11-01,30.5667,2.8667,397.0,"EL GOLEA, AG",2018.4,G,42.0,",G",2.0,",I",1.0,",I",0.0,",I",0.0,",G",0.0,",G",0.0,",G",22.0,",G",2.0,",G",19851124.0,",,G",19851116.0,",,I",19851101.0,",,G",2.5,",G,24,",6.0,",,I,16,",32.8,",G,01,",57.9,G,57.9,",G",7.0,",,,I",1.78,",G",2.4739999999999998,",,,G",1.0859999999999999,",,,G"
AG000060590,1985-12-01,30.5667,2.8667,397.0,"EL GOLEA, AG",2018.4,G,0.0,",G",2.0,",I",1.0,",I",0.0,",I",0.0,",G",1.0,",G",0.0,",G",1.0,",G",0.0,",G",19851223.0,",,G",19851209.0,",,I",19851227.0,",,G",-0.5,",G,23,",4.0,",,I,09,",21.5,",G,27,",292.3,G,234.4,",G",6.0,",,,I",1.077,",G",1.658,",,,G",0.496,",,,G"
AG000060590,1986-01-01,30.5667,2.8667,397.0,"EL GOLEA, AG",0.0,G,0.0,",G",0.0,"1,I",0.0,"1,I",0.0,"1,I",0.0,",G",6.0,",G",0.0,",G",1.0,",G",0.0,",G",19860122.0,",,G",19860131.0,"+,1,I",19860130.0,",,G",-2.5,",G,22,",0.0,"1,,I,31,+",22.1,",G,30,",563.2,G,270.9,",G",0.0,"1,,,I",0.959,",G",1.688,",,,G",0.231,",,,G"
AG000060590,1986-02-01,30.5667,2.8667,397.0,"EL GOLEA, AG",9.0,G,9.0,",G",0.0,"1,I",0.0,"1,I",0.0,"1,I",0.0,",G",3.0,",G",0.0,",G",15.0,",G",0.0,",G",19860202.0,",,G",19860228.0,"+,1,I",19860228.0,",,G",-1.5,",G,02,",0.0,"1,,I,28,+",31.8,",G,28,",706.1,G,142.9,",G",0.0,"1,,,I",1.355,",G",2.178,",,,G",0.532,",,,G"
AG000060590,1986-03-01,30.5667,2.8667,397.0,"EL GOLEA, AG",11.0,G,2.0,",G",3.0,",I",2.0,",I",0.0,",I",0.0,",G",0.0,",G",0.0,",G",8.0,",G",0.0,",G",19860313.0,",,G",19860304.0,",,I",19860303.0,",,G",4.2,",G,13,",20.0,",,I,04,",25.5,",G,03,",836.8,G,130.7,",G",39.0,",,,I",1.418,",G",2.008,",,,G",0.828,",,,G"
AG000060590,1986-04-01,30.5667,2.8667,397.0,"EL GOLEA, AG",64.1,G,53.1,",G",1.0,",I",0.0,",I",0.0,",I",0.0,",G",0.0,",G",0.0,",G",29.0,",G",5.0,",G",19860405.0,",,G",19860418.0,",,I",19860417.0,",,G",7.5,",G,05,",1.0,",,I,18,",35.2,",G,17,",849.1,G,12.3,",G",1.0,",,,I",1.97,",G",2.7359999999999998,",,,G",1.2029999999999998,",,,G"
AG000060590,1986-05-01,30.5667,2.8667,397.0,"EL GOLEA, AG",313.3,G,249.2,",G",1.0,"1,I",1.0,"1,I",0.0,"1,I",0.0,",G",0.0,",G",0.0,",G",31.0,",G",22.0,",G",19860501.0,",,G",19860503.0,",1,I",19860518.0,",,G",11.0,",G,01,",15.0,"1,,I,03,",39.3,",G,18,",849.5,G,0.4,",G",15.0,"1,,,I",2.636,",G",3.3409999999999997,",,,G",1.9309999999999998,",,,G"
AG000060590,1986-06-01,30.5667,2.8667,397.0,"EL GOLEA, AG",665.6,G,352.3,",G",0.0,",I",0.0,",I",0.0,",I",0.0,",G",0.0,",G",0.0,",G",30.0,",G",30.0,",G",19860606.0,",,G",19860630.0,"+,,I",19860630.0,",,G",16.6,",G,06,",0.0,",,I,30,+",42.7,",G,30,",849.5,G,0.0,",G",0.0,",,,I",3.008,",G",3.723,",,,G",2.2920000000000003,",,,G"
AG000060590,1986-07-01,30.5667,2.8667,397.0,"EL GOLEA, AG",1100.1,G,434.5,",G",0.0,",I",0.0,",I",0.0,",I",0.0,",G",0.0,",G",0.0,",G",31.0,",G",31.0,",G",19860723.0,"+,,G",19860731.0,"+,,I",19860713.0,",,G",18.8,",G,23,+",0.0,",,I,31,+",45.0,",G,13,",0.0,G,0.0,",G",0.0,",,,I",3.2350000000000003,",G",3.9869999999999997,",,,G",2.4829999999999997,",,,G"
AG000060590,1986-08-01,30.5667,2.8667,397.0,"EL GOLEA, AG",1539.0,G,438.9,",G",0.0,",I",0.0,",I",0.0,",I",0.0,",G",0.0,",G",0.0,",G",31.0,",G",31.0,",G",19860827.0,",,G",19860831.0,"+,,I",19860829.0,",,G",19.8,",G,27,",0.0,",,I,31,+",44.6,",G,29,",0.0,G,0.0,",G",0.0,",,,I",3.249,",G",4.068,",,,G",2.43,",,,G"
AG000060590,1986-09-01,30.5667,2.8667,397.0,"EL GOLEA, AG",1857.9,G,318.9,",G",0.0,",I",0.0,",I",0.0,",I",0.0,",G",0.0,",G",0.0,",G",30.0,",G",26.0,",G",19860930.0,",,G",19860930.0,"+,,I",19860901.0,",,G",15.7,",G,30,",0.0,",,I,30,+",43.2,",G,01,",0.0,G,0.0,",G",0.0,",,,I",2.896,",G",3.531,",,,G",2.261,",,,G"
AG000060590,1986-10-01,30.5667,2.8667,397.0,"EL GOLEA, AG",2010.4,G,152.5,",G",5.0,"4,I",2.0,"4,I",0.0,"4,I",0.0,",G",0.0,",G",0.0,",G",28.0,",G",9.0,",G",19861031.0,",,G",19861013.0,",4,I",19861003.0,",,G",5.8,",G,31,",9.0,"4,,I,13,",36.5,",G,03,",15.6,G,15.6,",G",15.0,"4,,,I",2.275,",G",2.8600000000000003,",,,G",1.69,",,,G"
AG000060590,1986-11-01,30.5667,2.8667,397.0,"EL GOLEA, AG",2010.4,G,0.0,",G",0.0,",I",0.0,",I",0.0,",I",0.0,",G",0.0,",G",0.0,",G",8.0,",G",0.0,",G",19861126.0,"+,,G",19861130.0,"+,,I",19861103.0,"+,,G",3.0,",G,26,+",0.0,",,I,30,+",25.0,",G,03,+",162.1,G,146.5,",G",0.0,",,,I",1.345,",G",2.0149999999999997,",,,G",0.675,",,,G"
AG000060590,1986-12-01,30.5667,2.8667,397.0,"EL GOLEA, AG",2010.4,G,0.0,",G",3.0,",I",1.0,",I",0.0,",I",0.0,",G",3.0,",G",0.0,",G",0.0,",G",0.0,",G",19861226.0,",,G",19861209.0,",,I",19861221.0,"+,,G",-3.0,",G,26,",3.0,",,I,09,",20.0,",G,21,+",433.8,G,271.7,",G",6.0,",,,I",0.9570000000000001,",G",1.573,",,,G",0.33999999999999997,",,,G"
AG000060590,1987-01-01,30.5667,2.8667,397.0,"EL GOLEA, AG",0.0,G,0.0,",G",0.0,",I",0.0,",I",0.0,",I",0.0,",G",9.0,",G",0.0,",G",7.0,",G",0.0,",G",19870120.0,",,G",19870131.0,"+,,I",19870128.0,",,G",-3.5,",G,20,",0.0,",,I,31,+",25.5,",G,28,",693.8,G,260.0,",G",0.0,",,,I",0.9949999999999999,",G",1.7420000000000002,",,,G",0.24700000000000003,",,,G"
AG000060590,1987-02-01,30.5667,2.8667,397.0,"EL GOLEA, AG",0.0,G,0.0,",G",1.0,",I",0.0,",I",0.0,",I",0.0,",G",0.0,",G",0.0,",G",9.0,",G",0.0,",G",19870220.0,",,G",19870211.0,",,I",19870225.0,",,G",0.3,",G,20,",1.0,",,I,11,",28.3,",G,25,",850.0,G,156.2,",G",1.0,",,,I",1.276,",G",2.051,",,,G",0.5,",,,G"
AG000060590,1987-03-01,30.5667,2.8667,397.0,"EL GOLEA, AG",25.4,G,25.4,",G",1.0,"2,I",0.0,"2,I",0.0,"2,I",0.0,",G",0.0,",G",0.0,",G",27.0,",G",1.0,",G",19870331.0,",,G",19870321.0,",2,I",19870312.0,",,G",3.5,",G,31,",1.0,"2,,I,21,",33.5,",G,12,",890.7,G,40.7,",G",1.0,"2,,,I",1.784,",G",2.516,",,,G",1.052,",,,G"
AG000060590,1987-04-01,30.5667,2.8667,397.0,"EL GOLEA, AG",176.1,G,150.7,",G",0.0,",I",0.0,",I",0.0,",I",0.0,",G",0.0,",G",0.0,",G",28.0,",G",14.0,",G",19870401.0,",,G",19870430.0,"+,,I",19870428.0,",,G",4.1,",G,01,",0.0,",,I,30,+",40.7,",G,28,",903.6,G,12.9,",G",0.0,",,,I",2.293,",G",3.134,",,,G",1.451,",,,G"
AG000060590,1987-05-01,30.5667,2.8667,397.0,"EL GOLEA, AG",443.2,G,267.1,",G",1.0,",I",0.0,",I",0.0,",I",0.0,",G",0.0,",G",0.0,",G",31.0,",G",20.0,",G",19870531.0,"+,,G",19870505.0,",,I",19870502.0,",,G",13.5,",G,31,+",1.0,",,I,05,",43.6,",G,02,",903.6,G,0.0,",G",1.0,",,,I",2.695,",G",3.406,",,,G",1.984,",,,G"
AG000060590,1987-06-01,30.5667,2.8667,397.0,"EL GOLEA, AG",863.2,G,420.0,",G",1.0,"1,I",1.0,"1,I",0.0,"1,I",0.0,",G",0.0,",G",0.0,",G",30.0,",G",30.0,",G",19870601.0,",,G",19870609.0,",1,I",19870613.0,",,G",14.5,",G,01,",4.0,"1,,I,09,",44.8,",G,13,",903.6,G,0.0,",G",4.0,"1,,,I",3.2329999999999997,",G",4.014,",,,G",2.4530000000000003,",,,G"
AG000060590,1987-07-01,30.5667,2.8667,397.0,"EL GOLEA, AG",1353.9,G,490.7,",G",1.0,",I",0.0,",I",0.0,",I",0.0,",G",0.0,",G",0.0,",G",31.0,",G",31.0,",G",19870709.0,",,G",19870706.0,",,I",19870709.0,",,G",22.2,",G,09,",1.0,",,I,06,",46.1,",G,09,",0.0,G,0.0,",G",1.0,",,,I",3.4159999999999995,",G",4.186,",,,G",2.647,",,,G"
AG000060590,1987-08-01,30.5667,2.8667,397.0,"EL GOLEA, AG",1812.0,G,458.1,",G",0.0,",I",0.0,",I",0.0,",I",0.0,",G",0.0,",G",0.0,",G",31.0,",G",31.0,",G",19870805.0,",,G",19870831.0,"+,,I",19870817.0,",,G",21.5,",G,05,",0.0,",,I,31,+",44.0,",G,17,",0.0,G,0.0,",G",0.0,",,,I",3.311,",G",4.069,",,,G",2.553,",,,G"
AG000060590,1987-09-01,30.5667,2.8667,397.0,"EL GOLEA, AG",2146.6,G,334.6,",G",0.0,",I",0.0,",I",0.0,",I",0.0,",G",0.0,",G",0.0,",G",30.0,",G",28.0,",G",19870924.0,",,G",19870930.0,"+,,I",19870901.0,",,G",17.6,",G,24,",0.0,",,I,30,+",43.5,",G,01,",0.0,G,0.0,",G",0.0,",,,I",2.949,",G",3.6100000000000003,",,,G",2.287,",,,G"
AG000060590,1987-10-01,30.5667,2.8667,397.0,"EL GOLEA, AG",2319.3,G,172.7,",G",3.0,",I",1.0,",I",0.0,",I",0.0,",G",0.0,",G",0.0,",G",31.0,",G",14.0,",G",19871014.0,"+,,G",19871006.0,",,I",19871021.0,",,G",10.0,",G,14,+",5.0,",,I,06,",36.2,",G,21,",0.7,G,0.7,",G",8.0,",,,I",2.388,",G",3.1350000000000002,",,,G",1.641,",,,G"
AG000060590,1987-11-01,30.5667,2.8667,397.0,"EL GOLEA, AG",2334.6,G,15.3,",G",0.0,",I",0.0,",I",0.0,",I",0.0,",G",0.0,",G",0.0,",G",17.0,",G",0.0,",G",19871129.0,",,G",19871130.0,"+,,I",19871103.0,",,G",1.0,",G,29,",0.0,",,I,30,+",30.3,",G,03,",108.0,G,107.3,",G",0.0,",,,I",1.526,",G",2.178,",,,G",0.875,",,,G"
AG000060590,1987-12-01,30.5667,2.8667,397.0,"EL GOLEA, AG",2338.2,G,3.6,",G",3.0,"1,I",1.0,"1,I",0.0,"1,I",0.0,",G",0.0,",G",0.0,",G",14.0,",G",0.0,",G",19871216.0,",,G",19871226.0,",1,I",19871204.0,",,G",2.0,",G,16,",3.0,"1,,I,26,",31.0,",G,04,",255.8,G,147.8,",G",5.0,"1,,,I",1.3679999999999999,",G",2.054,",,,G",0.683,",,,G"
AG000060590,1988-01-01,30.5667,2.8667,397.0,"EL GOLEA, AG",0.6,G,0.6,",G",0.0,",I",0.0,",I",0.0,",I",0.0,",G",1.0,",G",0.0,",G",7.0,",G",0.0,",G",19880113.0,",,G",19880131.0,"+,,I",19880129.0,",,G",0.0,",G,13,",0.0,",,I,31,+",25.5,",G,29,",473.3,G,217.5,",G",0.0,",,,I",1.134,",G",1.8489999999999998,",,,G",0.418,",,,G"
AG000060590,1988-02-01,30.5667,2.8667,397.0,"EL GOLEA, AG",0.8,G,0.2,"2,G",3.0,"4,I",1.0,"4,I",0.0,"4,I",0.0,"1,G",0.0,"1,G",0.0,"1,G",12.0,"1,G",0.0,"1,G",19880214.0,",1,G",19880224.0,",4,I",19880217.0,",1,G",1.6,"1,G,14,",4.0,"4,,I,24,",25.0,"1,G,17,",601.6,G,128.3,"1,G",6.0,"4,,,I",1.361,"2,G",2.0460000000000003,"1,,,G",0.675,"1,,,G"
AG000060590,1988-03-01,30.5667,2.8667,397.0,"EL GOLEA, AG",9.2,G,8.4,",G",3.0,",I",1.0,",I",0.0,",I",0.0,",G",0.0,",G",0.0,",G",23.0,",G",1.0,",G",19880314.0,"+,,G",19880304.0,",,I",19880330.0,",,G",2.0,",G,14,+",3.0,",,I,04,",32.4,",G,30,",693.4,G,91.8,",G",6.0,",,,I",1.564,",G",2.339,",,,G",0.7889999999999999,",,,G"
AG000060590,1988-04-01,30.5667,2.8667,397.0,"EL GOLEA, AG",150.7,G,141.5,",G",0.0,",I",0.0,",I",0.0,",I",0.0,",G",0.0,",G",0.0,",G",30.0,",G",8.0,",G",19880406.0,",,G",19880430.0,"+,,I",19880419.0,",,G",8.2,",G,06,",0.0,",,I,30,+",39.3,",G,19,",696.3,G,2.9,",G",0.0,",,,I",2.295,",G",3.021,",,,G",1.569,",,,G"
AG000060590,1988-05-01,30.5667,2.8667,397.0,"EL GOLEA, AG",440.3,G,289.6,",G",0.0,",I",0.0,",I",0.0,",I",0.0,",G",0.0,",G",0.0,",G",31.0,",G",27.0,",G",19880514.0,",,G",19880531.0,"+,,I",19880522.0,",,G",13.7,",G,14,",0.0,",,I,31,+",42.5,",G,22,",696.3,G,0.0,",G",0.0,",,,I",2.768,",G",3.561,",,,G",1.975,",,,G"
AG000060590,1988-06-01,30.5667,2.8667,397.0,"EL GOLEA, AG",863.2,G,422.9,",G",0.0,"1,I",0.0,"1,I",0.0,"1,I",0.0,",G",0.0,",G",0.0,",G",30.0,",G",28.0,",G",19880608.0,",,G",19880630.0,"+,1,I",19880618.0,"+,,G",16.4,",G,08,",0.0,"1,,I,30,+",45.5,",G,18,+",696.3,G,0.0,",G",0.0,"1,,,I",3.243,",G",3.961,",,,G",2.525,",,,G"
AG000060590,1988-07-01,30.5667,2.8667,397.0,"EL GOLEA, AG",1377.4,G,514.2,",G",0.0,",I",0.0,",I",0.0,",I",0.0,",G",0.0,",G",0.0,",G",31.0,",G",31.0,",G",19880723.0,",,G",19880731.0,"+,,I",19880704.0,",,G",23.6,",G,23,",0.0,",,I,31,+",49.0,",G,04,",0.0,G,0.0,",G",0.0,",,,I",3.492,",G",4.212,",,,G",2.772,",,,G"
AG000060590,1988-08-01,30.5667,2.8667,397.0,"EL GOLEA, AG",1859.6,G,482.2,",G",0.0,",I",0.0,",I",0.0,",I",0.0,",G",0.0,",G",0.0,",G",31.0,",G",31.0,",G",19880804.0,",,G",19880831.0,"+,,I",19880808.0,",,G",22.5,",G,04,",0.0,",,I,31,+",44.7,",G,08,",0.0,G,0.0,",G",0.0,",,,I",3.3890000000000002,",G",4.157,",,,G",2.62,",,,G"
AG000060590,1988-09-01,30.5667,2.8667,397.0,"EL GOLEA, AG",2135.2,G,275.6,",G",1.0,",I",1.0,",I",0.0,",I",0.0,",G",0.0,",G",0.0,",G",30.0,",G",20.0,",G",19880922.0,",,G",19880915.0,",,I",19880904.0,",,G",14.5,",G,22,",3.0,",,I,15,",40.8,",G,04,",0.0,G,0.0,",G",3.0,",,,I",2.752,",G",3.411,",,,G",2.093,",,,G"
AG000060590,1988-10-01,30.5667,2.8667,397.0,"EL GOLEA, AG",2304.7,G,169.5,",G",1.0,"1,I",1.0,"1,I",0.0,"1,I",0.0,",G",0.0,",G",0.0,",G",31.0,",G",12.0,",G",19881024.0,",,G",19881003.0,",1,I",19881013.0,",,G",10.5,",G,24,",8.0,"1,,I,03,",36.5,",G,13,",0.2,G,0.2,",G",8.0,"1,,,I",2.379,",G",3.069,",,,G",1.69,",,,G"
AG000060590,1988-11-01,30.5667,2.8667,397.0,"EL GOLEA, AG",2361.9,G,57.2,",G",5.0,",I",2.0,",I",0.0,",I",0.0,",G",0.0,",G",0.0,",G",18.0,",G",1.0,",G",19881121.0,",,G",19881130.0,",,I",19881104.0,",,G",3.0,",G,21,",11.0,",,I,30,",33.0,",G,04,",98.0,G,97.8,",G",23.0,",,,I",1.698,",G",2.31,",,,G",1.0859999999999999,",,,G"
AG000060590,1988-12-01,30.5667,2.8667,397.0,"EL GOLEA, AG",2361.9,G,0.0,",G",0.0,",I",0.0,",I",0.0,",I",0.0,",G",1.0,",G",0.0,",G",0.0,",G",0.0,",G",19881220.0,",,G",19881231.0,"+,,I",19881206.0,",,G",0.0,",G,20,",0.0,",,I,31,+",20.5,",G,06,",366.5,G,268.5,",G",0.0,",,,I",0.967,",G",1.525,",,,G",0.41,",,,G"
AG000060590,1989-01-01,30.5667,2.8667,397.0,"EL GOLEA, AG",0.0,G,0.0,",G",0.0,",I",0.0,",I",0.0,",I",0.0,",G",7.0,",G",0.0,",G",0.0,",G",0.0,",G",19890109.0,"+,,G",19890131.0,"+,,I",19890110.0,",,G",-1.0,",G,09,+",0.0,",,I,31,+",18.0,",G,10,",652.7,G,286.2,",G",0.0,",,,I",0.9099999999999999,",G",1.518,",,,G",0.303,",,,G"
AG000060590,1989-02-01,30.5667,2.8667,397.0,"EL GOLEA, AG",3.5,G,3.5,",G",0.0,",I",0.0,",I",0.0,",I",0.0,",G",0.0,",G",0.0,",G",10.0,",G",0.0,",G",19890217.0,",,G",19890228.0,"+,,I",19890226.0,",,G",0.5,",G,17,",0.0,",,I,28,+",28.0,",G,26,",797.2,G,144.5,",G",0.0,",,,I",1.33,",G",1.98,",,,G",0.6799999999999999,",,,G"
AG000060590,1989-03-01,30.5667,2.8667,397.0,"EL GOLEA, AG",16.0,G,12.5,",G",0.0,",I",0.0,",I",0.0,",I",0.0,",G",0.0,",G",0.0,",G",25.0,",G",0.0,",G",19890326.0,",,G",19890331.0,"+,,I",19890328.0,",,G",4.5,",G,26,",0.0,",,I,31,+",30.2,",G,28,",853.6,G,56.4,",G",0.0,",,,I",1.6920000000000002,",G",2.433,",,,G",0.951,",,,G"
AG000060590,1989-04-01,30.5667,2.8667,397.0,"EL GOLEA, AG",94.6,G,78.6,",G",0.0,"1,I",0.0,"1,I",0.0,"1,I",0.0,",G",0.0,",G",0.0,",G",30.0,",G",4.0,",G",19890407.0,",,G",19890430.0,"+,1,I",19890419.0,",,G",6.0,",G,07,",0.0,"1,,I,30,+",35.6,",G,19,",869.4,G,15.8,",G",0.0,"1,,,I",2.043,",G",2.79,",,,G",1.296,",,,G"
AG000060590,1989-05-01,30.5667,2.8667,397.0,"EL GOLEA, AG",327.0,G,232.4,",G",0.0,"2,I",0.0,"2,I",0.0,"2,I",0.0,",G",0.0,",G",0.0,",G",31.0,",G",21.0,",G",19890503.0,",,G",19890531.0,"+,2,I",19890522.0,",,G",9.2,",G,03,",0.0,"2,,I,31,+",42.5,",G,22,",869.4,G,0.0,",G",0.0,"2,,,I",2.5829999999999997,",G",3.414,",,,G",1.752,",,,G"
AG000060590,1989-06-01,30.5667,2.8667,397.0,"EL GOLEA, AG",700.4,G,373.4,",G",0.0,",I",0.0,",I",0.0,",I",0.0,",G",0.0,",G",0.0,",G",30.0,",G",28.0,",G",19890607.0,",,G",19890630.0,"+,,I",19890625.0,",,G",14.7,",G,07,",0.0,",,I,30,+",48.0,",G,25,",869.4,G,0.0,",G",0.0,",,,I",3.0780000000000003,",G",3.8270000000000004,",,,G",2.3289999999999997,",,,G"
AG000060590,1989-07-01,30.5667,2.8667,397.0,"EL GOLEA, AG",1143.5,G,443.1,",G",0.0,",I",0.0,",I",0.0,",I",0.0,",G",0.0,",G",0.0,",G",31.0,",G",31.0,",G",19890704.0,",,G",19890731.0,"+,,I",19890707.0,",,G",21.5,",G,04,",0.0,",,I,31,+",43.7,",G,07,",0.0,G,0.0,",G",0.0,",,,I",3.2630000000000003,",G",3.9840000000000004,",,,G",2.5420000000000003,",,,G"
AG000060590,1989-08-01,30.5667,2.8667,397.0,"EL GOLEA, AG",1617.3,G,473.8,",G",1.0,"1,I",0.0,"1,I",0.0,"1,I",0.0,",G",0.0,",G",0.0,",G",31.0,",G",31.0,",G",19890826.0,",,G",19890806.0,",1,I",19890804.0,",,G",21.5,",G,26,",1.0,"1,,I,06,",45.0,",G,04,",0.0,G,0.0,",G",1.0,"1,,,I",3.3619999999999997,",G",4.1530000000000005,",,,G",2.571,",,,G"
AG000060590,1989-09-01,30.5667,2.8667,397.0,"EL GOLEA, AG",1983.9,G,366.6,",G",0.0,",I",0.0,",I",0.0,",I",0.0,",G",0.0,",G",0.0,",G",30.0,",G",30.0,",G",19890928.0,",,G",19890930.0,"+,,I",19890906.0,"+,,G",17.8,",G,28,",0.0,",,I,30,+",45.0,",G,06,+",0.0,G,0.0,",G",0.0,",,,I",3.055,",G",3.845,",,,G",2.266,",,,G"
AG000060590,1989-10-01,30.5667,2.8667,397.0,"EL GOLEA, AG",2151.2,G,167.3,",G",0.0,",I",0.0,",I",0.0,",I",0.0,",G",0.0,",G",0.0,",G",31.0,",G",8.0,",G",19891031.0,",,G",19891031.0,"+,,I",19891001.0,",,G",11.0,",G,31,",0.0,",,I,31,+",35.6,",G,01,",0.0,G,0.0,",G",0.0,",,,I",2.373,",G",3.056,",,,G",1.69,",,,G"
AG000060590,1989-11-01,30.5667,2.8667,397.0,"EL GOLEA, AG",2162.8,G,11.6,",G",1.0,",I",0.0,",I",0.0,",I",0.0,",G",0.0,",G",0.0,",G",28.0,",G",0.0,",G",19891120.0,",,G",19891115.0,",,I",19891126.0,"+,,G",2.5,",G,20,",2.0,",,I,15,",27.5,",G,26,+",46.4,G,46.4,",G",2.0,",,,I",1.717,",G",2.476,",,,G",0.958,",,,G"
AG000060590,1989-12-01,30.5667,2.8667,397.0,"EL GOLEA, AG",2162.8,G,0.0,",G",1.0,",I",1.0,",I",0.0,",I",0.0,",G",0.0,",G",0.0,",G",12.0,",G",0.0,",G",19891228.0,"+,,G",19891230.0,",,I",19891218.0,",,G",2.0,",G,28,+",17.0,",,I,30,",27.0,",G,18,",184.8,G,138.4,",G",17.0,",,,I",1.387,",G",2.1350000000000002,",,,G",0.639,",,,G"
AG000060590,1990-01-01,30.5667,2.8667,397.0,"EL GOLEA, AG",0.0,G,0.0,",G",5.0,",I",3.0,",I",0.0,",I",0.0,",G",0.0,",G",0.0,",G",0.0,",G",0.0,",G",19900113.0,",,G",19900128.0,",,I",19900127.0,",,G",1.5,",G,13,",11.0,",,I,28,",18.3,",G,27,",440.1,G,255.3,",G",26.0,",,,I",1.01,",G",1.4869999999999999,",,,G",0.533,",,,G"
AG000060590,1990-02-01,30.5667,2.8667,397.0,"EL GOLEA, AG",0.9,G,0.9,",G",0.0,",I",0.0,",I",0.0,",I",0.0,",G",0.0,",G",0.0,",G",13.0,",G",0.0,",G",19900216.0,",,G",19900228.0,"+,,I",19900228.0,",,G",2.5,",G,16,",0.0,",,I,28,+",26.7,",G,28,",558.4,G,118.3,",G",0.0,",,,I",1.4140000000000001,",G",2.149,",,,G",0.679,",,,G"
AG000060590,1990-03-01,30.5667,2.8667,397.0,"EL GOLEA, AG",7.2,G,6.3,",G",0.0,",I",0.0,",I",0.0,",I",0.0,",G",0.0,",G",0.0,",G",27.0,",G",0.0,",G",19900322.0,",,G",19900331.0,"+,,I",19900325.0,",,G",5.5,",G,22,",0.0,",,I,31,+",28.0,",G,25,",605.2,G,46.8,",G",0.0,",,,I",1.703,",G",2.396,",,,G",1.01,",,,G"
AG000060590,1990-04-01,30.5667,2.8667,397.0,"EL GOLEA, AG",94.0,G,86.8,",G",3.0,",I",0.0,",I",0.0,",I",0.0,",G",0.0,",G",0.0,",G",28.0,",G",5.0,",G",19900413.0,",,G",19900429.0,"+,,I",19900421.0,",,G",4.5,",G,13,",1.0,",,I,29,+",35.0,",G,21,",620.2,G,15.0,",G",3.0,",,,I",2.073,",G",2.788,",,,G",1.357,",,,G"
AG000060590,1990-05-01,30.5667,2.8667,397.0,"EL GOLEA, AG",301.7,G,207.7,",G",3.0,",I",2.0,",I",0.0,",I",0.0,",G",0.0,",G",0.0,",G",30.0,",G",16.0,",G",19900512.0,",,G",19900511.0,",,I",19900522.0,"+,,G",11.6,",G,12,",12.0,",,I,11,",42.6,",G,22,+",622.7,G,2.5,",G",16.0,",,,I",2.495,",G",3.245,",,,G",1.7449999999999999,",,,G"
AG000060590,1990-06-01,30.5667,2.8667,397.0,"EL GOLEA, AG",720.4,G,418.7,",G",0.0,",I",0.0,",I",0.0,",I",0.0,",G",0.0,",G",0.0,",G",30.0,",G",30.0,",G",19900602.0,",,G",19900630.0,"+,,I",19900619.0,",,G",17.0,",G,02,",0.0,",,I,30,+",47.0,",G,19,",622.7,G,0.0,",G",0.0,",,,I",3.229,",G",4.079,",,,G",2.379,",,,G"
AG000060590,1990-07-01,30.5667,2.8667,397.0,"EL GOLEA, AG",1173.8,G,453.4,",G",0.0,",I",0.0,",I",0.0,",I",0.0,",G",0.0,",G",0.0,",G",31.0,",G",31.0,",G",19900725.0,",,G",19900731.0,"+,,I",19900706.0,",,G",20.5,",G,25,",0.0,",,I,31,+",45.5,",G,06,",0.0,G,0.0,",G",0.0,",,,I",3.2960000000000003,",G",4.115,",,,G",2.476,",,,G"
AG000060590,1990-08-01,30.5667,2.8667,397.0,"EL GOLEA, AG",1601.3,G,427.5,",G",0.0,",I",0.0,",I",0.0,",I",0.0,",G",0.0,",G",0.0,",G",31.0,",G",31.0,",G",19900808.0,",,G",19900831.0,"+,,I",19900811.0,"+,,G",20.3,",G,08,",0.0,",,I,31,+",42.5,",G,11,+",0.0,G,0.0,",G",0.0,",,,I",3.2119999999999997,",G",4.005,",,,G",2.42,",,,G"
AG000060590,1990-09-01,30.5667,2.8667,397.0,"EL GOLEA, AG",1987.2,G,385.9,",G",0.0,",I",0.0,",I",0.0,",I",0.0,",G",0.0,",G",0.0,",G",30.0,",G",28.0,",G",19900925.0,",,G",19900930.0,"+,,I",19900906.0,",,G",19.1,",G,25,",0.0,",,I,30,+",43.5,",G,06,",0.0,G,0.0,",G",0.0,",,,I",3.12,",G",3.993,",,,G",2.246,",,,G"
AG000060590,1990-10-01,30.5667,2.8667,397.0,"EL GOLEA, AG",2206.3,G,219.1,",G",1.0,"1,I",0.0,"1,I",0.0,"1,I",0.0,",G",0.0,",G",0.0,",G",31.0,",G",22.0,",G",19901011.0,",,G",19901009.0,",1,I",19901008.0,",,G",11.0,",G,11,",1.0,"1,,I,09,",38.5,",G,08,",0.0,G,0.0,",G",1.0,"1,,,I",2.54,",G",3.354,",,,G",1.7260000000000002,",,,G"
AG000060590,1990-11-01,30.5667,2.8667,397.0,"EL GOLEA, AG",2236.0,G,29.7,",G",1.0,"1,I",1.0,"1,I",0.0,"1,I",0.0,",G",0.0,",G",0.0,",G",18.0,",G",1.0,",G",19901125.0,",,G",19901111.0,",1,I",19901101.0,",,G",1.0,",G,25,",6.0,"1,,I,11,",32.2,",G,01,",89.6,G,89.6,",G",6.0,"1,,,I",1.634,",G",2.308,",,,G",0.959,",,,G"
AG000060590,1990-12-01,30.5667,2.8667,397.0,"EL GOLEA, AG",2236.0,G,0.0,",G",0.0,",I",0.0,",I",0.0,",I",0.0,",G",4.0,",G",0.0,",G",2.0,",G",0.0,",G",19901211.0,",,G",19901231.0,"+,,I",19901209.0,",,G",-2.0,",G,11,",0.0,",,I,31,+",24.2,",G,09,",346.4,G,256.8,",G",0.0,",,,I",1.0050000000000001,",G",1.706,",,,G",0.304,",,,G"
AG000060590,1991-01-01,30.5667,2.8667,397.0,"EL GOLEA, AG",0.0,G,0.0,",G",0.0,",I",0.0,",I",0.0,",I",0.0,",G",10.0,",G",0.0,",G",0.0,",G",0.0,",G",19910114.0,",,G",19910131.0,"+,,I",19910109.0,",,G",-3.0,",G,14,",0.0,",,I,31,+",19.6,",G,09,",635.4,G,289.0,",G",0.0,",,,I",0.901,",G",1.6329999999999998,",,,G",0.16899999999999998,",,,G"
AG000060590,1991-02-01,30.5667,2.8667,397.0,"EL GOLEA, AG",0.0,G,0.0,",G",0.0,",I",0.0,",I",0.0,",I",0.0,",G",4.0,",G",0.0,",G",2.0,",G",0.0,",G",19910218.0,"+,,G",19910228.0,"+,,I",19910213.0,",,G",-2.0,",G,18,+",0.0,",,I,28,+",24.4,",G,13,",844.3,G,208.9,",G",0.0,",,,I",1.087,",G",1.8699999999999999,",,,G",0.305,",,,G"
AG000060590,1991-03-01,30.5667,2.8667,397.0,"EL GOLEA, AG",17.2,G,17.2,",G",3.0,",I",1.0,",I",0.0,",I",0.0,",G",0.0,",G",0.0,",G",22.0,",G",0.0,",G",19910325.0,",,G",19910314.0,",,I",19910329.0,",,G",3.2,",G,25,",4.0,",,I,14,",31.6,",G,29,",922.9,G,78.6,",G",7.0,",,,I",1.6350000000000002,",G",2.397,",,,G",0.873,",,,G"
AG000060590,1991-04-01,30.5667,2.8667,397.0,"EL GOLEA, AG",78.7,G,61.5,",G",0.0,",I",0.0,",I",0.0,",I",0.0,",G",0.0,",G",0.0,",G",28.0,",G",3.0,",G",19910408.0,",,G",19910430.0,"+,,I",19910416.0,"+,,G",5.6,",G,08,",0.0,",,I,30,+",35.2,",G,16,+",945.6,G,22.7,",G",0.0,",,,I",1.9629999999999999,",G",2.6719999999999997,",,,G",1.253,",,,G"
AG000060590,1991-05-01,30.5667,2.8667,397.0,"EL GOLEA, AG",237.5,G,158.8,",G",1.0,",I",0.0,",I",0.0,",I",0.0,",G",0.0,",G",0.0,",G",30.0,",G",12.0,",G",19910514.0,",,G",19910528.0,",,I",19910530.0,",,G",9.4,",G,14,",1.0,",,I,28,",39.4,",G,30,",948.1,G,2.5,",G",1.0,",,,I",2.337,",G",3.081,",,,G",1.5939999999999999,",,,G"
AG000060590,1991-06-01,30.5667,2.8667,397.0,"EL GOLEA, AG",612.9,G,375.4,",G",0.0,"1,I",0.0,"1,I",0.0,"1,I",0.0,",G",0.0,",G",0.0,",G",30.0,",G",29.0,",G",19910605.0,",,G",19910630.0,"+,1,I",19910616.0,",,G",18.0,",G,05,",0.0,"1,,I,30,+",44.0,",G,16,",948.1,G,0.0,",G",0.0,"1,,,I",3.085,",G",3.7909999999999995,",,,G",2.378,",,,G"
AG000060590,1991-07-01,30.5667,2.8667,397.0,"EL GOLEA, AG",1090.2,G,477.3,",G",0.0,"1,I",0.0,"1,I",0.0,"1,I",0.0,",G",0.0,",G",0.0,",G",31.0,",G",31.0,",G",19910703.0,",,G",19910731.0,"+,1,I",19910730.0,",,G",20.5,",G,03,",0.0,"1,,I,31,+",48.0,",G,30,",0.0,G,0.0,",G",0.0,"1,,,I",3.3729999999999998,",G",4.161,",,,G",2.585,",,,G"
AG000060590,1991-08-01,30.5667,2.8667,397.0,"EL GOLEA, AG",1539.0,G,448.8,",G",0.0,",I",0.0,",I",0.0,",I",0.0,",G",0.0,",G",0.0,",G",31.0,",G",31.0,",G",19910806.0,",,G",19910831.0,"+,,I",19910822.0,"+,,G",20.6,",G,06,",0.0,",,I,31,+",44.6,",G,22,+",0.0,G,0.0,",G",0.0,",,,I",3.281,",G",4.056,",,,G",2.505,",,,G"
AG000060590,1991-09-01,30.5667,2.8667,397.0,"EL GOLEA, AG",1869.9,G,330.9,",G",0.0,",I",0.0,",I",0.0,",I",0.0,",G",0.0,",G",0.0,",G",30.0,",G",26.0,",G",19910928.0,",,G",19910930.0,"+,,I",19910902.0,",,G",17.6,",G,28,",0.0,",,I,30,+",41.4,",G,02,",0.0,G,0.0,",G",0.0,",,,I",2.936,",G",3.652,",,,G",2.221,",,,G"
AG000060590,1991-10-01,30.5667,2.8667,397.0,"EL GOLEA, AG",1995.1,G,125.2,",G",3.0,",I",0.0,",I",0.0,",I",0.0,",G",0.0,",G",0.0,",G",30.0,",G",6.0,",G",19911022.0,",,G",19911010.0,",,I",19911004.0,",,G",5.7,",G,22,",2.0,",,I,10,",37.0,",G,04,",10.9,G,10.9,",G",4.0,",,,I",2.202,",G",2.911,",,,G",1.4929999999999999,",,,G"
AG000060590,1991-11-01,30.5667,2.8667,397.0,"EL GOLEA, AG",1995.8,G,0.7,",G",1.0,",I",0.0,",I",0.0,",I",0.0,",G",2.0,",G",0.0,",G",13.0,",G",0.0,",G",19911124.0,",,G",19911129.0,",,I",19911105.0,",,G",-1.8,",G,24,",2.0,",,I,29,",27.7,",G,05,",143.7,G,132.8,",G",2.0,",,,I",1.393,",G",2.1,",,,G",0.686,",,,G"
AG000060590,1991-12-01,30.5667,2.8667,397.0,"EL GOLEA, AG",1995.8,G,0.0,",G",2.0,",I",0.0,",I",0.0,",I",0.0,",G",6.0,",G",0.0,",G",4.0,",G",0.0,",G",19911228.0,",,G",19911216.0,"+,,I",19911206.0,",,G",-3.4,",G,28,",1.0,",,I,16,+",22.6,",G,06,",402.5,G,258.8,",G",2.0,",,,I",0.999,",G",1.627,",,,G",0.37,",,,G"
AG000060590,1992-01-01,30.5667,2.8667,397.0,"EL GOLEA, AG",0.0,G,0.0,",G",0.0,",I",0.0,",I",0.0,",I",0.0,",G",10.0,",G",0.0,",G",0.0,",G",0.0,",G",19920120.0,",,G",19920131.0,"+,,I",19920123.0,",,G",-1.5,",G,20,",0.0,",,I,31,+",18.7,",G,23,",704.6,G,302.1,",G",0.0,",,,I",0.859,",G",1.5539999999999998,",,,G",0.16399999999999998,",,,G"
AG000060590,1992-02-01,30.5667,2.8667,397.0,"EL GOLEA, AG",0.0,G,0.0,",G",0.0,",I",0.0,",I",0.0,",I",0.0,",G",3.0,",G",0.0,",G",7.0,",G",0.0,",G",19920206.0,",,G",19920229.0,"+,,I",19920219.0,",,G",-1.8,",G,06,",0.0,",,I,29,+",27.6,",G,19,",877.2,G,172.6,",G",0.0,",,,I",1.238,",G",1.909,",,,G",0.567,",,,G"
AG000060590,1992-03-01,30.5667,2.8667,397.0,"EL GOLEA, AG",4.9,G,4.9,",G",3.0,",I",2.0,",I",0.0,",I",0.0,",G",0.0,",G",0.0,",G",14.0,",G",0.0,",G",19920329.0,",,G",19920305.0,",,I",19920324.0,",,G",2.2,",G,29,",9.0,",,I,05,",28.6,",G,24,",971.7,G,94.5,",G",14.0,",,,I",1.544,",G",2.118,",,,G",0.97,",,,G"
AG000060590,1992-04-01,30.5667,2.8667,397.0,"EL GOLEA, AG",77.5,G,72.6,",G",1.0,",I",1.0,",I",0.0,",I",0.0,",G",0.0,",G",0.0,",G",27.0,",G",4.0,",G",19920418.0,",,G",19920424.0,",,I",19920424.0,",,G",4.6,",G,18,",9.0,",,I,24,",36.3,",G,24,",1007.1,G,35.4,",G",9.0,",,,I",1.957,",G",2.718,",,,G",1.1960000000000002,",,,G"
AG000060590,1992-05-01,30.5667,2.8667,397.0,"EL GOLEA, AG",267.6,G,190.1,",G",1.0,"1,I",0.0,"1,I",0.0,"1,I",0.0,",G",0.0,",G",0.0,",G",31.0,",G",11.0,",G",19920502.0,",,G",19920508.0,",1,I",19920531.0,",,G",9.9,",G,02,",2.0,"1,,I,08,",40.9,",G,31,",1007.9,G,0.8,",G",2.0,"1,,,I",2.444,",G",3.177,",,,G",1.7100000000000002,",,,G"
AG000060590,1992-06-01,30.5667,2.8667,397.0,"EL GOLEA, AG",582.8,G,315.2,",G",0.0,",I",0.0,",I",0.0,",I",0.0,",G",0.0,",G",0.0,",G",30.0,",G",27.0,",G",19920612.0,",,G",19920630.0,"+,,I",19920627.0,",,G",15.0,",G,12,",0.0,",,I,30,+",41.8,",G,27,",1007.9,G,0.0,",G",0.0,",,,I",2.884,",G",3.687,",,,G",2.081,",,,G"
AG000060590,1992-07-01,30.5667,2.8667,397.0,"EL GOLEA, AG",1028.3,G,445.5,",G",0.0,",I",0.0,",I",0.0,",I",0.0,",G",0.0,",G",0.0,",G",31.0,",G",31.0,",G",19920705.0,",,G",19920731.0,"+,,I",19920708.0,",,G",22.3,",G,05,",0.0,",,I,31,+",44.0,",G,08,",0.0,G,0.0,",G",0.0,",,,I",3.2700000000000005,",G",3.963,",,,G",2.5780000000000003,",,,G"
AG000060590,1992-08-01,30.5667,2.8667,397.0,"EL GOLEA, AG",1468.7,G,440.4,",G",0.0,",I",0.0,",I",0.0,",I",0.0,",G",0.0,",G",0.0,",G",31.0,",G",31.0,",G",19920821.0,",,G",19920831.0,"+,,I",19920829.0,",,G",20.7,",G,21,",0.0,",,I,31,+",43.4,",G,29,",0.0,G,0.0,",G",0.0,",,,I",3.254,",G",4.039,",,,G",2.4690000000000003,",,,G"
AG000060590,1992-09-01,30.5667,2.8667,397.0,"EL GOLEA, AG",1786.3,G,317.6,",G",0.0,",I",0.0,",I",0.0,",I",0.0,",G",0.0,",G",0.0,",G",30.0,",G",30.0,",G",19920921.0,"+,,G",19920930.0,"+,,I",19920901.0,",,G",18.0,",G,21,+",0.0,",,I,30,+",42.6,",G,01,",0.0,G,0.0,",G",0.0,",,,I",2.8920000000000003,",G",3.662,",,,G",2.122,",,,G"
AG000060590,1992-10-01,30.5667,2.8667,397.0,"EL GOLEA, AG",1942.8,G,156.5,",G",1.0,",I",1.0,",I",0.0,",I",0.0,",G",0.0,",G",0.0,",G",31.0,",G",15.0,",G",19921030.0,",,G",19921027.0,",,I",19921002.0,",,G",10.7,",G,30,",4.0,",,I,27,",38.0,",G,02,",0.5,G,0.5,",G",4.0,",,,I",2.336,",G",3.0789999999999997,",,,G",1.593,",,,G"
AG000060590,1992-11-01,30.5667,2.8667,397.0,"EL GOLEA, AG",1942.9,G,0.1,",G",2.0,",I",1.0,",I",0.0,",I",0.0,",G",0.0,",G",0.0,",G",14.0,",G",0.0,",G",19921103.0,",,G",19921117.0,",,I",19921116.0,",,G",4.3,",G,03,",17.0,",,I,17,",26.2,",G,16,",102.3,G,101.8,",G",18.0,",,,I",1.4949999999999999,",G",2.1390000000000002,",,,G",0.85,",,,G"
AG000060590,1992-12-01,30.5667,2.8667,397.0,"EL GOLEA, AG",1942.9,G,0.0,",G",2.0,",I",1.0,",I",0.0,",I",0.0,",G",1.0,",G",0.0,",G",4.0,",G",0.0,",G",19921231.0,",,G",19921216.0,",,I",19921205.0,",,G",-1.2,",G,31,",5.0,",,I,16,",22.5,",G,05,",316.8,G,214.5,",G",7.0,",,,I",1.141,",G",1.735,",,,G",0.5469999999999999,",,,G"
AG000060590,1993-01-01,30.5667,2.8667,397.0,"EL GOLEA, AG",0.0,G,0.0,",G",0.0,",I",0.0,",I",0.0,",I",0.0,",G",6.0,",G",0.0,",G",2.0,",G",0.0,",G",19930109.0,",,G",19930131.0,"+,,I",19930131.0,",,G",-2.5,",G,09,",0.0,",,I,31,+",24.4,",G,31,",578.3,G,261.5,",G",0.0,",,,I",0.99,",G",1.597,",,,G",0.383,",,,G"
AG000060590,1993-02-01,30.5667,2.8667,397.0,"EL GOLEA, AG",0.0,G,0.0,"2,G",4.0,",I",3.0,",I",0.0,",I",0.0,"1,G",2.0,"1,G",0.0,"1,G",1.0,"1,G",0.0,"1,G",19930226.0,"+,1,G",19930223.0,",,I",19930222.0,",1,G",0.0,"1,G,26,+",8.0,",,I,23,",23.7,"1,G,22,",760.5,G,182.2,"1,G",19.0,",,,I",1.131,"2,G",1.762,"1,,,G",0.499,"1,,,G"
AG000060590,1993-03-01,30.5667,2.8667,397.0,"EL GOLEA, AG",8.9,G,8.9,",G",0.0,",I",0.0,",I",0.0,",I",0.0,",G",0.0,",G",0.0,",G",21.0,",G",0.0,",G",19930301.0,",,G",19930331.0,"+,,I",19930321.0,",,G",1.5,",G,01,",0.0,",,I,31,+",29.0,",G,21,",855.5,G,95.0,",G",0.0,",,,I",1.556,",G",2.2030000000000003,",,,G",0.908,",,,G"
AG000060590,1993-04-01,30.5667,2.8667,397.0,"EL GOLEA, AG",98.4,G,89.5,",G",0.0,",I",0.0,",I",0.0,",I",0.0,",G",0.0,",G",0.0,",G",30.0,",G",9.0,",G",19930404.0,",,G",19930430.0,"+,,I",19930412.0,",,G",8.7,",G,04,",0.0,",,I,30,+",36.9,",G,12,",865.0,G,9.5,",G",0.0,",,,I",2.1,",G",2.907,",,,G",1.293,",,,G"
AG000060590,1993-05-01,30.5667,2.8667,397.0,"EL GOLEA, AG",344.9,G,246.5,",G",0.0,"3,I",0.0,"3,I",0.0,"3,I",0.0,",G",0.0,",G",0.0,",G",31.0,",G",19.0,",G",19930508.0,",,G",19930531.0,"+,3,I",19930530.0,",,G",10.4,",G,08,",0.0,"3,,I,31,+",42.0,",G,30,",865.0,G,0.0,",G",0.0,"3,,,I",2.629,",G",3.3549999999999995,",,,G",1.902,",,,G"
AG000060590,1993-06-01,30.5667,2.8667,397.0,"EL GOLEA, AG",803.5,G,458.6,",G",0.0,"1,I",0.0,"1,I",0.0,"1,I",0.0,",G",0.0,",G",0.0,",G",30.0,",G",30.0,",G",19930610.0,",,G",19930630.0,"+,1,I",19930629.0,",,G",19.6,",G,10,",0.0,"1,,I,30,+",45.7,",G,29,",865.0,G,0.0,",G",0.0,"1,,,I",3.3619999999999997,",G",4.172,",,,G",2.552,",,,G"
AG000060590,1993-07-01,30.5667,2.8667,397.0,"EL GOLEA, AG",1301.2,G,497.7,",G",0.0,",I",0.0,",I",0.0,",I",0.0,",G",0.0,",G",0.0,",G",31.0,",G",31.0,",G",19930726.0,",,G",19930731.0,"+,,I",19930710.0,",,G",22.5,",G,26,",0.0,",,I,31,+",46.2,",G,10,",0.0,G,0.0,",G",0.0,",,,I",3.439,",G",4.1899999999999995,",,,G",2.6879999999999997,",,,G"
AG000060590,1993-08-01,30.5667,2.8667,397.0,"EL GOLEA, AG",1753.1,G,451.9,",G",0.0,",I",0.0,",I",0.0,",I",0.0,",G",0.0,",G",0.0,",G",31.0,",G",31.0,",G",19930824.0,",,G",19930831.0,"+,,I",19930810.0,",,G",22.0,",G,24,",0.0,",,I,31,+",43.0,",G,10,",0.0,G,0.0,",G",0.0,",,,I",3.2909999999999995,",G",4.022,",,,G",2.561,",,,G"
AG000060590,1993-09-01,30.5667,2.8667,397.0,"EL GOLEA, AG",2077.7,G,324.6,",G",0.0,",I",0.0,",I",0.0,",I",0.0,",G",0.0,",G",0.0,",G",30.0,",G",25.0,",G",19930925.0,",,G",19930930.0,"+,,I",19930909.0,",,G",12.5,",G,25,",0.0,",,I,30,+",42.5,",G,09,",0.0,G,0.0,",G",0.0,",,,I",2.915,",G",3.617,",,,G",2.213,",,,G"
AG000060590,1993-10-01,30.5667,2.8667,397.0,"EL GOLEA, AG",2235.3,G,157.6,",G",1.0,",I",0.0,",I",0.0,",I",0.0,",G",0.0,",G",0.0,",G",31.0,",G",12.0,",G",19931029.0,",,G",19931031.0,",,I",19931013.0,",,G",9.6,",G,29,",1.0,",,I,31,",38.4,",G,13,",0.0,G,0.0,",G",1.0,",,,I",2.342,",G",3.127,",,,G",1.556,",,,G"
AG000060590,1993-11-01,30.5667,2.8667,397.0,"EL GOLEA, AG",2267.8,G,32.5,",G",3.0,",I",0.0,",I",0.0,",I",0.0,",G",0.0,",G",0.0,",G",14.0,",G",0.0,",G",19931129.0,",,G",19931123.0,"+,,I",19931101.0,",,G",3.8,",G,29,",1.0,",,I,23,+",29.5,",G,01,",92.9,G,92.9,",G",3.0,",,,I",1.6320000000000001,",G",2.1550000000000002,",,,G",1.109,",,,G"
AG000060590,1993-12-01,30.5667,2.8667,397.0,"EL GOLEA, AG",2267.8,G,0.0,",G",1.0,",I",1.0,",I",0.0,",I",0.0,",G",1.0,",G",0.0,",G",1.0,",G",0.0,",G",19931230.0,",,G",19931215.0,",,I",19931214.0,",,G",-0.2,",G,30,",4.0,",,I,15,",21.2,",G,14,",328.5,G,235.6,",G",4.0,",,,I",1.073,",G",1.723,",,,G",0.42400000000000004,",,,G"
AG000060590,1994-01-01,30.5667,2.8667,397.0,"EL GOLEA, AG",0.0,G,0.0,",G",2.0,"1,I",1.0,"1,I",0.0,"1,I",0.0,",G",1.0,",G",0.0,",G",3.0,",G",0.0,",G",19940129.0,",,G",19940118.0,",1,I",19940106.0,"+,,G",0.0,",G,29,",3.0,"1,,I,18,",21.6,",G,06,+",568.9,G,240.4,",G",5.0,"1,,,I",1.058,",G",1.7280000000000002,",,,G",0.387,",,,G"
AG000060590,1994-02-01,30.5667,2.8667,397.0,"EL GOLEA, AG",0.0,G,0.0,",G",0.0,"1,I",0.0,"1,I",0.0,"1,I",0.0,",G",3.0,",G",0.0,",G",13.0,",G",0.0,",G",19940211.0,",,G",19940228.0,"+,1,I",19940227.0,",,G",-1.0,",G,11,",0.0,"1,,I,28,+",30.2,",G,27,",733.5,G,164.6,",G",0.0,"1,,,I",1.2449999999999999,",G",2.087,",,,G",0.404,",,,G"
AG000060590,1994-03-01,30.5667,2.8667,397.0,"EL GOLEA, AG",25.0,G,25.0,",G",2.0,"1,I",1.0,"1,I",0.0,"1,I",0.0,",G",0.0,",G",0.0,",G",20.0,",G",0.0,",G",19940301.0,",,G",19940315.0,",1,I",19940325.0,",,G",5.2,",G,01,",17.0,"1,,I,15,",30.5,",G,25,",782.3,G,48.8,",G",18.0,"1,,,I",1.7559999999999998,",G",2.2960000000000003,",,,G",1.216,",,,G"
AG000060590,1994-04-01,30.5667,2.8667,397.0,"EL GOLEA, AG",75.5,G,50.5,",G",0.0,",I",0.0,",I",0.0,",I",0.0,",G",0.0,",G",0.0,",G",29.0,",G",2.0,",G",19940404.0,",,G",19940430.0,"+,,I",19940410.0,",,G",7.3,",G,04,",0.0,",,I,30,+",33.3,",G,10,",798.2,G,15.9,",G",0.0,",,,I",1.9489999999999998,",G",2.661,",,,G",1.2369999999999999,",,,G"
AG000060590,1994-05-01,30.5667,2.8667,397.0,"EL GOLEA, AG",359.0,G,283.5,",G",0.0,",I",0.0,",I",0.0,",I",0.0,",G",0.0,",G",0.0,",G",31.0,",G",24.0,",G",19940502.0,",,G",19940531.0,"+,,I",19940527.0,",,G",9.0,",G,02,",0.0,",,I,31,+",44.2,",G,27,",801.5,G,3.3,",G",0.0,",,,I",2.737,",G",3.614,",,,G",1.86,",,,G"
AG000060590,1994-06-01,30.5667,2.8667,397.0,"EL GOLEA, AG",790.4,G,431.4,",G",0.0,",I",0.0,",I",0.0,",I",0.0,",G",0.0,",G",0.0,",G",30.0,",G",29.0,",G",19940621.0,",,G",19940630.0,"+,,I",19940602.0,",,G",21.6,",G,21,",0.0,",,I,30,+",45.5,",G,02,",801.5,G,0.0,",G",0.0,",,,I",3.271,",G",4.019,",,,G",2.524,",,,G"
AG000060590,1994-07-01,30.5667,2.8667,397.0,"EL GOLEA, AG",1252.2,G,461.8,",G",0.0,",I",0.0,",I",0.0,",I",0.0,",G",0.0,",G",0.0,",G",31.0,",G",31.0,",G",19940701.0,",,G",19940731.0,"+,,I",19940725.0,",,G",21.5,",G,01,",0.0,",,I,31,+",46.2,",G,25,",0.0,G,0.0,",G",0.0,",,,I",3.3229999999999995,",G",4.117,",,,G",2.528,",,,G"
AG000060590,1994-08-01,30.5667,2.8667,397.0,"EL GOLEA, AG",1719.8,G,467.6,",G",0.0,",I",0.0,",I",0.0,",I",0.0,",G",0.0,",G",0.0,",G",31.0,",G",31.0,",G",19940826.0,",,G",19940831.0,"+,,I",19940801.0,",,G",20.6,",G,26,",0.0,",,I,31,+",44.5,",G,01,",0.0,G,0.0,",G",0.0,",,,I",3.342,",G",4.08,",,,G",2.603,",,,G"
AG000060590,1994-09-01,30.5667,2.8667,397.0,"EL GOLEA, AG",2030.2,G,310.4,",G",5.0,",I",2.0,",I",0.0,",I",0.0,",G",0.0,",G",0.0,",G",30.0,",G",22.0,",G",19940907.0,",,G",19940928.0,",,I",19940903.0,",,G",18.8,",G,07,",15.0,",,I,28,",40.2,",G,03,",0.0,G,0.0,",G",33.0,",,,I",2.868,",G",3.499,",,,G",2.237,",,,G"
AG000060590,1994-10-01,30.5667,2.8667,397.0,"EL GOLEA, AG",2162.7,G,132.5,",G",4.0,",I",3.0,",I",0.0,",I",0.0,",G",0.0,",G",0.0,",G",31.0,",G",1.0,",G",19941023.0,",,G",19941018.0,",,I",19941028.0,",,G",12.5,",G,23,",7.0,",,I,18,",32.2,",G,28,",0.0,G,0.0,",G",18.0,",,,I",2.261,",G",2.787,",,,G",1.734,",,,G"
AG000060590,1994-11-01,30.5667,2.8667,397.0,"EL GOLEA, AG",2173.7,G,11.0,",G",3.0,",I",1.0,",I",0.0,",I",0.0,",G",0.0,",G",0.0,",G",20.0,",G",0.0,",G",19941128.0,",,G",19941101.0,",,I",19941105.0,",,G",4.5,",G,28,",4.0,",,I,01,",27.9,",G,05,",54.4,G,54.4,",G",7.0,",,,I",1.689,",G",2.226,",,,G",1.151,",,,G"
AG000060590,1994-12-01,30.5667,2.8667,397.0,"EL GOLEA, AG",2173.7,G,0.0,",G",1.0,",I",1.0,",I",0.0,",I",0.0,",G",5.0,",G",0.0,",G",0.0,",G",0.0,",G",19941227.0,",,G",19941224.0,",,I",19941219.0,",,G",-2.6,",G,27,",3.0,",,I,24,",20.1,",G,19,",292.6,G,238.2,",G",3.0,",,,I",1.065,",G",1.725,",,,G",0.40499999999999997,",,,G"
AG000060590,1995-01-01,30.5667,2.8667,397.0,"EL GOLEA, AG",0.0,G,0.0,",G",0.0,",I",0.0,",I",0.0,",I",0.0,",G",12.0,",G",0.0,",G",3.0,",G",0.0,",G",19950115.0,",,G",19950131.0,"+,,I",19950130.0,",,G",-3.7,",G,15,",0.0,",,I,31,+",22.6,",G,30,",591.8,G,299.2,",G",0.0,",,,I",0.868,",G",1.6300000000000001,",,,G",0.10700000000000001,",,,G"
AG000060590,1995-02-01,30.5667,2.8667,397.0,"EL GOLEA, AG",0.0,G,0.0,",G",1.0,",I",0.0,",I",0.0,",I",0.0,",G",0.0,",G",0.0,",G",18.0,",G",0.0,",G",19950205.0,",,G",19950210.0,",,I",19950217.0,",,G",0.7,",G,05,",1.0,",,I,10,",25.4,",G,17,",721.4,G,129.6,",G",1.0,",,,I",1.3699999999999999,",G",2.17,",,,G",0.5700000000000001,",,,G"
AG000060590,1995-03-01,30.5667,2.8667,397.0,"EL GOLEA, AG",10.1,G,10.1,",G",4.0,",I",1.0,",I",0.0,",I",0.0,",G",0.0,",G",0.0,",G",20.0,",G",0.0,",G",19950305.0,",,G",19950316.0,",,I",19950311.0,",,G",4.0,",G,05,",6.0,",,I,16,",29.8,",G,11,",810.3,G,88.9,",G",9.0,",,,I",1.579,",G",2.242,",,,G",0.916,",,,G"
AG000060590,1995-04-01,30.5667,2.8667,397.0,"EL GOLEA, AG",63.0,G,52.9,",G",1.0,",I",0.0,",I",0.0,",I",0.0,",G",0.0,",G",0.0,",G",28.0,",G",0.0,",G",19950402.0,",,G",19950415.0,",,I",19950428.0,"+,,G",7.8,",G,02,",1.0,",,I,15,",32.0,",G,28,+",833.5,G,23.2,",G",1.0,",,,I",1.932,",G",2.586,",,,G",1.278,",,,G"
AG000060590,1995-05-01,30.5667,2.8667,397.0,"EL GOLEA, AG",354.5,G,291.5,",G",0.0,",I",0.0,",I",0.0,",I",0.0,",G",0.0,",G",0.0,",G",31.0,",G",19.0,",G",19950501.0,",,G",19950531.0,"+,,I",19950519.0,",,G",13.5,",G,01,",0.0,",,I,31,+",41.7,",G,19,",833.5,G,0.0,",G",0.0,",,,I",2.774,",G",3.475,",,,G",2.073,",,,G"
AG000060590,1995-06-01,30.5667,2.8667,397.0,"EL GOLEA, AG",741.6,G,387.1,",G",0.0,",I",0.0,",I",0.0,",I",0.0,",G",0.0,",G",0.0,",G",30.0,",G",30.0,",G",19950628.0,"+,,G",19950630.0,"+,,I",19950625.0,",,G",20.0,",G,28,+",0.0,",,I,30,+",44.4,",G,25,",833.5,G,0.0,",G",0.0,",,,I",3.1239999999999997,",G",3.7969999999999997,",,,G",2.45,",,,G"
AG000060590,1995-07-01,30.5667,2.8667,397.0,"EL GOLEA, AG",1233.4,G,491.8,",G",0.0,",I",0.0,",I",0.0,",I",0.0,",G",0.0,",G",0.0,",G",31.0,",G",31.0,",G",19950728.0,",,G",19950731.0,"+,,I",19950708.0,",,G",21.8,",G,28,",0.0,",,I,31,+",45.7,",G,08,",0.0,G,0.0,",G",0.0,",,,I",3.4200000000000004,",G",4.206,",,,G",2.633,",,,G"
AG000060590,1995-08-01,30.5667,2.8667,397.0,"EL GOLEA, AG",1728.2,G,494.8,",G",0.0,",I",0.0,",I",0.0,",I",0.0,",G",0.0,",G",0.0,",G",31.0,",G",31.0,",G",19950828.0,",,G",19950831.0,"+,,I",19950807.0,",,G",21.8,",G,28,",0.0,",,I,31,+",45.5,",G,07,",0.0,G,0.0,",G",0.0,",,,I",3.429,",G",4.183,",,,G",2.676,",,,G"
AG000060590,1995-09-01,30.5667,2.8667,397.0,"EL GOLEA, AG",2072.0,G,343.8,",G",2.0,",I",0.0,",I",0.0,",I",0.0,",G",0.0,",G",0.0,",G",30.0,",G",23.0,",G",19950929.0,",,G",19950916.0,",,I",19950904.0,",,G",11.8,",G,29,",2.0,",,I,16,",43.8,",G,04,",0.0,G,0.0,",G",3.0,",,,I",2.979,",G",3.6189999999999998,",,,G",2.339,",,,G"
AG000060590,1995-10-01,30.5667,2.8667,397.0,"EL GOLEA, AG",2176.4,G,104.4,",G",3.0,",I",1.0,",I",0.0,",I",0.0,",G",0.0,",G",0.0,",G",31.0,",G",2.0,",G",19951024.0,",,G",19951009.0,",,I",19951003.0,"+,,G",11.0,",G,24,",10.0,",,I,09,",33.0,",G,03,+",0.8,G,0.8,",G",13.0,",,,I",2.168,",G",2.7190000000000003,",,,G",1.616,",,,G"
AG000060590,1995-11-01,30.5667,2.8667,397.0,"EL GOLEA, AG",2193.0,G,16.6,",G",1.0,",I",1.0,",I",0.0,",I",0.0,",G",0.0,",G",0.0,",G",20.0,",G",0.0,",G",19951125.0,",,G",19951129.0,",,I",19951111.0,",,G",3.8,",G,25,",3.0,",,I,29,",31.8,",G,11,",82.5,G,81.7,",G",3.0,",,,I",1.616,",G",2.31,",,,G",0.923,",,,G"
AG000060590,1995-12-01,30.5667,2.8667,397.0,"EL GOLEA, AG",2193.0,G,0.0,",G",3.0,"1,I",0.0,"1,I",0.0,"1,I",0.0,",G",0.0,",G",0.0,",G",5.0,",G",0.0,",G",19951214.0,"+,,G",19951215.0,"+,1,I",19951230.0,",,G",2.0,",G,14,+",2.0,"1,,I,15,+",24.0,",G,30,",247.6,G,165.1,",G",5.0,"1,,,I",1.301,",G",1.923,",,,G",0.679,",,,G"
AG000060590,1996-01-01,30.5667,2.8667,397.0,"EL GOLEA, AG",0.0,G,0.0,",G",1.0,"1,I",0.0,"1,I",0.0,"1,I",0.0,",G",0.0,",G",0.0,",G",10.0,",G",0.0,",G",19960123.0,",,G",19960110.0,",1,I",19960101.0,",,G",0.5,",G,23,",1.0,"1,,I,10,",25.7,",G,01,",413.9,G,166.3,",G",1.0,"1,,,I",1.2970000000000002,",G",1.98,",,,G",0.614,",,,G"
AG000060590,1996-02-01,30.5667,2.8667,397.0,"EL GOLEA, AG",1.0,G,1.0,",G",2.0,",I",1.0,",I",0.0,",I",0.0,",G",3.0,",G",0.0,",G",7.0,",G",0.0,",G",19960223.0,",,G",19960203.0,",,I",19960220.0,",,G",-2.0,",G,23,",3.0,",,I,03,",25.1,",G,20,",600.8,G,186.9,",G",5.0,",,,I",1.192,",G",1.827,",,,G",0.558,",,,G"
AG000060590,1996-03-01,30.5667,2.8667,397.0,"EL GOLEA, AG",34.7,G,33.7,",G",2.0,",I",2.0,",I",0.0,",I",0.0,",G",0.0,",G",0.0,",G",21.0,",G",3.0,",G",19960301.0,",,G",19960306.0,",,I",19960326.0,",,G",2.5,",G,01,",16.0,",,I,06,",34.7,",G,26,",661.9,G,61.1,",G",26.0,",,,I",1.7449999999999999,",G",2.4370000000000003,",,,G",1.053,",,,G"
AG000060590,1996-04-01,30.5667,2.8667,397.0,"EL GOLEA, AG",148.0,G,113.3,",G",0.0,",I",0.0,",I",0.0,",I",0.0,",G",0.0,",G",0.0,",G",30.0,",G",8.0,",G",19960411.0,",,G",19960430.0,"+,,I",19960422.0,",,G",8.6,",G,11,",0.0,",,I,30,+",38.5,",G,22,",668.7,G,6.8,",G",0.0,",,,I",2.1879999999999997,",G",2.877,",,,G",1.5,",,,G"
AG000060590,1996-05-01,30.5667,2.8667,397.0,"EL GOLEA, AG",375.5,G,227.5,",G",0.0,",I",0.0,",I",0.0,",I",0.0,",G",0.0,",G",0.0,",G",31.0,",G",18.0,",G",19960511.0,"+,,G",19960531.0,"+,,I",19960518.0,"+,,G",13.0,",G,11,+",0.0,",,I,31,+",38.0,",G,18,+",668.7,G,0.0,",G",0.0,",,,I",2.567,",G",3.314,",,,G",1.8199999999999998,",,,G"
AG000060590,1996-06-01,30.5667,2.8667,397.0,"EL GOLEA, AG",713.8,G,338.3,",G",2.0,",I",0.0,",I",0.0,",I",0.0,",G",0.0,",G",0.0,",G",30.0,",G",29.0,",G",19960603.0,",,G",19960615.0,"+,,I",19960622.0,",,G",18.5,",G,03,",2.0,",,I,15,+",44.0,",G,22,",668.7,G,0.0,",G",4.0,",,,I",2.961,",G",3.632,",,,G",2.29,",,,G"
AG000060590,1996-07-01,30.5667,2.8667,397.0,"EL GOLEA, AG",1176.9,G,463.1,",G",0.0,",I",0.0,",I",0.0,",I",0.0,",G",0.0,",G",0.0,",G",31.0,",G",31.0,",G",19960727.0,",,G",19960731.0,"+,,I",19960708.0,",,G",20.0,",G,27,",0.0,",,I,31,+",46.0,",G,08,",0.0,G,0.0,",G",0.0,",,,I",3.3270000000000004,",G",4.072,",,,G",2.582,",,,G"
AG000060590,1996-08-01,30.5667,2.8667,397.0,"EL GOLEA, AG",1698.1,G,521.2,",G",1.0,"1,I",0.0,"1,I",0.0,"1,I",0.0,",G",0.0,",G",0.0,",G",31.0,",G",31.0,",G",19960810.0,"+,,G",19960814.0,",1,I",19960821.0,",,G",24.0,",G,10,+",1.0,"1,,I,14,",46.3,",G,21,",0.0,G,0.0,",G",1.0,"1,,,I",3.5149999999999997,",G",4.3149999999999995,",,,G",2.714,",,,G"
AG000060590,1996-09-01,30.5667,2.8667,397.0,"EL GOLEA, AG",2023.1,G,325.0,",G",2.0,",I",1.0,",I",0.0,",I",0.0,",G",0.0,",G",0.0,",G",30.0,",G",24.0,",G",19960919.0,",,G",19960910.0,",,I",19960904.0,",,G",17.0,",G,19,",10.0,",,I,10,",41.5,",G,04,",0.0,G,0.0,",G",11.0,",,,I",2.9170000000000003,",G",3.622,",,,G",2.211,",,,G"
AG000060590,1996-10-01,30.5667,2.8667,397.0,"EL GOLEA, AG",2106.7,G,83.6,",G",0.0,",I",0.0,",I",0.0,",I",0.0,",G",0.0,",G",0.0,",G",31.0,",G",5.0,",G",19961005.0,",,G",19961031.0,"+,,I",19961011.0,",,G",9.0,",G,05,",0.0,",,I,31,+",34.0,",G,11,",2.7,G,2.7,",G",0.0,",,,I",2.0949999999999998,",G",2.805,",,,G",1.384,",,,G"
AG000060590,1996-11-01,30.5667,2.8667,397.0,"EL GOLEA, AG",2118.6,G,11.9,",G",0.0,",I",0.0,",I",0.0,",I",0.0,",G",0.0,",G",0.0,",G",23.0,",G",0.0,",G",19961126.0,",,G",19961130.0,"+,,I",19961113.0,",,G",1.7,",G,26,",0.0,",,I,30,+",30.1,",G,13,",92.8,G,90.1,",G",0.0,",,,I",1.573,",G",2.279,",,,G",0.866,",,,G"
AG000060590,1996-12-01,30.5667,2.8667,397.0,"EL GOLEA, AG",2119.1,G,0.5,",G",0.0,",I",0.0,",I",0.0,",I",0.0,",G",4.0,",G",0.0,",G",11.0,",G",0.0,",G",19961212.0,",,G",19961231.0,"+,,I",19961222.0,",,G",-2.2,",G,12,",0.0,",,I,31,+",29.1,",G,22,",287.9,G,195.1,",G",0.0,",,,I",1.205,",G",2.018,",,,G",0.392,",,,G"
AG000060590,1997-01-01,30.5667,2.8667,397.0,"EL GOLEA, AG",0.0,G,0.0,",G",0.0,"3,I",0.0,"3,I",0.0,"3,I",0.0,",G",3.0,",G",0.0,",G",6.0,",G",0.0,",G",19970113.0,",,G",19970131.0,"+,3,I",19970121.0,",,G",-1.0,",G,13,",0.0,"3,,I,31,+",24.7,",G,21,",489.0,G,201.1,",G",0.0,"3,,,I",1.185,",G",1.8809999999999998,",,,G",0.488,",,,G"
AG000060590,1997-02-01,30.5667,2.8667,397.0,"EL GOLEA, AG",0.6,G,0.6,",G",0.0,",I",0.0,",I",0.0,",I",0.0,",G",1.0,",G",0.0,",G",19.0,",G",0.0,",G",19970213.0,",,G",19970228.0,"+,,I",19970215.0,",,G",0.0,",G,13,",0.0,",,I,28,+",25.4,",G,15,",623.8,G,134.8,",G",0.0,",,,I",1.3539999999999999,",G",2.122,",,,G",0.5860000000000001,",,,G"
AG000060590,1997-03-01,30.5667,2.8667,397.0,"EL GOLEA, AG",14.8,G,14.2,",G",0.0,",I",0.0,",I",0.0,",I",0.0,",G",0.0,",G",0.0,",G",21.0,",G",0.0,",G",19970306.0,",,G",19970331.0,"+,,I",19970323.0,",,G",1.6,",G,06,",0.0,",,I,31,+",28.7,",G,23,",721.4,G,97.6,",G",0.0,",,,I",1.564,",G",2.306,",,,G",0.8230000000000001,",,,G"
AG000060590,1997-04-01,30.5667,2.8667,397.0,"EL GOLEA, AG",75.3,G,60.5,",G",1.0,"2,I",1.0,"2,I",0.0,"2,I",0.0,",G",0.0,",G",0.0,",G",27.0,",G",3.0,",G",19970402.0,",,G",19970407.0,",2,I",19970406.0,",,G",7.0,",G,02,",11.0,"2,,I,07,",34.6,",G,06,",736.6,G,15.2,",G",11.0,"2,,,I",1.984,",G",2.658,",,,G",1.31,",,,G"
AG000060590,1997-05-01,30.5667,2.8667,397.0,"EL GOLEA, AG",326.5,G,251.2,",G",0.0,"1,I",0.0,"1,I",0.0,"1,I",0.0,",G",0.0,",G",0.0,",G",31.0,",G",21.0,",G",19970504.0,",,G",19970531.0,"+,1,I",19970529.0,",,G",12.5,",G,04,",0.0,"1,,I,31,+",39.2,",G,29,",736.6,G,0.0,",G",0.0,"1,,,I",2.644,",G",3.402,",,,G",1.8850000000000002,",,,G"
AG000060590,1997-06-01,30.5667,2.8667,397.0,"EL GOLEA, AG",775.2,G,448.7,",G",0.0,",I",0.0,",I",0.0,",I",0.0,",G",0.0,",G",0.0,",G",30.0,",G",30.0,",G",19970602.0,",,G",19970630.0,"+,,I",19970621.0,",,G",19.0,",G,02,",0.0,",,I,30,+",45.5,",G,21,",736.6,G,0.0,",G",0.0,",,,I",3.3289999999999997,",G",4.127000000000001,",,,G",2.5309999999999997,",,,G"
AG000060590,1997-07-01,30.5667,2.8667,397.0,"EL GOLEA, AG",1303.7,G,528.5,",G",0.0,",I",0.0,",I",0.0,",I",0.0,",G",0.0,",G",0.0,",G",31.0,",G",31.0,",G",19970702.0,",,G",19970731.0,"+,,I",19970723.0,",,G",21.5,",G,02,",0.0,",,I,31,+",46.5,",G,23,",0.0,G,0.0,",G",0.0,",,,I",3.5380000000000003,",G",4.35,",,,G",2.726,",,,G"
AG000060590,1997-08-01,30.5667,2.8667,397.0,"EL GOLEA, AG",1776.8,G,473.1,",G",1.0,"1,I",1.0,"1,I",0.0,"1,I",0.0,",G",0.0,",G",0.0,",G",31.0,",G",31.0,",G",19970828.0,",,G",19970807.0,",1,I",19970812.0,",,G",20.0,",G,28,",11.0,"1,,I,07,",45.4,",G,12,",0.0,G,0.0,",G",11.0,"1,,,I",3.3600000000000003,",G",4.045,",,,G",2.675,",,,G"
AG000060590,1997-09-01,30.5667,2.8667,397.0,"EL GOLEA, AG",2096.1,G,319.3,",G",4.0,"3,I",3.0,"3,I",0.0,"3,I",0.0,",G",0.0,",G",0.0,",G",30.0,",G",26.0,",G",19970906.0,",,G",19970930.0,",3,I",19970903.0,",,G",18.1,",G,06,",24.0,"3,,I,30,",42.0,",G,03,",0.0,G,0.0,",G",46.0,"3,,,I",2.898,",G",3.528,",,,G",2.2670000000000003,",,,G"
AG000060590,1997-10-01,30.5667,2.8667,397.0,"EL GOLEA, AG",2237.7,G,141.6,",G",2.0,"1,I",1.0,"1,I",0.0,"1,I",0.0,",G",0.0,",G",0.0,",G",29.0,",G",6.0,",G",19971031.0,",,G",19971007.0,",1,I",19971023.0,",,G",8.5,",G,31,",4.0,"1,,I,07,",34.3,",G,23,",6.0,G,6.0,",G",6.0,"1,,,I",2.271,",G",2.8289999999999997,",,,G",1.7129999999999999,",,,G"
AG000060590,1997-11-01,30.5667,2.8667,397.0,"EL GOLEA, AG",2249.8,G,12.1,",G",1.0,",I",1.0,",I",0.0,",I",0.0,",G",0.0,",G",0.0,",G",23.0,",G",0.0,",G",19971124.0,",,G",19971106.0,",,I",19971104.0,",,G",3.2,",G,24,",4.0,",,I,06,",30.0,",G,04,",76.1,G,70.1,",G",4.0,",,,I",1.64,",G",2.3899999999999997,",,,G",0.89,",,,G"
AG000060590,1997-12-01,30.5667,2.8667,397.0,"EL GOLEA, AG",2249.8,G,0.0,",G",0.0,"2,I",0.0,"2,I",0.0,"2,I",0.0,",G",0.0,",G",0.0,",G",6.0,",G",0.0,",G",19971228.0,",,G",19971231.0,"+,2,I",19971219.0,",,G",0.8,",G,28,",0.0,"2,,I,31,+",25.2,",G,19,",272.4,G,196.3,",G",0.0,"2,,,I",1.2,",G",1.923,",,,G",0.477,",,,G"
AG000060590,1998-01-01,30.5667,2.8667,397.0,"EL GOLEA, AG",0.0,G,0.0,",G",0.0,"1,I",0.0,"1,I",0.0,"1,I",0.0,",G",1.0,",G",0.0,",G",3.0,",G",0.0,",G",19980119.0,",,G",19980131.0,"+,1,I",19980131.0,",,G",-0.9,",G,19,",0.0,"1,,I,31,+",24.8,",G,31,",485.4,G,213.0,",G",0.0,"1,,,I",1.1460000000000001,",G",1.8219999999999998,",,,G",0.471,",,,G"
AG000060590,1998-02-01,30.5667,2.8667,397.0,"EL GOLEA, AG",0.0,G,0.0,",G",0.0,"1,I",0.0,"1,I",0.0,"1,I",0.0,",G",0.0,",G",0.0,",G",10.0,",G",0.0,",G",19980225.0,",,G",19980228.0,"+,1,I",19980203.0,",,G",1.6,",G,25,",0.0,"1,,I,28,+",27.4,",G,03,",613.5,G,128.1,",G",0.0,"1,,,I",1.376,",G",2.032,",,,G",0.72,",,,G"
AG000060590,1998-03-01,30.5667,2.8667,397.0,"EL GOLEA, AG",10.1,G,10.1,",G",0.0,"2,I",0.0,"2,I",0.0,"2,I",0.0,",G",0.0,",G",0.0,",G",22.0,",G",0.0,",G",19980301.0,",,G",19980331.0,"+,2,I",19980324.0,",,G",2.0,",G,01,",0.0,"2,,I,31,+",31.1,",G,24,",716.3,G,102.8,",G",0.0,"2,,,I",1.534,",G",2.3289999999999997,",,,G",0.74,",,,G"
AG000060590,1998-04-01,30.5667,2.8667,397.0,"EL GOLEA, AG",139.5,G,129.4,",G",1.0,",I",0.0,",I",0.0,",I",0.0,",G",0.0,",G",0.0,",G",30.0,",G",10.0,",G",19980429.0,",,G",19980421.0,",,I",19980408.0,",,G",9.0,",G,29,",1.0,",,I,21,",37.0,",G,08,",716.4,G,0.1,",G",1.0,",,,I",2.2640000000000002,",G",3.033,",,,G",1.496,",,,G"
AG000060590,1998-05-01,30.5667,2.8667,397.0,"EL GOLEA, AG",360.7,G,221.2,",G",0.0,",I",0.0,",I",0.0,",I",0.0,",G",0.0,",G",0.0,",G",31.0,",G",17.0,",G",19980504.0,",,G",19980531.0,"+,,I",19980518.0,",,G",9.5,",G,04,",0.0,",,I,31,+",38.8,",G,18,",716.6,G,0.2,",G",0.0,",,,I",2.5460000000000003,",G",3.283,",,,G",1.809,",,,G"
AG000060590,1998-06-01,30.5667,2.8667,397.0,"EL GOLEA, AG",756.2,G,395.5,",G",0.0,",I",0.0,",I",0.0,",I",0.0,",G",0.0,",G",0.0,",G",30.0,",G",30.0,",G",19980624.0,",,G",19980630.0,"+,,I",19980630.0,",,G",18.0,",G,24,",0.0,",,I,30,+",45.6,",G,30,",716.6,G,0.0,",G",0.0,",,,I",3.152,",G",3.839,",,,G",2.464,",,,G"
AG000060590,1998-07-01,30.5667,2.8667,397.0,"EL GOLEA, AG",1248.1,G,491.9,",G",0.0,",I",0.0,",I",0.0,",I",0.0,",G",0.0,",G",0.0,",G",31.0,",G",31.0,",G",19980705.0,",,G",19980731.0,"+,,I",19980708.0,",,G",22.8,",G,05,",0.0,",,I,31,+",46.4,",G,08,",0.0,G,0.0,",G",0.0,",,,I",3.4200000000000004,",G",4.232,",,,G",2.6079999999999997,",,,G"
AG000060590,1998-08-01,30.5667,2.8667,397.0,"EL GOLEA, AG",1725.4,G,477.3,",G",0.0,",I",0.0,",I",0.0,",I",0.0,",G",0.0,",G",0.0,",G",31.0,",G",31.0,",G",19980818.0,",,G",19980831.0,"+,,I",19980825.0,",,G",20.0,",G,18,",0.0,",,I,31,+",44.4,",G,25,",0.0,G,0.0,",G",0.0,",,,I",3.3729999999999998,",G",4.207,",,,G",2.539,",,,G"
AG000060590,1998-09-01,30.5667,2.8667,397.0,"EL GOLEA, AG",2119.3,G,393.9,",G",0.0,"2,I",0.0,"2,I",0.0,"2,I",0.0,",G",0.0,",G",0.0,",G",30.0,",G",30.0,",G",19980929.0,",,G",19980930.0,"+,2,I",19980907.0,",,G",17.0,",G,29,",0.0,"2,,I,30,+",45.0,",G,07,",0.0,G,0.0,",G",0.0,"2,,,I",3.146,",G",3.929,",,,G",2.363,",,,G"
AG000060590,1998-10-01,30.5667,2.8667,397.0,"EL GOLEA, AG",2224.7,G,105.4,",G",0.0,"2,I",0.0,"2,I",0.0,"2,I",0.0,",G",0.0,",G",0.0,",G",31.0,",G",5.0,",G",19981031.0,",,G",19981031.0,"+,2,I",19981001.0,",,G",6.5,",G,31,",0.0,"2,,I,31,+",39.6,",G,01,",6.7,G,6.7,",G",0.0,"2,,,I",2.152,",G",2.8449999999999998,",,,G",1.459,",,,G"
AG000060590,1998-11-01,30.5667,2.8667,397.0,"EL GOLEA, AG",2239.9,G,15.2,",G",0.0,",I",0.0,",I",0.0,",I",0.0,",G",3.0,",G",0.0,",G",18.0,",G",0.0,",G",19981124.0,",,G",19981130.0,"+,,I",19981106.0,",,G",-0.3,",G,24,",0.0,",,I,30,+",31.9,",G,06,",114.2,G,107.5,",G",0.0,",,,I",1.526,",G",2.377,",,,G",0.674,",,,G"
AG000060590,1998-12-01,30.5667,2.8667,397.0,"EL GOLEA, AG",2239.9,G,0.0,",G",0.0,",I",0.0,",I",0.0,",I",0.0,",G",12.0,",G",0.0,",G",0.0,",G",0.0,",G",19981223.0,",,G",19981231.0,"+,,I",19981202.0,",,G",-3.0,",G,23,",0.0,",,I,31,+",21.0,",G,02,",401.8,G,287.6,",G",0.0,",,,I",0.906,",G",1.658,",,,G",0.153,",,,G"
AG000060590,1999-01-01,30.5667,2.8667,397.0,"EL GOLEA, AG",,,,,,,,,,,0.0,"5,S",4.0,"5,S",0.0,"3,S",1.0,"3,S",0.0,"3,S",19990105.0,",5,S",,,19990105.0,",3,S",-1.5,"5,S,05,",,,22.0,"3,S,05,",,,,,,,1.0310000000000001,"7,S",1.6469999999999998,"3,,,S",0.41600000000000004,"5,,,S"
AG000060590,1999-02-01,30.5667,2.8667,397.0,"EL GOLEA, AG",,,0.0,"4,S",,,,,,,0.0,"3,S",1.0,"3,S",0.0,"2,S",8.0,"2,S",0.0,"2,S",19990204.0,",3,S",,,19990226.0,",2,S",-0.5,"3,S,04,",,,25.8,"2,S,26,",,,168.3,"2,S",,,1.127,"4,S",1.816,"2,,,S",0.438,"3,,,S"
AG000060590,1999-03-01,30.5667,2.8667,397.0,"EL GOLEA, AG",,,,,,,,,,,0.0,"3,S",0.0,"3,S",0.0,"3,S",24.0,"3,S",0.0,"3,S",19990331.0,"+,3,S",,,19990324.0,",3,S",5.0,"3,S,31,+",,,32.0,"3,S,24,",,,,,,,1.709,"6,S",2.52,"3,,,S",0.899,"3,,,S"
AG000060590,1999-07-01,30.5667,2.8667,397.0,"EL GOLEA, AG",,,,,,,,,,,0.0,"5,S",0.0,"5,S",0.0,"3,S",28.0,"3,S",28.0,"3,S",19990710.0,",5,S",,,19990715.0,",3,S",23.5,"5,S,10,",,,47.3,"3,S,15,",,,,,,,3.557,"8,S",4.381,"3,,,S",2.7329999999999997,"5,,,S"
AG000060590,1999-10-01,30.5667,2.8667,397.0,"EL GOLEA, AG",,,204.4,"3,S",,,,,,,0.0,"2,S",0.0,"2,S",0.0,"2,S",29.0,"2,S",22.0,"2,S",19991024.0,",2,S",,,19991026.0,",2,S",11.0,"2,S,24,",,,37.6,"2,S,26,",,,0.0,"2,S",,,2.568,"3,S",3.349,"2,,,S",1.7879999999999998,"2,,,S"
AG000060590,2000-01-01,30.5667,2.8667,397.0,"EL GOLEA, AG",,,,,,,,,,,0.0,"3,S",6.0,"3,S",0.0,"5,S",0.0,"5,S",0.0,"5,S",20000101.0,",3,S",,,20000129.0,",5,S",-3.0,"3,S,01,",,,20.7,"5,S,29,",,,,,,,0.9099999999999999,"8,S",1.545,"5,,,S",0.27599999999999997,"3,,,S"
AG000060590,2000-02-01,30.5667,2.8667,397.0,"EL GOLEA, AG",,,,,,,,,,,0.0,"4,S",2.0,"4,S",0.0,"4,S",11.0,"4,S",0.0,"4,S",20000207.0,",4,S",,,20000221.0,",4,S",-0.5,"4,S,07,",,,25.4,"4,S,21,",,,,,,,1.247,"8,S",2.0170000000000003,"4,,,S",0.476,"4,,,S"
AG000060590,2000-03-01,30.5667,2.8667,397.0,"EL GOLEA, AG",,,28.9,"5,S",,,,,,,0.0,"3,S",0.0,"3,S",0.0,"2,S",28.0,"2,S",2.0,"2,S",20000319.0,"+,3,S",,,20000331.0,",2,S",3.9,"3,S,19,+",,,33.5,"2,S,31,",,,31.3,"2,S",,,1.795,"5,S",2.618,"2,,,S",0.9720000000000001,"3,,,S"
AG000060590,2000-06-01,30.5667,2.8667,397.0,"EL GOLEA, AG",,,,,,,,,,,0.0,"3,S",0.0,"3,S",0.0,"5,S",25.0,"5,S",23.0,"5,S",20000612.0,",3,S",,,20000630.0,",5,S",15.0,"3,S,12,",,,45.1,"5,S,30,",,,,,,,3.057,"7,S",3.8560000000000003,"5,,,S",2.258,"3,,,S"
AG000060590,2000-08-01,30.5667,2.8667,397.0,"EL GOLEA, AG",,,,,,,,,,,0.0,"4,S",0.0,"4,S",0.0,"3,S",28.0,"3,S",28.0,"3,S",20000830.0,",4,S",,,20000814.0,",3,S",17.3,"4,S,30,",,,43.1,"3,S,14,",,,,,,,3.286,"7,S",4.026,"3,,,S",2.545,"4,,,S"
AG000060590,2002-07-01,30.5667,2.8667,397.0,"EL GOLEA, AG",,,451.7,"5,S",,,,,,,0.0,"4,S",0.0,"4,S",0.0,"1,S",30.0,"1,S",30.0,"1,S",20020725.0,"+,4,S",,,20020711.0,",1,S",24.2,"4,S,25,+",,,47.4,"1,S,11,",0.0,S,0.0,"1,S",,,3.5810000000000004,"5,S",4.414,"1,,,S",2.747,"4,,,S"
AG000060590,2002-09-01,30.5667,2.8667,397.0,"EL GOLEA, AG",,,,,1.0,"4,S",0.0,"4,S",0.0,"4,S",0.0,"5,S",0.0,"5,S",0.0,"3,S",27.0,"3,S",24.0,"3,S",20020925.0,",5,S",20020922.0,",4,S",20020909.0,",3,S",17.5,"5,S,25,",0.3,"4,,S,22,",43.2,"3,S,09,",,,,,0.3,"4,,,S",3.012,"8,S",3.753,"3,,,S",2.271,"5,,,S"
AG000060590,2003-06-01,30.5667,2.8667,397.0,"EL GOLEA, AG",,,,,,,,,,,0.0,"5,S",0.0,"5,S",0.0,"5,S",25.0,"5,S",25.0,"5,S",20030614.0,",5,S",,,20030619.0,",5,S",20.0,"5,S,14,",,,42.7,"5,S,19,",,,,,,,3.163,"8,S",3.914,"5,,,S",2.411,"5,,,S"
AG000060590,2003-07-01,30.5667,2.8667,397.0,"EL GOLEA, AG",,,,,0.0,"2,S",0.0,"2,S",0.0,"2,S",0.0,"4,S",0.0,"4,S",0.0,"4,S",27.0,"4,S",27.0,"4,S",20030701.0,",4,S",20030731.0,"+,2,S",20030703.0,",4,S",23.0,"4,S,01,",0.0,"2,,S,31,+",47.2,"4,S,03,",,,,,0.0,"2,,,S",3.5549999999999997,"8,S",4.39,"4,,,S",2.7199999999999998,"4,,,S"
AG000060590,2003-09-01,30.5667,2.8667,397.0,"EL GOLEA, AG",,,,,1.0,"2,S",0.0,"2,S",0.0,"2,S",0.0,"5,S",0.0,"5,S",0.0,"1,S",29.0,"1,S",25.0,"1,S",20030917.0,",5,S",20030925.0,",2,S",20030902.0,",1,S",15.5,"5,S,17,",2.0,"2,,S,25,",44.3,"1,S,02,",,,,,2.0,"2,,,S",2.852,"6,S",3.7030000000000003,"1,,,S",2.0010000000000003,"5,,,S"
AG000060590,2004-05-01,30.5667,2.8667,397.0,"EL GOLEA, AG",,,,,0.0,",S",0.0,",S",0.0,",S",0.0,"5,S",0.0,"5,S",0.0,"5,S",26.0,"5,S",10.0,"5,S",20040512.0,",5,S",20040531.0,"+,,S",20040522.0,",5,S",11.2,"5,S,12,",0.0,",,S,31,+",36.7,"5,S,22,",,,,,0.0,",,,S",2.407,"9,S",3.168,"5,,,S",1.645,"5,,,S"
AG000060590,2004-06-01,30.5667,2.8667,397.0,"EL GOLEA, AG",,,,,0.0,"2,S",0.0,"2,S",0.0,"2,S",0.0,"2,S",0.0,"2,S",0.0,"4,S",26.0,"4,S",24.0,"4,S",20040618.0,",2,S",20040630.0,"+,2,S",20040623.0,",4,S",15.5,"2,S,18,",0.0,"2,,S,30,+",45.1,"4,S,23,",,,,,0.0,"2,,,S",3.0309999999999997,"6,S",3.915,"4,,,S",2.148,"2,,,S"
AG000060590,2004-08-01,30.5667,2.8667,397.0,"EL GOLEA, AG",,,,,0.0,"2,S",0.0,"2,S",0.0,"2,S",0.0,"4,S",0.0,"4,S",0.0,"5,S",26.0,"5,S",26.0,"5,S",20040820.0,"+,4,S",20040831.0,"+,2,S",20040812.0,",5,S",23.7,"4,S,20,+",0.0,"2,,S,31,+",47.3,"5,S,12,",,,,,0.0,"2,,,S",3.4799999999999995,"8,S",4.301,"5,,,S",2.659,"4,,,S"
AG000060590,2004-09-01,30.5667,2.8667,397.0,"EL GOLEA, AG",,,,,1.0,",S",0.0,",S",0.0,",S",0.0,"3,S",0.0,"3,S",0.0,"4,S",26.0,"4,S",21.0,"4,S",20040920.0,",3,S",20040901.0,",,S",20040903.0,",4,S",14.0,"3,S,20,",1.0,",,S,01,",41.7,"4,S,03,",,,,,1.0,",,,S",2.787,"6,S",3.539,"4,,,S",2.035,"3,,,S"
AG000060590,2004-11-01,30.5667,2.8667,397.0,"EL GOLEA, AG",,,,,4.0,"1,S",3.0,"1,S",0.0,"1,S",0.0,"5,S",0.0,"5,S",0.0,"5,S",7.0,"5,S",0.0,"5,S",20041118.0,",5,S",20041113.0,",1,S",20041109.0,",5,S",4.5,"5,S,18,",19.1,"1,,S,13,",29.8,"5,S,09,",,,,,35.1,"1,,,S",1.3820000000000001,"0,S",1.957,"5,,,S",0.808,"5,,,S"
AG000060590,2005-01-01,30.5667,2.8667,397.0,"EL GOLEA, AG",,,,,0.0,"1,S",0.0,"1,S",0.0,"1,S",0.0,"5,S",14.0,"5,S",0.0,"4,S",1.0,"4,S",0.0,"4,S",20050118.0,",5,S",20050131.0,"+,1,S",20050123.0,",4,S",-5.5,"5,S,18,",0.0,"1,,S,31,+",22.2,"4,S,23,",,,,,0.0,"1,,,S",0.788,"9,S",1.544,"4,,,S",0.032,"5,,,S"
AG000060590,2005-02-01,30.5667,2.8667,397.0,"EL GOLEA, AG",,,,,2.0,"2,S",0.0,"2,S",0.0,"2,S",0.0,"2,S",11.0,"2,S",0.0,"5,S",4.0,"5,S",0.0,"5,S",20050202.0,",2,S",20050209.0,",2,S",20050224.0,",5,S",-5.0,"2,S,02,",2.0,"2,,S,09,",26.5,"5,S,24,",,,,,3.0,"2,,,S",0.9199999999999999,"7,S",1.67,"5,,,S",0.16999999999999998,"2,,,S"
AG000060590,2005-06-01,30.5667,2.8667,397.0,"EL GOLEA, AG",,,326.5,"5,S",0.0,",S",0.0,",S",0.0,",S",0.0,"3,S",0.0,"3,S",0.0,"2,S",28.0,"2,S",28.0,"2,S",20050620.0,",3,S",20050630.0,"+,,S",20050614.0,",2,S",17.7,"3,S,20,",0.0,",,S,30,+",42.6,"2,S,14,",,,0.0,"2,S",0.0,",,,S",3.1260000000000003,"5,S",3.957,"2,,,S",2.295,"3,,,S"
AG000060590,2005-07-01,30.5667,2.8667,397.0,"EL GOLEA, AG",,,,,1.0,"2,S",0.0,"2,S",0.0,"2,S",0.0,"4,S",0.0,"4,S",0.0,"5,S",26.0,"5,S",26.0,"5,S",20050727.0,"+,4,S",20050731.0,",2,S",20050730.0,"+,5,S",22.0,"4,S,27,+",0.5,"2,,S,31,",48.0,"5,S,30,+",,,,,0.5,"2,,,S",3.6109999999999998,"9,S",4.506,"5,,,S",2.716,"4,,,S"
AG000060590,2005-09-01,30.5667,2.8667,397.0,"EL GOLEA, AG",,,,,1.0,"2,S",1.0,"2,S",0.0,"2,S",0.0,"5,S",0.0,"5,S",0.0,"3,S",27.0,"3,S",21.0,"3,S",20050929.0,",5,S",20050928.0,",2,S",20050908.0,",3,S",15.5,"5,S,29,",11.9,"2,,S,28,",41.4,"3,S,08,",,,,,11.9,"2,,,S",2.904,"7,S",3.6270000000000002,"3,,,S",2.181,"5,,,S"
AG000060590,2005-10-01,30.5667,2.8667,397.0,"EL GOLEA, AG",,,194.6,"4,S",0.0,",S",0.0,",S",0.0,",S",0.0,"1,S",0.0,"1,S",0.0,"3,S",28.0,"3,S",19.0,"3,S",20051031.0,",1,S",20051031.0,"+,,S",20051018.0,",3,S",12.0,"1,S,31,",0.0,",,S,31,+",37.6,"3,S,18,",,,0.0,"3,S",0.0,",,,S",2.55,"4,S",3.3590000000000004,"3,,,S",1.7420000000000002,"1,,,S"
AG000060590,2006-02-01,30.5667,2.8667,397.0,"EL GOLEA, AG",,,0.0,"5,S",0.0,",S",0.0,",S",0.0,",S",0.0,"1,S",2.0,"1,S",0.0,"4,S",8.0,"4,S",0.0,"4,S",20060209.0,",1,S",20060228.0,"+,,S",20060211.0,",4,S",-0.5,"1,S,09,",0.0,",,S,28,+",25.9,"4,S,11,",,,149.2,"4,S",0.0,",,,S",1.212,"5,S",1.985,"4,,,S",0.43899999999999995,"1,,,S"
AG000060590,2006-03-01,30.5667,2.8667,397.0,"EL GOLEA, AG",,,29.5,"5,S",0.0,",S",0.0,",S",0.0,",S",0.0,"1,S",1.0,"1,S",0.0,"4,S",25.0,"4,S",6.0,"4,S",20060308.0,",1,S",20060331.0,"+,,S",20060318.0,",4,S",0.0,"1,S,08,",0.0,",,S,31,+",35.3,"4,S,18,",,,57.0,"4,S",0.0,",,,S",1.75,"5,S",2.7960000000000003,"4,,,S",0.7030000000000001,"1,,,S"
AG000060590,2006-04-01,30.5667,2.8667,397.0,"EL GOLEA, AG",,,,,1.0,",S",0.0,",S",0.0,",S",0.0,"1,S",0.0,"1,S",0.0,"5,S",25.0,"5,S",17.0,"5,S",20060425.0,",1,S",20060425.0,",,S",20060411.0,",5,S",10.5,"1,S,25,",1.0,",,S,25,",41.6,"5,S,11,",,,,,1.0,",,,S",2.434,"6,S",3.3770000000000002,"5,,,S",1.491,"1,,,S"
AG000060590,2006-05-01,30.5667,2.8667,397.0,"EL GOLEA, AG",,,,,3.0,"2,S",1.0,"2,S",0.0,"2,S",0.0,"3,S",0.0,"3,S",0.0,"4,S",27.0,"4,S",21.0,"4,S",20060501.0,",3,S",20060525.0,",2,S",20060523.0,",4,S",12.4,"3,S,01,",14.0,"2,,S,25,",42.2,"4,S,23,",,,,,15.3,"2,,,S",2.739,"7,S",3.593,"4,,,S",1.8850000000000002,"3,,,S"
AG000060590,2006-06-01,30.5667,2.8667,397.0,"EL GOLEA, AG",,,,,1.0,",S",0.0,",S",0.0,",S",0.0,"5,S",0.0,"5,S",0.0,"2,S",28.0,"2,S",25.0,"2,S",20060603.0,",5,S",20060613.0,",,S",20060630.0,"+,2,S",15.0,"5,S,03,",2.0,",,S,13,",46.0,"2,S,30,+",,,,,2.0,",,,S",3.13,"7,S",4.074,"2,,,S",2.1870000000000003,"5,,,S"
AG000060590,2006-07-01,30.5667,2.8667,397.0,"EL GOLEA, AG",,,,,0.0,",S",0.0,",S",0.0,",S",0.0,"3,S",0.0,"3,S",0.0,"3,S",28.0,"3,S",28.0,"3,S",20060729.0,",3,S",20060731.0,"+,,S",20060708.0,",3,S",21.1,"3,S,29,",0.0,",,S,31,+",47.3,"3,S,08,",,,,,0.0,",,,S",3.41,"6,S",4.279999999999999,"3,,,S",2.541,"3,,,S"
AG000060590,2006-08-01,30.5667,2.8667,397.0,"EL GOLEA, AG",,,,,0.0,"3,S",0.0,"3,S",0.0,"3,S",0.0,"4,S",0.0,"4,S",0.0,"2,S",29.0,"2,S",29.0,"2,S",20060816.0,",4,S",20060831.0,"+,3,S",20060817.0,"+,2,S",20.6,"4,S,16,",0.0,"3,,S,31,+",47.0,"2,S,17,+",,,,,0.0,"3,,,S",3.432,"6,S",4.3469999999999995,"2,,,S",2.5170000000000003,"4,,,S"
AG000060590,2006-09-01,30.5667,2.8667,397.0,"EL GOLEA, AG",,,,,3.0,"2,S",1.0,"2,S",0.0,"2,S",0.0,"4,S",0.0,"4,S",0.0,"5,S",25.0,"5,S",24.0,"5,S",20060930.0,"+,4,S",20060914.0,",2,S",20060902.0,"+,5,S",13.5,"4,S,30,+",4.1,"2,,S,14,",41.6,"5,S,02,+",,,,,6.6,"2,,,S",2.7649999999999997,"9,S",3.588,"5,,,S",1.943,"4,,,S"
AG000060590,2006-10-01,30.5667,2.8667,397.0,"EL GOLEA, AG",,,,,2.0,",S",1.0,",S",0.0,",S",0.0,"4,S",0.0,"4,S",0.0,"4,S",27.0,"4,S",22.0,"4,S",20061026.0,",4,S",20061006.0,",,S",20061026.0,"+,4,S",10.5,"4,S,26,",6.1,",,S,06,",36.0,"4,S,26,+",,,,,8.1,",,,S",2.394,"7,S",3.304,"4,,,S",1.483,"4,,,S"
AG000060590,2006-11-01,30.5667,2.8667,397.0,"EL GOLEA, AG",,,14.6,"4,S",0.0,"2,S",0.0,"2,S",0.0,"2,S",0.0,"3,S",0.0,"3,S",0.0,"1,S",25.0,"1,S",2.0,"1,S",20061114.0,"+,3,S",20061130.0,"+,2,S",20061102.0,"+,1,S",3.0,"3,S,14,+",0.0,"2,,S,30,+",33.5,"1,S,02,+",,,63.3,"1,S",0.0,"2,,,S",1.655,"4,S",2.451,"1,,,S",0.858,"3,,,S"
AG000060590,2006-12-01,30.5667,2.8667,397.0,"EL GOLEA, AG",,,,,0.0,"3,S",0.0,"3,S",0.0,"3,S",0.0,"3,S",3.0,"3,S",0.0,"5,S",2.0,"5,S",0.0,"5,S",20061224.0,",3,S",20061231.0,"+,3,S",20061201.0,",5,S",-1.0,"3,S,24,",0.0,"3,,S,31,+",23.8,"5,S,01,",,,,,0.0,"3,,,S",1.145,"7,S",1.799,"5,,,S",0.491,"3,,,S"
AG000060590,2007-02-01,30.5667,2.8667,397.0,"EL GOLEA, AG",,,,,0.0,",S",0.0,",S",0.0,",S",0.0,"5,S",0.0,"5,S",0.0,"3,S",15.0,"3,S",0.0,"3,S",20070220.0,",5,S",20070228.0,"+,,S",20070217.0,",3,S",1.5,"5,S,20,",0.0,",,S,28,+",31.0,"3,S,17,",,,,,0.0,",,,S",1.466,"8,S",2.352,"3,,,S",0.581,"5,,,S"
AG000060590,2007-03-01,30.5667,2.8667,397.0,"EL GOLEA, AG",,,5.6,"2,S",0.0,"1,S",0.0,"1,S",0.0,"1,S",0.0,"1,S",1.0,"1,S",0.0,"2,S",22.0,"2,S",0.0,"2,S",20070323.0,",1,S",20070331.0,"+,1,S",20070306.0,",2,S",-0.8,"1,S,23,",0.0,"1,,S,31,+",30.0,"2,S,06,",,,91.6,"2,S",0.0,"1,,,S",1.534,"2,S",2.363,"2,,,S",0.704,"1,,,S"
AG000060590,2007-04-01,30.5667,2.8667,397.0,"EL GOLEA, AG",,,,,0.0,"1,S",0.0,"1,S",0.0,"1,S",0.0,"3,S",0.0,"3,S",0.0,"3,S",27.0,"3,S",3.0,"3,S",20070402.0,",3,S",20070430.0,"+,1,S",20070410.0,",3,S",7.0,"3,S,02,",0.0,"1,,S,30,+",37.2,"3,S,10,",,,,,0.0,"1,,,S",2.1149999999999998,"6,S",2.881,"3,,,S",1.349,"3,,,S"
AG000060590,2007-05-01,30.5667,2.8667,397.0,"EL GOLEA, AG",,,,,0.0,"3,S",0.0,"3,S",0.0,"3,S",0.0,"3,S",0.0,"3,S",0.0,"4,S",27.0,"4,S",22.0,"4,S",20070509.0,"+,3,S",20070531.0,"+,3,S",20070522.0,",4,S",11.5,"3,S,09,+",0.0,"3,,S,31,+",41.3,"4,S,22,",,,,,0.0,"3,,,S",2.581,"7,S",3.474,"4,,,S",1.689,"3,,,S"
AG000060590,2007-06-01,30.5667,2.8667,397.0,"EL GOLEA, AG",,,353.3,"5,S",0.0,",S",0.0,",S",0.0,",S",0.0,"1,S",0.0,"1,S",0.0,"4,S",26.0,"4,S",26.0,"4,S",20070604.0,",1,S",20070630.0,"+,,S",20070630.0,",4,S",13.5,"1,S,04,",0.0,",,S,30,+",46.4,"4,S,30,",,,0.0,"4,S",0.0,",,,S",3.2329999999999997,"5,S",4.225,"4,,,S",2.241,"1,,,S"
AG000060590,2007-07-01,30.5667,2.8667,397.0,"EL GOLEA, AG",,,415.8,"3,S",0.0,"1,S",0.0,"1,S",0.0,"1,S",0.0,"3,S",0.0,"3,S",0.0,",S",31.0,",S",31.0,",S",20070725.0,"+,3,S",20070731.0,"+,1,S",20070704.0,",,S",20.5,"3,S,25,+",0.0,"1,,S,31,+",46.4,",S,04,",0.0,S,0.0,",S",0.0,"1,,,S",3.315,"3,S",4.1899999999999995,",,,S",2.44,"3,,,S"
AG000060590,2007-08-01,30.5667,2.8667,397.0,"EL GOLEA, AG",,,419.1,"4,S",0.0,"1,S",0.0,"1,S",0.0,"1,S",0.0,"2,S",0.0,"2,S",0.0,"3,S",28.0,"3,S",28.0,"3,S",20070831.0,",2,S",20070831.0,"+,1,S",20070802.0,",3,S",20.0,"2,S,31,",0.0,"1,,S,31,+",45.5,"3,S,02,",0.0,S,0.0,"3,S",0.0,"1,,,S",3.376,"4,S",4.228,"3,,,S",2.524,"2,,,S"
AG000060590,2007-09-01,30.5667,2.8667,397.0,"EL GOLEA, AG",,,347.7,"4,S",0.0,"1,S",0.0,"1,S",0.0,"1,S",0.0,"3,S",0.0,"3,S",0.0,"2,S",28.0,"2,S",28.0,"2,S",20070926.0,",3,S",20070930.0,"+,1,S",20070907.0,",2,S",16.6,"3,S,26,",0.0,"1,,S,30,+",42.5,"2,S,07,",0.0,S,0.0,"2,S",0.0,"1,,,S",3.164,"4,S",3.963,"2,,,S",2.366,"3,,,S"
AG000060590,2007-11-01,30.5667,2.8667,397.0,"EL GOLEA, AG",,,,,0.0,",S",0.0,",S",0.0,",S",0.0,"4,S",0.0,"4,S",0.0,"2,S",23.0,"2,S",0.0,"2,S",20071130.0,",4,S",20071130.0,"+,,S",20071121.0,",2,S",1.0,"4,S,30,",0.0,",,S,30,+",28.5,"2,S,21,",,,,,0.0,",,,S",1.45,"6,S",2.388,"2,,,S",0.513,"4,,,S"
AG000060590,2007-12-01,30.5667,2.8667,397.0,"EL GOLEA, AG",,,0.0,"3,S",0.0,",S",0.0,",S",0.0,",S",0.0,"2,S",9.0,"2,S",0.0,"1,S",3.0,"1,S",0.0,"1,S",20071217.0,"+,2,S",20071231.0,"+,,S",20071210.0,",1,S",-3.5,"2,S,17,+",0.0,",,S,31,+",24.5,"1,S,10,",,,245.8,"1,S",0.0,",,,S",0.951,"3,S",1.777,"1,,,S",0.124,"2,,,S"
AG000060590,2008-01-01,30.5667,2.8667,397.0,"EL GOLEA, AG",0.0,S,0.0,"2,S",0.0,",S",0.0,",S",0.0,",S",0.0,"1,S",6.0,"1,S",0.0,"1,S",0.0,"1,S",0.0,"1,S",20080102.0,",1,S",20080131.0,"+,,S",20080123.0,"+,1,S",-2.0,"1,S,02,",0.0,",,S,31,+",20.0,"1,S,23,+",,,250.5,"1,S",0.0,",,,S",0.9730000000000001,"2,S",1.7600000000000002,"1,,,S",0.185,"1,,,S"
AG000060590,2008-02-01,30.5667,2.8667,397.0,"EL GOLEA, AG",,,,,1.0,"1,S",1.0,"1,S",0.0,"1,S",0.0,"4,S",3.0,"4,S",0.0,"3,S",13.0,"3,S",0.0,"3,S",20080201.0,",4,S",20080214.0,",1,S",20080229.0,",3,S",-1.0,"4,S,01,",4.1,"1,,S,14,",24.6,"3,S,29,",,,,,4.1,"1,,,S",1.353,"7,S",2.075,"3,,,S",0.63,"4,,,S"
AG000060590,2008-03-01,30.5667,2.8667,397.0,"EL GOLEA, AG",,,24.5,"3,S",1.0,"1,S",0.0,"1,S",0.0,"1,S",0.0,"2,S",2.0,"2,S",0.0,"1,S",26.0,"1,S",4.0,"1,S",20080306.0,",2,S",20080320.0,",1,S",20080318.0,",1,S",-1.0,"2,S,06,",0.5,"1,,S,20,",33.9,"1,S,18,",,,67.5,"1,S",0.5,"1,,,S",1.704,"3,S",2.576,"1,,,S",0.8320000000000001,"2,,,S"
AG000060590,2008-04-01,30.5667,2.8667,397.0,"EL GOLEA, AG",,,115.7,"4,S",0.0,"1,S",0.0,"1,S",0.0,"1,S",0.0,"1,S",0.0,"1,S",0.0,"3,S",27.0,"3,S",11.0,"3,S",20080401.0,",1,S",20080430.0,"+,1,S",20080418.0,"+,3,S",5.5,"1,S,01,",0.0,"1,,S,30,+",37.0,"3,S,18,+",,,12.2,"3,S",0.0,"1,,,S",2.218,"4,S",3.04,"3,,,S",1.397,"1,,,S"
AG000060590,2008-05-01,30.5667,2.8667,397.0,"EL GOLEA, AG",,,252.8,"2,S",1.0,",S",1.0,",S",0.0,",S",0.0,"1,S",0.0,"1,S",0.0,"1,S",30.0,"1,S",22.0,"1,S",20080519.0,",1,S",20080502.0,",,S",20080525.0,",1,S",12.5,"1,S,19,",4.1,",,S,02,",41.1,"1,S,25,",,,0.0,"1,S",4.1,",,,S",2.71,"2,S",3.518,"1,,,S",1.9010000000000002,"1,,,S"
AG000060590,2008-06-01,30.5667,2.8667,397.0,"EL GOLEA, AG",,,368.4,"2,S",0.0,",S",0.0,",S",0.0,",S",0.0,",S",0.0,",S",0.0,"2,S",28.0,"2,S",28.0,"2,S",20080601.0,",,S",20080630.0,"+,,S",20080617.0,",2,S",20.2,",S,01,",0.0,",,S,30,+",45.6,"2,S,17,",,,0.0,"2,S",0.0,",,,S",3.1559999999999997,"2,S",3.938,"2,,,S",2.375,",,,S"
AG000060590,2008-07-01,30.5667,2.8667,397.0,"EL GOLEA, AG",,,,,0.0,",S",0.0,",S",0.0,",S",0.0,"1,S",0.0,"1,S",0.0,"5,S",26.0,"5,S",26.0,"5,S",20080702.0,",1,S",20080731.0,"+,,S",20080712.0,",5,S",20.0,"1,S,02,",0.0,",,S,31,+",46.7,"5,S,12,",,,,,0.0,",,,S",3.4659999999999997,"6,S",4.41,"5,,,S",2.522,"1,,,S"
AG000060590,2008-08-01,30.5667,2.8667,397.0,"EL GOLEA, AG",,,401.9,"5,S",0.0,",S",0.0,",S",0.0,",S",0.0,"2,S",0.0,"2,S",0.0,"3,S",28.0,"3,S",28.0,"3,S",20080829.0,",2,S",20080831.0,"+,,S",20080814.0,",3,S",21.0,"2,S,29,",0.0,",,S,31,+",46.2,"3,S,14,",,,0.0,"3,S",0.0,",,,S",3.4,"5,S",4.274,"3,,,S",2.5260000000000002,"2,,,S"
AG000060590,2008-09-01,30.5667,2.8667,397.0,"EL GOLEA, AG",,,,,0.0,",S",0.0,",S",0.0,",S",0.0,"2,S",0.0,"2,S",0.0,"5,S",25.0,"5,S",23.0,"5,S",20080930.0,",2,S",20080930.0,"+,,S",20080909.0,"+,5,S",17.0,"2,S,30,",0.0,",,S,30,+",43.0,"5,S,09,+",,,,,0.0,",,,S",3.113,"7,S",3.9159999999999995,"5,,,S",2.311,"2,,,S"
AG000060590,2008-11-01,30.5667,2.8667,397.0,"EL GOLEA, AG",,,,,0.0,",S",0.0,",S",0.0,",S",0.0,"5,S",0.0,"5,S",0.0,"5,S",8.0,"5,S",0.0,"5,S",20081130.0,",5,S",20081130.0,"+,,S",20081126.0,",5,S",2.5,"5,S,30,",0.0,",,S,30,+",25.4,"5,S,26,",,,,,0.0,",,,S",1.4300000000000002,"0,S",2.07,"5,,,S",0.79,"5,,,S"
AG000060590,2008-12-01,30.5667,2.8667,397.0,"EL GOLEA, AG",,,0.0,"3,S",2.0,",S",0.0,",S",0.0,",S",0.0,"2,S",6.0,"2,S",0.0,"2,S",1.0,"2,S",0.0,"2,S",20081212.0,",2,S",20081211.0,",,S",20081228.0,",2,S",-2.5,"2,S,12,",1.0,",,S,11,",26.1,"2,S,28,",,,238.5,"2,S",1.5,",,,S",1.0,"3,S",1.7120000000000002,"2,,,S",0.288,"2,,,S"
AG000060590,2009-03-01,30.5667,2.8667,397.0,"EL GOLEA, AG",,,,,3.0,"2,S",1.0,"2,S",0.0,"2,S",0.0,"4,S",0.0,"4,S",0.0,"2,S",23.0,"2,S",0.0,"2,S",20090324.0,",4,S",20090329.0,",2,S",20090326.0,",2,S",3.9,"4,S,24,",7.1,"2,,S,29,",31.5,"2,S,26,",,,,,9.1,"2,,,S",1.6350000000000002,"6,S",2.403,"2,,,S",0.868,"4,,,S"
AG000060590,2009-04-01,30.5667,2.8667,397.0,"EL GOLEA, AG",,,38.4,"3,S",0.0,",S",0.0,",S",0.0,",S",0.0,"1,S",0.0,"1,S",0.0,"2,S",28.0,"2,S",4.0,"2,S",20090401.0,",1,S",20090430.0,"+,,S",20090426.0,",2,S",7.0,"1,S,01,",0.0,",,S,30,+",34.5,"2,S,26,",,,21.0,"2,S",0.0,",,,S",1.8989999999999998,"3,S",2.73,"2,,,S",1.069,"1,,,S"
AG000060590,2009-05-01,30.5667,2.8667,397.0,"EL GOLEA, AG",,,191.4,"4,S",0.0,"1,S",0.0,"1,S",0.0,"1,S",0.0,"3,S",0.0,"3,S",0.0,"1,S",30.0,"1,S",20.0,"1,S",20090503.0,",3,S",20090531.0,"+,1,S",20090525.0,",1,S",11.0,"3,S,03,",0.0,"1,,S,31,+",41.9,"1,S,25,",,,0.6,"1,S",0.0,"1,,,S",2.571,"4,S",3.406,"1,,,S",1.735,"3,,,S"
AG000060590,2009-06-01,30.5667,2.8667,397.0,"EL GOLEA, AG",,,371.8,"3,S",0.0,"1,S",0.0,"1,S",0.0,"1,S",0.0,"2,S",0.0,"2,S",0.0,"1,S",29.0,"1,S",29.0,"1,S",20090609.0,",2,S",20090630.0,"+,1,S",20090630.0,",1,S",16.5,"2,S,09,",0.0,"1,,S,30,+",43.0,"1,S,30,",,,0.0,"1,S",0.0,"1,,,S",3.2119999999999997,"3,S",4.058,"1,,,S",2.3649999999999998,"2,,,S"
AG000060590,2009-07-01,30.5667,2.8667,397.0,"EL GOLEA, AG",,,497.2,"2,S",0.0,",S",0.0,",S",0.0,",S",0.0,",S",0.0,",S",0.0,"2,S",29.0,"2,S",29.0,"2,S",20090719.0,",,S",20090731.0,"+,,S",20090710.0,",2,S",23.5,",S,19,",0.0,",,S,31,+",46.7,"2,S,10,",0.0,S,0.0,"2,S",0.0,",,,S",3.5450000000000004,"2,S",4.379,"2,,,S",2.711,",,,S"
AG000060590,2009-08-01,30.5667,2.8667,397.0,"EL GOLEA, AG",,,390.7,"5,S",0.0,"1,S",0.0,"1,S",0.0,"1,S",0.0,"5,S",0.0,"5,S",0.0,",S",31.0,",S",31.0,",S",20090804.0,",5,S",20090831.0,"+,1,S",20090817.0,",,S",21.1,"5,S,04,",0.0,"1,,S,31,+",47.0,",S,17,",0.0,S,0.0,",S",0.0,"1,,,S",3.316,"5,S",4.226,",,,S",2.407,"5,,,S"
AG000060590,2009-09-01,30.5667,2.8667,397.0,"EL GOLEA, AG",,,240.4,"5,S",1.0,"1,S",0.0,"1,S",0.0,"1,S",0.0,"1,S",0.0,"1,S",0.0,"4,S",26.0,"4,S",23.0,"4,S",20090923.0,",1,S",20090908.0,",1,S",20090902.0,",4,S",13.5,"1,S,23,",0.5,"1,,S,08,",41.3,"4,S,02,",0.0,S,0.0,"4,S",0.5,"1,,,S",2.8,"5,S",3.5770000000000004,"4,,,S",2.023,"1,,,S"
AG000060590,2009-10-01,30.5667,2.8667,397.0,"EL GOLEA, AG",,,,,0.0,",S",0.0,",S",0.0,",S",0.0,"3,S",0.0,"3,S",0.0,"3,S",28.0,"3,S",11.0,"3,S",20091030.0,",3,S",20091031.0,"+,,S",20091001.0,",3,S",8.1,"3,S,30,",0.0,",,S,31,+",35.0,"3,S,01,",,,,,0.0,",,,S",2.306,"6,S",3.101,"3,,,S",1.511,"3,,,S"
AG000060590,2009-11-01,30.5667,2.8667,397.0,"EL GOLEA, AG",,,6.5,"4,S",0.0,",S",0.0,",S",0.0,",S",0.0,"4,S",0.0,"4,S",0.0,",S",29.0,",S",0.0,",S",20091127.0,",4,S",20091130.0,"+,,S",20091104.0,",,S",2.0,"4,S,27,",0.0,",,S,30,+",31.6,",S,04,",,,69.1,",S",0.0,",,,S",1.598,"4,S",2.496,",,,S",0.6990000000000001,"4,,,S"
AG000060590,2010-02-01,30.5667,2.8667,397.0,"EL GOLEA, AG",,,12.1,"3,S",1.0,",S",0.0,",S",0.0,",S",0.0,"3,S",0.0,"3,S",0.0,",S",24.0,",S",2.0,",S",20100201.0,",3,S",20100216.0,",,S",20100228.0,",,S",4.4,"3,S,01,",1.0,",,S,16,",36.5,",S,28,",,,53.0,",S",1.0,",,,S",1.702,"3,S",2.586,",,,S",0.819,"3,,,S"
AG000060590,2010-04-01,30.5667,2.8667,397.0,"EL GOLEA, AG",,,140.5,"5,S",0.0,"3,S",0.0,"3,S",0.0,"3,S",0.0,"2,S",0.0,"2,S",0.0,"3,S",27.0,"3,S",14.0,"3,S",20100414.0,",2,S",20100430.0,"+,3,S",20100412.0,",3,S",12.6,"2,S,14,",0.0,"3,,S,30,+",37.5,"3,S,12,",,,0.0,"3,S",0.0,"3,,,S",2.4059999999999997,"5,S",3.185,"3,,,S",1.627,"2,,,S"
AG000060590,2010-05-01,30.5667,2.8667,397.0,"EL GOLEA, AG",,,180.1,"5,S",1.0,"1,S",0.0,"1,S",0.0,"1,S",0.0,"2,S",0.0,"2,S",0.0,"4,S",27.0,"4,S",17.0,"4,S",20100516.0,",2,S",20100528.0,",1,S",20100503.0,",4,S",10.2,"2,S,16,",0.5,"1,,S,28,",39.2,"4,S,03,",,,0.0,"4,S",0.5,"1,,,S",2.505,"5,S",3.306,"4,,,S",1.704,"2,,,S"
AG000060590,2010-06-01,30.5667,2.8667,397.0,"EL GOLEA, AG",,,,,0.0,"1,S",0.0,"1,S",0.0,"1,S",0.0,"4,S",0.0,"4,S",0.0,"3,S",27.0,"3,S",27.0,"3,S",20100601.0,",4,S",20100630.0,"+,1,S",20100626.0,",3,S",15.0,"4,S,01,",0.0,"1,,S,30,+",45.6,"3,S,26,",,,,,0.0,"1,,,S",3.219,"7,S",4.0649999999999995,"3,,,S",2.372,"4,,,S"
AG000060590,2010-07-01,30.5667,2.8667,397.0,"EL GOLEA, AG",,,487.0,"2,S",0.0,",S",0.0,",S",0.0,",S",0.0,",S",0.0,",S",0.0,"2,S",29.0,"2,S",29.0,"2,S",20100709.0,",,S",20100731.0,"+,,S",20100716.0,",2,S",21.5,",S,09,",0.0,",,S,31,+",48.2,"2,S,16,",0.0,S,0.0,"2,S",0.0,",,,S",3.5119999999999996,"2,S",4.318,"2,,,S",2.705,",,,S"
AG000060590,2010-08-01,30.5667,2.8667,397.0,"EL GOLEA, AG",,,459.0,"3,S",0.0,",S",0.0,",S",0.0,",S",0.0,"1,S",0.0,"1,S",0.0,"2,S",29.0,"2,S",29.0,"2,S",20100830.0,",1,S",20100831.0,"+,,S",20100803.0,",2,S",21.9,"1,S,30,",0.0,",,S,31,+",44.9,"2,S,03,",0.0,S,0.0,"2,S",0.0,",,,S",3.476,"3,S",4.2700000000000005,"2,,,S",2.683,"1,,,S"
AG000060590,2010-09-01,30.5667,2.8667,397.0,"EL GOLEA, AG",,,,,0.0,"2,S",0.0,"2,S",0.0,"2,S",0.0,"3,S",0.0,"3,S",0.0,"4,S",26.0,"4,S",24.0,"4,S",20100930.0,",3,S",20100930.0,"+,2,S",20100901.0,",4,S",16.4,"3,S,30,",0.0,"2,,S,30,+",43.7,"4,S,01,",,,,,0.0,"2,,,S",3.0149999999999997,"6,S",3.7590000000000003,"4,,,S",2.271,"3,,,S"
AG000060590,2010-10-01,30.5667,2.8667,397.0,"EL GOLEA, AG",,,,,1.0,",S",0.0,",S",0.0,",S",0.0,"4,S",0.0,"4,S",0.0,"5,S",26.0,"5,S",8.0,"5,S",20101031.0,",4,S",20101011.0,",,S",20101007.0,",5,S",5.0,"4,S,31,",1.0,",,S,11,",38.9,"5,S,07,",,,,,1.0,",,,S",2.209,"8,S",2.941,"5,,,S",1.476,"4,,,S"
AG000060590,2011-02-01,30.5667,2.8667,397.0,"EL GOLEA, AG",,,,,0.0,"1,S",0.0,"1,S",0.0,"1,S",0.0,"2,S",7.0,"2,S",0.0,"4,S",7.0,"4,S",0.0,"4,S",20110205.0,",2,S",20110228.0,"+,1,S",20110227.0,",4,S",-1.2,"2,S,05,",0.0,"1,,S,28,+",24.1,"4,S,27,",,,,,0.0,"1,,,S",1.092,"6,S",1.9,"4,,,S",0.28300000000000003,"2,,,S"
AG000060590,2011-03-01,30.5667,2.8667,397.0,"EL GOLEA, AG",,,,,4.0,"1,S",3.0,"1,S",0.0,"1,S",0.0,"5,S",2.0,"5,S",0.0,"4,S",20.0,"4,S",0.0,"4,S",20110305.0,",5,S",20110313.0,",1,S",20110328.0,",4,S",-0.4,"5,S,05,",7.9,"1,,S,13,",31.6,"4,S,28,",,,,,15.3,"1,,,S",1.6059999999999999,"9,S",2.272,"4,,,S",0.9410000000000001,"5,,,S"
AG000060590,2011-04-01,30.5667,2.8667,397.0,"EL GOLEA, AG",,,,,0.0,",S",0.0,",S",0.0,",S",0.0,"1,S",0.0,"1,S",0.0,"5,S",25.0,"5,S",8.0,"5,S",20110402.0,",1,S",20110430.0,"+,,S",20110415.0,",5,S",8.0,"1,S,02,",0.0,",,S,30,+",36.0,"5,S,15,",,,,,0.0,",,,S",2.229,"6,S",3.0309999999999997,"5,,,S",1.428,"1,,,S"
AG000060590,2011-06-01,30.5667,2.8667,397.0,"EL GOLEA, AG",,,319.7,"4,S",1.0,"1,S",0.0,"1,S",0.0,"1,S",0.0,"2,S",0.0,"2,S",0.0,"2,S",28.0,"2,S",27.0,"2,S",20110602.0,",2,S",20110604.0,",1,S",20110620.0,",2,S",19.1,"2,S,02,",1.0,"1,,S,04,",42.7,"2,S,20,",,,0.0,"2,S",1.0,"1,,,S",3.0620000000000003,"4,S",3.749,"2,,,S",2.375,"2,,,S"
AG000060590,2011-07-01,30.5667,2.8667,397.0,"EL GOLEA, AG",,,477.1,"2,S",0.0,"1,S",0.0,"1,S",0.0,"1,S",0.0,"2,S",0.0,"2,S",0.0,",S",31.0,",S",31.0,",S",20110701.0,",2,S",20110731.0,"+,1,S",20110721.0,",,S",21.0,"2,S,01,",0.0,"1,,S,31,+",46.3,",S,21,",0.0,S,0.0,",S",0.0,"1,,,S",3.4810000000000003,"2,S",4.325,",,,S",2.636,"2,,,S"
AG000060590,2012-04-01,30.5667,2.8667,397.0,"EL GOLEA, AG",,,,,1.0,"2,S",1.0,"2,S",0.0,"2,S",0.0,"4,S",0.0,"4,S",0.0,"5,S",23.0,"5,S",9.0,"5,S",20120418.0,",4,S",20120413.0,",2,S",20120427.0,",5,S",7.0,"4,S,18,",3.0,"2,,S,13,",37.4,"5,S,27,",,,,,3.0,"2,,,S",2.121,"8,S",2.967,"5,,,S",1.274,"4,,,S"
AG000060590,2012-06-01,30.5667,2.8667,397.0,"EL GOLEA, AG",,,429.0,"3,S",0.0,"1,S",0.0,"1,S",0.0,"1,S",0.0,"2,S",0.0,"2,S",0.0,"1,S",29.0,"1,S",29.0,"1,S",20120609.0,",2,S",20120630.0,"+,1,S",20120617.0,",1,S",20.5,"2,S,09,",0.0,"1,,S,30,+",45.4,"1,S,17,",,,0.0,"1,S",0.0,"1,,,S",3.4189999999999996,"3,S",4.243,"1,,,S",2.5949999999999998,"2,,,S"
AG000060590,2012-07-01,30.5667,2.8667,397.0,"EL GOLEA, AG",,,455.2,"4,S",0.0,"1,S",0.0,"1,S",0.0,"1,S",0.0,",S",0.0,",S",0.0,"4,S",27.0,"4,S",27.0,"4,S",20120722.0,",,S",20120731.0,"+,1,S",20120715.0,",4,S",23.0,",S,22,",0.0,"1,,S,31,+",47.5,"4,S,15,",0.0,S,0.0,"4,S",0.0,"1,,,S",3.5090000000000003,"4,S",4.351,"4,,,S",2.6670000000000003,",,,S"
AG000060590,2012-08-01,30.5667,2.8667,397.0,"EL GOLEA, AG",,,,,0.0,",S",0.0,",S",0.0,",S",0.0,"5,S",0.0,"5,S",0.0,"3,S",28.0,"3,S",28.0,"3,S",20120825.0,",5,S",20120831.0,"+,,S",20120804.0,",3,S",20.7,"5,S,25,",0.0,",,S,31,+",45.0,"3,S,04,",,,,,0.0,",,,S",3.397,"8,S",4.184,"3,,,S",2.6100000000000003,"5,,,S"
AG000060590,2012-09-01,30.5667,2.8667,397.0,"EL GOLEA, AG",,,,,0.0,",S",0.0,",S",0.0,",S",0.0,"3,S",0.0,"3,S",0.0,"5,S",25.0,"5,S",22.0,"5,S",20120919.0,",3,S",20120930.0,"+,,S",20120912.0,",5,S",15.0,"3,S,19,",0.0,",,S,30,+",41.1,"5,S,12,",,,,,0.0,",,,S",2.925,"8,S",3.69,"5,,,S",2.16,"3,,,S"
AG000060590,2012-10-01,30.5667,2.8667,397.0,"EL GOLEA, AG",,,,,1.0,"1,S",1.0,"1,S",0.0,"1,S",0.0,"5,S",0.0,"5,S",0.0,"5,S",26.0,"5,S",14.0,"5,S",20121023.0,",5,S",20121021.0,",1,S",20121008.0,",5,S",10.8,"5,S,23,",8.9,"1,,S,21,",37.7,"5,S,08,",,,,,8.9,"1,,,S",2.558,"9,S",3.278,"5,,,S",1.839,"5,,,S"
AG000060590,2012-11-01,30.5667,2.8667,397.0,"EL GOLEA, AG",,,,,1.0,",S",0.0,",S",0.0,",S",0.0,"4,S",0.0,"4,S",0.0,"5,S",19.0,"5,S",4.0,"5,S",20121130.0,",4,S",20121119.0,",,S",20121110.0,",5,S",2.7,"4,S,30,",1.0,",,S,19,",33.8,"5,S,10,",,,,,1.0,",,,S",1.8219999999999998,"7,S",2.511,"5,,,S",1.133,"4,,,S"
AG000060590,2013-04-01,30.5667,2.8667,397.0,"EL GOLEA, AG",,,109.7,"4,S",0.0,",S",0.0,",S",0.0,",S",0.0,"3,S",0.0,"3,S",0.0,"1,S",28.0,"1,S",9.0,"1,S",20130403.0,",3,S",20130430.0,"+,,S",20130428.0,",1,S",7.2,"3,S,03,",0.0,",,S,30,+",37.2,"1,S,28,",,,1.4,"1,S",0.0,",,,S",2.232,"4,S",2.972,"1,,,S",1.491,"3,,,S"
AG000060590,2013-06-01,30.5667,2.8667,397.0,"EL GOLEA, AG",,,,,0.0,"1,S",0.0,"1,S",0.0,"1,S",0.0,"3,S",0.0,"3,S",0.0,"5,S",25.0,"5,S",23.0,"5,S",20130602.0,",3,S",20130630.0,"+,1,S",20130618.0,",5,S",12.9,"3,S,02,",0.0,"1,,S,30,+",45.2,"5,S,18,",,,,,0.0,"1,,,S",3.112,"8,S",3.88,"5,,,S",2.3440000000000003,"3,,,S"
AG000060590,2013-07-01,30.5667,2.8667,397.0,"EL GOLEA, AG",,,,,0.0,"3,S",0.0,"3,S",0.0,"3,S",0.0,"5,S",0.0,"5,S",0.0,"1,S",30.0,"1,S",30.0,"1,S",20130710.0,",5,S",20130731.0,"+,3,S",20130721.0,",1,S",22.2,"5,S,10,",0.0,"3,,S,31,+",46.8,"1,S,21,",,,,,0.0,"3,,,S",3.465,"6,S",4.269,"1,,,S",2.661,"5,,,S"
AG000060590,2016-04-01,30.5667,2.8667,397.0,"EL GOLEA, AG",,,147.6,"4,S",1.0,",S",0.0,",S",0.0,",S",0.0,"1,S",0.0,"1,S",0.0,"4,S",26.0,"4,S",17.0,"4,S",20160410.0,",1,S",20160406.0,",,S",20160428.0,",4,S",6.4,"1,S,10,",1.0,",,S,06,",42.0,"4,S,28,",,,8.2,"4,S",1.0,",,,S",2.377,"4,S",3.2939999999999996,"4,,,S",1.459,"1,,,S"
AG000060590,2016-05-01,30.5667,2.8667,397.0,"EL GOLEA, AG",,,238.1,"3,S",2.0,",S",0.0,",S",0.0,",S",0.0,",S",0.0,",S",0.0,"3,S",28.0,"3,S",21.0,"3,S",20160507.0,",,S",20160531.0,"+,,S",20160527.0,"+,3,S",8.5,",S,07,",1.0,",,S,31,+",44.0,"3,S,27,+",,,0.0,"3,S",2.0,",,,S",2.706,"3,S",3.5759999999999996,"3,,,S",1.8350000000000002,",,,S"
AG000060590,2016-06-01,30.5667,2.8667,397.0,"EL GOLEA, AG",,,372.5,"2,S",0.0,",S",0.0,",S",0.0,",S",0.0,",S",0.0,",S",0.0,"2,S",28.0,"2,S",27.0,"2,S",20160624.0,",,S",20160630.0,"+,,S",20160615.0,",2,S",19.3,",S,24,",0.0,",,S,30,+",45.8,"2,S,15,",,,0.0,"2,S",0.0,",,,S",3.17,"2,S",4.0329999999999995,"2,,,S",2.308,",,,S"
AG000060590,2016-07-01,30.5667,2.8667,397.0,"EL GOLEA, AG",,,430.6,"4,S",0.0,",S",0.0,",S",0.0,",S",0.0,",S",0.0,",S",0.0,"4,S",27.0,"4,S",27.0,"4,S",20160724.0,",,S",20160731.0,"+,,S",20160713.0,",4,S",23.0,",S,24,",0.0,",,S,31,+",47.0,"4,S,13,",0.0,S,0.0,"4,S",0.0,",,,S",3.436,"4,S",4.215999999999999,"4,,,S",2.657,",,,S"
AG000060590,2016-09-01,30.5667,2.8667,397.0,"EL GOLEA, AG",,,312.4,"5,S",4.0,",S",2.0,",S",0.0,",S",0.0,"4,S",0.0,"4,S",0.0,"1,S",29.0,"1,S",25.0,"1,S",20160930.0,",4,S",20160930.0,",,S",20160910.0,",1,S",17.4,"4,S,30,",8.9,",,S,30,",42.2,"1,S,10,",,,0.0,"1,S",15.3,",,,S",3.058,"5,S",3.818,"1,,,S",2.2969999999999997,"4,,,S"
AG000060590,2016-10-01,30.5667,2.8667,397.0,"EL GOLEA, AG",,,,,1.0,",S",1.0,",S",0.0,",S",0.0,"2,S",0.0,"2,S",0.0,"5,S",26.0,"5,S",19.0,"5,S",20161030.0,",2,S",20161001.0,",,S",20161013.0,",5,S",10.0,"2,S,30,",3.0,",,S,01,",39.0,"5,S,13,",,,,,3.0,",,,S",2.6390000000000002,"7,S",3.4219999999999997,"5,,,S",1.855,"2,,,S"
AG000060590,2022-05-01,30.5667,2.8667,397.0,"EL GOLEA, AG",,,,,0.0,",S",0.0,",S",0.0,",S",0.0,"5,S",0.0,"5,S",0.0,"4,S",27.0,"4,S",17.0,"4,S",20220502.0,",5,S",20220531.0,"+,,S",20220525.0,",4,S",11.6,"5,S,02,",0.0,",,S,31,+",41.4,"4,S,25,",,,,,0.0,",,,S",2.609,"9,S",3.401,"4,,,S",1.8170000000000002,"5,,,S"
AG000060590,2022-06-01,30.5667,2.8667,397.0,"EL GOLEA, AG",,,382.2,"5,S",0.0,",S",0.0,",S",0.0,",S",0.0,"4,S",0.0,"4,S",0.0,"1,S",29.0,"1,S",29.0,"1,S",20220613.0,",4,S",20220630.0,"+,,S",20220628.0,",1,S",19.7,"4,S,13,",0.0,",,S,30,+",47.7,"1,S,28,",,,0.0,"1,S",0.0,",,,S",3.3869999999999996,"5,S",4.281000000000001,"1,,,S",2.494,"4,,,S"
AG000060590,2022-07-01,30.5667,2.8667,397.0,"EL GOLEA, AG",,,,,,,,,,,0.0,"2,S",0.0,"2,S",0.0,"5,S",26.0,"5,S",26.0,"5,S",20220727.0,",2,S",,,20220704.0,",5,S",22.2,"2,S,27,",,,47.3,"5,S,04,",,,,,,,3.3920000000000003,"6,S",4.183,"5,,,S",2.601,"2,,,S"
AG000060590,2022-08-01,30.5667,2.8667,397.0,"EL GOLEA, AG",,,428.6,"5,S",0.0,",S",0.0,",S",0.0,",S",0.0,"3,S",0.0,"3,S",0.0,"3,S",28.0,"3,S",28.0,"3,S",20220825.0,",3,S",20220831.0,"+,,S",20220807.0,",3,S",22.5,"3,S,25,",0.0,",,S,31,+",44.9,"3,S,07,",,,0.0,"3,S",0.0,",,,S",3.474,"5,S",4.269,"3,,,S",2.678,"3,,,S"
