STATION,DATE,LATITUDE,LONGITUDE,ELEVATION,NAME,CDSD,CDSD_ATTRIBUTES,CLDD,CLDD_ATTRIBUTES,DP01,DP01_ATTRIBUTES,DP10,DP10_ATTRIBUTES,DP1X,DP1X_ATTRIBUTES,DT00,DT00_ATTRIBUTES,DT32,DT32_ATTRIBUTES,DX32,DX32_ATTRIBUTES,DX70,DX70_ATTRIBUTES,DX90,DX90_ATTRIBUTES,DYNT,DYNT_ATTRIBUTES,DYXP,DYXP_ATTRIBUTES,DYXT,DYXT_ATTRIBUTES,EMNT,EMNT_ATTRIBUTES,EMXP,EMXP_ATTRIBUTES,EMXT,EMXT_ATTRIBUTES,HDSD,HDSD_ATTRIBUTES,HTDD,HTDD_ATTRIBUTES,PRCP,PRCP_ATTRIBUTES,TAVG,TAVG_ATTRIBUTES,TMAX,TMAX_ATTRIBUTES,TMIN,TMIN_ATTRIBUTES
AG000060611,1958-10-01,28.05,9.6331,561.0,"IN AMENAS, AG",,,143.4,",G",0.0,",I",0.0,",I",0.0,",I",0.0,",G",0.0,",G",0.0,",G",31.0,",G",11.0,",G",19581024.0,",,G",19581031.0,"+,,I",19581004.0,"+,,G",7.6,",G,24,",0.0,",,I,31,+",38.3,",G,04,+",,,3.9,",G",0.0,",,,I",2.283,",G",3.093,",,,G",1.474,",,,G"
AG000060611,1958-11-01,28.05,9.6331,561.0,"IN AMENAS, AG",,,47.2,",G",0.0,"3,I",0.0,"3,I",0.0,"3,I",0.0,",G",0.0,",G",0.0,",G",26.0,",G",2.0,",G",19581114.0,",,G",19581130.0,"+,3,I",19581103.0,"+,,G",2.9,",G,14,",0.0,"3,,I,30,+",35.3,",G,03,+",,,51.5,",G",0.0,"3,,,I",1.8190000000000002,",G",2.54,",,,G",1.098,",,,G"
AG000060611,1958-12-01,28.05,9.6331,561.0,"IN AMENAS, AG",,,7.6,",G",1.0,"2,I",1.0,"2,I",1.0,"2,I",0.0,",G",2.0,",G",0.0,",G",18.0,",G",0.0,",G",19581225.0,",,G",19581230.0,",2,I",19581204.0,",,G",-2.8,",G,25,",35.0,"2,,I,30,",29.9,",G,04,",,,141.4,",G",35.0,"2,,,I",1.402,",G",2.191,",,,G",0.613,",,,G"
AG000060611,1959-01-01,28.05,9.6331,561.0,"IN AMENAS, AG",0.7,G,0.7,",G",0.0,"1,I",0.0,"1,I",0.0,"1,I",0.0,",G",4.0,",G",0.0,",G",5.0,",G",0.0,",G",19590129.0,",,G",19590131.0,"+,1,I",19590115.0,",,G",-1.9,",G,29,",0.0,"1,,I,31,+",25.0,",G,15,",,,233.5,",G",0.0,"1,,,I",1.082,",G",1.7879999999999998,",,,G",0.376,",,,G"
AG000060611,1959-02-01,28.05,9.6331,561.0,"IN AMENAS, AG",0.7,G,0.0,",G",0.0,"2,I",0.0,"2,I",0.0,"2,I",0.0,",G",1.0,",G",0.0,",G",11.0,",G",0.0,",G",19590217.0,",,G",19590228.0,"+,2,I",19590228.0,",,G",-6.0,",G,17,",0.0,"2,,I,28,+",26.7,",G,28,",,,159.6,",G",0.0,"2,,,I",1.2630000000000001,",G",2.011,",,,G",0.515,",,,G"
AG000060611,1959-04-01,28.05,9.6331,561.0,"IN AMENAS, AG",,,102.0,",G",0.0,",I",0.0,",I",0.0,",I",0.0,",G",0.0,",G",0.0,",G",30.0,",G",10.0,",G",19590402.0,",,G",19590430.0,"+,,I",19590430.0,",,G",7.0,",G,02,",0.0,",,I,30,+",38.9,",G,30,",,,10.9,",G",0.0,",,,I",2.137,",G",2.976,",,,G",1.298,",,,G"
AG000060611,1959-05-01,28.05,9.6331,561.0,"IN AMENAS, AG",,,331.7,",G",1.0,"1,I",0.0,"1,I",0.0,"1,I",0.0,",G",0.0,",G",0.0,",G",31.0,",G",28.0,",G",19590516.0,",,G",19590521.0,",1,I",19590518.0,",,G",14.0,",G,16,",1.0,"1,,I,21,",42.6,",G,18,",,,0.0,",G",1.0,"1,,,I",2.903,",G",3.7520000000000002,",,,G",2.055,",,,G"
AG000060611,1959-06-01,28.05,9.6331,561.0,"IN AMENAS, AG",,,380.8,",G",0.0,",I",0.0,",I",0.0,",I",0.0,",G",0.0,",G",0.0,",G",30.0,",G",30.0,",G",19590608.0,",,G",19590630.0,"+,,I",19590606.0,",,G",19.2,",G,08,",0.0,",,I,30,+",44.4,",G,06,",,,0.0,",G",0.0,",,,I",3.103,",G",3.91,",,,G",2.295,",,,G"
AG000060611,1959-07-01,28.05,9.6331,561.0,"IN AMENAS, AG",,,369.1,",G",0.0,"1,I",0.0,"1,I",0.0,"1,I",0.0,",G",0.0,",G",0.0,",G",31.0,",G",30.0,",G",19590705.0,",,G",19590731.0,"+,1,I",19590727.0,",,G",17.1,",G,05,",0.0,"1,,I,31,+",43.0,",G,27,",0.0,G,0.0,",G",0.0,"1,,,I",3.024,",G",3.853,",,,G",2.195,",,,G"
AG000060611,1959-08-01,28.05,9.6331,561.0,"IN AMENAS, AG",,,410.0,",G",0.0,"1,I",0.0,"1,I",0.0,"1,I",0.0,",G",0.0,",G",0.0,",G",31.0,",G",31.0,",G",19590828.0,",,G",19590831.0,"+,1,I",19590816.0,",,G",18.2,",G,28,",0.0,"1,,I,31,+",44.5,",G,16,",0.0,G,0.0,",G",0.0,"1,,,I",3.1559999999999997,",G",3.964,",,,G",2.348,",,,G"
AG000060611,1959-09-01,28.05,9.6331,561.0,"IN AMENAS, AG",,,377.9,",G",0.0,",I",0.0,",I",0.0,",I",0.0,",G",0.0,",G",0.0,",G",30.0,",G",30.0,",G",19590924.0,",,G",19590930.0,"+,,I",19590916.0,",,G",18.1,",G,24,",0.0,",,I,30,+",42.1,",G,16,",0.0,G,0.0,",G",0.0,",,,I",3.093,",G",3.9490000000000003,",,,G",2.237,",,,G"
AG000060611,1959-10-01,28.05,9.6331,561.0,"IN AMENAS, AG",,,209.1,",G",0.0,"1,I",0.0,"1,I",0.0,"1,I",0.0,",G",0.0,",G",0.0,",G",31.0,",G",19.0,",G",19591026.0,",,G",19591031.0,"+,1,I",19591010.0,",,G",8.1,",G,26,",0.0,"1,,I,31,+",37.2,",G,10,",1.8,G,1.8,",G",0.0,"1,,,I",2.502,",G",3.2939999999999996,",,,G",1.709,",,,G"
AG000060611,1959-11-01,28.05,9.6331,561.0,"IN AMENAS, AG",,,38.7,",G",0.0,"2,I",0.0,"2,I",0.0,"2,I",0.0,",G",0.0,",G",0.0,",G",30.0,",G",2.0,",G",19591115.0,",,G",19591130.0,"+,2,I",19591106.0,",,G",4.8,",G,15,",0.0,"2,,I,30,+",32.8,",G,06,",37.2,G,35.4,",G",0.0,"2,,,I",1.845,",G",2.661,",,,G",1.028,",,,G"
AG000060611,1959-12-01,28.05,9.6331,561.0,"IN AMENAS, AG",,,0.7,",G",0.0,",I",0.0,",I",0.0,",I",0.0,",G",9.0,",G",0.0,",G",8.0,",G",0.0,",G",19591222.0,",,G",19591231.0,"+,,I",19591210.0,",,G",-2.2,",G,22,",0.0,",,I,31,+",27.4,",G,10,",256.9,G,219.7,",G",0.0,",,,I",1.127,",G",1.9260000000000002,",,,G",0.32799999999999996,",,,G"
AG000060611,1960-01-01,28.05,9.6331,561.0,"IN AMENAS, AG",0.0,G,0.0,",G",0.0,",I",0.0,",I",0.0,",I",0.0,",G",14.0,",G",0.0,",G",10.0,",G",0.0,",G",19600121.0,",,G",19600131.0,"+,,I",19600111.0,",,G",-6.1,",G,21,",0.0,",,I,31,+",26.0,",G,11,",509.8,G,252.9,",G",0.0,",,,I",1.017,",G",1.955,",,,G",0.08,",,,G"
AG000060611,1960-02-01,28.05,9.6331,561.0,"IN AMENAS, AG",15.0,G,15.0,",G",0.0,",I",0.0,",I",0.0,",I",0.0,",G",4.0,",G",0.0,",G",23.0,",G",3.0,",G",19600207.0,",,G",19600229.0,"+,,I",19600219.0,",,G",-1.5,",G,07,",0.0,",,I,29,+",33.4,",G,19,",594.6,G,84.8,",G",0.0,",,,I",1.593,",G",2.659,",,,G",0.526,",,,G"
AG000060611,1960-03-01,28.05,9.6331,561.0,"IN AMENAS, AG",48.8,G,33.8,",G",1.0,",I",1.0,",I",0.0,",I",0.0,",G",0.0,",G",0.0,",G",31.0,",G",3.0,",G",19600301.0,",,G",19600324.0,",,I",19600331.0,",,G",3.2,",G,01,",3.0,",,I,24,",34.2,",G,31,",637.1,G,42.5,",G",3.0,",,,I",1.8050000000000002,",G",2.738,",,,G",0.873,",,,G"
AG000060611,1960-04-01,28.05,9.6331,561.0,"IN AMENAS, AG",189.9,G,141.1,",G",0.0,"1,I",0.0,"1,I",0.0,"1,I",0.0,",G",0.0,",G",0.0,",G",30.0,",G",11.0,",G",19600405.0,",,G",19600430.0,"+,1,I",19600410.0,",,G",7.8,",G,05,",0.0,"1,,I,30,+",38.8,",G,10,",640.8,G,3.7,",G",0.0,"1,,,I",2.2920000000000003,",G",3.077,",,,G",1.506,",,,G"
AG000060611,1960-05-01,28.05,9.6331,561.0,"IN AMENAS, AG",464.4,G,274.5,",G",0.0,"1,I",0.0,"1,I",0.0,"1,I",0.0,",G",0.0,",G",0.0,",G",31.0,",G",24.0,",G",19600506.0,",,G",19600531.0,"+,1,I",19600524.0,",,G",11.2,",G,06,",0.0,"1,,I,31,+",41.6,",G,24,",640.8,G,0.0,",G",0.0,"1,,,I",2.7190000000000003,",G",3.522,",,,G",1.916,",,,G"
AG000060611,1960-06-01,28.05,9.6331,561.0,"IN AMENAS, AG",879.6,G,415.2,",G",,,,,,,0.0,",G",0.0,",G",0.0,",G",30.0,",G",30.0,",G",19600619.0,",,G",,,19600630.0,",,G",21.5,",G,19,",,,42.0,",G,30,",640.8,G,0.0,",G",,,3.217,",G",3.947,",,,G",2.488,",,,G"
AG000060611,1960-07-01,28.05,9.6331,561.0,"IN AMENAS, AG",1317.0,G,437.4,",G",0.0,",I",0.0,",I",0.0,",I",0.0,",G",0.0,",G",0.0,",G",31.0,",G",31.0,",G",19600713.0,",,G",19600731.0,"+,,I",19600709.0,",,G",19.4,",G,13,",0.0,",,I,31,+",45.3,",G,09,",0.0,G,0.0,",G",0.0,",,,I",3.2439999999999998,",G",4.116,",,,G",2.372,",,,G"
AG000060611,1960-08-01,28.05,9.6331,561.0,"IN AMENAS, AG",1743.2,G,426.2,",G",0.0,",I",0.0,",I",0.0,",I",0.0,",G",0.0,",G",0.0,",G",31.0,",G",31.0,",G",19600828.0,",,G",19600831.0,"+,,I",19600814.0,",,G",18.1,",G,28,",0.0,",,I,31,+",44.6,",G,14,",0.0,G,0.0,",G",0.0,",,,I",3.2079999999999997,",G",4.089,",,,G",2.327,",,,G"
AG000060611,1960-09-01,28.05,9.6331,561.0,"IN AMENAS, AG",2076.7,G,333.5,",G",0.0,",I",0.0,",I",0.0,",I",0.0,",G",0.0,",G",0.0,",G",30.0,",G",30.0,",G",19600904.0,",,G",19600930.0,"+,,I",19600907.0,",,G",19.3,",G,04,",0.0,",,I,30,+",42.1,",G,07,",0.0,G,0.0,",G",0.0,",,,I",2.945,",G",3.7340000000000004,",,,G",2.1550000000000002,",,,G"
AG000060611,1960-10-01,28.05,9.6331,561.0,"IN AMENAS, AG",2353.3,G,276.6,",G",0.0,"4,I",0.0,"4,I",0.0,"4,I",0.0,",G",0.0,",G",0.0,",G",31.0,",G",28.0,",G",19601029.0,",,G",19601031.0,"+,4,I",19601015.0,"+,,G",12.2,",G,29,",0.0,"4,,I,31,+",39.6,",G,15,+",0.0,G,0.0,",G",0.0,"4,,,I",2.725,",G",3.63,",,,G",1.8210000000000002,",,,G"
AG000060611,1960-12-01,28.05,9.6331,561.0,"IN AMENAS, AG",,,0.2,",G",2.0,"2,I",2.0,"2,I",1.0,"2,I",0.0,",G",2.0,",G",0.0,",G",7.0,",G",0.0,",G",19601228.0,",,G",19601206.0,",2,I",19601203.0,",,G",-0.5,",G,28,",35.0,"2,,I,06,",26.6,",G,03,",,,222.3,",G",47.0,"2,,,I",1.117,",G",1.7239999999999998,",,,G",0.51,",,,G"
AG000060611,1961-01-01,28.05,9.6331,561.0,"IN AMENAS, AG",0.0,G,0.0,",G",1.0,"3,I",1.0,"3,I",0.0,"3,I",0.0,",G",2.0,",G",0.0,",G",1.0,",G",0.0,",G",19610105.0,",,G",19610127.0,",3,I",19610113.0,",,G",-1.0,",G,05,",16.0,"3,,I,27,",23.5,",G,13,",,,268.7,",G",16.0,"3,,,I",0.967,",G",1.6149999999999998,",,,G",0.318,",,,G"
AG000060611,1961-02-01,28.05,9.6331,561.0,"IN AMENAS, AG",0.0,G,0.0,",G",0.0,",I",0.0,",I",0.0,",I",0.0,",G",0.0,",G",0.0,",G",0.0,",G",0.0,",G",19610212.0,",,G",19610228.0,"+,,I",19610213.0,",,G",2.5,",G,12,",0.0,",,I,28,+",20.7,",G,13,",,,191.1,",G",0.0,",,,I",1.151,",G",1.8329999999999997,",,,G",0.46799999999999997,",,,G"
AG000060611,1961-03-01,28.05,9.6331,561.0,"IN AMENAS, AG",25.1,G,25.1,",G",0.0,"4,I",0.0,"4,I",0.0,"4,I",0.0,",G",0.0,",G",0.0,",G",16.0,",G",2.0,",G",19610304.0,",,G",19610331.0,"+,4,I",19610323.0,",,G",2.4,",G,04,",0.0,"4,,I,31,+",33.6,",G,23,",,,137.9,",G",0.0,"4,,,I",1.4689999999999999,",G",2.226,",,,G",0.712,",,,G"
AG000060611,1961-04-01,28.05,9.6331,561.0,"IN AMENAS, AG",147.2,G,122.1,",G",0.0,"1,I",0.0,"1,I",0.0,"1,I",0.0,",G",0.0,",G",0.0,",G",28.0,",G",13.0,",G",19610403.0,",,G",19610430.0,"+,1,I",19610429.0,",,G",7.1,",G,03,",0.0,"1,,I,30,+",39.8,",G,29,",,,15.1,",G",0.0,"1,,,I",2.19,",G",3.0260000000000002,",,,G",1.3539999999999999,",,,G"
AG000060611,1961-05-01,28.05,9.6331,561.0,"IN AMENAS, AG",428.6,G,281.4,",G",1.0,",I",0.0,",I",0.0,",I",0.0,",G",0.0,",G",0.0,",G",31.0,",G",23.0,",G",19610515.0,",,G",19610511.0,",,I",19610528.0,",,G",10.6,",G,15,",2.0,",,I,11,",45.0,",G,28,",,,0.0,",G",2.0,",,,I",2.741,",G",3.6340000000000003,",,,G",1.8489999999999998,",,,G"
AG000060611,1961-06-01,28.05,9.6331,561.0,"IN AMENAS, AG",779.1,G,350.5,",G",0.0,",I",0.0,",I",0.0,",I",0.0,",G",0.0,",G",0.0,",G",30.0,",G",29.0,",G",19610606.0,",,G",19610630.0,"+,,I",19610612.0,",,G",17.7,",G,06,",0.0,",,I,30,+",43.2,",G,12,",,,0.0,",G",0.0,",,,I",3.002,",G",3.815,",,,G",2.1879999999999997,",,,G"
AG000060611,1961-07-01,28.05,9.6331,561.0,"IN AMENAS, AG",1148.3,G,369.2,",G",0.0,",I",0.0,",I",0.0,",I",0.0,",G",0.0,",G",0.0,",G",31.0,",G",31.0,",G",19610728.0,",,G",19610731.0,"+,,I",19610718.0,",,G",18.4,",G,28,",0.0,",,I,31,+",41.8,",G,18,",0.0,G,0.0,",G",0.0,",,,I",3.024,",G",3.8579999999999997,",,,G",2.19,",,,G"
AG000060611,1961-08-01,28.05,9.6331,561.0,"IN AMENAS, AG",1503.3,G,355.0,",G",0.0,",I",0.0,",I",0.0,",I",0.0,",G",0.0,",G",0.0,",G",31.0,",G",31.0,",G",19610823.0,",,G",19610831.0,"+,,I",19610804.0,",,G",17.5,",G,23,",0.0,",,I,31,+",43.6,",G,04,",0.0,G,0.0,",G",0.0,",,,I",2.979,",G",3.79,",,,G",2.1670000000000003,",,,G"
AG000060611,1961-09-01,28.05,9.6331,561.0,"IN AMENAS, AG",1727.7,G,224.4,",G",0.0,",I",0.0,",I",0.0,",I",0.0,",G",0.0,",G",0.0,",G",30.0,",G",25.0,",G",19610908.0,",,G",19610930.0,"+,,I",19610912.0,",,G",15.0,",G,08,",0.0,",,I,30,+",37.5,",G,12,",0.0,G,0.0,",G",0.0,",,,I",2.581,",G",3.403,",,,G",1.7600000000000002,",,,G"
AG000060611,1961-10-01,28.05,9.6331,561.0,"IN AMENAS, AG",1861.5,G,133.8,",G",0.0,"1,I",0.0,"1,I",0.0,"1,I",0.0,",G",0.0,",G",0.0,",G",31.0,",G",10.0,",G",19611029.0,",,G",19611031.0,"+,1,I",19611007.0,",,G",9.8,",G,29,",0.0,"1,,I,31,+",36.0,",G,07,",0.0,G,0.0,",G",0.0,"1,,,I",2.2649999999999997,",G",3.0260000000000002,",,,G",1.503,",,,G"
AG000060611,1961-11-01,28.05,9.6331,561.0,"IN AMENAS, AG",1905.5,G,44.0,",G",0.0,",I",0.0,",I",0.0,",I",0.0,",G",0.0,",G",0.0,",G",30.0,",G",0.0,",G",19611107.0,",,G",19611130.0,"+,,I",19611113.0,"+,,G",6.5,",G,07,",0.0,",,I,30,+",32.0,",G,13,+",10.8,G,10.8,",G",0.0,",,,I",1.9440000000000002,",G",2.82,",,,G",1.068,",,,G"
AG000060611,1961-12-01,28.05,9.6331,561.0,"IN AMENAS, AG",1905.5,G,0.0,",G",0.0,",I",0.0,",I",0.0,",I",0.0,",G",4.0,",G",0.0,",G",13.0,",G",0.0,",G",19611223.0,",,G",19611231.0,"+,,I",19611227.0,",,G",-4.8,",G,23,",0.0,",,I,31,+",24.5,",G,27,",233.8,G,223.0,",G",0.0,",,,I",1.114,",G",1.9760000000000002,",,,G",0.252,",,,G"
AG000060611,1962-01-01,28.05,9.6331,561.0,"IN AMENAS, AG",0.0,G,0.0,",G",0.0,"1,I",0.0,"1,I",0.0,"1,I",0.0,",G",9.0,",G",0.0,",G",8.0,",G",0.0,",G",19620129.0,",,G",19620131.0,"+,1,I",19620106.0,"+,,G",-2.2,",G,29,",0.0,"1,,I,31,+",26.3,",G,06,+",491.1,G,257.3,",G",0.0,"1,,,I",1.003,",G",1.839,",,,G",0.16699999999999998,",,,G"
AG000060611,1962-02-01,28.05,9.6331,561.0,"IN AMENAS, AG",1.5,G,1.5,",G",0.0,",I",0.0,",I",0.0,",I",0.0,",G",10.0,",G",0.0,",G",11.0,",G",0.0,",G",19620202.0,",,G",19620228.0,"+,,I",19620227.0,"+,,G",-5.8,",G,02,",0.0,",,I,28,+",26.8,",G,27,+",715.3,G,224.2,",G",0.0,",,,I",1.038,",G",1.8649999999999998,",,,G",0.211,",,,G"
AG000060611,1962-03-01,28.05,9.6331,561.0,"IN AMENAS, AG",29.8,G,28.3,",G",0.0,",I",0.0,",I",0.0,",I",0.0,",G",0.0,",G",0.0,",G",28.0,",G",1.0,",G",19620316.0,",,G",19620331.0,"+,,I",19620309.0,",,G",0.9,",G,16,",0.0,",,I,31,+",33.2,",G,09,",769.1,G,53.8,",G",0.0,",,,I",1.7510000000000001,",G",2.561,",,,G",0.9410000000000001,",,,G"
AG000060611,1962-04-01,28.05,9.6331,561.0,"IN AMENAS, AG",153.5,G,123.7,",G",0.0,"2,I",0.0,"2,I",0.0,"2,I",0.0,",G",0.0,",G",0.0,",G",28.0,",G",11.0,",G",19620413.0,"+,,G",19620430.0,"+,2,I",19620417.0,",,G",8.1,",G,13,+",0.0,"2,,I,30,+",36.7,",G,17,",779.9,G,10.8,",G",0.0,"2,,,I",2.21,",G",2.994,",,,G",1.425,",,,G"
AG000060611,1962-05-01,28.05,9.6331,561.0,"IN AMENAS, AG",415.8,G,262.3,",G",0.0,",I",0.0,",I",0.0,",I",0.0,",G",0.0,",G",0.0,",G",31.0,",G",24.0,",G",19620502.0,",,G",19620531.0,"+,,I",19620515.0,",,G",9.5,",G,02,",0.0,",,I,31,+",42.1,",G,15,",779.9,G,0.0,",G",0.0,",,,I",2.679,",G",3.565,",,,G",1.793,",,,G"
AG000060611,1962-06-01,28.05,9.6331,561.0,"IN AMENAS, AG",771.9,G,356.1,",G",0.0,",I",0.0,",I",0.0,",I",0.0,",G",0.0,",G",0.0,",G",30.0,",G",29.0,",G",19620612.0,",,G",19620630.0,"+,,I",19620604.0,",,G",16.2,",G,12,",0.0,",,I,30,+",43.8,",G,04,",779.9,G,0.0,",G",0.0,",,,I",3.02,",G",3.872,",,,G",2.169,",,,G"
AG000060611,1962-07-01,28.05,9.6331,561.0,"IN AMENAS, AG",1163.9,G,392.0,",G",0.0,",I",0.0,",I",0.0,",I",0.0,",G",0.0,",G",0.0,",G",31.0,",G",31.0,",G",19620723.0,",,G",19620731.0,"+,,I",19620715.0,",,G",18.2,",G,23,",0.0,",,I,31,+",43.8,",G,15,",0.0,G,0.0,",G",0.0,",,,I",3.098,",G",3.9530000000000003,",,,G",2.243,",,,G"
AG000060611,1962-08-01,28.05,9.6331,561.0,"IN AMENAS, AG",1516.2,G,352.3,",G",0.0,",I",0.0,",I",0.0,",I",0.0,",G",0.0,",G",0.0,",G",31.0,",G",31.0,",G",19620822.0,",,G",19620831.0,"+,,I",19620807.0,",,G",19.3,",G,22,",0.0,",,I,31,+",41.4,",G,07,",0.0,G,0.0,",G",0.0,",,,I",2.9699999999999998,",G",3.7630000000000003,",,,G",2.177,",,,G"
AG000060611,1962-09-01,28.05,9.6331,561.0,"IN AMENAS, AG",1799.5,G,283.3,",G",0.0,",I",0.0,",I",0.0,",I",0.0,",G",0.0,",G",0.0,",G",30.0,",G",27.0,",G",19620926.0,",,G",19620930.0,"+,,I",19620920.0,",,G",13.9,",G,26,",0.0,",,I,30,+",40.0,",G,20,",0.0,G,0.0,",G",0.0,",,,I",2.778,",G",3.603,",,,G",1.953,",,,G"
AG000060611,1962-10-01,28.05,9.6331,561.0,"IN AMENAS, AG",1966.8,G,167.3,",G",0.0,"2,I",0.0,"2,I",0.0,"2,I",0.0,",G",0.0,",G",0.0,",G",30.0,",G",13.0,",G",19621031.0,",,G",19621031.0,"+,2,I",19621016.0,"+,,G",6.8,",G,31,",0.0,"2,,I,31,+",36.6,",G,16,+",4.8,G,4.8,",G",0.0,"2,,,I",2.357,",G",3.085,",,,G",1.6300000000000001,",,,G"
AG000060611,1962-11-01,28.05,9.6331,561.0,"IN AMENAS, AG",2015.1,G,48.3,"2,G",5.0,"3,I",2.0,"3,I",0.0,"3,I",0.0,"1,G",0.0,"1,G",0.0,"1,G",24.0,"1,G",1.0,"1,G",19621101.0,",1,G",19621123.0,",3,I",19621115.0,",1,G",5.0,"1,G,01,",9.0,"3,,I,23,",32.2,"1,G,15,",44.8,G,40.0,"1,G",17.0,"3,,,I",1.846,"2,G",2.48,"1,,,G",1.213,"1,,,G"
AG000060611,1962-12-01,28.05,9.6331,561.0,"IN AMENAS, AG",2015.1,G,0.0,",G",3.0,",I",2.0,",I",0.0,",I",0.0,",G",2.0,",G",0.0,",G",7.0,",G",0.0,",G",19621212.0,",,G",19621216.0,",,I",19621231.0,",,G",-0.3,",G,12,",6.0,",,I,16,",28.3,",G,31,",274.4,G,229.6,",G",12.0,",,,I",1.093,",G",1.7730000000000001,",,,G",0.41200000000000003,",,,G"
AG000060611,1963-01-01,28.05,9.6331,561.0,"IN AMENAS, AG",1.5,G,1.5,",G",0.0,",I",0.0,",I",0.0,",I",0.0,",G",2.0,",G",0.0,",G",17.0,",G",0.0,",G",19630128.0,"+,,G",19630131.0,"+,,I",19630102.0,",,G",-1.9,",G,28,+",0.0,",,I,31,+",29.0,",G,02,",426.1,G,151.7,",G",0.0,",,,I",1.349,",G",2.141,",,,G",0.557,",,,G"
AG000060611,1963-02-01,28.05,9.6331,561.0,"IN AMENAS, AG",3.9,G,2.4,",G",1.0,"2,I",0.0,"2,I",0.0,"2,I",0.0,",G",2.0,",G",0.0,",G",17.0,",G",0.0,",G",19630224.0,",,G",19630204.0,",2,I",19630208.0,",,G",-0.2,",G,24,",1.0,"2,,I,04,",27.3,",G,08,",565.1,G,139.0,",G",1.0,"2,,,I",1.346,",G",2.17,",,,G",0.521,",,,G"
AG000060611,1963-03-01,28.05,9.6331,561.0,"IN AMENAS, AG",21.8,G,17.9,",G",1.0,"1,I",0.0,"1,I",0.0,"1,I",0.0,",G",0.0,",G",0.0,",G",22.0,",G",1.0,",G",19630308.0,",,G",19630327.0,",1,I",19630325.0,",,G",1.5,",G,08,",2.0,"1,,I,27,",32.9,",G,25,",660.9,G,95.8,",G",2.0,"1,,,I",1.582,",G",2.412,",,,G",0.752,",,,G"
AG000060611,1963-04-01,28.05,9.6331,561.0,"IN AMENAS, AG",179.3,G,157.5,",G",0.0,",I",0.0,",I",0.0,",I",0.0,",G",0.0,",G",0.0,",G",30.0,",G",13.0,",G",19630403.0,",,G",19630430.0,"+,,I",19630425.0,",,G",9.1,",G,03,",0.0,",,I,30,+",38.2,",G,25,",662.8,G,1.9,",G",0.0,",,,I",2.352,",G",3.176,",,,G",1.528,",,,G"
AG000060611,1963-05-01,28.05,9.6331,561.0,"IN AMENAS, AG",369.0,G,189.7,",G",0.0,",I",0.0,",I",0.0,",I",0.0,",G",0.0,",G",0.0,",G",31.0,",G",13.0,",G",19630511.0,",,G",19630531.0,"+,,I",19630519.0,",,G",11.6,",G,11,",0.0,",,I,31,+",39.9,",G,19,",662.8,G,0.0,",G",0.0,",,,I",2.445,",G",3.221,",,,G",1.669,",,,G"
AG000060611,1963-06-01,28.05,9.6331,561.0,"IN AMENAS, AG",720.8,G,351.8,",G",0.0,",I",0.0,",I",0.0,",I",0.0,",G",0.0,",G",0.0,",G",30.0,",G",28.0,",G",19630606.0,",,G",19630630.0,"+,,I",19630627.0,",,G",14.8,",G,06,",0.0,",,I,30,+",43.1,",G,27,",662.8,G,0.0,",G",0.0,",,,I",3.006,",G",3.819,",,,G",2.193,",,,G"
AG000060611,1963-07-01,28.05,9.6331,561.0,"IN AMENAS, AG",1138.2,G,417.4,",G",0.0,"1,I",0.0,"1,I",0.0,"1,I",0.0,",G",0.0,",G",0.0,",G",31.0,",G",31.0,",G",19630718.0,",,G",19630731.0,"+,1,I",19630709.0,",,G",20.1,",G,18,",0.0,"1,,I,31,+",43.1,",G,09,",0.0,G,0.0,",G",0.0,"1,,,I",3.18,",G",3.997,",,,G",2.363,",,,G"
AG000060611,1963-08-01,28.05,9.6331,561.0,"IN AMENAS, AG",1524.2,G,386.0,",G",0.0,"1,I",0.0,"1,I",0.0,"1,I",0.0,",G",0.0,",G",0.0,",G",31.0,",G",31.0,",G",19630829.0,",,G",19630831.0,"+,1,I",19630822.0,",,G",19.7,",G,29,",0.0,"1,,I,31,+",42.0,",G,22,",0.0,G,0.0,",G",0.0,"1,,,I",3.0789999999999997,",G",3.9189999999999996,",,,G",2.238,",,,G"
AG000060611,1963-09-01,28.05,9.6331,561.0,"IN AMENAS, AG",1886.6,G,362.4,",G",0.0,"2,I",0.0,"2,I",0.0,"2,I",0.0,",G",0.0,",G",0.0,",G",30.0,",G",26.0,",G",19630929.0,",,G",19630930.0,"+,2,I",19630903.0,",,G",16.5,",G,29,",0.0,"2,,I,30,+",41.9,",G,03,",0.0,G,0.0,",G",0.0,"2,,,I",3.041,",G",3.7880000000000003,",,,G",2.294,",,,G"
AG000060611,1963-10-01,28.05,9.6331,561.0,"IN AMENAS, AG",1987.9,G,101.3,",G",1.0,",I",0.0,",I",0.0,",I",0.0,",G",0.0,",G",0.0,",G",31.0,",G",6.0,",G",19631029.0,",,G",19631023.0,",,I",19631003.0,",,G",8.8,",G,29,",2.0,",,I,23,",37.8,",G,03,",5.3,G,5.3,",G",2.0,",,,I",2.143,",G",2.853,",,,G",1.433,",,,G"
AG000060611,1963-11-01,28.05,9.6331,561.0,"IN AMENAS, AG",2013.5,G,25.6,",G",0.0,",I",0.0,",I",0.0,",I",0.0,",G",0.0,",G",0.0,",G",23.0,",G",0.0,",G",19631127.0,",,G",19631130.0,"+,,I",19631103.0,",,G",3.1,",G,27,",0.0,",,I,30,+",31.1,",G,03,",73.5,G,68.2,",G",0.0,",,,I",1.691,",G",2.516,",,,G",0.867,",,,G"
AG000060611,1963-12-01,28.05,9.6331,561.0,"IN AMENAS, AG",2018.8,G,5.3,",G",0.0,"1,I",0.0,"1,I",0.0,"1,I",0.0,",G",0.0,",G",0.0,",G",21.0,",G",0.0,",G",19631213.0,",,G",19631231.0,"+,1,I",19631209.0,",,G",2.3,",G,13,",0.0,"1,,I,31,+",29.8,",G,09,",184.0,G,110.5,",G",0.0,"1,,,I",1.494,",G",2.33,",,,G",0.658,",,,G"
AG000060611,1964-01-01,28.05,9.6331,561.0,"IN AMENAS, AG",0.3,G,0.3,",G",0.0,",I",0.0,",I",0.0,",I",0.0,",G",5.0,",G",0.0,",G",2.0,",G",0.0,",G",19640111.0,"+,,G",19640131.0,"+,,I",19640127.0,",,G",-0.9,",G,11,+",0.0,",,I,31,+",26.0,",G,27,",440.3,G,256.3,",G",0.0,",,,I",1.0070000000000001,",G",1.656,",,,G",0.358,",,,G"
AG000060611,1964-02-01,28.05,9.6331,561.0,"IN AMENAS, AG",4.0,G,3.7,",G",0.0,"1,I",0.0,"1,I",0.0,"1,I",0.0,",G",5.0,",G",0.0,",G",15.0,",G",1.0,",G",19640202.0,",,G",19640229.0,"+,1,I",19640229.0,",,G",-1.2,",G,02,",0.0,"1,,I,29,+",32.7,",G,29,",613.3,G,173.0,",G",0.0,"1,,,I",1.249,",G",2.129,",,,G",0.37,",,,G"
AG000060611,1964-03-01,28.05,9.6331,561.0,"IN AMENAS, AG",55.2,G,51.2,",G",0.0,",I",0.0,",I",0.0,",I",0.0,",G",0.0,",G",0.0,",G",30.0,",G",5.0,",G",19640318.0,"+,,G",19640331.0,"+,,I",19640309.0,",,G",4.9,",G,18,+",0.0,",,I,31,+",34.8,",G,09,",632.3,G,19.0,",G",0.0,",,,I",1.937,",G",2.788,",,,G",1.087,",,,G"
AG000060611,1964-04-01,28.05,9.6331,561.0,"IN AMENAS, AG",149.5,G,94.3,",G",4.0,"1,I",1.0,"1,I",0.0,"1,I",0.0,",G",0.0,",G",0.0,",G",29.0,",G",6.0,",G",19640416.0,"+,,G",19640430.0,",1,I",19640419.0,",,G",8.8,",G,16,+",11.0,"1,,I,30,",37.0,",G,19,",644.4,G,12.1,",G",15.0,"1,,,I",2.1079999999999997,",G",2.83,",,,G",1.385,",,,G"
AG000060611,1964-05-01,28.05,9.6331,561.0,"IN AMENAS, AG",371.0,G,221.5,",G",0.0,"1,I",0.0,"1,I",0.0,"1,I",0.0,",G",0.0,",G",0.0,",G",31.0,",G",18.0,",G",19640520.0,",,G",19640531.0,"+,1,I",19640527.0,",,G",12.9,",G,20,",0.0,"1,,I,31,+",40.3,",G,27,",644.4,G,0.0,",G",0.0,"1,,,I",2.548,",G",3.318,",,,G",1.777,",,,G"
AG000060611,1964-06-01,28.05,9.6331,561.0,"IN AMENAS, AG",770.0,G,399.0,",G",0.0,"1,I",0.0,"1,I",0.0,"1,I",0.0,",G",0.0,",G",0.0,",G",30.0,",G",29.0,",G",19640612.0,",,G",19640630.0,"+,1,I",19640628.0,",,G",18.6,",G,12,",0.0,"1,,I,30,+",45.8,",G,28,",644.4,G,0.0,",G",0.0,"1,,,I",3.163,",G",3.967,",,,G",2.3600000000000003,",,,G"
AG000060611,1964-07-01,28.05,9.6331,561.0,"IN AMENAS, AG",1138.4,G,368.4,",G",0.0,",I",0.0,",I",0.0,",I",0.0,",G",0.0,",G",0.0,",G",31.0,",G",31.0,",G",19640715.0,",,G",19640731.0,"+,,I",19640710.0,",,G",20.0,",G,15,",0.0,",,I,31,+",42.1,",G,10,",0.0,G,0.0,",G",0.0,",,,I",3.022,",G",3.782,",,,G",2.262,",,,G"
AG000060611,1964-08-01,28.05,9.6331,561.0,"IN AMENAS, AG",1566.6,G,428.2,",G",0.0,",I",0.0,",I",0.0,",I",0.0,",G",0.0,",G",0.0,",G",31.0,",G",31.0,",G",19640801.0,",,G",19640831.0,"+,,I",19640811.0,",,G",21.6,",G,01,",0.0,",,I,31,+",42.7,",G,11,",0.0,G,0.0,",G",0.0,",,,I",3.215,",G",4.031000000000001,",,,G",2.398,",,,G"
AG000060611,1964-09-01,28.05,9.6331,561.0,"IN AMENAS, AG",1785.7,G,219.1,",G",0.0,",I",0.0,",I",0.0,",I",0.0,",G",0.0,",G",0.0,",G",30.0,",G",21.0,",G",19640925.0,",,G",19640930.0,"+,,I",19640901.0,",,G",14.6,",G,25,",0.0,",,I,30,+",38.9,",G,01,",0.0,G,0.0,",G",0.0,",,,I",2.564,",G",3.3280000000000003,",,,G",1.799,",,,G"
AG000060611,1964-10-01,28.05,9.6331,561.0,"IN AMENAS, AG",1908.4,G,122.7,",G",0.0,",I",0.0,",I",0.0,",I",0.0,",G",0.0,",G",0.0,",G",31.0,",G",11.0,",G",19641027.0,",,G",19641031.0,"+,,I",19641013.0,",,G",5.1,",G,27,",0.0,",,I,31,+",35.2,",G,13,",10.9,G,10.9,",G",0.0,",,,I",2.194,",G",3.054,",,,G",1.335,",,,G"
AG000060611,1964-11-01,28.05,9.6331,561.0,"IN AMENAS, AG",1928.6,G,20.2,",G",0.0,",I",0.0,",I",0.0,",I",0.0,",G",0.0,",G",0.0,",G",15.0,",G",2.0,",G",19641128.0,",,G",19641130.0,"+,,I",19641107.0,",,G",3.3,",G,28,",0.0,",,I,30,+",33.4,",G,07,",116.9,G,106.0,",G",0.0,",,,I",1.5470000000000002,",G",2.314,",,,G",0.78,",,,G"
AG000060611,1964-12-01,28.05,9.6331,561.0,"IN AMENAS, AG",1928.6,G,0.0,",G",3.0,"3,I",3.0,"3,I",0.0,"3,I",0.0,",G",3.0,",G",0.0,",G",5.0,",G",0.0,",G",19641205.0,",,G",19641230.0,",3,I",19641217.0,",,G",-1.7,",G,05,",9.0,"3,,I,30,",23.8,",G,17,",310.8,G,193.9,",G",18.0,"3,,,I",1.208,",G",1.8329999999999997,",,,G",0.583,",,,G"
AG000060611,1965-01-01,28.05,9.6331,561.0,"IN AMENAS, AG",0.7,G,0.7,",G",1.0,"3,I",1.0,"3,I",0.0,"3,I",0.0,",G",2.0,",G",0.0,",G",9.0,",G",0.0,",G",19650118.0,",,G",19650114.0,",3,I",19650130.0,",,G",-0.4,",G,18,",12.0,"3,,I,14,",25.3,",G,30,",530.6,G,219.8,",G",12.0,"3,,,I",1.126,",G",1.777,",,,G",0.476,",,,G"
AG000060611,1965-02-01,28.05,9.6331,561.0,"IN AMENAS, AG",3.8,G,3.1,",G",0.0,",I",0.0,",I",0.0,",I",0.0,",G",2.0,",G",0.0,",G",13.0,",G",0.0,",G",19650217.0,"+,,G",19650228.0,"+,,I",19650226.0,",,G",-0.3,",G,17,+",0.0,",,I,28,+",32.1,",G,26,",703.3,G,172.7,",G",0.0,",,,I",1.228,",G",2.028,",,,G",0.42800000000000005,",,,G"
AG000060611,1965-03-01,28.05,9.6331,561.0,"IN AMENAS, AG",31.6,G,27.8,",G",0.0,",I",0.0,",I",0.0,",I",0.0,",G",0.0,",G",0.0,",G",24.0,",G",3.0,",G",19650321.0,",,G",19650331.0,"+,,I",19650302.0,",,G",4.8,",G,21,",0.0,",,I,31,+",35.2,",G,02,",765.4,G,62.1,",G",0.0,",,,I",1.723,",G",2.5260000000000002,",,,G",0.9199999999999999,",,,G"
AG000060611,1965-04-01,28.05,9.6331,561.0,"IN AMENAS, AG",121.0,G,89.4,",G",0.0,"1,I",0.0,"1,I",0.0,"1,I",0.0,",G",0.0,",G",0.0,",G",30.0,",G",7.0,",G",19650401.0,",,G",19650430.0,"+,1,I",19650421.0,",,G",7.0,",G,01,",0.0,"1,,I,30,+",36.0,",G,21,",777.4,G,12.0,",G",0.0,"1,,,I",2.091,",G",2.8760000000000003,",,,G",1.307,",,,G"
AG000060611,1965-05-01,28.05,9.6331,561.0,"IN AMENAS, AG",323.7,G,202.7,"2,G",0.0,"3,I",0.0,"3,I",0.0,"3,I",0.0,"2,G",0.0,"2,G",0.0,"2,G",29.0,"2,G",17.0,"2,G",19650515.0,",2,G",19650531.0,"+,3,I",19650520.0,",2,G",11.2,"2,G,15,",0.0,"3,,I,31,+",39.7,"2,G,20,",777.4,G,0.0,"2,G",0.0,"3,,,I",2.532,"2,G",3.34,"2,,,G",1.7239999999999998,"2,,,G"
AG000060611,1965-07-01,28.05,9.6331,561.0,"IN AMENAS, AG",,,385.6,",G",0.0,",I",0.0,",I",0.0,",I",0.0,",G",0.0,",G",0.0,",G",31.0,",G",31.0,",G",19650717.0,",,G",19650731.0,"+,,I",19650725.0,",,G",18.5,",G,17,",0.0,",,I,31,+",42.6,",G,25,",0.0,G,0.0,",G",0.0,",,,I",3.077,",G",3.972,",,,G",2.182,",,,G"
AG000060611,1965-08-01,28.05,9.6331,561.0,"IN AMENAS, AG",,,352.1,"1,G",2.0,"3,I",1.0,"3,I",0.0,"3,I",0.0,"1,G",0.0,"1,G",0.0,"1,G",30.0,"1,G",28.0,"1,G",19650831.0,",1,G",19650830.0,",3,I",19650825.0,",1,G",17.9,"1,G,31,",13.0,"3,,I,30,",42.2,"1,G,25,",0.0,G,0.0,"1,G",14.0,"3,,,I",3.007,"1,G",3.7600000000000002,"1,,,G",2.254,"1,,,G"
AG000060611,1965-09-01,28.05,9.6331,561.0,"IN AMENAS, AG",,,318.7,",G",,,,,,,0.0,",G",0.0,",G",0.0,",G",30.0,",G",26.0,",G",19650901.0,",,G",,,19650903.0,",,G",16.2,",G,01,",,,40.8,",G,03,",0.0,G,0.0,",G",,,2.896,",G",3.622,",,,G",2.169,",,,G"
AG000060611,1965-10-01,28.05,9.6331,561.0,"IN AMENAS, AG",,,208.5,",G",1.0,",I",0.0,",I",0.0,",I",0.0,",G",0.0,",G",0.0,",G",31.0,",G",17.0,",G",19651030.0,",,G",19651024.0,",,I",19651001.0,",,G",11.9,",G,30,",1.0,",,I,24,",38.1,",G,01,",0.0,G,0.0,",G",1.0,",,,I",2.506,",G",3.242,",,,G",1.77,",,,G"
AG000060611,1965-11-01,28.05,9.6331,561.0,"IN AMENAS, AG",,,19.0,",G",1.0,"2,I",1.0,"2,I",0.0,"2,I",0.0,",G",0.0,",G",0.0,",G",25.0,",G",0.0,",G",19651130.0,",,G",19651110.0,",2,I",19651109.0,",,G",1.6,",G,30,",3.0,"2,,I,10,",29.6,",G,09,",65.4,G,65.4,",G",3.0,"2,,,I",1.6789999999999998,",G",2.523,",,,G",0.835,",,,G"
AG000060611,1965-12-01,28.05,9.6331,561.0,"IN AMENAS, AG",,,0.0,",G",1.0,"2,I",1.0,"2,I",0.0,"2,I",0.0,",G",0.0,",G",0.0,",G",6.0,",G",0.0,",G",19651203.0,",,G",19651218.0,",2,I",19651209.0,",,G",0.8,",G,03,",10.0,"2,,I,18,",25.2,",G,09,",290.4,G,225.0,",G",10.0,"2,,,I",1.108,",G",1.8170000000000002,",,,G",0.398,",,,G"
AG000060611,1966-01-01,28.05,9.6331,561.0,"IN AMENAS, AG",0.0,G,0.0,",G",0.0,",I",0.0,",I",0.0,",I",0.0,",G",0.0,",G",0.0,",G",10.0,",G",0.0,",G",19660109.0,",,G",19660131.0,"+,,I",19660126.0,"+,,G",0.3,",G,09,",0.0,",,I,31,+",26.3,",G,26,+",488.3,G,197.9,",G",0.0,",,,I",1.1949999999999998,",G",2.0260000000000002,",,,G",0.364,",,,G"
AG000060611,1966-02-01,28.05,9.6331,561.0,"IN AMENAS, AG",3.5,G,3.5,",G",0.0,",I",0.0,",I",0.0,",I",0.0,",G",0.0,",G",0.0,",G",22.0,",G",1.0,",G",19660202.0,",,G",19660228.0,"+,,I",19660222.0,",,G",0.4,",G,02,",0.0,",,I,28,+",32.3,",G,22,",595.1,G,106.8,",G",0.0,",,,I",1.464,",G",2.391,",,,G",0.538,",,,G"
AG000060611,1966-03-01,28.05,9.6331,561.0,"IN AMENAS, AG",19.1,G,15.6,",G",0.0,"2,I",0.0,"2,I",0.0,"2,I",0.0,",G",0.0,",G",0.0,",G",18.0,",G",0.0,",G",19660317.0,",,G",19660331.0,"+,2,I",19660321.0,",,G",0.4,",G,17,",0.0,"2,,I,31,+",32.0,",G,21,",730.4,G,135.3,",G",0.0,"2,,,I",1.447,",G",2.262,",,,G",0.633,",,,G"
AG000060611,1966-04-01,28.05,9.6331,561.0,"IN AMENAS, AG",121.4,G,102.3,",G",0.0,",I",0.0,",I",0.0,",I",0.0,",G",0.0,",G",0.0,",G",30.0,",G",10.0,",G",19660405.0,",,G",19660430.0,"+,,I",19660420.0,",,G",7.8,",G,05,",0.0,",,I,30,+",39.4,",G,20,",745.1,G,14.7,",G",0.0,",,,I",2.125,",G",2.975,",,,G",1.275,",,,G"
AG000060611,1966-05-01,28.05,9.6331,561.0,"IN AMENAS, AG",319.1,G,197.7,",G",1.0,"5,I",1.0,"5,I",0.0,"5,I",0.0,",G",0.0,",G",0.0,",G",31.0,",G",14.0,",G",19660501.0,",,G",19660526.0,",5,I",19660531.0,",,G",12.5,",G,01,",4.0,"5,,I,26,",40.2,",G,31,",745.1,G,0.0,",G",4.0,"5,,,I",2.471,",G",3.223,",,,G",1.719,",,,G"
AG000060611,1966-06-01,28.05,9.6331,561.0,"IN AMENAS, AG",683.2,G,364.1,",G",0.0,"1,I",0.0,"1,I",0.0,"1,I",0.0,",G",0.0,",G",0.0,",G",30.0,",G",27.0,",G",19660605.0,",,G",19660630.0,"+,1,I",19660616.0,",,G",16.8,",G,05,",0.0,"1,,I,30,+",42.4,",G,16,",745.1,G,0.0,",G",0.0,"1,,,I",3.0469999999999997,",G",3.8600000000000003,",,,G",2.234,",,,G"
AG000060611,1966-07-01,28.05,9.6331,561.0,"IN AMENAS, AG",1095.8,G,412.6,",G",0.0,",I",0.0,",I",0.0,",I",0.0,",G",0.0,",G",0.0,",G",31.0,",G",31.0,",G",19660707.0,",,G",19660731.0,"+,,I",19660727.0,",,G",17.8,",G,07,",0.0,",,I,31,+",45.8,",G,27,",0.0,G,0.0,",G",0.0,",,,I",3.164,",G",4.042,",,,G",2.287,",,,G"
AG000060611,1966-08-01,28.05,9.6331,561.0,"IN AMENAS, AG",1471.2,G,375.4,",G",0.0,",I",0.0,",I",0.0,",I",0.0,",G",0.0,",G",0.0,",G",31.0,",G",31.0,",G",19660813.0,",,G",19660831.0,"+,,I",19660803.0,",,G",18.8,",G,13,",0.0,",,I,31,+",42.6,",G,03,",0.0,G,0.0,",G",0.0,",,,I",3.044,",G",3.915,",,,G",2.174,",,,G"
AG000060611,1966-09-01,28.05,9.6331,561.0,"IN AMENAS, AG",1746.9,G,275.7,",G",0.0,"2,I",0.0,"2,I",0.0,"2,I",0.0,",G",0.0,",G",0.0,",G",30.0,",G",28.0,",G",19660926.0,",,G",19660930.0,"+,2,I",19660901.0,",,G",16.8,",G,26,",0.0,"2,,I,30,+",42.0,",G,01,",0.0,G,0.0,",G",0.0,"2,,,I",2.752,",G",3.496,",,,G",2.008,",,,G"
AG000060611,1966-10-01,28.05,9.6331,561.0,"IN AMENAS, AG",1906.2,G,159.3,",G",4.0,"3,I",2.0,"3,I",0.0,"3,I",0.0,",G",0.0,",G",0.0,",G",31.0,",G",11.0,",G",19661031.0,",,G",19661005.0,",3,I",19661013.0,",,G",11.8,",G,31,",19.0,"3,,I,05,",35.1,",G,13,",0.0,G,0.0,",G",29.0,"3,,,I",2.347,",G",3.05,",,,G",1.6440000000000001,",,,G"
AG000060611,1966-11-01,28.05,9.6331,561.0,"IN AMENAS, AG",1932.1,G,25.9,",G",0.0,",I",0.0,",I",0.0,",I",0.0,",G",0.0,",G",0.0,",G",23.0,",G",1.0,",G",19661130.0,",,G",19661130.0,"+,,I",19661109.0,",,G",3.4,",G,30,",0.0,",,I,30,+",32.6,",G,09,",71.3,G,71.3,",G",0.0,",,,I",1.682,",G",2.416,",,,G",0.9480000000000001,",,,G"
AG000060611,1966-12-01,28.05,9.6331,561.0,"IN AMENAS, AG",1932.1,G,0.0,",G",0.0,"1,I",0.0,"1,I",0.0,"1,I",0.0,",G",13.0,",G",0.0,",G",3.0,",G",0.0,",G",19661227.0,",,G",19661231.0,"+,1,I",19661202.0,",,G",-2.3,",G,27,",0.0,"1,,I,31,+",22.2,",G,02,",346.6,G,275.3,",G",0.0,"1,,,I",0.945,",G",1.7120000000000002,",,,G",0.179,",,,G"
AG000060611,1967-01-01,28.05,9.6331,561.0,"IN AMENAS, AG",0.0,G,0.0,",G",0.0,"1,I",0.0,"1,I",0.0,"1,I",0.0,",G",12.0,",G",0.0,",G",3.0,",G",0.0,",G",19670117.0,",,G",19670131.0,"+,1,I",19670111.0,",,G",-1.9,",G,17,",0.0,"1,,I,31,+",24.9,",G,11,",643.4,G,296.8,",G",0.0,"1,,,I",0.876,",G",1.656,",,,G",0.095,",,,G"
AG000060611,1967-02-01,28.05,9.6331,561.0,"IN AMENAS, AG",2.6,G,2.6,",G",1.0,"4,I",0.0,"4,I",0.0,"4,I",0.0,",G",0.0,",G",0.0,",G",12.0,",G",0.0,",G",19670201.0,",,G",19670211.0,",4,I",19670227.0,",,G",0.9,",G,01,",2.0,"4,,I,11,",29.8,",G,27,",793.5,G,150.1,",G",2.0,"4,,,I",1.307,",G",2.049,",,,G",0.564,",,,G"
AG000060611,1967-03-01,28.05,9.6331,561.0,"IN AMENAS, AG",18.3,G,15.7,",G",1.0,",I",0.0,",I",0.0,",I",0.0,",G",0.0,",G",0.0,",G",22.0,",G",0.0,",G",19670316.0,",,G",19670330.0,",,I",19670310.0,",,G",2.0,",G,16,",1.0,",,I,30,",30.4,",G,10,",890.0,G,96.5,",G",1.0,",,,I",1.573,",G",2.366,",,,G",0.78,",,,G"
AG000060611,1967-04-01,28.05,9.6331,561.0,"IN AMENAS, AG",140.6,G,122.3,",G",1.0,"3,I",0.0,"3,I",0.0,"3,I",0.0,",G",0.0,",G",0.0,",G",30.0,",G",10.0,",G",19670404.0,",,G",19670420.0,",3,I",19670429.0,",,G",6.8,",G,04,",1.0,"3,,I,20,",37.0,",G,29,",899.7,G,9.7,",G",1.0,"3,,,I",2.209,",G",2.9699999999999998,",,,G",1.447,",,,G"
AG000060611,1967-05-01,28.05,9.6331,561.0,"IN AMENAS, AG",406.4,G,265.8,",G",0.0,"1,I",0.0,"1,I",0.0,"1,I",0.0,",G",0.0,",G",0.0,",G",31.0,",G",26.0,",G",19670521.0,",,G",19670531.0,"+,1,I",19670504.0,",,G",12.2,",G,21,",0.0,"1,,I,31,+",41.7,",G,04,",899.7,G,0.0,",G",0.0,"1,,,I",2.691,",G",3.5189999999999997,",,,G",1.863,",,,G"
AG000060611,1967-06-01,28.05,9.6331,561.0,"IN AMENAS, AG",777.3,G,370.9,",G",0.0,",I",0.0,",I",0.0,",I",0.0,",G",0.0,",G",0.0,",G",30.0,",G",30.0,",G",19670626.0,",,G",19670630.0,"+,,I",19670619.0,"+,,G",17.3,",G,26,",0.0,",,I,30,+",44.7,",G,19,+",899.7,G,0.0,",G",0.0,",,,I",3.07,",G",3.8869999999999996,",,,G",2.252,",,,G"
AG000060611,1967-07-01,28.05,9.6331,561.0,"IN AMENAS, AG",1102.8,G,325.5,",G",0.0,",I",0.0,",I",0.0,",I",0.0,",G",0.0,",G",0.0,",G",31.0,",G",30.0,",G",19670702.0,",,G",19670731.0,"+,,I",19670706.0,",,G",17.0,",G,02,",0.0,",,I,31,+",42.8,",G,06,",0.0,G,0.0,",G",0.0,",,,I",2.883,",G",3.681,",,,G",2.086,",,,G"
AG000060611,1967-08-01,28.05,9.6331,561.0,"IN AMENAS, AG",1445.9,G,343.1,",G",0.0,",I",0.0,",I",0.0,",I",0.0,",G",0.0,",G",0.0,",G",31.0,",G",31.0,",G",19670828.0,",,G",19670831.0,"+,,I",19670815.0,",,G",19.6,",G,28,",0.0,",,I,31,+",41.0,",G,15,",0.0,G,0.0,",G",0.0,",,,I",2.94,",G",3.719,",,,G",2.161,",,,G"
AG000060611,1967-09-01,28.05,9.6331,561.0,"IN AMENAS, AG",1769.4,G,323.5,",G",1.0,"1,I",0.0,"1,I",0.0,"1,I",0.0,",G",0.0,",G",0.0,",G",30.0,",G",28.0,",G",19670920.0,",,G",19670922.0,",1,I",19670903.0,",,G",16.5,",G,20,",1.0,"1,,I,22,",42.1,",G,03,",0.0,G,0.0,",G",1.0,"1,,,I",2.912,",G",3.69,",,,G",2.133,",,,G"
AG000060611,1967-10-01,28.05,9.6331,561.0,"IN AMENAS, AG",1896.0,G,126.6,",G",2.0,"1,I",1.0,"1,I",0.0,"1,I",0.0,",G",0.0,",G",0.0,",G",31.0,",G",5.0,",G",19671029.0,",,G",19671026.0,",1,I",19671006.0,",,G",9.9,",G,29,",4.0,"1,,I,26,",35.9,",G,06,",2.3,G,2.3,",G",5.0,"1,,,I",2.2350000000000003,",G",2.948,",,,G",1.5210000000000001,",,,G"
AG000060611,1967-11-01,28.05,9.6331,561.0,"IN AMENAS, AG",1926.6,G,30.6,",G",1.0,"1,I",0.0,"1,I",0.0,"1,I",0.0,",G",0.0,",G",0.0,",G",24.0,",G",0.0,",G",19671126.0,",,G",19671128.0,",1,I",19671110.0,",,G",4.8,",G,26,",2.0,"1,,I,28,",31.3,",G,10,",68.8,G,66.5,",G",2.0,"1,,,I",1.714,",G",2.4210000000000003,",,,G",1.006,",,,G"
AG000060611,1967-12-01,28.05,9.6331,561.0,"IN AMENAS, AG",1926.6,G,0.0,",G",1.0,",I",0.0,",I",0.0,",I",0.0,",G",5.0,",G",0.0,",G",5.0,",G",0.0,",G",19671216.0,",,G",19671221.0,",,I",19671211.0,",,G",-2.8,",G,16,",2.0,",,I,21,",24.8,",G,11,",329.5,G,260.7,",G",2.0,",,,I",0.992,",G",1.698,",,,G",0.28700000000000003,",,,G"
AG000060611,1968-01-01,28.05,9.6331,561.0,"IN AMENAS, AG",0.0,G,0.0,",G",0.0,",I",0.0,",I",0.0,",I",0.0,",G",20.0,",G",0.0,",G",0.0,",G",0.0,",G",19680129.0,",,G",19680131.0,"+,,I",19680110.0,",,G",-2.7,",G,29,",0.0,",,I,31,+",19.5,",G,10,",659.5,G,330.0,",G",0.0,",,,I",0.769,",G",1.526,",,,G",0.012,",,,G"
AG000060611,1968-02-01,28.05,9.6331,561.0,"IN AMENAS, AG",11.5,G,11.5,",G",0.0,"1,I",0.0,"1,I",0.0,"1,I",0.0,",G",1.0,",G",0.0,",G",17.0,",G",2.0,",G",19680206.0,",,G",19680229.0,"+,1,I",19680224.0,",,G",0.0,",G,06,",0.0,"1,,I,29,+",32.3,",G,24,",780.9,G,121.4,",G",0.0,"1,,,I",1.454,",G",2.306,",,,G",0.603,",,,G"
AG000060611,1968-03-01,28.05,9.6331,561.0,"IN AMENAS, AG",68.9,G,57.4,",G",0.0,",I",0.0,",I",0.0,",I",0.0,",G",0.0,",G",0.0,",G",26.0,",G",4.0,",G",19680301.0,",,G",19680331.0,"+,,I",19680331.0,",,G",2.8,",G,01,",0.0,",,I,31,+",35.3,",G,31,",829.1,G,48.2,",G",0.0,",,,I",1.863,",G",2.7,",,,G",1.026,",,,G"
AG000060611,1968-04-01,28.05,9.6331,561.0,"IN AMENAS, AG",279.7,G,210.8,",G",,,,,,,0.0,",G",0.0,",G",0.0,",G",30.0,",G",18.0,",G",19680403.0,",,G",,,19680430.0,",,G",11.2,",G,03,",,,37.8,",G,30,",829.1,G,0.0,",G",,,2.536,",G",3.257,",,,G",1.815,",,,G"
AG000060611,1968-05-01,28.05,9.6331,561.0,"IN AMENAS, AG",566.9,G,287.2,",G",1.0,"2,I",1.0,"2,I",0.0,"2,I",0.0,",G",0.0,",G",0.0,",G",31.0,",G",25.0,",G",19680517.0,",,G",19680511.0,",2,I",19680529.0,",,G",12.4,",G,17,",4.0,"2,,I,11,",40.4,",G,29,",829.1,G,0.0,",G",4.0,"2,,,I",2.7600000000000002,",G",3.5439999999999996,",,,G",1.975,",,,G"
AG000060611,1968-06-01,28.05,9.6331,561.0,"IN AMENAS, AG",918.5,G,351.6,",G",2.0,"3,I",1.0,"3,I",0.0,"3,I",0.0,",G",0.0,",G",0.0,",G",30.0,",G",28.0,",G",19680607.0,",,G",19680611.0,",3,I",19680621.0,",,G",17.3,",G,07,",3.0,"3,,I,11,",44.9,",G,21,",829.1,G,0.0,",G",5.0,"3,,,I",3.005,",G",3.7950000000000004,",,,G",2.216,",,,G"
AG000060611,1968-07-01,28.05,9.6331,561.0,"IN AMENAS, AG",1283.6,G,365.1,",G",0.0,",I",0.0,",I",0.0,",I",0.0,",G",0.0,",G",0.0,",G",31.0,",G",31.0,",G",19680711.0,",,G",19680731.0,"+,,I",19680721.0,",,G",18.8,",G,11,",0.0,",,I,31,+",42.2,",G,21,",0.0,G,0.0,",G",0.0,",,,I",3.011,",G",3.815,",,,G",2.2079999999999997,",,,G"
AG000060611,1968-08-01,28.05,9.6331,561.0,"IN AMENAS, AG",1696.8,G,413.2,",G",0.0,",I",0.0,",I",0.0,",I",0.0,",G",0.0,",G",0.0,",G",31.0,",G",31.0,",G",19680830.0,",,G",19680831.0,"+,,I",19680813.0,",,G",19.6,",G,30,",0.0,",,I,31,+",44.2,",G,13,",0.0,G,0.0,",G",0.0,",,,I",3.166,",G",4.018,",,,G",2.315,",,,G"
AG000060611,1968-09-01,28.05,9.6331,561.0,"IN AMENAS, AG",1996.3,G,299.5,",G",0.0,"1,I",0.0,"1,I",0.0,"1,I",0.0,",G",0.0,",G",0.0,",G",30.0,",G",29.0,",G",19680911.0,",,G",19680930.0,"+,1,I",19680902.0,"+,,G",16.5,",G,11,",0.0,"1,,I,30,+",41.1,",G,02,+",0.0,G,0.0,",G",0.0,"1,,,I",2.832,",G",3.6390000000000002,",,,G",2.024,",,,G"
AG000060611,1968-10-01,28.05,9.6331,561.0,"IN AMENAS, AG",2081.0,G,84.7,",G",0.0,"1,I",0.0,"1,I",0.0,"1,I",0.0,",G",0.0,",G",0.0,",G",30.0,",G",1.0,",G",19681023.0,",,G",19681031.0,"+,1,I",19681004.0,",,G",6.2,",G,23,",0.0,"1,,I,31,+",32.6,",G,04,",14.9,G,14.9,",G",0.0,"1,,,I",2.059,",G",2.823,",,,G",1.295,",,,G"
AG000060611,1968-11-01,28.05,9.6331,561.0,"IN AMENAS, AG",2100.5,G,19.5,",G",0.0,",I",0.0,",I",0.0,",I",0.0,",G",0.0,",G",0.0,",G",25.0,",G",2.0,",G",19681125.0,",,G",19681130.0,"+,,I",19681116.0,",,G",3.7,",G,25,",0.0,",,I,30,+",33.0,",G,16,",79.6,G,64.7,",G",0.0,",,,I",1.6829999999999998,",G",2.52,",,,G",0.845,",,,G"
AG000060611,1968-12-01,28.05,9.6331,561.0,"IN AMENAS, AG",2101.7,G,1.2,",G",0.0,"1,I",0.0,"1,I",0.0,"1,I",0.0,",G",1.0,",G",0.0,",G",11.0,",G",0.0,",G",19681222.0,",,G",19681231.0,"+,1,I",19681208.0,",,G",-0.2,",G,22,",0.0,"1,,I,31,+",27.6,",G,08,",292.2,G,212.6,",G",0.0,"1,,,I",1.151,",G",1.986,",,,G",0.317,",,,G"
AG000060611,1969-01-01,28.05,9.6331,561.0,"IN AMENAS, AG",0.2,G,0.2,",G",0.0,"1,I",0.0,"1,I",0.0,"1,I",0.0,",G",6.0,",G",0.0,",G",5.0,",G",0.0,",G",19690104.0,",,G",19690131.0,"+,1,I",19690110.0,",,G",-3.1,",G,04,",0.0,"1,,I,31,+",26.1,",G,10,",539.1,G,246.9,",G",0.0,"1,,,I",1.037,",G",1.798,",,,G",0.277,",,,G"
AG000060611,1969-02-01,28.05,9.6331,561.0,"IN AMENAS, AG",41.4,G,41.2,",G",0.0,"1,I",0.0,"1,I",0.0,"1,I",0.0,",G",1.0,",G",0.0,",G",23.0,",G",3.0,",G",19690207.0,",,G",19690228.0,"+,1,I",19690220.0,",,G",-0.3,",G,07,",0.0,"1,,I,28,+",33.9,",G,20,",598.6,G,59.5,",G",0.0,"1,,,I",1.768,",G",2.638,",,,G",0.899,",,,G"
AG000060611,1969-03-01,28.05,9.6331,561.0,"IN AMENAS, AG",138.3,G,96.9,",G",0.0,"2,I",0.0,"2,I",0.0,"2,I",0.0,",G",0.0,",G",0.0,",G",31.0,",G",10.0,",G",19690307.0,",,G",19690331.0,"+,2,I",19690325.0,",,G",7.0,",G,07,",0.0,"2,,I,31,+",36.8,",G,25,",613.5,G,14.9,",G",0.0,"2,,,I",2.098,",G",2.918,",,,G",1.278,",,,G"
AG000060611,1969-04-01,28.05,9.6331,561.0,"IN AMENAS, AG",259.2,G,120.9,",G",1.0,"5,I",0.0,"5,I",0.0,"5,I",0.0,",G",0.0,",G",0.0,",G",30.0,",G",8.0,",G",19690416.0,",,G",19690411.0,",5,I",19690426.0,",,G",6.9,",G,16,",1.0,"5,,I,11,",37.9,",G,26,",630.9,G,17.4,",G",1.0,"5,,,I",2.179,",G",2.9219999999999997,",,,G",1.435,",,,G"
AG000060611,1969-05-01,28.05,9.6331,561.0,"IN AMENAS, AG",545.0,G,285.8,",G",0.0,",I",0.0,",I",0.0,",I",0.0,",G",0.0,",G",0.0,",G",31.0,",G",20.0,",G",19690514.0,",,G",19690531.0,"+,,I",19690528.0,",,G",13.0,",G,14,",0.0,",,I,31,+",43.3,",G,28,",630.9,G,0.0,",G",0.0,",,,I",2.755,",G",3.603,",,,G",1.908,",,,G"
AG000060611,1969-06-01,28.05,9.6331,561.0,"IN AMENAS, AG",986.3,G,441.3,",G",1.0,"4,I",0.0,"4,I",0.0,"4,I",0.0,",G",0.0,",G",0.0,",G",30.0,",G",30.0,",G",19690605.0,",,G",19690603.0,",4,I",19690619.0,",,G",19.7,",G,05,",1.0,"4,,I,03,",43.7,",G,19,",630.9,G,0.0,",G",1.0,"4,,,I",3.304,",G",4.074,",,,G",2.534,",,,G"
AG000060611,1969-07-01,28.05,9.6331,561.0,"IN AMENAS, AG",1335.2,G,348.9,",G",0.0,",I",0.0,",I",0.0,",I",0.0,",G",0.0,",G",0.0,",G",31.0,",G",31.0,",G",19690720.0,",,G",19690731.0,"+,,I",19690711.0,",,G",16.5,",G,20,",0.0,",,I,31,+",43.0,",G,11,",0.0,G,0.0,",G",0.0,",,,I",2.959,",G",3.72,",,,G",2.197,",,,G"
AG000060611,1969-08-01,28.05,9.6331,561.0,"IN AMENAS, AG",1734.7,G,399.5,",G",0.0,",I",0.0,",I",0.0,",I",0.0,",G",0.0,",G",0.0,",G",31.0,",G",31.0,",G",19690816.0,",,G",19690831.0,"+,,I",19690822.0,",,G",19.6,",G,16,",0.0,",,I,31,+",41.6,",G,22,",0.0,G,0.0,",G",0.0,",,,I",3.122,",G",3.9200000000000004,",,,G",2.324,",,,G"
AG000060611,1969-09-01,28.05,9.6331,561.0,"IN AMENAS, AG",2093.0,G,358.3,",G",0.0,",I",0.0,",I",0.0,",I",0.0,",G",0.0,",G",0.0,",G",30.0,",G",27.0,",G",19690924.0,",,G",19690930.0,"+,,I",19690913.0,",,G",14.4,",G,24,",0.0,",,I,30,+",42.9,",G,13,",0.0,G,0.0,",G",0.0,",,,I",3.028,",G",3.821,",,,G",2.234,",,,G"
AG000060611,1969-10-01,28.05,9.6331,561.0,"IN AMENAS, AG",2230.5,G,137.5,",G",4.0,"4,I",3.0,"4,I",0.0,"4,I",0.0,",G",0.0,",G",0.0,",G",30.0,",G",7.0,",G",19691024.0,",,G",19691021.0,",4,I",19691006.0,",,G",10.0,",G,24,",5.0,"4,,I,21,",36.5,",G,06,",7.7,G,7.7,",G",12.0,"4,,,I",2.252,",G",2.8850000000000002,",,,G",1.6190000000000002,",,,G"
AG000060611,1969-11-01,28.05,9.6331,561.0,"IN AMENAS, AG",2252.3,G,21.8,",G",2.0,",I",2.0,",I",0.0,",I",0.0,",G",0.0,",G",0.0,",G",29.0,",G",0.0,",G",19691121.0,",,G",19691103.0,",,I",19691130.0,",,G",6.1,",G,21,",6.0,",,I,03,",30.6,",G,30,",32.6,G,24.9,",G",9.0,",,,I",1.823,",G",2.5829999999999997,",,,G",1.0619999999999998,",,,G"
AG000060611,1969-12-01,28.05,9.6331,561.0,"IN AMENAS, AG",2252.3,G,0.0,"2,G",1.0,",I",0.0,",I",0.0,",I",0.0,"1,G",11.0,"1,G",0.0,"1,G",2.0,"1,G",0.0,"1,G",19691207.0,",1,G",19691218.0,",,I",19691201.0,",1,G",-3.6,"1,G,07,",1.0,",,I,18,",25.8,"1,G,01,",304.4,G,271.8,"1,G",1.0,",,,I",0.916,"2,G",1.721,"1,,,G",0.11000000000000001,"1,,,G"
AG000060611,1970-01-01,28.05,9.6331,561.0,"IN AMENAS, AG",3.6,G,3.6,",G",1.0,"2,I",1.0,"2,I",0.0,"2,I",0.0,",G",1.0,",G",0.0,",G",18.0,",G",0.0,",G",19700118.0,",,G",19700106.0,",2,I",19700106.0,",,G",-0.2,",G,18,",3.0,"2,,I,06,",29.9,",G,06,",460.0,G,155.6,",G",3.0,"2,,,I",1.343,",G",2.159,",,,G",0.526,",,,G"
AG000060611,1970-02-01,28.05,9.6331,561.0,"IN AMENAS, AG",3.6,G,0.0,",G",0.0,",I",0.0,",I",0.0,",I",0.0,",G",1.0,",G",0.0,",G",16.0,",G",0.0,",G",19700228.0,",,G",19700228.0,"+,,I",19700210.0,",,G",-0.8,",G,28,",0.0,",,I,28,+",29.2,",G,10,",615.7,G,155.7,",G",0.0,",,,I",1.277,",G",2.138,",,,G",0.41600000000000004,",,,G"
AG000060611,1970-03-01,28.05,9.6331,561.0,"IN AMENAS, AG",64.2,G,60.6,",G",2.0,"1,I",2.0,"1,I",1.0,"1,I",0.0,",G",0.0,",G",0.0,",G",23.0,",G",6.0,",G",19700301.0,",,G",19700306.0,",1,I",19700328.0,",,G",0.1,",G,01,",29.0,"1,,I,06,",37.3,",G,28,",689.0,G,73.3,",G",35.0,"1,,,I",1.7920000000000003,",G",2.5989999999999998,",,,G",0.986,",,,G"
AG000060611,1970-04-01,28.05,9.6331,561.0,"IN AMENAS, AG",154.8,G,90.6,",G",0.0,",I",0.0,",I",0.0,",I",0.0,",G",0.0,",G",0.0,",G",28.0,",G",8.0,",G",19700423.0,",,G",19700430.0,"+,,I",19700429.0,",,G",6.8,",G,23,",0.0,",,I,30,+",38.4,",G,29,",718.1,G,29.1,",G",0.0,",,,I",2.038,",G",2.826,",,,G",1.25,",,,G"
AG000060611,1970-05-01,28.05,9.6331,561.0,"IN AMENAS, AG",401.2,G,246.4,",G",1.0,"1,I",1.0,"1,I",0.0,"1,I",0.0,",G",0.0,",G",0.0,",G",31.0,",G",23.0,",G",19700501.0,",,G",19700530.0,",1,I",19700515.0,",,G",9.8,",G,01,",3.0,"1,,I,30,",41.0,",G,15,",720.1,G,2.0,",G",3.0,"1,,,I",2.622,",G",3.493,",,,G",1.7510000000000001,",,,G"
AG000060611,1970-06-01,28.05,9.6331,561.0,"IN AMENAS, AG",821.0,G,419.8,",G",0.0,"3,I",0.0,"3,I",0.0,"3,I",0.0,",G",0.0,",G",0.0,",G",30.0,",G",30.0,",G",19700604.0,",,G",19700630.0,"+,3,I",19700616.0,"+,,G",20.3,",G,04,",0.0,"3,,I,30,+",43.8,",G,16,+",720.1,G,0.0,",G",0.0,"3,,,I",3.2329999999999997,",G",4.069,",,,G",2.397,",,,G"
AG000060611,1970-07-01,28.05,9.6331,561.0,"IN AMENAS, AG",1187.9,G,366.9,",G",0.0,",I",0.0,",I",0.0,",I",0.0,",G",0.0,",G",0.0,",G",31.0,",G",31.0,",G",19700723.0,"+,,G",19700731.0,"+,,I",19700716.0,",,G",19.7,",G,23,+",0.0,",,I,31,+",42.0,",G,16,",0.0,G,0.0,",G",0.0,",,,I",3.0170000000000003,",G",3.8329999999999997,",,,G",2.201,",,,G"
AG000060611,1970-08-01,28.05,9.6331,561.0,"IN AMENAS, AG",1576.9,G,389.0,",G",0.0,",I",0.0,",I",0.0,",I",0.0,",G",0.0,",G",0.0,",G",31.0,",G",31.0,",G",19700816.0,",,G",19700831.0,"+,,I",19700828.0,",,G",18.5,",G,16,",0.0,",,I,31,+",42.0,",G,28,",0.0,G,0.0,",G",0.0,",,,I",3.088,",G",3.94,",,,G",2.2359999999999998,",,,G"
AG000060611,1970-09-01,28.05,9.6331,561.0,"IN AMENAS, AG",1850.8,G,273.9,",G",0.0,"1,I",0.0,"1,I",0.0,"1,I",0.0,",G",0.0,",G",0.0,",G",30.0,",G",25.0,",G",19700923.0,",,G",19700930.0,"+,1,I",19700905.0,",,G",15.6,",G,23,",0.0,"1,,I,30,+",39.2,",G,05,",0.0,G,0.0,",G",0.0,"1,,,I",2.746,",G",3.527,",,,G",1.9649999999999999,",,,G"
AG000060611,1970-10-01,28.05,9.6331,561.0,"IN AMENAS, AG",1976.4,G,125.6,",G",0.0,"2,I",0.0,"2,I",0.0,"2,I",0.0,",G",0.0,",G",0.0,",G",31.0,",G",11.0,",G",19701031.0,",,G",19701031.0,"+,2,I",19701009.0,",,G",8.3,",G,31,",0.0,"2,,I,31,+",35.2,",G,09,",14.2,G,14.2,",G",0.0,"2,,,I",2.192,",G",2.933,",,,G",1.452,",,,G"
AG000060611,1970-11-01,28.05,9.6331,561.0,"IN AMENAS, AG",1981.4,G,5.0,",G",0.0,",I",0.0,",I",0.0,",I",0.0,",G",0.0,",G",0.0,",G",25.0,",G",0.0,",G",19701130.0,",,G",19701130.0,"+,,I",19701115.0,",,G",3.4,",G,30,",0.0,",,I,30,+",28.4,",G,15,",84.5,G,70.3,",G",0.0,",,,I",1.616,",G",2.399,",,,G",0.833,",,,G"
AG000060611,1970-12-01,28.05,9.6331,561.0,"IN AMENAS, AG",1986.3,G,4.9,",G",1.0,",I",1.0,",I",0.0,",I",0.0,",G",3.0,",G",0.0,",G",8.0,",G",0.0,",G",19701222.0,",,G",19701219.0,",,I",19701230.0,",,G",-1.0,",G,22,",4.0,",,I,19,",28.9,",G,30,",291.3,G,206.8,",G",4.0,",,,I",1.182,",G",1.909,",,,G",0.45499999999999996,",,,G"
AG000060611,1971-01-01,28.05,9.6331,561.0,"IN AMENAS, AG",0.0,G,0.0,",G",0.0,",I",0.0,",I",0.0,",I",0.0,",G",9.0,",G",0.0,",G",6.0,",G",0.0,",G",19710118.0,",,G",19710131.0,"+,,I",19710130.0,",,G",-2.8,",G,18,",0.0,",,I,31,+",23.8,",G,30,",554.8,G,263.5,",G",0.0,",,,I",0.983,",G",1.794,",,,G",0.173,",,,G"
AG000060611,1971-02-01,28.05,9.6331,561.0,"IN AMENAS, AG",0.0,G,0.0,",G",2.0,",I",1.0,",I",0.0,",I",0.0,",G",8.0,",G",0.0,",G",4.0,",G",0.0,",G",19710227.0,",,G",19710215.0,",,I",19710214.0,",,G",-1.2,",G,27,",4.0,",,I,15,",24.9,",G,14,",763.1,G,208.3,",G",6.0,",,,I",1.089,",G",1.829,",,,G",0.35,",,,G"
AG000060611,1971-03-01,28.05,9.6331,561.0,"IN AMENAS, AG",47.9,G,47.9,",G",0.0,"1,I",0.0,"1,I",0.0,"1,I",0.0,",G",2.0,",G",0.0,",G",26.0,",G",2.0,",G",19710303.0,",,G",19710331.0,"+,1,I",19710320.0,",,G",-0.8,",G,03,",0.0,"1,,I,31,+",33.2,",G,20,",841.0,G,77.9,",G",0.0,"1,,,I",1.736,",G",2.567,",,,G",0.905,",,,G"
AG000060611,1971-04-01,28.05,9.6331,561.0,"IN AMENAS, AG",186.9,G,139.0,",G",0.0,"1,I",0.0,"1,I",0.0,"1,I",0.0,",G",0.0,",G",0.0,",G",30.0,",G",13.0,",G",19710403.0,",,G",19710430.0,"+,1,I",19710422.0,",,G",5.9,",G,03,",0.0,"1,,I,30,+",38.8,",G,22,",850.0,G,9.0,",G",0.0,"1,,,I",2.2670000000000003,",G",3.103,",,,G",1.431,",,,G"
AG000060611,1971-05-01,28.05,9.6331,561.0,"IN AMENAS, AG",459.3,G,272.4,",G",1.0,"2,I",0.0,"2,I",0.0,"2,I",0.0,",G",0.0,",G",0.0,",G",31.0,",G",23.0,",G",19710529.0,",,G",19710518.0,",2,I",19710525.0,",,G",13.4,",G,29,",1.0,"2,,I,18,",40.0,",G,25,",850.0,G,0.0,",G",1.0,"2,,,I",2.712,",G",3.461,",,,G",1.9629999999999999,",,,G"
AG000060611,1971-06-01,28.05,9.6331,561.0,"IN AMENAS, AG",818.4,G,359.1,",G",0.0,",I",0.0,",I",0.0,",I",0.0,",G",0.0,",G",0.0,",G",30.0,",G",30.0,",G",19710601.0,",,G",19710630.0,"+,,I",19710629.0,",,G",16.7,",G,01,",0.0,",,I,30,+",42.8,",G,29,",850.0,G,0.0,",G",0.0,",,,I",3.0300000000000002,",G",3.9520000000000004,",,,G",2.1079999999999997,",,,G"
AG000060611,1971-07-01,28.05,9.6331,561.0,"IN AMENAS, AG",1198.6,G,380.2,",G",0.0,",I",0.0,",I",0.0,",I",0.0,",G",0.0,",G",0.0,",G",31.0,",G",31.0,",G",19710717.0,",,G",19710731.0,"+,,I",19710724.0,",,G",20.0,",G,17,",0.0,",,I,31,+",43.5,",G,24,",0.0,G,0.0,",G",0.0,",,,I",3.06,",G",3.8979999999999997,",,,G",2.221,",,,G"
AG000060611,1971-08-01,28.05,9.6331,561.0,"IN AMENAS, AG",1529.9,G,331.3,",G",0.0,",I",0.0,",I",0.0,",I",0.0,",G",0.0,",G",0.0,",G",31.0,",G",31.0,",G",19710828.0,",,G",19710831.0,"+,,I",19710817.0,"+,,G",18.8,",G,28,",0.0,",,I,31,+",39.9,",G,17,+",0.0,G,0.0,",G",0.0,",,,I",2.902,",G",3.739,",,,G",2.065,",,,G"
AG000060611,1971-09-01,28.05,9.6331,561.0,"IN AMENAS, AG",1809.8,G,279.9,",G",1.0,"1,I",0.0,"1,I",0.0,"1,I",0.0,",G",0.0,",G",0.0,",G",30.0,",G",26.0,",G",19710925.0,",,G",19710919.0,",1,I",19710916.0,",,G",17.1,",G,25,",1.0,"1,,I,19,",38.8,",G,16,",0.0,G,0.0,",G",1.0,"1,,,I",2.766,",G",3.539,",,,G",1.9940000000000002,",,,G"
AG000060611,1971-10-01,28.05,9.6331,561.0,"IN AMENAS, AG",1884.3,G,74.5,",G",0.0,",I",0.0,",I",0.0,",I",0.0,",G",0.0,",G",0.0,",G",31.0,",G",0.0,",G",19711030.0,",,G",19711031.0,"+,,I",19711016.0,",,G",8.3,",G,30,",0.0,",,I,31,+",31.9,",G,16,",11.2,G,11.2,",G",0.0,",,,I",2.038,",G",2.743,",,,G",1.333,",,,G"
AG000060611,1971-11-01,28.05,9.6331,561.0,"IN AMENAS, AG",1890.8,G,6.5,",G",1.0,"1,I",0.0,"1,I",0.0,"1,I",0.0,",G",0.0,",G",0.0,",G",20.0,",G",0.0,",G",19711122.0,",,G",19711127.0,",1,I",19711126.0,",,G",1.5,",G,22,",2.0,"1,,I,27,",29.3,",G,26,",104.1,G,92.9,",G",2.0,"1,,,I",1.545,",G",2.241,",,,G",0.849,",,,G"
AG000060611,1971-12-01,28.05,9.6331,561.0,"IN AMENAS, AG",1897.9,G,7.1,",G",0.0,"5,I",0.0,"5,I",0.0,"5,I",0.0,",G",2.0,",G",0.0,",G",7.0,",G",0.0,",G",19711212.0,"+,,G",19711231.0,"+,5,I",19711206.0,",,G",0.0,",G,12,+",0.0,"5,,I,31,+",28.3,",G,06,",301.5,G,197.4,",G",0.0,"5,,,I",1.2189999999999999,",G",1.9129999999999998,",,,G",0.526,",,,G"
AG000060611,1972-01-01,28.05,9.6331,561.0,"IN AMENAS, AG",0.0,G,0.0,",G",0.0,"1,I",0.0,"1,I",0.0,"1,I",0.0,",G",7.0,",G",0.0,",G",10.0,",G",0.0,",G",19720123.0,",,G",19720131.0,"+,1,I",19720107.0,",,G",-2.2,",G,23,",0.0,"1,,I,31,+",26.4,",G,07,",547.6,G,246.1,",G",0.0,"1,,,I",1.0390000000000001,",G",1.831,",,,G",0.248,",,,G"
AG000060611,1972-02-01,28.05,9.6331,561.0,"IN AMENAS, AG",5.3,G,5.3,",G",0.0,",I",0.0,",I",0.0,",I",0.0,",G",2.0,",G",0.0,",G",13.0,",G",0.0,",G",19720203.0,",,G",19720229.0,"+,,I",19720218.0,",,G",-0.7,",G,03,",0.0,",,I,29,+",31.8,",G,18,",703.0,G,155.4,",G",0.0,",,,I",1.316,",G",2.13,",,,G",0.501,",,,G"
AG000060611,1972-03-01,28.05,9.6331,561.0,"IN AMENAS, AG",22.8,G,17.5,",G",4.0,"1,I",2.0,"1,I",0.0,"1,I",0.0,",G",0.0,",G",0.0,",G",22.0,",G",1.0,",G",19720303.0,",,G",19720315.0,",1,I",19720324.0,",,G",2.0,",G,03,",7.0,"1,,I,15,",34.1,",G,24,",771.8,G,68.8,",G",15.0,"1,,,I",1.668,",G",2.38,",,,G",0.9550000000000001,",,,G"
AG000060611,1972-04-01,28.05,9.6331,561.0,"IN AMENAS, AG",110.3,G,87.5,",G",2.0,"3,I",1.0,"3,I",0.0,"3,I",0.0,",G",0.0,",G",0.0,",G",29.0,",G",4.0,",G",19720412.0,",,G",19720404.0,",3,I",19720410.0,",,G",7.6,",G,12,",4.0,"3,,I,04,",35.4,",G,10,",783.0,G,11.2,",G",5.0,"3,,,I",2.088,",G",2.831,",,,G",1.3439999999999999,",,,G"
AG000060611,1972-05-01,28.05,9.6331,561.0,"IN AMENAS, AG",313.7,G,203.4,",G",3.0,"4,I",0.0,"4,I",0.0,"4,I",0.0,",G",0.0,",G",0.0,",G",31.0,",G",18.0,",G",19720511.0,",,G",19720522.0,"+,4,I",19720515.0,"+,,G",10.0,",G,11,",2.0,"4,,I,22,+",37.9,",G,15,+",785.2,G,2.2,",G",5.0,"4,,,I",2.4829999999999997,",G",3.2270000000000003,",,,G",1.738,",,,G"
AG000060611,1972-06-01,28.05,9.6331,561.0,"IN AMENAS, AG",721.3,G,407.6,",G",0.0,"1,I",0.0,"1,I",0.0,"1,I",0.0,",G",0.0,",G",0.0,",G",30.0,",G",30.0,",G",19720604.0,",,G",19720630.0,"+,1,I",19720622.0,",,G",20.1,",G,04,",0.0,"1,,I,30,+",44.5,",G,22,",785.2,G,0.0,",G",0.0,"1,,,I",3.192,",G",4.01,",,,G",2.3739999999999997,",,,G"
AG000060611,1972-07-01,28.05,9.6331,561.0,"IN AMENAS, AG",1143.3,G,422.0,",G",0.0,",I",0.0,",I",0.0,",I",0.0,",G",0.0,",G",0.0,",G",31.0,",G",31.0,",G",19720705.0,",,G",19720731.0,"+,,I",19720721.0,",,G",18.1,",G,05,",0.0,",,I,31,+",44.7,",G,21,",0.0,G,0.0,",G",0.0,",,,I",3.195,",G",4.0729999999999995,",,,G",2.316,",,,G"
AG000060611,1972-08-01,28.05,9.6331,561.0,"IN AMENAS, AG",1523.4,G,380.1,",G",1.0,",I",0.0,",I",0.0,",I",0.0,",G",0.0,",G",0.0,",G",31.0,",G",31.0,",G",19720823.0,",,G",19720805.0,",,I",19720803.0,",,G",19.2,",G,23,",1.0,",,I,05,",44.2,",G,03,",0.0,G,0.0,",G",1.0,",,,I",3.059,",G",3.8890000000000002,",,,G",2.23,",,,G"
AG000060611,1972-09-01,28.05,9.6331,561.0,"IN AMENAS, AG",1892.3,G,368.9,",G",0.0,"3,I",0.0,"3,I",0.0,"3,I",0.0,",G",0.0,",G",0.0,",G",30.0,",G",29.0,",G",19720921.0,",,G",19720930.0,"+,3,I",19720908.0,",,G",19.1,",G,21,",0.0,"3,,I,30,+",42.2,",G,08,",0.0,G,0.0,",G",0.0,"3,,,I",3.0629999999999997,",G",3.8609999999999998,",,,G",2.2649999999999997,",,,G"
AG000060611,1972-10-01,28.05,9.6331,561.0,"IN AMENAS, AG",2049.3,G,157.0,",G",2.0,"3,I",2.0,"3,I",0.0,"3,I",0.0,",G",0.0,",G",0.0,",G",28.0,",G",13.0,",G",19721031.0,",,G",19721022.0,",3,I",19721004.0,",,G",7.9,",G,31,",14.0,"3,,I,22,",37.9,",G,04,",26.2,G,26.2,",G",18.0,"3,,,I",2.255,",G",2.944,",,,G",1.567,",,,G"
AG000060611,1972-11-01,28.05,9.6331,561.0,"IN AMENAS, AG",2051.1,G,1.8,",G",0.0,",I",0.0,",I",0.0,",I",0.0,",G",0.0,",G",0.0,",G",30.0,",G",0.0,",G",19721124.0,",,G",19721130.0,"+,,I",19721112.0,",,G",5.7,",G,24,",0.0,",,I,30,+",28.3,",G,12,",72.7,G,46.5,",G",0.0,",,,I",1.684,",G",2.4530000000000003,",,,G",0.915,",,,G"
AG000060611,1972-12-01,28.05,9.6331,561.0,"IN AMENAS, AG",2051.1,G,0.0,",G",1.0,"3,I",0.0,"3,I",0.0,"3,I",0.0,",G",0.0,",G",0.0,",G",3.0,",G",0.0,",G",19721219.0,",,G",19721225.0,",3,I",19721204.0,",,G",0.4,",G,19,",2.0,"3,,I,25,",23.2,",G,04,",298.0,G,225.3,",G",2.0,"3,,,I",1.106,",G",1.7879999999999998,",,,G",0.425,",,,G"
AG000060611,1973-01-01,28.05,9.6331,561.0,"IN AMENAS, AG",0.0,G,0.0,",G",0.0,",I",0.0,",I",0.0,",I",0.0,",G",18.0,",G",0.0,",G",1.0,",G",0.0,",G",19730115.0,",,G",19730131.0,"+,,I",19730118.0,",,G",-2.2,",G,15,",0.0,",,I,31,+",23.8,",G,18,",615.4,G,317.4,",G",0.0,",,,I",0.8099999999999999,",G",1.584,",,,G",0.034999999999999996,",,,G"
AG000060611,1973-02-01,28.05,9.6331,561.0,"IN AMENAS, AG",0.0,G,0.0,",G",1.0,",I",1.0,",I",0.0,",I",0.0,",G",3.0,",G",0.0,",G",8.0,",G",0.0,",G",19730204.0,",,G",19730216.0,",,I",19730214.0,",,G",-1.1,",G,04,",7.0,",,I,16,",25.4,",G,14,",820.4,G,205.0,",G",7.0,",,,I",1.101,",G",1.8530000000000002,",,,G",0.35,",,,G"
AG000060611,1973-03-01,28.05,9.6331,561.0,"IN AMENAS, AG",26.9,G,26.9,",G",0.0,"1,I",0.0,"1,I",0.0,"1,I",0.0,",G",2.0,",G",0.0,",G",19.0,",G",2.0,",G",19730303.0,",,G",19730331.0,"+,1,I",19730322.0,",,G",-2.5,",G,03,",0.0,"1,,I,31,+",34.0,",G,22,",956.0,G,135.6,",G",0.0,"1,,,I",1.483,",G",2.299,",,,G",0.666,",,,G"
AG000060611,1973-04-01,28.05,9.6331,561.0,"IN AMENAS, AG",155.5,G,128.6,",G",1.0,"1,I",1.0,"1,I",0.0,"1,I",0.0,",G",0.0,",G",0.0,",G",27.0,",G",13.0,",G",19730406.0,",,G",19730402.0,",1,I",19730429.0,",,G",4.4,",G,06,",3.0,"1,,I,02,",38.9,",G,29,",982.4,G,26.4,",G",3.0,"1,,,I",2.174,",G",3.0100000000000002,",,,G",1.338,",,,G"
AG000060611,1973-05-01,28.05,9.6331,561.0,"IN AMENAS, AG",457.4,G,301.9,",G",0.0,",I",0.0,",I",0.0,",I",0.0,",G",0.0,",G",0.0,",G",31.0,",G",26.0,",G",19730516.0,",,G",19730531.0,"+,,I",19730528.0,",,G",13.7,",G,16,",0.0,",,I,31,+",40.3,",G,28,",982.4,G,0.0,",G",0.0,",,,I",2.807,",G",3.678,",,,G",1.936,",,,G"
AG000060611,1973-06-01,28.05,9.6331,561.0,"IN AMENAS, AG",875.4,G,418.0,",G",0.0,",I",0.0,",I",0.0,",I",0.0,",G",0.0,",G",0.0,",G",30.0,",G",30.0,",G",19730630.0,",,G",19730630.0,"+,,I",19730612.0,",,G",18.6,",G,30,",0.0,",,I,30,+",44.2,",G,12,",982.4,G,0.0,",G",0.0,",,,I",3.2270000000000003,",G",4.031000000000001,",,,G",2.4219999999999997,",,,G"
AG000060611,1973-07-01,28.05,9.6331,561.0,"IN AMENAS, AG",1291.7,G,416.3,",G",0.0,",I",0.0,",I",0.0,",I",0.0,",G",0.0,",G",0.0,",G",31.0,",G",31.0,",G",19730701.0,",,G",19730731.0,"+,,I",19730730.0,",,G",17.2,",G,01,",0.0,",,I,31,+",44.2,",G,30,",0.0,G,0.0,",G",0.0,",,,I",3.176,",G",4.049,",,,G",2.304,",,,G"
AG000060611,1973-08-01,28.05,9.6331,561.0,"IN AMENAS, AG",1652.7,G,361.0,",G",0.0,"1,I",0.0,"1,I",0.0,"1,I",0.0,",G",0.0,",G",0.0,",G",31.0,",G",31.0,",G",19730819.0,",,G",19730831.0,"+,1,I",19730806.0,",,G",19.0,",G,19,",0.0,"1,,I,31,+",42.9,",G,06,",0.0,G,0.0,",G",0.0,"1,,,I",2.998,",G",3.7840000000000003,",,,G",2.212,",,,G"
AG000060611,1973-09-01,28.05,9.6331,561.0,"IN AMENAS, AG",1889.8,G,237.1,",G",0.0,",I",0.0,",I",0.0,",I",0.0,",G",0.0,",G",0.0,",G",30.0,",G",25.0,",G",19730927.0,",,G",19730930.0,"+,,I",19730923.0,",,G",11.4,",G,27,",0.0,",,I,30,+",39.9,",G,23,",0.0,G,0.0,",G",0.0,",,,I",2.6239999999999997,",G",3.4270000000000005,",,,G",1.8199999999999998,",,,G"
AG000060611,1973-10-01,28.05,9.6331,561.0,"IN AMENAS, AG",2036.8,G,147.0,",G",0.0,",I",0.0,",I",0.0,",I",0.0,",G",0.0,",G",0.0,",G",28.0,",G",20.0,",G",19731028.0,",,G",19731031.0,"+,,I",19731002.0,",,G",5.3,",G,28,",0.0,",,I,31,+",37.2,",G,02,",29.2,G,29.2,",G",0.0,",,,I",2.213,",G",3.086,",,,G",1.34,",,,G"
AG000060611,1973-11-01,28.05,9.6331,561.0,"IN AMENAS, AG",2042.6,G,5.8,",G",0.0,",I",0.0,",I",0.0,",I",0.0,",G",0.0,",G",0.0,",G",16.0,",G",0.0,",G",19731129.0,",,G",19731130.0,"+,,I",19731105.0,",,G",0.6,",G,29,",0.0,",,I,30,+",29.9,",G,05,",142.6,G,113.4,",G",0.0,",,,I",1.475,",G",2.238,",,,G",0.712,",,,G"
AG000060611,1973-12-01,28.05,9.6331,561.0,"IN AMENAS, AG",2046.0,G,3.4,",G",0.0,"2,I",0.0,"2,I",0.0,"2,I",0.0,",G",7.0,",G",0.0,",G",11.0,",G",0.0,",G",19731206.0,",,G",19731231.0,"+,2,I",19731225.0,",,G",-2.4,",G,06,",0.0,"2,,I,31,+",30.8,",G,25,",353.7,G,211.1,",G",0.0,"2,,,I",1.163,",G",1.939,",,,G",0.388,",,,G"
AG000060611,1974-01-01,28.05,9.6331,561.0,"IN AMENAS, AG",0.0,G,0.0,",G",1.0,",I",0.0,",I",0.0,",I",0.0,",G",2.0,",G",0.0,",G",0.0,",G",0.0,",G",19740121.0,",,G",19740124.0,",,I",19740131.0,",,G",-1.2,",G,21,",1.0,",,I,24,",20.2,",G,31,",627.7,G,274.0,",G",1.0,",,,I",0.95,",G",1.682,",,,G",0.217,",,,G"
AG000060611,1974-02-01,28.05,9.6331,561.0,"IN AMENAS, AG",0.0,G,0.0,",G",0.0,",I",0.0,",I",0.0,",I",0.0,",G",3.0,",G",0.0,",G",8.0,",G",0.0,",G",19740211.0,",,G",19740228.0,"+,,I",19740221.0,",,G",-1.2,",G,11,",0.0,",,I,28,+",23.6,",G,21,",830.3,G,202.6,",G",0.0,",,,I",1.1099999999999999,",G",1.951,",,,G",0.268,",,,G"
AG000060611,1974-03-01,28.05,9.6331,561.0,"IN AMENAS, AG",54.0,G,54.0,",G",2.0,"1,I",0.0,"1,I",0.0,"1,I",0.0,",G",0.0,",G",0.0,",G",24.0,",G",5.0,",G",19740306.0,",,G",19740312.0,"+,1,I",19740328.0,",,G",0.5,",G,06,",1.0,"1,,I,12,+",34.4,",G,28,",904.8,G,74.5,",G",2.0,"1,,,I",1.7670000000000001,",G",2.5140000000000002,",,,G",1.02,",,,G"
AG000060611,1974-04-01,28.05,9.6331,561.0,"IN AMENAS, AG",139.4,G,85.4,",G",1.0,"1,I",0.0,"1,I",0.0,"1,I",0.0,",G",0.0,",G",0.0,",G",30.0,",G",7.0,",G",19740418.0,"+,,G",19740427.0,",1,I",19740410.0,",,G",8.3,",G,18,+",1.0,"1,,I,27,",36.9,",G,10,",914.4,G,9.6,",G",1.0,"1,,,I",2.086,",G",2.891,",,,G",1.282,",,,G"
AG000060611,1974-05-01,28.05,9.6331,561.0,"IN AMENAS, AG",405.7,G,266.3,",G",0.0,"1,I",0.0,"1,I",0.0,"1,I",0.0,",G",0.0,",G",0.0,",G",31.0,",G",24.0,",G",19740501.0,",,G",19740531.0,"+,1,I",19740531.0,",,G",10.5,",G,01,",0.0,"1,,I,31,+",42.2,",G,31,",914.6,G,0.2,",G",0.0,"1,,,I",2.692,",G",3.5469999999999997,",,,G",1.8359999999999999,",,,G"
AG000060611,1974-06-01,28.05,9.6331,561.0,"IN AMENAS, AG",840.2,G,434.5,",G",0.0,",I",0.0,",I",0.0,",I",0.0,",G",0.0,",G",0.0,",G",30.0,",G",30.0,",G",19740623.0,",,G",19740630.0,"+,,I",19740629.0,",,G",20.6,",G,23,",0.0,",,I,30,+",45.1,",G,29,",914.6,G,0.0,",G",0.0,",,,I",3.282,",G",4.0969999999999995,",,,G",2.466,",,,G"
AG000060611,1974-07-01,28.05,9.6331,561.0,"IN AMENAS, AG",1174.6,G,334.4,",G",0.0,",I",0.0,",I",0.0,",I",0.0,",G",0.0,",G",0.0,",G",31.0,",G",31.0,",G",19740713.0,"+,,G",19740731.0,"+,,I",19740725.0,",,G",18.5,",G,13,+",0.0,",,I,31,+",40.8,",G,25,",0.0,G,0.0,",G",0.0,",,,I",2.912,",G",3.689,",,,G",2.1350000000000002,",,,G"
AG000060611,1974-08-01,28.05,9.6331,561.0,"IN AMENAS, AG",1511.6,G,337.0,",G",0.0,",I",0.0,",I",0.0,",I",0.0,",G",0.0,",G",0.0,",G",31.0,",G",31.0,",G",19740804.0,",,G",19740831.0,"+,,I",19740827.0,",,G",18.3,",G,04,",0.0,",,I,31,+",41.3,",G,27,",0.0,G,0.0,",G",0.0,",,,I",2.92,",G",3.7409999999999997,",,,G",2.1,",,,G"
AG000060611,1974-09-01,28.05,9.6331,561.0,"IN AMENAS, AG",1816.8,G,305.2,",G",0.0,",I",0.0,",I",0.0,",I",0.0,",G",0.0,",G",0.0,",G",30.0,",G",30.0,",G",19740927.0,",,G",19740930.0,"+,,I",19740907.0,",,G",16.2,",G,27,",0.0,",,I,30,+",40.0,",G,07,",0.0,G,0.0,",G",0.0,",,,I",2.851,",G",3.625,",,,G",2.076,",,,G"
AG000060611,1974-10-01,28.05,9.6331,561.0,"IN AMENAS, AG",1967.7,G,150.9,",G",1.0,",I",0.0,",I",0.0,",I",0.0,",G",0.0,",G",0.0,",G",31.0,",G",12.0,",G",19741030.0,",,G",19741016.0,",,I",19741003.0,",,G",6.7,",G,30,",2.0,",,I,16,",38.0,",G,03,",12.6,G,12.6,",G",2.0,",,,I",2.279,",G",3.06,",,,G",1.499,",,,G"
AG000060611,1974-11-01,28.05,9.6331,561.0,"IN AMENAS, AG",1967.7,G,0.0,",G",1.0,"1,I",0.0,"1,I",0.0,"1,I",0.0,",G",0.0,",G",0.0,",G",14.0,",G",0.0,",G",19741108.0,",,G",19741125.0,",1,I",19741103.0,",,G",0.5,",G,08,",1.0,"1,,I,25,",27.0,",G,03,",172.1,G,159.5,",G",1.0,"1,,,I",1.302,",G",2.119,",,,G",0.484,",,,G"
AG000060611,1974-12-01,28.05,9.6331,561.0,"IN AMENAS, AG",1967.7,G,0.0,",G",0.0,",I",0.0,",I",0.0,",I",0.0,",G",1.0,",G",0.0,",G",0.0,",G",0.0,",G",19741213.0,",,G",19741231.0,"+,,I",19741211.0,",,G",0.0,",G,13,",0.0,",,I,31,+",19.8,",G,11,",430.7,G,258.6,",G",0.0,",,,I",0.999,",G",1.6670000000000003,",,,G",0.331,",,,G"
AG000060611,1975-01-01,28.05,9.6331,561.0,"IN AMENAS, AG",0.0,G,0.0,",G",0.0,",I",0.0,",I",0.0,",I",0.0,",G",9.0,",G",0.0,",G",1.0,",G",0.0,",G",19750102.0,",,G",19750131.0,"+,,I",19750131.0,",,G",-1.9,",G,02,",0.0,",,I,31,+",21.5,",G,31,",737.2,G,306.5,",G",0.0,",,,I",0.845,",G",1.559,",,,G",0.13,",,,G"
AG000060611,1975-02-01,28.05,9.6331,561.0,"IN AMENAS, AG",0.0,G,0.0,",G",1.0,"1,I",0.0,"1,I",0.0,"1,I",0.0,",G",1.0,",G",0.0,",G",9.0,",G",0.0,",G",19750228.0,",,G",19750219.0,",1,I",19750210.0,",,G",-0.7,",G,28,",1.0,"1,,I,19,",25.2,",G,10,",928.0,G,190.8,",G",1.0,"1,,,I",1.152,",G",1.8960000000000001,",,,G",0.40800000000000003,",,,G"
AG000060611,1975-03-01,28.05,9.6331,561.0,"IN AMENAS, AG",33.8,G,33.8,",G",1.0,",I",0.0,",I",0.0,",I",0.0,",G",0.0,",G",0.0,",G",23.0,",G",3.0,",G",19750301.0,",,G",19750330.0,",,I",19750329.0,",,G",1.1,",G,01,",1.0,",,I,30,",35.0,",G,29,",1023.2,G,95.2,",G",1.0,",,,I",1.6350000000000002,",G",2.487,",,,G",0.783,",,,G"
AG000060611,1975-04-01,28.05,9.6331,561.0,"IN AMENAS, AG",176.9,G,143.1,",G",0.0,",I",0.0,",I",0.0,",I",0.0,",G",0.0,",G",0.0,",G",30.0,",G",13.0,",G",19750403.0,",,G",19750430.0,"+,,I",19750428.0,",,G",8.9,",G,03,",0.0,",,I,30,+",38.8,",G,28,",1024.5,G,1.3,",G",0.0,",,,I",2.306,",G",3.093,",,,G",1.519,",,,G"
AG000060611,1975-05-01,28.05,9.6331,561.0,"IN AMENAS, AG",439.1,G,262.2,",G",1.0,",I",0.0,",I",0.0,",I",0.0,",G",0.0,",G",0.0,",G",31.0,",G",22.0,",G",19750514.0,",,G",19750510.0,",,I",19750531.0,",,G",10.2,",G,14,",1.0,",,I,10,",40.8,",G,31,",1024.5,G,0.0,",G",1.0,",,,I",2.679,",G",3.4509999999999996,",,,G",1.908,",,,G"
AG000060611,1975-06-01,28.05,9.6331,561.0,"IN AMENAS, AG",802.6,G,363.5,",G",0.0,",I",0.0,",I",0.0,",I",0.0,",G",0.0,",G",0.0,",G",30.0,",G",30.0,",G",19750629.0,",,G",19750630.0,"+,,I",19750616.0,",,G",18.0,",G,29,",0.0,",,I,30,+",43.1,",G,16,",1024.5,G,0.0,",G",0.0,",,,I",3.045,",G",3.8299999999999996,",,,G",2.2600000000000002,",,,G"
AG000060611,1975-07-01,28.05,9.6331,561.0,"IN AMENAS, AG",1165.3,G,362.7,",G",0.0,",I",0.0,",I",0.0,",I",0.0,",G",0.0,",G",0.0,",G",31.0,",G",31.0,",G",19750725.0,",,G",19750731.0,"+,,I",19750712.0,",,G",19.4,",G,25,",0.0,",,I,31,+",42.1,",G,12,",0.0,G,0.0,",G",0.0,",,,I",3.003,",G",3.84,",,,G",2.1670000000000003,",,,G"
AG000060611,1975-08-01,28.05,9.6331,561.0,"IN AMENAS, AG",1512.0,G,346.7,",G",0.0,",I",0.0,",I",0.0,",I",0.0,",G",0.0,",G",0.0,",G",31.0,",G",31.0,",G",19750827.0,",,G",19750831.0,"+,,I",19750828.0,",,G",18.8,",G,27,",0.0,",,I,31,+",41.0,",G,28,",0.0,G,0.0,",G",0.0,",,,I",2.952,",G",3.78,",,,G",2.1239999999999997,",,,G"
AG000060611,1975-09-01,28.05,9.6331,561.0,"IN AMENAS, AG",1807.4,G,295.4,",G",0.0,",I",0.0,",I",0.0,",I",0.0,",G",0.0,",G",0.0,",G",30.0,",G",23.0,",G",19750926.0,",,G",19750930.0,"+,,I",19750906.0,"+,,G",15.2,",G,26,",0.0,",,I,30,+",42.0,",G,06,+",0.0,G,0.0,",G",0.0,",,,I",2.818,",G",3.603,",,,G",2.033,",,,G"
AG000060611,1975-10-01,28.05,9.6331,561.0,"IN AMENAS, AG",1924.3,G,116.9,",G",1.0,"1,I",0.0,"1,I",0.0,"1,I",0.0,",G",0.0,",G",0.0,",G",31.0,",G",8.0,",G",19751029.0,",,G",19751003.0,",1,I",19751013.0,",,G",9.8,",G,29,",2.0,"1,,I,03,",36.2,",G,13,",1.8,G,1.8,",G",2.0,"1,,,I",2.2039999999999997,",G",2.995,",,,G",1.4140000000000001,",,,G"
AG000060611,1975-11-01,28.05,9.6331,561.0,"IN AMENAS, AG",1934.8,G,10.5,",G",0.0,"1,I",0.0,"1,I",0.0,"1,I",0.0,",G",0.0,",G",0.0,",G",17.0,",G",0.0,",G",19751129.0,",,G",19751130.0,"+,1,I",19751118.0,",,G",2.4,",G,29,",0.0,"1,,I,30,+",30.1,",G,18,",94.0,G,92.2,",G",0.0,"1,,,I",1.561,",G",2.316,",,,G",0.805,",,,G"
AG000060611,1975-12-01,28.05,9.6331,561.0,"IN AMENAS, AG",1944.8,G,10.0,",G",0.0,"1,I",0.0,"1,I",0.0,"1,I",0.0,",G",3.0,",G",0.0,",G",15.0,",G",0.0,",G",19751203.0,",,G",19751231.0,"+,1,I",19751216.0,",,G",-1.2,",G,03,",0.0,"1,,I,31,+",28.7,",G,16,",246.1,G,152.1,",G",0.0,"1,,,I",1.375,",G",2.022,",,,G",0.728,",,,G"
AG000060611,1976-01-01,28.05,9.6331,561.0,"IN AMENAS, AG",0.0,G,0.0,",G",5.0,"1,I",2.0,"1,I",0.0,"1,I",0.0,",G",6.0,",G",0.0,",G",1.0,",G",0.0,",G",19760129.0,",,G",19760131.0,",1,I",19760105.0,",,G",-2.6,",G,29,",8.0,"1,,I,31,",21.6,",G,05,",521.0,G,274.9,",G",16.0,"1,,,I",0.9470000000000001,",G",1.514,",,,G",0.379,",,,G"
AG000060611,1976-02-01,28.05,9.6331,561.0,"IN AMENAS, AG",0.0,G,0.0,",G",2.0,"2,I",2.0,"2,I",0.0,"2,I",0.0,",G",1.0,",G",0.0,",G",6.0,",G",0.0,",G",19760212.0,",,G",19760225.0,",2,I",19760216.0,",,G",-0.3,",G,12,",13.0,"2,,I,25,",24.9,",G,16,",715.4,G,194.4,",G",20.0,"2,,,I",1.163,",G",1.7399999999999998,",,,G",0.5860000000000001,",,,G"
AG000060611,1976-03-01,28.05,9.6331,561.0,"IN AMENAS, AG",2.6,G,2.6,",G",3.0,"2,I",2.0,"2,I",0.0,"2,I",0.0,",G",0.0,",G",0.0,",G",10.0,",G",0.0,",G",19760318.0,",,G",19760327.0,",2,I",19760320.0,",,G",3.8,",G,18,",14.0,"2,,I,27,",29.0,",G,20,",849.6,G,134.2,",G",25.0,"2,,,I",1.409,",G",1.9949999999999999,",,,G",0.8230000000000001,",,,G"
AG000060611,1976-04-01,28.05,9.6331,561.0,"IN AMENAS, AG",136.7,G,134.1,",G",1.0,",I",0.0,",I",0.0,",I",0.0,",G",0.0,",G",0.0,",G",27.0,",G",9.0,",G",19760415.0,",,G",19760414.0,",,I",19760424.0,",,G",7.7,",G,15,",1.0,",,I,14,",36.2,",G,24,",867.5,G,17.9,",G",1.0,",,,I",2.221,",G",2.929,",,,G",1.512,",,,G"
AG000060611,1976-05-01,28.05,9.6331,561.0,"IN AMENAS, AG",367.5,G,230.8,",G",3.0,"1,I",1.0,"1,I",0.0,"1,I",0.0,",G",0.0,",G",0.0,",G",30.0,",G",19.0,",G",19760506.0,",,G",19760503.0,",1,I",19760530.0,",,G",13.2,",G,06,",13.0,"1,,I,03,",41.0,",G,30,",867.6,G,0.1,",G",17.0,"1,,,I",2.5780000000000003,",G",3.251,",,,G",1.905,",,,G"
AG000060611,1976-06-01,28.05,9.6331,561.0,"IN AMENAS, AG",705.0,G,337.5,",G",2.0,",I",2.0,",I",0.0,",I",0.0,",G",0.0,",G",0.0,",G",30.0,",G",26.0,",G",19760602.0,",,G",19760602.0,",,I",19760622.0,",,G",16.3,",G,02,",14.0,",,I,02,",42.1,",G,22,",867.6,G,0.0,",G",25.0,",,,I",2.9579999999999997,",G",3.711,",,,G",2.205,",,,G"
AG000060611,1976-07-01,28.05,9.6331,561.0,"IN AMENAS, AG",1138.9,G,433.9,",G",0.0,",I",0.0,",I",0.0,",I",0.0,",G",0.0,",G",0.0,",G",31.0,",G",31.0,",G",19760721.0,",,G",19760731.0,"+,,I",19760727.0,",,G",20.5,",G,21,",0.0,",,I,31,+",44.1,",G,27,",0.0,G,0.0,",G",0.0,",,,I",3.2329999999999997,",G",4.003,",,,G",2.463,",,,G"
AG000060611,1976-08-01,28.05,9.6331,561.0,"IN AMENAS, AG",1515.3,G,376.4,",G",0.0,",I",0.0,",I",0.0,",I",0.0,",G",0.0,",G",0.0,",G",31.0,",G",31.0,",G",19760811.0,",,G",19760831.0,"+,,I",19760828.0,",,G",18.7,",G,11,",0.0,",,I,31,+",43.2,",G,28,",0.0,G,0.0,",G",0.0,",,,I",3.0469999999999997,",G",3.8909999999999996,",,,G",2.2039999999999997,",,,G"
AG000060611,1976-09-01,28.05,9.6331,561.0,"IN AMENAS, AG",1822.0,G,306.7,",G",1.0,",I",1.0,",I",0.0,",I",0.0,",G",0.0,",G",0.0,",G",30.0,",G",22.0,",G",19760930.0,",,G",19760921.0,",,I",19760918.0,",,G",14.8,",G,30,",11.0,",,I,21,",43.0,",G,18,",0.0,G,0.0,",G",11.0,",,,I",2.856,",G",3.6439999999999997,",,,G",2.068,",,,G"
AG000060611,1976-10-01,28.05,9.6331,561.0,"IN AMENAS, AG",1956.8,G,134.8,",G",3.0,"2,I",2.0,"2,I",0.0,"2,I",0.0,",G",0.0,",G",0.0,",G",30.0,",G",8.0,",G",19761027.0,",,G",19761030.0,",2,I",19761002.0,",,G",9.2,",G,27,",11.0,"2,,I,30,",36.7,",G,02,",5.7,G,5.7,",G",23.0,"2,,,I",2.25,",G",2.945,",,,G",1.5550000000000002,",,,G"
AG000060611,1976-11-01,28.05,9.6331,561.0,"IN AMENAS, AG",1963.0,G,6.2,",G",1.0,",I",1.0,",I",0.0,",I",0.0,",G",0.0,",G",0.0,",G",12.0,",G",0.0,",G",19761124.0,",,G",19761101.0,",,I",19761116.0,",,G",1.5,",G,24,",23.0,",,I,01,",27.0,",G,16,",132.0,G,126.3,",G",23.0,",,,I",1.433,",G",1.9940000000000002,",,,G",0.8710000000000001,",,,G"
AG000060611,1976-12-01,28.05,9.6331,561.0,"IN AMENAS, AG",1963.0,G,0.0,",G",1.0,",I",0.0,",I",0.0,",I",0.0,",G",0.0,",G",0.0,",G",6.0,",G",0.0,",G",19761228.0,",,G",19761221.0,",,I",19761211.0,"+,,G",1.0,",G,28,",1.0,",,I,21,",23.0,",G,11,+",323.5,G,191.5,",G",1.0,",,,I",1.215,",G",1.9,",,,G",0.5309999999999999,",,,G"
AG000060611,1977-01-01,28.05,9.6331,561.0,"IN AMENAS, AG",0.0,G,0.0,",G",0.0,"1,I",0.0,"1,I",0.0,"1,I",0.0,",G",0.0,",G",0.0,",G",11.0,",G",0.0,",G",19770115.0,",,G",19770131.0,"+,1,I",19770121.0,",,G",1.9,",G,15,",0.0,"1,,I,31,+",27.2,",G,21,",507.1,G,183.6,",G",0.0,"1,,,I",1.241,",G",1.9769999999999999,",,,G",0.505,",,,G"
AG000060611,1977-02-01,28.05,9.6331,561.0,"IN AMENAS, AG",1.2,G,1.2,",G",0.0,",I",0.0,",I",0.0,",I",0.0,",G",0.0,",G",0.0,",G",17.0,",G",0.0,",G",19770217.0,",,G",19770228.0,"+,,I",19770224.0,",,G",3.0,",G,17,",0.0,",,I,28,+",28.5,",G,24,",618.8,G,111.7,",G",0.0,",,,I",1.439,",G",2.23,",,,G",0.648,",,,G"
AG000060611,1977-03-01,28.05,9.6331,561.0,"IN AMENAS, AG",34.1,G,32.9,"1,G",0.0,",I",0.0,",I",0.0,",I",0.0,"1,G",0.0,"1,G",0.0,",G",27.0,",G",2.0,",G",19770303.0,"+,1,G",19770331.0,"+,,I",19770329.0,",,G",3.0,"1,G,03,+",0.0,",,I,31,+",35.0,",G,29,",691.7,G,72.9,",G",0.0,",,,I",1.701,"1,G",2.575,",,,G",0.828,"1,,,G"
AG000060611,1977-04-01,28.05,9.6331,561.0,"IN AMENAS, AG",147.4,G,113.3,"1,G",0.0,",I",0.0,",I",0.0,",I",0.0,",G",0.0,",G",0.0,"1,G",27.0,"1,G",12.0,"1,G",19770403.0,",,G",19770430.0,"+,,I",19770417.0,",1,G",5.3,",G,03,",0.0,",,I,30,+",38.8,"1,G,17,",717.0,G,25.3,"1,G",0.0,",,,I",2.128,"1,G",2.959,"1,,,G",1.2970000000000002,",,,G"
AG000060611,1977-05-01,28.05,9.6331,561.0,"IN AMENAS, AG",462.8,G,315.4,",G",1.0,"4,I",0.0,"4,I",0.0,"4,I",0.0,",G",0.0,",G",0.0,",G",31.0,",G",24.0,",G",19770508.0,",,G",19770508.0,",4,I",19770530.0,",,G",12.7,",G,08,",2.0,"4,,I,08,",42.4,",G,30,",717.0,G,0.0,",G",2.0,"4,,,I",2.851,",G",3.65,",,,G",2.052,",,,G"
AG000060611,1977-06-01,28.05,9.6331,561.0,"IN AMENAS, AG",835.8,G,373.0,",G",0.0,",I",0.0,",I",0.0,",I",0.0,",G",0.0,",G",0.0,",G",30.0,",G",30.0,",G",19770617.0,",,G",19770630.0,"+,,I",19770622.0,",,G",17.8,",G,17,",0.0,",,I,30,+",44.0,",G,22,",717.0,G,0.0,",G",0.0,",,,I",3.077,",G",3.9799999999999995,",,,G",2.173,",,,G"
AG000060611,1977-07-01,28.05,9.6331,561.0,"IN AMENAS, AG",1296.5,G,460.7,",G",0.0,",I",0.0,",I",0.0,",I",0.0,",G",0.0,",G",0.0,",G",31.0,",G",31.0,",G",19770702.0,",,G",19770731.0,"+,,I",19770729.0,",,G",19.8,",G,02,",0.0,",,I,31,+",45.9,",G,29,",0.0,G,0.0,",G",0.0,",,,I",3.319,",G",4.244,",,,G",2.395,",,,G"
AG000060611,1977-08-01,28.05,9.6331,561.0,"IN AMENAS, AG",1725.4,G,428.9,",G",0.0,",I",0.0,",I",0.0,",I",0.0,",G",0.0,",G",0.0,",G",31.0,",G",31.0,",G",19770830.0,",,G",19770831.0,"+,,I",19770822.0,",,G",19.8,",G,30,",0.0,",,I,31,+",44.2,",G,22,",0.0,G,0.0,",G",0.0,",,,I",3.217,",G",4.058,",,,G",2.375,",,,G"
AG000060611,1977-09-01,28.05,9.6331,561.0,"IN AMENAS, AG",2002.8,G,277.4,",G",0.0,",I",0.0,",I",0.0,",I",0.0,",G",0.0,",G",0.0,",G",30.0,",G",25.0,",G",19770930.0,"+,,G",19770930.0,"+,,I",19770904.0,",,G",13.8,",G,30,+",0.0,",,I,30,+",40.0,",G,04,",0.0,G,0.0,",G",0.0,",,,I",2.758,",G",3.525,",,,G",1.991,",,,G"
AG000060611,1977-10-01,28.05,9.6331,561.0,"IN AMENAS, AG",2131.4,G,128.6,",G",0.0,"2,I",0.0,"2,I",0.0,"2,I",0.0,",G",0.0,",G",0.0,",G",31.0,",G",8.0,",G",19771031.0,",,G",19771031.0,"+,2,I",19771006.0,",,G",9.0,",G,31,",0.0,"2,,I,31,+",37.2,",G,06,",4.2,G,4.2,",G",0.0,"2,,,I",2.2350000000000003,",G",2.968,",,,G",1.501,",,,G"
AG000060611,1977-11-01,28.05,9.6331,561.0,"IN AMENAS, AG",2135.7,G,4.3,",G",0.0,",I",0.0,",I",0.0,",I",0.0,",G",0.0,",G",0.0,",G",27.0,",G",0.0,",G",19771127.0,",,G",19771130.0,"+,,I",19771123.0,",,G",1.8,",G,27,",0.0,",,I,30,+",29.8,",G,23,",62.1,G,57.9,",G",0.0,",,,I",1.655,",G",2.445,",,,G",0.8640000000000001,",,,G"
AG000060611,1977-12-01,28.05,9.6331,561.0,"IN AMENAS, AG",2135.7,G,0.0,",G",0.0,",I",0.0,",I",0.0,",I",0.0,",G",6.0,",G",0.0,",G",7.0,",G",0.0,",G",19771222.0,",,G",19771231.0,"+,,I",19771208.0,",,G",-3.6,",G,22,",0.0,",,I,31,+",25.8,",G,08,",286.2,G,224.1,",G",0.0,",,,I",1.1099999999999999,",G",1.905,",,,G",0.316,",,,G"
AG000060611,1978-01-01,28.05,9.6331,561.0,"IN AMENAS, AG",2.7,G,2.7,",G",0.0,"1,I",0.0,"1,I",0.0,"1,I",0.0,",G",7.0,",G",0.0,",G",8.0,",G",0.0,",G",19780108.0,",,G",19780131.0,"+,1,I",19780114.0,",,G",-2.9,",G,08,",0.0,"1,,I,31,+",26.4,",G,14,",510.2,G,224.0,",G",0.0,"1,,,I",1.1199999999999999,",G",1.8530000000000002,",,,G",0.386,",,,G"
AG000060611,1978-02-01,28.05,9.6331,561.0,"IN AMENAS, AG",22.0,G,19.3,",G",0.0,",I",0.0,",I",0.0,",I",0.0,",G",3.0,",G",0.0,",G",17.0,",G",1.0,",G",19780206.0,",,G",19780228.0,"+,,I",19780227.0,",,G",-0.6,",G,06,",0.0,",,I,28,+",32.5,",G,27,",621.6,G,111.4,",G",0.0,",,,I",1.504,",G",2.3899999999999997,",,,G",0.618,",,,G"
AG000060611,1978-03-01,28.05,9.6331,561.0,"IN AMENAS, AG",42.4,G,20.4,",G",0.0,",I",0.0,",I",0.0,",I",0.0,",G",0.0,",G",0.0,",G",28.0,",G",1.0,",G",19780313.0,",,G",19780331.0,"+,,I",19780330.0,",,G",3.0,",G,13,",0.0,",,I,31,+",33.6,",G,30,",685.1,G,63.5,",G",0.0,",,,I",1.6940000000000002,",G",2.487,",,,G",0.9019999999999999,",,,G"
AG000060611,1978-04-01,28.05,9.6331,561.0,"IN AMENAS, AG",173.8,G,131.4,",G",0.0,"1,I",0.0,"1,I",0.0,"1,I",0.0,",G",0.0,",G",0.0,",G",30.0,",G",12.0,",G",19780401.0,",,G",19780430.0,"+,1,I",19780429.0,"+,,G",4.7,",G,01,",0.0,"1,,I,30,+",38.5,",G,29,+",696.5,G,11.4,",G",0.0,"1,,,I",2.2329999999999997,",G",3.088,",,,G",1.379,",,,G"
AG000060611,1978-05-01,28.05,9.6331,561.0,"IN AMENAS, AG",466.4,G,292.6,",G",0.0,"2,I",0.0,"2,I",0.0,"2,I",0.0,",G",0.0,",G",0.0,",G",31.0,",G",26.0,",G",19780509.0,",,G",19780531.0,"+,2,I",19780527.0,",,G",13.0,",G,09,",0.0,"2,,I,31,+",42.2,",G,27,",696.5,G,0.0,",G",0.0,"2,,,I",2.777,",G",3.528,",,,G",2.0260000000000002,",,,G"
AG000060611,1978-06-01,28.05,9.6331,561.0,"IN AMENAS, AG",860.9,G,394.5,",G",0.0,",I",0.0,",I",0.0,",I",0.0,",G",0.0,",G",0.0,",G",30.0,",G",30.0,",G",19780607.0,",,G",19780630.0,"+,,I",19780627.0,",,G",18.6,",G,07,",0.0,",,I,30,+",45.6,",G,27,",696.5,G,0.0,",G",0.0,",,,I",3.148,",G",4.069,",,,G",2.227,",,,G"
AG000060611,1978-07-01,28.05,9.6331,561.0,"IN AMENAS, AG",1188.2,G,327.3,",G",0.0,",I",0.0,",I",0.0,",I",0.0,",G",0.0,",G",0.0,",G",31.0,",G",31.0,",G",19780711.0,",,G",19780731.0,"+,,I",19780717.0,",,G",16.8,",G,11,",0.0,",,I,31,+",42.2,",G,17,",0.0,G,0.0,",G",0.0,",,,I",2.8890000000000002,",G",3.755,",,,G",2.023,",,,G"
AG000060611,1978-08-01,28.05,9.6331,561.0,"IN AMENAS, AG",1577.9,G,389.7,",G",0.0,",I",0.0,",I",0.0,",I",0.0,",G",0.0,",G",0.0,",G",31.0,",G",31.0,",G",19780801.0,",,G",19780831.0,"+,,I",19780816.0,"+,,G",17.4,",G,01,",0.0,",,I,31,+",43.9,",G,16,+",0.0,G,0.0,",G",0.0,",,,I",3.09,",G",3.946,",,,G",2.234,",,,G"
AG000060611,1978-09-01,28.05,9.6331,561.0,"IN AMENAS, AG",1840.5,G,262.6,",G",0.0,"1,I",0.0,"1,I",0.0,"1,I",0.0,",G",0.0,",G",0.0,",G",30.0,",G",25.0,",G",19780926.0,",,G",19780930.0,"+,1,I",19780906.0,",,G",13.6,",G,26,",0.0,"1,,I,30,+",42.5,",G,06,",0.0,G,0.0,",G",0.0,"1,,,I",2.709,",G",3.499,",,,G",1.918,",,,G"
AG000060611,1978-10-01,28.05,9.6331,561.0,"IN AMENAS, AG",1956.9,G,116.4,",G",1.0,",I",0.0,",I",0.0,",I",0.0,",G",0.0,",G",0.0,",G",30.0,",G",5.0,",G",19781031.0,",,G",19781029.0,",,I",19781002.0,",,G",10.8,",G,31,",1.0,",,I,29,",37.4,",G,02,",3.4,G,3.4,",G",1.0,",,,I",2.198,",G",2.915,",,,G",1.48,",,,G"
AG000060611,1978-11-01,28.05,9.6331,561.0,"IN AMENAS, AG",1963.0,G,6.1,",G",0.0,"3,I",0.0,"3,I",0.0,"3,I",0.0,",G",0.0,",G",0.0,",G",12.0,",G",0.0,",G",19781128.0,",,G",19781130.0,"+,3,I",19781106.0,",,G",2.5,",G,28,",0.0,"3,,I,30,+",27.1,",G,06,",118.2,G,114.8,",G",0.0,"3,,,I",1.471,",G",2.13,",,,G",0.8119999999999999,",,,G"
AG000060611,1978-12-01,28.05,9.6331,561.0,"IN AMENAS, AG",1963.0,G,0.0,",G",0.0,",I",0.0,",I",0.0,",I",0.0,",G",0.0,",G",0.0,",G",17.0,",G",0.0,",G",19781225.0,",,G",19781231.0,"+,,I",19781217.0,",,G",0.7,",G,25,",0.0,",,I,31,+",26.2,",G,17,",288.6,G,170.4,",G",0.0,",,,I",1.284,",G",2.136,",,,G",0.43099999999999994,",,,G"
AG000060611,1979-01-01,28.05,9.6331,561.0,"IN AMENAS, AG",3.3,G,3.3,",G",0.0,",I",0.0,",I",0.0,",I",0.0,",G",1.0,",G",0.0,",G",19.0,",G",0.0,",G",19790118.0,",,G",19790131.0,"+,,I",19790125.0,",,G",0.0,",G,18,",0.0,",,I,31,+",31.8,",G,25,",417.8,G,129.2,",G",0.0,",,,I",1.427,",G",2.2670000000000003,",,,G",0.588,",,,G"
AG000060611,1979-02-01,28.05,9.6331,561.0,"IN AMENAS, AG",10.5,G,7.2,",G",0.0,",I",0.0,",I",0.0,",I",0.0,",G",3.0,",G",0.0,",G",16.0,",G",1.0,",G",19790219.0,",,G",19790228.0,"+,,I",19790211.0,",,G",-1.8,",G,19,",0.0,",,I,28,+",32.9,",G,11,",555.5,G,137.7,",G",0.0,",,,I",1.367,",G",2.18,",,,G",0.5549999999999999,",,,G"
AG000060611,1979-03-01,28.05,9.6331,561.0,"IN AMENAS, AG",80.0,G,69.5,",G",3.0,"1,I",1.0,"1,I",0.0,"1,I",0.0,",G",0.0,",G",0.0,",G",25.0,",G",5.0,",G",19790302.0,",,G",19790319.0,",1,I",19790331.0,",,G",1.3,",G,02,",4.0,"1,,I,19,",37.7,",G,31,",631.0,G,75.5,",G",6.0,"1,,,I",1.814,",G",2.6,",,,G",1.027,",,,G"
AG000060611,1979-04-01,28.05,9.6331,561.0,"IN AMENAS, AG",147.5,G,67.5,"2,G",0.0,",I",0.0,",I",0.0,",I",0.0,"1,G",0.0,"1,G",0.0,"1,G",28.0,"1,G",9.0,"1,G",19790404.0,"+,1,G",19790430.0,"+,,I",19790410.0,",1,G",4.2,"1,G,04,+",0.0,",,I,30,+",37.5,"1,G,10,",653.0,G,22.0,"1,G",0.0,",,,I",1.9940000000000002,"2,G",2.903,"1,,,G",1.084,"1,,,G"
AG000060611,1979-05-01,28.05,9.6331,561.0,"IN AMENAS, AG",375.5,G,228.0,",G",0.0,",I",0.0,",I",0.0,",I",0.0,",G",0.0,",G",0.0,",G",31.0,",G",19.0,",G",19790513.0,",,G",19790531.0,"+,,I",19790521.0,",,G",10.8,",G,13,",0.0,",,I,31,+",39.5,",G,21,",653.1,G,0.1,",G",0.0,",,,I",2.568,",G",3.3689999999999998,",,,G",1.768,",,,G"
AG000060611,1979-06-01,28.05,9.6331,561.0,"IN AMENAS, AG",748.6,G,373.1,",G",0.0,",I",0.0,",I",0.0,",I",0.0,",G",0.0,",G",0.0,",G",30.0,",G",30.0,",G",19790613.0,",,G",19790630.0,"+,,I",19790625.0,",,G",17.7,",G,13,",0.0,",,I,30,+",43.5,",G,25,",653.1,G,0.0,",G",0.0,",,,I",3.077,",G",3.908,",,,G",2.246,",,,G"
AG000060611,1979-07-01,28.05,9.6331,561.0,"IN AMENAS, AG",1146.8,G,398.2,",G",0.0,",I",0.0,",I",0.0,",I",0.0,",G",0.0,",G",0.0,",G",31.0,",G",31.0,",G",19790701.0,",,G",19790731.0,"+,,I",19790703.0,",,G",19.8,",G,01,",0.0,",,I,31,+",44.5,",G,03,",0.0,G,0.0,",G",0.0,",,,I",3.118,",G",3.976,",,,G",2.259,",,,G"
AG000060611,1979-08-01,28.05,9.6331,561.0,"IN AMENAS, AG",1548.7,G,401.9,",G",0.0,",I",0.0,",I",0.0,",I",0.0,",G",0.0,",G",0.0,",G",31.0,",G",31.0,",G",19790802.0,",,G",19790831.0,"+,,I",19790820.0,",,G",19.3,",G,02,",0.0,",,I,31,+",44.2,",G,20,",0.0,G,0.0,",G",0.0,",,,I",3.13,",G",4.016,",,,G",2.243,",,,G"
AG000060611,1979-09-01,28.05,9.6331,561.0,"IN AMENAS, AG",1833.0,G,284.3,",G",1.0,"1,I",1.0,"1,I",0.0,"1,I",0.0,",G",0.0,",G",0.0,",G",30.0,",G",26.0,",G",19790930.0,"+,,G",19790903.0,",1,I",19790923.0,",,G",12.8,",G,30,+",9.0,"1,,I,03,",42.4,",G,23,",0.0,G,0.0,",G",9.0,"1,,,I",2.7809999999999997,",G",3.531,",,,G",2.0300000000000002,",,,G"
AG000060611,1979-10-01,28.05,9.6331,561.0,"IN AMENAS, AG",2041.2,G,208.2,",G",0.0,"1,I",0.0,"1,I",0.0,"1,I",0.0,",G",0.0,",G",0.0,",G",31.0,",G",20.0,",G",19791031.0,",,G",19791031.0,"+,1,I",19791006.0,",,G",9.0,",G,31,",0.0,"1,,I,31,+",37.9,",G,06,",3.2,G,3.2,",G",0.0,"1,,,I",2.495,",G",3.2560000000000002,",,,G",1.734,",,,G"
AG000060611,1979-11-01,28.05,9.6331,561.0,"IN AMENAS, AG",2043.5,G,2.3,",G",0.0,",I",0.0,",I",0.0,",I",0.0,",G",0.0,",G",0.0,",G",16.0,",G",0.0,",G",19791119.0,",,G",19791130.0,"+,,I",19791115.0,",,G",0.3,",G,19,",0.0,",,I,30,+",26.5,",G,15,",146.8,G,143.6,",G",0.0,",,,I",1.3619999999999999,",G",2.107,",,,G",0.618,",,,G"
AG000060611,1979-12-01,28.05,9.6331,561.0,"IN AMENAS, AG",2043.5,G,0.0,",G",0.0,",I",0.0,",I",0.0,",I",0.0,",G",3.0,",G",0.0,",G",2.0,",G",0.0,",G",19791227.0,",,G",19791231.0,"+,,I",19791221.0,",,G",-0.8,",G,27,",0.0,",,I,31,+",24.8,",G,21,",374.7,G,227.9,",G",0.0,",,,I",1.098,",G",1.8370000000000002,",,,G",0.359,",,,G"
AG000060611,1980-01-01,28.05,9.6331,561.0,"IN AMENAS, AG",0.3,G,0.3,",G",0.0,"1,I",0.0,"1,I",0.0,"1,I",0.0,",G",9.0,",G",0.0,",G",7.0,",G",0.0,",G",19800121.0,",,G",19800131.0,"+,1,I",19800114.0,",,G",-3.1,",G,21,",0.0,"1,,I,31,+",27.5,",G,14,",610.9,G,236.2,",G",0.0,"1,,,I",1.072,",G",1.9149999999999998,",,,G",0.229,",,,G"
AG000060611,1980-02-01,28.05,9.6331,561.0,"IN AMENAS, AG",0.3,G,0.0,",G",0.0,"1,I",0.0,"1,I",0.0,"1,I",0.0,",G",0.0,",G",0.0,",G",18.0,",G",0.0,",G",19800214.0,",,G",19800229.0,"+,1,I",19800220.0,",,G",2.0,",G,14,",0.0,"1,,I,29,+",28.0,",G,20,",759.8,G,148.9,",G",0.0,"1,,,I",1.3199999999999998,",G",2.106,",,,G",0.534,",,,G"
AG000060611,1980-03-01,28.05,9.6331,561.0,"IN AMENAS, AG",33.8,G,33.5,",G",1.0,"1,I",1.0,"1,I",0.0,"1,I",0.0,",G",0.0,",G",0.0,",G",23.0,",G",0.0,",G",19800310.0,",,G",19800302.0,",1,I",19800318.0,",,G",3.5,",G,10,",4.0,"1,,I,02,",31.8,",G,18,",836.7,G,76.9,",G",4.0,"1,,,I",1.693,",G",2.45,",,,G",0.9359999999999999,",,,G"
AG000060611,1980-04-01,28.05,9.6331,561.0,"IN AMENAS, AG",175.3,G,141.5,",G",0.0,",I",0.0,",I",0.0,",I",0.0,",G",0.0,",G",0.0,",G",30.0,",G",17.0,",G",19800409.0,",,G",19800430.0,"+,,I",19800426.0,",,G",4.4,",G,09,",0.0,",,I,30,+",40.3,",G,26,",847.1,G,10.4,",G",0.0,",,,I",2.27,",G",3.159,",,,G",1.3820000000000001,",,,G"
AG000060611,1980-05-01,28.05,9.6331,561.0,"IN AMENAS, AG",435.2,G,259.9,",G",0.0,",I",0.0,",I",0.0,",I",0.0,",G",0.0,",G",0.0,",G",31.0,",G",27.0,",G",19800502.0,",,G",19800531.0,"+,,I",19800514.0,",,G",9.8,",G,02,",0.0,",,I,31,+",41.7,",G,14,",847.1,G,0.0,",G",0.0,",,,I",2.6719999999999997,",G",3.5469999999999997,",,,G",1.796,",,,G"
AG000060611,1980-06-01,28.05,9.6331,561.0,"IN AMENAS, AG",836.6,G,401.4,",G",0.0,",I",0.0,",I",0.0,",I",0.0,",G",0.0,",G",0.0,",G",30.0,",G",30.0,",G",19800604.0,",,G",19800630.0,"+,,I",19800624.0,",,G",15.2,",G,04,",0.0,",,I,30,+",46.4,",G,24,",847.1,G,0.0,",G",0.0,",,,I",3.1710000000000003,",G",4.082,",,,G",2.2600000000000002,",,,G"
AG000060611,1980-07-01,28.05,9.6331,561.0,"IN AMENAS, AG",1245.0,G,408.4,",G",0.0,",I",0.0,",I",0.0,",I",0.0,",G",0.0,",G",0.0,",G",31.0,",G",31.0,",G",19800721.0,",,G",19800731.0,"+,,I",19800728.0,",,G",19.2,",G,21,",0.0,",,I,31,+",43.1,",G,28,",0.0,G,0.0,",G",0.0,",,,I",3.1510000000000002,",G",4.08,",,,G",2.222,",,,G"
AG000060611,1980-08-01,28.05,9.6331,561.0,"IN AMENAS, AG",1606.8,G,361.8,",G",0.0,",I",0.0,",I",0.0,",I",0.0,",G",0.0,",G",0.0,",G",31.0,",G",31.0,",G",19800808.0,",,G",19800831.0,"+,,I",19800801.0,",,G",19.5,",G,08,",0.0,",,I,31,+",42.1,",G,01,",0.0,G,0.0,",G",0.0,",,,I",3.0,",G",3.854,",,,G",2.147,",,,G"
AG000060611,1980-09-01,28.05,9.6331,561.0,"IN AMENAS, AG",1902.2,G,295.4,",G",0.0,"1,I",0.0,"1,I",0.0,"1,I",0.0,",G",0.0,",G",0.0,",G",30.0,",G",30.0,",G",19800926.0,"+,,G",19800930.0,"+,1,I",19800929.0,",,G",15.7,",G,26,+",0.0,"1,,I,30,+",39.2,",G,29,",0.0,G,0.0,",G",0.0,"1,,,I",2.818,",G",3.6090000000000004,",,,G",2.027,",,,G"
AG000060611,1980-10-01,28.05,9.6331,561.0,"IN AMENAS, AG",2057.2,G,155.0,",G",1.0,",I",1.0,",I",0.0,",I",0.0,",G",0.0,",G",0.0,",G",31.0,",G",15.0,",G",19801022.0,",,G",19801001.0,",,I",19801016.0,",,G",6.6,",G,22,",3.0,",,I,01,",36.2,",G,16,",16.1,G,16.1,",G",3.0,",,,I",2.2809999999999997,",G",3.022,",,,G",1.541,",,,G"
AG000060611,1980-11-01,28.05,9.6331,561.0,"IN AMENAS, AG",2097.2,G,40.0,",G",0.0,",I",0.0,",I",0.0,",I",0.0,",G",0.0,",G",0.0,",G",23.0,",G",1.0,",G",19801130.0,",,G",19801130.0,"+,,I",19801115.0,",,G",1.9,",G,30,",0.0,",,I,30,+",33.2,",G,15,",73.1,G,57.0,",G",0.0,",,,I",1.777,",G",2.527,",,,G",1.026,",,,G"
AG000060611,1980-12-01,28.05,9.6331,561.0,"IN AMENAS, AG",2097.2,G,0.0,",G",1.0,",I",1.0,",I",0.0,",I",0.0,",G",8.0,",G",0.0,",G",2.0,",G",0.0,",G",19801204.0,",,G",19801218.0,",,I",19801202.0,",,G",-3.5,",G,04,",3.0,",,I,18,",22.2,",G,02,",362.1,G,289.0,",G",3.0,",,,I",0.901,",G",1.598,",,,G",0.20400000000000001,",,,G"
AG000060611,1981-01-01,28.05,9.6331,561.0,"IN AMENAS, AG",0.0,G,0.0,",G",0.0,",I",0.0,",I",0.0,",I",0.0,",G",18.0,",G",0.0,",G",1.0,",G",0.0,",G",19810110.0,",,G",19810131.0,"+,,I",19810113.0,",,G",-6.5,",G,10,",0.0,",,I,31,+",24.0,",G,13,",722.1,G,360.0,",G",0.0,",,,I",0.6719999999999999,",G",1.408,",,,G",-0.065,",,,G"
AG000060611,1981-02-01,28.05,9.6331,561.0,"IN AMENAS, AG",4.9,G,4.9,",G",0.0,",I",0.0,",I",0.0,",I",0.0,",G",6.0,",G",0.0,",G",12.0,",G",0.0,",G",19810202.0,",,G",19810228.0,"+,,I",19810228.0,",,G",-2.6,",G,02,",0.0,",,I,28,+",27.0,",G,28,",909.8,G,187.7,",G",0.0,",,,I",1.1800000000000002,",G",1.952,",,,G",0.40800000000000003,",,,G"
AG000060611,1981-03-01,28.05,9.6331,561.0,"IN AMENAS, AG",61.4,G,56.5,",G",0.0,",I",0.0,",I",0.0,",I",0.0,",G",0.0,",G",0.0,",G",29.0,",G",6.0,",G",19810309.0,",,G",19810331.0,"+,,I",19810330.0,",,G",5.2,",G,09,",0.0,",,I,31,+",37.3,",G,30,",937.2,G,27.4,",G",0.0,",,,I",1.927,",G",2.822,",,,G",1.032,",,,G"
AG000060611,1981-04-01,28.05,9.6331,561.0,"IN AMENAS, AG",269.3,G,207.9,",G",0.0,"2,I",0.0,"2,I",0.0,"2,I",0.0,",G",0.0,",G",0.0,",G",30.0,",G",19.0,",G",19810402.0,",,G",19810430.0,"+,2,I",19810429.0,",,G",7.7,",G,02,",0.0,"2,,I,30,+",40.7,",G,29,",939.9,G,2.7,",G",0.0,"2,,,I",2.5170000000000003,",G",3.345,",,,G",1.69,",,,G"
AG000060611,1981-05-01,28.05,9.6331,561.0,"IN AMENAS, AG",562.2,G,292.9,",G",1.0,",I",0.0,",I",0.0,",I",0.0,",G",0.0,",G",0.0,",G",31.0,",G",26.0,",G",19810505.0,",,G",19810524.0,",,I",19810526.0,",,G",13.0,",G,05,",1.0,",,I,24,",42.0,",G,26,",939.9,G,0.0,",G",1.0,",,,I",2.778,",G",3.594,",,,G",1.9629999999999999,",,,G"
AG000060611,1981-06-01,28.05,9.6331,561.0,"IN AMENAS, AG",982.0,G,419.8,",G",1.0,"2,I",0.0,"2,I",0.0,"2,I",0.0,",G",0.0,",G",0.0,",G",30.0,",G",30.0,",G",19810607.0,"+,,G",19810617.0,",2,I",19810624.0,",,G",20.5,",G,07,+",2.0,"2,,I,17,",44.3,",G,24,",939.9,G,0.0,",G",2.0,"2,,,I",3.2329999999999997,",G",4.046,",,,G",2.419,",,,G"
AG000060611,1981-07-01,28.05,9.6331,561.0,"IN AMENAS, AG",1417.1,G,435.1,",G",0.0,",I",0.0,",I",0.0,",I",0.0,",G",0.0,",G",0.0,",G",31.0,",G",31.0,",G",19810727.0,",,G",19810731.0,"+,,I",19810713.0,",,G",21.6,",G,27,",0.0,",,I,31,+",44.6,",G,13,",0.0,G,0.0,",G",0.0,",,,I",3.2369999999999997,",G",4.058,",,,G",2.416,",,,G"
AG000060611,1981-08-01,28.05,9.6331,561.0,"IN AMENAS, AG",1801.5,G,384.4,",G",0.0,",I",0.0,",I",0.0,",I",0.0,",G",0.0,",G",0.0,",G",31.0,",G",31.0,",G",19810805.0,",,G",19810831.0,"+,,I",19810814.0,",,G",18.2,",G,05,",0.0,",,I,31,+",43.7,",G,14,",0.0,G,0.0,",G",0.0,",,,I",3.073,",G",3.905,",,,G",2.242,",,,G"
AG000060611,1981-09-01,28.05,9.6331,561.0,"IN AMENAS, AG",2132.6,G,331.1,",G",0.0,",I",0.0,",I",0.0,",I",0.0,",G",0.0,",G",0.0,",G",30.0,",G",30.0,",G",19810904.0,",,G",19810930.0,"+,,I",19810919.0,",,G",18.3,",G,04,",0.0,",,I,30,+",39.9,",G,19,",0.0,G,0.0,",G",0.0,",,,I",2.9370000000000003,",G",3.782,",,,G",2.092,",,,G"
AG000060611,1981-10-01,28.05,9.6331,561.0,"IN AMENAS, AG",2312.8,G,180.2,",G",0.0,"1,I",0.0,"1,I",0.0,"1,I",0.0,",G",0.0,",G",0.0,",G",31.0,",G",16.0,",G",19811028.0,",,G",19811031.0,"+,1,I",19811004.0,",,G",10.8,",G,28,",0.0,"1,,I,31,+",38.2,",G,04,",0.0,G,0.0,",G",0.0,"1,,,I",2.415,",G",3.225,",,,G",1.6039999999999999,",,,G"
AG000060611,1981-11-01,28.05,9.6331,561.0,"IN AMENAS, AG",2319.7,G,6.9,",G",0.0,",I",0.0,",I",0.0,",I",0.0,",G",0.0,",G",0.0,",G",14.0,",G",0.0,",G",19811129.0,",,G",19811130.0,"+,,I",19811101.0,",,G",1.3,",G,29,",0.0,",,I,30,+",27.7,",G,01,",121.0,G,121.0,",G",0.0,",,,I",1.4529999999999998,",G",2.157,",,,G",0.749,",,,G"
AG000060611,1981-12-01,28.05,9.6331,561.0,"IN AMENAS, AG",2319.7,G,0.0,",G",0.0,",I",0.0,",I",0.0,",I",0.0,",G",2.0,",G",0.0,",G",17.0,",G",0.0,",G",19811206.0,",,G",19811231.0,"+,,I",19811231.0,",,G",-2.0,",G,06,",0.0,",,I,31,+",27.3,",G,31,",299.0,G,178.0,",G",0.0,",,,I",1.259,",G",2.0940000000000003,",,,G",0.425,",,,G"
AG000060611,1982-01-01,28.05,9.6331,561.0,"IN AMENAS, AG",0.0,G,0.0,",G",2.0,"1,I",1.0,"1,I",0.0,"1,I",0.0,",G",3.0,",G",0.0,",G",7.0,",G",0.0,",G",19820127.0,",,G",19820124.0,",1,I",19820101.0,",,G",-1.8,",G,27,",3.0,"1,,I,24,",25.3,",G,01,",543.1,G,244.1,",G",4.0,"1,,,I",1.046,",G",1.783,",,,G",0.309,",,,G"
AG000060611,1982-02-01,28.05,9.6331,561.0,"IN AMENAS, AG",0.0,G,0.0,",G",1.0,",I",1.0,",I",0.0,",I",0.0,",G",1.0,",G",0.0,",G",6.0,",G",0.0,",G",19820201.0,",,G",19820213.0,",,I",19820216.0,",,G",-0.5,",G,01,",3.0,",,I,13,",25.6,",G,16,",736.6,G,193.5,",G",3.0,",,,I",1.142,",G",1.8960000000000001,",,,G",0.389,",,,G"
AG000060611,1982-03-01,28.05,9.6331,561.0,"IN AMENAS, AG",40.3,G,40.3,",G",4.0,"1,I",1.0,"1,I",0.0,"1,I",0.0,",G",1.0,",G",0.0,",G",21.0,",G",5.0,",G",19820308.0,",,G",19820315.0,",1,I",19820329.0,"+,,G",-0.1,",G,08,",6.0,"1,,I,15,",34.7,",G,29,+",848.0,G,111.4,",G",9.0,"1,,,I",1.6039999999999999,",G",2.379,",,,G",0.829,",,,G"
AG000060611,1982-04-01,28.05,9.6331,561.0,"IN AMENAS, AG",148.3,G,108.0,"2,G",2.0,"1,I",1.0,"1,I",0.0,"1,I",0.0,"1,G",0.0,"1,G",0.0,"1,G",28.0,"1,G",7.0,"1,G",19820429.0,",1,G",19820422.0,",1,I",19820413.0,",1,G",8.3,"1,G,29,",4.0,"1,,I,22,",37.0,"1,G,13,",858.3,G,10.3,"1,G",5.0,"1,,,I",2.173,"2,G",2.898,"1,,,G",1.449,"1,,,G"
AG000060611,1982-05-01,28.05,9.6331,561.0,"IN AMENAS, AG",401.2,G,252.9,",G",2.0,"1,I",2.0,"1,I",0.0,"1,I",0.0,",G",0.0,",G",0.0,",G",31.0,",G",20.0,",G",19820501.0,",,G",19820522.0,",1,I",19820511.0,",,G",12.0,",G,01,",8.0,"1,,I,22,",40.8,",G,11,",858.3,G,0.0,",G",13.0,"1,,,I",2.649,",G",3.401,",,,G",1.8969999999999998,",,,G"
AG000060611,1982-06-01,28.05,9.6331,561.0,"IN AMENAS, AG",763.4,G,362.2,",G",0.0,",I",0.0,",I",0.0,",I",0.0,",G",0.0,",G",0.0,",G",30.0,",G",30.0,",G",19820608.0,",,G",19820630.0,"+,,I",19820630.0,",,G",19.7,",G,08,",0.0,",,I,30,+",41.7,",G,30,",858.3,G,0.0,",G",0.0,",,,I",3.041,",G",3.882,",,,G",2.199,",,,G"
AG000060611,1982-07-01,28.05,9.6331,561.0,"IN AMENAS, AG",1151.9,G,388.5,",G",0.0,",I",0.0,",I",0.0,",I",0.0,",G",0.0,",G",0.0,",G",31.0,",G",31.0,",G",19820706.0,",,G",19820731.0,"+,,I",19820724.0,",,G",20.5,",G,06,",0.0,",,I,31,+",41.8,",G,24,",0.0,G,0.0,",G",0.0,",,,I",3.086,",G",3.8880000000000003,",,,G",2.285,",,,G"
AG000060611,1982-08-01,28.05,9.6331,561.0,"IN AMENAS, AG",1524.1,G,372.2,",G",0.0,",I",0.0,",I",0.0,",I",0.0,",G",0.0,",G",0.0,",G",31.0,",G",31.0,",G",19820829.0,",,G",19820831.0,"+,,I",19820809.0,",,G",20.1,",G,29,",0.0,",,I,31,+",41.4,",G,09,",0.0,G,0.0,",G",0.0,",,,I",3.034,",G",3.8560000000000003,",,,G",2.212,",,,G"
AG000060611,1982-09-01,28.05,9.6331,561.0,"IN AMENAS, AG",1825.3,G,301.2,",G",0.0,",I",0.0,",I",0.0,",I",0.0,",G",0.0,",G",0.0,",G",30.0,",G",30.0,",G",19820908.0,",,G",19820930.0,"+,,I",19820903.0,",,G",17.3,",G,08,",0.0,",,I,30,+",39.8,",G,03,",0.0,G,0.0,",G",0.0,",,,I",2.837,",G",3.654,",,,G",2.02,",,,G"
AG000060611,1982-10-01,28.05,9.6331,561.0,"IN AMENAS, AG",2045.5,G,220.2,",G",5.0,"1,I",1.0,"1,I",0.0,"1,I",0.0,",G",0.0,",G",0.0,",G",30.0,",G",19.0,",G",19821028.0,",,G",19821031.0,",1,I",19821003.0,",,G",8.3,",G,28,",6.0,"1,,I,31,",37.8,",G,03,",5.8,G,5.8,",G",10.0,"1,,,I",2.525,",G",3.2340000000000004,",,,G",1.816,",,,G"
AG000060611,1982-11-01,28.05,9.6331,561.0,"IN AMENAS, AG",2071.8,G,26.3,",G",0.0,"1,I",0.0,"1,I",0.0,"1,I",0.0,",G",0.0,",G",0.0,",G",14.0,",G",0.0,",G",19821118.0,",,G",19821130.0,"+,1,I",19821104.0,",,G",1.8,",G,18,",0.0,"1,,I,30,+",29.8,",G,04,",117.2,G,111.4,",G",0.0,"1,,,I",1.55,",G",2.257,",,,G",0.842,",,,G"
AG000060611,1982-12-01,28.05,9.6331,561.0,"IN AMENAS, AG",2071.8,G,0.0,",G",4.0,",I",3.0,",I",0.0,",I",0.0,",G",3.0,",G",0.0,",G",1.0,",G",0.0,",G",19821226.0,",,G",19821204.0,",,I",19821201.0,",,G",-2.6,",G,26,",19.0,",,I,04,",22.9,",G,01,",382.2,G,265.0,",G",40.0,",,,I",0.9789999999999999,",G",1.5050000000000001,",,,G",0.453,",,,G"
AG000060611,1983-01-01,28.05,9.6331,561.0,"IN AMENAS, AG",0.0,G,0.0,",G",0.0,",I",0.0,",I",0.0,",I",0.0,",G",6.0,",G",0.0,",G",0.0,",G",0.0,",G",19830122.0,",,G",19830131.0,"+,,I",19830120.0,",,G",-2.1,",G,22,",0.0,",,I,31,+",19.4,",G,20,",697.5,G,315.3,",G",0.0,",,,I",0.8160000000000001,",G",1.452,",,,G",0.18,",,,G"
AG000060611,1983-02-01,28.05,9.6331,561.0,"IN AMENAS, AG",0.0,G,0.0,",G",0.0,",I",0.0,",I",0.0,",I",0.0,",G",0.0,",G",0.0,",G",13.0,",G",0.0,",G",19830206.0,"+,,G",19830228.0,"+,,I",19830209.0,",,G",1.6,",G,06,+",0.0,",,I,28,+",25.2,",G,09,",832.1,G,134.6,",G",0.0,",,,I",1.353,",G",2.065,",,,G",0.64,",,,G"
AG000060611,1983-03-01,28.05,9.6331,561.0,"IN AMENAS, AG",12.8,G,12.8,",G",0.0,",I",0.0,",I",0.0,",I",0.0,",G",0.0,",G",0.0,",G",17.0,",G",2.0,",G",19830309.0,"+,,G",19830331.0,"+,,I",19830325.0,",,G",3.6,",G,09,+",0.0,",,I,31,+",34.5,",G,25,",950.6,G,118.5,",G",0.0,",,,I",1.492,",G",2.2649999999999997,",,,G",0.7190000000000001,",,,G"
AG000060611,1983-04-01,28.05,9.6331,561.0,"IN AMENAS, AG",177.3,G,164.5,",G",1.0,",I",0.0,",I",0.0,",I",0.0,",G",0.0,",G",0.0,",G",30.0,",G",14.0,",G",19830401.0,",,G",19830404.0,",,I",19830430.0,",,G",4.9,",G,01,",1.0,",,I,04,",42.8,",G,30,",961.9,G,11.3,",G",1.0,",,,I",2.3440000000000003,",G",3.2299999999999995,",,,G",1.458,",,,G"
AG000060611,1983-05-01,28.05,9.6331,561.0,"IN AMENAS, AG",503.2,G,325.9,",G",0.0,",I",0.0,",I",0.0,",I",0.0,",G",0.0,",G",0.0,",G",31.0,",G",26.0,",G",19830512.0,",,G",19830531.0,"+,,I",19830501.0,",,G",16.3,",G,12,",0.0,",,I,31,+",42.5,",G,01,",961.9,G,0.0,",G",0.0,",,,I",2.8850000000000002,",G",3.6590000000000003,",,,G",2.1100000000000003,",,,G"
AG000060611,1983-06-01,28.05,9.6331,561.0,"IN AMENAS, AG",849.0,G,345.8,",G",1.0,",I",1.0,",I",0.0,",I",0.0,",G",0.0,",G",0.0,",G",30.0,",G",29.0,",G",19830611.0,"+,,G",19830625.0,",,I",19830628.0,",,G",17.0,",G,11,+",5.0,",,I,25,",44.5,",G,28,",961.9,G,0.0,",G",5.0,",,,I",2.9859999999999998,",G",3.7299999999999995,",,,G",2.242,",,,G"
AG000060611,1983-07-01,28.05,9.6331,561.0,"IN AMENAS, AG",1239.5,G,390.5,",G",0.0,",I",0.0,",I",0.0,",I",0.0,",G",0.0,",G",0.0,",G",31.0,",G",31.0,",G",19830730.0,",,G",19830731.0,"+,,I",19830710.0,",,G",19.9,",G,30,",0.0,",,I,31,+",44.4,",G,10,",0.0,G,0.0,",G",0.0,",,,I",3.093,",G",3.902,",,,G",2.284,",,,G"
AG000060611,1983-08-01,28.05,9.6331,561.0,"IN AMENAS, AG",1671.0,G,431.5,",G",0.0,",I",0.0,",I",0.0,",I",0.0,",G",0.0,",G",0.0,",G",31.0,",G",31.0,",G",19830828.0,",,G",19830831.0,"+,,I",19830811.0,",,G",20.0,",G,28,",0.0,",,I,31,+",44.4,",G,11,",0.0,G,0.0,",G",0.0,",,,I",3.225,",G",4.054,",,,G",2.396,",,,G"
AG000060611,1983-09-01,28.05,9.6331,561.0,"IN AMENAS, AG",1971.6,G,300.6,",G",0.0,",I",0.0,",I",0.0,",I",0.0,",G",0.0,",G",0.0,",G",30.0,",G",23.0,",G",19830926.0,",,G",19830930.0,"+,,I",19830903.0,",,G",15.1,",G,26,",0.0,",,I,30,+",42.6,",G,03,",0.0,G,0.0,",G",0.0,",,,I",2.835,",G",3.6060000000000003,",,,G",2.064,",,,G"
AG000060611,1983-10-01,28.05,9.6331,561.0,"IN AMENAS, AG",2076.7,G,105.1,",G",0.0,",I",0.0,",I",0.0,",I",0.0,",G",0.0,",G",0.0,",G",31.0,",G",5.0,",G",19831028.0,",,G",19831031.0,"+,,I",19831006.0,"+,,G",9.4,",G,28,",0.0,",,I,31,+",36.7,",G,06,+",4.7,G,4.7,",G",0.0,",,,I",2.157,",G",2.88,",,,G",1.435,",,,G"
AG000060611,1983-11-01,28.05,9.6331,561.0,"IN AMENAS, AG",2101.1,G,24.4,",G",0.0,",I",0.0,",I",0.0,",I",0.0,",G",0.0,",G",0.0,",G",26.0,",G",0.0,",G",19831121.0,",,G",19831130.0,"+,,I",19831117.0,",,G",6.4,",G,21,",0.0,",,I,30,+",31.0,",G,17,",49.6,G,44.9,",G",0.0,",,,I",1.765,",G",2.509,",,,G",1.0210000000000001,",,,G"
AG000060611,1983-12-01,28.05,9.6331,561.0,"IN AMENAS, AG",2101.1,G,0.0,",G",0.0,"1,I",0.0,"1,I",0.0,"1,I",0.0,",G",12.0,",G",0.0,",G",4.0,",G",0.0,",G",19831217.0,",,G",19831231.0,"+,1,I",19831221.0,",,G",-2.0,",G,17,",0.0,"1,,I,31,+",22.6,",G,21,",332.5,G,282.9,",G",0.0,"1,,,I",0.921,",G",1.693,",,,G",0.149,",,,G"
AG000060611,1984-01-01,28.05,9.6331,561.0,"IN AMENAS, AG",0.0,G,0.0,",G",1.0,",I",0.0,",I",0.0,",I",0.0,",G",8.0,",G",0.0,",G",4.0,",G",0.0,",G",19840113.0,",,G",19840105.0,",,I",19840130.0,",,G",-3.8,",G,13,",1.0,",,I,05,",24.1,",G,30,",603.0,G,270.5,",G",1.0,",,,I",0.961,",G",1.7120000000000002,",,,G",0.21000000000000002,",,,G"
AG000060611,1984-02-01,28.05,9.6331,561.0,"IN AMENAS, AG",6.4,G,6.4,",G",1.0,",I",0.0,",I",0.0,",I",0.0,",G",7.0,",G",0.0,",G",10.0,",G",0.0,",G",19840212.0,",,G",19840204.0,",,I",19840229.0,"+,,G",-2.5,",G,12,",2.0,",,I,04,",31.2,",G,29,+",817.5,G,214.5,",G",2.0,",,,I",1.116,",G",1.8679999999999999,",,,G",0.363,",,,G"
AG000060611,1984-03-01,28.05,9.6331,561.0,"IN AMENAS, AG",40.6,G,34.2,",G",1.0,",I",0.0,",I",0.0,",I",0.0,",G",0.0,",G",0.0,",G",24.0,",G",0.0,",G",19840310.0,",,G",19840321.0,",,I",19840320.0,",,G",2.0,",G,10,",2.0,",,I,21,",30.7,",G,20,",887.9,G,70.4,",G",2.0,",,,I",1.717,",G",2.477,",,,G",0.9570000000000001,",,,G"
AG000060611,1984-04-01,28.05,9.6331,561.0,"IN AMENAS, AG",179.4,G,138.8,",G",0.0,",I",0.0,",I",0.0,",I",0.0,",G",0.0,",G",0.0,",G",30.0,",G",12.0,",G",19840407.0,",,G",19840430.0,"+,,I",19840414.0,",,G",9.5,",G,07,",0.0,",,I,30,+",38.6,",G,14,",888.9,G,1.0,",G",0.0,",,,I",2.293,",G",3.128,",,,G",1.457,",,,G"
AG000060611,1984-05-01,28.05,9.6331,561.0,"IN AMENAS, AG",541.0,G,361.6,",G",1.0,"2,I",0.0,"2,I",0.0,"2,I",0.0,",G",0.0,",G",0.0,",G",31.0,",G",28.0,",G",19840513.0,",,G",19840517.0,",2,I",19840528.0,",,G",15.0,",G,13,",1.0,"2,,I,17,",43.4,",G,28,",888.9,G,0.0,",G",1.0,"2,,,I",3.0,",G",3.713,",,,G",2.287,",,,G"
AG000060611,1984-06-01,28.05,9.6331,561.0,"IN AMENAS, AG",916.9,G,375.9,",G",0.0,",I",0.0,",I",0.0,",I",0.0,",G",0.0,",G",0.0,",G",30.0,",G",30.0,",G",19840622.0,",,G",19840630.0,"+,,I",19840627.0,",,G",18.2,",G,22,",0.0,",,I,30,+",43.3,",G,27,",888.9,G,0.0,",G",0.0,",,,I",3.086,",G",3.8619999999999997,",,,G",2.311,",,,G"
AG000060611,1984-07-01,28.05,9.6331,561.0,"IN AMENAS, AG",1252.0,G,335.1,",G",0.0,",I",0.0,",I",0.0,",I",0.0,",G",0.0,",G",0.0,",G",31.0,",G",31.0,",G",19840712.0,",,G",19840731.0,"+,,I",19840708.0,",,G",17.1,",G,12,",0.0,",,I,31,+",41.8,",G,08,",0.0,G,0.0,",G",0.0,",,,I",2.914,",G",3.75,",,,G",2.0789999999999997,",,,G"
AG000060611,1984-08-01,28.05,9.6331,561.0,"IN AMENAS, AG",1650.4,G,398.4,",G",0.0,"1,I",0.0,"1,I",0.0,"1,I",0.0,",G",0.0,",G",0.0,",G",31.0,",G",31.0,",G",19840805.0,",,G",19840831.0,"+,1,I",19840816.0,",,G",18.3,",G,05,",0.0,"1,,I,31,+",43.6,",G,16,",0.0,G,0.0,",G",0.0,"1,,,I",3.119,",G",3.94,",,,G",2.2969999999999997,",,,G"
AG000060611,1984-09-01,28.05,9.6331,561.0,"IN AMENAS, AG",1960.0,G,309.6,",G",0.0,"1,I",0.0,"1,I",0.0,"1,I",0.0,",G",0.0,",G",0.0,",G",30.0,",G",29.0,",G",19840922.0,",,G",19840930.0,"+,1,I",19840929.0,",,G",16.8,",G,22,",0.0,"1,,I,30,+",39.7,",G,29,",0.0,G,0.0,",G",0.0,"1,,,I",2.8649999999999998,",G",3.632,",,,G",2.0989999999999998,",,,G"
AG000060611,1984-10-01,28.05,9.6331,561.0,"IN AMENAS, AG",2085.6,G,125.6,",G",2.0,"1,I",0.0,"1,I",0.0,"1,I",0.0,",G",0.0,",G",0.0,",G",31.0,",G",6.0,",G",19841013.0,",,G",19841017.0,"+,1,I",19841006.0,",,G",11.6,",G,13,",1.0,"1,,I,17,+",37.7,",G,06,",0.0,G,0.0,",G",2.0,"1,,,I",2.238,",G",2.884,",,,G",1.593,",,,G"
AG000060611,1984-11-01,28.05,9.6331,561.0,"IN AMENAS, AG",2098.6,G,13.0,",G",1.0,"1,I",1.0,"1,I",0.0,"1,I",0.0,",G",0.0,",G",0.0,",G",24.0,",G",0.0,",G",19841123.0,",,G",19841114.0,",1,I",19841110.0,",,G",6.0,",G,23,",8.0,"1,,I,14,",30.0,",G,10,",65.7,G,65.7,",G",8.0,"1,,,I",1.658,",G",2.382,",,,G",0.9339999999999999,",,,G"
AG000060611,1984-12-01,28.05,9.6331,561.0,"IN AMENAS, AG",2098.6,G,0.0,",G",0.0,"2,I",0.0,"2,I",0.0,"2,I",0.0,",G",2.0,",G",0.0,",G",3.0,",G",0.0,",G",19841231.0,",,G",19841231.0,"+,2,I",19841202.0,",,G",-0.5,",G,31,",0.0,"2,,I,31,+",24.5,",G,02,",312.0,G,246.3,",G",0.0,"2,,,I",1.0390000000000001,",G",1.69,",,,G",0.387,",,,G"
AG000060611,1985-01-01,28.05,9.6331,561.0,"IN AMENAS, AG",0.0,G,0.0,",G",0.0,",I",0.0,",I",0.0,",I",0.0,",G",7.0,",G",0.0,",G",6.0,",G",0.0,",G",19850104.0,",,G",19850131.0,"+,,I",19850108.0,",,G",-3.2,",G,04,",0.0,",,I,31,+",23.9,",G,08,",571.7,G,259.7,",G",0.0,",,,I",0.9960000000000001,",G",1.72,",,,G",0.271,",,,G"
AG000060611,1985-02-01,28.05,9.6331,561.0,"IN AMENAS, AG",4.2,G,4.2,",G",0.0,",I",0.0,",I",0.0,",I",0.0,",G",0.0,",G",0.0,",G",21.0,",G",0.0,",G",19850203.0,"+,,G",19850228.0,"+,,I",19850219.0,",,G",2.0,",G,03,+",0.0,",,I,28,+",29.4,",G,19,",667.0,G,95.3,",G",0.0,",,,I",1.508,",G",2.3609999999999998,",,,G",0.654,",,,G"
AG000060611,1985-03-01,28.05,9.6331,561.0,"IN AMENAS, AG",26.4,G,22.2,",G",2.0,",I",1.0,",I",0.0,",I",0.0,",G",0.0,",G",0.0,",G",25.0,",G",1.0,",G",19850308.0,",,G",19850328.0,",,I",19850324.0,",,G",4.0,",G,08,",3.0,",,I,28,",34.1,",G,24,",726.1,G,59.1,",G",4.0,",,,I",1.714,",G",2.434,",,,G",0.994,",,,G"
AG000060611,1985-04-01,28.05,9.6331,561.0,"IN AMENAS, AG",172.4,G,146.0,",G",0.0,"1,I",0.0,"1,I",0.0,"1,I",0.0,",G",0.0,",G",0.0,",G",28.0,",G",15.0,",G",19850416.0,",,G",19850430.0,"+,1,I",19850426.0,",,G",6.5,",G,16,",0.0,"1,,I,30,+",38.9,",G,26,",749.5,G,23.4,",G",0.0,"1,,,I",2.242,",G",3.06,",,,G",1.424,",,,G"
AG000060611,1985-05-01,28.05,9.6331,561.0,"IN AMENAS, AG",466.2,G,293.8,",G",0.0,"1,I",0.0,"1,I",0.0,"1,I",0.0,",G",0.0,",G",0.0,",G",31.0,",G",25.0,",G",19850510.0,",,G",19850531.0,"+,1,I",19850519.0,",,G",14.2,",G,10,",0.0,"1,,I,31,+",40.9,",G,19,",749.5,G,0.0,",G",0.0,"1,,,I",2.7809999999999997,",G",3.53,",,,G",2.032,",,,G"
AG000060611,1985-06-01,28.05,9.6331,561.0,"IN AMENAS, AG",888.6,G,422.4,",G",0.0,",I",0.0,",I",0.0,",I",0.0,",G",0.0,",G",0.0,",G",30.0,",G",30.0,",G",19850618.0,",,G",19850630.0,"+,,I",19850620.0,",,G",20.5,",G,18,",0.0,",,I,30,+",43.3,",G,20,",749.5,G,0.0,",G",0.0,",,,I",3.2409999999999997,",G",4.081,",,,G",2.402,",,,G"
AG000060611,1985-07-01,28.05,9.6331,561.0,"IN AMENAS, AG",1263.4,G,374.8,",G",0.0,",I",0.0,",I",0.0,",I",0.0,",G",0.0,",G",0.0,",G",31.0,",G",31.0,",G",19850728.0,"+,,G",19850731.0,"+,,I",19850731.0,",,G",21.0,",G,28,+",0.0,",,I,31,+",42.2,",G,31,",0.0,G,0.0,",G",0.0,",,,I",3.0420000000000003,",G",3.815,",,,G",2.27,",,,G"
AG000060611,1985-08-01,28.05,9.6331,561.0,"IN AMENAS, AG",1621.4,G,358.0,",G",0.0,",I",0.0,",I",0.0,",I",0.0,",G",0.0,",G",0.0,",G",31.0,",G",31.0,",G",19850815.0,",,G",19850831.0,"+,,I",19850807.0,",,G",19.3,",G,15,",0.0,",,I,31,+",43.5,",G,07,",0.0,G,0.0,",G",0.0,",,,I",2.988,",G",3.777,",,,G",2.199,",,,G"
AG000060611,1985-09-01,28.05,9.6331,561.0,"IN AMENAS, AG",1890.8,G,269.4,",G",0.0,",I",0.0,",I",0.0,",I",0.0,",G",0.0,",G",0.0,",G",30.0,",G",29.0,",G",19850906.0,",,G",19850930.0,"+,,I",19850927.0,",,G",17.0,",G,06,",0.0,",,I,30,+",38.0,",G,27,",0.0,G,0.0,",G",0.0,",,,I",2.731,",G",3.4979999999999998,",,,G",1.9649999999999999,",,,G"
AG000060611,1985-10-01,28.05,9.6331,561.0,"IN AMENAS, AG",2032.6,G,141.8,",G",0.0,",I",0.0,",I",0.0,",I",0.0,",G",0.0,",G",0.0,",G",31.0,",G",6.0,",G",19851019.0,",,G",19851031.0,"+,,I",19851011.0,",,G",11.7,",G,19,",0.0,",,I,31,+",34.9,",G,11,",0.0,G,0.0,",G",0.0,",,,I",2.291,",G",3.0300000000000002,",,,G",1.551,",,,G"
AG000060611,1985-11-01,28.05,9.6331,561.0,"IN AMENAS, AG",2065.3,G,32.7,",G",1.0,"1,I",0.0,"1,I",0.0,"1,I",0.0,",G",0.0,",G",0.0,",G",28.0,",G",1.0,",G",19851124.0,",,G",19851119.0,",1,I",19851104.0,",,G",3.9,",G,24,",1.0,"1,,I,19,",32.5,",G,04,",37.2,G,37.2,",G",1.0,"1,,,I",1.818,",G",2.552,",,,G",1.085,",,,G"
AG000060611,1985-12-01,28.05,9.6331,561.0,"IN AMENAS, AG",2065.3,G,0.0,",G",1.0,"1,I",1.0,"1,I",0.0,"1,I",0.0,",G",0.0,",G",0.0,",G",2.0,",G",0.0,",G",19851225.0,",,G",19851215.0,",1,I",19851206.0,",,G",1.6,",G,25,",11.0,"1,,I,15,",22.0,",G,06,",250.7,G,213.5,",G",11.0,"1,,,I",1.145,",G",1.7429999999999999,",,,G",0.546,",,,G"
AG000060611,1986-01-01,28.05,9.6331,561.0,"IN AMENAS, AG",0.0,G,0.0,",G",0.0,"1,I",0.0,"1,I",0.0,"1,I",0.0,",G",0.0,",G",0.0,",G",3.0,",G",0.0,",G",19860128.0,",,G",19860131.0,"+,1,I",19860131.0,",,G",0.5,",G,28,",0.0,"1,,I,31,+",24.2,",G,31,",507.6,G,256.9,",G",0.0,"1,,,I",1.0050000000000001,",G",1.706,",,,G",0.303,",,,G"
AG000060611,1986-02-01,28.05,9.6331,561.0,"IN AMENAS, AG",5.8,G,5.8,",G",1.0,"1,I",1.0,"1,I",0.0,"1,I",0.0,",G",0.0,",G",0.0,",G",15.0,",G",0.0,",G",19860214.0,",,G",19860201.0,",1,I",19860228.0,",,G",0.3,",G,14,",4.0,"1,,I,01,",31.5,",G,28,",622.7,G,115.1,",G",4.0,"1,,,I",1.443,",G",2.221,",,,G",0.665,",,,G"
AG000060611,1986-03-01,28.05,9.6331,561.0,"IN AMENAS, AG",36.9,G,31.1,",G",0.0,"2,I",0.0,"2,I",0.0,"2,I",0.0,",G",0.0,",G",0.0,",G",23.0,",G",1.0,",G",19860313.0,",,G",19860331.0,"+,2,I",19860301.0,",,G",4.4,",G,13,",0.0,"2,,I,31,+",32.9,",G,01,",703.3,G,80.6,",G",0.0,"2,,,I",1.674,",G",2.388,",,,G",0.959,",,,G"
AG000060611,1986-04-01,28.05,9.6331,561.0,"IN AMENAS, AG",196.4,G,159.5,",G",0.0,"2,I",0.0,"2,I",0.0,"2,I",0.0,",G",0.0,",G",0.0,",G",30.0,",G",11.0,",G",19860405.0,",,G",19860430.0,"+,2,I",19860415.0,",,G",11.2,",G,05,",0.0,"2,,I,30,+",38.0,",G,15,",703.3,G,0.0,",G",0.0,"2,,,I",2.3649999999999998,",G",3.12,",,,G",1.61,",,,G"
AG000060611,1986-05-01,28.05,9.6331,561.0,"IN AMENAS, AG",440.9,G,244.5,",G",0.0,",I",0.0,",I",0.0,",I",0.0,",G",0.0,",G",0.0,",G",31.0,",G",24.0,",G",19860501.0,",,G",19860531.0,"+,,I",19860530.0,",,G",10.5,",G,01,",0.0,",,I,31,+",40.0,",G,30,",703.3,G,0.0,",G",0.0,",,,I",2.622,",G",3.4,",,,G",1.844,",,,G"
AG000060611,1986-06-01,28.05,9.6331,561.0,"IN AMENAS, AG",833.2,G,392.3,",G",0.0,"4,I",0.0,"4,I",0.0,"4,I",0.0,",G",0.0,",G",0.0,",G",30.0,",G",30.0,",G",19860610.0,",,G",19860630.0,"+,4,I",19860606.0,",,G",20.3,",G,10,",0.0,"4,,I,30,+",42.7,",G,06,",703.3,G,0.0,",G",0.0,"4,,,I",3.141,",G",3.886,",,,G",2.396,",,,G"
AG000060611,1986-07-01,28.05,9.6331,561.0,"IN AMENAS, AG",1260.2,G,427.0,",G",0.0,",I",0.0,",I",0.0,",I",0.0,",G",0.0,",G",0.0,",G",31.0,",G",31.0,",G",19860711.0,",,G",19860731.0,"+,,I",19860715.0,",,G",21.3,",G,11,",0.0,",,I,31,+",43.6,",G,15,",0.0,G,0.0,",G",0.0,",,,I",3.211,",G",3.989,",,,G",2.432,",,,G"
AG000060611,1986-08-01,28.05,9.6331,561.0,"IN AMENAS, AG",1646.7,G,386.5,",G",0.0,"1,I",0.0,"1,I",0.0,"1,I",0.0,",G",0.0,",G",0.0,",G",31.0,",G",31.0,",G",19860822.0,",,G",19860831.0,"+,1,I",19860829.0,",,G",20.3,",G,22,",0.0,"1,,I,31,+",41.5,",G,29,",0.0,G,0.0,",G",0.0,"1,,,I",3.08,",G",3.867,",,,G",2.293,",,,G"
AG000060611,1986-09-01,28.05,9.6331,561.0,"IN AMENAS, AG",1960.4,G,313.7,",G",1.0,"1,I",1.0,"1,I",0.0,"1,I",0.0,",G",0.0,",G",0.0,",G",30.0,",G",26.0,",G",19860926.0,",,G",19860914.0,",1,I",19860902.0,",,G",15.0,",G,26,",8.0,"1,,I,14,",42.1,",G,02,",0.0,G,0.0,",G",8.0,"1,,,I",2.879,",G",3.5909999999999997,",,,G",2.166,",,,G"
AG000060611,1986-10-01,28.05,9.6331,561.0,"IN AMENAS, AG",2136.8,G,176.4,",G",0.0,"2,I",0.0,"2,I",0.0,"2,I",0.0,",G",0.0,",G",0.0,",G",28.0,",G",12.0,",G",19861030.0,"+,,G",19861031.0,"+,2,I",19861001.0,",,G",7.0,",G,30,+",0.0,"2,,I,31,+",36.0,",G,01,",14.1,G,14.1,",G",0.0,"2,,,I",2.357,",G",3.019,",,,G",1.6949999999999998,",,,G"
AG000060611,1986-11-01,28.05,9.6331,561.0,"IN AMENAS, AG",2139.8,G,3.0,",G",0.0,"1,I",0.0,"1,I",0.0,"1,I",0.0,",G",0.0,",G",0.0,",G",13.0,",G",0.0,",G",19861126.0,",,G",19861130.0,"+,1,I",19861113.0,",,G",4.9,",G,26,",0.0,"1,,I,30,+",27.7,",G,13,",119.8,G,105.7,",G",0.0,"1,,,I",1.491,",G",2.136,",,,G",0.8460000000000001,",,,G"
AG000060611,1986-12-01,28.05,9.6331,561.0,"IN AMENAS, AG",2139.8,G,0.0,",G",2.0,",I",0.0,",I",0.0,",I",0.0,",G",5.0,",G",0.0,",G",2.0,",G",0.0,",G",19861226.0,",,G",19861216.0,"+,,I",19861222.0,",,G",-2.8,",G,26,",1.0,",,I,16,+",22.0,",G,22,",394.1,G,274.3,",G",2.0,",,,I",0.9480000000000001,",G",1.6039999999999999,",,,G",0.29300000000000004,",,,G"
AG000060611,1987-01-01,28.05,9.6331,561.0,"IN AMENAS, AG",0.0,G,0.0,",G",0.0,",I",0.0,",I",0.0,",I",0.0,",G",11.0,",G",0.0,",G",10.0,",G",0.0,",G",19870119.0,",,G",19870131.0,"+,,I",19870130.0,"+,,G",-2.5,",G,19,",0.0,",,I,31,+",26.7,",G,30,+",641.9,G,247.8,",G",0.0,",,,I",1.034,",G",1.859,",,,G",0.209,",,,G"
AG000060611,1987-02-01,28.05,9.6331,561.0,"IN AMENAS, AG",0.0,G,0.0,",G",0.0,",I",0.0,",I",0.0,",I",0.0,",G",0.0,",G",0.0,",G",13.0,",G",0.0,",G",19870210.0,",,G",19870228.0,"+,,I",19870219.0,",,G",1.5,",G,10,",0.0,",,I,28,+",28.3,",G,19,",788.2,G,146.3,",G",0.0,",,,I",1.311,",G",2.086,",,,G",0.536,",,,G"
AG000060611,1987-03-01,28.05,9.6331,561.0,"IN AMENAS, AG",43.0,G,43.0,",G",2.0,"1,I",0.0,"1,I",0.0,"1,I",0.0,",G",0.0,",G",0.0,",G",25.0,",G",1.0,",G",19870331.0,",,G",19870316.0,",1,I",19870313.0,",,G",4.1,",G,31,",2.0,"1,,I,16,",34.0,",G,13,",849.5,G,61.3,",G",3.0,"1,,,I",1.775,",G",2.5149999999999997,",,,G",1.034,",,,G"
AG000060611,1987-04-01,28.05,9.6331,561.0,"IN AMENAS, AG",161.3,G,118.3,",G",0.0,",I",0.0,",I",0.0,",I",0.0,",G",0.0,",G",0.0,",G",29.0,",G",14.0,",G",19870401.0,",,G",19870430.0,"+,,I",19870428.0,",,G",1.5,",G,01,",0.0,",,I,30,+",39.1,",G,28,",877.4,G,27.9,",G",0.0,",,,I",2.1350000000000002,",G",3.028,",,,G",1.242,",,,G"
AG000060611,1987-05-01,28.05,9.6331,561.0,"IN AMENAS, AG",486.5,G,325.2,",G",0.0,"2,I",0.0,"2,I",0.0,"2,I",0.0,",G",0.0,",G",0.0,",G",31.0,",G",24.0,",G",19870508.0,",,G",19870531.0,"+,2,I",19870524.0,",,G",11.9,",G,08,",0.0,"2,,I,31,+",44.8,",G,24,",877.4,G,0.0,",G",0.0,"2,,,I",2.882,",G",3.657,",,,G",2.107,",,,G"
AG000060611,1987-06-01,28.05,9.6331,561.0,"IN AMENAS, AG",899.3,G,412.8,",G",0.0,",I",0.0,",I",0.0,",I",0.0,",G",0.0,",G",0.0,",G",30.0,",G",29.0,",G",19870601.0,",,G",19870630.0,"+,,I",19870626.0,",,G",15.4,",G,01,",0.0,",,I,30,+",43.3,",G,26,",877.4,G,0.0,",G",0.0,",,,I",3.2090000000000005,",G",4.026,",,,G",2.393,",,,G"
AG000060611,1987-07-01,28.05,9.6331,561.0,"IN AMENAS, AG",1382.6,G,483.3,",G",0.0,",I",0.0,",I",0.0,",I",0.0,",G",0.0,",G",0.0,",G",31.0,",G",31.0,",G",19870729.0,",,G",19870731.0,"+,,I",19870710.0,",,G",23.0,",G,29,",0.0,",,I,31,+",44.7,",G,10,",0.0,G,0.0,",G",0.0,",,,I",3.3920000000000003,",G",4.195,",,,G",2.59,",,,G"
AG000060611,1987-08-01,28.05,9.6331,561.0,"IN AMENAS, AG",1801.3,G,418.7,",G",0.0,",I",0.0,",I",0.0,",I",0.0,",G",0.0,",G",0.0,",G",31.0,",G",31.0,",G",19870828.0,"+,,G",19870831.0,"+,,I",19870807.0,",,G",21.5,",G,28,+",0.0,",,I,31,+",43.5,",G,07,",0.0,G,0.0,",G",0.0,",,,I",3.184,",G",3.976,",,,G",2.3920000000000003,",,,G"
AG000060611,1987-09-01,28.05,9.6331,561.0,"IN AMENAS, AG",2098.4,G,297.1,",G",2.0,",I",0.0,",I",0.0,",I",0.0,",G",0.0,",G",0.0,",G",30.0,",G",28.0,",G",19870926.0,",,G",19870921.0,"+,,I",19870905.0,",,G",18.0,",G,26,",1.0,",,I,21,+",40.6,",G,05,",0.0,G,0.0,",G",2.0,",,,I",2.824,",G",3.5380000000000003,",,,G",2.109,",,,G"
AG000060611,1987-10-01,28.05,9.6331,561.0,"IN AMENAS, AG",2281.4,G,183.0,",G",1.0,",I",0.0,",I",0.0,",I",0.0,",G",0.0,",G",0.0,",G",31.0,",G",12.0,",G",19871028.0,",,G",19871008.0,",,I",19871002.0,",,G",11.2,",G,28,",1.0,",,I,08,",38.2,",G,02,",0.0,G,0.0,",G",1.0,",,,I",2.424,",G",3.199,",,,G",1.6480000000000001,",,,G"
AG000060611,1987-11-01,28.05,9.6331,561.0,"IN AMENAS, AG",2317.1,G,35.7,",G",0.0,",I",0.0,",I",0.0,",I",0.0,",G",0.0,",G",0.0,",G",21.0,",G",2.0,",G",19871130.0,",,G",19871130.0,"+,,I",19871109.0,",,G",2.6,",G,30,",0.0,",,I,30,+",33.0,",G,09,",78.5,G,78.5,",G",0.0,",,,I",1.691,",G",2.379,",,,G",1.002,",,,G"
AG000060611,1987-12-01,28.05,9.6331,561.0,"IN AMENAS, AG",2319.1,G,2.0,",G",1.0,",I",0.0,",I",0.0,",I",0.0,",G",0.0,",G",0.0,",G",17.0,",G",0.0,",G",19871230.0,",,G",19871227.0,",,I",19871207.0,",,G",2.7,",G,30,",1.0,",,I,27,",28.2,",G,07,",210.5,G,132.0,",G",1.0,",,,I",1.4140000000000001,",G",2.145,",,,G",0.682,",,,G"
AG000060611,1988-01-01,28.05,9.6331,561.0,"IN AMENAS, AG",0.0,G,0.0,",G",1.0,"1,I",1.0,"1,I",0.0,"1,I",0.0,",G",1.0,",G",0.0,",G",7.0,",G",0.0,",G",19880111.0,",,G",19880102.0,",1,I",19880130.0,",,G",-1.3,",G,11,",4.0,"1,,I,02,",26.0,",G,30,",426.3,G,215.8,",G",4.0,"1,,,I",1.137,",G",1.875,",,,G",0.399,",,,G"
AG000060611,1988-02-01,28.05,9.6331,561.0,"IN AMENAS, AG",10.5,G,10.5,",G",1.0,",I",0.0,",I",0.0,",I",0.0,",G",0.0,",G",0.0,",G",18.0,",G",0.0,",G",19880216.0,",,G",19880225.0,",,I",19880229.0,",,G",1.4,",G,16,",1.0,",,I,25,",28.8,",G,29,",531.6,G,105.3,",G",1.0,",,,I",1.5070000000000001,",G",2.271,",,,G",0.742,",,,G"
AG000060611,1988-03-01,28.05,9.6331,561.0,"IN AMENAS, AG",31.3,G,20.8,",G",3.0,",I",1.0,",I",0.0,",I",0.0,",G",0.0,",G",0.0,",G",21.0,",G",1.0,",G",19880308.0,",,G",19880303.0,",,I",19880331.0,",,G",2.0,",G,08,",7.0,",,I,03,",33.3,",G,31,",608.0,G,76.4,",G",9.0,",,,I",1.654,",G",2.3920000000000003,",,,G",0.916,",,,G"
AG000060611,1988-04-01,28.05,9.6331,561.0,"IN AMENAS, AG",224.2,G,192.9,",G",0.0,"1,I",0.0,"1,I",0.0,"1,I",0.0,",G",0.0,",G",0.0,",G",30.0,",G",19.0,",G",19880430.0,",,G",19880430.0,"+,1,I",19880421.0,",,G",11.7,",G,30,",0.0,"1,,I,30,+",38.8,",G,21,",608.0,G,0.0,",G",0.0,"1,,,I",2.476,",G",3.2979999999999996,",,,G",1.655,",,,G"
AG000060611,1988-05-01,28.05,9.6331,561.0,"IN AMENAS, AG",580.7,G,356.5,",G",0.0,",I",0.0,",I",0.0,",I",0.0,",G",0.0,",G",0.0,",G",31.0,",G",30.0,",G",19880501.0,",,G",19880531.0,"+,,I",19880530.0,",,G",14.0,",G,01,",0.0,",,I,31,+",43.5,",G,30,",608.0,G,0.0,",G",0.0,",,,I",2.9829999999999997,",G",3.7939999999999996,",,,G",2.173,",,,G"
AG000060611,1988-06-01,28.05,9.6331,561.0,"IN AMENAS, AG",1057.4,G,476.7,",G",1.0,",I",0.0,",I",0.0,",I",0.0,",G",0.0,",G",0.0,",G",30.0,",G",30.0,",G",19880609.0,",,G",19880604.0,",,I",19880624.0,",,G",18.6,",G,09,",1.0,",,I,04,",46.4,",G,24,",608.0,G,0.0,",G",1.0,",,,I",3.4219999999999997,",G",4.172,",,,G",2.6719999999999997,",,,G"
AG000060611,1988-07-01,28.05,9.6331,561.0,"IN AMENAS, AG",1505.4,G,448.0,",G",0.0,",I",0.0,",I",0.0,",I",0.0,",G",0.0,",G",0.0,",G",31.0,",G",31.0,",G",19880720.0,",,G",19880731.0,"+,,I",19880704.0,",,G",21.0,",G,20,",0.0,",,I,31,+",45.9,",G,04,",0.0,G,0.0,",G",0.0,",,,I",3.278,",G",4.05,",,,G",2.506,",,,G"
AG000060611,1988-08-01,28.05,9.6331,561.0,"IN AMENAS, AG",1909.8,G,404.4,",G",0.0,",I",0.0,",I",0.0,",I",0.0,",G",0.0,",G",0.0,",G",31.0,",G",31.0,",G",19880816.0,",,G",19880831.0,"+,,I",19880826.0,",,G",20.8,",G,16,",0.0,",,I,31,+",41.5,",G,26,",0.0,G,0.0,",G",0.0,",,,I",3.138,",G",3.903,",,,G",2.373,",,,G"
AG000060611,1988-09-01,28.05,9.6331,561.0,"IN AMENAS, AG",2200.0,G,290.2,",G",1.0,",I",0.0,",I",0.0,",I",0.0,",G",0.0,",G",0.0,",G",30.0,",G",25.0,",G",19880928.0,",,G",19880920.0,",,I",19880916.0,",,G",15.6,",G,28,",1.0,",,I,20,",41.0,",G,16,",0.0,G,0.0,",G",1.0,",,,I",2.801,",G",3.5200000000000005,",,,G",2.081,",,,G"
AG000060611,1988-10-01,28.05,9.6331,561.0,"IN AMENAS, AG",2372.0,G,172.0,",G",0.0,",I",0.0,",I",0.0,",I",0.0,",G",0.0,",G",0.0,",G",31.0,",G",14.0,",G",19881030.0,",,G",19881031.0,"+,,I",19881002.0,",,G",8.3,",G,30,",0.0,",,I,31,+",37.8,",G,02,",5.5,G,5.5,",G",0.0,",,,I",2.37,",G",3.1079999999999997,",,,G",1.6329999999999998,",,,G"
AG000060611,1988-11-01,28.05,9.6331,561.0,"IN AMENAS, AG",2406.1,G,34.1,",G",1.0,",I",0.0,",I",0.0,",I",0.0,",G",0.0,",G",0.0,",G",23.0,",G",0.0,",G",19881126.0,",,G",19881129.0,",,I",19881107.0,",,G",4.3,",G,26,",1.0,",,I,29,",31.9,",G,07,",65.5,G,60.0,",G",1.0,",,,I",1.7469999999999999,",G",2.464,",,,G",1.03,",,,G"
AG000060611,1988-12-01,28.05,9.6331,561.0,"IN AMENAS, AG",2406.1,G,0.0,",G",0.0,",I",0.0,",I",0.0,",I",0.0,",G",5.0,",G",0.0,",G",3.0,",G",0.0,",G",19881210.0,",,G",19881231.0,"+,,I",19881207.0,",,G",-2.0,",G,10,",0.0,",,I,31,+",23.3,",G,07,",363.1,G,297.6,",G",0.0,",,,I",0.873,",G",1.5210000000000001,",,,G",0.225,",,,G"
AG000060611,1989-01-01,28.05,9.6331,561.0,"IN AMENAS, AG",0.0,G,0.0,",G",0.0,",I",0.0,",I",0.0,",I",0.0,",G",4.0,",G",0.0,",G",0.0,",G",0.0,",G",19890108.0,",,G",19890131.0,"+,,I",19890120.0,",,G",-2.5,",G,08,",0.0,",,I,31,+",19.2,",G,20,",650.6,G,287.5,",G",0.0,",,,I",0.906,",G",1.5859999999999999,",,,G",0.22599999999999998,",,,G"
AG000060611,1989-02-01,28.05,9.6331,561.0,"IN AMENAS, AG",1.2,G,1.2,",G",0.0,",I",0.0,",I",0.0,",I",0.0,",G",0.0,",G",0.0,",G",8.0,",G",0.0,",G",19890215.0,"+,,G",19890228.0,"+,,I",19890227.0,",,G",0.5,",G,15,+",0.0,",,I,28,+",27.2,",G,27,",839.6,G,189.0,",G",0.0,",,,I",1.162,",G",1.925,",,,G",0.4,",,,G"
AG000060611,1989-03-01,28.05,9.6331,561.0,"IN AMENAS, AG",27.5,G,26.3,",G",0.0,"1,I",0.0,"1,I",0.0,"1,I",0.0,",G",0.0,",G",0.0,",G",22.0,",G",0.0,",G",19890311.0,",,G",19890331.0,"+,1,I",19890316.0,",,G",3.8,",G,11,",0.0,"1,,I,31,+",31.4,",G,16,",913.9,G,74.3,",G",0.0,"1,,,I",1.6789999999999998,",G",2.466,",,,G",0.891,",,,G"
AG000060611,1989-04-01,28.05,9.6331,561.0,"IN AMENAS, AG",183.5,G,156.0,",G",0.0,",I",0.0,",I",0.0,",I",0.0,",G",0.0,",G",0.0,",G",30.0,",G",16.0,",G",19890430.0,",,G",19890430.0,"+,,I",19890410.0,",,G",8.7,",G,30,",0.0,",,I,30,+",37.0,",G,10,",915.9,G,2.0,",G",0.0,",,,I",2.346,",G",3.123,",,,G",1.569,",,,G"
AG000060611,1989-05-01,28.05,9.6331,561.0,"IN AMENAS, AG",461.3,G,277.8,",G",0.0,",I",0.0,",I",0.0,",I",0.0,",G",0.0,",G",0.0,",G",31.0,",G",21.0,",G",19890507.0,",,G",19890531.0,"+,,I",19890514.0,",,G",11.1,",G,07,",0.0,",,I,31,+",40.8,",G,14,",915.9,G,0.0,",G",0.0,",,,I",2.73,",G",3.507,",,,G",1.952,",,,G"
AG000060611,1989-06-01,28.05,9.6331,561.0,"IN AMENAS, AG",865.3,G,404.0,",G",0.0,"1,I",0.0,"1,I",0.0,"1,I",0.0,",G",0.0,",G",0.0,",G",30.0,",G",30.0,",G",19890606.0,",,G",19890630.0,"+,1,I",19890618.0,",,G",20.0,",G,06,",0.0,"1,,I,30,+",42.0,",G,18,",915.9,G,0.0,",G",0.0,"1,,,I",3.18,",G",3.935,",,,G",2.425,",,,G"
AG000060611,1989-07-01,28.05,9.6331,561.0,"IN AMENAS, AG",1241.6,G,376.3,",G",0.0,",I",0.0,",I",0.0,",I",0.0,",G",0.0,",G",0.0,",G",31.0,",G",31.0,",G",19890725.0,",,G",19890731.0,"+,,I",19890714.0,",,G",19.8,",G,25,",0.0,",,I,31,+",41.3,",G,14,",0.0,G,0.0,",G",0.0,",,,I",3.0469999999999997,",G",3.772,",,,G",2.322,",,,G"
AG000060611,1989-08-01,28.05,9.6331,561.0,"IN AMENAS, AG",1633.7,G,392.1,",G",0.0,"1,I",0.0,"1,I",0.0,"1,I",0.0,",G",0.0,",G",0.0,",G",31.0,",G",31.0,",G",19890806.0,",,G",19890831.0,"+,1,I",19890813.0,",,G",19.3,",G,06,",0.0,"1,,I,31,+",41.8,",G,13,",0.0,G,0.0,",G",0.0,"1,,,I",3.098,",G",3.845,",,,G",2.351,",,,G"
AG000060611,1989-09-01,28.05,9.6331,561.0,"IN AMENAS, AG",1992.2,G,358.5,",G",0.0,",I",0.0,",I",0.0,",I",0.0,",G",0.0,",G",0.0,",G",30.0,",G",30.0,",G",19890930.0,",,G",19890930.0,"+,,I",19890902.0,",,G",18.2,",G,30,",0.0,",,I,30,+",41.4,",G,02,",0.0,G,0.0,",G",0.0,",,,I",3.028,",G",3.778,",,,G",2.279,",,,G"
AG000060611,1989-10-01,28.05,9.6331,561.0,"IN AMENAS, AG",2144.4,G,152.2,",G",0.0,",I",0.0,",I",0.0,",I",0.0,",G",0.0,",G",0.0,",G",31.0,",G",9.0,",G",19891031.0,",,G",19891031.0,"+,,I",19891013.0,",,G",9.8,",G,31,",0.0,",,I,31,+",38.3,",G,13,",0.0,G,0.0,",G",0.0,",,,I",2.324,",G",3.052,",,,G",1.597,",,,G"
AG000060611,1989-11-01,28.05,9.6331,561.0,"IN AMENAS, AG",2159.8,G,15.4,",G",0.0,",I",0.0,",I",0.0,",I",0.0,",G",0.0,",G",0.0,",G",30.0,",G",0.0,",G",19891113.0,",,G",19891130.0,"+,,I",19891126.0,",,G",5.6,",G,13,",0.0,",,I,30,+",30.4,",G,26,",41.9,G,41.9,",G",0.0,",,,I",1.7449999999999999,",G",2.508,",,,G",0.982,",,,G"
AG000060611,1989-12-01,28.05,9.6331,561.0,"IN AMENAS, AG",2160.1,G,0.3,",G",0.0,",I",0.0,",I",0.0,",I",0.0,",G",0.0,",G",0.0,",G",21.0,",G",0.0,",G",19891227.0,",,G",19891231.0,"+,,I",19891208.0,",,G",3.0,",G,27,",0.0,",,I,31,+",28.0,",G,08,",168.8,G,126.9,",G",0.0,",,,I",1.425,",G",2.216,",,,G",0.634,",,,G"
AG000060611,1990-01-01,28.05,9.6331,561.0,"IN AMENAS, AG",0.0,G,0.0,",G",4.0,",I",2.0,",I",0.0,",I",0.0,",G",0.0,",G",0.0,",G",0.0,",G",0.0,",G",19900106.0,",,G",19900119.0,",,I",19900104.0,",,G",1.9,",G,06,",15.0,",,I,19,",21.0,",G,04,",393.3,G,224.5,",G",22.0,",,,I",1.109,",G",1.6329999999999998,",,,G",0.585,",,,G"
AG000060611,1990-02-01,28.05,9.6331,561.0,"IN AMENAS, AG",0.0,G,0.0,",G",0.0,",I",0.0,",I",0.0,",I",0.0,",G",0.0,",G",0.0,",G",10.0,",G",0.0,",G",19900224.0,",,G",19900228.0,"+,,I",19900228.0,",,G",3.6,",G,24,",0.0,",,I,28,+",24.6,",G,28,",536.9,G,143.6,",G",0.0,",,,I",1.3210000000000002,",G",2.033,",,,G",0.608,",,,G"
AG000060611,1990-03-01,28.05,9.6331,561.0,"IN AMENAS, AG",26.3,G,26.3,",G",0.0,",I",0.0,",I",0.0,",I",0.0,",G",0.0,",G",0.0,",G",30.0,",G",1.0,",G",19900322.0,"+,,G",19900331.0,"+,,I",19900331.0,",,G",7.0,",G,22,+",0.0,",,I,31,+",33.9,",G,31,",577.2,G,40.3,",G",0.0,",,,I",1.7879999999999998,",G",2.551,",,,G",1.025,",,,G"
AG000060611,1990-04-01,28.05,9.6331,561.0,"IN AMENAS, AG",192.1,G,165.8,",G",1.0,",I",1.0,",I",0.0,",I",0.0,",G",0.0,",G",0.0,",G",29.0,",G",13.0,",G",19900413.0,",,G",19900417.0,",,I",19900408.0,",,G",8.4,",G,13,",3.0,",,I,17,",39.2,",G,08,",581.8,G,4.6,",G",3.0,",,,I",2.371,",G",3.071,",,,G",1.67,",,,G"
AG000060611,1990-05-01,28.05,9.6331,561.0,"IN AMENAS, AG",460.2,G,268.1,",G",3.0,",I",1.0,",I",0.0,",I",0.0,",G",0.0,",G",0.0,",G",31.0,",G",16.0,",G",19900530.0,"+,,G",19900506.0,",,I",19900525.0,",,G",16.5,",G,30,+",5.0,",,I,06,",42.2,",G,25,",581.8,G,0.0,",G",7.0,",,,I",2.698,",G",3.438,",,,G",1.9579999999999997,",,,G"
AG000060611,1990-06-01,28.05,9.6331,561.0,"IN AMENAS, AG",896.2,G,436.0,",G",0.0,"1,I",0.0,"1,I",0.0,"1,I",0.0,",G",0.0,",G",0.0,",G",30.0,",G",30.0,",G",19900601.0,",,G",19900630.0,"+,1,I",19900620.0,",,G",17.6,",G,01,",0.0,"1,,I,30,+",45.5,",G,20,",581.8,G,0.0,",G",0.0,"1,,,I",3.287,",G",4.111,",,,G",2.462,",,,G"
AG000060611,1990-07-01,28.05,9.6331,561.0,"IN AMENAS, AG",1272.5,G,376.3,",G",0.0,",I",0.0,",I",0.0,",I",0.0,",G",0.0,",G",0.0,",G",31.0,",G",31.0,",G",19900702.0,",,G",19900731.0,"+,,I",19900705.0,",,G",20.2,",G,02,",0.0,",,I,31,+",42.5,",G,05,",0.0,G,0.0,",G",0.0,",,,I",3.0469999999999997,",G",3.806,",,,G",2.288,",,,G"
AG000060611,1990-08-01,28.05,9.6331,561.0,"IN AMENAS, AG",1649.5,G,377.0,",G",0.0,",I",0.0,",I",0.0,",I",0.0,",G",0.0,",G",0.0,",G",31.0,",G",31.0,",G",19900825.0,",,G",19900831.0,"+,,I",19900804.0,",,G",19.2,",G,25,",0.0,",,I,31,+",42.2,",G,04,",0.0,G,0.0,",G",0.0,",,,I",3.05,",G",3.804,",,,G",2.295,",,,G"
AG000060611,1990-09-01,28.05,9.6331,561.0,"IN AMENAS, AG",1976.5,G,327.0,",G",0.0,",I",0.0,",I",0.0,",I",0.0,",G",0.0,",G",0.0,",G",30.0,",G",30.0,",G",19900930.0,"+,,G",19900930.0,"+,,I",19900912.0,",,G",19.8,",G,30,+",0.0,",,I,30,+",40.7,",G,12,",0.0,G,0.0,",G",0.0,",,,I",2.923,",G",3.697,",,,G",2.149,",,,G"
AG000060611,1990-10-01,28.05,9.6331,561.0,"IN AMENAS, AG",2201.5,G,225.0,",G",0.0,",I",0.0,",I",0.0,",I",0.0,",G",0.0,",G",0.0,",G",31.0,",G",25.0,",G",19901031.0,"+,,G",19901031.0,"+,,I",19901019.0,",,G",12.4,",G,31,+",0.0,",,I,31,+",37.1,",G,19,",0.0,G,0.0,",G",0.0,",,,I",2.559,",G",3.393,",,,G",1.725,",,,G"
AG000060611,1990-11-01,28.05,9.6331,561.0,"IN AMENAS, AG",2256.4,G,54.9,",G",3.0,"1,I",1.0,"1,I",0.0,"1,I",0.0,",G",0.0,",G",0.0,",G",19.0,",G",4.0,",G",19901122.0,"+,,G",19901112.0,",1,I",19901104.0,",,G",5.6,",G,22,+",3.0,"1,,I,12,",34.8,",G,04,",65.2,G,65.2,",G",5.0,"1,,,I",1.799,",G",2.467,",,,G",1.131,",,,G"
AG000060611,1990-12-01,28.05,9.6331,561.0,"IN AMENAS, AG",2256.4,G,0.0,",G",0.0,",I",0.0,",I",0.0,",I",0.0,",G",0.0,",G",0.0,",G",7.0,",G",0.0,",G",19901226.0,",,G",19901231.0,"+,,I",19901209.0,",,G",0.2,",G,26,",0.0,",,I,31,+",27.5,",G,09,",297.5,G,232.3,",G",0.0,",,,I",1.084,",G",1.815,",,,G",0.353,",,,G"
AG000060611,1991-01-01,28.05,9.6331,561.0,"IN AMENAS, AG",0.0,G,0.0,",G",1.0,",I",1.0,",I",0.0,",I",0.0,",G",4.0,",G",0.0,",G",3.0,",G",0.0,",G",19910115.0,",,G",19910125.0,",,I",19910125.0,",,G",-2.1,",G,15,",10.0,",,I,25,",22.8,",G,25,",551.7,G,254.2,",G",10.0,",,,I",1.0130000000000001,",G",1.7129999999999999,",,,G",0.314,",,,G"
AG000060611,1991-02-01,28.05,9.6331,561.0,"IN AMENAS, AG",1.1,G,1.1,",G",0.0,"1,I",0.0,"1,I",0.0,"1,I",0.0,",G",0.0,",G",0.0,",G",13.0,",G",0.0,",G",19910202.0,",,G",19910228.0,"+,1,I",19910211.0,",,G",1.0,",G,02,",0.0,"1,,I,28,+",27.8,",G,11,",712.2,G,160.5,",G",0.0,"1,,,I",1.264,",G",1.989,",,,G",0.5389999999999999,",,,G"
AG000060611,1991-03-01,28.05,9.6331,561.0,"IN AMENAS, AG",37.8,G,36.7,",G",0.0,",I",0.0,",I",0.0,",I",0.0,",G",0.0,",G",0.0,",G",26.0,",G",3.0,",G",19910301.0,",,G",19910331.0,"+,,I",19910330.0,",,G",3.5,",G,01,",0.0,",,I,31,+",35.5,",G,30,",768.3,G,56.1,",G",0.0,",,,I",1.7710000000000001,",G",2.56,",,,G",0.982,",,,G"
AG000060611,1991-04-01,28.05,9.6331,561.0,"IN AMENAS, AG",139.0,G,101.2,",G",0.0,",I",0.0,",I",0.0,",I",0.0,",G",0.0,",G",0.0,",G",30.0,",G",7.0,",G",19910407.0,",,G",19910430.0,"+,,I",19910416.0,",,G",6.0,",G,07,",0.0,",,I,30,+",36.0,",G,16,",781.7,G,13.4,",G",0.0,",,,I",2.1260000000000003,",G",2.903,",,,G",1.349,",,,G"
AG000060611,1991-05-01,28.05,9.6331,561.0,"IN AMENAS, AG",369.2,G,230.2,",G",5.0,"1,I",2.0,"1,I",0.0,"1,I",0.0,",G",0.0,",G",0.0,",G",31.0,",G",19.0,",G",19910524.0,",,G",19910522.0,",1,I",19910506.0,",,G",9.9,",G,24,",16.0,"1,,I,22,",39.7,",G,06,",782.6,G,0.9,",G",26.0,"1,,,I",2.573,",G",3.2920000000000003,",,,G",1.8539999999999999,",,,G"
AG000060611,1991-06-01,28.05,9.6331,561.0,"IN AMENAS, AG",771.6,G,402.4,",G",3.0,"1,I",1.0,"1,I",0.0,"1,I",0.0,",G",0.0,",G",0.0,",G",30.0,",G",28.0,",G",19910605.0,",,G",19910601.0,",1,I",19910619.0,",,G",19.6,",G,05,",3.0,"1,,I,01,",43.0,",G,19,",782.6,G,0.0,",G",5.0,"1,,,I",3.175,",G",3.918,",,,G",2.432,",,,G"
AG000060611,1991-07-01,28.05,9.6331,561.0,"IN AMENAS, AG",1193.7,G,422.1,",G",1.0,",I",0.0,",I",0.0,",I",0.0,",G",0.0,",G",0.0,",G",31.0,",G",31.0,",G",19910719.0,",,G",19910709.0,",,I",19910728.0,",,G",21.4,",G,19,",1.0,",,I,09,",43.7,",G,28,",0.0,G,0.0,",G",1.0,",,,I",3.195,",G",3.9850000000000003,",,,G",2.4050000000000002,",,,G"
AG000060611,1991-08-01,28.05,9.6331,561.0,"IN AMENAS, AG",1583.8,G,390.1,",G",0.0,",I",0.0,",I",0.0,",I",0.0,",G",0.0,",G",0.0,",G",31.0,",G",31.0,",G",19910829.0,",,G",19910831.0,"+,,I",19910801.0,",,G",19.0,",G,29,",0.0,",,I,31,+",43.0,",G,01,",0.0,G,0.0,",G",0.0,",,,I",3.092,",G",3.874,",,,G",2.31,",,,G"
AG000060611,1991-09-01,28.05,9.6331,561.0,"IN AMENAS, AG",1876.6,G,292.8,",G",1.0,",I",0.0,",I",0.0,",I",0.0,",G",0.0,",G",0.0,",G",30.0,",G",27.0,",G",19910915.0,",,G",19910901.0,",,I",19910927.0,",,G",17.4,",G,15,",1.0,",,I,01,",39.7,",G,27,",0.0,G,0.0,",G",1.0,",,,I",2.809,",G",3.5759999999999996,",,,G",2.043,",,,G"
AG000060611,1991-10-01,28.05,9.6331,561.0,"IN AMENAS, AG",2094.2,G,217.6,",G",1.0,",I",0.0,",I",0.0,",I",0.0,",G",0.0,",G",0.0,",G",31.0,",G",25.0,",G",19911022.0,",,G",19911009.0,",,I",19911006.0,",,G",10.6,",G,22,",1.0,",,I,09,",37.7,",G,06,",0.0,G,0.0,",G",1.0,",,,I",2.535,",G",3.3409999999999997,",,,G",1.73,",,,G"
AG000060611,1991-11-01,28.05,9.6331,561.0,"IN AMENAS, AG",2105.3,G,11.1,",G",0.0,",I",0.0,",I",0.0,",I",0.0,",G",0.0,",G",0.0,",G",26.0,",G",0.0,",G",19911125.0,",,G",19911130.0,"+,,I",19911101.0,",,G",1.3,",G,25,",0.0,",,I,30,+",30.2,",G,01,",72.1,G,72.1,",G",0.0,",,,I",1.6300000000000001,",G",2.387,",,,G",0.873,",,,G"
AG000060611,1991-12-01,28.05,9.6331,561.0,"IN AMENAS, AG",2105.3,G,0.0,",G",0.0,"1,I",0.0,"1,I",0.0,"1,I",0.0,",G",4.0,",G",0.0,",G",1.0,",G",0.0,",G",19911228.0,",,G",19911231.0,"+,1,I",19911203.0,",,G",-3.7,",G,28,",0.0,"1,,I,31,+",21.4,",G,03,",348.8,G,276.7,",G",0.0,"1,,,I",0.9410000000000001,",G",1.605,",,,G",0.277,",,,G"
AG000060611,1992-01-01,28.05,9.6331,561.0,"IN AMENAS, AG",0.0,G,0.0,",G",1.0,",I",1.0,",I",0.0,",I",0.0,",G",7.0,",G",0.0,",G",0.0,",G",0.0,",G",19920102.0,",,G",19920125.0,",,I",19920123.0,",,G",-2.2,",G,02,",4.0,",,I,25,",19.7,",G,23,",635.5,G,286.7,",G",4.0,",,,I",0.909,",G",1.577,",,,G",0.24,",,,G"
AG000060611,1992-02-01,28.05,9.6331,561.0,"IN AMENAS, AG",7.1,G,7.1,",G",0.0,",I",0.0,",I",0.0,",I",0.0,",G",2.0,",G",0.0,",G",16.0,",G",0.0,",G",19920204.0,",,G",19920229.0,"+,,I",19920220.0,",,G",-0.3,",G,04,",0.0,",,I,29,+",30.2,",G,20,",788.6,G,153.1,",G",0.0,",,,I",1.33,",G",2.076,",,,G",0.583,",,,G"
AG000060611,1992-03-01,28.05,9.6331,561.0,"IN AMENAS, AG",27.4,G,20.3,",G",1.0,"1,I",0.0,"1,I",0.0,"1,I",0.0,",G",0.0,",G",0.0,",G",23.0,",G",0.0,",G",19920330.0,",,G",19920323.0,",1,I",19920325.0,",,G",2.6,",G,30,",2.0,"1,,I,23,",30.0,",G,25,",859.2,G,70.6,",G",2.0,"1,,,I",1.671,",G",2.331,",,,G",1.01,",,,G"
AG000060611,1992-04-01,28.05,9.6331,561.0,"IN AMENAS, AG",110.9,G,83.5,",G",0.0,"1,I",0.0,"1,I",0.0,"1,I",0.0,",G",0.0,",G",0.0,",G",29.0,",G",7.0,",G",19920419.0,",,G",19920430.0,"+,1,I",19920425.0,",,G",5.3,",G,19,",0.0,"1,,I,30,+",35.4,",G,25,",885.6,G,26.4,",G",0.0,"1,,,I",2.024,",G",2.817,",,,G",1.23,",,,G"
AG000060611,1992-05-01,28.05,9.6331,561.0,"IN AMENAS, AG",289.9,G,179.0,",G",0.0,"1,I",0.0,"1,I",0.0,"1,I",0.0,",G",0.0,",G",0.0,",G",31.0,",G",11.0,",G",19920507.0,",,G",19920531.0,"+,1,I",19920524.0,",,G",9.2,",G,07,",0.0,"1,,I,31,+",41.4,",G,24,",888.2,G,2.6,",G",0.0,"1,,,I",2.402,",G",3.136,",,,G",1.669,",,,G"
AG000060611,1992-06-01,28.05,9.6331,561.0,"IN AMENAS, AG",712.3,G,422.4,",G",0.0,",I",0.0,",I",0.0,",I",0.0,",G",0.0,",G",0.0,",G",30.0,",G",30.0,",G",19920628.0,"+,,G",19920630.0,"+,,I",19920624.0,",,G",20.5,",G,28,+",0.0,",,I,30,+",43.8,",G,24,",888.2,G,0.0,",G",0.0,",,,I",3.2409999999999997,",G",4.048,",,,G",2.434,",,,G"
AG000060611,1992-07-01,28.05,9.6331,561.0,"IN AMENAS, AG",1118.9,G,406.6,",G",0.0,",I",0.0,",I",0.0,",I",0.0,",G",0.0,",G",0.0,",G",31.0,",G",31.0,",G",19920705.0,",,G",19920731.0,"+,,I",19920709.0,",,G",19.3,",G,05,",0.0,",,I,31,+",45.8,",G,09,",0.0,G,0.0,",G",0.0,",,,I",3.145,",G",3.9549999999999996,",,,G",2.334,",,,G"
AG000060611,1992-08-01,28.05,9.6331,561.0,"IN AMENAS, AG",1475.4,G,356.5,",G",0.0,",I",0.0,",I",0.0,",I",0.0,",G",0.0,",G",0.0,",G",31.0,",G",31.0,",G",19920803.0,",,G",19920831.0,"+,,I",19920831.0,",,G",18.7,",G,03,",0.0,",,I,31,+",40.2,",G,31,",0.0,G,0.0,",G",0.0,",,,I",2.9829999999999997,",G",3.7840000000000003,",,,G",2.182,",,,G"
AG000060611,1992-09-01,28.05,9.6331,561.0,"IN AMENAS, AG",1735.3,G,259.9,",G",0.0,",I",0.0,",I",0.0,",I",0.0,",G",0.0,",G",0.0,",G",30.0,",G",26.0,",G",19920913.0,"+,,G",19920930.0,"+,,I",19920901.0,",,G",16.5,",G,13,+",0.0,",,I,30,+",41.8,",G,01,",0.0,G,0.0,",G",0.0,",,,I",2.7,",G",3.4530000000000003,",,,G",1.9460000000000002,",,,G"
AG000060611,1992-10-01,28.05,9.6331,561.0,"IN AMENAS, AG",1960.9,G,225.6,",G",0.0,",I",0.0,",I",0.0,",I",0.0,",G",0.0,",G",0.0,",G",31.0,",G",22.0,",G",19921031.0,",,G",19921031.0,"+,,I",19921007.0,",,G",12.5,",G,31,",0.0,",,I,31,+",37.6,",G,07,",0.0,G,0.0,",G",0.0,",,,I",2.561,",G",3.435,",,,G",1.687,",,,G"
AG000060611,1992-11-01,28.05,9.6331,561.0,"IN AMENAS, AG",1975.2,G,14.3,",G",0.0,",I",0.0,",I",0.0,",I",0.0,",G",0.0,",G",0.0,",G",23.0,",G",1.0,",G",19921128.0,",,G",19921130.0,"+,,I",19921102.0,",,G",5.0,",G,28,",0.0,",,I,30,+",32.5,",G,02,",79.6,G,79.6,",G",0.0,",,,I",1.616,",G",2.3649999999999998,",,,G",0.866,",,,G"
AG000060611,1992-12-01,28.05,9.6331,561.0,"IN AMENAS, AG",1975.2,G,0.0,",G",0.0,",I",0.0,",I",0.0,",I",0.0,",G",0.0,",G",0.0,",G",8.0,",G",0.0,",G",19921231.0,"+,,G",19921231.0,"+,,I",19921206.0,",,G",1.1,",G,31,+",0.0,",,I,31,+",23.4,",G,06,",289.1,G,209.5,",G",0.0,",,,I",1.157,",G",1.918,",,,G",0.397,",,,G"
AG000060611,1993-01-01,28.05,9.6331,561.0,"IN AMENAS, AG",0.0,G,0.0,",G",0.0,",I",0.0,",I",0.0,",I",0.0,",G",4.0,",G",0.0,",G",0.0,",G",0.0,",G",19930101.0,",,G",19930131.0,"+,,I",19930131.0,"+,,G",-3.0,",G,01,",0.0,",,I,31,+",21.0,",G,31,+",584.0,G,294.9,",G",0.0,",,,I",0.882,",G",1.568,",,,G",0.196,",,,G"
AG000060611,1993-02-01,28.05,9.6331,561.0,"IN AMENAS, AG",6.5,G,6.5,",G",0.0,"2,I",0.0,"2,I",0.0,"2,I",0.0,",G",2.0,",G",0.0,",G",10.0,",G",0.0,",G",19930220.0,",,G",19930228.0,"+,2,I",19930208.0,",,G",-1.0,",G,20,",0.0,"2,,I,28,+",28.6,",G,08,",749.0,G,165.0,",G",0.0,"2,,,I",1.267,",G",1.954,",,,G",0.58,",,,G"
AG000060611,1993-03-01,28.05,9.6331,561.0,"IN AMENAS, AG",14.2,G,7.7,",G",1.0,",I",0.0,",I",0.0,",I",0.0,",G",0.0,",G",0.0,",G",25.0,",G",1.0,",G",19930328.0,",,G",19930304.0,",,I",19930326.0,",,G",1.5,",G,28,",1.0,",,I,04,",33.0,",G,26,",831.1,G,82.1,",G",1.0,",,,I",1.593,",G",2.4219999999999997,",,,G",0.765,",,,G"
AG000060611,1993-04-01,28.05,9.6331,561.0,"IN AMENAS, AG",140.9,G,126.7,",G",0.0,",I",0.0,",I",0.0,",I",0.0,",G",0.0,",G",0.0,",G",30.0,",G",11.0,",G",19930403.0,",,G",19930430.0,"+,,I",19930414.0,",,G",7.5,",G,03,",0.0,",,I,30,+",39.4,",G,14,",836.7,G,5.6,",G",0.0,",,,I",2.237,",G",3.06,",,,G",1.4140000000000001,",,,G"
AG000060611,1993-05-01,28.05,9.6331,561.0,"IN AMENAS, AG",422.7,G,281.8,",G",0.0,",I",0.0,",I",0.0,",I",0.0,",G",0.0,",G",0.0,",G",31.0,",G",23.0,",G",19930508.0,",,G",19930531.0,"+,,I",19930531.0,",,G",12.1,",G,08,",0.0,",,I,31,+",44.2,",G,31,",836.7,G,0.0,",G",0.0,",,,I",2.742,",G",3.507,",,,G",1.9769999999999999,",,,G"
AG000060611,1993-06-01,28.05,9.6331,561.0,"IN AMENAS, AG",888.9,G,466.2,",G",0.0,",I",0.0,",I",0.0,",I",0.0,",G",0.0,",G",0.0,",G",30.0,",G",30.0,",G",19930604.0,",,G",19930630.0,"+,,I",19930601.0,",,G",20.9,",G,04,",0.0,",,I,30,+",45.6,",G,01,",836.7,G,0.0,",G",0.0,",,,I",3.3869999999999996,",G",4.2,",,,G",2.574,",,,G"
AG000060611,1993-07-01,28.05,9.6331,561.0,"IN AMENAS, AG",1299.7,G,410.8,",G",0.0,",I",0.0,",I",0.0,",I",0.0,",G",0.0,",G",0.0,",G",31.0,",G",31.0,",G",19930725.0,",,G",19930731.0,"+,,I",19930708.0,",,G",20.1,",G,25,",0.0,",,I,31,+",43.1,",G,08,",0.0,G,0.0,",G",0.0,",,,I",3.159,",G",3.9590000000000005,",,,G",2.3579999999999997,",,,G"
AG000060611,1993-08-01,28.05,9.6331,561.0,"IN AMENAS, AG",1675.8,G,376.1,",G",0.0,",I",0.0,",I",0.0,",I",0.0,",G",0.0,",G",0.0,",G",31.0,",G",31.0,",G",19930828.0,",,G",19930831.0,"+,,I",19930812.0,",,G",18.8,",G,28,",0.0,",,I,31,+",42.3,",G,12,",0.0,G,0.0,",G",0.0,",,,I",3.0460000000000003,",G",3.839,",,,G",2.254,",,,G"
AG000060611,1993-09-01,28.05,9.6331,561.0,"IN AMENAS, AG",2040.6,G,364.8,",G",0.0,",I",0.0,",I",0.0,",I",0.0,",G",0.0,",G",0.0,",G",30.0,",G",30.0,",G",19930923.0,",,G",19930930.0,"+,,I",19930911.0,",,G",18.7,",G,23,",0.0,",,I,30,+",42.5,",G,11,",0.0,G,0.0,",G",0.0,",,,I",3.049,",G",3.838,",,,G",2.261,",,,G"
AG000060611,1993-10-01,28.05,9.6331,561.0,"IN AMENAS, AG",2248.7,G,208.1,",G",0.0,",I",0.0,",I",0.0,",I",0.0,",G",0.0,",G",0.0,",G",31.0,",G",18.0,",G",19931023.0,",,G",19931031.0,"+,,I",19931008.0,",,G",12.1,",G,23,",0.0,",,I,31,+",39.1,",G,08,",0.0,G,0.0,",G",0.0,",,,I",2.505,",G",3.343,",,,G",1.666,",,,G"
AG000060611,1993-11-01,28.05,9.6331,561.0,"IN AMENAS, AG",2333.4,G,84.7,",G",2.0,",I",2.0,",I",2.0,",I",0.0,",G",0.0,",G",0.0,",G",22.0,",G",7.0,",G",19931122.0,",,G",19931127.0,",,I",19931103.0,"+,,G",5.0,",G,22,",39.0,",,I,27,",35.5,",G,03,+",48.8,G,48.8,",G",65.0,",,,I",1.953,",G",2.573,",,,G",1.333,",,,G"
AG000060611,1993-12-01,28.05,9.6331,561.0,"IN AMENAS, AG",2333.4,G,0.0,",G",0.0,",I",0.0,",I",0.0,",I",0.0,",G",0.0,",G",0.0,",G",2.0,",G",0.0,",G",19931231.0,",,G",19931231.0,"+,,I",19931214.0,",,G",3.3,",G,31,",0.0,",,I,31,+",22.0,",G,14,",255.0,G,206.2,",G",0.0,",,,I",1.168,",G",1.736,",,,G",0.6,",,,G"
AG000060611,1994-01-01,28.05,9.6331,561.0,"IN AMENAS, AG",0.0,G,0.0,",G",1.0,"1,I",1.0,"1,I",0.0,"1,I",0.0,",G",0.0,",G",0.0,",G",2.0,",G",0.0,",G",19940131.0,",,G",19940126.0,",1,I",19940118.0,",,G",0.9,",G,31,",4.0,"1,,I,26,",23.5,",G,18,",492.4,G,237.4,",G",4.0,"1,,,I",1.067,",G",1.691,",,,G",0.44400000000000006,",,,G"
AG000060611,1994-02-01,28.05,9.6331,561.0,"IN AMENAS, AG",0.8,G,0.8,",G",0.0,",I",0.0,",I",0.0,",I",0.0,",G",1.0,",G",0.0,",G",14.0,",G",0.0,",G",19940207.0,",,G",19940228.0,"+,,I",19940228.0,",,G",-0.1,",G,07,",0.0,",,I,28,+",30.4,",G,28,",649.5,G,157.1,",G",0.0,",,,I",1.275,",G",2.075,",,,G",0.475,",,,G"
AG000060611,1994-03-01,28.05,9.6331,561.0,"IN AMENAS, AG",57.2,G,56.4,",G",3.0,",I",0.0,",I",0.0,",I",0.0,",G",0.0,",G",0.0,",G",30.0,",G",4.0,",G",19940320.0,",,G",19940327.0,"+,,I",19940322.0,",,G",6.9,",G,20,",1.0,",,I,27,+",34.0,",G,22,",674.0,G,24.5,",G",3.0,",,,I",1.936,",G",2.6149999999999998,",,,G",1.2570000000000001,",,,G"
AG000060611,1994-04-01,28.05,9.6331,561.0,"IN AMENAS, AG",165.7,G,108.5,",G",1.0,",I",1.0,",I",0.0,",I",0.0,",G",0.0,",G",0.0,",G",28.0,",G",10.0,",G",19940405.0,",,G",19940430.0,",,I",19940418.0,",,G",3.4,",G,05,",3.0,",,I,30,",35.0,",G,18,",700.6,G,26.6,",G",3.0,",,,I",2.106,",G",2.873,",,,G",1.339,",,,G"
AG000060611,1994-05-01,28.05,9.6331,561.0,"IN AMENAS, AG",458.8,G,293.1,",G",2.0,",I",0.0,",I",0.0,",I",0.0,",G",0.0,",G",0.0,",G",30.0,",G",26.0,",G",19940502.0,",,G",19940501.0,",,I",19940531.0,",,G",9.0,",G,02,",2.0,",,I,01,",41.5,",G,31,",709.2,G,8.6,",G",3.0,",,,I",2.7510000000000003,",G",3.528,",,,G",1.9739999999999998,",,,G"
AG000060611,1994-06-01,28.05,9.6331,561.0,"IN AMENAS, AG",817.2,G,358.4,",G",0.0,",I",0.0,",I",0.0,",I",0.0,",G",0.0,",G",0.0,",G",30.0,",G",30.0,",G",19940622.0,",,G",19940630.0,"+,,I",19940613.0,",,G",18.5,",G,22,",0.0,",,I,30,+",43.0,",G,13,",709.2,G,0.0,",G",0.0,",,,I",3.028,",G",3.854,",,,G",2.202,",,,G"
AG000060611,1994-07-01,28.05,9.6331,561.0,"IN AMENAS, AG",1193.4,G,376.2,",G",0.0,",I",0.0,",I",0.0,",I",0.0,",G",0.0,",G",0.0,",G",31.0,",G",31.0,",G",19940721.0,",,G",19940731.0,"+,,I",19940727.0,",,G",20.6,",G,21,",0.0,",,I,31,+",44.5,",G,27,",0.0,G,0.0,",G",0.0,",,,I",3.0469999999999997,",G",3.839,",,,G",2.254,",,,G"
AG000060611,1994-08-01,28.05,9.6331,561.0,"IN AMENAS, AG",1586.9,G,393.5,",G",0.0,",I",0.0,",I",0.0,",I",0.0,",G",0.0,",G",0.0,",G",31.0,",G",31.0,",G",19940825.0,"+,,G",19940831.0,"+,,I",19940803.0,",,G",20.5,",G,25,+",0.0,",,I,31,+",42.5,",G,03,",0.0,G,0.0,",G",0.0,",,,I",3.103,",G",3.875,",,,G",2.33,",,,G"
AG000060611,1994-09-01,28.05,9.6331,561.0,"IN AMENAS, AG",1916.5,G,329.6,",G",0.0,"2,I",0.0,"2,I",0.0,"2,I",0.0,",G",0.0,",G",0.0,",G",30.0,",G",29.0,",G",19940918.0,",,G",19940930.0,"+,2,I",19940908.0,",,G",18.7,",G,18,",0.0,"2,,I,30,+",41.2,",G,08,",0.0,G,0.0,",G",0.0,"2,,,I",2.932,",G",3.6740000000000004,",,,G",2.19,",,,G"
AG000060611,1994-10-01,28.05,9.6331,561.0,"IN AMENAS, AG",2079.0,G,162.5,",G",0.0,"2,I",0.0,"2,I",0.0,"2,I",0.0,",G",0.0,",G",0.0,",G",31.0,",G",8.0,",G",19941023.0,",,G",19941031.0,"+,2,I",19941003.0,",,G",10.4,",G,23,",0.0,"2,,I,31,+",35.5,",G,03,",1.6,G,1.6,",G",0.0,"2,,,I",2.352,",G",3.0469999999999997,",,,G",1.658,",,,G"
AG000060611,1994-11-01,28.05,9.6331,561.0,"IN AMENAS, AG",2108.7,G,29.7,",G",0.0,"1,I",0.0,"1,I",0.0,"1,I",0.0,",G",0.0,",G",0.0,",G",24.0,",G",0.0,",G",19941123.0,",,G",19941130.0,"+,1,I",19941108.0,",,G",5.0,",G,23,",0.0,"1,,I,30,+",30.8,",G,08,",60.6,G,59.0,",G",0.0,"1,,,I",1.736,",G",2.468,",,,G",1.004,",,,G"
AG000060611,1994-12-01,28.05,9.6331,561.0,"IN AMENAS, AG",2108.7,G,0.0,",G",0.0,",I",0.0,",I",0.0,",I",0.0,",G",5.0,",G",0.0,",G",2.0,",G",0.0,",G",19941230.0,",,G",19941231.0,"+,,I",19941225.0,",,G",-2.1,",G,30,",0.0,",,I,31,+",23.4,",G,25,",311.0,G,250.4,",G",0.0,",,,I",1.026,",G",1.779,",,,G",0.272,",,,G"
AG000060611,1995-01-01,28.05,9.6331,561.0,"IN AMENAS, AG",0.0,G,0.0,",G",0.0,",I",0.0,",I",0.0,",I",0.0,",G",14.0,",G",0.0,",G",5.0,",G",0.0,",G",19950116.0,",,G",19950131.0,"+,,I",19950131.0,",,G",-4.8,",G,16,",0.0,",,I,31,+",22.4,",G,31,",626.5,G,315.5,",G",0.0,",,,I",0.8150000000000001,",G",1.59,",,,G",0.040999999999999995,",,,G"
AG000060611,1995-02-01,28.05,9.6331,561.0,"IN AMENAS, AG",5.3,G,5.3,",G",0.0,",I",0.0,",I",0.0,",I",0.0,",G",0.0,",G",0.0,",G",17.0,",G",0.0,",G",19950203.0,",,G",19950228.0,"+,,I",19950227.0,",,G",1.8,",G,03,",0.0,",,I,28,+",30.3,",G,27,",758.8,G,132.3,",G",0.0,",,,I",1.3800000000000001,",G",2.181,",,,G",0.579,",,,G"
AG000060611,1995-03-01,28.05,9.6331,561.0,"IN AMENAS, AG",28.6,G,23.3,"1,G",2.0,",I",1.0,",I",0.0,",I",0.0,"1,G",0.0,"1,G",0.0,",G",23.0,",G",0.0,",G",19950325.0,"+,1,G",19950331.0,",,I",19950327.0,",,G",3.2,"1,G,25,+",4.0,",,I,31,",32.0,",G,27,",827.2,G,68.4,",G",5.0,",,,I",1.686,"1,G",2.433,",,,G",0.9400000000000001,"1,,,G"
AG000060611,1995-04-01,28.05,9.6331,561.0,"IN AMENAS, AG",128.6,G,100.0,"1,G",3.0,"1,I",0.0,"1,I",0.0,"1,I",0.0,",G",0.0,",G",0.0,"1,G",27.0,"1,G",8.0,"1,G",19950402.0,"+,,G",19950406.0,",1,I",19950422.0,",1,G",7.0,",G,02,+",2.0,"1,,I,06,",36.4,"1,G,22,",842.4,G,15.2,"1,G",4.0,"1,,,I",2.1149999999999998,"1,G",2.895,"1,,,G",1.334,",,,G"
AG000060611,1995-05-01,28.05,9.6331,561.0,"IN AMENAS, AG",417.9,G,289.3,",G",0.0,"1,I",0.0,"1,I",0.0,"1,I",0.0,",G",0.0,",G",0.0,",G",31.0,",G",23.0,",G",19950502.0,",,G",19950531.0,"+,1,I",19950520.0,"+,,G",14.1,",G,02,",0.0,"1,,I,31,+",40.6,",G,20,+",842.4,G,0.0,",G",0.0,"1,,,I",2.766,",G",3.524,",,,G",2.009,",,,G"
AG000060611,1995-06-01,28.05,9.6331,561.0,"IN AMENAS, AG",837.1,G,419.2,",G",1.0,"2,I",0.0,"2,I",0.0,"2,I",0.0,",G",0.0,",G",0.0,",G",30.0,",G",30.0,",G",19950620.0,",,G",19950610.0,",2,I",19950625.0,",,G",19.7,",G,20,",1.0,"2,,I,10,",44.8,",G,25,",842.4,G,0.0,",G",1.0,"2,,,I",3.2310000000000003,",G",4.023,",,,G",2.4379999999999997,",,,G"
AG000060611,1995-07-01,28.05,9.6331,561.0,"IN AMENAS, AG",1257.0,G,419.9,",G",0.0,",I",0.0,",I",0.0,",I",0.0,",G",0.0,",G",0.0,",G",31.0,",G",31.0,",G",19950728.0,",,G",19950731.0,"+,,I",19950712.0,",,G",21.0,",G,28,",0.0,",,I,31,+",45.5,",G,12,",0.0,G,0.0,",G",0.0,",,,I",3.1879999999999997,",G",3.992,",,,G",2.384,",,,G"
AG000060611,1995-08-01,28.05,9.6331,561.0,"IN AMENAS, AG",1726.4,G,469.4,",G",1.0,",I",0.0,",I",0.0,",I",0.0,",G",0.0,",G",0.0,",G",31.0,",G",31.0,",G",19950801.0,",,G",19950825.0,",,I",19950822.0,",,G",22.5,",G,01,",1.0,",,I,25,",44.5,",G,22,",0.0,G,0.0,",G",1.0,",,,I",3.347,",G",4.118,",,,G",2.577,",,,G"
AG000060611,1995-09-01,28.05,9.6331,561.0,"IN AMENAS, AG",2134.2,G,407.8,",G",2.0,"1,I",0.0,"1,I",0.0,"1,I",0.0,",G",0.0,",G",0.0,",G",30.0,",G",26.0,",G",19950930.0,"+,,G",19950926.0,"+,1,I",19950908.0,",,G",15.3,",G,30,+",1.0,"1,,I,26,+",43.0,",G,08,",0.0,G,0.0,",G",2.0,"1,,,I",3.193,",G",3.934,",,,G",2.451,",,,G"
AG000060611,1995-10-01,28.05,9.6331,561.0,"IN AMENAS, AG",2255.2,G,121.0,",G",0.0,"2,I",0.0,"2,I",0.0,"2,I",0.0,",G",0.0,",G",0.0,",G",31.0,",G",9.0,",G",19951028.0,",,G",19951031.0,"+,2,I",19951015.0,",,G",8.9,",G,28,",0.0,"2,,I,31,+",34.5,",G,15,",6.0,G,6.0,",G",0.0,"2,,,I",2.2039999999999997,",G",2.863,",,,G",1.545,",,,G"
AG000060611,1995-11-01,28.05,9.6331,561.0,"IN AMENAS, AG",2263.6,G,8.4,",G",0.0,",I",0.0,",I",0.0,",I",0.0,",G",0.0,",G",0.0,",G",26.0,",G",0.0,",G",19951108.0,",,G",19951130.0,"+,,I",19951113.0,",,G",2.7,",G,08,",0.0,",,I,30,+",30.0,",G,13,",75.6,G,69.6,",G",0.0,",,,I",1.629,",G",2.443,",,,G",0.8160000000000001,",,,G"
AG000060611,1995-12-01,28.05,9.6331,561.0,"IN AMENAS, AG",2263.6,G,0.0,",G",1.0,"1,I",0.0,"1,I",0.0,"1,I",0.0,",G",0.0,",G",0.0,",G",13.0,",G",0.0,",G",19951207.0,",,G",19951215.0,",1,I",19951231.0,",,G",2.3,",G,07,",1.0,"1,,I,15,",25.7,",G,31,",224.4,G,148.8,",G",1.0,"1,,,I",1.353,",G",2.064,",,,G",0.642,",,,G"
AG000060611,1996-01-01,28.05,9.6331,561.0,"IN AMENAS, AG",1.2,G,1.2,",G",1.0,",I",0.0,",I",0.0,",I",0.0,",G",0.0,",G",0.0,",G",16.0,",G",0.0,",G",19960123.0,"+,,G",19960113.0,",,I",19960102.0,",,G",0.5,",G,23,+",1.0,",,I,13,",27.6,",G,02,",375.2,G,150.8,",G",1.0,",,,I",1.351,",G",2.117,",,,G",0.585,",,,G"
AG000060611,1996-02-01,28.05,9.6331,561.0,"IN AMENAS, AG",4.4,G,3.2,",G",1.0,"2,I",0.0,"2,I",0.0,"2,I",0.0,",G",1.0,",G",0.0,",G",13.0,",G",0.0,",G",19960224.0,",,G",19960225.0,",2,I",19960204.0,",,G",-1.0,",G,24,",1.0,"2,,I,25,",30.5,",G,04,",528.1,G,152.9,",G",1.0,"2,,,I",1.317,",G",2.0620000000000003,",,,G",0.572,",,,G"
AG000060611,1996-03-01,28.05,9.6331,561.0,"IN AMENAS, AG",37.7,G,33.3,",G",2.0,"1,I",2.0,"1,I",0.0,"1,I",0.0,",G",0.0,",G",0.0,",G",25.0,",G",2.0,",G",19960301.0,",,G",19960312.0,",1,I",19960327.0,",,G",3.6,",G,01,",15.0,"1,,I,12,",33.5,",G,27,",576.6,G,48.5,",G",19.0,"1,,,I",1.784,",G",2.495,",,,G",1.073,",,,G"
AG000060611,1996-04-01,28.05,9.6331,561.0,"IN AMENAS, AG",147.2,G,109.5,",G",1.0,"1,I",0.0,"1,I",0.0,"1,I",0.0,",G",0.0,",G",0.0,",G",30.0,",G",10.0,",G",19960412.0,",,G",19960409.0,",1,I",19960424.0,",,G",8.0,",G,12,",1.0,"1,,I,09,",36.9,",G,24,",582.3,G,5.7,",G",1.0,"1,,,I",2.179,",G",2.946,",,,G",1.413,",,,G"
AG000060611,1996-05-01,28.05,9.6331,561.0,"IN AMENAS, AG",477.1,G,329.9,",G",0.0,",I",0.0,",I",0.0,",I",0.0,",G",0.0,",G",0.0,",G",31.0,",G",28.0,",G",19960501.0,",,G",19960531.0,"+,,I",19960510.0,",,G",14.5,",G,01,",0.0,",,I,31,+",41.6,",G,10,",582.3,G,0.0,",G",0.0,",,,I",2.897,",G",3.693,",,,G",2.102,",,,G"
AG000060611,1996-06-01,28.05,9.6331,561.0,"IN AMENAS, AG",818.8,G,341.7,",G",1.0,"2,I",0.0,"2,I",0.0,"2,I",0.0,",G",0.0,",G",0.0,",G",30.0,",G",28.0,",G",19960609.0,",,G",19960606.0,",2,I",19960624.0,",,G",18.5,",G,09,",1.0,"2,,I,06,",44.0,",G,24,",582.3,G,0.0,",G",1.0,"2,,,I",2.972,",G",3.689,",,,G",2.255,",,,G"
AG000060611,1996-07-01,28.05,9.6331,561.0,"IN AMENAS, AG",1238.6,G,419.8,",G",0.0,",I",0.0,",I",0.0,",I",0.0,",G",0.0,",G",0.0,",G",31.0,",G",31.0,",G",19960725.0,",,G",19960731.0,"+,,I",19960718.0,",,G",19.0,",G,25,",0.0,",,I,31,+",44.5,",G,18,",0.0,G,0.0,",G",0.0,",,,I",3.1879999999999997,",G",3.9850000000000003,",,,G",2.3899999999999997,",,,G"
AG000060611,1996-08-01,28.05,9.6331,561.0,"IN AMENAS, AG",1679.3,G,440.7,",G",0.0,",I",0.0,",I",0.0,",I",0.0,",G",0.0,",G",0.0,",G",31.0,",G",31.0,",G",19960827.0,",,G",19960831.0,"+,,I",19960823.0,",,G",20.7,",G,27,",0.0,",,I,31,+",43.3,",G,23,",0.0,G,0.0,",G",0.0,",,,I",3.255,",G",4.066,",,,G",2.444,",,,G"
AG000060611,1996-09-01,28.05,9.6331,561.0,"IN AMENAS, AG",2061.1,G,381.8,",G",0.0,",I",0.0,",I",0.0,",I",0.0,",G",0.0,",G",0.0,",G",30.0,",G",27.0,",G",19960930.0,",,G",19960930.0,"+,,I",19960905.0,",,G",16.5,",G,30,",0.0,",,I,30,+",41.3,",G,05,",0.0,G,0.0,",G",0.0,",,,I",3.106,",G",3.822,",,,G",2.3899999999999997,",,,G"
AG000060611,1996-10-01,28.05,9.6331,561.0,"IN AMENAS, AG",2163.7,G,102.6,",G",0.0,",I",0.0,",I",0.0,",I",0.0,",G",0.0,",G",0.0,",G",31.0,",G",8.0,",G",19961031.0,"+,,G",19961031.0,"+,,I",19961007.0,",,G",9.9,",G,31,+",0.0,",,I,31,+",38.3,",G,07,",2.6,G,2.6,",G",0.0,",,,I",2.1559999999999997,",G",2.939,",,,G",1.373,",,,G"
AG000060611,1996-11-01,28.05,9.6331,561.0,"IN AMENAS, AG",2168.0,G,4.3,",G",0.0,",I",0.0,",I",0.0,",I",0.0,",G",0.0,",G",0.0,",G",29.0,",G",0.0,",G",19961130.0,",,G",19961130.0,"+,,I",19961117.0,",,G",3.9,",G,30,",0.0,",,I,30,+",28.2,",G,17,",72.7,G,70.1,",G",0.0,",,,I",1.614,",G",2.375,",,,G",0.853,",,,G"
AG000060611,1996-12-01,28.05,9.6331,561.0,"IN AMENAS, AG",2168.0,G,0.0,",G",0.0,",I",0.0,",I",0.0,",I",0.0,",G",1.0,",G",0.0,",G",16.0,",G",0.0,",G",19961228.0,",,G",19961231.0,"+,,I",19961223.0,",,G",-1.2,",G,28,",0.0,",,I,31,+",27.7,",G,23,",228.9,G,156.2,",G",0.0,",,,I",1.33,",G",2.144,",,,G",0.515,",,,G"
AG000060611,1997-01-01,28.05,9.6331,561.0,"IN AMENAS, AG",0.0,G,0.0,",G",0.0,",I",0.0,",I",0.0,",I",0.0,",G",0.0,",G",0.0,",G",13.0,",G",0.0,",G",19970113.0,",,G",19970131.0,"+,,I",19970103.0,",,G",0.3,",G,13,",0.0,",,I,31,+",27.5,",G,03,",423.6,G,194.7,",G",0.0,",,,I",1.205,",G",1.9609999999999999,",,,G",0.449,",,,G"
AG000060611,1997-02-01,28.05,9.6331,561.0,"IN AMENAS, AG",0.0,G,0.0,",G",0.0,",I",0.0,",I",0.0,",I",0.0,",G",0.0,",G",0.0,",G",8.0,",G",0.0,",G",19970201.0,",,G",19970228.0,"+,,I",19970224.0,",,G",1.4,",G,01,",0.0,",,I,28,+",25.3,",G,24,",582.6,G,159.0,",G",0.0,",,,I",1.2650000000000001,",G",2.034,",,,G",0.496,",,,G"
AG000060611,1997-03-01,28.05,9.6331,561.0,"IN AMENAS, AG",8.8,G,8.8,",G",0.0,",I",0.0,",I",0.0,",I",0.0,",G",0.0,",G",0.0,",G",19.0,",G",0.0,",G",19970302.0,",,G",19970331.0,"+,,I",19970329.0,",,G",2.7,",G,02,",0.0,",,I,31,+",30.6,",G,29,",694.1,G,111.5,",G",0.0,",,,I",1.502,",G",2.2670000000000003,",,,G",0.737,",,,G"
AG000060611,1997-04-01,28.05,9.6331,561.0,"IN AMENAS, AG",103.4,G,94.6,",G",1.0,"1,I",0.0,"1,I",0.0,"1,I",0.0,",G",0.0,",G",0.0,",G",29.0,",G",4.0,",G",19970402.0,",,G",19970408.0,",1,I",19970420.0,",,G",6.0,",G,02,",1.0,"1,,I,08,",37.0,",G,20,",708.6,G,14.5,",G",1.0,"1,,,I",2.1,",G",2.856,",,,G",1.3439999999999999,",,,G"
AG000060611,1997-05-01,28.05,9.6331,561.0,"IN AMENAS, AG",407.5,G,304.1,",G",0.0,",I",0.0,",I",0.0,",I",0.0,",G",0.0,",G",0.0,",G",31.0,",G",27.0,",G",19970504.0,",,G",19970531.0,"+,,I",19970525.0,",,G",9.9,",G,04,",0.0,",,I,31,+",41.1,",G,25,",709.1,G,0.5,",G",0.0,",,,I",2.8129999999999997,",G",3.6020000000000003,",,,G",2.023,",,,G"
AG000060611,1997-06-01,28.05,9.6331,561.0,"IN AMENAS, AG",861.5,G,454.0,",G",1.0,"1,I",0.0,"1,I",0.0,"1,I",0.0,",G",0.0,",G",0.0,",G",30.0,",G",30.0,",G",19970610.0,",,G",19970602.0,",1,I",19970627.0,",,G",19.4,",G,10,",2.0,"1,,I,02,",45.3,",G,27,",709.1,G,0.0,",G",2.0,"1,,,I",3.347,",G",4.154999999999999,",,,G",2.538,",,,G"
AG000060611,1997-07-01,28.05,9.6331,561.0,"IN AMENAS, AG",1302.7,G,441.2,",G",0.0,",I",0.0,",I",0.0,",I",0.0,",G",0.0,",G",0.0,",G",31.0,",G",31.0,",G",19970706.0,",,G",19970731.0,"+,,I",19970726.0,",,G",19.8,",G,06,",0.0,",,I,31,+",45.2,",G,26,",0.0,G,0.0,",G",0.0,",,,I",3.2560000000000002,",G",4.079,",,,G",2.434,",,,G"
AG000060611,1997-08-01,28.05,9.6331,561.0,"IN AMENAS, AG",1734.3,G,431.6,",G",0.0,"1,I",0.0,"1,I",0.0,"1,I",0.0,",G",0.0,",G",0.0,",G",31.0,",G",31.0,",G",19970831.0,",,G",19970831.0,"+,1,I",19970813.0,",,G",22.3,",G,31,",0.0,"1,,I,31,+",43.0,",G,13,",0.0,G,0.0,",G",0.0,"1,,,I",3.226,",G",3.938,",,,G",2.5140000000000002,",,,G"
AG000060611,1997-09-01,28.05,9.6331,561.0,"IN AMENAS, AG",2063.4,G,329.1,",G",0.0,",I",0.0,",I",0.0,",I",0.0,",G",0.0,",G",0.0,",G",30.0,",G",26.0,",G",19970929.0,",,G",19970930.0,"+,,I",19970904.0,",,G",18.8,",G,29,",0.0,",,I,30,+",39.8,",G,04,",0.0,G,0.0,",G",0.0,",,,I",2.93,",G",3.649,",,,G",2.211,",,,G"
AG000060611,1997-10-01,28.05,9.6331,561.0,"IN AMENAS, AG",2243.9,G,180.5,",G",2.0,",I",1.0,",I",0.0,",I",0.0,",G",0.0,",G",0.0,",G",31.0,",G",11.0,",G",19971031.0,",,G",19971009.0,",,I",19971007.0,",,G",11.4,",G,31,",19.0,",,I,09,",35.7,",G,07,",1.7,G,1.7,",G",21.0,",,,I",2.41,",G",3.06,",,,G",1.7600000000000002,",,,G"
AG000060611,1997-11-01,28.05,9.6331,561.0,"IN AMENAS, AG",2266.9,G,23.0,",G",0.0,"1,I",0.0,"1,I",0.0,"1,I",0.0,",G",0.0,",G",0.0,",G",24.0,",G",2.0,",G",19971125.0,",,G",19971130.0,"+,1,I",19971107.0,",,G",3.9,",G,25,",0.0,"1,,I,30,+",33.0,",G,07,",72.4,G,70.7,",G",0.0,"1,,,I",1.674,",G",2.48,",,,G",0.869,",,,G"
AG000060611,1997-12-01,28.05,9.6331,561.0,"IN AMENAS, AG",2266.9,G,0.0,",G",0.0,",I",0.0,",I",0.0,",I",0.0,",G",2.0,",G",0.0,",G",9.0,",G",0.0,",G",19971216.0,",,G",19971231.0,"+,,I",19971220.0,",,G",-0.6,",G,16,",0.0,",,I,31,+",26.4,",G,20,",276.5,G,204.1,",G",0.0,",,,I",1.175,",G",1.9329999999999998,",,,G",0.417,",,,G"
AG000060611,1998-01-01,28.05,9.6331,561.0,"IN AMENAS, AG",0.0,G,0.0,",G",0.0,",I",0.0,",I",0.0,",I",0.0,",G",2.0,",G",0.0,",G",4.0,",G",0.0,",G",19980118.0,"+,,G",19980131.0,"+,,I",19980131.0,",,G",0.0,",G,18,+",0.0,",,I,31,+",24.0,",G,31,",507.3,G,230.8,",G",0.0,",,,I",1.089,",G",1.8519999999999999,",,,G",0.32599999999999996,",,,G"
AG000060611,1998-02-01,28.05,9.6331,561.0,"IN AMENAS, AG",1.2,G,1.2,",G",0.0,",I",0.0,",I",0.0,",I",0.0,",G",0.0,",G",0.0,",G",12.0,",G",0.0,",G",19980227.0,",,G",19980228.0,"+,,I",19980203.0,",,G",2.0,",G,27,",0.0,",,I,28,+",27.4,",G,03,",640.9,G,133.6,",G",0.0,",,,I",1.361,",G",2.092,",,,G",0.629,",,,G"
AG000060611,1998-03-01,28.05,9.6331,561.0,"IN AMENAS, AG",11.1,G,9.9,"2,G",0.0,"2,I",0.0,"2,I",0.0,"2,I",0.0,"1,G",0.0,"1,G",0.0,"1,G",22.0,"1,G",1.0,"1,G",19980328.0,",1,G",19980331.0,"+,2,I",19980331.0,",1,G",2.6,"1,G,28,",0.0,"2,,I,31,+",33.1,"1,G,31,",741.2,G,100.3,"1,G",0.0,"2,,,I",1.525,"2,G",2.342,"1,,,G",0.7070000000000001,"1,,,G"
AG000060611,1998-04-01,28.05,9.6331,561.0,"IN AMENAS, AG",221.3,G,210.2,",G",0.0,",I",0.0,",I",0.0,",I",0.0,",G",0.0,",G",0.0,",G",30.0,",G",20.0,",G",19980426.0,",,G",19980430.0,"+,,I",19980409.0,",,G",11.9,",G,26,",0.0,",,I,30,+",40.0,",G,09,",741.2,G,0.0,",G",0.0,",,,I",2.534,",G",3.353,",,,G",1.7149999999999999,",,,G"
AG000060611,1998-05-01,28.05,9.6331,561.0,"IN AMENAS, AG",506.2,G,284.9,",G",3.0,"2,I",1.0,"2,I",0.0,"2,I",0.0,",G",0.0,",G",0.0,",G",31.0,",G",24.0,",G",19980506.0,",,G",19980524.0,",2,I",19980521.0,",,G",14.3,",G,06,",3.0,"2,,I,24,",40.5,",G,21,",741.2,G,0.0,",G",6.0,"2,,,I",2.752,",G",3.5,",,,G",2.005,",,,G"
AG000060611,1998-06-01,28.05,9.6331,561.0,"IN AMENAS, AG",920.4,G,414.2,",G",0.0,"1,I",0.0,"1,I",0.0,"1,I",0.0,",G",0.0,",G",0.0,",G",30.0,",G",30.0,",G",19980624.0,"+,,G",19980630.0,"+,1,I",19980627.0,",,G",21.0,",G,24,+",0.0,"1,,I,30,+",43.7,",G,27,",741.2,G,0.0,",G",0.0,"1,,,I",3.214,",G",3.937,",,,G",2.491,",,,G"
AG000060611,1998-07-01,28.05,9.6331,561.0,"IN AMENAS, AG",1345.5,G,425.1,",G",0.0,",I",0.0,",I",0.0,",I",0.0,",G",0.0,",G",0.0,",G",31.0,",G",31.0,",G",19980720.0,",,G",19980731.0,"+,,I",19980709.0,",,G",21.0,",G,20,",0.0,",,I,31,+",43.5,",G,09,",0.0,G,0.0,",G",0.0,",,,I",3.2049999999999996,",G",4.037,",,,G",2.372,",,,G"
AG000060611,1998-08-01,28.05,9.6331,561.0,"IN AMENAS, AG",1784.5,G,439.0,",G",0.0,",I",0.0,",I",0.0,",I",0.0,",G",0.0,",G",0.0,",G",31.0,",G",31.0,",G",19980829.0,"+,,G",19980831.0,"+,,I",19980805.0,",,G",22.8,",G,29,+",0.0,",,I,31,+",44.5,",G,05,",0.0,G,0.0,",G",0.0,",,,I",3.249,",G",4.011,",,,G",2.487,",,,G"
AG000060611,1998-09-01,28.05,9.6331,561.0,"IN AMENAS, AG",2184.1,G,399.6,",G",0.0,"1,I",0.0,"1,I",0.0,"1,I",0.0,",G",0.0,",G",0.0,",G",30.0,",G",30.0,",G",19980911.0,",,G",19980930.0,"+,1,I",19980907.0,",,G",19.4,",G,11,",0.0,"1,,I,30,+",42.8,",G,07,",0.0,G,0.0,",G",0.0,"1,,,I",3.165,",G",3.903,",,,G",2.428,",,,G"
AG000060611,1998-10-01,28.05,9.6331,561.0,"IN AMENAS, AG",2363.1,G,179.0,",G",0.0,",I",0.0,",I",0.0,",I",0.0,",G",0.0,",G",0.0,",G",31.0,",G",11.0,",G",19981030.0,",,G",19981031.0,"+,,I",19981005.0,",,G",6.8,",G,30,",0.0,",,I,31,+",40.6,",G,05,",7.7,G,7.7,",G",0.0,",,,I",2.386,",G",3.1260000000000003,",,,G",1.6460000000000001,",,,G"
AG000060611,1998-11-01,28.05,9.6331,561.0,"IN AMENAS, AG",2367.8,G,4.7,",G",0.0,",I",0.0,",I",0.0,",I",0.0,",G",1.0,",G",0.0,",G",21.0,",G",0.0,",G",19981123.0,",,G",19981130.0,"+,,I",19981104.0,",,G",-0.3,",G,23,",0.0,",,I,30,+",31.0,",G,04,",126.2,G,118.5,",G",0.0,",,,I",1.454,",G",2.258,",,,G",0.65,",,,G"
AG000060611,1998-12-01,28.05,9.6331,561.0,"IN AMENAS, AG",2369.2,G,1.4,",G",1.0,"1,I",1.0,"1,I",0.0,"1,I",0.0,",G",3.0,",G",0.0,",G",3.0,",G",0.0,",G",19981223.0,",,G",19981208.0,",1,I",19981203.0,",,G",-1.4,",G,23,",6.0,"1,,I,08,",26.2,",G,03,",383.6,G,257.4,",G",6.0,"1,,,I",1.0070000000000001,",G",1.6309999999999998,",,,G",0.384,",,,G"
AG000060611,1999-02-01,28.05,9.6331,561.0,"IN AMENAS, AG",,,0.4,"5,S",,,,,,,0.0,"5,S",1.0,"5,S",0.0,",S",10.0,",S",0.0,",S",19990213.0,",5,S",,,19990228.0,",,S",-1.3,"5,S,13,",,,28.0,",S,28,",,,159.1,",S",,,1.115,"5,S",1.8679999999999999,",,,S",0.363,"5,,,S"
AG000060611,1999-04-01,28.05,9.6331,561.0,"IN AMENAS, AG",,,,,,,,,,,0.0,"2,S",0.0,"2,S",0.0,"4,S",26.0,"4,S",13.0,"4,S",19990401.0,",2,S",,,19990416.0,",4,S",6.8,"2,S,01,",,,41.3,"4,S,16,",,,,,,,2.372,"6,S",3.199,"4,,,S",1.545,"2,,,S"
AG000060611,2000-01-01,28.05,9.6331,561.0,"IN AMENAS, AG",,,,,,,,,,,0.0,"3,S",10.0,"3,S",0.0,"4,S",0.0,"4,S",0.0,"4,S",20000119.0,",3,S",,,20000126.0,",4,S",-2.2,"3,S,19,",,,21.0,"4,S,26,",,,,,,,0.8460000000000001,"7,S",1.581,"4,,,S",0.11100000000000002,"3,,,S"
AG000060611,2000-02-01,28.05,9.6331,561.0,"IN AMENAS, AG",,,,,,,,,,,0.0,"4,S",0.0,"4,S",0.0,"5,S",7.0,"5,S",0.0,"5,S",20000226.0,",4,S",,,20000221.0,",5,S",0.5,"4,S,26,",,,23.2,"5,S,21,",,,,,,,1.099,"9,S",1.8719999999999999,"5,,,S",0.32599999999999996,"4,,,S"
AG000060611,2000-03-01,28.05,9.6331,561.0,"IN AMENAS, AG",,,44.2,"4,S",,,,,,,0.0,"2,S",0.0,"2,S",0.0,"3,S",26.0,"3,S",5.0,"3,S",20000312.0,",2,S",,,20000328.0,",3,S",5.6,"2,S,12,",,,36.4,"3,S,28,",,,43.8,"3,S",,,1.8219999999999998,"4,S",2.681,"3,,,S",0.9630000000000001,"2,,,S"
AG000060611,2001-07-01,28.05,9.6331,561.0,"IN AMENAS, AG",,,406.3,"3,S",,,,,,,0.0,",S",0.0,",S",0.0,"3,S",28.0,"3,S",28.0,"3,S",20010701.0,",,S",,,20010719.0,",3,S",22.1,",S,01,",,,45.1,"3,S,19,",0.0,S,0.0,"3,S",,,3.29,"3,S",4.139,"3,,,S",2.441,",,,S"
AG000060611,2001-09-01,28.05,9.6331,561.0,"IN AMENAS, AG",,,,,,,,,,,0.0,"4,S",0.0,"4,S",0.0,"5,S",25.0,"5,S",25.0,"5,S",20010924.0,",4,S",,,20010909.0,",5,S",22.5,"4,S,24,",,,43.3,"5,S,09,",,,,,,,3.303,"7,S",4.133,"5,,,S",2.472,"4,,,S"
AG000060611,2001-12-01,28.05,9.6331,561.0,"IN AMENAS, AG",,,,,,,,,,,0.0,"3,S",2.0,"3,S",0.0,"5,S",9.0,"5,S",0.0,"5,S",20011231.0,",3,S",,,20011224.0,",5,S",-1.2,"3,S,31,",,,29.0,"5,S,24,",,,,,,,1.2429999999999999,"8,S",2.0260000000000002,"5,,,S",0.45999999999999996,"3,,,S"
AG000060611,2002-01-01,28.05,9.6331,561.0,"IN AMENAS, AG",,,,,,,,,,,0.0,"5,S",2.0,"5,S",0.0,"5,S",2.0,"5,S",0.0,"5,S",20020103.0,",5,S",,,20020125.0,",5,S",-0.5,"5,S,03,",,,22.9,"5,S,25,",,,,,,,0.9880000000000001,"0,S",1.77,"5,,,S",0.20600000000000002,"5,,,S"
AG000060611,2002-02-01,28.05,9.6331,561.0,"IN AMENAS, AG",,,,,,,,,,,0.0,"4,S",0.0,"4,S",0.0,"5,S",11.0,"5,S",0.0,"5,S",20020224.0,",4,S",,,20020219.0,",5,S",1.7,"4,S,24,",,,30.1,"5,S,19,",,,,,,,1.347,"7,S",2.2,"5,,,S",0.495,"4,,,S"
AG000060611,2002-06-01,28.05,9.6331,561.0,"IN AMENAS, AG",,,,,,,,,,,0.0,"3,S",0.0,"3,S",0.0,"5,S",25.0,"5,S",25.0,"5,S",20020616.0,",3,S",,,20020606.0,",5,S",17.9,"3,S,16,",,,42.9,"5,S,06,",,,,,,,2.991,"7,S",3.812,"5,,,S",2.17,"3,,,S"
AG000060611,2002-07-01,28.05,9.6331,561.0,"IN AMENAS, AG",,,407.5,"5,S",,,,,,,0.0,"5,S",0.0,"5,S",0.0,"2,S",29.0,"2,S",29.0,"2,S",20020724.0,",5,S",,,20020721.0,"+,2,S",22.6,"5,S,24,",,,45.5,"2,S,21,+",0.0,S,0.0,"2,S",,,3.411,"5,S",4.256,"2,,,S",2.565,"5,,,S"
AG000060611,2002-09-01,28.05,9.6331,561.0,"IN AMENAS, AG",,,342.6,"1,S",0.0,"4,S",0.0,"4,S",0.0,"4,S",0.0,",S",0.0,",S",0.0,"1,S",29.0,"1,S",27.0,"1,S",20020930.0,",,S",20020930.0,"+,4,S",20020910.0,",1,S",17.5,",S,30,",0.0,"4,,S,30,+",41.6,"1,S,10,",,,0.0,"1,S",0.0,"4,,,S",3.0140000000000002,"1,S",3.7630000000000003,"1,,,S",2.2649999999999997,",,,S"
AG000060611,2002-11-01,28.05,9.6331,561.0,"IN AMENAS, AG",,,,,2.0,",S",1.0,",S",0.0,",S",0.0,"5,S",0.0,"5,S",0.0,"4,S",20.0,"4,S",1.0,"4,S",20021128.0,",5,S",20021107.0,",,S",20021117.0,",4,S",4.8,"5,S,28,",5.1,",,S,07,",32.2,"4,S,17,",,,,,5.6,",,,S",1.656,"8,S",2.466,"4,,,S",0.8460000000000001,"5,,,S"
AG000060611,2002-12-01,28.05,9.6331,561.0,"IN AMENAS, AG",,,0.0,"4,S",0.0,"1,S",0.0,"1,S",0.0,"1,S",0.0,"1,S",0.0,"1,S",0.0,"4,S",10.0,"4,S",0.0,"4,S",20021208.0,",1,S",20021231.0,"+,1,S",20021219.0,",4,S",2.4,"1,S,08,",0.0,"1,,S,31,+",25.8,"4,S,19,",,,147.8,"4,S",0.0,"1,,,S",1.286,"4,S",2.061,"4,,,S",0.511,"1,,,S"
AG000060611,2003-05-01,28.05,9.6331,561.0,"IN AMENAS, AG",,,,,,,,,,,0.0,"5,S",0.0,"5,S",0.0,"4,S",27.0,"4,S",24.0,"4,S",20030524.0,",5,S",,,20030507.0,",4,S",15.6,"5,S,24,",,,42.1,"4,S,07,",,,,,,,2.775,"8,S",3.621,"4,,,S",1.9289999999999998,"5,,,S"
AG000060611,2003-07-01,28.05,9.6331,561.0,"IN AMENAS, AG",,,,,0.0,"2,S",0.0,"2,S",0.0,"2,S",0.0,"5,S",0.0,"5,S",0.0,"3,S",28.0,"3,S",28.0,"3,S",20030725.0,",5,S",20030731.0,"+,2,S",20030707.0,"+,3,S",21.8,"5,S,25,",0.0,"2,,S,31,+",44.4,"3,S,07,+",,,,,0.0,"2,,,S",3.287,"8,S",4.089,"3,,,S",2.4859999999999998,"5,,,S"
AG000060611,2003-09-01,28.05,9.6331,561.0,"IN AMENAS, AG",,,,,1.0,"4,S",0.0,"4,S",0.0,"4,S",0.0,"2,S",0.0,"2,S",0.0,"5,S",25.0,"5,S",25.0,"5,S",20030907.0,",2,S",20030907.0,",4,S",20030902.0,",5,S",17.2,"2,S,07,",1.0,"4,,S,07,",41.5,"5,S,02,",,,,,1.0,"4,,,S",3.0469999999999997,"6,S",3.7950000000000004,"5,,,S",2.298,"2,,,S"
AG000060611,2004-06-01,28.05,9.6331,561.0,"IN AMENAS, AG",,,,,0.0,"1,S",0.0,"1,S",0.0,"1,S",0.0,"5,S",0.0,"5,S",0.0,"3,S",27.0,"3,S",27.0,"3,S",20040619.0,",5,S",20040630.0,"+,1,S",20040615.0,",3,S",18.2,"5,S,19,",0.0,"1,,S,30,+",42.6,"3,S,15,",,,,,0.0,"1,,,S",3.081,"7,S",3.9159999999999995,"3,,,S",2.245,"5,,,S"
AG000060611,2004-07-01,28.05,9.6331,561.0,"IN AMENAS, AG",,,,,0.0,"3,S",0.0,"3,S",0.0,"3,S",0.0,"5,S",0.0,"5,S",0.0,"3,S",28.0,"3,S",28.0,"3,S",20040721.0,"+,5,S",20040731.0,"+,3,S",20040731.0,",3,S",21.2,"5,S,21,+",0.0,"3,,S,31,+",42.5,"3,S,31,",,,,,0.0,"3,,,S",3.092,"7,S",3.8890000000000002,"3,,,S",2.295,"5,,,S"
AG000060611,2004-08-01,28.05,9.6331,561.0,"IN AMENAS, AG",,,,,0.0,",S",0.0,",S",0.0,",S",0.0,"2,S",0.0,"2,S",0.0,"5,S",26.0,"5,S",26.0,"5,S",20040829.0,",2,S",20040831.0,"+,,S",20040813.0,",5,S",19.2,"2,S,29,",0.0,",,S,31,+",44.2,"5,S,13,",,,,,0.0,",,,S",3.2350000000000003,"7,S",4.043,"5,,,S",2.427,"2,,,S"
AG000060611,2005-02-01,28.05,9.6331,561.0,"IN AMENAS, AG",,,,,1.0,"3,S",1.0,"3,S",0.0,"3,S",0.0,"4,S",3.0,"4,S",0.0,"5,S",7.0,"5,S",0.0,"5,S",20050202.0,",4,S",20050217.0,",3,S",20050224.0,",5,S",-2.7,"4,S,02,",3.0,"3,,S,17,",28.4,"5,S,24,",,,,,3.0,"3,,,S",1.1869999999999998,"8,S",1.953,"5,,,S",0.42000000000000004,"4,,,S"
AG000060611,2005-03-01,28.05,9.6331,561.0,"IN AMENAS, AG",,,,,4.0,",S",2.0,",S",0.0,",S",0.0,"5,S",0.0,"5,S",0.0,"2,S",24.0,"2,S",6.0,"2,S",20050311.0,",5,S",20050307.0,",,S",20050328.0,",2,S",2.4,"5,S,11,",18.0,",,S,07,",34.5,"2,S,28,",,,,,24.0,",,,S",1.955,"7,S",2.695,"2,,,S",1.215,"5,,,S"
AG000060611,2005-04-01,28.05,9.6331,561.0,"IN AMENAS, AG",,,,,1.0,",S",1.0,",S",0.0,",S",0.0,"5,S",0.0,"5,S",0.0,"2,S",28.0,"2,S",13.0,"2,S",20050411.0,",5,S",20050419.0,",,S",20050426.0,",2,S",7.0,"5,S,11,",15.0,",,S,19,",41.4,"2,S,26,",,,,,15.0,",,,S",2.291,"6,S",3.1239999999999997,"2,,,S",1.458,"5,,,S"
AG000060611,2005-06-01,28.05,9.6331,561.0,"IN AMENAS, AG",,,,,1.0,",S",1.0,",S",0.0,",S",0.0,"4,S",0.0,"4,S",0.0,"4,S",26.0,"4,S",25.0,"4,S",20050606.0,",4,S",20050620.0,",,S",20050614.0,",4,S",19.4,"4,S,06,",4.1,",,S,20,",43.1,"4,S,14,",,,,,4.1,",,,S",3.006,"8,S",3.75,"4,,,S",2.263,"4,,,S"
AG000060611,2005-07-01,28.05,9.6331,561.0,"IN AMENAS, AG",,,,,0.0,",S",0.0,",S",0.0,",S",0.0,"3,S",0.0,"3,S",0.0,"3,S",28.0,"3,S",28.0,"3,S",20050705.0,",3,S",20050731.0,"+,,S",20050726.0,",3,S",17.2,"3,S,05,",0.0,",,S,31,+",45.0,"3,S,26,",,,,,0.0,",,,S",3.321,"6,S",4.162,"3,,,S",2.481,"3,,,S"
AG000060611,2005-08-01,28.05,9.6331,561.0,"IN AMENAS, AG",,,416.8,"2,S",0.0,"1,S",0.0,"1,S",0.0,"1,S",0.0,"2,S",0.0,"2,S",0.0,",S",31.0,",S",31.0,",S",20050807.0,",2,S",20050831.0,"+,1,S",20050822.0,",,S",20.6,"2,S,07,",0.0,"1,,S,31,+",44.5,",S,22,",,,0.0,",S",0.0,"1,,,S",3.2689999999999997,"2,S",4.067,",,,S",2.471,"2,,,S"
AG000060611,2005-09-01,28.05,9.6331,561.0,"IN AMENAS, AG",,,,,4.0,"1,S",2.0,"1,S",0.0,"1,S",0.0,"4,S",0.0,"4,S",0.0,"2,S",28.0,"2,S",26.0,"2,S",20050930.0,",4,S",20050902.0,",1,S",20050913.0,",2,S",16.9,"4,S,30,",7.9,"1,,S,02,",42.4,"2,S,13,",,,,,14.8,"1,,,S",2.9859999999999998,"6,S",3.726,"2,,,S",2.246,"4,,,S"
AG000060611,2005-11-01,28.05,9.6331,561.0,"IN AMENAS, AG",,,,,1.0,"2,S",1.0,"2,S",0.0,"2,S",0.0,"5,S",0.0,"5,S",0.0,"3,S",25.0,"3,S",0.0,"3,S",20051128.0,",5,S",20051126.0,",2,S",20051101.0,",3,S",7.7,"5,S,28,",5.1,"2,,S,26,",29.2,"3,S,01,",,,,,5.1,"2,,,S",1.828,"8,S",2.577,"3,,,S",1.0779999999999998,"5,,,S"
AG000060611,2006-02-01,28.05,9.6331,561.0,"IN AMENAS, AG",,,,,2.0,"3,S",1.0,"3,S",0.0,"3,S",0.0,"5,S",0.0,"5,S",0.0,"2,S",10.0,"2,S",0.0,"2,S",20060209.0,",5,S",20060218.0,",3,S",20060226.0,",2,S",1.3,"5,S,09,",5.1,"3,,S,18,",28.4,"2,S,26,",,,,,6.1,"3,,,S",1.318,"7,S",2.003,"2,,,S",0.633,"5,,,S"
AG000060611,2006-04-01,28.05,9.6331,561.0,"IN AMENAS, AG",,,,,0.0,",S",0.0,",S",0.0,",S",0.0,"2,S",0.0,"2,S",0.0,"5,S",25.0,"5,S",17.0,"5,S",20060414.0,",2,S",20060430.0,"+,,S",20060423.0,",5,S",10.0,"2,S,14,",0.0,",,S,30,+",40.2,"5,S,23,",,,,,0.0,",,,S",2.493,"7,S",3.404,"5,,,S",1.583,"2,,,S"
AG000060611,2006-08-01,28.05,9.6331,561.0,"IN AMENAS, AG",,,,,0.0,"1,S",0.0,"1,S",0.0,"1,S",0.0,"4,S",0.0,"4,S",0.0,"5,S",26.0,"5,S",26.0,"5,S",20060825.0,"+,4,S",20060831.0,"+,1,S",20060818.0,"+,5,S",23.4,"4,S,25,+",0.0,"1,,S,31,+",44.5,"5,S,18,+",,,,,0.0,"1,,,S",3.3280000000000003,"9,S",4.128,"5,,,S",2.528,"4,,,S"
AG000060611,2006-09-01,28.05,9.6331,561.0,"IN AMENAS, AG",,,312.4,"3,S",0.0,",S",0.0,",S",0.0,",S",0.0,"3,S",0.0,"3,S",0.0,",S",30.0,",S",30.0,",S",20060928.0,",3,S",20060930.0,"+,,S",20060920.0,",,S",16.5,"3,S,28,",0.0,",,S,30,+",41.7,",S,20,",,,0.0,",S",0.0,",,,S",3.003,"3,S",3.7700000000000005,",,,S",2.237,"3,,,S"
AG000060611,2006-10-01,28.05,9.6331,561.0,"IN AMENAS, AG",,,160.2,"5,S",0.0,",S",0.0,",S",0.0,",S",0.0,"4,S",0.0,"4,S",0.0,"1,S",30.0,"1,S",16.0,"1,S",20061012.0,",4,S",20061031.0,"+,,S",20061001.0,",1,S",12.6,"4,S,12,",0.0,",,S,31,+",38.2,"1,S,01,",,,0.0,"1,S",0.0,",,,S",2.44,"5,S",3.2159999999999997,"1,,,S",1.6640000000000001,"4,,,S"
AG000060611,2007-01-01,28.05,9.6331,561.0,"IN AMENAS, AG",,,,,0.0,"2,S",0.0,"2,S",0.0,"2,S",0.0,"5,S",2.0,"5,S",0.0,"3,S",8.0,"3,S",1.0,"3,S",20070105.0,",5,S",20070131.0,"+,2,S",20070130.0,",3,S",-1.2,"5,S,05,",0.0,"2,,S,31,+",32.6,"3,S,30,",,,,,0.0,"2,,,S",1.206,"8,S",2.0620000000000003,"3,,,S",0.35,"5,,,S"
AG000060611,2007-02-01,28.05,9.6331,561.0,"IN AMENAS, AG",,,1.8,"3,S",0.0,",S",0.0,",S",0.0,",S",0.0,"1,S",0.0,"1,S",0.0,"3,S",15.0,"3,S",0.0,"3,S",20070228.0,",1,S",20070228.0,"+,,S",20070221.0,",3,S",1.7,"1,S,28,",0.0,",,S,28,+",30.8,"3,S,21,",,,87.9,"3,S",0.0,",,,S",1.489,"3,S",2.272,"3,,,S",0.7070000000000001,"1,,,S"
AG000060611,2007-06-01,28.05,9.6331,561.0,"IN AMENAS, AG",,,344.5,"5,S",0.0,",S",0.0,",S",0.0,",S",0.0,"4,S",0.0,"4,S",0.0,"1,S",29.0,"1,S",28.0,"1,S",20070605.0,",4,S",20070630.0,"+,,S",20070617.0,"+,1,S",16.7,"4,S,05,",0.0,",,S,30,+",43.7,"1,S,17,+",,,0.0,"1,S",0.0,",,,S",3.2009999999999996,"5,S",4.077,"1,,,S",2.325,"4,,,S"
AG000060611,2007-09-01,28.05,9.6331,561.0,"IN AMENAS, AG",,,,,0.0,",S",0.0,",S",0.0,",S",0.0,"5,S",0.0,"5,S",0.0,"2,S",28.0,"2,S",28.0,"2,S",20070927.0,",5,S",20070930.0,"+,,S",20070908.0,",2,S",17.8,"5,S,27,",0.0,",,S,30,+",41.0,"2,S,08,",,,,,0.0,",,,S",2.9859999999999998,"7,S",3.781,"2,,,S",2.19,"5,,,S"
AG000060611,2007-10-01,28.05,9.6331,561.0,"IN AMENAS, AG",,,149.9,"5,S",2.0,",S",0.0,",S",0.0,",S",0.0,"2,S",0.0,"2,S",0.0,"4,S",27.0,"4,S",11.0,"4,S",20071023.0,",2,S",20071020.0,",,S",20071002.0,",4,S",8.8,"2,S,23,",2.0,",,S,20,",38.6,"4,S,02,",,,0.8,"4,S",3.0,",,,S",2.418,"5,S",3.214,"4,,,S",1.6219999999999999,"2,,,S"
AG000060611,2007-11-01,28.05,9.6331,561.0,"IN AMENAS, AG",,,,,0.0,",S",0.0,",S",0.0,",S",0.0,"3,S",0.0,"3,S",0.0,"3,S",23.0,"3,S",1.0,"3,S",20071118.0,",3,S",20071130.0,"+,,S",20071102.0,",3,S",2.6,"3,S,18,",0.0,",,S,30,+",33.2,"3,S,02,",,,,,0.0,",,,S",1.7239999999999998,"6,S",2.552,"3,,,S",0.897,"3,,,S"
AG000060611,2008-02-01,28.05,9.6331,561.0,"IN AMENAS, AG",,,1.6,"5,S",0.0,",S",0.0,",S",0.0,",S",0.0,"3,S",0.0,"3,S",0.0,"2,S",13.0,"2,S",0.0,"2,S",20080219.0,",3,S",20080229.0,"+,,S",20080215.0,",2,S",0.6,"3,S,19,",0.0,",,S,29,+",26.9,"2,S,15,",,,134.2,"2,S",0.0,",,,S",1.276,"5,S",2.059,"2,,,S",0.493,"3,,,S"
AG000060611,2008-08-01,28.05,9.6331,561.0,"IN AMENAS, AG",,,,,0.0,",S",0.0,",S",0.0,",S",0.0,"5,S",0.0,"5,S",0.0,"5,S",26.0,"5,S",26.0,"5,S",20080804.0,",5,S",20080831.0,"+,,S",20080819.0,",5,S",20.0,"5,S,04,",0.0,",,S,31,+",43.2,"5,S,19,",,,,,0.0,",,,S",3.145,"0,S",3.967,"5,,,S",2.324,"5,,,S"
AG000060611,2008-12-01,28.05,9.6331,561.0,"IN AMENAS, AG",,,,,0.0,"2,S",0.0,"2,S",0.0,"2,S",0.0,"5,S",1.0,"5,S",0.0,"4,S",6.0,"4,S",0.0,"4,S",20081218.0,",5,S",20081231.0,"+,2,S",20081229.0,",4,S",-0.9,"5,S,18,",0.0,"2,,S,31,+",25.7,"4,S,29,",,,,,0.0,"2,,,S",1.136,"8,S",1.877,"4,,,S",0.395,"5,,,S"
AG000060611,2009-02-01,28.05,9.6331,561.0,"IN AMENAS, AG",,,0.0,"4,S",1.0,",S",0.0,",S",0.0,",S",0.0,"3,S",0.0,"3,S",0.0,"1,S",9.0,"1,S",0.0,"1,S",20090224.0,",3,S",20090222.0,",,S",20090202.0,",1,S",2.2,"3,S,24,",0.3,",,S,22,",29.4,"1,S,02,",,,124.0,"1,S",0.3,",,,S",1.319,"4,S",2.113,"1,,,S",0.526,"3,,,S"
AG000060611,2009-07-01,28.05,9.6331,561.0,"IN AMENAS, AG",,,,,0.0,",S",0.0,",S",0.0,",S",0.0,"5,S",0.0,"5,S",0.0,"5,S",26.0,"5,S",26.0,"5,S",20090723.0,",5,S",20090731.0,"+,,S",20090711.0,",5,S",20.4,"5,S,23,",0.0,",,S,31,+",45.2,"5,S,11,",,,,,0.0,",,,S",3.255,"8,S",4.0600000000000005,"5,,,S",2.45,"5,,,S"
AG000060611,2009-10-01,28.05,9.6331,561.0,"IN AMENAS, AG",,,,,1.0,",S",0.0,",S",0.0,",S",0.0,"5,S",0.0,"5,S",0.0,"1,S",30.0,"1,S",16.0,"1,S",20091019.0,",5,S",20091022.0,",,S",20091001.0,",1,S",10.0,"5,S,19,",1.0,",,S,22,",39.1,"1,S,01,",,,,,1.0,",,,S",2.3649999999999998,"6,S",3.1149999999999998,"1,,,S",1.6149999999999998,"5,,,S"
AG000060611,2009-11-01,28.05,9.6331,561.0,"IN AMENAS, AG",,,,,0.0,"1,S",0.0,"1,S",0.0,"1,S",0.0,"4,S",0.0,"4,S",0.0,"5,S",20.0,"5,S",0.0,"5,S",20091130.0,",4,S",20091130.0,"+,1,S",20091105.0,",5,S",4.2,"4,S,30,",0.0,"1,,S,30,+",32.1,"5,S,05,",,,,,0.0,"1,,,S",1.556,"7,S",2.364,"5,,,S",0.748,"4,,,S"
AG000060611,2010-06-01,28.05,9.6331,561.0,"IN AMENAS, AG",,,432.4,"2,S",0.0,"1,S",0.0,"1,S",0.0,"1,S",0.0,"2,S",0.0,"2,S",0.0,"1,S",29.0,"1,S",29.0,"1,S",20100601.0,",2,S",20100630.0,"+,1,S",20100622.0,",1,S",17.4,"2,S,01,",0.0,"1,,S,30,+",46.0,"1,S,22,",,,0.0,"1,S",0.0,"1,,,S",3.3770000000000002,"2,S",4.1850000000000005,"1,,,S",2.568,"2,,,S"
AG000060611,2010-08-01,28.05,9.6331,561.0,"IN AMENAS, AG",,,377.2,"5,S",0.0,",S",0.0,",S",0.0,",S",0.0,"3,S",0.0,"3,S",0.0,"2,S",29.0,"2,S",29.0,"2,S",20100826.0,",3,S",20100831.0,"+,,S",20100817.0,",2,S",21.7,"3,S,26,",0.0,",,S,31,+",47.4,"2,S,17,",,,0.0,"2,S",0.0,",,,S",3.274,"5,S",4.056,"2,,,S",2.492,"3,,,S"
AG000060611,2010-09-01,28.05,9.6331,561.0,"IN AMENAS, AG",,,,,0.0,"1,S",0.0,"1,S",0.0,"1,S",0.0,"5,S",0.0,"5,S",0.0,"4,S",26.0,"4,S",26.0,"4,S",20100917.0,",5,S",20100930.0,"+,1,S",20100901.0,",4,S",17.8,"5,S,17,",0.0,"1,,S,30,+",42.8,"4,S,01,",,,,,0.0,"1,,,S",2.9739999999999998,"8,S",3.743,"4,,,S",2.205,"5,,,S"
AG000060611,2010-10-01,28.05,9.6331,561.0,"IN AMENAS, AG",,,185.4,"5,S",1.0,",S",1.0,",S",0.0,",S",0.0,"3,S",0.0,"3,S",0.0,"3,S",28.0,"3,S",19.0,"3,S",20101028.0,",3,S",20101018.0,",,S",20101007.0,",3,S",7.7,"3,S,28,",5.1,",,S,18,",39.2,"3,S,07,",,,3.5,"3,S",5.1,",,,S",2.535,"5,S",3.279,"3,,,S",1.791,"3,,,S"
AG000060611,2010-11-01,28.05,9.6331,561.0,"IN AMENAS, AG",,,,,0.0,"2,S",0.0,"2,S",0.0,"2,S",0.0,"5,S",0.0,"5,S",0.0,"4,S",25.0,"4,S",1.0,"4,S",20101118.0,",5,S",20101130.0,"+,2,S",20101101.0,",4,S",5.9,"5,S,18,",0.0,"2,,S,30,+",32.6,"4,S,01,",,,,,0.0,"2,,,S",1.8649999999999998,"8,S",2.712,"4,,,S",1.017,"5,,,S"
AG000060611,2011-01-01,28.05,9.6331,561.0,"IN AMENAS, AG",3.4,S,3.4,"5,S",0.0,",S",0.0,",S",0.0,",S",0.0,"4,S",0.0,"4,S",0.0,"1,S",11.0,"1,S",0.0,"1,S",20110115.0,",4,S",20110131.0,"+,,S",20110127.0,",1,S",0.8,"4,S,15,",0.0,",,S,31,+",27.3,"1,S,27,",,,161.7,"1,S",0.0,",,,S",1.226,"5,S",2.033,"1,,,S",0.41900000000000004,"4,,,S"
AG000060611,2011-02-01,28.05,9.6331,561.0,"IN AMENAS, AG",,,,,1.0,",S",1.0,",S",0.0,",S",0.0,"5,S",0.0,"5,S",0.0,"5,S",8.0,"5,S",0.0,"5,S",20110204.0,",5,S",20110203.0,",,S",20110217.0,",5,S",2.7,"5,S,04,",7.1,",,S,03,",27.3,"5,S,17,",,,,,7.1,",,,S",1.233,"9,S",1.9449999999999998,"5,,,S",0.521,"5,,,S"
AG000060611,2011-07-01,28.05,9.6331,561.0,"IN AMENAS, AG",,,399.6,"5,S",0.0,"1,S",0.0,"1,S",0.0,"1,S",0.0,"2,S",0.0,"2,S",0.0,"3,S",28.0,"3,S",28.0,"3,S",20110712.0,",2,S",20110731.0,"+,1,S",20110724.0,"+,3,S",19.8,"2,S,12,",0.0,"1,,S,31,+",45.7,"3,S,24,+",0.0,S,0.0,"3,S",0.0,"1,,,S",3.3659999999999997,"5,S",4.2170000000000005,"3,,,S",2.5149999999999997,"2,,,S"
AG000060611,2011-09-01,28.05,9.6331,561.0,"IN AMENAS, AG",,,,,0.0,"1,S",0.0,"1,S",0.0,"1,S",0.0,"3,S",0.0,"3,S",0.0,"4,S",26.0,"4,S",25.0,"4,S",20110929.0,",3,S",20110930.0,"+,1,S",20110901.0,",4,S",19.2,"3,S,29,",0.0,"1,,S,30,+",41.6,"4,S,01,",,,,,0.0,"1,,,S",2.988,"7,S",3.779,"4,,,S",2.196,"3,,,S"
AG000060611,2012-01-01,28.05,9.6331,561.0,"IN AMENAS, AG",,,,,0.0,"1,S",0.0,"1,S",0.0,"1,S",0.0,"3,S",6.0,"3,S",0.0,"3,S",2.0,"3,S",0.0,"3,S",20120109.0,",3,S",20120131.0,"+,1,S",20120122.0,",3,S",-1.7,"3,S,09,",0.0,"1,,S,31,+",22.8,"3,S,22,",,,,,0.0,"1,,,S",0.9880000000000001,"6,S",1.704,"3,,,S",0.273,"3,,,S"
AG000060611,2012-04-01,28.05,9.6331,561.0,"IN AMENAS, AG",,,148.2,"4,S",0.0,",S",0.0,",S",0.0,",S",0.0,"4,S",0.0,"4,S",0.0,"1,S",29.0,"1,S",18.0,"1,S",20120418.0,",4,S",20120430.0,"+,,S",20120427.0,",1,S",6.9,"4,S,18,",0.0,",,S,30,+",39.2,"1,S,27,",,,5.3,"1,S",0.0,",,,S",2.4,"4,S",3.2600000000000002,"1,,,S",1.54,"4,,,S"
AG000060611,2012-06-01,28.05,9.6331,561.0,"IN AMENAS, AG",,,359.8,"5,S",0.0,"1,S",0.0,"1,S",0.0,"1,S",0.0,"4,S",0.0,"4,S",0.0,"1,S",29.0,"1,S",29.0,"1,S",20120622.0,",4,S",20120630.0,"+,1,S",20120614.0,",1,S",20.8,"4,S,22,",0.0,"1,,S,30,+",44.0,"1,S,14,",,,0.0,"1,S",0.0,"1,,,S",3.2689999999999997,"5,S",4.079,"1,,,S",2.46,"4,,,S"
AG000060611,2012-07-01,28.05,9.6331,561.0,"IN AMENAS, AG",,,,,0.0,",S",0.0,",S",0.0,",S",0.0,"5,S",0.0,"5,S",0.0,"4,S",27.0,"4,S",27.0,"4,S",20120719.0,",5,S",20120731.0,"+,,S",20120714.0,",4,S",21.7,"5,S,19,",0.0,",,S,31,+",44.5,"4,S,14,",,,,,0.0,",,,S",3.2340000000000004,"9,S",4.095000000000001,"4,,,S",2.372,"5,,,S"
AG000060611,2012-08-01,28.05,9.6331,561.0,"IN AMENAS, AG",,,,,0.0,"1,S",0.0,"1,S",0.0,"1,S",0.0,"3,S",0.0,"3,S",0.0,"3,S",28.0,"3,S",28.0,"3,S",20120813.0,",3,S",20120831.0,"+,1,S",20120816.0,",3,S",19.9,"3,S,13,",0.0,"1,,S,31,+",43.0,"3,S,16,",,,,,0.0,"1,,,S",3.144,"6,S",3.9549999999999996,"3,,,S",2.332,"3,,,S"
AG000060611,2013-01-01,28.05,9.6331,561.0,"IN AMENAS, AG",,,,,0.0,",S",0.0,",S",0.0,",S",0.0,"5,S",2.0,"5,S",0.0,"5,S",5.0,"5,S",0.0,"5,S",20130128.0,",5,S",20130131.0,"+,,S",20130120.0,",5,S",-1.2,"5,S,28,",0.0,",,S,31,+",23.5,"5,S,20,",,,,,0.0,",,,S",1.082,"0,S",1.8530000000000002,"5,,,S",0.31,"5,,,S"
AG000060611,2013-02-01,28.05,9.6331,561.0,"IN AMENAS, AG",,,3.8,"4,S",0.0,",S",0.0,",S",0.0,",S",0.0,"2,S",6.0,"2,S",0.0,"2,S",12.0,"2,S",0.0,"2,S",20130211.0,",2,S",20130228.0,"+,,S",20130228.0,",2,S",-1.2,"2,S,11,",0.0,",,S,28,+",30.7,"2,S,28,",,,161.2,"2,S",0.0,",,,S",1.185,"4,S",2.061,"2,,,S",0.309,"2,,,S"
AG000060611,2013-03-01,28.05,9.6331,561.0,"IN AMENAS, AG",,,,,0.0,"1,S",0.0,"1,S",0.0,"1,S",0.0,"4,S",0.0,"4,S",0.0,"3,S",27.0,"3,S",7.0,"3,S",20130316.0,",4,S",20130331.0,"+,1,S",20130323.0,",3,S",3.8,"4,S,16,",0.0,"1,,S,31,+",35.3,"3,S,23,",,,,,0.0,"1,,,S",2.021,"7,S",2.896,"3,,,S",1.145,"4,,,S"
AG000060611,2013-04-01,28.05,9.6331,561.0,"IN AMENAS, AG",,,,,0.0,",S",0.0,",S",0.0,",S",0.0,"4,S",0.0,"4,S",0.0,"2,S",28.0,"2,S",19.0,"2,S",20130408.0,",4,S",20130430.0,"+,,S",20130430.0,",2,S",5.9,"4,S,08,",0.0,",,S,30,+",38.6,"2,S,30,",,,,,0.0,",,,S",2.476,"6,S",3.255,"2,,,S",1.698,"4,,,S"
AG000060611,2014-06-01,28.05,9.6331,561.0,"IN AMENAS, AG",,,,,0.0,",S",0.0,",S",0.0,",S",0.0,"4,S",0.0,"4,S",0.0,"3,S",27.0,"3,S",25.0,"3,S",20140604.0,",4,S",20140630.0,"+,,S",20140622.0,",3,S",16.9,"4,S,04,",0.0,",,S,30,+",44.7,"3,S,22,",,,,,0.0,",,,S",3.2030000000000003,"6,S",4.026,"3,,,S",2.38,"4,,,S"
AG000060611,2014-07-01,28.05,9.6331,561.0,"IN AMENAS, AG",,,,,0.0,",S",0.0,",S",0.0,",S",0.0,"4,S",0.0,"4,S",0.0,"4,S",27.0,"4,S",27.0,"4,S",20140720.0,",4,S",20140731.0,"+,,S",20140714.0,",4,S",21.9,"4,S,20,",0.0,",,S,31,+",46.3,"4,S,14,",,,,,0.0,",,,S",3.439,"8,S",4.254,"4,,,S",2.623,"4,,,S"
AG000060611,2014-08-01,28.05,9.6331,561.0,"IN AMENAS, AG",,,,,0.0,",S",0.0,",S",0.0,",S",0.0,"5,S",0.0,"5,S",0.0,"5,S",26.0,"5,S",26.0,"5,S",20140823.0,",5,S",20140831.0,"+,,S",20140804.0,"+,5,S",21.4,"5,S,23,",0.0,",,S,31,+",46.1,"5,S,04,+",,,,,0.0,",,,S",3.428,"9,S",4.228,"5,,,S",2.628,"5,,,S"
AG000060611,2014-09-01,28.05,9.6331,561.0,"IN AMENAS, AG",,,335.4,"4,S",0.0,",S",0.0,",S",0.0,",S",0.0,"3,S",0.0,"3,S",0.0,"2,S",28.0,"2,S",27.0,"2,S",20140930.0,",3,S",20140930.0,"+,,S",20140911.0,",2,S",19.9,"3,S,30,",0.0,",,S,30,+",42.8,"2,S,11,",,,0.0,"2,S",0.0,",,,S",3.129,"4,S",3.934,"2,,,S",2.323,"3,,,S"
AG000060611,2015-04-01,28.05,9.6331,561.0,"IN AMENAS, AG",,,,,0.0,",S",0.0,",S",0.0,",S",0.0,"5,S",0.0,"5,S",0.0,"4,S",25.0,"4,S",16.0,"4,S",20150410.0,",5,S",20150430.0,"+,,S",20150427.0,",4,S",7.7,"5,S,10,",0.0,",,S,30,+",40.9,"4,S,27,",,,,,0.0,",,,S",2.471,"6,S",3.37,"4,,,S",1.572,"5,,,S"
AG000060611,2015-11-01,28.05,9.6331,561.0,"IN AMENAS, AG",,,,,0.0,",S",0.0,",S",0.0,",S",0.0,"4,S",0.0,"4,S",0.0,"4,S",21.0,"4,S",0.0,"4,S",20151127.0,",4,S",20151130.0,"+,,S",20151102.0,",4,S",3.6,"4,S,27,",0.0,",,S,30,+",32.0,"4,S,02,",,,,,0.0,",,,S",1.7100000000000002,"8,S",2.384,"4,,,S",1.035,"4,,,S"
AG000060611,2016-07-01,28.05,9.6331,561.0,"IN AMENAS, AG",,,400.7,"3,S",0.0,",S",0.0,",S",0.0,",S",0.0,"1,S",0.0,"1,S",0.0,"2,S",29.0,"2,S",29.0,"2,S",20160721.0,",1,S",20160731.0,"+,,S",20160702.0,",2,S",20.9,"1,S,21,",0.0,",,S,31,+",45.4,"2,S,02,",0.0,S,0.0,"2,S",0.0,",,,S",3.271,"3,S",4.071,"2,,,S",2.471,"1,,,S"
