STATION,DATE,LATITUDE,LONGITUDE,ELEVATION,NAME,CDSD,CDSD_ATTRIBUTES,CLDD,CLDD_ATTRIBUTES,DP01,DP01_ATTRIBUTES,DP10,DP10_ATTRIBUTES,DP1X,DP1X_ATTRIBUTES,DT00,DT00_ATTRIBUTES,DT32,DT32_ATTRIBUTES,DX32,DX32_ATTRIBUTES,DX70,DX70_ATTRIBUTES,DX90,DX90_ATTRIBUTES,DYNT,DYNT_ATTRIBUTES,DYXP,DYXP_ATTRIBUTES,DYXT,DYXT_ATTRIBUTES,EMNT,EMNT_ATTRIBUTES,EMXP,EMXP_ATTRIBUTES,EMXT,EMXT_ATTRIBUTES,HDSD,HDSD_ATTRIBUTES,HTDD,HTDD_ATTRIBUTES,PRCP,PRCP_ATTRIBUTES,TAVG,TAVG_ATTRIBUTES,TMAX,TMAX_ATTRIBUTES,TMIN,TMIN_ATTRIBUTES
AGE00147720,1888-01-01,33.68,1.0,1320.0,"GERYVILLE EL BAYADH, AG",0.0,E,0.0,"2,E",3.0,"1,E",2.0,"1,E",0.0,"1,E",0.0,"1,E",11.0,"1,E",0.0,"1,E",1.0,"1,E",0.0,"1,E",18880125.0,",1,E",18880108.0,"+,1,E",18880102.0,",1,E",-10.0,"1,E,25,",8.0,"1,,E,08,+",25.0,"1,E,02,",,,332.9,"1,E",18.0,"1,,,E",0.6839999999999999,"2,E",1.347,"1,,,E",0.022,"1,,,E"
AGE00147720,1888-02-01,33.68,1.0,1320.0,"GERYVILLE EL BAYADH, AG",0.0,E,0.0,"2,E",3.0,"1,E",3.0,"1,E",0.0,"1,E",0.0,"1,E",13.0,"1,E",0.0,"1,E",0.0,"1,E",0.0,"1,E",18880217.0,",1,E",18880204.0,",1,E",18880214.0,"+,1,E",-10.0,"1,E,17,",5.0,"1,,E,04,",15.0,"1,E,14,+",,,352.0,"1,E",12.0,"1,,,E",0.509,"2,E",1.089,"1,,,E",-0.071,"1,,,E"
AGE00147720,1888-05-01,33.68,1.0,1320.0,"GERYVILLE EL BAYADH, AG",,,0.2,"4,E",8.0,"2,E",6.0,"2,E",1.0,"2,E",0.0,"2,E",0.0,"2,E",0.0,"2,E",24.0,"2,E",0.0,"2,E",18880527.0,"+,2,E",18880501.0,",2,E",18880531.0,",2,E",2.0,"2,E,27,+",49.0,"2,,E,01,",31.0,"2,E,31,",,,96.7,"2,E",92.8,"2,,,E",1.481,"4,E",2.338,"2,,,E",0.624,"2,,,E"
AGE00147720,1888-06-01,33.68,1.0,1320.0,"GERYVILLE EL BAYADH, AG",,,82.8,"2,E",2.0,"1,E",1.0,"1,E",0.0,"1,E",0.0,"1,E",0.0,"1,E",0.0,"1,E",29.0,"1,E",7.0,"1,E",18880622.0,",1,E",18880604.0,",1,E",18880617.0,",1,E",5.0,"1,E,22,",3.0,"1,,E,04,",38.0,"1,E,17,",,,6.7,"1,E",4.0,"1,,,E",2.1100000000000003,"2,E",3.107,"1,,,E",1.114,"1,,,E"
AGE00147720,1888-07-01,33.68,1.0,1320.0,"GERYVILLE EL BAYADH, AG",,,,,0.0,"5,E",0.0,"5,E",0.0,"5,E",0.0,"5,E",0.0,"5,E",0.0,"5,E",26.0,"5,E",22.0,"5,E",18880718.0,"+,5,E",18880731.0,"+,5,E",18880727.0,",5,E",10.0,"5,E,18,+",0.0,"5,,E,31,+",40.0,"5,E,27,",,,,,0.0,"5,,,E",2.558,"7,E",3.5119999999999996,"5,,,E",1.6039999999999999,"5,,,E"
AGE00147720,1888-08-01,33.68,1.0,1320.0,"GERYVILLE EL BAYADH, AG",,,145.5,"3,E",0.0,"2,E",0.0,"2,E",0.0,"2,E",0.0,"3,E",0.0,"3,E",0.0,"2,E",29.0,"2,E",21.0,"2,E",18880827.0,",3,E",18880831.0,"+,2,E",18880816.0,",2,E",5.0,"3,E,27,",0.0,"2,,E,31,+",38.0,"2,E,16,",,,3.3,"2,E",0.0,"2,,,E",2.346,"3,E",3.3409999999999997,"2,,,E",1.35,"3,,,E"
AGE00147720,1888-09-01,33.68,1.0,1320.0,"GERYVILLE EL BAYADH, AG",,,51.0,"2,E",6.0,"1,E",3.0,"1,E",0.0,"1,E",0.0,"1,E",0.0,"1,E",0.0,"1,E",29.0,"1,E",0.0,"1,E",18880923.0,",1,E",18880905.0,",1,E",18880930.0,"+,1,E",5.0,"1,E,23,",9.2,"1,,E,05,",32.0,"1,E,30,+",,,4.8,"1,E",20.1,"1,,,E",2.003,"2,E",2.9899999999999998,"1,,,E",1.017,"1,,,E"
AGE00147720,1888-10-01,33.68,1.0,1320.0,"GERYVILLE EL BAYADH, AG",,,10.2,",E",2.0,",E",1.0,",E",0.0,",E",0.0,",E",4.0,",E",0.0,",E",14.0,",E",0.0,",E",18881017.0,",,E",18881030.0,",,E",18881001.0,",,E",-2.0,",E,17,",8.0,",,E,30,",32.0,",E,01,",,,159.9,",E",10.0,",,,E",1.35,",E",2.174,",,,E",0.526,",,,E"
AGE00147720,1888-11-01,33.68,1.0,1320.0,"GERYVILLE EL BAYADH, AG",,,0.0,"2,E",3.0,"1,E",2.0,"1,E",0.0,"1,E",0.0,"1,E",17.0,"1,E",0.0,"1,E",0.0,"1,E",0.0,"1,E",18881126.0,",1,E",18881115.0,",1,E",18881106.0,",1,E",-7.0,"1,E,26,",7.2,"1,,E,15,",21.0,"1,E,06,",,,301.8,"1,E",13.5,"1,,,E",0.745,"2,E",1.545,"1,,,E",-0.05500000000000001,"1,,,E"
AGE00147720,1888-12-01,33.68,1.0,1320.0,"GERYVILLE EL BAYADH, AG",,,0.0,",E",6.0,",E",3.0,",E",0.0,",E",0.0,",E",19.0,",E",0.0,",E",0.0,",E",0.0,",E",18881211.0,"+,,E",18881222.0,"+,,E",18881212.0,"+,,E",-4.0,",E,11,+",7.0,",,E,22,+",16.0,",E,12,+",,,406.8,",E",23.0,",,,E",0.521,",E",1.058,",,,E",-0.016,",,,E"
AGE00147720,1889-02-01,33.68,1.0,1320.0,"GERYVILLE EL BAYADH, AG",,,0.0,"2,E",1.0,"1,E",0.0,"1,E",0.0,"1,E",0.0,"1,E",24.0,"1,E",0.0,"1,E",1.0,"1,E",0.0,"1,E",18890221.0,"+,1,E",18890226.0,",1,E",18890227.0,",1,E",-7.0,"1,E,21,+",0.4,"1,,E,26,",22.0,"1,E,27,",,,354.2,"1,E",0.4,"1,,,E",0.461,"2,E",1.27,"1,,,E",-0.348,"1,,,E"
AGE00147720,1889-04-01,33.68,1.0,1320.0,"GERYVILLE EL BAYADH, AG",,,0.0,"2,E",5.0,",E",1.0,",E",0.0,",E",0.0,"1,E",9.0,"1,E",0.0,"1,E",9.0,"1,E",0.0,"1,E",18890420.0,",1,E",18890423.0,",,E",18890428.0,",1,E",-4.0,"1,E,20,",3.5,",,E,23,",25.0,"1,E,28,",,,220.2,"1,E",7.2,",,,E",1.038,"2,E",1.81,"1,,,E",0.266,"1,,,E"
AGE00147720,1889-05-01,33.68,1.0,1320.0,"GERYVILLE EL BAYADH, AG",,,,,7.0,"4,E",1.0,"4,E",0.0,"4,E",0.0,"4,E",0.0,"4,E",0.0,"4,E",17.0,"4,E",0.0,"4,E",18890509.0,",4,E",18890525.0,",4,E",18890517.0,",4,E",1.0,"4,E,09,",7.0,"4,,E,25,",32.0,"4,E,17,",,,,,16.4,"4,,,E",1.456,"8,E",2.2190000000000003,"4,,,E",0.693,"4,,,E"
AGE00147720,1889-06-01,33.68,1.0,1320.0,"GERYVILLE EL BAYADH, AG",,,44.3,"4,E",1.0,"2,E",0.0,"2,E",0.0,"2,E",0.0,"2,E",0.0,"2,E",0.0,"2,E",25.0,"2,E",5.0,"2,E",18890614.0,",2,E",18890601.0,",2,E",18890626.0,",2,E",3.0,"2,E,14,",1.8,"2,,E,01,",36.0,"2,E,26,",,,23.5,"2,E",1.8,"2,,,E",1.936,"4,E",2.868,"2,,,E",1.004,"2,,,E"
AGE00147720,1889-07-01,33.68,1.0,1320.0,"GERYVILLE EL BAYADH, AG",,,201.3,"2,E",0.0,"1,E",0.0,"1,E",0.0,"1,E",0.0,"1,E",0.0,"1,E",0.0,"1,E",30.0,"1,E",26.0,"1,E",18890729.0,"+,1,E",18890731.0,"+,1,E",18890721.0,"+,1,E",8.0,"1,E,29,+",0.0,"1,,E,31,+",39.0,"1,E,21,+",0.0,E,0.0,"1,E",0.0,"1,,,E",2.54,"2,E",3.5829999999999997,"1,,,E",1.497,"1,,,E"
AGE00147720,1889-08-01,33.68,1.0,1320.0,"GERYVILLE EL BAYADH, AG",,,,,1.0,"3,E",1.0,"3,E",0.0,"3,E",0.0,"3,E",0.0,"3,E",0.0,"3,E",28.0,"3,E",28.0,"3,E",18890831.0,"+,3,E",18890823.0,",3,E",18890809.0,",3,E",11.0,"3,E,31,+",8.0,"3,,E,23,",40.0,"3,E,09,",,,,,8.0,"3,,,E",2.616,"6,E",3.707,"3,,,E",1.525,"3,,,E"
AGE00147720,1889-09-01,33.68,1.0,1320.0,"GERYVILLE EL BAYADH, AG",,,57.5,"4,E",7.0,"2,E",3.0,"2,E",0.0,"2,E",0.0,"2,E",0.0,"2,E",0.0,"2,E",26.0,"2,E",5.0,"2,E",18890930.0,"+,2,E",18890901.0,",2,E",18890906.0,"+,2,E",6.0,"2,E,30,+",18.0,"2,,E,01,",36.0,"2,E,06,+",,,15.7,"2,E",35.6,"2,,,E",2.011,"4,E",2.943,"2,,,E",1.079,"2,,,E"
AGE00147720,1889-12-01,33.68,1.0,1320.0,"GERYVILLE EL BAYADH, AG",,,,,7.0,"2,E",5.0,"2,E",3.0,"2,E",0.0,"5,E",20.0,"5,E",0.0,"4,E",0.0,"4,E",0.0,"4,E",18891230.0,",5,E",18891204.0,",2,E",18891219.0,",4,E",-8.0,"5,E,30,",69.0,"2,,E,04,",18.0,"4,E,19,",,,,,163.1,"2,,,E",0.387,"8,E",0.915,"4,,,E",-0.13999999999999999,"5,,,E"
AGE00147720,1890-02-01,33.68,1.0,1320.0,"GERYVILLE EL BAYADH, AG",,,,,7.0,"5,E",7.0,"5,E",0.0,"5,E",0.0,"5,E",14.0,"5,E",0.0,"5,E",0.0,"5,E",0.0,"5,E",18900222.0,"+,5,E",18900203.0,",5,E",18900215.0,",5,E",-7.0,"5,E,22,+",20.0,"5,,E,03,",19.0,"5,E,15,",,,,,87.0,"5,,,E",0.507,"0,E",1.109,"5,,,E",-0.096,"5,,,E"
AGE00147720,1890-03-01,33.68,1.0,1320.0,"GERYVILLE EL BAYADH, AG",,,0.0,"2,E",13.0,"1,E",9.0,"1,E",7.0,"1,E",0.0,"1,E",17.0,"1,E",0.0,"1,E",0.0,"1,E",0.0,"1,E",18900321.0,"+,1,E",18900314.0,",1,E",18900331.0,"+,1,E",-8.0,"1,E,21,+",51.0,"1,,E,14,",18.0,"1,E,31,+",,,374.2,"1,E",271.9,"1,,,E",0.553,"2,E",1.107,"1,,,E",0.0,"1,,,E"
AGE00147720,1890-05-01,33.68,1.0,1320.0,"GERYVILLE EL BAYADH, AG",,,6.8,"5,E",5.0,"2,E",5.0,"2,E",0.0,"2,E",0.0,"3,E",0.0,"3,E",0.0,"2,E",22.0,"2,E",0.0,"2,E",18900514.0,"+,3,E",18900512.0,",2,E",18900523.0,",2,E",1.0,"3,E,14,+",21.0,"2,,E,12,",32.0,"2,E,23,",,,88.0,"2,E",58.4,"2,,,E",1.517,"5,E",2.334,"2,,,E",0.7,"3,,,E"
AGE00147720,1890-07-01,33.68,1.0,1320.0,"GERYVILLE EL BAYADH, AG",,,,,3.0,"3,E",2.0,"3,E",0.0,"3,E",0.0,"4,E",0.0,"4,E",0.0,"3,E",28.0,"3,E",25.0,"3,E",18900702.0,",4,E",18900730.0,",3,E",18900731.0,",3,E",9.0,"4,E,02,",4.3,"3,,E,30,",42.0,"3,E,31,",,,,,9.3,"3,,,E",2.589,"7,E",3.518,"3,,,E",1.659,"4,,,E"
AGE00147720,1890-08-01,33.68,1.0,1320.0,"GERYVILLE EL BAYADH, AG",,,230.8,"2,E",1.0,"1,E",0.0,"1,E",0.0,"1,E",0.0,"1,E",0.0,"1,E",0.0,"1,E",30.0,"1,E",27.0,"1,E",18900826.0,",1,E",18900806.0,",1,E",18900812.0,"+,1,E",11.0,"1,E,26,",1.4,"1,,E,06,",38.0,"1,E,12,+",,,0.0,"1,E",1.4,"1,,,E",2.63,"2,E",3.4899999999999998,"1,,,E",1.77,"1,,,E"
AGE00147720,1890-09-01,33.68,1.0,1320.0,"GERYVILLE EL BAYADH, AG",,,41.3,"5,E",7.0,"3,E",3.0,"3,E",1.0,"3,E",0.0,"3,E",0.0,"3,E",0.0,"3,E",26.0,"3,E",2.0,"3,E",18900907.0,",3,E",18900924.0,",3,E",18900904.0,"+,3,E",5.0,"3,E,07,",55.0,"3,,E,24,",33.0,"3,E,04,+",,,7.7,"3,E",92.5,"3,,,E",1.9780000000000002,"5,E",2.759,"3,,,E",1.1960000000000002,"3,,,E"
AGE00147720,1890-10-01,33.68,1.0,1320.0,"GERYVILLE EL BAYADH, AG",,,,,6.0,"2,E",5.0,"2,E",1.0,"2,E",0.0,"2,E",3.0,"2,E",0.0,"2,E",4.0,"2,E",0.0,"2,E",18901030.0,",2,E",18901005.0,",2,E",18901001.0,",2,E",-3.0,"2,E,30,",41.7,"2,,E,05,",25.0,"2,E,01,",,,,,73.1,"2,,,E",1.1019999999999999,"4,E",1.641,"2,,,E",0.562,"2,,,E"
AGE00147720,1890-11-01,33.68,1.0,1320.0,"GERYVILLE EL BAYADH, AG",,,,,3.0,"4,E",1.0,"4,E",0.0,"4,E",0.0,"3,E",17.0,"3,E",0.0,"4,E",0.0,"4,E",0.0,"4,E",18901130.0,"+,3,E",18901129.0,",4,E",18901114.0,",4,E",-5.0,"3,E,30,+",3.0,"4,,E,29,",18.0,"4,E,14,",,,,,5.4,"4,,,E",0.627,"5,E",1.2650000000000001,"4,,,E",-0.011,"3,,,E"
AGE00147720,1892-02-01,33.68,1.0,1320.0,"GERYVILLE EL BAYADH, AG",,,0.0,"4,E",6.0,"2,E",3.0,"2,E",0.0,"2,E",0.0,"2,E",13.0,"2,E",0.0,"2,E",0.0,"2,E",0.0,"2,E",18920201.0,",2,E",18920229.0,",2,E",18920227.0,",2,E",-6.0,"2,E,01,",13.8,"2,,E,29,",19.0,"2,E,27,",,,264.3,"2,E",28.3,"2,,,E",0.757,"4,E",1.433,"2,,,E",0.081,"2,,,E"
AGE00147720,1892-03-01,33.68,1.0,1320.0,"GERYVILLE EL BAYADH, AG",,,0.2,"5,E",3.0,"4,E",2.0,"4,E",0.0,"4,E",0.0,"3,E",7.0,"3,E",0.0,"4,E",6.0,"4,E",0.0,"4,E",18920317.0,",3,E",18920328.0,",4,E",18920326.0,",4,E",-3.0,"3,E,17,",3.8,"4,,E,28,",24.0,"4,E,26,",,,199.3,"4,E",9.5,"4,,,E",1.059,"5,E",1.73,"4,,,E",0.389,"3,,,E"
AGE00147720,1892-05-01,33.68,1.0,1320.0,"GERYVILLE EL BAYADH, AG",,,29.8,"2,E",6.0,"1,E",4.0,"1,E",0.0,"1,E",0.0,"1,E",0.0,"1,E",0.0,"1,E",20.0,"1,E",0.0,"1,E",18920503.0,",1,E",18920519.0,",1,E",18920531.0,"+,1,E",1.0,"1,E,03,",6.9,"1,,E,19,",30.0,"1,E,31,+",,,92.5,"1,E",21.7,"1,,,E",1.613,"2,E",2.3329999999999997,"1,,,E",0.893,"1,,,E"
AGE00147720,1892-06-01,33.68,1.0,1320.0,"GERYVILLE EL BAYADH, AG",,,118.2,"5,E",0.0,"3,E",0.0,"3,E",0.0,"3,E",0.0,"2,E",0.0,"2,E",0.0,"3,E",27.0,"3,E",12.0,"3,E",18920616.0,",2,E",18920630.0,"+,3,E",18920626.0,",3,E",9.0,"2,E,16,",0.0,"3,,E,30,+",37.0,"3,E,26,",,,0.0,"3,E",0.0,"3,,,E",2.305,"5,E",3.207,"3,,,E",1.404,"2,,,E"
AGE00147720,1892-08-01,33.68,1.0,1320.0,"GERYVILLE EL BAYADH, AG",,,,,3.0,"4,E",3.0,"4,E",0.0,"4,E",0.0,"4,E",0.0,"4,E",0.0,"4,E",27.0,"4,E",22.0,"4,E",18920825.0,"+,4,E",18920818.0,",4,E",18920806.0,",4,E",10.0,"4,E,25,+",6.0,"4,,E,18,",38.0,"4,E,06,",,,,,13.0,"4,,,E",2.504,"8,E",3.4560000000000004,"4,,,E",1.552,"4,,,E"
AGE00147720,1892-09-01,33.68,1.0,1320.0,"GERYVILLE EL BAYADH, AG",,,,,1.0,"5,E",1.0,"5,E",0.0,"5,E",0.0,"4,E",0.0,"4,E",0.0,"5,E",25.0,"5,E",9.0,"5,E",18920915.0,",4,E",18920928.0,",5,E",18920924.0,"+,5,E",8.0,"4,E,15,",8.0,"5,,E,28,",36.0,"5,E,24,+",,,,,8.0,"5,,,E",2.298,"6,E",3.18,"5,,,E",1.415,"4,,,E"
AGE00147720,1892-10-01,33.68,1.0,1320.0,"GERYVILLE EL BAYADH, AG",,,4.2,"3,E",10.0,",E",8.0,",E",0.0,",E",0.0,"2,E",0.0,"2,E",0.0,"1,E",13.0,"1,E",0.0,"1,E",18921025.0,"+,2,E",18921009.0,",,E",18921001.0,",1,E",4.0,"2,E,25,+",17.0,",,E,09,",32.0,"1,E,01,",,,98.0,"1,E",79.7,",,,E",1.509,"3,E",2.15,"1,,,E",0.869,"2,,,E"
AGE00147720,1892-11-01,33.68,1.0,1320.0,"GERYVILLE EL BAYADH, AG",,,0.0,"5,E",4.0,"2,E",3.0,"2,E",0.0,"2,E",0.0,"2,E",6.0,"2,E",0.0,"3,E",0.0,"3,E",0.0,"3,E",18921130.0,"+,2,E",18921108.0,",2,E",18921104.0,",3,E",-2.0,"2,E,30,+",15.0,"2,,E,08,",20.0,"3,E,04,",,,243.8,"3,E",23.0,"2,,,E",0.845,"5,E",1.433,"3,,,E",0.257,"2,,,E"
AGE00147720,1893-01-01,33.68,1.0,1320.0,"GERYVILLE EL BAYADH, AG",,,,,8.0,"3,E",5.0,"3,E",0.0,"3,E",0.0,"3,E",21.0,"3,E",0.0,"3,E",0.0,"3,E",0.0,"3,E",18930124.0,"+,3,E",18930114.0,",3,E",18930126.0,"+,3,E",-8.0,"3,E,24,+",5.5,"3,,E,14,",15.0,"3,E,26,+",,,,,24.5,"3,,,E",0.357,"6,E",1.0,"3,,,E",-0.286,"3,,,E"
AGE00147720,1893-02-01,33.68,1.0,1320.0,"GERYVILLE EL BAYADH, AG",,,0.0,",E",2.0,",E",1.0,",E",0.0,",E",0.0,",E",20.0,",E",0.0,",E",0.0,",E",0.0,",E",18930209.0,"+,,E",18930216.0,",,E",18930224.0,",,E",-10.0,",E,09,+",3.0,",,E,16,",21.0,",E,24,",,,363.3,",E",4.0,",,,E",0.536,",E",1.35,",,,E",-0.279,",,,E"
AGE00147720,1893-03-01,33.68,1.0,1320.0,"GERYVILLE EL BAYADH, AG",,,0.0,"1,E",10.0,",E",7.0,",E",0.0,",E",0.0,",E",6.0,",E",0.0,"1,E",7.0,"1,E",0.0,"1,E",18930305.0,",,E",18930323.0,",,E",18930318.0,",1,E",-3.0,",E,05,",21.5,",,E,23,",27.0,"1,E,18,",,,229.5,"1,E",68.6,",,,E",1.067,"1,E",1.7730000000000001,"1,,,E",0.361,",,,E"
AGE00147720,1893-04-01,33.68,1.0,1320.0,"GERYVILLE EL BAYADH, AG",,,2.7,"5,E",8.0,"3,E",5.0,"3,E",0.0,"3,E",0.0,"3,E",0.0,"3,E",0.0,"3,E",6.0,"3,E",0.0,"3,E",18930418.0,"+,3,E",18930405.0,",3,E",18930426.0,",3,E",1.0,"3,E,18,+",11.0,"3,,E,05,",29.0,"3,E,26,",,,152.0,"3,E",46.2,"3,,,E",1.252,"5,E",1.9300000000000002,"3,,,E",0.5740000000000001,"3,,,E"
AGE00147720,1893-05-01,33.68,1.0,1320.0,"GERYVILLE EL BAYADH, AG",,,,,4.0,"3,E",2.0,"3,E",0.0,"3,E",0.0,"3,E",0.0,"3,E",0.0,"3,E",24.0,"3,E",1.0,"3,E",18930524.0,"+,3,E",18930504.0,",3,E",18930530.0,",3,E",1.0,"3,E,24,+",15.5,"3,,E,04,",33.0,"3,E,30,",,,,,22.0,"3,,,E",1.77,"4,E",2.646,"3,,,E",0.893,"3,,,E"
AGE00147720,1893-06-01,33.68,1.0,1320.0,"GERYVILLE EL BAYADH, AG",,,126.2,"1,E",4.0,"1,E",2.0,"1,E",0.0,"1,E",0.0,",E",0.0,",E",0.0,"1,E",27.0,"1,E",13.0,"1,E",18930603.0,",,E",18930601.0,",1,E",18930629.0,"+,1,E",4.0,",E,03,",9.5,"1,,E,01,",38.0,"1,E,29,+",,,12.8,"1,E",14.5,"1,,,E",2.2329999999999997,"1,E",3.197,"1,,,E",1.27,",,,E"
AGE00147720,1893-07-01,33.68,1.0,1320.0,"GERYVILLE EL BAYADH, AG",,,205.2,"3,E",7.0,"1,E",3.0,"1,E",1.0,"1,E",0.0,"2,E",0.0,"2,E",0.0,"1,E",30.0,"1,E",27.0,"1,E",18930730.0,"+,2,E",18930726.0,",1,E",18930705.0,",1,E",10.0,"2,E,30,+",36.0,"1,,E,26,",41.0,"1,E,05,",0.0,E,0.0,"1,E",52.0,"1,,,E",2.572,"3,E",3.503,"1,,,E",1.641,"2,,,E"
AGE00147720,1893-08-01,33.68,1.0,1320.0,"GERYVILLE EL BAYADH, AG",,,197.5,"4,E",3.0,"2,E",1.0,"2,E",0.0,"2,E",0.0,"2,E",0.0,"2,E",0.0,"2,E",29.0,"2,E",27.0,"2,E",18930826.0,",2,E",18930815.0,",2,E",18930809.0,",2,E",12.0,"2,E,26,",8.5,"2,,E,15,",39.0,"2,E,09,",0.0,E,0.0,"2,E",10.5,"2,,,E",2.548,"4,E",3.521,"2,,,E",1.576,"2,,,E"
AGE00147720,1893-09-01,33.68,1.0,1320.0,"GERYVILLE EL BAYADH, AG",,,168.7,"2,E",1.0,"1,E",1.0,"1,E",0.0,"1,E",0.0,"1,E",0.0,"1,E",0.0,"1,E",29.0,"1,E",18.0,"1,E",18930922.0,",1,E",18930902.0,",1,E",18930908.0,"+,1,E",7.0,"1,E,22,",8.5,"1,,E,02,",38.0,"1,E,08,+",0.0,E,0.0,"1,E",8.5,"1,,,E",2.428,"2,E",3.317,"1,,,E",1.538,"1,,,E"
AGE00147720,1893-10-01,33.68,1.0,1320.0,"GERYVILLE EL BAYADH, AG",,,17.7,",E",1.0,",E",0.0,",E",0.0,",E",0.0,",E",1.0,",E",0.0,",E",24.0,",E",0.0,",E",18931030.0,",,E",18931028.0,",,E",18931014.0,"+,,E",0.0,",E,30,",1.0,",,E,28,",30.0,",E,14,+",85.5,E,85.5,",E",1.0,",,,E",1.6149999999999998,",E",2.523,",,,E",0.706,",,,E"
AGE00147720,1893-11-01,33.68,1.0,1320.0,"GERYVILLE EL BAYADH, AG",,,0.7,"3,E",8.0,"1,E",5.0,"1,E",0.0,"1,E",0.0,"2,E",9.0,"2,E",0.0,"1,E",3.0,"1,E",0.0,"1,E",18931125.0,",2,E",18931107.0,",1,E",18931113.0,",1,E",-10.0,"2,E,25,",7.5,"1,,E,07,",26.0,"1,E,13,",350.7,E,265.2,"1,E",31.9,"1,,,E",0.85,"3,E",1.4929999999999999,"1,,,E",0.207,"2,,,E"
AGE00147720,1893-12-01,33.68,1.0,1320.0,"GERYVILLE EL BAYADH, AG",,,0.0,"1,E",10.0,"1,E",7.0,"1,E",1.0,"1,E",0.0,",E",24.0,",E",0.0,"1,E",0.0,"1,E",0.0,"1,E",18931230.0,",,E",18931216.0,",1,E",18931203.0,",1,E",-9.0,",E,30,",29.2,"1,,E,16,",16.0,"1,E,03,",802.7,E,452.0,"1,E",58.4,"1,,,E",0.323,"1,E",0.8300000000000001,"1,,,E",-0.184,",,,E"
AGE00147720,1895-02-01,33.68,1.0,1320.0,"GERYVILLE EL BAYADH, AG",,,0.0,"2,E",2.0,"1,E",1.0,"1,E",0.0,"1,E",0.0,"1,E",5.0,"1,E",0.0,"1,E",1.0,"1,E",0.0,"1,E",18950201.0,",1,E",18950205.0,",1,E",18950223.0,",1,E",-6.0,"1,E,01,",6.0,"1,,E,05,",23.0,"1,E,23,",,,236.2,"1,E",8.0,"1,,,E",0.9189999999999999,"2,E",1.459,"1,,,E",0.378,"1,,,E"
AGE00147720,1895-03-01,33.68,1.0,1320.0,"GERYVILLE EL BAYADH, AG",,,0.0,",E",0.0,",E",0.0,",E",0.0,",E",0.0,",E",14.0,",E",0.0,",E",3.0,",E",0.0,",E",18950307.0,",,E",18950331.0,"+,,E",18950330.0,"+,,E",-9.0,",E,07,",0.0,",,E,31,+",25.0,",E,30,+",,,358.8,",E",0.0,",,,E",0.6759999999999999,",E",1.274,",,,E",0.077,",,,E"
AGE00147720,1895-04-01,33.68,1.0,1320.0,"GERYVILLE EL BAYADH, AG",,,16.2,",E",0.0,",E",0.0,",E",0.0,",E",0.0,",E",2.0,",E",0.0,",E",22.0,",E",0.0,",E",18950420.0,"+,,E",18950430.0,"+,,E",18950427.0,"+,,E",0.0,",E,20,+",0.0,",,E,30,+",31.0,",E,27,+",,,117.2,",E",0.0,",,,E",1.497,",E",2.35,",,,E",0.643,",,,E"
AGE00147720,1895-05-01,33.68,1.0,1320.0,"GERYVILLE EL BAYADH, AG",,,14.7,"2,E",0.0,"1,E",0.0,"1,E",0.0,"1,E",0.0,"1,E",1.0,"1,E",0.0,"1,E",23.0,"1,E",0.0,"1,E",18950526.0,",1,E",18950531.0,"+,1,E",18950530.0,",1,E",-1.0,"1,E,26,",0.0,"1,,E,31,+",31.0,"1,E,30,",,,99.8,"1,E",0.0,"1,,,E",1.525,"2,E",2.3600000000000003,"1,,,E",0.6900000000000001,"1,,,E"
AGE00147720,1895-06-01,33.68,1.0,1320.0,"GERYVILLE EL BAYADH, AG",,,98.5,",E",0.0,",E",0.0,",E",0.0,",E",0.0,",E",0.0,",E",0.0,",E",28.0,",E",13.0,",E",18950612.0,"+,,E",18950630.0,"+,,E",18950628.0,",,E",5.0,",E,12,+",0.0,",,E,30,+",37.0,",E,28,",,,26.5,",E",0.0,",,,E",2.073,",E",3.003,",,,E",1.143,",,,E"
AGE00147720,1895-07-01,33.68,1.0,1320.0,"GERYVILLE EL BAYADH, AG",,,268.7,",E",0.0,",E",0.0,",E",0.0,",E",0.0,",E",0.0,",E",0.0,",E",31.0,",E",31.0,",E",18950713.0,"+,,E",18950731.0,"+,,E",18950722.0,"+,,E",11.0,",E,13,+",0.0,",,E,31,+",41.0,",E,22,+",0.0,,0.0,",E",0.0,",,,E",2.7,",E",3.781,",,,E",1.6190000000000002,",,,E"
AGE00147720,1895-08-01,33.68,1.0,1320.0,"GERYVILLE EL BAYADH, AG",,,190.5,"2,E",0.0,"2,E",0.0,"2,E",0.0,"2,E",0.0,"1,E",0.0,"1,E",0.0,"2,E",29.0,"2,E",25.0,"2,E",18950827.0,",1,E",18950831.0,"+,2,E",18950806.0,",2,E",7.0,"1,E,27,",0.0,"2,,E,31,+",41.0,"2,E,06,",2.2,,2.2,"2,E",0.0,"2,,,E",2.4859999999999998,"2,E",3.5789999999999997,"2,,,E",1.393,"1,,,E"
AGE00147720,1895-09-01,33.68,1.0,1320.0,"GERYVILLE EL BAYADH, AG",,,48.7,"3,E",3.0,"2,E",3.0,"2,E",0.0,"2,E",0.0,"3,E",0.0,"3,E",0.0,"2,E",28.0,"2,E",8.0,"2,E",18950929.0,"+,3,E",18950917.0,",2,E",18950908.0,",2,E",5.0,"3,E,29,+",19.0,"2,,E,17,",38.0,"2,E,08,",6.9,,4.7,"2,E",30.0,"2,,,E",2.0010000000000003,"3,E",3.064,"2,,,E",0.9369999999999999,"3,,,E"
AGE00147720,1895-10-01,33.68,1.0,1320.0,"GERYVILLE EL BAYADH, AG",,,3.7,",E",2.0,",E",2.0,",E",0.0,",E",0.0,",E",2.0,",E",0.0,",E",31.0,",E",0.0,",E",18951023.0,"+,,E",18951030.0,",,E",18951002.0,",,E",0.0,",E,23,+",20.0,",,E,30,",31.0,",E,02,",93.4,,86.5,",E",27.0,",,,E",1.566,",E",2.7,",,,E",0.43200000000000005,",,,E"
AGE00147720,1895-11-01,33.68,1.0,1320.0,"GERYVILLE EL BAYADH, AG",,,0.0,",E",0.0,",E",0.0,",E",0.0,",E",0.0,",E",7.0,",E",0.0,",E",15.0,",E",0.0,",E",18951106.0,",,E",18951130.0,"+,,E",18951116.0,"+,,E",-4.0,",E,06,",0.0,",,E,30,+",25.0,",E,16,+",278.4,,185.0,",E",0.0,",,,E",1.217,",E",2.16,",,,E",0.273,",,,E"
AGE00147720,1895-12-01,33.68,1.0,1320.0,"GERYVILLE EL BAYADH, AG",,,0.0,"1,E",3.0,"1,E",1.0,"1,E",0.0,"1,E",0.0,",E",24.0,",E",0.0,"1,E",0.0,"1,E",0.0,"1,E",18951208.0,"+,,E",18951218.0,",1,E",18951201.0,",1,E",-6.0,",E,08,+",2.6,"1,,E,18,",21.0,"1,E,01,",656.9,,378.5,"1,E",7.0,"1,,,E",0.5690000000000001,"1,E",1.2970000000000002,"1,,,E",-0.158,",,,E"
AGE00147720,1897-01-01,33.68,1.0,1320.0,"GERYVILLE EL BAYADH, AG",0.0,E,0.0,"2,E",6.0,"1,E",5.0,"1,E",0.0,"1,E",0.0,"1,E",21.0,"1,E",0.0,"1,E",0.0,"1,E",0.0,"1,E",18970126.0,",1,E",18970124.0,",1,E",18970108.0,",1,E",-10.0,"1,E,26,",12.0,"1,,E,24,",17.0,"1,E,08,",,,383.7,"1,E",40.1,"1,,,E",0.512,"2,E",1.22,"1,,,E",-0.197,"1,,,E"
AGE00147720,1897-02-01,33.68,1.0,1320.0,"GERYVILLE EL BAYADH, AG",0.0,E,0.0,"2,E",4.0,",E",4.0,",E",1.0,",E",0.0,"2,E",18.0,"2,E",0.0,",E",1.0,",E",0.0,",E",18970204.0,"+,2,E",18970224.0,",,E",18970204.0,",,E",-6.0,"2,E,04,+",32.2,",,E,24,",23.0,",E,04,",,,311.2,",E",67.7,",,,E",0.634,"2,E",1.454,",,,E",-0.185,"2,,,E"
AGE00147720,1897-03-01,33.68,1.0,1320.0,"GERYVILLE EL BAYADH, AG",,,,,2.0,"1,E",2.0,"1,E",1.0,"1,E",0.0,"4,E",5.0,"4,E",0.0,"1,E",11.0,"1,E",0.0,"1,E",18970317.0,",4,E",18970330.0,",1,E",18970323.0,",1,E",-4.0,"4,E,17,",26.0,"1,,E,30,",30.0,"1,E,23,",,,,,32.0,"1,,,E",1.198,"5,E",2.13,"1,,,E",0.267,"4,,,E"
AGE00147720,1897-04-01,33.68,1.0,1320.0,"GERYVILLE EL BAYADH, AG",,,1.3,",E",2.0,",E",2.0,",E",0.0,",E",0.0,",E",5.0,",E",0.0,",E",15.0,",E",0.0,",E",18970409.0,",,E",18970430.0,",,E",18970428.0,",,E",-5.0,",E,09,",15.2,",,E,30,",28.0,",E,28,",,,163.3,",E",20.2,",,,E",1.293,",E",2.193,",,,E",0.393,",,,E"
AGE00147720,1897-05-01,33.68,1.0,1320.0,"GERYVILLE EL BAYADH, AG",,,13.8,"1,E",0.0,",E",0.0,",E",0.0,",E",0.0,"1,E",0.0,"1,E",0.0,",E",29.0,",E",0.0,",E",18970505.0,",1,E",18970531.0,"+,,E",18970531.0,"+,,E",3.0,"1,E,05,",0.0,",,E,31,+",32.0,",E,31,+",,,49.8,",E",0.0,",,,E",1.705,"1,E",2.681,",,,E",0.73,"1,,,E"
AGE00147720,1897-06-01,33.68,1.0,1320.0,"GERYVILLE EL BAYADH, AG",,,131.5,"2,E",1.0,"1,E",1.0,"1,E",0.0,"1,E",0.0,"1,E",0.0,"1,E",0.0,"1,E",29.0,"1,E",21.0,"1,E",18970605.0,",1,E",18970617.0,",1,E",18970628.0,"+,1,E",3.0,"1,E,05,",16.2,"1,,E,17,",37.0,"1,E,28,+",,,11.3,"1,E",16.2,"1,,,E",2.272,"2,E",3.3310000000000004,"1,,,E",1.214,"1,,,E"
AGE00147720,1897-07-01,33.68,1.0,1320.0,"GERYVILLE EL BAYADH, AG",,,198.3,"2,E",3.0,"1,E",3.0,"1,E",1.0,"1,E",0.0,"1,E",0.0,"1,E",0.0,"1,E",30.0,"1,E",27.0,"1,E",18970706.0,",1,E",18970710.0,",1,E",18970725.0,",1,E",7.0,"1,E,06,",40.0,"1,,E,10,",41.0,"1,E,25,",0.0,,0.0,"1,E",60.2,"1,,,E",2.52,"2,E",3.593,"1,,,E",1.447,"1,,,E"
AGE00147720,1897-08-01,33.68,1.0,1320.0,"GERYVILLE EL BAYADH, AG",,,218.2,",E",4.0,",E",4.0,",E",0.0,",E",0.0,",E",0.0,",E",0.0,",E",31.0,",E",30.0,",E",18970810.0,"+,,E",18970819.0,",,E",18970815.0,"+,,E",9.0,",E,10,+",6.0,",,E,19,",39.0,",E,15,+",0.0,,0.0,",E",20.0,",,,E",2.537,",E",3.652,",,,E",1.423,",,,E"
AGE00147720,1897-09-01,33.68,1.0,1320.0,"GERYVILLE EL BAYADH, AG",,,85.8,"1,E",2.0,"1,E",2.0,"1,E",0.0,"1,E",0.0,",E",0.0,",E",0.0,"1,E",29.0,"1,E",8.0,"1,E",18970923.0,"+,,E",18970910.0,"+,1,E",18970915.0,"+,1,E",3.0,",E,23,+",10.0,"1,,E,10,+",38.0,"1,E,15,+",19.0,,19.0,"1,E",20.0,"1,,,E",2.064,"1,E",3.0140000000000002,"1,,,E",1.113,",,,E"
AGE00147720,1897-11-01,33.68,1.0,1320.0,"GERYVILLE EL BAYADH, AG",,,0.0,",E",3.0,",E",3.0,",E",0.0,",E",0.0,",E",6.0,",E",0.0,",E",2.0,",E",0.0,",E",18971127.0,"+,,E",18971110.0,",,E",18971106.0,"+,,E",-5.0,",E,27,+",15.0,",,E,10,",22.0,",E,06,+",,,238.0,",E",32.0,",,,E",1.04,",E",1.6629999999999998,",,,E",0.417,",,,E"
AGE00147720,1897-12-01,33.68,1.0,1320.0,"GERYVILLE EL BAYADH, AG",,,0.0,",E",10.0,",E",10.0,",E",5.0,",E",0.0,",E",21.0,",E",0.0,",E",0.0,",E",0.0,",E",18971230.0,",,E",18971222.0,",,E",18971212.0,",,E",-6.0,",E,30,",95.0,",,E,22,",17.0,",E,12,",,,416.8,",E",378.0,",,,E",0.489,",E",1.029,",,,E",-0.052000000000000005,",,,E"
AGE00147720,1898-01-01,33.68,1.0,1320.0,"GERYVILLE EL BAYADH, AG",0.0,E,0.0,",E",8.0,",E",8.0,",E",5.0,",E",0.0,",E",20.0,",E",0.0,",E",0.0,",E",0.0,",E",18980131.0,"+,,E",18980119.0,",,E",18980104.0,",,E",-6.0,",E,31,+",90.0,",,E,19,",17.0,",E,04,",,,399.8,",E",368.0,",,,E",0.544,",E",1.123,",,,E",-0.034999999999999996,",,,E"
AGE00147720,1898-02-01,33.68,1.0,1320.0,"GERYVILLE EL BAYADH, AG",0.0,E,0.0,",E",8.0,",E",8.0,",E",5.0,",E",0.0,",E",23.0,",E",0.0,",E",0.0,",E",0.0,",E",18980216.0,"+,,E",18980224.0,",,E",18980218.0,",,E",-7.0,",E,16,+",70.0,",,E,24,",21.0,",E,18,",,,367.8,",E",232.0,",,,E",0.52,",E",1.3359999999999999,",,,E",-0.296,",,,E"
AGE00147720,1898-03-01,33.68,1.0,1320.0,"GERYVILLE EL BAYADH, AG",0.0,E,0.0,"4,E",11.0,"2,E",11.0,"2,E",2.0,"2,E",0.0,"2,E",10.0,"2,E",0.0,"2,E",0.0,"2,E",0.0,"2,E",18980314.0,",2,E",18980320.0,",2,E",18980331.0,"+,2,E",-5.0,"2,E,14,",70.0,"2,,E,20,",18.0,"2,E,31,+",,,275.0,"2,E",213.0,"2,,,E",0.795,"4,E",1.379,"2,,,E",0.21000000000000002,"2,,,E"
AGE00147720,1898-04-01,33.68,1.0,1320.0,"GERYVILLE EL BAYADH, AG",0.0,E,0.0,",E",8.0,",E",8.0,",E",4.0,",E",0.0,",E",4.0,",E",0.0,",E",8.0,",E",0.0,",E",18980418.0,",,E",18980406.0,",,E",18980412.0,",,E",-3.0,",E,18,",90.0,",,E,06,",24.0,",E,12,",,,225.0,",E",324.0,",,,E",1.083,",E",1.763,",,,E",0.403,",,,E"
AGE00147720,1898-05-01,33.68,1.0,1320.0,"GERYVILLE EL BAYADH, AG",6.2,E,6.2,",E",3.0,",E",3.0,",E",0.0,",E",0.0,",E",0.0,",E",0.0,",E",26.0,",E",0.0,",E",18980529.0,"+,,E",18980524.0,",,E",18980517.0,",,E",2.0,",E,29,+",11.0,",,E,24,",30.0,",E,17,",,,83.0,",E",31.0,",,,E",1.585,",E",2.4899999999999998,",,,E",0.6809999999999999,",,,E"
AGE00147720,1898-06-01,33.68,1.0,1320.0,"GERYVILLE EL BAYADH, AG",127.2,E,121.0,"2,E",3.0,"1,E",2.0,"1,E",0.0,"1,E",0.0,"1,E",0.0,"1,E",0.0,"1,E",29.0,"1,E",17.0,"1,E",18980616.0,"+,1,E",18980610.0,",1,E",18980607.0,"+,1,E",7.0,"1,E,16,+",4.0,"1,,E,10,",36.0,"1,E,07,+",,,5.3,"1,E",7.5,"1,,,E",2.243,"2,E",3.2030000000000003,"1,,,E",1.283,"1,,,E"
AGE00147720,1898-07-01,33.68,1.0,1320.0,"GERYVILLE EL BAYADH, AG",406.9,E,279.7,",E",3.0,",E",3.0,",E",0.0,",E",0.0,",E",0.0,",E",0.0,",E",31.0,",E",31.0,",E",18980711.0,",,E",18980701.0,",,E",18980726.0,",,E",12.0,",E,11,",19.0,",,E,01,",41.0,",E,26,",0.0,E,0.0,",E",39.0,",,,E",2.7350000000000003,",E",3.726,",,,E",1.7449999999999999,",,,E"
AGE00147720,1898-09-01,33.68,1.0,1320.0,"GERYVILLE EL BAYADH, AG",,,100.7,"2,E",4.0,"1,E",4.0,"1,E",1.0,"1,E",0.0,"1,E",0.0,"1,E",0.0,"1,E",28.0,"1,E",7.0,"1,E",18980929.0,"+,1,E",18980920.0,",1,E",18980906.0,"+,1,E",7.0,"1,E,29,+",27.0,"1,,E,20,",35.0,"1,E,06,+",,,11.5,"1,E",41.0,"1,,,E",2.133,"2,E",2.9,"1,,,E",1.366,"1,,,E"
AGE00147720,1898-10-01,33.68,1.0,1320.0,"GERYVILLE EL BAYADH, AG",,,8.3,",E",4.0,",E",2.0,",E",1.0,",E",0.0,",E",0.0,",E",0.0,",E",22.0,",E",0.0,",E",18981025.0,",,E",18981020.0,",,E",18981029.0,",,E",2.0,",E,25,",30.0,",,E,20,",27.0,",E,29,",,,84.7,",E",49.0,",,,E",1.587,",E",2.303,",,,E",0.8710000000000001,",,,E"
AGE00147720,1898-12-01,33.68,1.0,1320.0,"GERYVILLE EL BAYADH, AG",,,0.0,"4,E",6.0,"2,E",3.0,"2,E",0.0,"2,E",0.0,"2,E",25.0,"2,E",0.0,"2,E",0.0,"2,E",0.0,"2,E",18981227.0,",2,E",18981230.0,",2,E",18981219.0,",2,E",-10.0,"2,E,27,",7.6,"2,,E,30,",18.0,"2,E,19,",,,390.5,"2,E",19.6,"2,,,E",0.397,"4,E",1.1099999999999999,"2,,,E",-0.317,"2,,,E"
AGE00147720,1899-01-01,33.68,1.0,1320.0,"GERYVILLE EL BAYADH, AG",0.0,E,0.0,",E",3.0,",E",1.0,",E",0.0,",E",0.0,",E",26.0,",E",0.0,",E",0.0,",E",0.0,",E",18990112.0,",,E",18990110.0,",,E",18990122.0,",,E",-9.0,",E,12,",4.0,",,E,10,",18.0,",E,22,",,,415.3,",E",8.0,",,,E",0.49400000000000005,",E",1.335,",,,E",-0.348,",,,E"
AGE00147720,1899-02-01,33.68,1.0,1320.0,"GERYVILLE EL BAYADH, AG",0.0,E,0.0,",E",7.0,",E",5.0,",E",0.0,",E",0.0,",E",9.0,",E",0.0,",E",0.0,",E",0.0,",E",18990213.0,",,E",18990216.0,",,E",18990207.0,",,E",-3.0,",E,13,",20.0,",,E,16,",21.0,",E,07,",,,271.8,",E",50.0,",,,E",0.8630000000000001,",E",1.5,",,,E",0.225,",,,E"
AGE00147720,1899-03-01,33.68,1.0,1320.0,"GERYVILLE EL BAYADH, AG",0.0,E,0.0,",E",8.0,",E",4.0,",E",0.0,",E",0.0,",E",8.0,",E",0.0,",E",1.0,",E",0.0,",E",18990302.0,"+,,E",18990324.0,",,E",18990322.0,",,E",-2.0,",E,02,+",20.0,",,E,24,",24.0,",E,22,",,,318.8,",E",53.0,",,,E",0.805,",E",1.416,",,,E",0.194,",,,E"
AGE00147720,1899-04-01,33.68,1.0,1320.0,"GERYVILLE EL BAYADH, AG",2.2,E,2.2,"2,E",3.0,"1,E",2.0,"1,E",0.0,"1,E",0.0,"1,E",0.0,"1,E",0.0,"1,E",18.0,"1,E",0.0,"1,E",18990410.0,",1,E",18990412.0,",1,E",18990430.0,"+,1,E",2.0,"1,E,10,",25.0,"1,,E,12,",30.0,"1,E,30,+",,,116.5,"1,E",30.6,"1,,,E",1.4220000000000002,"2,E",2.259,"1,,,E",0.5860000000000001,"1,,,E"
AGE00147720,1899-05-01,33.68,1.0,1320.0,"GERYVILLE EL BAYADH, AG",34.9,E,32.7,",E",6.0,",E",4.0,",E",0.0,",E",0.0,",E",0.0,",E",0.0,",E",26.0,",E",1.0,",E",18990509.0,",,E",18990530.0,",,E",18990503.0,",,E",3.0,",E,09,",8.1,",,E,30,",33.0,",E,03,",,,38.0,",E",28.2,",,,E",1.816,",E",2.681,",,,E",0.952,",,,E"
AGE00147720,1899-06-01,33.68,1.0,1320.0,"GERYVILLE EL BAYADH, AG",88.7,E,53.8,",E",9.0,",E",7.0,",E",0.0,",E",0.0,",E",0.0,",E",0.0,",E",26.0,",E",2.0,",E",18990616.0,",,E",18990613.0,",,E",18990629.0,"+,,E",3.0,",E,16,",17.3,",,E,13,",34.0,",E,29,+",,,27.8,",E",54.1,",,,E",1.92,",E",2.7030000000000003,",,,E",1.137,",,,E"
AGE00147720,1899-07-01,33.68,1.0,1320.0,"GERYVILLE EL BAYADH, AG",312.9,E,224.2,",E",3.0,",E",2.0,",E",0.0,",E",0.0,",E",0.0,",E",0.0,",E",31.0,",E",29.0,",E",18990714.0,",,E",18990710.0,",,E",18990725.0,",,E",9.0,",E,14,",7.2,",,E,10,",40.0,",E,25,",0.0,E,0.0,",E",11.7,",,,E",2.556,",E",3.5100000000000002,",,,E",1.6030000000000002,",,,E"
AGE00147720,1899-08-01,33.68,1.0,1320.0,"GERYVILLE EL BAYADH, AG",493.1,E,180.2,"3,E",7.0,",E",2.0,",E",0.0,",E",0.0,"3,E",0.0,"3,E",0.0,",E",31.0,",E",25.0,",E",18990827.0,",3,E",18990822.0,",,E",18990803.0,",,E",11.0,"3,E,27,",5.7,",,E,22,",38.0,",E,03,",0.0,E,0.0,",E",15.8,",,,E",2.477,"3,E",3.3549999999999995,",,,E",1.6,"3,,,E"
AGE00147720,1899-09-01,33.68,1.0,1320.0,"GERYVILLE EL BAYADH, AG",565.1,E,72.0,"2,E",4.0,",E",1.0,",E",0.0,",E",0.0,"2,E",0.0,"2,E",0.0,",E",30.0,",E",8.0,",E",18990918.0,",2,E",18990906.0,",,E",18990901.0,",,E",7.0,"2,E,18,",4.5,",,E,06,",35.0,",E,01,",7.8,E,7.8,",E",9.7,",,,E",2.0789999999999997,"2,E",2.93,",,,E",1.2289999999999999,"2,,,E"
AGE00147720,1899-10-01,33.68,1.0,1320.0,"GERYVILLE EL BAYADH, AG",591.4,E,26.3,",E",6.0,",E",5.0,",E",0.0,",E",0.0,",E",0.0,",E",0.0,",E",27.0,",E",0.0,",E",18991026.0,"+,,E",18991017.0,",,E",18991011.0,",,E",7.0,",E,26,+",11.3,",,E,17,",31.0,",E,11,",47.0,E,39.2,",E",32.2,",,,E",1.7920000000000003,",E",2.5260000000000002,",,,E",1.058,",,,E"
AGE00147720,1899-11-01,33.68,1.0,1320.0,"GERYVILLE EL BAYADH, AG",594.2,E,2.8,",E",5.0,",E",5.0,",E",0.0,",E",0.0,",E",7.0,",E",0.0,",E",10.0,",E",0.0,",E",18991127.0,"+,,E",18991129.0,",,E",18991103.0,",,E",-3.0,",E,27,+",12.4,",,E,29,",27.0,",E,03,",271.8,E,224.8,",E",39.8,",,,E",1.093,",E",1.7899999999999998,",,,E",0.397,",,,E"
AGE00147720,1899-12-01,33.68,1.0,1320.0,"GERYVILLE EL BAYADH, AG",594.2,E,0.0,",E",4.0,",E",4.0,",E",0.0,",E",0.0,",E",16.0,",E",0.0,",E",0.0,",E",0.0,",E",18991219.0,",,E",18991209.0,",,E",18991203.0,",,E",-9.0,",E,19,",6.3,",,E,09,",20.0,",E,03,",655.9,E,384.1,",E",21.3,",,,E",0.5940000000000001,",E",1.168,",,,E",0.020999999999999998,",,,E"
AGE00147720,1900-01-01,33.68,1.0,1320.0,"GERYVILLE EL BAYADH, AG",0.0,E,0.0,"2,E",5.0,"1,E",3.0,"1,E",0.0,"1,E",0.0,"1,E",26.0,"1,E",0.0,"1,E",0.0,"1,E",0.0,"1,E",19000127.0,",1,E",19000105.0,",1,E",19000101.0,",1,E",-7.0,"1,E,27,",17.0,"1,,E,05,",17.0,"1,E,01,",1083.1,E,427.2,"1,E",37.2,"1,,,E",0.348,"2,E",0.9099999999999999,"1,,,E",-0.213,"1,,,E"
AGE00147720,1900-02-01,33.68,1.0,1320.0,"GERYVILLE EL BAYADH, AG",0.0,E,0.0,"2,E",3.0,"1,E",3.0,"1,E",0.0,"1,E",0.0,"1,E",6.0,"1,E",0.0,"1,E",5.0,"1,E",0.0,"1,E",19000218.0,"+,1,E",19000208.0,",1,E",19000227.0,"+,1,E",-1.0,"1,E,18,+",9.5,"1,,E,08,",22.0,"1,E,27,+",1302.3,E,219.2,"1,E",19.2,"1,,,E",1.006,"2,E",1.6480000000000001,"1,,,E",0.363,"1,,,E"
AGE00147720,1900-03-01,33.68,1.0,1320.0,"GERYVILLE EL BAYADH, AG",,,,,7.0,"3,E",5.0,"3,E",0.0,"3,E",0.0,"3,E",9.0,"3,E",0.0,"3,E",0.0,"3,E",0.0,"3,E",19000308.0,",3,E",19000302.0,",3,E",19000327.0,"+,3,E",-6.0,"3,E,08,",9.5,"3,,E,02,",20.0,"3,E,27,+",,,,,27.3,"3,,,E",0.8160000000000001,"6,E",1.475,"3,,,E",0.157,"3,,,E"
AGE00147720,1900-04-01,33.68,1.0,1320.0,"GERYVILLE EL BAYADH, AG",,,0.3,",E",7.0,",E",7.0,",E",0.0,",E",0.0,",E",5.0,",E",0.0,",E",16.0,",E",0.0,",E",19000404.0,",,E",19000409.0,",,E",19000426.0,"+,,E",-2.0,",E,04,",15.4,",,E,09,",27.0,",E,26,+",,,198.8,",E",40.4,",,,E",1.1720000000000002,",E",1.887,",,,E",0.457,",,,E"
AGE00147720,1900-05-01,33.68,1.0,1320.0,"GERYVILLE EL BAYADH, AG",,,0.0,"3,E",2.0,"2,E",1.0,"2,E",0.0,"2,E",0.0,"1,E",1.0,"1,E",0.0,"2,E",18.0,"2,E",0.0,"2,E",19000510.0,",1,E",19000501.0,",2,E",19000530.0,"+,2,E",0.0,"1,E,10,",15.0,"2,,E,01,",29.0,"2,E,30,+",,,138.3,"2,E",17.4,"2,,,E",1.361,"3,E",2.259,"2,,,E",0.46299999999999997,"1,,,E"
AGE00147720,1900-06-01,33.68,1.0,1320.0,"GERYVILLE EL BAYADH, AG",,,82.2,"4,E",7.0,"2,E",5.0,"2,E",0.0,"2,E",0.0,"3,E",0.0,"3,E",0.0,"2,E",25.0,"2,E",11.0,"2,E",19000605.0,",3,E",19000613.0,",2,E",19000624.0,",2,E",1.0,"3,E,05,",21.5,"2,,E,13,",38.0,"2,E,24,",,,24.3,"2,E",53.7,"2,,,E",2.023,"4,E",2.968,"2,,,E",1.0779999999999998,"3,,,E"
AGE00147720,1900-07-01,33.68,1.0,1320.0,"GERYVILLE EL BAYADH, AG",,,140.3,"2,E",4.0,"1,E",3.0,"1,E",0.0,"1,E",0.0,"1,E",0.0,"1,E",0.0,"1,E",30.0,"1,E",22.0,"1,E",19000706.0,",1,E",19000702.0,",1,E",19000730.0,",1,E",4.0,"1,E,06,",7.0,"1,,E,02,",39.0,"1,E,30,",9.0,E,9.0,"1,E",14.5,"1,,,E",2.283,"2,E",3.317,"1,,,E",1.25,"1,,,E"
AGE00147720,1900-09-01,33.68,1.0,1320.0,"GERYVILLE EL BAYADH, AG",,,67.2,"2,E",12.0,"1,E",8.0,"1,E",1.0,"1,E",0.0,"1,E",0.0,"1,E",0.0,"1,E",29.0,"1,E",5.0,"1,E",19000930.0,"+,1,E",19000912.0,",1,E",19000907.0,"+,1,E",5.0,"1,E,30,+",26.0,"1,,E,12,",34.0,"1,E,07,+",,,16.5,"1,E",95.8,"1,,,E",2.021,"2,E",2.928,"1,,,E",1.114,"1,,,E"
AGE00147720,1900-10-01,33.68,1.0,1320.0,"GERYVILLE EL BAYADH, AG",,,0.2,",E",5.0,",E",1.0,",E",0.0,",E",0.0,",E",3.0,",E",0.0,",E",24.0,",E",0.0,",E",19001029.0,"+,,E",19001003.0,",,E",19001017.0,"+,,E",-1.0,",E,29,+",6.2,",,E,03,",27.0,",E,17,+",,,115.5,",E",11.3,",,,E",1.4609999999999999,",E",2.3649999999999998,",,,E",0.558,",,,E"
AGE00147720,1900-11-01,33.68,1.0,1320.0,"GERYVILLE EL BAYADH, AG",,,0.0,"2,E",13.0,"1,E",9.0,"1,E",1.0,"1,E",0.0,"1,E",14.0,"1,E",0.0,"1,E",1.0,"1,E",0.0,"1,E",19001124.0,",1,E",19001107.0,",1,E",19001102.0,",1,E",-7.0,"1,E,24,",26.0,"1,,E,07,",23.0,"1,E,02,",,,345.3,"1,E",105.3,"1,,,E",0.597,"2,E",1.238,"1,,,E",-0.045,"1,,,E"
AGE00147720,1901-01-01,33.68,1.0,1320.0,"GERYVILLE EL BAYADH, AG",0.0,E,0.0,",E",5.0,",E",5.0,",E",0.0,",E",0.0,",E",25.0,",E",0.0,",E",0.0,",E",0.0,",E",19010102.0,",,E",19010108.0,",,E",19010124.0,",,E",-9.0,",E,02,",17.8,",,E,08,",19.0,",E,24,",,,453.8,",E",46.4,",,,E",0.369,",E",1.003,",,,E",-0.265,",,,E"
AGE00147720,1901-02-01,33.68,1.0,1320.0,"GERYVILLE EL BAYADH, AG",0.0,E,0.0,",E",11.0,",E",7.0,",E",0.0,",E",0.0,",E",16.0,",E",0.0,",E",0.0,",E",0.0,",E",19010218.0,",,E",19010214.0,",,E",19010222.0,",,E",-9.0,",E,18,",15.5,",,E,14,",19.0,",E,22,",,,376.8,",E",52.3,",,,E",0.488,",E",1.05,",,,E",-0.075,",,,E"
AGE00147720,1901-03-01,33.68,1.0,1320.0,"GERYVILLE EL BAYADH, AG",0.0,E,0.0,",E",4.0,",E",3.0,",E",0.0,",E",0.0,",E",15.0,",E",0.0,",E",1.0,",E",0.0,",E",19010311.0,"+,,E",19010318.0,",,E",19010324.0,",,E",-6.0,",E,11,+",12.5,",,E,18,",23.0,",E,24,",,,337.3,",E",22.8,",,,E",0.745,",E",1.468,",,,E",0.023,",,,E"
AGE00147720,1901-05-01,33.68,1.0,1320.0,"GERYVILLE EL BAYADH, AG",,,3.5,"1,E",8.0,"1,E",5.0,"1,E",0.0,"1,E",0.0,",E",1.0,",E",0.0,"1,E",17.0,"1,E",0.0,"1,E",19010514.0,",,E",19010527.0,",1,E",19010516.0,",1,E",0.0,",E,14,",8.0,"1,,E,27,",28.0,"1,E,16,",,,119.5,"1,E",30.1,"1,,,E",1.452,"1,E",2.25,"1,,,E",0.655,",,,E"
AGE00147720,1901-06-01,33.68,1.0,1320.0,"GERYVILLE EL BAYADH, AG",,,142.3,"1,E",9.0,",E",5.0,",E",1.0,",E",0.0,"1,E",0.0,"1,E",0.0,",E",30.0,",E",16.0,",E",19010603.0,",1,E",19010605.0,",,E",19010626.0,",,E",9.0,"1,E,03,",28.0,",,E,05,",36.0,",E,26,",,,0.0,",E",53.9,",,,E",2.32,"1,E",3.2369999999999997,",,,E",1.403,"1,,,E"
AGE00147720,1901-07-01,33.68,1.0,1320.0,"GERYVILLE EL BAYADH, AG",,,,,4.0,"3,E",1.0,"3,E",0.0,"3,E",0.0,"3,E",0.0,"3,E",0.0,"3,E",28.0,"3,E",22.0,"3,E",19010712.0,",3,E",19010717.0,",3,E",19010709.0,"+,3,E",11.0,"3,E,12,",13.3,"3,,E,17,",38.0,"3,E,09,+",,,,,18.1,"3,,,E",2.532,"6,E",3.436,"3,,,E",1.629,"3,,,E"
AGE00147720,1901-08-01,33.68,1.0,1320.0,"GERYVILLE EL BAYADH, AG",,,212.2,",E",4.0,",E",1.0,",E",0.0,",E",0.0,",E",0.0,",E",0.0,",E",31.0,",E",27.0,",E",19010810.0,",,E",19010819.0,",,E",19010802.0,",,E",12.0,",E,10,",3.0,",,E,19,",39.0,",E,02,",,,0.0,",E",4.8,",,,E",2.518,",E",3.4549999999999996,",,,E",1.581,",,,E"
AGE00147720,1901-10-01,33.68,1.0,1320.0,"GERYVILLE EL BAYADH, AG",,,0.3,"2,E",12.0,",E",7.0,",E",1.0,",E",0.0,"2,E",1.0,"2,E",0.0,",E",11.0,",E",0.0,",E",19011025.0,",2,E",19011028.0,",,E",19011010.0,"+,,E",-2.0,"2,E,25,",32.5,",,E,28,",26.0,",E,10,+",,,169.5,",E",94.8,",,,E",1.225,"2,E",1.8649999999999998,",,,E",0.5860000000000001,"2,,,E"
AGE00147720,1901-11-01,33.68,1.0,1320.0,"GERYVILLE EL BAYADH, AG",,,0.0,"3,E",5.0,",E",3.0,",E",0.0,",E",0.0,"3,E",6.0,"3,E",0.0,",E",2.0,",E",0.0,",E",19011130.0,",3,E",19011127.0,",,E",19011119.0,",,E",-4.0,"3,E,30,",24.5,",,E,27,",24.0,",E,19,",,,242.0,",E",33.4,",,,E",0.9179999999999999,"3,E",1.537,",,,E",0.3,"3,,,E"
AGE00147720,1901-12-01,33.68,1.0,1320.0,"GERYVILLE EL BAYADH, AG",,,0.0,"2,E",5.0,"1,E",4.0,"1,E",0.0,"1,E",0.0,"1,E",20.0,"1,E",0.0,"1,E",0.0,"1,E",0.0,"1,E",19011229.0,"+,1,E",19011203.0,",1,E",19011229.0,",1,E",-6.0,"1,E,29,+",12.6,"1,,E,03,",17.0,"1,E,29,",,,405.7,"1,E",32.9,"1,,,E",0.433,"2,E",0.97,"1,,,E",-0.10300000000000001,"1,,,E"
AGE00147720,1902-01-01,33.68,1.0,1320.0,"GERYVILLE EL BAYADH, AG",0.0,E,0.0,",E",0.0,",E",0.0,",E",0.0,",E",0.0,",E",29.0,",E",0.0,",E",0.0,",E",0.0,",E",19020122.0,"+,,E",19020131.0,"+,,E",19020117.0,"+,,E",-9.0,",E,22,+",0.0,",,E,31,+",14.0,",E,17,+",,,457.8,",E",0.0,",,,E",0.356,",E",1.09,",,,E",-0.377,",,,E"
AGE00147720,1902-02-01,33.68,1.0,1320.0,"GERYVILLE EL BAYADH, AG",0.0,E,0.0,",E",4.0,",E",2.0,",E",0.0,",E",0.0,",E",8.0,",E",0.0,",E",1.0,",E",0.0,",E",19020203.0,",,E",19020221.0,",,E",19020228.0,",,E",-7.0,",E,03,",15.0,",,E,21,",24.0,",E,28,",,,302.8,",E",21.6,",,,E",0.752,",E",1.346,",,,E",0.157,",,,E"
AGE00147720,1902-03-01,33.68,1.0,1320.0,"GERYVILLE EL BAYADH, AG",0.0,E,0.0,"2,E",2.0,"1,E",1.0,"1,E",0.0,"1,E",0.0,"1,E",6.0,"1,E",0.0,"1,E",8.0,"1,E",0.0,"1,E",19020325.0,",1,E",19020314.0,",1,E",19020312.0,",1,E",-4.0,"1,E,25,",2.6,"1,,E,14,",25.0,"1,E,12,",,,232.7,"1,E",4.2,"1,,,E",1.022,"2,E",1.7870000000000001,"1,,,E",0.257,"1,,,E"
AGE00147720,1902-04-01,33.68,1.0,1320.0,"GERYVILLE EL BAYADH, AG",0.0,E,0.0,",E",3.0,",E",2.0,",E",0.0,",E",0.0,",E",2.0,",E",0.0,",E",15.0,",E",0.0,",E",19020419.0,",,E",19020423.0,",,E",19020402.0,"+,,E",-6.0,",E,19,",8.6,",,E,23,",26.0,",E,02,+",,,149.5,",E",17.0,",,,E",1.335,",E",2.093,",,,E",0.577,",,,E"
AGE00147720,1902-05-01,33.68,1.0,1320.0,"GERYVILLE EL BAYADH, AG",2.5,E,2.5,"1,E",2.0,"1,E",1.0,"1,E",0.0,"1,E",0.0,",E",2.0,",E",0.0,"1,E",21.0,"1,E",0.0,"1,E",19020523.0,"+,,E",19020514.0,",1,E",19020504.0,",1,E",-3.0,",E,23,+",6.3,"1,,E,14,",28.0,"1,E,04,",,,134.0,"1,E",7.9,"1,,,E",1.395,"1,E",2.2800000000000002,"1,,,E",0.51,",,,E"
AGE00147720,1902-06-01,33.68,1.0,1320.0,"GERYVILLE EL BAYADH, AG",95.5,E,93.0,"3,E",8.0,"1,E",6.0,"1,E",0.0,"1,E",0.0,"2,E",0.0,"2,E",0.0,"1,E",29.0,"1,E",10.0,"1,E",19020605.0,",2,E",19020605.0,",1,E",19020630.0,"+,1,E",3.0,"2,E,05,",24.0,"1,,E,05,",36.0,"1,E,30,+",,,19.0,"1,E",61.8,"1,,,E",2.091,"3,E",3.007,"1,,,E",1.175,"2,,,E"
AGE00147720,1902-08-01,33.68,1.0,1320.0,"GERYVILLE EL BAYADH, AG",,,226.2,",E",2.0,",E",2.0,",E",0.0,",E",0.0,",E",0.0,",E",0.0,",E",31.0,",E",31.0,",E",19020831.0,"+,,E",19020829.0,",,E",19020808.0,"+,,E",10.0,",E,31,+",6.3,",,E,29,",40.0,",E,08,+",,,0.0,",E",9.3,",,,E",2.5629999999999997,",E",3.6130000000000004,",,,E",1.5130000000000001,",,,E"
AGE00147720,1902-09-01,33.68,1.0,1320.0,"GERYVILLE EL BAYADH, AG",,,,,6.0,"3,E",5.0,"3,E",0.0,"3,E",0.0,"3,E",0.0,"3,E",0.0,"3,E",27.0,"3,E",4.0,"3,E",19020928.0,"+,3,E",19020921.0,",3,E",19020908.0,",3,E",9.0,"3,E,28,+",15.0,"3,,E,21,",36.0,"3,E,08,",,,,,30.8,"3,,,E",2.019,"4,E",2.87,"3,,,E",1.167,"3,,,E"
AGE00147720,1902-10-01,33.68,1.0,1320.0,"GERYVILLE EL BAYADH, AG",,,0.0,"4,E",3.0,"2,E",1.0,"2,E",0.0,"2,E",0.0,"2,E",0.0,"2,E",0.0,"2,E",20.0,"2,E",0.0,"2,E",19021022.0,",2,E",19021026.0,",2,E",19021002.0,"+,2,E",1.0,"2,E,22,",10.0,"2,,E,26,",27.0,"2,E,02,+",,,117.0,"2,E",12.0,"2,,,E",1.419,"4,E",2.338,"2,,,E",0.5,"2,,,E"
AGE00147720,1902-11-01,33.68,1.0,1320.0,"GERYVILLE EL BAYADH, AG",,,0.0,",E",7.0,",E",6.0,",E",1.0,",E",0.0,",E",1.0,",E",0.0,",E",0.0,",E",0.0,",E",19021124.0,",,E",19021114.0,",,E",19021110.0,"+,,E",0.0,",E,24,",42.0,",,E,14,",20.0,",E,10,+",,,219.0,",E",107.4,",,,E",1.103,",E",1.7570000000000001,",,,E",0.45,",,,E"
AGE00147720,1902-12-01,33.68,1.0,1320.0,"GERYVILLE EL BAYADH, AG",,,0.0,",E",6.0,",E",6.0,",E",0.0,",E",0.0,",E",15.0,",E",0.0,",E",0.0,",E",0.0,",E",19021231.0,",,E",19021215.0,",,E",19021213.0,",,E",-9.0,",E,31,",24.0,",,E,15,",19.0,",E,13,",,,387.8,",E",81.2,",,,E",0.5820000000000001,",E",1.1869999999999998,",,,E",-0.023,",,,E"
AGE00147720,1903-01-01,33.68,1.0,1320.0,"GERYVILLE EL BAYADH, AG",0.0,E,0.0,"2,E",3.0,"1,E",1.0,"1,E",0.0,"1,E",0.0,"1,E",13.0,"1,E",0.0,"1,E",0.0,"1,E",0.0,"1,E",19030103.0,",1,E",19030111.0,",1,E",19030128.0,"+,1,E",-5.0,"1,E,03,",3.0,"1,,E,11,",15.0,"1,E,28,+",,,340.7,"1,E",5.7,"1,,,E",0.6519999999999999,"2,E",1.223,"1,,,E",0.08,"1,,,E"
AGE00147720,1903-02-01,33.68,1.0,1320.0,"GERYVILLE EL BAYADH, AG",0.0,E,0.0,",E",1.0,",E",1.0,",E",0.0,",E",0.0,",E",18.0,",E",0.0,",E",0.0,",E",0.0,",E",19030222.0,",,E",19030202.0,",,E",19030228.0,"+,,E",-7.0,",E,22,",2.5,",,E,02,",20.0,",E,28,+",,,325.8,",E",2.5,",,,E",0.67,",E",1.454,",,,E",-0.11399999999999999,",,,E"
AGE00147720,1903-03-01,33.68,1.0,1320.0,"GERYVILLE EL BAYADH, AG",0.0,E,0.0,",E",1.0,",E",0.0,",E",0.0,",E",0.0,",E",7.0,",E",0.0,",E",15.0,",E",0.0,",E",19030317.0,",,E",19030316.0,",,E",19030329.0,",,E",-8.0,",E,17,",1.5,",,E,16,",25.0,",E,29,",,,224.3,",E",1.5,",,,E",1.1099999999999999,",E",2.0940000000000003,",,,E",0.126,",,,E"
AGE00147720,1903-04-01,33.68,1.0,1320.0,"GERYVILLE EL BAYADH, AG",2.2,E,2.2,",E",0.0,",E",0.0,",E",0.0,",E",0.0,",E",5.0,",E",0.0,",E",25.0,",E",0.0,",E",19030404.0,",,E",19030430.0,"+,,E",19030430.0,"+,,E",-4.0,",E,04,",0.0,",,E,30,+",26.0,",E,30,+",,,153.2,",E",0.0,",,,E",1.33,",E",2.2800000000000002,",,,E",0.38,",,,E"
AGE00147720,1903-05-01,33.68,1.0,1320.0,"GERYVILLE EL BAYADH, AG",18.9,E,16.7,"2,E",1.0,"1,E",1.0,"1,E",0.0,"1,E",0.0,"1,E",1.0,"1,E",0.0,"1,E",26.0,"1,E",0.0,"1,E",19030502.0,",1,E",19030512.0,",1,E",19030527.0,"+,1,E",-1.0,"1,E,02,",4.0,"1,,E,12,",30.0,"1,E,27,+",,,69.8,"1,E",4.0,"1,,,E",1.653,"2,E",2.513,"1,,,E",0.7929999999999999,"1,,,E"
AGE00147720,1903-06-01,33.68,1.0,1320.0,"GERYVILLE EL BAYADH, AG",147.9,E,129.0,",E",5.0,",E",0.0,",E",0.0,",E",0.0,",E",0.0,",E",0.0,",E",30.0,",E",10.0,",E",19030604.0,"+,,E",19030624.0,",,E",19030628.0,",,E",5.0,",E,04,+",2.3,",,E,24,",39.0,",E,28,",,,7.5,",E",8.3,",,,E",2.238,",E",3.1,",,,E",1.377,",,,E"
AGE00147720,1903-07-01,33.68,1.0,1320.0,"GERYVILLE EL BAYADH, AG",377.2,E,229.3,"2,E",2.0,"1,E",1.0,"1,E",0.0,"1,E",0.0,"1,E",0.0,"1,E",0.0,"1,E",30.0,"1,E",30.0,"1,E",19030712.0,",1,E",19030709.0,",1,E",19030726.0,",1,E",10.0,"1,E,12,",2.5,"1,,E,09,",41.0,"1,E,26,",0.0,E,0.0,"1,E",4.0,"1,,,E",2.617,"2,E",3.6770000000000005,"1,,,E",1.557,"1,,,E"
AGE00147720,1903-08-01,33.68,1.0,1320.0,"GERYVILLE EL BAYADH, AG",692.9,E,315.7,",E",2.0,",E",0.0,",E",0.0,",E",0.0,",E",0.0,",E",0.0,",E",31.0,",E",31.0,",E",19030825.0,",,E",19030807.0,",,E",19030802.0,",,E",13.0,",E,25,",2.3,",,E,07,",42.0,",E,02,",0.0,E,0.0,",E",3.6,",,,E",2.852,",E",3.845,",,,E",1.8579999999999999,",,,E"
AGE00147720,1903-09-01,33.68,1.0,1320.0,"GERYVILLE EL BAYADH, AG",875.6,E,182.7,",E",2.0,",E",1.0,",E",0.0,",E",0.0,",E",0.0,",E",0.0,",E",30.0,",E",21.0,",E",19030916.0,",,E",19030908.0,",,E",19030921.0,",,E",4.0,",E,16,",4.0,",,E,08,",39.0,",E,21,",4.7,E,4.7,",E",5.5,",,,E",2.427,",E",3.3299999999999996,",,,E",1.5230000000000001,",,,E"
AGE00147720,1903-10-01,33.68,1.0,1320.0,"GERYVILLE EL BAYADH, AG",,,,,5.0,"3,E",5.0,"3,E",0.0,"3,E",0.0,"3,E",0.0,"3,E",0.0,"3,E",23.0,"3,E",9.0,"3,E",19031030.0,",3,E",19031030.0,",3,E",19031011.0,"+,3,E",3.0,"3,E,30,",8.3,"3,,E,30,",36.0,"3,E,11,+",,,,,33.8,"3,,,E",1.9629999999999999,"6,E",2.879,"3,,,E",1.046,"3,,,E"
AGE00147720,1903-11-01,33.68,1.0,1320.0,"GERYVILLE EL BAYADH, AG",,,1.2,",E",2.0,",E",2.0,",E",0.0,",E",0.0,",E",5.0,",E",0.0,",E",4.0,",E",0.0,",E",19031124.0,",,E",19031118.0,",,E",19031101.0,",,E",-4.0,",E,24,",4.5,",,E,18,",31.0,",E,01,",,,222.7,",E",8.0,",,,E",1.095,",E",1.83,",,,E",0.36,",,,E"
AGE00147720,1903-12-01,33.68,1.0,1320.0,"GERYVILLE EL BAYADH, AG",,,0.0,"2,E",8.0,"1,E",5.0,"1,E",0.0,"1,E",0.0,"1,E",25.0,"1,E",0.0,"1,E",0.0,"1,E",0.0,"1,E",19031221.0,",1,E",19031221.0,",1,E",19031209.0,"+,1,E",-9.0,"1,E,21,",7.8,"1,,E,21,",18.0,"1,E,09,+",,,342.7,"1,E",30.9,"1,,,E",0.655,"2,E",1.51,"1,,,E",-0.2,"1,,,E"
AGE00147720,1904-01-01,33.68,1.0,1320.0,"GERYVILLE EL BAYADH, AG",0.0,E,0.0,"3,E",3.0,"2,E",2.0,"2,E",0.0,"2,E",0.0,"2,E",26.0,"2,E",0.0,"2,E",0.0,"2,E",0.0,"2,E",19040110.0,",2,E",19040108.0,"+,2,E",19040131.0,",2,E",-9.0,"2,E,10,",3.0,"2,,E,08,+",15.0,"2,E,31,",,,437.3,"2,E",7.2,"2,,,E",0.279,"3,E",0.8,"2,,,E",-0.24100000000000002,"2,,,E"
AGE00147720,1904-02-01,33.68,1.0,1320.0,"GERYVILLE EL BAYADH, AG",0.0,E,0.0,",E",2.0,",E",1.0,",E",0.0,",E",0.0,",E",24.0,",E",0.0,",E",0.0,",E",0.0,",E",19040221.0,",,E",19040226.0,",,E",19040217.0,"+,,E",-7.0,",E,21,",7.0,",,E,26,",16.0,",E,17,+",,,389.2,",E",9.0,",,,E",0.491,",E",1.121,",,,E",-0.13799999999999998,",,,E"
AGE00147720,1904-03-01,33.68,1.0,1320.0,"GERYVILLE EL BAYADH, AG",0.0,E,0.0,",E",9.0,",E",5.0,",E",0.0,",E",0.0,",E",10.0,",E",0.0,",E",1.0,",E",0.0,",E",19040304.0,",,E",19040322.0,",,E",19040312.0,",,E",-4.0,",E,04,",8.0,",,E,22,",22.0,",E,12,",,,338.3,",E",27.8,",,,E",0.742,",E",1.358,",,,E",0.126,",,,E"
AGE00147720,1904-04-01,33.68,1.0,1320.0,"GERYVILLE EL BAYADH, AG",2.3,E,2.3,",E",10.0,",E",10.0,",E",0.0,",E",0.0,",E",0.0,",E",0.0,",E",13.0,",E",0.0,",E",19040428.0,"+,,E",19040426.0,",,E",19040412.0,",,E",1.0,",E,28,+",16.0,",,E,26,",31.0,",E,12,",,,194.3,",E",71.3,",,,E",1.193,",E",1.903,",,,E",0.483,",,,E"
AGE00147720,1904-05-01,33.68,1.0,1320.0,"GERYVILLE EL BAYADH, AG",90.5,E,88.2,",E",4.0,",E",4.0,",E",0.0,",E",0.0,",E",0.0,",E",0.0,",E",30.0,",E",6.0,",E",19040505.0,"+,,E",19040503.0,",,E",19040531.0,"+,,E",3.0,",E,05,+",13.0,",,E,03,",35.0,",E,31,+",,,32.5,",E",31.2,",,,E",2.013,",E",2.903,",,,E",1.123,",,,E"
AGE00147720,1904-06-01,33.68,1.0,1320.0,"GERYVILLE EL BAYADH, AG",257.7,E,167.2,",E",3.0,",E",3.0,",E",0.0,",E",0.0,",E",0.0,",E",0.0,",E",30.0,",E",19.0,",E",19040613.0,"+,,E",19040608.0,",,E",19040619.0,"+,,E",9.0,",E,13,+",15.0,",,E,08,",38.0,",E,19,+",,,1.7,",E",23.4,",,,E",2.3850000000000002,",E",3.347,",,,E",1.423,",,,E"
AGE00147720,1904-07-01,33.68,1.0,1320.0,"GERYVILLE EL BAYADH, AG",493.9,E,236.2,",E",2.0,",E",2.0,",E",0.0,",E",0.0,",E",0.0,",E",0.0,",E",31.0,",E",31.0,",E",19040713.0,",,E",19040706.0,",,E",19040728.0,"+,,E",9.0,",E,13,",17.0,",,E,06,",40.0,",E,28,+",0.0,E,0.0,",E",22.7,",,,E",2.5949999999999998,",E",3.6450000000000005,",,,E",1.545,",,,E"
AGE00147720,1904-08-01,33.68,1.0,1320.0,"GERYVILLE EL BAYADH, AG",727.6,E,233.7,",E",3.0,",E",3.0,",E",0.0,",E",0.0,",E",0.0,",E",0.0,",E",31.0,",E",30.0,",E",19040824.0,"+,,E",19040827.0,",,E",19040802.0,",,E",12.0,",E,24,+",8.3,",,E,27,",40.0,",E,02,",0.0,E,0.0,",E",19.8,",,,E",2.587,",E",3.529,",,,E",1.645,",,,E"
AGE00147720,1904-09-01,33.68,1.0,1320.0,"GERYVILLE EL BAYADH, AG",827.4,E,99.8,",E",6.0,",E",6.0,",E",0.0,",E",0.0,",E",0.0,",E",0.0,",E",28.0,",E",9.0,",E",19040927.0,"+,,E",19040918.0,",,E",19040906.0,"+,,E",5.0,",E,27,+",10.3,",,E,18,",34.0,",E,06,+",25.3,E,25.3,",E",37.8,",,,E",2.082,",E",2.92,",,,E",1.2429999999999999,",,,E"
AGE00147720,1904-10-01,33.68,1.0,1320.0,"GERYVILLE EL BAYADH, AG",827.6,E,0.2,",E",6.0,",E",6.0,",E",0.0,",E",0.0,",E",0.0,",E",0.0,",E",16.0,",E",0.0,",E",19041003.0,",,E",19041019.0,",,E",19041007.0,"+,,E",2.0,",E,03,",9.0,",,E,19,",28.0,",E,07,+",156.3,E,131.0,",E",34.9,",,,E",1.411,",E",2.181,",,,E",0.642,",,,E"
AGE00147720,1904-11-01,33.68,1.0,1320.0,"GERYVILLE EL BAYADH, AG",827.6,E,0.0,"1,E",6.0,"1,E",5.0,"1,E",0.0,"1,E",0.0,",E",12.0,",E",0.0,"1,E",2.0,"1,E",0.0,"1,E",19041124.0,",,E",19041101.0,",1,E",19041101.0,",1,E",-3.0,",E,24,",8.0,"1,,E,01,",25.0,"1,E,01,",411.5,E,255.2,"1,E",29.0,"1,,,E",0.9550000000000001,"1,E",1.621,"1,,,E",0.29,",,,E"
AGE00147720,1904-12-01,33.68,1.0,1320.0,"GERYVILLE EL BAYADH, AG",827.6,E,0.0,"1,E",5.0,",E",4.0,",E",0.0,",E",0.0,"1,E",16.0,"1,E",0.0,",E",0.0,",E",0.0,",E",19041231.0,"+,1,E",19041227.0,",,E",19041220.0,",,E",-3.0,"1,E,31,+",6.0,",,E,27,",17.0,",E,20,",791.5,E,380.0,",E",20.0,",,,E",0.5660000000000001,"1,E",1.126,",,,E",0.007000000000000001,"1,,,E"
AGE00147720,1905-01-01,33.68,1.0,1320.0,"GERYVILLE EL BAYADH, AG",0.0,E,0.0,"2,E",3.0,"1,E",3.0,"1,E",0.0,"1,E",0.0,"1,E",27.0,"1,E",0.0,"1,E",0.0,"1,E",0.0,"1,E",19050105.0,"+,1,E",19050117.0,",1,E",19050121.0,",1,E",-10.0,"1,E,05,+",12.0,"1,,E,17,",16.0,"1,E,21,",1258.7,E,467.2,"1,E",18.0,"1,,,E",0.22999999999999998,"2,E",0.86,"1,,,E",-0.4,"1,,,E"
AGE00147720,1905-03-01,33.68,1.0,1320.0,"GERYVILLE EL BAYADH, AG",,,0.0,"2,E",1.0,"1,E",0.0,"1,E",0.0,"1,E",0.0,"1,E",12.0,"1,E",0.0,"1,E",13.0,"1,E",0.0,"1,E",19050309.0,"+,1,E",19050321.0,",1,E",19050331.0,"+,1,E",-5.0,"1,E,09,+",2.0,"1,,E,21,",28.0,"1,E,31,+",,,246.7,"1,E",2.0,"1,,,E",0.9869999999999999,"2,E",1.847,"1,,,E",0.127,"1,,,E"
AGE00147720,1905-04-01,33.68,1.0,1320.0,"GERYVILLE EL BAYADH, AG",,,1.7,",E",3.0,",E",2.0,",E",0.0,",E",0.0,",E",5.0,",E",0.0,",E",18.0,",E",0.0,",E",19050424.0,",,E",19050426.0,",,E",19050407.0,",,E",-3.0,",E,24,",16.0,",,E,26,",29.0,",E,07,",,,153.7,",E",22.0,",,,E",1.327,",E",2.193,",,,E",0.45999999999999996,",,,E"
AGE00147720,1905-05-01,33.68,1.0,1320.0,"GERYVILLE EL BAYADH, AG",,,5.8,"4,E",5.0,"2,E",3.0,"2,E",0.0,"2,E",0.0,"2,E",0.0,"2,E",0.0,"2,E",20.0,"2,E",0.0,"2,E",19050506.0,",2,E",19050506.0,",2,E",19050520.0,",2,E",3.0,"2,E,06,",16.0,"2,,E,06,",30.0,"2,E,20,",,,90.8,"2,E",39.0,"2,,,E",1.552,"4,E",2.331,"2,,,E",0.772,"2,,,E"
AGE00147720,1905-06-01,33.68,1.0,1320.0,"GERYVILLE EL BAYADH, AG",,,83.0,"4,E",3.0,"2,E",3.0,"2,E",0.0,"2,E",0.0,"2,E",0.0,"2,E",0.0,"2,E",28.0,"2,E",10.0,"2,E",19050608.0,",2,E",19050620.0,"+,2,E",19050630.0,"+,2,E",5.0,"2,E,08,",16.0,"2,,E,20,+",35.0,"2,E,30,+",,,9.7,"2,E",40.0,"2,,,E",2.132,"4,E",3.029,"2,,,E",1.236,"2,,,E"
AGE00147720,1905-07-01,33.68,1.0,1320.0,"GERYVILLE EL BAYADH, AG",,,231.7,",E",5.0,",E",3.0,",E",0.0,",E",0.0,",E",0.0,",E",0.0,",E",31.0,",E",28.0,",E",19050729.0,",,E",19050726.0,",,E",19050717.0,"+,,E",9.0,",E,29,",4.0,",,E,26,",39.0,",E,17,+",0.0,E,0.0,",E",13.0,",,,E",2.581,",E",3.5159999999999996,",,,E",1.645,",,,E"
AGE00147720,1905-09-01,33.68,1.0,1320.0,"GERYVILLE EL BAYADH, AG",,,90.5,"2,E",3.0,"1,E",2.0,"1,E",0.0,"1,E",0.0,"1,E",0.0,"1,E",0.0,"1,E",27.0,"1,E",6.0,"1,E",19050928.0,",1,E",19050929.0,",1,E",19050906.0,",1,E",6.0,"1,E,28,",6.0,"1,,E,29,",36.0,"1,E,06,",,,17.8,"1,E",13.0,"1,,,E",2.1,"2,E",2.948,"1,,,E",1.252,"1,,,E"
AGE00147720,1905-10-01,33.68,1.0,1320.0,"GERYVILLE EL BAYADH, AG",,,1.8,",E",11.0,",E",5.0,",E",0.0,",E",0.0,",E",1.0,",E",0.0,",E",11.0,",E",0.0,",E",19051030.0,",,E",19051028.0,",,E",19051008.0,",,E",0.0,",E,30,",23.0,",,E,28,",31.0,",E,08,",,,146.7,",E",45.0,",,,E",1.366,",E",2.039,",,,E",0.6940000000000001,",,,E"
AGE00147720,1905-11-01,33.68,1.0,1320.0,"GERYVILLE EL BAYADH, AG",,,0.0,",E",6.0,",E",3.0,",E",0.0,",E",0.0,",E",5.0,",E",0.0,",E",0.0,",E",0.0,",E",19051123.0,",,E",19051120.0,",,E",19051119.0,"+,,E",-2.0,",E,23,",20.0,",,E,20,",18.0,",E,19,+",,,271.0,",E",31.0,",,,E",0.93,",E",1.4929999999999999,",,,E",0.367,",,,E"
AGE00147720,1905-12-01,33.68,1.0,1320.0,"GERYVILLE EL BAYADH, AG",,,0.0,"2,E",6.0,"1,E",3.0,"1,E",0.0,"1,E",0.0,"1,E",16.0,"1,E",0.0,"1,E",0.0,"1,E",0.0,"1,E",19051218.0,",1,E",19051227.0,",1,E",19051231.0,",1,E",-5.0,"1,E,18,",4.0,"1,,E,27,",17.0,"1,E,31,",,,401.7,"1,E",16.2,"1,,,E",0.44699999999999995,"2,E",0.917,"1,,,E",-0.023,"1,,,E"
AGE00147720,1906-01-01,33.68,1.0,1320.0,"GERYVILLE EL BAYADH, AG",0.0,E,0.0,"2,E",7.0,"1,E",3.0,"1,E",0.0,"1,E",0.0,"1,E",19.0,"1,E",0.0,"1,E",0.0,"1,E",0.0,"1,E",19060122.0,",1,E",19060129.0,",1,E",19060102.0,"+,1,E",-8.0,"1,E,22,",16.0,"1,,E,29,",19.0,"1,E,02,+",,,395.2,"1,E",32.5,"1,,,E",0.44699999999999995,"2,E",1.0230000000000001,"1,,,E",-0.13,"1,,,E"
AGE00147720,1906-02-01,33.68,1.0,1320.0,"GERYVILLE EL BAYADH, AG",0.0,E,0.0,",E",4.0,",E",2.0,",E",0.0,",E",0.0,",E",27.0,",E",1.0,",E",0.0,",E",0.0,",E",19060207.0,",,E",19060213.0,",,E",19060227.0,",,E",-9.0,",E,07,",8.0,",,E,13,",19.0,",E,27,",,,432.8,",E",15.0,",,,E",0.288,",E",0.85,",,,E",-0.275,",,,E"
AGE00147720,1906-03-01,33.68,1.0,1320.0,"GERYVILLE EL BAYADH, AG",0.0,E,0.0,",E",3.0,",E",1.0,",E",0.0,",E",0.0,",E",13.0,",E",0.0,",E",4.0,",E",0.0,",E",19060324.0,",,E",19060326.0,",,E",19060310.0,",,E",-7.0,",E,24,",14.0,",,E,26,",27.0,",E,10,",,,294.8,",E",17.0,",,,E",0.882,",E",1.655,",,,E",0.11000000000000001,",,,E"
AGE00147720,1906-04-01,33.68,1.0,1320.0,"GERYVILLE EL BAYADH, AG",0.7,E,0.7,"2,E",12.0,",E",9.0,",E",0.0,",E",0.0,"1,E",3.0,"1,E",0.0,"1,E",5.0,"1,E",0.0,"1,E",19060421.0,",1,E",19060425.0,",,E",19060416.0,",1,E",-2.0,"1,E,21,",12.0,",,E,25,",24.0,"1,E,16,",,,191.5,"1,E",58.0,",,,E",1.147,"2,E",1.8,"1,,,E",0.493,"1,,,E"
AGE00147720,1906-05-01,33.68,1.0,1320.0,"GERYVILLE EL BAYADH, AG",22.9,E,22.2,",E",5.0,",E",4.0,",E",0.0,",E",0.0,",E",0.0,",E",0.0,",E",14.0,",E",2.0,",E",19060502.0,",,E",19060508.0,",,E",19060531.0,",,E",2.0,",E,02,",16.0,",,E,08,",35.0,",E,31,",,,127.0,",E",38.0,",,,E",1.4949999999999999,",E",2.2809999999999997,",,,E",0.71,",,,E"
AGE00147720,1906-06-01,33.68,1.0,1320.0,"GERYVILLE EL BAYADH, AG",,,,,8.0,"3,E",6.0,"3,E",0.0,"3,E",0.0,"3,E",0.0,"3,E",0.0,"3,E",26.0,"3,E",11.0,"3,E",19060620.0,"+,3,E",19060610.0,",3,E",19060628.0,"+,3,E",8.0,"3,E,20,+",12.0,"3,,E,10,",38.0,"3,E,28,+",,,,,38.0,"3,,,E",2.107,"6,E",2.996,"3,,,E",1.2189999999999999,"3,,,E"
AGE00147720,1906-07-01,33.68,1.0,1320.0,"GERYVILLE EL BAYADH, AG",,,216.8,"2,E",7.0,"1,E",4.0,"1,E",0.0,"1,E",0.0,"1,E",0.0,"1,E",0.0,"1,E",30.0,"1,E",26.0,"1,E",19060704.0,",1,E",19060707.0,"+,1,E",19060723.0,",1,E",12.0,"1,E,04,",5.0,"1,,E,07,+",41.0,"1,E,23,",0.0,E,0.0,"1,E",21.0,"1,,,E",2.5829999999999997,"2,E",3.5100000000000002,"1,,,E",1.657,"1,,,E"
AGE00147720,1906-08-01,33.68,1.0,1320.0,"GERYVILLE EL BAYADH, AG",,,,,2.0,"3,E",1.0,"3,E",0.0,"3,E",0.0,"3,E",0.0,"3,E",0.0,"3,E",28.0,"3,E",24.0,"3,E",19060822.0,",3,E",19060831.0,",3,E",19060811.0,",3,E",10.0,"3,E,22,",15.0,"3,,E,31,",41.0,"3,E,11,",,,,,17.0,"3,,,E",2.654,"6,E",3.636,"3,,,E",1.671,"3,,,E"
AGE00147720,1906-09-01,33.68,1.0,1320.0,"GERYVILLE EL BAYADH, AG",,,120.7,",E",6.0,",E",5.0,",E",0.0,",E",0.0,",E",0.0,",E",0.0,",E",28.0,",E",9.0,",E",19060930.0,",,E",19060901.0,",,E",19060908.0,",,E",8.0,",E,30,",16.0,",,E,01,",36.0,",E,08,",,,9.7,",E",39.5,",,,E",2.2030000000000003,",E",3.04,",,,E",1.367,",,,E"
AGE00147720,1906-10-01,33.68,1.0,1320.0,"GERYVILLE EL BAYADH, AG",,,14.0,",E",3.0,",E",3.0,",E",0.0,",E",0.0,",E",0.0,",E",0.0,",E",21.0,",E",0.0,",E",19061030.0,"+,,E",19061014.0,",,E",19061005.0,",,E",3.0,",E,30,+",16.0,",,E,14,",32.0,",E,05,",,,93.8,",E",28.3,",,,E",1.576,",E",2.387,",,,E",0.765,",,,E"
AGE00147720,1906-11-01,33.68,1.0,1320.0,"GERYVILLE EL BAYADH, AG",,,0.0,",E",3.0,",E",1.0,",E",0.0,",E",0.0,",E",7.0,",E",0.0,",E",0.0,",E",0.0,",E",19061122.0,",,E",19061112.0,",,E",19061107.0,"+,,E",-3.0,",E,22,",4.0,",,E,12,",21.0,",E,07,+",,,258.5,",E",6.0,",,,E",0.9720000000000001,",E",1.543,",,,E",0.4,",,,E"
AGE00147720,1906-12-01,33.68,1.0,1320.0,"GERYVILLE EL BAYADH, AG",,,0.0,",E",7.0,",E",3.0,",E",0.0,",E",0.0,",E",27.0,",E",0.0,",E",0.0,",E",0.0,",E",19061231.0,",,E",19061223.0,"+,,E",19061205.0,",,E",-9.0,",E,31,",6.0,",,E,23,+",16.0,",E,05,",,,439.8,",E",20.0,",,,E",0.41500000000000004,",E",0.89,",,,E",-0.061,",,,E"
AGE00147720,1907-01-01,33.68,1.0,1320.0,"GERYVILLE EL BAYADH, AG",0.0,E,0.0,",E",1.0,",E",0.0,",E",0.0,",E",0.0,",E",30.0,",E",0.0,",E",0.0,",E",0.0,",E",19070123.0,"+,,E",19070103.0,",,E",19070116.0,",,E",-10.0,",E,23,+",2.0,",,E,03,",16.0,",E,16,",,,498.3,",E",2.0,",,,E",0.22599999999999998,",E",0.884,",,,E",-0.43200000000000005,",,,E"
AGE00147720,1907-02-01,33.68,1.0,1320.0,"GERYVILLE EL BAYADH, AG",0.0,E,0.0,"2,E",4.0,",E",3.0,",E",0.0,",E",0.0,"1,E",23.0,"1,E",3.0,"1,E",0.0,"1,E",0.0,"1,E",19070202.0,",1,E",19070215.0,",,E",19070225.0,"+,1,E",-10.0,"1,E,02,",10.0,",,E,15,",19.0,"1,E,25,+",,,397.7,"1,E",23.0,",,,E",0.306,"2,E",0.8630000000000001,"1,,,E",-0.252,"1,,,E"
AGE00147720,1907-03-01,33.68,1.0,1320.0,"GERYVILLE EL BAYADH, AG",0.0,E,0.0,"2,E",2.0,"1,E",2.0,"1,E",0.0,"1,E",0.0,"1,E",16.0,"1,E",0.0,"1,E",3.0,"1,E",0.0,"1,E",19070314.0,",1,E",19070307.0,",1,E",19070321.0,"+,1,E",-8.0,"1,E,14,",8.0,"1,,E,07,",23.0,"1,E,21,+",,,311.2,"1,E",13.0,"1,,,E",0.767,"2,E",1.543,"1,,,E",-0.01,"1,,,E"
AGE00147720,1907-04-01,33.68,1.0,1320.0,"GERYVILLE EL BAYADH, AG",0.0,E,0.0,"2,E",7.0,"1,E",5.0,"1,E",0.0,"1,E",0.0,"1,E",8.0,"1,E",0.0,"1,E",7.0,"1,E",0.0,"1,E",19070422.0,",1,E",19070420.0,",1,E",19070426.0,",1,E",-3.0,"1,E,22,",9.0,"1,,E,20,",26.0,"1,E,26,",,,235.3,"1,E",34.6,"1,,,E",1.002,"2,E",1.759,"1,,,E",0.24500000000000002,"1,,,E"
AGE00147720,1907-05-01,33.68,1.0,1320.0,"GERYVILLE EL BAYADH, AG",22.3,E,22.3,",E",5.0,",E",3.0,",E",0.0,",E",0.0,",E",0.0,",E",0.0,",E",25.0,",E",0.0,",E",19070519.0,",,E",19070505.0,",,E",19070531.0,"+,,E",1.0,",E,19,",18.0,",,E,05,",31.0,",E,31,+",,,62.7,",E",34.8,",,,E",1.703,",E",2.506,",,,E",0.9,",,,E"
AGE00147720,1907-06-01,33.68,1.0,1320.0,"GERYVILLE EL BAYADH, AG",188.6,E,166.3,"2,E",3.0,"1,E",1.0,"1,E",0.0,"1,E",0.0,"1,E",0.0,"1,E",0.0,"1,E",28.0,"1,E",19.0,"1,E",19070615.0,"+,1,E",19070609.0,",1,E",19070630.0,"+,1,E",7.0,"1,E,15,+",5.0,"1,,E,09,",38.0,"1,E,30,+",,,2.7,"1,E",7.5,"1,,,E",2.398,"2,E",3.3310000000000004,"1,,,E",1.466,"1,,,E"
AGE00147720,1907-07-01,33.68,1.0,1320.0,"GERYVILLE EL BAYADH, AG",405.6,E,217.0,"4,E",1.0,"2,E",0.0,"2,E",0.0,"2,E",0.0,"2,E",0.0,"2,E",0.0,"2,E",29.0,"2,E",29.0,"2,E",19070702.0,",2,E",19070711.0,",2,E",19070715.0,",2,E",10.0,"2,E,02,",2.0,"2,,E,11,",41.0,"2,E,15,",0.0,E,0.0,"2,E",2.0,"2,,,E",2.636,"4,E",3.693,"2,,,E",1.579,"2,,,E"
AGE00147720,1907-08-01,33.68,1.0,1320.0,"GERYVILLE EL BAYADH, AG",649.8,E,244.2,",E",4.0,",E",2.0,",E",0.0,",E",0.0,",E",0.0,",E",0.0,",E",31.0,",E",27.0,",E",19070823.0,",,E",19070820.0,",,E",19070805.0,",,E",10.0,",E,23,",8.0,",,E,20,",42.0,",E,05,",0.0,E,0.0,",E",17.2,",,,E",2.621,",E",3.5479999999999996,",,,E",1.6940000000000002,",,,E"
AGE00147720,1907-09-01,33.68,1.0,1320.0,"GERYVILLE EL BAYADH, AG",716.5,E,66.7,",E",9.0,",E",5.0,",E",0.0,",E",0.0,",E",0.0,",E",0.0,",E",28.0,",E",2.0,",E",19070919.0,",,E",19070901.0,",,E",19070909.0,"+,,E",5.0,",E,19,",15.0,",,E,01,",35.0,",E,09,+",22.2,E,22.2,",E",37.5,",,,E",1.982,",E",2.77,",,,E",1.193,",,,E"
AGE00147720,1907-10-01,33.68,1.0,1320.0,"GERYVILLE EL BAYADH, AG",718.2,E,1.7,",E",2.0,",E",1.0,",E",0.0,",E",0.0,",E",2.0,",E",0.0,",E",13.0,",E",0.0,",E",19071026.0,",,E",19071022.0,",,E",19071020.0,"+,,E",-2.0,",E,26,",9.0,",,E,22,",28.0,",E,20,+",169.7,E,147.5,",E",10.0,",,,E",1.363,",E",2.052,",,,E",0.674,",,,E"
AGE00147720,1907-11-01,33.68,1.0,1320.0,"GERYVILLE EL BAYADH, AG",718.2,E,0.0,",E",6.0,",E",5.0,",E",1.0,",E",0.0,",E",3.0,",E",0.0,",E",0.0,",E",0.0,",E",19071126.0,"+,,E",19071102.0,",,E",19071101.0,",,E",-2.0,",E,26,+",26.0,",,E,02,",21.0,",E,01,",414.7,E,245.0,",E",48.0,",,,E",1.017,",E",1.4929999999999999,",,,E",0.54,",,,E"
AGE00147720,1907-12-01,33.68,1.0,1320.0,"GERYVILLE EL BAYADH, AG",718.2,E,0.0,"2,E",3.0,"1,E",3.0,"1,E",0.0,"1,E",0.0,"1,E",13.0,"1,E",0.0,"1,E",0.0,"1,E",0.0,"1,E",19071225.0,",1,E",19071227.0,",1,E",19071211.0,",1,E",-5.0,"1,E,25,",10.0,"1,,E,27,",19.0,"1,E,11,",729.9,E,315.2,"1,E",19.0,"1,,,E",0.748,"2,E",1.383,"1,,,E",0.11299999999999999,"1,,,E"
AGE00147720,1908-01-01,33.68,1.0,1320.0,"GERYVILLE EL BAYADH, AG",0.0,E,0.0,",E",3.0,",E",3.0,",E",0.0,",E",0.0,",E",19.0,",E",0.0,",E",0.0,",E",0.0,",E",19080128.0,",,E",19080120.0,"+,,E",19080128.0,"+,,E",-6.0,",E,28,",4.0,",,E,20,+",15.0,",E,28,+",1152.7,E,422.8,",E",11.0,",,,E",0.46900000000000003,",E",0.9869999999999999,",,,E",-0.048,",,,E"
AGE00147720,1908-02-01,33.68,1.0,1320.0,"GERYVILLE EL BAYADH, AG",0.0,E,0.0,",E",9.0,",E",8.0,",E",0.0,",E",0.0,",E",21.0,",E",3.0,",E",0.0,",E",0.0,",E",19080210.0,"+,,E",19080209.0,"+,,E",19080224.0,",,E",-7.0,",E,10,+",10.0,",,E,09,+",19.0,",E,24,",1557.4,E,404.7,",E",57.0,",,,E",0.438,",E",1.0210000000000001,",,,E",-0.145,",,,E"
AGE00147720,1908-03-01,33.68,1.0,1320.0,"GERYVILLE EL BAYADH, AG",0.0,E,0.0,",E",5.0,",E",5.0,",E",0.0,",E",0.0,",E",16.0,",E",0.0,",E",0.0,",E",0.0,",E",19080304.0,"+,,E",19080326.0,",,E",19080311.0,",,E",-4.0,",E,04,+",25.0,",,E,26,",21.0,",E,11,",1922.7,E,365.3,",E",48.6,",,,E",0.655,",E",1.239,",,,E",0.071,",,,E"
AGE00147720,1908-04-01,33.68,1.0,1320.0,"GERYVILLE EL BAYADH, AG",0.0,E,0.0,",E",2.0,",E",1.0,",E",0.0,",E",0.0,",E",7.0,",E",0.0,",E",4.0,",E",0.0,",E",19080408.0,",,E",19080424.0,",,E",19080430.0,"+,,E",-4.0,",E,08,",3.0,",,E,24,",28.0,",E,30,+",2193.7,E,271.0,",E",4.0,",,,E",0.93,",E",1.65,",,,E",0.21000000000000002,",,,E"
AGE00147720,1908-05-01,33.68,1.0,1320.0,"GERYVILLE EL BAYADH, AG",81.0,E,81.0,",E",4.0,",E",2.0,",E",1.0,",E",0.0,",E",0.0,",E",0.0,",E",27.0,",E",7.0,",E",19080513.0,",,E",19080528.0,",,E",19080504.0,",,E",5.0,",E,13,",26.0,",,E,28,",36.0,",E,04,",2229.0,E,35.3,",E",40.8,",,,E",1.9809999999999999,",E",2.823,",,,E",1.139,",,,E"
AGE00147720,1908-06-01,33.68,1.0,1320.0,"GERYVILLE EL BAYADH, AG",173.3,E,92.3,",E",4.0,",E",1.0,",E",0.0,",E",0.0,",E",0.0,",E",0.0,",E",30.0,",E",9.0,",E",19080620.0,",,E",19080614.0,",,E",19080630.0,"+,,E",5.0,",E,20,",8.0,",,E,14,",35.0,",E,30,+",2243.3,E,14.3,",E",12.0,",,,E",2.093,",E",3.02,",,,E",1.167,",,,E"
AGE00147720,1908-07-01,33.68,1.0,1320.0,"GERYVILLE EL BAYADH, AG",427.0,E,253.7,",E",4.0,",E",2.0,",E",0.0,",E",0.0,",E",0.0,",E",0.0,",E",31.0,",E",28.0,",E",19080719.0,",,E",19080708.0,",,E",19080716.0,",,E",11.0,",E,19,",5.0,",,E,08,",41.0,",E,16,",0.0,E,0.0,",E",12.0,",,,E",2.652,",E",3.6060000000000003,",,,E",1.6969999999999998,",,,E"
AGE00147720,1908-08-01,33.68,1.0,1320.0,"GERYVILLE EL BAYADH, AG",671.7,E,244.7,",E",3.0,",E",2.0,",E",0.0,",E",0.0,",E",0.0,",E",0.0,",E",31.0,",E",30.0,",E",19080802.0,",,E",19080823.0,",,E",19080808.0,",,E",10.0,",E,02,",10.0,",,E,23,",40.0,",E,08,",0.0,E,0.0,",E",15.0,",,,E",2.623,",E",3.5520000000000005,",,,E",1.6940000000000002,",,,E"
AGE00147720,1908-09-01,33.68,1.0,1320.0,"GERYVILLE EL BAYADH, AG",815.0,E,143.3,",E",5.0,",E",5.0,",E",2.0,",E",0.0,",E",0.0,",E",0.0,",E",30.0,",E",12.0,",E",19080922.0,",,E",19080930.0,",,E",19080903.0,",,E",7.0,",E,22,",29.0,",,E,30,",37.0,",E,03,",0.3,E,0.3,",E",86.0,",,,E",2.31,",E",3.133,",,,E",1.4869999999999999,",,,E"
AGE00147720,1908-10-01,33.68,1.0,1320.0,"GERYVILLE EL BAYADH, AG",823.0,E,8.0,",E",4.0,",E",4.0,",E",0.0,",E",0.0,",E",0.0,",E",0.0,",E",23.0,",E",0.0,",E",19081027.0,"+,,E",19081022.0,",,E",19081013.0,"+,,E",3.0,",E,27,+",11.0,",,E,22,",29.0,",E,13,+",81.1,E,80.8,",E",25.5,",,,E",1.598,",E",2.384,",,,E",0.8130000000000001,",,,E"
AGE00147720,1908-11-01,33.68,1.0,1320.0,"GERYVILLE EL BAYADH, AG",823.0,E,0.0,",E",2.0,",E",2.0,",E",0.0,",E",0.0,",E",7.0,",E",0.0,",E",3.0,",E",0.0,",E",19081125.0,",,E",19081109.0,",,E",19081101.0,",,E",-3.0,",E,25,",12.0,",,E,09,",24.0,",E,01,",323.1,E,242.0,",E",20.0,",,,E",1.027,",E",1.703,",,,E",0.35,",,,E"
AGE00147720,1908-12-01,33.68,1.0,1320.0,"GERYVILLE EL BAYADH, AG",823.0,E,0.0,",E",8.0,",E",8.0,",E",2.0,",E",0.0,",E",18.0,",E",0.0,",E",0.0,",E",0.0,",E",19081225.0,"+,,E",19081218.0,",,E",19081205.0,",,E",-3.0,",E,25,+",60.0,",,E,18,",18.0,",E,05,",729.4,E,406.3,",E",164.3,",,,E",0.523,",E",1.035,",,,E",0.01,",,,E"
AGE00147720,1909-01-01,33.68,1.0,1320.0,"GERYVILLE EL BAYADH, AG",0.0,E,0.0,",E",1.0,",E",1.0,",E",0.0,",E",0.0,",E",28.0,",E",0.0,",E",0.0,",E",0.0,",E",19090112.0,",,E",19090125.0,",,E",19090131.0,"+,,E",-12.0,",E,12,",8.9,",,E,25,",13.0,",E,31,+",1234.7,E,505.3,",E",8.9,",,,E",0.20299999999999999,",E",0.8029999999999999,",,,E",-0.397,",,,E"
AGE00147720,1909-02-01,33.68,1.0,1320.0,"GERYVILLE EL BAYADH, AG",0.0,E,0.0,",E",3.0,",E",2.0,",E",0.0,",E",0.0,",E",28.0,",E",0.0,",E",0.0,",E",0.0,",E",19090206.0,"+,,E",19090228.0,",,E",19090205.0,",,E",-8.0,",E,06,+",8.0,",,E,28,",17.0,",E,05,",1643.5,E,408.8,",E",14.0,",,,E",0.373,",E",1.139,",,,E",-0.393,",,,E"
AGE00147720,1909-03-01,33.68,1.0,1320.0,"GERYVILLE EL BAYADH, AG",0.0,E,0.0,",E",3.0,",E",3.0,",E",0.0,",E",0.0,",E",16.0,",E",0.0,",E",1.0,",E",0.0,",E",19090331.0,"+,,E",19090322.0,",,E",19090328.0,",,E",-4.0,",E,31,+",12.0,",,E,22,",22.0,",E,28,",1958.8,E,315.3,",E",25.6,",,,E",0.8160000000000001,",E",1.565,",,,E",0.068,",,,E"
AGE00147720,1909-04-01,33.68,1.0,1320.0,"GERYVILLE EL BAYADH, AG",4.0,E,4.0,",E",4.0,",E",4.0,",E",2.0,",E",0.0,",E",2.0,",E",0.0,",E",16.0,",E",0.0,",E",19090404.0,",,E",19090428.0,",,E",19090425.0,",,E",-3.0,",E,04,",71.0,",,E,28,",31.0,",E,25,",2101.8,E,143.0,",E",142.8,",,,E",1.3699999999999999,",E",2.183,",,,E",0.557,",,,E"
AGE00147720,1909-05-01,33.68,1.0,1320.0,"GERYVILLE EL BAYADH, AG",8.8,E,4.8,"5,E",5.0,"3,E",5.0,"3,E",2.0,"3,E",0.0,"3,E",0.0,"3,E",0.0,"3,E",19.0,"3,E",0.0,"3,E",19090514.0,",3,E",19090507.0,",3,E",19090531.0,",3,E",4.0,"3,E,14,",91.0,"3,,E,07,",30.0,"3,E,31,",2168.8,E,67.0,"3,E",202.0,"3,,,E",1.607,"5,E",2.325,"3,,,E",0.889,"3,,,E"
AGE00147720,1909-06-01,33.68,1.0,1320.0,"GERYVILLE EL BAYADH, AG",103.3,E,94.5,"3,E",5.0,"2,E",5.0,"2,E",2.0,"2,E",0.0,"2,E",0.0,"2,E",0.0,"2,E",28.0,"2,E",10.0,"2,E",19090613.0,"+,2,E",19090618.0,",2,E",19090630.0,"+,2,E",8.0,"2,E,13,+",33.0,"2,,E,18,",36.0,"2,E,30,+",2172.8,E,4.0,"2,E",111.0,"2,,,E",2.161,"3,E",3.032,"2,,,E",1.2890000000000001,"2,,,E"
AGE00147720,1909-07-01,33.68,1.0,1320.0,"GERYVILLE EL BAYADH, AG",319.5,E,216.2,",E",2.0,",E",2.0,",E",0.0,",E",0.0,",E",0.0,",E",0.0,",E",31.0,",E",28.0,",E",19090704.0,",,E",19090715.0,",,E",19090725.0,",,E",8.0,",E,04,",8.0,",,E,15,",41.0,",E,25,",0.0,E,0.0,",E",14.0,",,,E",2.5309999999999997,",E",3.5479999999999996,",,,E",1.5130000000000001,",,,E"
AGE00147720,1909-08-01,33.68,1.0,1320.0,"GERYVILLE EL BAYADH, AG",569.2,E,249.7,",E",5.0,",E",5.0,",E",0.0,",E",0.0,",E",0.0,",E",0.0,",E",31.0,",E",31.0,",E",19090815.0,",,E",19090807.0,",,E",19090801.0,",,E",10.0,",E,15,",20.0,",,E,07,",44.0,",E,01,",0.0,E,0.0,",E",54.0,",,,E",2.6390000000000002,",E",3.665,",,,E",1.613,",,,E"
AGE00147720,1909-09-01,33.68,1.0,1320.0,"GERYVILLE EL BAYADH, AG",644.5,E,75.3,",E",2.0,",E",2.0,",E",0.0,",E",0.0,",E",0.0,",E",0.0,",E",30.0,",E",4.0,",E",19090918.0,",,E",19090909.0,",,E",19090912.0,",,E",4.0,",E,18,",5.1,",,E,09,",37.0,",E,12,",6.8,E,6.8,",E",10.1,",,,E",2.0620000000000003,",E",3.0170000000000003,",,,E",1.107,",,,E"
AGE00147720,1909-10-01,33.68,1.0,1320.0,"GERYVILLE EL BAYADH, AG",652.5,E,8.0,",E",5.0,",E",5.0,",E",0.0,",E",0.0,",E",2.0,",E",0.0,",E",19.0,",E",1.0,",E",19091031.0,"+,,E",19091028.0,",,E",19091007.0,",,E",0.0,",E,31,+",6.0,",,E,28,",35.0,",E,07,",137.6,E,130.8,",E",22.0,",,,E",1.4369999999999998,",E",2.1710000000000003,",,,E",0.7030000000000001,",,,E"
AGE00147720,1909-11-01,33.68,1.0,1320.0,"GERYVILLE EL BAYADH, AG",652.5,E,0.0,",E",7.0,",E",7.0,",E",0.0,",E",0.0,",E",3.0,",E",0.0,",E",0.0,",E",0.0,",E",19091128.0,",,E",19091128.0,",,E",19091121.0,"+,,E",-4.0,",E,28,",13.4,",,E,28,",20.0,",E,21,+",407.1,E,269.5,",E",40.9,",,,E",0.9349999999999999,",E",1.433,",,,E",0.437,",,,E"
AGE00147720,1909-12-01,33.68,1.0,1320.0,"GERYVILLE EL BAYADH, AG",652.5,E,0.0,",E",4.0,",E",3.0,",E",0.0,",E",0.0,",E",18.0,",E",0.0,",E",0.0,",E",0.0,",E",19091209.0,",,E",19091211.0,",,E",19091220.0,",,E",-5.0,",E,09,",12.0,",,E,11,",18.0,",E,20,",801.9,E,394.8,",E",21.7,",,,E",0.5599999999999999,",E",1.155,",,,E",-0.034999999999999996,",,,E"
AGE00147720,1910-01-01,33.68,1.0,1320.0,"GERYVILLE EL BAYADH, AG",0.0,E,0.0,",E",7.0,",E",2.0,",E",0.0,",E",0.0,",E",25.0,",E",0.0,",E",0.0,",E",0.0,",E",19100122.0,"+,,E",19100113.0,",,E",19100116.0,",,E",-7.0,",E,22,+",4.0,",,E,13,",15.0,",E,16,",1287.7,E,485.8,",E",15.2,",,,E",0.266,",E",0.89,",,,E",-0.358,",,,E"
AGE00147720,1910-02-01,33.68,1.0,1320.0,"GERYVILLE EL BAYADH, AG",0.0,E,0.0,",E",1.0,",E",1.0,",E",0.0,",E",0.0,",E",20.0,",E",0.0,",E",2.0,",E",0.0,",E",19100213.0,"+,,E",19100209.0,",,E",19100223.0,"+,,E",-8.0,",E,13,+",3.0,",,E,09,",22.0,",E,23,+",1634.5,E,346.8,",E",3.0,",,,E",0.595,",E",1.404,",,,E",-0.21400000000000002,",,,E"
AGE00147720,1910-03-01,33.68,1.0,1320.0,"GERYVILLE EL BAYADH, AG",0.0,E,0.0,",E",4.0,",E",3.0,",E",0.0,",E",0.0,",E",15.0,",E",0.0,",E",2.0,",E",0.0,",E",19100322.0,"+,,E",19100331.0,",,E",19100325.0,"+,,E",-6.0,",E,22,+",6.0,",,E,31,",22.0,",E,25,+",1958.3,E,323.8,",E",17.0,",,,E",0.7889999999999999,",E",1.545,",,,E",0.032,",,,E"
AGE00147720,1910-04-01,33.68,1.0,1320.0,"GERYVILLE EL BAYADH, AG",1.2,E,1.2,",E",5.0,",E",2.0,",E",1.0,",E",0.0,",E",9.0,",E",0.0,",E",11.0,",E",0.0,",E",19100403.0,",,E",19100430.0,",,E",19100426.0,"+,,E",-6.0,",E,03,",33.0,",,E,30,",29.0,",E,26,+",2176.5,E,218.2,",E",42.0,",,,E",1.1099999999999999,",E",1.97,",,,E",0.25,",,,E"
AGE00147720,1910-05-01,33.68,1.0,1320.0,"GERYVILLE EL BAYADH, AG",1.2,E,0.0,"2,E",12.0,"1,E",7.0,"1,E",1.0,"1,E",0.0,"1,E",3.0,"1,E",0.0,"1,E",10.0,"1,E",0.0,"1,E",19100504.0,"+,1,E",19100528.0,",1,E",19100508.0,",1,E",-2.0,"1,E,04,+",38.5,"1,,E,28,",25.0,"1,E,08,",2358.2,E,181.7,"1,E",99.8,"1,,,E",1.2,"2,E",1.94,"1,,,E",0.45999999999999996,"1,,,E"
AGE00147720,1910-08-01,33.68,1.0,1320.0,"GERYVILLE EL BAYADH, AG",,,226.8,"2,E",1.0,"1,E",0.0,"1,E",0.0,"1,E",0.0,"1,E",0.0,"1,E",0.0,"1,E",30.0,"1,E",27.0,"1,E",19100819.0,",1,E",19100801.0,",1,E",19100805.0,",1,E",11.0,"1,E,19,",0.4,"1,,E,01,",42.0,"1,E,05,",,,0.0,"1,E",0.6,"1,,,E",2.607,"2,E",3.597,"1,,,E",1.6170000000000002,"1,,,E"
AGE00147720,1910-09-01,33.68,1.0,1320.0,"GERYVILLE EL BAYADH, AG",,,39.8,"3,E",3.0,"1,E",0.0,"1,E",0.0,"1,E",0.0,"2,E",0.0,"2,E",0.0,"1,E",28.0,"1,E",1.0,"1,E",19100927.0,"+,2,E",19100905.0,",1,E",19100904.0,",1,E",3.0,"2,E,27,+",1.7,"1,,E,05,",33.0,"1,E,04,",,,23.8,"1,E",4.0,"1,,,E",1.9129999999999998,"3,E",2.762,"1,,,E",1.064,"2,,,E"
AGE00147720,1910-10-01,33.68,1.0,1320.0,"GERYVILLE EL BAYADH, AG",,,,,1.0,"3,E",1.0,"3,E",0.0,"3,E",0.0,"3,E",0.0,"3,E",0.0,"3,E",28.0,"3,E",1.0,"3,E",19101022.0,",3,E",19101002.0,",3,E",19101009.0,",3,E",3.0,"3,E,22,",7.0,"3,,E,02,",33.0,"3,E,09,",,,,,7.0,"3,,,E",1.855,"6,E",2.596,"3,,,E",1.114,"3,,,E"
AGE00147720,1910-11-01,33.68,1.0,1320.0,"GERYVILLE EL BAYADH, AG",,,0.0,"3,E",2.0,"1,E",1.0,"1,E",0.0,"1,E",0.0,"1,E",13.0,"1,E",0.0,"2,E",3.0,"2,E",0.0,"2,E",19101127.0,",1,E",19101110.0,",1,E",19101104.0,",2,E",-5.0,"1,E,27,",8.0,"1,,E,10,",24.0,"2,E,04,",,,237.0,"2,E",9.9,"1,,,E",0.961,"3,E",1.764,"2,,,E",0.159,"1,,,E"
AGE00147720,1910-12-01,33.68,1.0,1320.0,"GERYVILLE EL BAYADH, AG",,,0.0,"1,E",9.0,",E",2.0,",E",0.0,",E",0.0,",E",15.0,",E",0.0,"1,E",0.0,"1,E",0.0,"1,E",19101231.0,",,E",19101219.0,",,E",19101208.0,",1,E",-9.0,",E,31,",7.0,",,E,19,",21.0,"1,E,08,",,,383.0,"1,E",22.0,",,,E",0.5549999999999999,"1,E",1.08,"1,,,E",0.028999999999999998,",,,E"
AGE00147720,1911-01-01,33.68,1.0,1320.0,"GERYVILLE EL BAYADH, AG",0.0,E,0.0,",E",10.0,",E",6.0,",E",0.0,",E",0.0,",E",30.0,",E",0.0,",E",0.0,",E",0.0,",E",19110114.0,"+,,E",19110121.0,",,E",19110131.0,",,E",-8.0,",E,14,+",19.6,",,E,21,",12.0,",E,31,",,,551.8,",E",50.2,",,,E",0.053000000000000005,",E",0.5,",,,E",-0.394,",,,E"
AGE00147720,1911-02-01,33.68,1.0,1320.0,"GERYVILLE EL BAYADH, AG",,,,,6.0,"3,E",5.0,"3,E",0.0,"3,E",0.0,"3,E",18.0,"3,E",0.0,"3,E",0.0,"3,E",0.0,"3,E",19110209.0,",3,E",19110220.0,",3,E",19110228.0,",3,E",-10.0,"3,E,09,",19.6,"3,,E,20,",19.0,"3,E,28,",,,,,45.1,"3,,,E",0.462,"6,E",1.128,"3,,,E",-0.20400000000000001,"3,,,E"
AGE00147720,1911-03-01,33.68,1.0,1320.0,"GERYVILLE EL BAYADH, AG",,,0.0,"2,E",14.0,"1,E",8.0,"1,E",1.0,"1,E",0.0,"1,E",16.0,"1,E",0.0,"1,E",0.0,"1,E",0.0,"1,E",19110324.0,"+,1,E",19110309.0,",1,E",19110331.0,"+,1,E",-3.0,"1,E,24,+",27.9,"1,,E,09,",21.0,"1,E,31,+",,,335.7,"1,E",89.2,"1,,,E",0.682,"2,E",1.347,"1,,,E",0.017,"1,,,E"
AGE00147720,1911-04-01,33.68,1.0,1320.0,"GERYVILLE EL BAYADH, AG",,,0.2,"1,E",3.0,",E",2.0,",E",0.0,",E",0.0,"1,E",8.0,"1,E",0.0,",E",5.0,",E",0.0,",E",19110421.0,",1,E",19110410.0,",,E",19110429.0,",,E",-3.0,"1,E,21,",10.9,",,E,10,",28.0,",E,29,",,,218.8,",E",15.5,",,,E",1.082,"1,E",1.8530000000000002,",,,E",0.31,"1,,,E"
AGE00147720,1911-05-01,33.68,1.0,1320.0,"GERYVILLE EL BAYADH, AG",,,8.0,"2,E",2.0,"1,E",1.0,"1,E",0.0,"1,E",0.0,"1,E",1.0,"1,E",0.0,"1,E",22.0,"1,E",0.0,"1,E",19110502.0,",1,E",19110509.0,",1,E",19110512.0,",1,E",-2.0,"1,E,02,",4.3,"1,,E,09,",29.0,"1,E,12,",,,105.2,"1,E",5.7,"1,,,E",1.5070000000000001,"2,E",2.33,"1,,,E",0.683,"1,,,E"
AGE00147720,1911-06-01,33.68,1.0,1320.0,"GERYVILLE EL BAYADH, AG",,,145.8,"4,E",0.0,"2,E",0.0,"2,E",0.0,"2,E",0.0,"2,E",1.0,"2,E",0.0,"2,E",27.0,"2,E",15.0,"2,E",19110614.0,",2,E",19110601.0,",2,E",19110619.0,",2,E",-1.0,"2,E,14,",0.2,"2,,E,01,",39.0,"2,E,19,",,,8.0,"2,E",0.2,"2,,,E",2.3129999999999997,"4,E",3.214,"2,,,E",1.411,"2,,,E"
AGE00147720,1911-07-01,33.68,1.0,1320.0,"GERYVILLE EL BAYADH, AG",,,165.8,"2,E",4.0,"1,E",2.0,"1,E",0.0,"1,E",0.0,"1,E",0.0,"1,E",0.0,"1,E",30.0,"1,E",18.0,"1,E",19110719.0,"+,1,E",19110724.0,",1,E",19110715.0,",1,E",9.0,"1,E,19,+",13.5,"1,,E,24,",37.0,"1,E,15,",0.0,E,0.0,"1,E",20.3,"1,,,E",2.412,"2,E",3.2969999999999997,"1,,,E",1.527,"1,,,E"
AGE00147720,1911-08-01,33.68,1.0,1320.0,"GERYVILLE EL BAYADH, AG",,,193.8,"2,E",3.0,"1,E",1.0,"1,E",0.0,"1,E",0.0,"1,E",0.0,"1,E",0.0,"1,E",30.0,"1,E",26.0,"1,E",19110810.0,",1,E",19110809.0,",1,E",19110805.0,",1,E",10.0,"1,E,10,",15.4,"1,,E,09,",41.0,"1,E,05,",0.0,E,0.0,"1,E",17.7,"1,,,E",2.502,"2,E",3.4829999999999997,"1,,,E",1.52,"1,,,E"
AGE00147720,1911-09-01,33.68,1.0,1320.0,"GERYVILLE EL BAYADH, AG",,,94.8,"2,E",0.0,"1,E",0.0,"1,E",0.0,"1,E",0.0,"1,E",0.0,"1,E",0.0,"1,E",29.0,"1,E",8.0,"1,E",19110924.0,"+,1,E",19110930.0,"+,1,E",19110910.0,",1,E",4.0,"1,E,24,+",0.0,"1,,E,30,+",39.0,"1,E,10,",16.7,E,16.7,"1,E",0.0,"1,,,E",2.116,"2,E",3.024,"1,,,E",1.207,"1,,,E"
AGE00147720,1911-10-01,33.68,1.0,1320.0,"GERYVILLE EL BAYADH, AG",,,13.0,",E",5.0,",E",4.0,",E",0.0,",E",0.0,",E",0.0,",E",0.0,",E",23.0,",E",0.0,",E",19111028.0,",,E",19111012.0,",,E",19111013.0,",,E",1.0,",E,28,",7.4,",,E,12,",31.0,",E,13,",120.5,E,103.8,",E",27.1,",,,E",1.54,",E",2.3449999999999998,",,,E",0.735,",,,E"
AGE00147720,1911-11-01,33.68,1.0,1320.0,"GERYVILLE EL BAYADH, AG",,,0.0,"2,E",5.0,"1,E",4.0,"1,E",0.0,"1,E",0.0,"1,E",8.0,"1,E",0.0,"1,E",0.0,"1,E",0.0,"1,E",19111117.0,"+,1,E",19111129.0,",1,E",19111121.0,"+,1,E",-3.0,"1,E,17,+",9.0,"1,,E,29,",20.0,"1,E,21,+",400.8,E,280.3,"1,E",27.6,"1,,,E",0.8380000000000001,"2,E",1.4380000000000002,"1,,,E",0.238,"1,,,E"
AGE00147720,1912-01-01,33.68,1.0,1320.0,"GERYVILLE EL BAYADH, AG",0.0,E,0.0,",E",9.0,",E",7.0,",E",0.0,",E",0.0,",E",19.0,",E",0.0,",E",0.0,",E",0.0,",E",19120106.0,"+,,E",19120114.0,",,E",19120109.0,"+,,E",-8.0,",E,06,+",12.0,",,E,14,",15.0,",E,09,+",,,427.3,",E",49.5,",,,E",0.45499999999999996,",E",1.065,",,,E",-0.155,",,,E"
AGE00147720,1912-02-01,33.68,1.0,1320.0,"GERYVILLE EL BAYADH, AG",0.0,E,0.0,",E",4.0,",E",3.0,",E",0.0,",E",0.0,",E",13.0,",E",0.0,",E",5.0,",E",0.0,",E",19120217.0,"+,,E",19120212.0,",,E",19120224.0,",,E",-3.0,",E,17,+",6.5,",,E,12,",25.0,",E,24,",,,260.7,",E",18.2,",,,E",0.9339999999999999,",E",1.659,",,,E",0.21000000000000002,",,,E"
AGE00147720,1912-03-01,33.68,1.0,1320.0,"GERYVILLE EL BAYADH, AG",0.0,E,0.0,"2,E",5.0,"1,E",3.0,"1,E",0.0,"1,E",0.0,"1,E",6.0,"1,E",0.0,"1,E",13.0,"1,E",0.0,"1,E",19120321.0,",1,E",19120315.0,",1,E",19120303.0,",1,E",-3.0,"1,E,21,",8.1,"1,,E,15,",27.0,"1,E,03,",,,205.7,"1,E",21.8,"1,,,E",1.1320000000000001,"2,E",1.937,"1,,,E",0.327,"1,,,E"
AGE00147720,1912-04-01,33.68,1.0,1320.0,"GERYVILLE EL BAYADH, AG",0.0,E,0.0,",E",14.0,",E",10.0,",E",0.0,",E",0.0,",E",7.0,",E",0.0,",E",2.0,",E",0.0,",E",19120429.0,"+,,E",19120419.0,",,E",19120411.0,",,E",-1.0,",E,29,+",16.0,",,E,19,",24.0,",E,11,",,,251.0,",E",74.3,",,,E",0.9970000000000001,",E",1.677,",,,E",0.317,",,,E"
AGE00147720,1912-05-01,33.68,1.0,1320.0,"GERYVILLE EL BAYADH, AG",47.8,E,47.8,"2,E",1.0,"1,E",1.0,"1,E",0.0,"1,E",0.0,"1,E",3.0,"1,E",0.0,"1,E",28.0,"1,E",3.0,"1,E",19120503.0,",1,E",19120524.0,",1,E",19120520.0,",1,E",-4.0,"1,E,03,",8.8,"1,,E,24,",34.0,"1,E,20,",,,43.0,"1,E",8.8,"1,,,E",1.85,"2,E",2.827,"1,,,E",0.873,"1,,,E"
AGE00147720,1912-06-01,33.68,1.0,1320.0,"GERYVILLE EL BAYADH, AG",148.3,E,100.5,",E",2.0,",E",2.0,",E",0.0,",E",0.0,",E",0.0,",E",0.0,",E",28.0,",E",13.0,",E",19120614.0,",,E",19120608.0,",,E",19120622.0,",,E",4.0,",E,14,",6.0,",,E,08,",40.0,",E,22,",,,27.0,",E",10.2,",,,E",2.0780000000000003,",E",3.08,",,,E",1.077,",,,E"
AGE00147720,1912-07-01,33.68,1.0,1320.0,"GERYVILLE EL BAYADH, AG",412.5,E,264.2,",E",0.0,",E",0.0,",E",0.0,",E",0.0,",E",0.0,",E",0.0,",E",31.0,",E",28.0,",E",19120729.0,"+,,E",19120731.0,"+,,E",19120731.0,"+,,E",11.0,",E,29,+",0.0,",,E,31,+",39.0,",E,31,+",0.0,E,0.0,",E",0.0,",,,E",2.685,",E",3.6350000000000002,",,,E",1.735,",,,E"
AGE00147720,1912-08-01,33.68,1.0,1320.0,"GERYVILLE EL BAYADH, AG",648.7,E,236.2,",E",4.0,",E",3.0,",E",0.0,",E",0.0,",E",0.0,",E",0.0,",E",31.0,",E",26.0,",E",19120828.0,"+,,E",19120819.0,",,E",19120812.0,",,E",12.0,",E,28,+",8.2,",,E,19,",43.0,",E,12,",0.0,E,0.0,",E",18.4,",,,E",2.5949999999999998,",E",3.594,",,,E",1.597,",,,E"
AGE00147720,1912-09-01,33.68,1.0,1320.0,"GERYVILLE EL BAYADH, AG",684.9,E,36.2,",E",9.0,",E",9.0,",E",0.0,",E",0.0,",E",0.0,",E",0.0,",E",23.0,",E",1.0,",E",19120927.0,",,E",19120928.0,"+,,E",19120908.0,",,E",3.0,",E,27,",15.2,",,E,28,+",33.0,",E,08,",42.2,E,42.2,",E",91.1,",,,E",1.813,",E",2.573,",,,E",1.053,",,,E"
AGE00147720,1912-10-01,33.68,1.0,1320.0,"GERYVILLE EL BAYADH, AG",686.7,E,1.8,",E",10.0,",E",9.0,",E",0.0,",E",0.0,",E",0.0,",E",0.0,",E",7.0,",E",0.0,",E",19121006.0,",,E",19121012.0,",,E",19121002.0,",,E",1.0,",E,06,",17.2,",,E,12,",27.0,",E,02,",199.9,E,157.7,",E",81.3,",,,E",1.331,",E",1.9420000000000002,",,,E",0.7190000000000001,",,,E"
AGE00147720,1912-11-01,33.68,1.0,1320.0,"GERYVILLE EL BAYADH, AG",686.7,E,0.0,"2,E",4.0,"1,E",4.0,"1,E",0.0,"1,E",0.0,"1,E",17.0,"1,E",0.0,"1,E",1.0,"1,E",0.0,"1,E",19121116.0,",1,E",19121119.0,",1,E",19121101.0,",1,E",-8.0,"1,E,16,",11.4,"1,,E,19,",22.0,"1,E,01,",523.7,E,323.8,"1,E",29.6,"1,,,E",0.6639999999999999,"2,E",1.3619999999999999,"1,,,E",-0.034,"1,,,E"
AGE00147720,1912-12-01,33.68,1.0,1320.0,"GERYVILLE EL BAYADH, AG",686.7,E,0.0,"2,E",2.0,"1,E",1.0,"1,E",0.0,"1,E",0.0,"1,E",29.0,"1,E",0.0,"1,E",0.0,"1,E",0.0,"1,E",19121213.0,",1,E",19121219.0,",1,E",19121229.0,"+,1,E",-8.0,"1,E,13,",6.2,"1,,E,19,",17.0,"1,E,29,+",944.9,E,421.2,"1,E",8.0,"1,,,E",0.387,"2,E",1.083,"1,,,E",-0.31,"1,,,E"
AGE00147720,1913-03-01,33.68,1.0,1320.0,"GERYVILLE EL BAYADH, AG",,,,,7.0,"4,E",2.0,"4,E",0.0,"4,E",0.0,"4,E",8.0,"4,E",0.0,"4,E",2.0,"4,E",0.0,"4,E",19130305.0,",4,E",19130325.0,",4,E",19130310.0,",4,E",-4.0,"4,E,05,",6.0,"4,,E,25,",24.0,"4,E,10,",,,,,17.4,"4,,,E",0.9720000000000001,"6,E",1.693,"4,,,E",0.252,"4,,,E"
AGE00147720,1913-04-01,33.68,1.0,1320.0,"GERYVILLE EL BAYADH, AG",,,0.2,"4,E",5.0,"1,E",1.0,"1,E",0.0,"1,E",0.0,"2,E",9.0,"2,E",0.0,"2,E",11.0,"2,E",0.0,"2,E",19130401.0,",2,E",19130425.0,",1,E",19130429.0,",2,E",-2.0,"2,E,01,",6.8,"1,,E,25,",28.0,"2,E,29,",,,186.3,"2,E",10.8,"1,,,E",1.114,"4,E",1.95,"2,,,E",0.279,"2,,,E"
AGE00147720,1913-05-01,33.68,1.0,1320.0,"GERYVILLE EL BAYADH, AG",,,25.8,",E",3.0,",E",1.0,",E",0.0,",E",0.0,",E",0.0,",E",0.0,",E",24.0,",E",2.0,",E",19130516.0,"+,,E",19130514.0,",,E",19130531.0,",,E",1.0,",E,16,+",5.0,",,E,14,",35.0,",E,31,",,,89.2,",E",6.3,",,,E",1.629,",E",2.535,",,,E",0.7230000000000001,",,,E"
AGE00147720,1913-06-01,33.68,1.0,1320.0,"GERYVILLE EL BAYADH, AG",,,150.3,",E",5.0,",E",1.0,",E",0.0,",E",0.0,",E",0.0,",E",0.0,",E",30.0,",E",15.0,",E",19130604.0,",,E",19130608.0,",,E",19130625.0,",,E",5.0,",E,04,",10.2,",,E,08,",37.0,",E,25,",,,8.3,",E",12.9,",,,E",2.307,",E",3.223,",,,E",1.3900000000000001,",,,E"
AGE00147720,1913-08-01,33.68,1.0,1320.0,"GERYVILLE EL BAYADH, AG",,,215.7,",E",2.0,",E",0.0,",E",0.0,",E",0.0,",E",0.0,",E",0.0,",E",31.0,",E",28.0,",E",19130815.0,",,E",19130820.0,",,E",19130812.0,"+,,E",10.0,",E,15,",2.4,",,E,20,",37.0,",E,12,+",,,0.0,",E",2.8,",,,E",2.529,",E",3.4450000000000003,",,,E",1.613,",,,E"
AGE00147720,1913-09-01,33.68,1.0,1320.0,"GERYVILLE EL BAYADH, AG",,,89.2,",E",1.0,",E",0.0,",E",0.0,",E",0.0,",E",0.0,",E",0.0,",E",30.0,",E",8.0,",E",19130919.0,",,E",19130908.0,",,E",19130903.0,",,E",2.0,",E,19,",1.8,",,E,08,",37.0,",E,03,",,,10.2,",E",1.8,",,,E",2.097,",E",3.02,",,,E",1.173,",,,E"
AGE00147720,1913-10-01,33.68,1.0,1320.0,"GERYVILLE EL BAYADH, AG",,,6.3,",E",4.0,",E",2.0,",E",0.0,",E",0.0,",E",0.0,",E",0.0,",E",25.0,",E",0.0,",E",19131016.0,",,E",19131002.0,",,E",19131012.0,",,E",1.0,",E,16,",6.8,",,E,02,",28.0,",E,12,",,,92.2,",E",14.4,",,,E",1.556,",E",2.323,",,,E",0.79,",,,E"
AGE00147720,1913-11-01,33.68,1.0,1320.0,"GERYVILLE EL BAYADH, AG",,,0.0,"3,E",3.0,"1,E",1.0,"1,E",0.0,"1,E",0.0,"2,E",4.0,"2,E",0.0,"1,E",2.0,"1,E",0.0,"1,E",19131124.0,"+,2,E",19131127.0,",1,E",19131121.0,"+,1,E",-3.0,"2,E,24,+",5.2,"1,,E,27,",23.0,"1,E,21,+",,,214.0,"1,E",6.4,"1,,,E",1.053,"3,E",1.7100000000000002,"1,,,E",0.396,"2,,,E"
AGE00147720,1913-12-01,33.68,1.0,1320.0,"GERYVILLE EL BAYADH, AG",,,0.0,",E",4.0,",E",0.0,",E",0.0,",E",0.0,",E",26.0,",E",0.0,",E",0.0,",E",0.0,",E",19131214.0,"+,,E",19131228.0,",,E",19131214.0,"+,,E",-7.0,",E,14,+",1.6,",,E,28,",18.0,",E,14,+",,,406.3,",E",4.8,",,,E",0.523,",E",1.29,",,,E",-0.24500000000000002,",,,E"
AGE00147720,1914-01-01,33.68,1.0,1320.0,"GERYVILLE EL BAYADH, AG",0.0,E,0.0,"4,E",9.0,"2,E",6.0,"2,E",0.0,"2,E",0.0,"2,E",22.0,"2,E",2.0,"2,E",0.0,"2,E",0.0,"2,E",19140109.0,",2,E",19140102.0,",2,E",19140128.0,",2,E",-7.0,"2,E,09,",17.8,"2,,E,02,",15.0,"2,E,28,",,,421.5,"2,E",62.6,"2,,,E",0.29300000000000004,"4,E",0.776,"2,,,E",-0.19,"2,,,E"
AGE00147720,1914-02-01,33.68,1.0,1320.0,"GERYVILLE EL BAYADH, AG",0.0,E,0.0,"2,E",14.0,",E",7.0,",E",0.0,",E",0.0,"1,E",15.0,"1,E",0.0,"1,E",0.0,"1,E",0.0,"1,E",19140201.0,",1,E",19140227.0,",,E",19140222.0,",1,E",-5.0,"1,E,01,",7.0,",,E,27,",18.0,"1,E,22,",,,343.2,"1,E",41.0,",,,E",0.52,"2,E",1.041,"1,,,E",0.0,"1,,,E"
AGE00147720,1914-03-01,33.68,1.0,1320.0,"GERYVILLE EL BAYADH, AG",0.0,E,0.0,",E",3.0,",E",1.0,",E",0.0,",E",0.0,",E",15.0,",E",0.0,",E",5.0,",E",0.0,",E",19140305.0,"+,,E",19140313.0,",,E",19140331.0,"+,,E",-5.0,",E,05,+",6.0,",,E,13,",25.0,",E,31,+",,,289.8,",E",7.8,",,,E",0.898,",E",1.7420000000000002,",,,E",0.05500000000000001,",,,E"
AGE00147720,1914-04-01,33.68,1.0,1320.0,"GERYVILLE EL BAYADH, AG",0.0,E,0.0,"2,E",8.0,",E",4.0,",E",0.0,",E",0.0,"2,E",2.0,"2,E",0.0,",E",18.0,",E",0.0,",E",19140414.0,",2,E",19140426.0,",,E",19140430.0,"+,,E",-1.0,"2,E,14,",18.0,",,E,26,",26.0,",E,30,+",,,139.8,",E",47.7,",,,E",1.335,"2,E",2.183,",,,E",0.48600000000000004,"2,,,E"
AGE00147720,1914-05-01,33.68,1.0,1320.0,"GERYVILLE EL BAYADH, AG",10.7,E,10.7,",E",5.0,",E",4.0,",E",0.0,",E",0.0,",E",1.0,",E",0.0,",E",23.0,",E",0.0,",E",19140511.0,",,E",19140524.0,",,E",19140508.0,",,E",-2.0,",E,11,",16.6,",,E,24,",30.0,",E,08,",,,95.0,",E",36.2,",,,E",1.561,",E",2.394,",,,E",0.729,",,,E"
AGE00147720,1914-07-01,33.68,1.0,1320.0,"GERYVILLE EL BAYADH, AG",,,213.8,"2,E",3.0,"1,E",1.0,"1,E",0.0,"1,E",0.0,"1,E",0.0,"1,E",0.0,"1,E",30.0,"1,E",26.0,"1,E",19140703.0,",1,E",19140718.0,",1,E",19140717.0,",1,E",11.0,"1,E,03,",4.6,"1,,E,18,",39.0,"1,E,17,",0.0,E,0.0,"1,E",7.6,"1,,,E",2.565,"2,E",3.5229999999999997,"1,,,E",1.607,"1,,,E"
AGE00147720,1914-08-01,33.68,1.0,1320.0,"GERYVILLE EL BAYADH, AG",,,177.7,"3,E",5.0,"1,E",4.0,"1,E",0.0,"1,E",0.0,"1,E",0.0,"1,E",0.0,"2,E",29.0,"2,E",12.0,"2,E",19140830.0,",1,E",19140819.0,",1,E",19140825.0,"+,2,E",8.0,"1,E,30,",11.0,"1,,E,19,",37.0,"2,E,25,+",0.0,E,0.0,"2,E",25.6,"1,,,E",2.466,"3,E",3.2619999999999996,"2,,,E",1.67,"1,,,E"
AGE00147720,1914-09-01,33.68,1.0,1320.0,"GERYVILLE EL BAYADH, AG",,,108.7,",E",5.0,",E",5.0,",E",0.0,",E",0.0,",E",0.0,",E",0.0,",E",29.0,",E",9.0,",E",19140925.0,",,E",19140901.0,",,E",19140904.0,"+,,E",9.0,",E,25,",9.4,",,E,01,",35.0,",E,04,+",1.2,E,1.2,",E",34.8,",,,E",2.192,",E",2.987,",,,E",1.397,",,,E"
AGE00147720,1914-10-01,33.68,1.0,1320.0,"GERYVILLE EL BAYADH, AG",,,5.7,",E",4.0,",E",2.0,",E",0.0,",E",0.0,",E",1.0,",E",0.0,",E",19.0,",E",0.0,",E",19141018.0,",,E",19141025.0,",,E",19141001.0,",,E",0.0,",E,18,",8.4,",,E,25,",30.0,",E,01,",146.2,E,145.0,",E",13.5,",,,E",1.384,",E",2.21,",,,E",0.558,",,,E"
AGE00147720,1914-11-01,33.68,1.0,1320.0,"GERYVILLE EL BAYADH, AG",,,0.0,"3,E",10.0,"1,E",4.0,"1,E",1.0,"1,E",0.0,"2,E",6.0,"2,E",0.0,"1,E",0.0,"1,E",0.0,"1,E",19141130.0,"+,2,E",19141102.0,",1,E",19141119.0,"+,1,E",-2.0,"2,E,30,+",26.2,"1,,E,02,",19.0,"1,E,19,+",400.7,E,254.5,"1,E",44.6,"1,,,E",0.893,"3,E",1.4689999999999999,"1,,,E",0.318,"2,,,E"
AGE00147720,1914-12-01,33.68,1.0,1320.0,"GERYVILLE EL BAYADH, AG",,,0.0,"2,E",6.0,",E",3.0,",E",0.0,",E",0.0,"1,E",23.0,"1,E",0.0,"1,E",0.0,"1,E",0.0,"1,E",19141219.0,"+,1,E",19141224.0,",,E",19141214.0,",1,E",-7.0,"1,E,19,+",12.2,",,E,24,",20.0,"1,E,14,",807.3,E,406.6,"1,E",23.0,",,,E",0.409,"2,E",1.083,"1,,,E",-0.266,"1,,,E"
AGE00147720,1915-01-01,33.68,1.0,1320.0,"GERYVILLE EL BAYADH, AG",0.0,E,0.0,"3,E",10.0,"2,E",5.0,"2,E",0.0,"2,E",0.0,"1,E",28.0,"1,E",3.0,"2,E",0.0,"2,E",0.0,"2,E",19150120.0,"+,1,E",19150104.0,",2,E",19150117.0,"+,2,E",-7.0,"1,E,20,+",8.4,"2,,E,04,",16.0,"2,E,17,+",1276.1,E,468.8,"2,E",35.4,"2,,,E",0.137,"3,E",0.617,"2,,,E",-0.343,"1,,,E"
AGE00147720,1915-02-01,33.68,1.0,1320.0,"GERYVILLE EL BAYADH, AG",0.0,E,0.0,"4,E",2.0,"2,E",1.0,"2,E",0.0,"2,E",0.0,"2,E",6.0,"2,E",0.0,"2,E",0.0,"2,E",0.0,"2,E",19150227.0,"+,2,E",19150212.0,",2,E",19150225.0,"+,2,E",-2.0,"2,E,27,+",9.2,"2,,E,12,",19.0,"2,E,25,+",1503.6,E,227.5,"2,E",10.2,"2,,,E",0.8619999999999999,"4,E",1.488,"2,,,E",0.23500000000000001,"2,,,E"
AGE00147720,1915-04-01,33.68,1.0,1320.0,"GERYVILLE EL BAYADH, AG",,,0.0,"4,E",9.0,"2,E",4.0,"2,E",0.0,"2,E",0.0,"3,E",8.0,"3,E",0.0,"2,E",6.0,"2,E",0.0,"2,E",19150413.0,"+,3,E",19150414.0,",2,E",19150421.0,",2,E",-2.0,"3,E,13,+",6.1,"2,,E,14,",25.0,"2,E,21,",,,193.2,"2,E",28.7,"2,,,E",1.057,"4,E",1.807,"2,,,E",0.307,"3,,,E"
AGE00147720,1915-05-01,33.68,1.0,1320.0,"GERYVILLE EL BAYADH, AG",,,28.0,",E",4.0,",E",3.0,",E",0.0,",E",0.0,",E",0.0,",E",0.0,",E",27.0,",E",0.0,",E",19150521.0,"+,,E",19150512.0,",,E",19150527.0,"+,,E",5.0,",E,21,+",8.4,",,E,12,",29.0,",E,27,+",,,33.8,",E",14.5,",,,E",1.815,",E",2.565,",,,E",1.065,",,,E"
AGE00147720,1915-06-01,33.68,1.0,1320.0,"GERYVILLE EL BAYADH, AG",,,83.3,",E",4.0,",E",4.0,",E",0.0,",E",0.0,",E",0.0,",E",0.0,",E",27.0,",E",11.0,",E",19150606.0,"+,,E",19150608.0,",,E",19150627.0,"+,,E",6.0,",E,06,+",5.2,",,E,08,",37.0,",E,27,+",,,26.8,",E",14.9,",,,E",2.022,",E",2.947,",,,E",1.097,",,,E"
AGE00147720,1915-08-01,33.68,1.0,1320.0,"GERYVILLE EL BAYADH, AG",,,220.8,"2,E",1.0,"1,E",0.0,"1,E",0.0,"1,E",0.0,"1,E",0.0,"1,E",0.0,"1,E",30.0,"1,E",26.0,"1,E",19150824.0,",1,E",19150817.0,",1,E",19150831.0,",1,E",9.0,"1,E,24,",2.2,"1,,E,17,",39.0,"1,E,31,",,,0.0,"1,E",2.2,"1,,,E",2.603,"2,E",3.533,"1,,,E",1.673,"1,,,E"
AGE00147720,1915-09-01,33.68,1.0,1320.0,"GERYVILLE EL BAYADH, AG",,,35.2,",E",11.0,",E",7.0,",E",1.0,",E",0.0,",E",0.0,",E",0.0,",E",24.0,",E",0.0,",E",19150929.0,"+,,E",19150914.0,",,E",19150906.0,",,E",7.0,",E,29,+",39.0,",,E,14,",31.0,",E,06,",,,33.2,",E",103.3,",,,E",1.8399999999999999,",E",2.46,",,,E",1.22,",,,E"
AGE00147720,1915-10-01,33.68,1.0,1320.0,"GERYVILLE EL BAYADH, AG",,,6.7,"3,E",5.0,"2,E",3.0,"2,E",0.0,"2,E",0.0,"1,E",1.0,"1,E",0.0,"2,E",15.0,"2,E",0.0,"2,E",19151031.0,",1,E",19151026.0,",2,E",19151011.0,"+,2,E",0.0,"1,E,31,",13.6,"2,,E,26,",27.0,"2,E,11,+",,,130.0,"2,E",41.5,"2,,,E",1.367,"3,E",2.024,"2,,,E",0.71,"1,,,E"
AGE00147720,1915-12-01,33.68,1.0,1320.0,"GERYVILLE EL BAYADH, AG",,,,,3.0,"2,E",1.0,"2,E",0.0,"2,E",0.0,"4,E",20.0,"4,E",1.0,"5,E",1.0,"5,E",0.0,"5,E",19151215.0,",4,E",19151218.0,",2,E",19151208.0,",5,E",-11.0,"4,E,15,",9.2,"2,,E,18,",25.0,"5,E,08,",,,,,12.9,"2,,,E",0.513,"7,E",1.192,"5,,,E",-0.16699999999999998,"4,,,E"
AGE00147720,1916-02-01,33.68,1.0,1320.0,"GERYVILLE EL BAYADH, AG",,,0.0,",E",7.0,",E",2.0,",E",0.0,",E",0.0,",E",22.0,",E",0.0,",E",1.0,",E",0.0,",E",19160204.0,",,E",19160210.0,",,E",19160222.0,",,E",-6.0,",E,04,",7.4,",,E,10,",22.0,",E,22,",,,375.7,",E",23.1,",,,E",0.538,",E",1.193,",,,E",-0.11699999999999999,",,,E"
AGE00147720,1916-03-01,33.68,1.0,1320.0,"GERYVILLE EL BAYADH, AG",,,0.0,"2,E",6.0,",E",3.0,",E",0.0,",E",0.0,"1,E",16.0,"1,E",0.0,"1,E",1.0,"1,E",0.0,"1,E",19160317.0,"+,1,E",19160329.0,",,E",19160319.0,",1,E",-3.0,"1,E,17,+",9.8,",,E,29,",23.0,"1,E,19,",,,297.2,"1,E",23.3,",,,E",0.8029999999999999,"2,E",1.51,"1,,,E",0.097,"1,,,E"
AGE00147720,1916-04-01,33.68,1.0,1320.0,"GERYVILLE EL BAYADH, AG",,,1.2,",E",3.0,",E",3.0,",E",0.0,",E",0.0,",E",3.0,",E",0.0,",E",9.0,",E",0.0,",E",19160408.0,",,E",19160420.0,"+,,E",19160428.0,",,E",-2.0,",E,08,",8.5,",,E,20,+",28.0,",E,28,",,,218.2,",E",24.6,",,,E",1.1099999999999999,",E",1.847,",,,E",0.373,",,,E"
AGE00147720,1916-05-01,33.68,1.0,1320.0,"GERYVILLE EL BAYADH, AG",,,8.0,",E",9.0,",E",6.0,",E",0.0,",E",0.0,",E",0.0,",E",0.0,",E",24.0,",E",0.0,",E",19160513.0,",,E",19160530.0,",,E",19160508.0,",,E",1.0,",E,13,",9.8,",,E,30,",32.0,",E,08,",,,81.8,",E",39.2,",,,E",1.595,",E",2.368,",,,E",0.8230000000000001,",,,E"
AGE00147720,1916-06-01,33.68,1.0,1320.0,"GERYVILLE EL BAYADH, AG",,,107.5,"1,E",0.0,",E",0.0,",E",0.0,",E",0.0,",E",0.0,",E",0.0,"1,E",27.0,"1,E",14.0,"1,E",19160602.0,"+,,E",19160630.0,"+,,E",19160627.0,"+,1,E",5.0,",E,02,+",0.0,",,E,30,+",37.0,"1,E,27,+",,,17.7,"1,E",0.0,",,,E",2.15,"1,E",3.09,"1,,,E",1.21,",,,E"
AGE00147720,1916-07-01,33.68,1.0,1320.0,"GERYVILLE EL BAYADH, AG",,,233.3,"2,E",2.0,"1,E",1.0,"1,E",0.0,"1,E",0.0,"1,E",0.0,"1,E",0.0,"1,E",30.0,"1,E",26.0,"1,E",19160731.0,"+,1,E",19160731.0,",1,E",19160703.0,",1,E",13.0,"1,E,31,+",5.0,"1,,E,31,",39.0,"1,E,03,",0.0,E,0.0,"1,E",5.9,"1,,,E",2.648,"2,E",3.53,"1,,,E",1.7670000000000001,"1,,,E"
AGE00147720,1916-08-01,33.68,1.0,1320.0,"GERYVILLE EL BAYADH, AG",,,198.3,"2,E",1.0,"1,E",1.0,"1,E",0.0,"1,E",0.0,"1,E",0.0,"1,E",0.0,"1,E",30.0,"1,E",26.0,"1,E",19160811.0,",1,E",19160803.0,",1,E",19160827.0,"+,1,E",7.0,"1,E,11,",3.1,"1,,E,03,",37.0,"1,E,27,+",0.0,E,0.0,"1,E",3.1,"1,,,E",2.523,"2,E",3.457,"1,,,E",1.59,"1,,,E"
AGE00147720,1916-10-01,33.68,1.0,1320.0,"GERYVILLE EL BAYADH, AG",,,8.0,"2,E",3.0,"1,E",3.0,"1,E",0.0,"1,E",0.0,"1,E",0.0,"1,E",0.0,"1,E",21.0,"1,E",0.0,"1,E",19161007.0,",1,E",19161024.0,"+,1,E",19161027.0,",1,E",2.0,"1,E,07,",5.0,"1,,E,24,+",31.0,"1,E,27,",,,80.7,"1,E",13.0,"1,,,E",1.592,"2,E",2.383,"1,,,E",0.8,"1,,,E"
AGE00147720,1916-11-01,33.68,1.0,1320.0,"GERYVILLE EL BAYADH, AG",,,0.0,"2,E",8.0,"1,E",7.0,"1,E",0.0,"1,E",0.0,"1,E",10.0,"1,E",0.0,"1,E",4.0,"1,E",0.0,"1,E",19161130.0,"+,1,E",19161124.0,",1,E",19161104.0,",1,E",0.0,"1,E,30,+",15.0,"1,,E,24,",24.0,"1,E,04,",,,256.3,"1,E",48.6,"1,,,E",0.9029999999999999,"2,E",1.4449999999999998,"1,,,E",0.362,"1,,,E"
AGE00147720,1916-12-01,33.68,1.0,1320.0,"GERYVILLE EL BAYADH, AG",,,,,3.0,"3,E",3.0,"3,E",0.0,"3,E",0.0,"3,E",18.0,"3,E",1.0,"4,E",1.0,"4,E",0.0,"4,E",19161208.0,",3,E",19161228.0,",3,E",19161226.0,",4,E",-4.0,"3,E,08,",5.8,"3,,E,28,",25.0,"4,E,26,",,,,,13.5,"3,,,E",0.525,"6,E",1.019,"4,,,E",0.032,"3,,,E"
AGE00147720,1917-01-01,33.68,1.0,1320.0,"GERYVILLE EL BAYADH, AG",0.0,E,0.0,",E",11.0,",E",5.0,",E",0.0,",E",0.0,",E",26.0,",E",0.0,",E",0.0,",E",0.0,",E",19170118.0,",,E",19170105.0,",,E",19170114.0,",,E",-5.0,",E,18,",10.0,",,E,05,",19.0,",E,14,",,,435.3,",E",38.4,",,,E",0.429,",E",0.974,",,,E",-0.11599999999999999,",,,E"
AGE00147720,1917-02-01,33.68,1.0,1320.0,"GERYVILLE EL BAYADH, AG",0.0,E,0.0,"3,E",6.0,"2,E",4.0,"2,E",0.0,"2,E",0.0,"2,E",17.0,"2,E",0.0,"2,E",0.0,"2,E",0.0,"2,E",19170224.0,",2,E",19170215.0,",2,E",19170228.0,",2,E",-5.0,"2,E,24,",10.0,"2,,E,15,",16.0,"2,E,28,",,,310.3,"2,E",28.0,"2,,,E",0.588,"3,E",1.2,"2,,,E",-0.023,"2,,,E"
AGE00147720,1917-03-01,33.68,1.0,1320.0,"GERYVILLE EL BAYADH, AG",0.0,E,0.0,",E",9.0,",E",5.0,",E",0.0,",E",0.0,",E",16.0,",E",0.0,",E",0.0,",E",0.0,",E",19170329.0,",,E",19170302.0,",,E",19170309.0,",,E",-8.0,",E,29,",8.0,",,E,02,",21.0,",E,09,",,,373.3,",E",35.5,",,,E",0.629,",E",1.29,",,,E",-0.032,",,,E"
AGE00147720,1917-04-01,33.68,1.0,1320.0,"GERYVILLE EL BAYADH, AG",1.2,E,1.2,",E",3.0,",E",1.0,",E",0.0,",E",0.0,",E",7.0,",E",0.0,",E",10.0,",E",0.0,",E",19170406.0,",,E",19170420.0,",,E",19170430.0,",,E",-4.0,",E,06,",16.0,",,E,20,",26.0,",E,30,",,,188.2,",E",20.4,",,,E",1.21,",E",2.0100000000000002,",,,E",0.41,",,,E"
AGE00147720,1917-07-01,33.68,1.0,1320.0,"GERYVILLE EL BAYADH, AG",,,,,0.0,"3,E",0.0,"3,E",0.0,"3,E",0.0,"3,E",0.0,"3,E",0.0,"4,E",27.0,"4,E",21.0,"4,E",19170725.0,",3,E",19170731.0,"+,3,E",19170709.0,"+,4,E",11.0,"3,E,25,",0.0,"3,,E,31,+",38.0,"4,E,09,+",,,,,0.0,"3,,,E",2.4989999999999997,"6,E",3.4259999999999997,"4,,,E",1.5710000000000002,"3,,,E"
AGE00147720,1917-10-01,33.68,1.0,1320.0,"GERYVILLE EL BAYADH, AG",,,,,3.0,"5,E",2.0,"5,E",0.0,"5,E",0.0,"4,E",2.0,"4,E",0.0,"2,E",20.0,"2,E",0.0,"2,E",19171030.0,",4,E",19171015.0,",5,E",19171009.0,",2,E",-1.0,"4,E,30,",9.2,"5,,E,15,",31.0,"2,E,09,",,,,,15.8,"5,,,E",1.459,"6,E",2.217,"2,,,E",0.7,"4,,,E"
AGE00147720,1917-12-01,33.68,1.0,1320.0,"GERYVILLE EL BAYADH, AG",,,0.0,"5,E",4.0,"1,E",2.0,"1,E",0.0,"1,E",0.0,"1,E",29.0,"1,E",0.0,"4,E",0.0,"4,E",0.0,"4,E",19171229.0,",1,E",19171223.0,",1,E",19171213.0,",4,E",-7.0,"1,E,29,",9.2,"1,,E,23,",15.0,"4,E,13,",,,413.2,"4,E",18.4,"1,,,E",0.23500000000000001,"5,E",0.741,"4,,,E",-0.27,"1,,,E"
AGE00147720,1919-01-01,33.68,1.0,1320.0,"GERYVILLE EL BAYADH, AG",,,,,6.0,"3,E",4.0,"3,E",0.0,"3,E",0.0,"3,E",23.0,"3,E",0.0,"3,E",0.0,"3,E",0.0,"3,E",19190103.0,",3,E",19190106.0,",3,E",19190131.0,",3,E",-6.0,"3,E,03,",6.7,"3,,E,06,",18.0,"3,E,31,",,,,,21.3,"3,,,E",0.388,"5,E",0.889,"3,,,E",-0.11399999999999999,"3,,,E"
AGE00147720,1919-02-01,33.68,1.0,1320.0,"GERYVILLE EL BAYADH, AG",,,0.0,",E",5.0,",E",4.0,",E",0.0,",E",0.0,",E",13.0,",E",0.0,",E",1.0,",E",0.0,",E",19190208.0,"+,,E",19190212.0,",,E",19190223.0,",,E",-4.0,",E,08,+",20.0,",,E,12,",22.0,",E,23,",,,289.8,",E",36.2,",,,E",0.798,",E",1.496,",,,E",0.1,",,,E"
AGE00147720,1919-03-01,33.68,1.0,1320.0,"GERYVILLE EL BAYADH, AG",,,0.0,"3,E",7.0,"2,E",3.0,"2,E",0.0,"2,E",0.0,"2,E",12.0,"2,E",0.0,"2,E",7.0,"2,E",0.0,"2,E",19190318.0,"+,2,E",19190327.0,",2,E",19190325.0,",2,E",-4.0,"2,E,18,+",18.7,"2,,E,27,",26.0,"2,E,25,",,,258.3,"2,E",39.6,"2,,,E",0.909,"3,E",1.659,"2,,,E",0.159,"2,,,E"
AGE00147720,1919-04-01,33.68,1.0,1320.0,"GERYVILLE EL BAYADH, AG",,,0.0,"5,E",6.0,"3,E",5.0,"3,E",0.0,"3,E",0.0,"3,E",6.0,"3,E",0.0,"3,E",8.0,"3,E",0.0,"3,E",19190418.0,",3,E",19190423.0,",3,E",19190422.0,"+,3,E",-3.0,"3,E,18,",17.0,"3,,E,23,",25.0,"3,E,22,+",,,171.8,"3,E",47.8,"3,,,E",1.139,"5,E",1.8960000000000001,"3,,,E",0.381,"3,,,E"
AGE00147720,1919-05-01,33.68,1.0,1320.0,"GERYVILLE EL BAYADH, AG",,,23.5,",E",2.0,",E",2.0,",E",0.0,",E",0.0,",E",3.0,",E",0.0,",E",21.0,",E",1.0,",E",19190502.0,"+,,E",19190510.0,",,E",19190520.0,",,E",-2.0,",E,02,+",8.4,",,E,10,",33.0,",E,20,",,,91.8,",E",11.8,",,,E",1.613,",E",2.429,",,,E",0.7969999999999999,",,,E"
AGE00147720,1919-06-01,33.68,1.0,1320.0,"GERYVILLE EL BAYADH, AG",,,98.0,"3,E",5.0,"1,E",2.0,"1,E",0.0,"1,E",0.0,"2,E",0.0,"2,E",0.0,"1,E",28.0,"1,E",9.0,"1,E",19190602.0,",2,E",19190609.0,",1,E",19190616.0,",1,E",3.0,"2,E,02,",24.5,"1,,E,09,",37.0,"1,E,16,",,,16.0,"1,E",31.8,"1,,,E",2.149,"3,E",2.972,"1,,,E",1.325,"2,,,E"
AGE00147720,1919-07-01,33.68,1.0,1320.0,"GERYVILLE EL BAYADH, AG",,,,,3.0,"2,E",2.0,"2,E",0.0,"2,E",0.0,"4,E",0.0,"4,E",0.0,"4,E",27.0,"4,E",27.0,"4,E",19190708.0,"+,4,E",19190705.0,",2,E",19190721.0,"+,4,E",11.0,"4,E,08,+",10.0,"2,,E,05,",39.0,"4,E,21,+",,,,,16.0,"2,,,E",2.665,"7,E",3.63,"4,,,E",1.7,"4,,,E"
AGE00147720,1923-10-01,33.68,1.0,1320.0,"GERYVILLE EL BAYADH, AG",,,8.3,",E",4.0,",E",3.0,",E",0.0,",E",0.0,",E",0.0,",E",0.0,",E",24.0,",E",0.0,",E",19231031.0,"+,,E",19231029.0,",,E",19231017.0,",,E",3.0,",E,31,+",15.5,",,E,29,",30.0,",E,17,",,,85.7,",E",26.1,",,,E",1.584,",E",2.335,",,,E",0.8320000000000001,",,,E"
AGE00147720,1923-11-01,33.68,1.0,1320.0,"GERYVILLE EL BAYADH, AG",,,0.0,",E",2.0,",E",0.0,",E",0.0,",E",0.0,",E",8.0,",E",0.0,",E",0.0,",E",0.0,",E",19231120.0,",,E",19231101.0,",,E",19231128.0,"+,,E",-5.0,",E,20,",2.0,",,E,01,",20.0,",E,28,+",,,294.0,",E",3.2,",,,E",0.853,",E",1.397,",,,E",0.31,",,,E"
AGE00147720,1923-12-01,33.68,1.0,1320.0,"GERYVILLE EL BAYADH, AG",,,0.0,",E",3.0,",E",0.0,",E",0.0,",E",0.0,",E",29.0,",E",0.0,",E",0.0,",E",0.0,",E",19231227.0,"+,,E",19231207.0,",,E",19231214.0,",,E",-9.0,",E,27,+",2.0,",,E,07,",14.0,",E,14,",,,482.0,",E",4.2,",,,E",0.27799999999999997,",E",0.942,",,,E",-0.385,",,,E"
AGE00147720,1924-01-01,33.68,1.0,1320.0,"GERYVILLE EL BAYADH, AG",0.0,E,0.0,"2,E",9.0,"1,E",4.0,"1,E",0.0,"1,E",0.0,"1,E",22.0,"1,E",0.0,"1,E",0.0,"1,E",0.0,"1,E",19240121.0,",1,E",19240129.0,"+,1,E",19240122.0,",1,E",-8.0,"1,E,21,",7.0,"1,,E,29,+",20.0,"1,E,22,",,,404.4,"1,E",27.7,"1,,,E",0.43899999999999995,"2,E",0.9800000000000001,"1,,,E",-0.101,"1,,,E"
AGE00147720,1924-02-01,33.68,1.0,1320.0,"GERYVILLE EL BAYADH, AG",0.0,E,0.0,"4,E",12.0,"1,E",5.0,"1,E",0.0,"1,E",0.0,"2,E",14.0,"2,E",0.0,"2,E",0.0,"2,E",0.0,"2,E",19240229.0,",2,E",19240219.0,",1,E",19240226.0,"+,2,E",-10.0,"2,E,29,",6.0,"1,,E,19,",17.0,"2,E,26,+",,,316.8,"2,E",24.9,"1,,,E",0.537,"4,E",1.107,"2,,,E",-0.033,"2,,,E"
AGE00147720,1924-03-01,33.68,1.0,1320.0,"GERYVILLE EL BAYADH, AG",0.0,E,0.0,",E",10.0,",E",7.0,",E",0.0,",E",0.0,",E",3.0,",E",0.0,",E",1.0,",E",0.0,",E",19240301.0,",,E",19240318.0,",,E",19240321.0,",,E",-7.0,",E,01,",13.0,",,E,18,",24.0,",E,21,",,,262.8,",E",49.8,",,,E",0.985,",E",1.548,",,,E",0.42300000000000004,",,,E"
AGE00147720,1924-04-01,33.68,1.0,1320.0,"GERYVILLE EL BAYADH, AG",0.0,E,0.0,"2,E",2.0,"1,E",1.0,"1,E",0.0,"1,E",0.0,"1,E",1.0,"1,E",0.0,"1,E",10.0,"1,E",0.0,"1,E",19240422.0,",1,E",19240428.0,",1,E",19240427.0,",1,E",0.0,"1,E,22,",3.0,"1,,E,28,",27.0,"1,E,27,",,,175.3,"1,E",5.0,"1,,,E",1.231,"2,E",1.886,"1,,,E",0.576,"1,,,E"
AGE00147720,1924-05-01,33.68,1.0,1320.0,"GERYVILLE EL BAYADH, AG",49.2,E,49.2,"4,E",3.0,"2,E",1.0,"2,E",0.0,"2,E",0.0,"2,E",0.0,"2,E",0.0,"2,E",27.0,"2,E",0.0,"2,E",19240501.0,",2,E",19240528.0,",2,E",19240505.0,"+,2,E",3.0,"2,E,01,",4.0,"2,,E,28,",32.0,"2,E,05,+",,,26.2,"2,E",7.1,"2,,,E",1.905,"4,E",2.755,"2,,,E",1.0550000000000002,"2,,,E"
AGE00147720,1924-06-01,33.68,1.0,1320.0,"GERYVILLE EL BAYADH, AG",116.9,E,67.7,"3,E",7.0,"1,E",4.0,"1,E",0.0,"1,E",0.0,"2,E",0.0,"2,E",0.0,"1,E",28.0,"1,E",1.0,"1,E",19240622.0,",2,E",19240625.0,",1,E",19240630.0,",1,E",6.0,"2,E,22,",5.0,"1,,E,25,",33.0,"1,E,30,",,,6.7,"1,E",19.5,"1,,,E",2.0629999999999997,"3,E",2.855,"1,,,E",1.2710000000000001,"2,,,E"
AGE00147720,1924-07-01,33.68,1.0,1320.0,"GERYVILLE EL BAYADH, AG",278.7,E,161.8,"2,E",1.0,"1,E",1.0,"1,E",0.0,"1,E",0.0,"1,E",0.0,"1,E",0.0,"1,E",30.0,"1,E",21.0,"1,E",19240703.0,",1,E",19240717.0,",1,E",19240709.0,"+,1,E",9.0,"1,E,03,",3.0,"1,,E,17,",37.0,"1,E,09,+",0.0,E,0.0,"1,E",3.0,"1,,,E",2.3920000000000003,"2,E",3.383,"1,,,E",1.4,"1,,,E"
AGE00147720,1924-08-01,33.68,1.0,1320.0,"GERYVILLE EL BAYADH, AG",450.7,E,172.0,"1,E",0.0,",E",0.0,",E",0.0,",E",0.0,"1,E",0.0,"1,E",0.0,",E",31.0,",E",20.0,",E",19240828.0,"+,1,E",19240811.0,",,E",19240822.0,",,E",10.0,"1,E,28,+",0.2,",,E,11,",37.0,",E,22,",0.0,E,0.0,",E",0.2,",,,E",2.404,"1,E",3.332,",,,E",1.4769999999999999,"1,,,E"
AGE00147720,1924-09-01,33.68,1.0,1320.0,"GERYVILLE EL BAYADH, AG",572.0,E,121.3,",E",5.0,",E",3.0,",E",0.0,",E",0.0,",E",0.0,",E",0.0,",E",30.0,",E",13.0,",E",19240928.0,",,E",19240925.0,",,E",19240915.0,"+,,E",6.0,",E,28,",4.6,",,E,25,",35.0,",E,15,+",1.3,E,1.3,",E",14.6,",,,E",2.2329999999999997,",E",3.107,",,,E",1.3599999999999999,",,,E"
AGE00147720,1924-11-01,33.68,1.0,1320.0,"GERYVILLE EL BAYADH, AG",,,0.0,"4,E",10.0,"1,E",7.0,"1,E",0.0,"1,E",0.0,"1,E",12.0,"1,E",0.0,"3,E",2.0,"3,E",0.0,"3,E",19241113.0,"+,1,E",19241128.0,",1,E",19241104.0,",3,E",-2.0,"1,E,13,+",13.0,"1,,E,28,",23.0,"3,E,04,",,,275.7,"3,E",47.7,"1,,,E",0.788,"4,E",1.3519999999999999,"3,,,E",0.22400000000000003,"1,,,E"
AGE00147720,1924-12-01,33.68,1.0,1320.0,"GERYVILLE EL BAYADH, AG",,,,,8.0,"3,E",4.0,"3,E",0.0,"3,E",0.0,"4,E",17.0,"4,E",0.0,"3,E",0.0,"3,E",0.0,"3,E",19241231.0,"+,4,E",19241203.0,",3,E",19241201.0,",3,E",-5.0,"4,E,31,+",7.0,"3,,E,03,",14.0,"3,E,01,",,,,,20.7,"3,,,E",0.391,"7,E",0.8640000000000001,"3,,,E",-0.081,"4,,,E"
AGE00147720,1925-01-01,33.68,1.0,1320.0,"GERYVILLE EL BAYADH, AG",,,,,3.0,"4,E",1.0,"4,E",0.0,"4,E",0.0,"4,E",26.0,"4,E",0.0,"4,E",0.0,"4,E",0.0,"4,E",19250114.0,",4,E",19250126.0,",4,E",19250106.0,",4,E",-10.0,"4,E,14,",4.0,"4,,E,26,",14.0,"4,E,06,",,,,,7.0,"4,,,E",0.24100000000000002,"6,E",1.033,"4,,,E",-0.5519999999999999,"4,,,E"
AGE00147720,1925-02-01,33.68,1.0,1320.0,"GERYVILLE EL BAYADH, AG",,,0.0,"4,E",6.0,"2,E",1.0,"2,E",0.0,"2,E",0.0,"2,E",18.0,"2,E",0.0,"2,E",0.0,"2,E",0.0,"2,E",19250217.0,"+,2,E",19250223.0,",2,E",19250227.0,",2,E",-7.0,"2,E,17,+",4.0,"2,,E,23,",17.0,"2,E,27,",,,331.0,"2,E",9.5,"2,,,E",0.45,"4,E",1.085,"2,,,E",-0.185,"2,,,E"
AGE00147720,1925-03-01,33.68,1.0,1320.0,"GERYVILLE EL BAYADH, AG",,,0.0,"3,E",9.0,"2,E",4.0,"2,E",0.0,"2,E",0.0,"2,E",16.0,"2,E",0.0,"2,E",0.0,"2,E",0.0,"2,E",19250322.0,"+,2,E",19250312.0,",2,E",19250309.0,",2,E",-6.0,"2,E,22,+",11.0,"2,,E,12,",20.0,"2,E,09,",,,350.3,"2,E",34.5,"2,,,E",0.571,"3,E",1.117,"2,,,E",0.024,"2,,,E"
AGE00147720,1925-04-01,33.68,1.0,1320.0,"GERYVILLE EL BAYADH, AG",,,0.3,",E",6.0,",E",4.0,",E",0.0,",E",0.0,",E",7.0,",E",0.0,",E",8.0,",E",0.0,",E",19250405.0,",,E",19250406.0,",,E",19250430.0,",,E",-4.0,",E,05,",7.2,",,E,06,",28.0,",E,30,",,,250.3,",E",18.3,",,,E",1.0,",E",1.7,",,,E",0.3,",,,E"
AGE00147720,1925-05-01,33.68,1.0,1320.0,"GERYVILLE EL BAYADH, AG",,,10.0,"4,E",7.0,"2,E",6.0,"2,E",0.0,"2,E",0.0,"2,E",1.0,"2,E",0.0,"2,E",19.0,"2,E",0.0,"2,E",19250513.0,",2,E",19250504.0,",2,E",19250528.0,"+,2,E",0.0,"2,E,13,",21.5,"2,,E,04,",29.0,"2,E,28,+",,,116.0,"2,E",57.5,"2,,,E",1.436,"4,E",2.159,"2,,,E",0.714,"2,,,E"
AGE00147720,1925-06-01,33.68,1.0,1320.0,"GERYVILLE EL BAYADH, AG",,,85.3,"2,E",3.0,"1,E",3.0,"1,E",0.0,"1,E",0.0,"1,E",0.0,"1,E",0.0,"1,E",29.0,"1,E",4.0,"1,E",19250606.0,"+,1,E",19250616.0,"+,1,E",19250624.0,"+,1,E",6.0,"1,E,06,+",8.0,"1,,E,16,+",34.0,"1,E,24,+",,,8.7,"1,E",21.1,"1,,,E",2.1100000000000003,"2,E",2.924,"1,,,E",1.2970000000000002,"1,,,E"
AGE00147720,1925-07-01,33.68,1.0,1320.0,"GERYVILLE EL BAYADH, AG",,,138.5,"4,E",5.0,"2,E",4.0,"2,E",0.0,"2,E",0.0,"2,E",0.0,"2,E",0.0,"2,E",29.0,"2,E",16.0,"2,E",19250703.0,",2,E",19250715.0,",2,E",19250724.0,"+,2,E",7.0,"2,E,03,",8.0,"2,,E,15,",37.0,"2,E,24,+",0.0,E,0.0,"2,E",23.2,"2,,,E",2.353,"4,E",3.2409999999999997,"2,,,E",1.466,"2,,,E"
AGE00147720,1925-08-01,33.68,1.0,1320.0,"GERYVILLE EL BAYADH, AG",,,,,1.0,"3,E",0.0,"3,E",0.0,"3,E",0.0,"4,E",0.0,"4,E",0.0,"3,E",28.0,"3,E",19.0,"3,E",19250826.0,",4,E",19250803.0,",3,E",19250803.0,",3,E",3.0,"4,E,26,",0.3,"3,,E,03,",39.0,"3,E,03,",,,,,0.7,"3,,,E",2.3890000000000002,"7,E",3.293,"3,,,E",1.4849999999999999,"4,,,E"
AGE00147720,1925-09-01,33.68,1.0,1320.0,"GERYVILLE EL BAYADH, AG",,,78.8,"3,E",8.0,"1,E",6.0,"1,E",0.0,"1,E",0.0,"2,E",0.0,"2,E",0.0,"1,E",25.0,"1,E",3.0,"1,E",19250930.0,",2,E",19250925.0,",1,E",19250917.0,",1,E",2.0,"2,E,30,",22.5,"1,,E,25,",38.0,"1,E,17,",,,24.3,"1,E",81.1,"1,,,E",2.0010000000000003,"3,E",2.738,"1,,,E",1.264,"2,,,E"
AGE00147720,1925-10-01,33.68,1.0,1320.0,"GERYVILLE EL BAYADH, AG",,,0.0,",E",9.0,",E",5.0,",E",0.0,",E",0.0,",E",2.0,",E",0.0,",E",2.0,",E",0.0,",E",19251027.0,",,E",19251006.0,",,E",19251013.0,",,E",-1.0,",E,27,",9.0,",,E,06,",23.0,",E,13,",,,192.3,",E",36.3,",,,E",1.213,",E",1.861,",,,E",0.5650000000000001,",,,E"
AGE00147720,1925-11-01,33.68,1.0,1320.0,"GERYVILLE EL BAYADH, AG",,,,,9.0,"5,E",4.0,"5,E",0.0,"5,E",0.0,"4,E",9.0,"4,E",0.0,"5,E",0.0,"5,E",0.0,"5,E",19251118.0,"+,4,E",19251111.0,",5,E",19251109.0,"+,5,E",-3.0,"4,E,18,+",16.0,"5,,E,11,",20.0,"5,E,09,+",,,,,52.3,"5,,,E",0.794,"6,E",1.3039999999999998,"5,,,E",0.28500000000000003,"4,,,E"
AGE00147720,1925-12-01,33.68,1.0,1320.0,"GERYVILLE EL BAYADH, AG",,,0.0,"1,E",3.0,",E",1.0,",E",0.0,",E",0.0,"1,E",14.0,"1,E",0.0,",E",1.0,",E",0.0,",E",19251205.0,",1,E",19251209.0,",,E",19251224.0,",,E",-5.0,"1,E,05,",6.0,",,E,09,",23.0,",E,24,",,,325.0,",E",9.0,",,,E",0.741,"1,E",1.345,",,,E",0.137,"1,,,E"
AGE00147720,1926-01-01,33.68,1.0,1320.0,"GERYVILLE EL BAYADH, AG",0.0,E,0.0,"1,E",2.0,",E",1.0,",E",0.0,",E",0.0,"1,E",23.0,"1,E",0.0,",E",0.0,",E",0.0,",E",19260110.0,"+,1,E",19260116.0,",,E",19260108.0,",,E",-7.0,"1,E,10,+",3.0,",,E,16,",18.0,",E,08,",,,373.5,",E",4.1,",,,E",0.588,"1,E",1.332,",,,E",-0.157,"1,,,E"
AGE00147720,1926-02-01,33.68,1.0,1320.0,"GERYVILLE EL BAYADH, AG",0.0,E,0.0,"3,E",2.0,"2,E",1.0,"2,E",0.0,"2,E",0.0,"2,E",11.0,"2,E",0.0,"2,E",0.0,"2,E",0.0,"2,E",19260208.0,",2,E",19260210.0,",2,E",19260221.0,"+,2,E",-6.0,"2,E,08,",15.0,"2,,E,10,",21.0,"2,E,21,+",,,262.3,"2,E",16.1,"2,,,E",0.7849999999999999,"3,E",1.462,"2,,,E",0.10800000000000001,"2,,,E"
AGE00147720,1926-03-01,33.68,1.0,1320.0,"GERYVILLE EL BAYADH, AG",0.0,E,0.0,"4,E",3.0,",E",3.0,",E",0.0,",E",0.0,"3,E",12.0,"3,E",0.0,"1,E",1.0,"1,E",0.0,"1,E",19260312.0,"+,3,E",19260319.0,",,E",19260328.0,",1,E",-5.0,"3,E,12,+",25.0,",,E,19,",23.0,"1,E,28,",,,262.5,"1,E",33.2,",,,E",0.861,"4,E",1.6300000000000001,"1,,,E",0.093,"3,,,E"
AGE00147720,1926-04-01,33.68,1.0,1320.0,"GERYVILLE EL BAYADH, AG",0.2,E,0.2,"4,E",7.0,"2,E",4.0,"2,E",0.0,"2,E",0.0,"2,E",4.0,"2,E",0.0,"2,E",12.0,"2,E",0.0,"2,E",19260401.0,",2,E",19260424.0,",2,E",19260427.0,",2,E",-2.0,"2,E,01,",8.2,"2,,E,24,",29.0,"2,E,27,",,,175.3,"2,E",30.2,"2,,,E",1.1880000000000002,"4,E",1.954,"2,,,E",0.421,"2,,,E"
AGE00147720,1926-05-01,33.68,1.0,1320.0,"GERYVILLE EL BAYADH, AG",,,,,2.0,"4,E",2.0,"4,E",0.0,"4,E",0.0,"3,E",1.0,"3,E",0.0,"4,E",16.0,"4,E",0.0,"4,E",19260506.0,",3,E",19260518.0,",4,E",19260530.0,",4,E",0.0,"3,E,06,",5.0,"4,,E,18,",32.0,"4,E,30,",,,,,9.2,"4,,,E",1.436,"7,E",2.2329999999999997,"4,,,E",0.639,"3,,,E"
AGE00147720,1926-06-01,33.68,1.0,1320.0,"GERYVILLE EL BAYADH, AG",,,85.2,"2,E",4.0,"1,E",2.0,"1,E",0.0,"1,E",0.0,"2,E",0.0,"2,E",0.0,"1,E",29.0,"1,E",4.0,"1,E",19260621.0,",2,E",19260624.0,"+,1,E",19260630.0,"+,1,E",5.0,"2,E,21,",3.0,"1,,E,24,+",35.0,"1,E,30,+",,,5.5,"1,E",9.2,"1,,,E",2.116,"2,E",2.979,"1,,,E",1.254,"2,,,E"
AGE00147720,1926-07-01,33.68,1.0,1320.0,"GERYVILLE EL BAYADH, AG",,,207.8,"4,E",2.0,"2,E",2.0,"2,E",0.0,"2,E",0.0,"2,E",0.0,"2,E",0.0,"2,E",29.0,"2,E",22.0,"2,E",19260706.0,",2,E",19260705.0,",2,E",19260720.0,"+,2,E",6.0,"2,E,06,",13.5,"2,,E,05,",39.0,"2,E,20,+",2.3,E,2.3,"2,E",16.7,"2,,,E",2.603,"4,E",3.4520000000000004,"2,,,E",1.7550000000000001,"2,,,E"
AGE00147720,1926-08-01,33.68,1.0,1320.0,"GERYVILLE EL BAYADH, AG",,,192.8,"2,E",4.0,"1,E",4.0,"1,E",0.0,"1,E",0.0,"1,E",0.0,"1,E",0.0,"1,E",30.0,"1,E",15.0,"1,E",19260804.0,",1,E",19260804.0,",1,E",19260816.0,"+,1,E",11.0,"1,E,04,",10.0,"1,,E,04,",37.0,"1,E,16,+",2.3,E,0.0,"1,E",32.0,"1,,,E",2.5,"2,E",3.29,"1,,,E",1.7100000000000002,"1,,,E"
AGE00147720,1926-09-01,33.68,1.0,1320.0,"GERYVILLE EL BAYADH, AG",,,87.3,"3,E",3.0,"1,E",0.0,"1,E",0.0,"1,E",0.0,"1,E",0.0,"1,E",0.0,"2,E",28.0,"2,E",5.0,"2,E",19260924.0,",1,E",19260914.0,"+,1,E",19260904.0,",2,E",6.0,"1,E,24,",2.0,"1,,E,14,+",35.0,"2,E,04,",5.1,E,2.8,"2,E",5.0,"1,,,E",2.145,"3,E",2.989,"2,,,E",1.3,"1,,,E"
AGE00147720,1926-10-01,33.68,1.0,1320.0,"GERYVILLE EL BAYADH, AG",,,,,2.0,"4,E",1.0,"4,E",0.0,"4,E",0.0,"4,E",0.0,"4,E",0.0,"4,E",26.0,"4,E",0.0,"4,E",19261019.0,",4,E",19261009.0,",4,E",19261028.0,"+,4,E",4.0,"4,E,19,",3.0,"4,,E,09,",28.0,"4,E,28,+",,,,,4.1,"4,,,E",1.783,"7,E",2.481,"4,,,E",1.085,"4,,,E"
AGE00147720,1926-12-01,33.68,1.0,1320.0,"GERYVILLE EL BAYADH, AG",,,,,4.0,"3,E",1.0,"3,E",0.0,"3,E",0.0,"4,E",20.0,"4,E",1.0,"4,E",0.0,"4,E",0.0,"4,E",19261228.0,",4,E",19261224.0,",3,E",19261231.0,"+,4,E",-6.0,"4,E,28,",6.0,"3,,E,24,",15.0,"4,E,31,+",,,,,10.3,"3,,,E",0.409,"7,E",0.967,"4,,,E",-0.148,"4,,,E"
AGE00147720,1927-03-01,33.68,1.0,1320.0,"GERYVILLE EL BAYADH, AG",,,0.0,"4,E",6.0,"2,E",2.0,"2,E",0.0,"2,E",0.0,"2,E",10.0,"2,E",0.0,"2,E",2.0,"2,E",0.0,"2,E",19270329.0,",2,E",19270306.0,",2,E",19270326.0,",2,E",-2.0,"2,E,29,",17.0,"2,,E,06,",24.0,"2,E,26,",,,256.5,"2,E",29.2,"2,,,E",0.883,"4,E",1.5210000000000001,"2,,,E",0.24500000000000002,"2,,,E"
AGE00147720,1927-04-01,33.68,1.0,1320.0,"GERYVILLE EL BAYADH, AG",,,,,1.0,"4,E",0.0,"4,E",0.0,"4,E",0.0,"5,E",4.0,"5,E",0.0,"4,E",13.0,"4,E",0.0,"4,E",19270402.0,"+,5,E",19270429.0,",4,E",19270430.0,",4,E",-2.0,"5,E,02,+",1.0,"4,,E,29,",28.0,"4,E,30,",,,,,1.0,"4,,,E",1.259,"7,E",2.154,"4,,,E",0.364,"5,,,E"
AGE00147720,1927-05-01,33.68,1.0,1320.0,"GERYVILLE EL BAYADH, AG",,,24.8,"4,E",6.0,"2,E",4.0,"2,E",0.0,"2,E",0.0,"2,E",1.0,"2,E",0.0,"2,E",22.0,"2,E",0.0,"2,E",19270504.0,",2,E",19270505.0,",2,E",19270531.0,"+,2,E",0.0,"2,E,04,",7.0,"2,,E,05,",30.0,"2,E,31,+",,,57.4,"2,E",23.2,"2,,,E",1.7429999999999999,"4,E",2.4859999999999998,"2,,,E",1.0,"2,,,E"
AGE00147720,1927-06-01,33.68,1.0,1320.0,"GERYVILLE EL BAYADH, AG",,,119.8,"2,E",0.0,"1,E",0.0,"1,E",0.0,"1,E",0.0,"1,E",0.0,"1,E",0.0,"1,E",28.0,"1,E",13.0,"1,E",19270607.0,"+,1,E",19270628.0,",1,E",19270616.0,"+,1,E",8.0,"1,E,07,+",0.1,"1,,E,28,",35.0,"1,E,16,+",,,7.7,"1,E",0.1,"1,,,E",2.241,"2,E",3.0789999999999997,"1,,,E",1.403,"1,,,E"
AGE00147720,1927-07-01,33.68,1.0,1320.0,"GERYVILLE EL BAYADH, AG",,,208.3,"2,E",1.0,"1,E",0.0,"1,E",0.0,"1,E",0.0,"1,E",0.0,"1,E",0.0,"1,E",30.0,"1,E",25.0,"1,E",19270701.0,",1,E",19270727.0,",1,E",19270719.0,"+,1,E",11.0,"1,E,01,",2.0,"1,,E,27,",38.0,"1,E,19,+",0.0,E,0.0,"1,E",2.0,"1,,,E",2.548,"2,E",3.4869999999999997,"1,,,E",1.61,"1,,,E"
AGE00147720,1927-09-01,33.68,1.0,1320.0,"GERYVILLE EL BAYADH, AG",,,102.0,"2,E",3.0,"1,E",2.0,"1,E",0.0,"1,E",0.0,"1,E",0.0,"1,E",0.0,"1,E",27.0,"1,E",1.0,"1,E",19270930.0,",1,E",19270914.0,",1,E",19270906.0,",1,E",2.0,"1,E,30,",22.0,"1,,E,14,",33.0,"1,E,06,",,,13.8,"1,E",28.0,"1,,,E",2.157,"2,E",2.869,"1,,,E",1.4449999999999998,"1,,,E"
AGE00147720,1927-10-01,33.68,1.0,1320.0,"GERYVILLE EL BAYADH, AG",,,0.8,"2,E",12.0,"1,E",3.0,"1,E",0.0,"1,E",0.0,"1,E",0.0,"1,E",0.0,"1,E",12.0,"1,E",0.0,"1,E",19271020.0,"+,1,E",19271027.0,",1,E",19271015.0,",1,E",2.0,"1,E,20,+",7.0,"1,,E,27,",29.0,"1,E,15,",,,123.5,"1,E",25.6,"1,,,E",1.413,"2,E",2.0829999999999997,"1,,,E",0.743,"1,,,E"
AGE00147720,1928-03-01,33.68,1.0,1320.0,"GERYVILLE EL BAYADH, AG",,,0.0,"2,E",11.0,",E",8.0,",E",0.0,",E",0.0,"1,E",13.0,"1,E",0.0,"1,E",2.0,"1,E",0.0,"1,E",19280310.0,",1,E",19280308.0,",,E",19280330.0,",1,E",-2.0,"1,E,10,",18.0,",,E,08,",25.0,"1,E,30,",,,289.2,"1,E",60.0,",,,E",0.833,"2,E",1.45,"1,,,E",0.217,"1,,,E"
AGE00147720,1928-04-01,33.68,1.0,1320.0,"GERYVILLE EL BAYADH, AG",,,4.0,",E",2.0,",E",0.0,",E",0.0,",E",0.0,",E",5.0,",E",0.0,",E",11.0,",E",0.0,",E",19280404.0,",,E",19280406.0,",,E",19280425.0,",,E",-2.0,",E,04,",1.0,",,E,06,",28.0,",E,25,",,,183.0,",E",1.5,",,,E",1.2369999999999999,",E",1.973,",,,E",0.5,",,,E"
AGE00147720,1928-05-01,33.68,1.0,1320.0,"GERYVILLE EL BAYADH, AG",,,18.2,"2,E",6.0,",E",5.0,",E",0.0,",E",0.0,"1,E",0.0,"1,E",0.0,"1,E",15.0,"1,E",0.0,"1,E",19280509.0,",1,E",19280501.0,",,E",19280529.0,",1,E",1.0,"1,E,09,",15.0,",,E,01,",31.0,"1,E,29,",,,118.8,"1,E",51.4,",,,E",1.482,"2,E",2.2199999999999998,"1,,,E",0.743,"1,,,E"
AGE00147720,1928-06-01,33.68,1.0,1320.0,"GERYVILLE EL BAYADH, AG",,,146.0,"2,E",0.0,"1,E",0.0,"1,E",0.0,"1,E",0.0,"1,E",0.0,"1,E",0.0,"1,E",29.0,"1,E",16.0,"1,E",19280607.0,",1,E",19280624.0,",1,E",19280609.0,",1,E",5.0,"1,E,07,",0.2,"1,,E,24,",37.0,"1,E,09,",,,3.3,"1,E",0.2,"1,,,E",2.338,"2,E",3.2340000000000004,"1,,,E",1.441,"1,,,E"
AGE00147720,1928-07-01,33.68,1.0,1320.0,"GERYVILLE EL BAYADH, AG",,,,,2.0,"4,E",1.0,"4,E",0.0,"4,E",0.0,"4,E",0.0,"4,E",0.0,"4,E",27.0,"4,E",18.0,"4,E",19280716.0,",4,E",19280715.0,",4,E",19280731.0,",4,E",8.0,"4,E,16,",4.0,"4,,E,15,",37.0,"4,E,31,",,,,,4.3,"4,,,E",2.396,"8,E",3.2960000000000003,"4,,,E",1.496,"4,,,E"
AGE00147720,1928-08-01,33.68,1.0,1320.0,"GERYVILLE EL BAYADH, AG",,,212.0,"4,E",4.0,"2,E",3.0,"2,E",0.0,"2,E",0.0,"2,E",0.0,"2,E",0.0,"2,E",29.0,"2,E",25.0,"2,E",19280818.0,",2,E",19280811.0,",2,E",19280801.0,",2,E",13.0,"2,E,18,",4.0,"2,,E,11,",37.0,"2,E,01,",,,0.0,"2,E",11.1,"2,,,E",2.619,"4,E",3.4240000000000004,"2,,,E",1.814,"2,,,E"
AGE00147720,1928-09-01,33.68,1.0,1320.0,"GERYVILLE EL BAYADH, AG",,,,,7.0,"3,E",6.0,"3,E",0.0,"3,E",0.0,"3,E",0.0,"3,E",0.0,"3,E",24.0,"3,E",3.0,"3,E",19280924.0,",3,E",19280913.0,"+,3,E",19280902.0,"+,3,E",7.0,"3,E,24,",14.0,"3,,E,13,+",34.0,"3,E,02,+",,,,,48.1,"3,,,E",2.024,"4,E",2.744,"3,,,E",1.3039999999999998,"3,,,E"
AGE00147720,1928-10-01,33.68,1.0,1320.0,"GERYVILLE EL BAYADH, AG",,,10.7,"5,E",6.0,"3,E",4.0,"3,E",0.0,"3,E",0.0,"2,E",0.0,"2,E",0.0,"3,E",15.0,"3,E",0.0,"3,E",19281023.0,",2,E",19281030.0,",3,E",19281002.0,"+,3,E",3.0,"2,E,23,",24.0,"3,,E,30,",29.0,"3,E,02,+",,,102.3,"3,E",45.1,"3,,,E",1.436,"5,E",2.061,"3,,,E",0.8099999999999999,"2,,,E"
AGE00147720,1928-11-01,33.68,1.0,1320.0,"GERYVILLE EL BAYADH, AG",,,0.0,"5,E",2.0,"2,E",0.0,"2,E",0.0,"2,E",0.0,"3,E",14.0,"3,E",0.0,"2,E",0.0,"2,E",0.0,"2,E",19281130.0,"+,3,E",19281108.0,",2,E",19281121.0,",2,E",-4.0,"3,E,30,+",1.0,"2,,E,08,",19.0,"2,E,21,",,,279.3,"2,E",1.3,"2,,,E",0.708,"5,E",1.357,"2,,,E",0.059,"3,,,E"
AGE00147720,1929-01-01,33.68,1.0,1320.0,"GERYVILLE EL BAYADH, AG",,,,,10.0,"3,E",4.0,"3,E",0.0,"3,E",0.0,"3,E",16.0,"3,E",0.0,"4,E",0.0,"4,E",0.0,"4,E",19290104.0,",3,E",19290108.0,",3,E",19290130.0,",4,E",-9.0,"3,E,04,",6.3,"3,,E,08,",17.0,"4,E,30,",,,,,26.6,"3,,,E",0.46799999999999997,"7,E",1.004,"4,,,E",-0.068,"3,,,E"
AGE00147720,1929-02-01,33.68,1.0,1320.0,"GERYVILLE EL BAYADH, AG",,,0.0,",E",7.0,",E",4.0,",E",0.0,",E",0.0,",E",18.0,",E",0.0,",E",0.0,",E",0.0,",E",19290208.0,"+,,E",19290225.0,",,E",19290203.0,",,E",-5.0,",E,08,+",6.0,",,E,25,",18.0,",E,03,",,,363.8,",E",23.6,",,,E",0.534,",E",1.043,",,,E",0.025,",,,E"
AGE00147720,1929-03-01,33.68,1.0,1320.0,"GERYVILLE EL BAYADH, AG",,,0.0,"3,E",5.0,"1,E",3.0,"1,E",0.0,"1,E",0.0,"2,E",7.0,"2,E",0.0,"1,E",0.0,"1,E",0.0,"1,E",19290302.0,",2,E",19290326.0,",1,E",19290331.0,"+,1,E",-7.0,"2,E,02,",6.0,"1,,E,26,",20.0,"1,E,31,+",,,277.3,"1,E",15.2,"1,,,E",0.8630000000000001,"3,E",1.443,"1,,,E",0.28300000000000003,"2,,,E"
AGE00147720,1929-04-01,33.68,1.0,1320.0,"GERYVILLE EL BAYADH, AG",,,1.7,"2,E",2.0,"1,E",1.0,"1,E",0.0,"1,E",0.0,"1,E",3.0,"1,E",0.0,"1,E",13.0,"1,E",0.0,"1,E",19290405.0,",1,E",19290403.0,",1,E",19290426.0,",1,E",-3.0,"1,E,05,",12.0,"1,,E,03,",27.0,"1,E,26,",,,144.0,"1,E",13.0,"1,,,E",1.319,"2,E",2.024,"1,,,E",0.614,"1,,,E"
AGE00147720,1929-05-01,33.68,1.0,1320.0,"GERYVILLE EL BAYADH, AG",,,13.8,",E",8.0,",E",5.0,",E",1.0,",E",0.0,",E",0.0,",E",0.0,",E",19.0,",E",0.0,",E",19290513.0,"+,,E",19290524.0,",,E",19290517.0,"+,,E",1.0,",E,13,+",26.0,",,E,24,",29.0,",E,17,+",,,116.2,",E",80.8,",,,E",1.503,",E",2.1710000000000003,",,,E",0.835,",,,E"
AGE00147720,1929-06-01,33.68,1.0,1320.0,"GERYVILLE EL BAYADH, AG",,,81.2,"3,E",9.0,"2,E",4.0,"2,E",0.0,"2,E",0.0,"2,E",0.0,"2,E",0.0,"2,E",28.0,"2,E",1.0,"2,E",19290612.0,",2,E",19290618.0,",2,E",19290630.0,",2,E",6.0,"2,E,12,",11.0,"2,,E,18,",35.0,"2,E,30,",,,13.2,"2,E",35.1,"2,,,E",2.093,"3,E",2.8289999999999997,"2,,,E",1.357,"2,,,E"
AGE00147720,1929-07-01,33.68,1.0,1320.0,"GERYVILLE EL BAYADH, AG",,,178.8,"5,E",1.0,"3,E",1.0,"3,E",0.0,"3,E",0.0,"3,E",0.0,"3,E",0.0,"3,E",28.0,"3,E",18.0,"3,E",19290717.0,"+,3,E",19290710.0,",3,E",19290704.0,",3,E",12.0,"3,E,17,+",14.0,"3,,E,10,",37.0,"3,E,04,",0.0,E,0.0,"3,E",14.0,"3,,,E",2.527,"5,E",3.332,"3,,,E",1.721,"3,,,E"
AGE00147720,1929-08-01,33.68,1.0,1320.0,"GERYVILLE EL BAYADH, AG",,,176.2,"1,E",2.0,"1,E",0.0,"1,E",0.0,"1,E",0.0,",E",0.0,",E",0.0,"1,E",30.0,"1,E",14.0,"1,E",19290810.0,",,E",19290818.0,",1,E",19290804.0,"+,1,E",7.0,",E,10,",2.0,"1,,E,18,",37.0,"1,E,04,+",3.2,E,3.2,"1,E",3.3,"1,,,E",2.407,"1,E",3.213,"1,,,E",1.6,",,,E"
AGE00147720,1929-09-01,33.68,1.0,1320.0,"GERYVILLE EL BAYADH, AG",,,,,5.0,"4,E",3.0,"4,E",0.0,"4,E",0.0,"5,E",0.0,"5,E",0.0,"4,E",19.0,"4,E",3.0,"4,E",19290925.0,",5,E",19290911.0,",4,E",19290903.0,",4,E",1.0,"5,E,25,",10.0,"4,,E,11,",34.0,"4,E,03,",,,,,19.3,"4,,,E",1.969,"8,E",2.669,"4,,,E",1.268,"5,,,E"
AGE00147720,1929-10-01,33.68,1.0,1320.0,"GERYVILLE EL BAYADH, AG",,,,,3.0,"2,E",2.0,"2,E",0.0,"2,E",0.0,"2,E",2.0,"2,E",0.0,"2,E",12.0,"2,E",0.0,"2,E",19291029.0,",2,E",19291005.0,",2,E",19291024.0,",2,E",-1.0,"2,E,29,",8.0,"2,,E,05,",27.0,"2,E,24,",,,,,11.4,"2,,,E",1.334,"4,E",1.9969999999999999,"2,,,E",0.6719999999999999,"2,,,E"
AGE00147720,1929-11-01,33.68,1.0,1320.0,"GERYVILLE EL BAYADH, AG",,,,,9.0,"4,E",6.0,"4,E",0.0,"4,E",0.0,"4,E",12.0,"4,E",0.0,"5,E",0.0,"5,E",0.0,"5,E",19291129.0,"+,4,E",19291109.0,",4,E",19291129.0,"+,5,E",-3.0,"4,E,29,+",20.0,"4,,E,09,",19.0,"5,E,29,+",,,,,67.1,"4,,,E",0.693,"7,E",1.26,"5,,,E",0.127,"4,,,E"
AGE00147720,1929-12-01,33.68,1.0,1320.0,"GERYVILLE EL BAYADH, AG",,,0.0,",E",6.0,"1,E",2.0,"1,E",0.0,"1,E",0.0,",E",19.0,",E",0.0,",E",0.0,",E",0.0,",E",19291220.0,"+,,E",19291222.0,",1,E",19291225.0,"+,,E",-8.0,",E,20,+",18.0,"1,,E,22,",18.0,",E,25,+",,,392.3,",E",29.0,"1,,,E",0.568,",E",1.19,",,,E",-0.05500000000000001,",,,E"
AGE00147720,1930-01-01,33.68,1.0,1320.0,"GERYVILLE EL BAYADH, AG",0.0,E,0.0,"4,E",13.0,"2,E",9.0,"2,E",0.0,"2,E",0.0,"2,E",17.0,"2,E",0.0,"2,E",0.0,"2,E",0.0,"2,E",19300122.0,"+,2,E",19300130.0,",2,E",19300103.0,",2,E",-3.0,"2,E,22,+",10.0,"2,,E,30,",17.0,"2,E,03,",,,357.0,"2,E",52.9,"2,,,E",0.528,"4,E",0.962,"2,,,E",0.093,"2,,,E"
AGE00147720,1930-02-01,33.68,1.0,1320.0,"GERYVILLE EL BAYADH, AG",0.0,E,0.0,",E",11.0,",E",3.0,",E",0.0,",E",0.0,",E",16.0,",E",0.0,",E",0.0,",E",0.0,",E",19300223.0,"+,,E",19300202.0,",,E",19300228.0,",,E",-5.0,",E,23,+",6.0,",,E,02,",19.0,",E,28,",,,371.3,",E",25.0,",,,E",0.507,",E",0.9960000000000001,",,,E",0.018,",,,E"
AGE00147720,1930-03-01,33.68,1.0,1320.0,"GERYVILLE EL BAYADH, AG",0.0,E,0.0,"2,E",4.0,"1,E",2.0,"1,E",0.0,"1,E",0.0,"1,E",6.0,"1,E",0.0,"1,E",2.0,"1,E",0.0,"1,E",19300312.0,"+,1,E",19300318.0,",1,E",19300317.0,",1,E",-3.0,"1,E,12,+",11.0,"1,,E,18,",25.0,"1,E,17,",,,230.7,"1,E",17.2,"1,,,E",1.033,"2,E",1.69,"1,,,E",0.377,"1,,,E"
AGE00147720,1930-04-01,33.68,1.0,1320.0,"GERYVILLE EL BAYADH, AG",0.0,E,0.0,"4,E",5.0,"2,E",2.0,"2,E",0.0,"2,E",0.0,"2,E",3.0,"2,E",0.0,"2,E",6.0,"2,E",0.0,"2,E",19300417.0,",2,E",19300413.0,",2,E",19300403.0,",2,E",-2.0,"2,E,17,",6.0,"2,,E,13,",25.0,"2,E,03,",,,190.7,"2,E",15.0,"2,,,E",1.077,"4,E",1.686,"2,,,E",0.46799999999999997,"2,,,E"
AGE00147720,1930-05-01,33.68,1.0,1320.0,"GERYVILLE EL BAYADH, AG",15.7,E,15.7,"4,E",1.0,"2,E",1.0,"2,E",0.0,"2,E",0.0,"2,E",0.0,"2,E",0.0,"2,E",22.0,"2,E",0.0,"2,E",19300512.0,"+,2,E",19300525.0,",2,E",19300531.0,"+,2,E",2.0,"2,E,12,+",3.0,"2,,E,25,",30.0,"2,E,31,+",,,78.2,"2,E",3.1,"2,,,E",1.61,"4,E",2.434,"2,,,E",0.786,"2,,,E"
AGE00147720,1930-06-01,33.68,1.0,1320.0,"GERYVILLE EL BAYADH, AG",74.7,E,59.0,"2,E",5.0,"1,E",2.0,"1,E",0.0,"1,E",0.0,"1,E",0.0,"1,E",0.0,"1,E",28.0,"1,E",4.0,"1,E",19300605.0,",1,E",19300615.0,",1,E",19300630.0,",1,E",4.0,"1,E,05,",6.0,"1,,E,15,",36.0,"1,E,30,",,,19.8,"1,E",14.2,"1,,,E",1.9809999999999999,"2,E",2.769,"1,,,E",1.193,"1,,,E"
AGE00147720,1930-09-01,33.68,1.0,1320.0,"GERYVILLE EL BAYADH, AG",,,,,2.0,"4,E",1.0,"4,E",0.0,"4,E",0.0,"4,E",0.0,"4,E",0.0,"4,E",23.0,"4,E",0.0,"4,E",19300914.0,",4,E",19300901.0,",4,E",19300920.0,"+,4,E",5.0,"4,E,14,",13.0,"4,,E,01,",32.0,"4,E,20,+",,,,,15.1,"4,,,E",1.9420000000000002,"6,E",2.742,"4,,,E",1.142,"4,,,E"
AGE00147720,1930-10-01,33.68,1.0,1320.0,"GERYVILLE EL BAYADH, AG",,,38.3,",E",1.0,",E",1.0,",E",0.0,",E",0.0,",E",1.0,",E",0.0,",E",21.0,",E",0.0,",E",19301027.0,",,E",19301018.0,",,E",19301002.0,",,E",-2.0,",E,27,",4.0,",,E,18,",31.0,",E,02,",,,78.2,",E",4.0,",,,E",1.705,",E",2.484,",,,E",0.9259999999999999,",,,E"
AGE00147720,1930-11-01,33.68,1.0,1320.0,"GERYVILLE EL BAYADH, AG",,,0.0,"4,E",4.0,"2,E",1.0,"2,E",0.0,"2,E",0.0,"2,E",13.0,"2,E",0.0,"2,E",8.0,"2,E",0.0,"2,E",19301117.0,",2,E",19301102.0,",2,E",19301105.0,",2,E",-5.0,"2,E,17,",5.0,"2,,E,02,",28.0,"2,E,05,",,,192.2,"2,E",8.3,"2,,,E",1.079,"4,E",1.9,"2,,,E",0.257,"2,,,E"
AGE00147720,1931-02-01,33.68,1.0,1320.0,"GERYVILLE EL BAYADH, AG",,,0.0,"2,E",9.0,"1,E",7.0,"1,E",0.0,"1,E",0.0,"2,E",23.0,"2,E",0.0,"1,E",0.0,"1,E",0.0,"1,E",19310226.0,",2,E",19310220.0,",1,E",19310213.0,",1,E",-8.0,"2,E,26,",8.0,"1,,E,20,",15.0,"1,E,13,",,,409.2,"1,E",40.4,"1,,,E",0.259,"2,E",0.833,"1,,,E",-0.315,"2,,,E"
AGE00147720,1931-03-01,33.68,1.0,1320.0,"GERYVILLE EL BAYADH, AG",,,,,7.0,"3,E",2.0,"3,E",0.0,"3,E",0.0,"3,E",7.0,"3,E",0.0,"3,E",3.0,"3,E",0.0,"3,E",19310303.0,",3,E",19310323.0,"+,3,E",19310310.0,"+,3,E",-3.0,"3,E,03,",14.0,"3,,E,23,+",23.0,"3,E,10,+",,,,,33.1,"3,,,E",1.016,"4,E",1.7890000000000001,"3,,,E",0.24300000000000002,"3,,,E"
AGE00147720,1931-07-01,33.68,1.0,1320.0,"GERYVILLE EL BAYADH, AG",,,305.7,",E",1.0,",E",0.0,",E",0.0,",E",0.0,",E",0.0,",E",0.0,",E",31.0,",E",31.0,",E",19310722.0,",,E",19310703.0,",,E",19310711.0,",,E",13.0,",E,22,",1.0,",,E,03,",39.0,",E,11,",0.0,E,0.0,",E",1.0,",,,E",2.819,",E",3.6770000000000005,",,,E",1.9609999999999999,",,,E"
AGE00147720,1931-08-01,33.68,1.0,1320.0,"GERYVILLE EL BAYADH, AG",,,,,2.0,"4,E",0.0,"4,E",0.0,"4,E",0.0,"5,E",0.0,"5,E",0.0,"4,E",27.0,"4,E",24.0,"4,E",19310824.0,",5,E",19310829.0,"+,4,E",19310816.0,",4,E",12.0,"5,E,24,",0.3,"4,,E,29,+",39.0,"4,E,16,",,,,,0.7,"4,,,E",2.756,"9,E",3.604,"4,,,E",1.908,"5,,,E"
AGE00147720,1931-10-01,33.68,1.0,1320.0,"GERYVILLE EL BAYADH, AG",,,14.7,",E",2.0,",E",1.0,",E",0.0,",E",0.0,",E",0.0,",E",0.0,",E",24.0,",E",0.0,",E",19311030.0,"+,,E",19311026.0,",,E",19311022.0,"+,,E",1.0,",E,30,+",4.0,",,E,26,",27.0,",E,22,+",,,71.0,",E",5.4,",,,E",1.652,",E",2.258,",,,E",1.045,",,,E"
AGE00147720,1931-11-01,33.68,1.0,1320.0,"GERYVILLE EL BAYADH, AG",,,0.0,"2,E",7.0,"1,E",3.0,"1,E",0.0,"1,E",0.0,"1,E",8.0,"1,E",0.0,"1,E",2.0,"1,E",0.0,"1,E",19311129.0,",1,E",19311108.0,",1,E",19311112.0,"+,1,E",-3.0,"1,E,29,",8.0,"1,,E,08,",23.0,"1,E,12,+",,,258.3,"1,E",20.3,"1,,,E",0.9019999999999999,"2,E",1.524,"1,,,E",0.279,"1,,,E"
AGE00147720,1931-12-01,33.68,1.0,1320.0,"GERYVILLE EL BAYADH, AG",,,0.0,"1,E",8.0,",E",3.0,",E",0.0,",E",0.0,"1,E",29.0,"1,E",0.0,",E",0.0,",E",0.0,",E",19311224.0,"+,1,E",19311210.0,"+,,E",19311205.0,",,E",-8.0,"1,E,24,+",12.0,",,E,10,+",17.0,",E,05,",,,482.6,",E",37.7,",,,E",0.23700000000000002,"1,E",0.764,",,,E",-0.29,"1,,,E"
AGE00147720,1932-01-01,33.68,1.0,1320.0,"GERYVILLE EL BAYADH, AG",,,,,2.0,"2,E",1.0,"2,E",0.0,"2,E",0.0,"2,E",25.0,"2,E",0.0,"4,E",0.0,"4,E",0.0,"4,E",19320131.0,",2,E",19320105.0,",2,E",19320108.0,",4,E",-10.0,"2,E,31,",9.0,"2,,E,05,",17.0,"4,E,08,",,,,,9.9,"2,,,E",0.41200000000000003,"6,E",1.048,"4,,,E",-0.22400000000000003,"2,,,E"
AGE00147720,1932-02-01,33.68,1.0,1320.0,"GERYVILLE EL BAYADH, AG",,,0.0,",E",12.0,",E",8.0,",E",0.0,",E",0.0,",E",22.0,",E",0.0,",E",0.0,",E",0.0,",E",19320216.0,",,E",19320226.0,",,E",19320213.0,"+,,E",-11.0,",E,16,",15.0,",,E,26,",15.0,",E,13,+",,,409.2,",E",60.2,",,,E",0.422,",E",1.028,",,,E",-0.183,",,,E"
AGE00147720,1932-03-01,33.68,1.0,1320.0,"GERYVILLE EL BAYADH, AG",,,0.0,"4,E",11.0,"2,E",5.0,"2,E",0.0,"2,E",0.0,"3,E",8.0,"3,E",0.0,"2,E",3.0,"2,E",0.0,"2,E",19320309.0,",3,E",19320318.0,"+,2,E",19320331.0,",2,E",-4.0,"3,E,09,",15.0,"2,,E,18,+",23.0,"2,E,31,",,,240.5,"2,E",48.2,"2,,,E",0.93,"4,E",1.497,"2,,,E",0.364,"3,,,E"
AGE00147720,1932-04-01,33.68,1.0,1320.0,"GERYVILLE EL BAYADH, AG",,,0.2,",E",3.0,",E",0.0,",E",0.0,",E",0.0,",E",5.0,",E",0.0,",E",6.0,",E",0.0,",E",19320407.0,",,E",19320424.0,"+,,E",19320430.0,",,E",-5.0,",E,07,",1.0,",,E,24,+",27.0,",E,30,",,,196.2,",E",2.3,",,,E",1.1800000000000002,",E",1.877,",,,E",0.483,",,,E"
AGE00147720,1932-05-01,33.68,1.0,1320.0,"GERYVILLE EL BAYADH, AG",,,29.3,"3,E",4.0,"2,E",2.0,"2,E",0.0,"2,E",0.0,"2,E",0.0,"2,E",0.0,"2,E",26.0,"2,E",0.0,"2,E",19320502.0,",2,E",19320523.0,",2,E",19320531.0,"+,2,E",3.0,"2,E,02,",11.0,"2,,E,23,",29.0,"2,E,31,+",,,36.7,"2,E",18.2,"2,,,E",1.81,"3,E",2.5170000000000003,"2,,,E",1.103,"2,,,E"
AGE00147720,1932-06-01,33.68,1.0,1320.0,"GERYVILLE EL BAYADH, AG",,,78.2,"4,E",2.0,"2,E",1.0,"2,E",0.0,"2,E",0.0,"2,E",0.0,"2,E",0.0,"2,E",28.0,"2,E",3.0,"2,E",19320616.0,",2,E",19320624.0,",2,E",19320628.0,"+,2,E",7.0,"2,E,16,",8.3,"2,,E,24,",35.0,"2,E,28,+",,,7.8,"2,E",9.5,"2,,,E",2.0949999999999998,"4,E",2.904,"2,,,E",1.286,"2,,,E"
AGE00147720,1932-07-01,33.68,1.0,1320.0,"GERYVILLE EL BAYADH, AG",,,163.7,"5,E",1.0,"3,E",0.0,"3,E",0.0,"3,E",0.0,"2,E",0.0,"2,E",0.0,"3,E",28.0,"3,E",17.0,"3,E",19320730.0,"+,2,E",19320726.0,",3,E",19320727.0,"+,3,E",10.0,"2,E,30,+",1.0,"3,,E,26,",37.0,"3,E,27,+",0.3,E,0.3,"3,E",1.2,"3,,,E",2.463,"5,E",3.3289999999999997,"3,,,E",1.597,"2,,,E"
AGE00147720,1932-08-01,33.68,1.0,1320.0,"GERYVILLE EL BAYADH, AG",,,,,3.0,"5,E",1.0,"5,E",0.0,"5,E",0.0,"5,E",0.0,"5,E",0.0,"5,E",26.0,"5,E",8.0,"5,E",19320829.0,"+,5,E",19320802.0,",5,E",19320801.0,",5,E",14.0,"5,E,29,+",3.0,"5,,E,02,",37.0,"5,E,01,",,,,,5.5,"5,,,E",2.504,"0,E",3.196,"5,,,E",1.812,"5,,,E"
AGE00147720,1932-09-01,33.68,1.0,1320.0,"GERYVILLE EL BAYADH, AG",,,74.2,",E",7.0,",E",6.0,",E",1.0,",E",0.0,",E",0.0,",E",0.0,",E",26.0,",E",1.0,",E",19320905.0,",,E",19320918.0,",,E",19320901.0,",,E",8.0,",E,05,",29.0,",,E,18,",33.0,",E,01,",,,14.7,",E",67.3,",,,E",2.032,",E",2.69,",,,E",1.373,",,,E"
AGE00147720,1932-10-01,33.68,1.0,1320.0,"GERYVILLE EL BAYADH, AG",,,6.8,"4,E",4.0,"2,E",0.0,"2,E",0.0,"2,E",0.0,"2,E",2.0,"2,E",0.0,"2,E",15.0,"2,E",0.0,"2,E",19321027.0,"+,2,E",19321015.0,"+,2,E",19321004.0,",2,E",0.0,"2,E,27,+",1.0,"2,,E,15,+",30.0,"2,E,04,",,,125.8,"2,E",4.0,"2,,,E",1.4140000000000001,"4,E",2.145,"2,,,E",0.683,"2,,,E"
AGE00147720,1932-11-01,33.68,1.0,1320.0,"GERYVILLE EL BAYADH, AG",,,0.0,"5,E",7.0,"1,E",2.0,"1,E",0.0,"1,E",0.0,"3,E",9.0,"3,E",0.0,"2,E",0.0,"2,E",0.0,"2,E",19321127.0,",3,E",19321130.0,",1,E",19321119.0,",2,E",-5.0,"3,E,27,",6.0,"1,,E,30,",21.0,"2,E,19,",,,249.3,"2,E",19.7,"1,,,E",0.829,"5,E",1.421,"2,,,E",0.23700000000000002,"3,,,E"
AGE00147720,1932-12-01,33.68,1.0,1320.0,"GERYVILLE EL BAYADH, AG",,,,,7.0,"4,E",5.0,"4,E",0.0,"4,E",0.0,"3,E",10.0,"3,E",0.0,"5,E",0.0,"5,E",0.0,"5,E",19321231.0,",3,E",19321214.0,",4,E",19321206.0,",5,E",-4.0,"3,E,31,",24.0,"4,,E,14,",17.0,"5,E,06,",,,,,52.3,"4,,,E",0.542,"7,E",0.9810000000000001,"5,,,E",0.10400000000000001,"3,,,E"
AGE00147720,1933-01-01,33.68,1.0,1320.0,"GERYVILLE EL BAYADH, AG",0.0,E,0.0,"3,E",8.0,"1,E",3.0,"1,E",0.0,"1,E",0.0,"2,E",19.0,"2,E",0.0,"1,E",0.0,"1,E",0.0,"1,E",19330123.0,",2,E",19330112.0,"+,1,E",19330128.0,",1,E",-8.0,"2,E,23,",4.0,"1,,E,12,+",17.0,"1,E,28,",,,409.8,"1,E",17.0,"1,,,E",0.379,"3,E",0.8400000000000001,"1,,,E",-0.08299999999999999,"2,,,E"
AGE00147720,1933-02-01,33.68,1.0,1320.0,"GERYVILLE EL BAYADH, AG",0.0,E,0.0,"4,E",9.0,"1,E",7.0,"1,E",0.0,"1,E",0.0,"2,E",15.0,"2,E",1.0,"2,E",0.0,"2,E",0.0,"2,E",19330222.0,"+,2,E",19330221.0,",1,E",19330211.0,"+,2,E",-6.0,"2,E,22,+",8.0,"1,,E,21,",20.0,"2,E,11,+",,,278.5,"2,E",41.1,"1,,,E",0.646,"4,E",1.269,"2,,,E",0.023,"2,,,E"
AGE00147720,1933-03-01,33.68,1.0,1320.0,"GERYVILLE EL BAYADH, AG",0.0,E,0.0,",E",13.0,",E",8.0,",E",1.0,",E",0.0,",E",9.0,",E",0.0,",E",0.0,",E",0.0,",E",19330306.0,",,E",19330331.0,",,E",19330323.0,",,E",-3.0,",E,06,",41.0,",,E,31,",21.0,",E,23,",,,308.8,",E",119.1,",,,E",0.837,",E",1.348,",,,E",0.32599999999999996,",,,E"
AGE00147720,1933-04-01,33.68,1.0,1320.0,"GERYVILLE EL BAYADH, AG",4.8,E,4.8,",E",7.0,",E",4.0,",E",1.0,",E",0.0,",E",0.0,",E",0.0,",E",9.0,",E",0.0,",E",19330407.0,",,E",19330404.0,",,E",19330430.0,",,E",1.0,",E,07,",26.0,",,E,04,",28.0,",E,30,",,,171.8,",E",55.8,",,,E",1.277,",E",1.9,",,,E",0.653,",,,E"
AGE00147720,1933-05-01,33.68,1.0,1320.0,"GERYVILLE EL BAYADH, AG",23.8,E,19.0,"2,E",7.0,"1,E",6.0,"1,E",0.0,"1,E",0.0,"1,E",0.0,"1,E",0.0,"1,E",22.0,"1,E",0.0,"1,E",19330526.0,",1,E",19330524.0,",1,E",19330501.0,",1,E",5.0,"1,E,26,",15.0,"1,,E,24,",29.0,"1,E,01,",,,57.7,"1,E",55.2,"1,,,E",1.703,"2,E",2.337,"1,,,E",1.0699999999999998,"1,,,E"
AGE00147720,1933-06-01,33.68,1.0,1320.0,"GERYVILLE EL BAYADH, AG",69.8,E,46.0,"2,E",5.0,"1,E",3.0,"1,E",0.0,"1,E",0.0,"1,E",0.0,"1,E",0.0,"1,E",25.0,"1,E",1.0,"1,E",19330612.0,",1,E",19330616.0,",1,E",19330625.0,",1,E",1.0,"1,E,12,",9.0,"1,,E,16,",33.0,"1,E,25,",,,31.8,"1,E",21.3,"1,,,E",1.886,"2,E",2.638,"1,,,E",1.134,"1,,,E"
AGE00147720,1933-07-01,33.68,1.0,1320.0,"GERYVILLE EL BAYADH, AG",302.0,E,232.2,",E",3.0,",E",0.0,",E",0.0,",E",0.0,",E",0.0,",E",0.0,",E",31.0,",E",25.0,",E",19330723.0,",,E",19330711.0,",,E",19330716.0,"+,,E",12.0,",E,23,",2.0,",,E,11,",36.0,",E,16,+",0.0,E,0.0,",E",4.3,",,,E",2.582,",E",3.403,",,,E",1.761,",,,E"
AGE00147720,1933-09-01,33.68,1.0,1320.0,"GERYVILLE EL BAYADH, AG",,,108.8,",E",8.0,",E",4.0,",E",0.0,",E",0.0,",E",0.0,",E",0.0,",E",29.0,",E",2.0,",E",19330923.0,",,E",19330917.0,",,E",19330915.0,",,E",4.0,",E,23,",18.0,",,E,17,",34.0,",E,15,",,,11.8,",E",39.9,",,,E",2.157,",E",2.873,",,,E",1.44,",,,E"
AGE00147720,1933-10-01,33.68,1.0,1320.0,"GERYVILLE EL BAYADH, AG",,,32.2,"2,E",8.0,"1,E",4.0,"1,E",1.0,"1,E",0.0,"1,E",0.0,"1,E",0.0,"1,E",21.0,"1,E",0.0,"1,E",19331026.0,"+,1,E",19331031.0,",1,E",19331012.0,"+,1,E",4.0,"1,E,26,+",35.0,"1,,E,31,",29.0,"1,E,12,+",,,56.3,"1,E",65.3,"1,,,E",1.735,"2,E",2.373,"1,,,E",1.097,"1,,,E"
AGE00147720,1933-11-01,33.68,1.0,1320.0,"GERYVILLE EL BAYADH, AG",,,0.0,"4,E",13.0,"2,E",7.0,"2,E",0.0,"2,E",0.0,"2,E",5.0,"2,E",0.0,"2,E",0.0,"2,E",0.0,"2,E",19331107.0,",2,E",19331130.0,",2,E",19331116.0,"+,2,E",-2.0,"2,E,07,",10.0,"2,,E,30,",14.0,"2,E,16,+",,,318.2,"2,E",46.2,"2,,,E",0.614,"4,E",1.0,"2,,,E",0.229,"2,,,E"
AGE00147720,1933-12-01,33.68,1.0,1320.0,"GERYVILLE EL BAYADH, AG",,,0.0,"4,E",8.0,"2,E",5.0,"2,E",0.0,"2,E",0.0,"2,E",18.0,"2,E",3.0,"2,E",0.0,"2,E",0.0,"2,E",19331222.0,",2,E",19331202.0,",2,E",19331212.0,"+,2,E",-9.0,"2,E,22,",9.0,"2,,E,02,",15.0,"2,E,12,+",,,404.0,"2,E",38.3,"2,,,E",0.324,"4,E",0.659,"2,,,E",-0.01,"2,,,E"
AGE00147720,1934-01-01,33.68,1.0,1320.0,"GERYVILLE EL BAYADH, AG",,,,,4.0,"4,E",0.0,"4,E",0.0,"4,E",0.0,"4,E",23.0,"4,E",1.0,"4,E",0.0,"4,E",0.0,"4,E",19340111.0,"+,4,E",19340121.0,"+,4,E",19340129.0,"+,4,E",-8.0,"4,E,11,+",1.0,"4,,E,21,+",15.0,"4,E,29,+",,,,,4.0,"4,,,E",0.22999999999999998,"8,E",0.73,"4,,,E",-0.27,"4,,,E"
AGE00147720,1934-02-01,33.68,1.0,1320.0,"GERYVILLE EL BAYADH, AG",,,0.0,"2,E",6.0,",E",2.0,",E",0.0,",E",0.0,"1,E",17.0,"1,E",1.0,"1,E",0.0,"1,E",0.0,"1,E",19340218.0,",1,E",19340212.0,",,E",19340222.0,"+,1,E",-8.0,"1,E,18,",4.0,",,E,12,",17.0,"1,E,22,+",,,370.2,"1,E",12.7,",,,E",0.40700000000000003,"2,E",0.933,"1,,,E",-0.119,"1,,,E"
AGE00147720,1934-03-01,33.68,1.0,1320.0,"GERYVILLE EL BAYADH, AG",,,0.0,"1,E",10.0,"1,E",6.0,"1,E",0.0,"1,E",0.0,",E",23.0,",E",1.0,"1,E",0.0,"1,E",0.0,"1,E",19340304.0,",,E",19340330.0,",1,E",19340320.0,",1,E",-8.0,",E,04,",6.0,"1,,E,30,",19.0,"1,E,20,",,,410.5,"1,E",31.2,"1,,,E",0.46900000000000003,"1,E",1.053,"1,,,E",-0.11599999999999999,",,,E"
AGE00147720,1934-05-01,33.68,1.0,1320.0,"GERYVILLE EL BAYADH, AG",,,9.8,"2,E",10.0,"1,E",4.0,"1,E",0.0,"1,E",0.0,"1,E",0.0,"1,E",0.0,"1,E",14.0,"1,E",0.0,"1,E",19340504.0,",1,E",19340525.0,",1,E",19340527.0,",1,E",1.0,"1,E,04,",21.0,"1,,E,25,",30.0,"1,E,27,",,,118.5,"1,E",42.8,"1,,,E",1.465,"2,E",2.137,"1,,,E",0.7929999999999999,"1,,,E"
AGE00147720,1934-06-01,33.68,1.0,1320.0,"GERYVILLE EL BAYADH, AG",,,120.2,"1,E",8.0,"1,E",3.0,"1,E",0.0,"1,E",0.0,",E",0.0,",E",0.0,"1,E",28.0,"1,E",4.0,"1,E",19340630.0,"+,,E",19340615.0,",1,E",19340625.0,",1,E",10.0,",E,30,+",11.0,"1,,E,15,",36.0,"1,E,25,",,,4.8,"1,E",27.4,"1,,,E",2.223,"1,E",2.955,"1,,,E",1.49,",,,E"
AGE00147720,1934-08-01,33.68,1.0,1320.0,"GERYVILLE EL BAYADH, AG",,,200.2,",E",1.0,",E",0.0,",E",0.0,",E",0.0,",E",0.0,",E",0.0,",E",31.0,",E",22.0,",E",19340811.0,",,E",19340818.0,",,E",19340826.0,",,E",10.0,",E,11,",2.0,",,E,18,",42.0,",E,26,",,,0.0,",E",2.5,",,,E",2.479,",E",3.313,",,,E",1.645,",,,E"
AGE00147720,1934-10-01,33.68,1.0,1320.0,"GERYVILLE EL BAYADH, AG",,,0.2,",E",2.0,",E",2.0,",E",0.0,",E",0.0,",E",3.0,",E",0.0,",E",10.0,",E",0.0,",E",19341026.0,"+,,E",19341003.0,",,E",19341002.0,"+,,E",0.0,",E,26,+",20.0,",,E,03,",25.0,",E,02,+",,,153.0,",E",28.0,",,,E",1.34,",E",2.0260000000000002,",,,E",0.655,",,,E"
AGE00147720,1934-12-01,33.68,1.0,1320.0,"GERYVILLE EL BAYADH, AG",,,0.0,"4,E",3.0,"2,E",2.0,"2,E",0.0,"2,E",0.0,"2,E",16.0,"2,E",0.0,"2,E",0.0,"2,E",0.0,"2,E",19341231.0,",2,E",19341213.0,",2,E",19341228.0,"+,2,E",-8.0,"2,E,31,",4.0,"2,,E,13,",19.0,"2,E,28,+",,,320.0,"2,E",7.8,"2,,,E",0.641,"4,E",1.2550000000000001,"2,,,E",0.028000000000000004,"2,,,E"
AGE00147720,1935-02-01,33.68,1.0,1320.0,"GERYVILLE EL BAYADH, AG",,,,,2.0,"5,E",1.0,"5,E",0.0,"5,E",0.0,"5,E",18.0,"5,E",2.0,"5,E",1.0,"5,E",0.0,"5,E",19350214.0,",5,E",19350225.0,",5,E",19350225.0,",5,E",-10.0,"5,E,14,",3.3,"5,,E,25,",22.0,"5,E,25,",,,,,4.3,"5,,,E",0.385,"8,E",1.0130000000000001,"5,,,E",-0.24300000000000002,"5,,,E"
AGE00147720,1935-03-01,33.68,1.0,1320.0,"GERYVILLE EL BAYADH, AG",,,0.0,"5,E",4.0,"3,E",2.0,"3,E",0.0,"3,E",0.0,"3,E",6.0,"3,E",0.0,"3,E",0.0,"3,E",0.0,"3,E",19350314.0,",3,E",19350316.0,"+,3,E",19350329.0,"+,3,E",-5.0,"3,E,14,",6.0,"3,,E,16,+",21.0,"3,E,29,+",,,225.2,"3,E",13.3,"3,,,E",0.952,"5,E",1.611,"3,,,E",0.29300000000000004,"3,,,E"
AGE00147720,1935-04-01,33.68,1.0,1320.0,"GERYVILLE EL BAYADH, AG",,,0.2,"3,E",5.0,"1,E",3.0,"1,E",1.0,"1,E",0.0,"2,E",4.0,"2,E",0.0,"1,E",11.0,"1,E",0.0,"1,E",19350407.0,",2,E",19350428.0,",1,E",19350412.0,",1,E",-3.0,"2,E,07,",31.0,"1,,E,28,",28.0,"1,E,12,",,,178.7,"1,E",41.2,"1,,,E",1.192,"3,E",1.959,"1,,,E",0.425,"2,,,E"
AGE00147720,1935-06-01,33.68,1.0,1320.0,"GERYVILLE EL BAYADH, AG",,,170.3,"2,E",4.0,"1,E",1.0,"1,E",0.0,"1,E",0.0,"1,E",0.0,"1,E",0.0,"1,E",29.0,"1,E",15.0,"1,E",19350602.0,"+,1,E",19350628.0,",1,E",19350609.0,",1,E",6.0,"1,E,02,+",4.3,"1,,E,28,",36.0,"1,E,09,",,,4.7,"1,E",8.4,"1,,,E",2.445,"2,E",3.207,"1,,,E",1.6829999999999998,"1,,,E"
AGE00147720,1935-07-01,33.68,1.0,1320.0,"GERYVILLE EL BAYADH, AG",,,,,7.0,"4,E",2.0,"4,E",0.0,"4,E",0.0,"4,E",0.0,"4,E",0.0,"4,E",27.0,"4,E",21.0,"4,E",19350706.0,",4,E",19350727.0,"+,4,E",19350721.0,",4,E",9.0,"4,E,06,",5.0,"4,,E,27,+",38.0,"4,E,21,",,,,,17.3,"4,,,E",2.55,"7,E",3.3630000000000004,"4,,,E",1.737,"4,,,E"
AGE00147720,1935-09-01,33.68,1.0,1320.0,"GERYVILLE EL BAYADH, AG",,,87.2,",E",1.0,",E",0.0,",E",0.0,",E",0.0,",E",0.0,",E",0.0,",E",30.0,",E",4.0,",E",19350927.0,"+,,E",19350929.0,",,E",19350904.0,"+,,E",7.0,",E,27,+",1.0,",,E,29,",33.0,",E,04,+",,,7.7,",E",1.1,",,,E",2.098,",E",2.957,",,,E",1.24,",,,E"
AGE00147720,1935-10-01,33.68,1.0,1320.0,"GERYVILLE EL BAYADH, AG",,,,,11.0,"3,E",9.0,"3,E",0.0,"3,E",0.0,"4,E",2.0,"4,E",0.0,"3,E",7.0,"3,E",0.0,"3,E",19351029.0,"+,4,E",19351004.0,",3,E",19351002.0,"+,3,E",0.0,"4,E,29,+",18.0,"3,,E,04,",29.0,"3,E,02,+",,,,,82.0,"3,,,E",1.3039999999999998,"7,E",1.796,"3,,,E",0.8109999999999999,"4,,,E"
AGE00147720,1935-11-01,33.68,1.0,1320.0,"GERYVILLE EL BAYADH, AG",,,0.0,"3,E",4.0,"1,E",2.0,"1,E",0.0,"1,E",0.0,"2,E",7.0,"2,E",0.0,"1,E",1.0,"1,E",0.0,"1,E",19351130.0,",2,E",19351110.0,",1,E",19351103.0,",1,E",-6.0,"2,E,30,",6.0,"1,,E,10,",22.0,"1,E,03,",,,242.0,"1,E",11.4,"1,,,E",0.9349999999999999,"3,E",1.534,"1,,,E",0.33599999999999997,"2,,,E"
AGE00147720,1935-12-01,33.68,1.0,1320.0,"GERYVILLE EL BAYADH, AG",,,,,5.0,"3,E",2.0,"3,E",0.0,"3,E",0.0,"4,E",18.0,"4,E",0.0,"5,E",0.0,"5,E",0.0,"5,E",19351216.0,",4,E",19351229.0,",3,E",19351207.0,",5,E",-6.0,"4,E,16,",22.0,"3,,E,29,",21.0,"5,E,07,",,,,,29.0,"3,,,E",0.568,"8,E",1.192,"5,,,E",-0.05600000000000001,"4,,,E"
AGE00147720,1936-01-01,33.68,1.0,1320.0,"GERYVILLE EL BAYADH, AG",0.0,E,0.0,"5,E",2.0,"2,E",0.0,"2,E",0.0,"2,E",0.0,"3,E",17.0,"3,E",0.0,"2,E",0.0,"2,E",0.0,"2,E",19360116.0,"+,3,E",19360127.0,",2,E",19360122.0,",2,E",-5.0,"3,E,16,+",1.0,"2,,E,27,",20.0,"2,E,22,",,,295.2,"2,E",1.3,"2,,,E",0.692,"5,E",1.376,"2,,,E",0.007000000000000001,"3,,,E"
AGE00147720,1936-03-01,33.68,1.0,1320.0,"GERYVILLE EL BAYADH, AG",,,0.0,"3,E",4.0,"1,E",3.0,"1,E",0.0,"1,E",0.0,"2,E",8.0,"2,E",0.0,"1,E",1.0,"1,E",0.0,"1,E",19360307.0,",2,E",19360311.0,",1,E",19360318.0,",1,E",-4.0,"2,E,07,",8.0,"1,,E,11,",23.0,"1,E,18,",,,260.8,"1,E",20.0,"1,,,E",0.901,"3,E",1.5130000000000001,"1,,,E",0.29,"2,,,E"
AGE00147720,1936-04-01,33.68,1.0,1320.0,"GERYVILLE EL BAYADH, AG",,,,,5.0,"3,E",1.0,"3,E",0.0,"3,E",0.0,"3,E",2.0,"3,E",0.0,"3,E",10.0,"3,E",0.0,"3,E",19360418.0,"+,3,E",19360420.0,",3,E",19360406.0,",3,E",0.0,"3,E,18,+",21.0,"3,,E,20,",30.0,"3,E,06,",,,,,24.5,"3,,,E",1.3439999999999999,"5,E",2.007,"3,,,E",0.6809999999999999,"3,,,E"
AGE00147720,1936-05-01,33.68,1.0,1320.0,"GERYVILLE EL BAYADH, AG",,,7.7,"5,E",4.0,"3,E",2.0,"3,E",0.0,"3,E",0.0,"3,E",0.0,"3,E",0.0,"3,E",11.0,"3,E",0.0,"3,E",19360508.0,",3,E",19360507.0,",3,E",19360529.0,",3,E",1.0,"3,E,08,",8.0,"3,,E,07,",28.0,"3,E,29,",,,120.3,"3,E",15.2,"3,,,E",1.391,"5,E",1.986,"3,,,E",0.796,"3,,,E"
AGE00147720,1936-06-01,33.68,1.0,1320.0,"GERYVILLE EL BAYADH, AG",,,80.7,",E",1.0,",E",1.0,",E",0.0,",E",0.0,",E",0.0,",E",0.0,",E",25.0,",E",9.0,",E",19360605.0,",,E",19360629.0,",,E",19360625.0,",,E",5.0,",E,05,",5.0,",,E,29,",36.0,",E,25,",,,31.7,",E",5.2,",,,E",1.9969999999999999,",E",2.827,",,,E",1.167,",,,E"
AGE00147720,1936-07-01,33.68,1.0,1320.0,"GERYVILLE EL BAYADH, AG",,,,,3.0,"4,E",0.0,"4,E",0.0,"4,E",0.0,"3,E",0.0,"3,E",0.0,"4,E",27.0,"4,E",25.0,"4,E",19360702.0,",3,E",19360729.0,"+,4,E",19360726.0,",4,E",11.0,"3,E,02,",1.0,"4,,E,29,+",38.0,"4,E,26,",,,,,2.7,"4,,,E",2.6719999999999997,"7,E",3.537,"4,,,E",1.807,"3,,,E"
AGE00147720,1936-12-01,33.68,1.0,1320.0,"GERYVILLE EL BAYADH, AG",,,0.0,"4,E",4.0,"3,E",1.0,"3,E",0.0,"3,E",0.0,"2,E",25.0,"2,E",0.0,"3,E",0.0,"3,E",0.0,"3,E",19361227.0,"+,2,E",19361223.0,",3,E",19361205.0,",3,E",-6.0,"2,E,27,+",6.0,"3,,E,23,",15.0,"3,E,05,",,,411.5,"3,E",8.3,"3,,,E",0.317,"4,E",0.8789999999999999,"3,,,E",-0.24500000000000002,"2,,,E"
AGE00147720,1938-03-01,33.68,1.0,1320.0,"GERYVILLE EL BAYADH, AG",,,,,2.0,"5,E",0.0,"5,E",0.0,"5,E",0.0,"5,E",15.0,"5,E",0.0,"5,E",0.0,"5,E",0.0,"5,E",19380318.0,"+,5,E",19380323.0,",5,E",19380330.0,"+,5,E",-7.0,"5,E,18,+",2.0,"5,,E,23,",18.0,"5,E,30,+",,,,,3.0,"5,,,E",0.742,"0,E",1.508,"5,,,E",-0.023,"5,,,E"
AGE00147720,1938-08-01,33.68,1.0,1320.0,"GERYVILLE EL BAYADH, AG",,,,,2.0,"5,E",1.0,"5,E",0.0,"5,E",0.0,"5,E",0.0,"5,E",0.0,"5,E",26.0,"5,E",19.0,"5,E",19380830.0,",5,E",19380826.0,",5,E",19380810.0,",5,E",9.0,"5,E,30,",9.0,"5,,E,26,",37.0,"5,E,10,",,,,,10.0,"5,,,E",2.494,"9,E",3.3729999999999998,"5,,,E",1.6149999999999998,"5,,,E"
AGE00147720,1938-09-01,33.68,1.0,1320.0,"GERYVILLE EL BAYADH, AG",,,,,3.0,"5,E",3.0,"5,E",0.0,"5,E",0.0,"5,E",0.0,"5,E",0.0,"5,E",23.0,"5,E",0.0,"5,E",19380928.0,",5,E",19380927.0,",5,E",19380902.0,",5,E",8.0,"5,E,28,",13.0,"5,,E,27,",32.0,"5,E,02,",,,,,29.0,"5,,,E",2.06,"0,E",2.7199999999999998,"5,,,E",1.4,"5,,,E"
AGE00147720,1938-10-01,33.68,1.0,1320.0,"GERYVILLE EL BAYADH, AG",,,,,5.0,"4,E",4.0,"4,E",0.0,"4,E",0.0,"4,E",1.0,"4,E",0.0,"5,E",16.0,"5,E",0.0,"5,E",19381030.0,",4,E",19381011.0,",4,E",19381014.0,"+,5,E",-1.0,"4,E,30,",7.5,"4,,E,11,",27.0,"5,E,14,+",,,,,20.5,"4,,,E",1.486,"8,E",2.119,"5,,,E",0.852,"4,,,E"
AGE00147720,1938-11-01,33.68,1.0,1320.0,"GERYVILLE EL BAYADH, AG",,,,,7.0,"3,E",5.0,"3,E",0.0,"3,E",0.0,"3,E",9.0,"3,E",0.0,"3,E",0.0,"3,E",0.0,"3,E",19381120.0,",3,E",19381125.0,",3,E",19381102.0,",3,E",-3.0,"3,E,20,",15.0,"3,,E,25,",19.0,"3,E,02,",,,,,36.0,"3,,,E",0.8109999999999999,"6,E",1.393,"3,,,E",0.22999999999999998,"3,,,E"
