STATION,DATE,LATITUDE,LONGITUDE,ELEVATION,NAME,CDSD,CDSD_ATTRIBUTES,CLDD,CLDD_ATTRIBUTES,DP01,DP01_ATTRIBUTES,DP10,DP10_ATTRIBUTES,DP1X,DP1X_ATTRIBUTES,DT00,DT00_ATTRIBUTES,DT32,DT32_ATTRIBUTES,DX32,DX32_ATTRIBUTES,DX70,DX70_ATTRIBUTES,DX90,DX90_ATTRIBUTES,DYNT,DYNT_ATTRIBUTES,DYXP,DYXP_ATTRIBUTES,DYXT,DYXT_ATTRIBUTES,EMNT,EMNT_ATTRIBUTES,EMXP,EMXP_ATTRIBUTES,EMXT,EMXT_ATTRIBUTES,HDSD,HDSD_ATTRIBUTES,HTDD,HTDD_ATTRIBUTES,PRCP,PRCP_ATTRIBUTES,TAVG,TAVG_ATTRIBUTES,TMAX,TMAX_ATTRIBUTES,TMIN,TMIN_ATTRIBUTES
AG000060390,1940-01-01,36.7167,3.25,24.0,"ALGER DAR EL BEIDA, AG",0.0,E,0.0,",E",13.0,"4,E",8.0,"4,E",1.0,"4,E",0.0,",G",0.0,",E",0.0,",G",1.0,",G",0.0,",G",19400119.0,",,E",19400109.0,",4,E",19400101.0,",,G",0.2,",E,19,",30.4,"4,,E,09,",22.4,",G,01,",,,231.6,",G",144.4,"4,,,E",1.0859999999999999,",E",1.568,",,,G",0.604,",,,E"
AG000060390,1940-02-01,36.7167,3.25,24.0,"ALGER DAR EL BEIDA, AG",5.8,E,5.8,",E",5.0,"2,E",4.0,"2,E",0.0,"2,E",0.0,",G",0.0,",E",0.0,",G",7.0,",G",0.0,",G",19400216.0,",,E",19400204.0,",2,E",19400228.0,",,G",1.4,",E,16,",9.7,"2,,E,04,",27.8,",G,28,",,,144.8,",G",26.5,"2,,,E",1.3539999999999999,",E",1.953,",,,G",0.755,",,,E"
AG000060390,1940-03-01,36.7167,3.25,24.0,"ALGER DAR EL BEIDA, AG",13.6,E,7.8,",E",4.0,",E",2.0,",E",1.0,",E",0.0,",G",0.0,",E",0.0,",G",14.0,",G",0.0,",G",19400308.0,",,E",19400328.0,",,E",19400319.0,",,G",0.8,",E,08,",28.9,",,E,28,",28.0,",G,19,",,,121.3,",G",34.9,",,,E",1.467,",E",2.093,",,,G",0.842,",,,E"
AG000060390,1940-04-01,36.7167,3.25,24.0,"ALGER DAR EL BEIDA, AG",18.6,E,5.0,",E",5.0,"1,E",4.0,"1,E",0.0,"1,E",0.0,",G",0.0,",E",0.0,",G",18.0,",G",1.0,",G",19400402.0,",,E",19400411.0,",1,E",19400422.0,",,G",2.0,",E,02,",22.3,"1,,E,11,",34.2,",G,22,",,,126.4,",G",43.3,"1,,,E",1.4289999999999998,",E",2.148,",,,G",0.709,",,,E"
AG000060390,1940-05-01,36.7167,3.25,24.0,"ALGER DAR EL BEIDA, AG",31.3,E,12.7,",E",6.0,"1,E",4.0,"1,E",0.0,"1,E",0.0,",G",0.0,",E",0.0,",G",27.0,",G",0.0,",G",19400506.0,",,E",19400516.0,",1,E",19400508.0,",,G",5.4,",E,06,",11.4,"1,,E,16,",29.5,",G,08,",,,45.6,",G",33.7,"1,,,E",1.7269999999999999,",E",2.371,",,,G",1.084,",,,E"
AG000060390,1940-06-01,36.7167,3.25,24.0,"ALGER DAR EL BEIDA, AG",77.3,E,46.0,",E",8.0,"1,E",3.0,"1,E",0.0,"1,E",0.0,",G",0.0,",E",0.0,",G",29.0,",G",0.0,",G",19400601.0,",,E",19400613.0,",1,E",19400605.0,",,G",7.3,",E,01,",15.4,"1,,E,13,",28.6,",G,05,",,,4.9,",G",41.9,"1,,,E",1.971,",E",2.556,",,,G",1.385,",,,E"
AG000060390,1940-07-01,36.7167,3.25,24.0,"ALGER DAR EL BEIDA, AG",230.2,E,152.9,",E",0.0,"1,E",0.0,"1,E",0.0,"1,E",0.0,",G",0.0,",E",0.0,",G",31.0,",G",5.0,",G",19400709.0,",,E",19400731.0,"+,1,E",19400714.0,",,G",12.1,",E,09,",0.0,"1,,E,31,+",44.6,",G,14,",0.0,G,0.0,",G",0.0,"1,,,E",2.327,",E",3.011,",,,G",1.643,",,,E"
AG000060390,1940-08-01,36.7167,3.25,24.0,"ALGER DAR EL BEIDA, AG",403.4,E,173.2,",E",2.0,",E",1.0,",E",0.0,",E",0.0,",G",0.0,",E",0.0,",G",31.0,",G",8.0,",G",19400820.0,",,E",19400829.0,",,E",19400807.0,",,G",13.4,",E,20,",3.9,",,E,29,",36.6,",G,07,",0.0,G,0.0,",G",5.8,",,,E",2.3920000000000003,",E",3.059,",,,G",1.725,",,,E"
AG000060390,1940-09-01,36.7167,3.25,24.0,"ALGER DAR EL BEIDA, AG",551.1,E,147.7,",E",3.0,"2,E",0.0,"2,E",0.0,"2,E",0.0,",G",0.0,",E",0.0,",G",30.0,",G",7.0,",G",19400913.0,"+,,E",19400909.0,",2,E",19400926.0,",,G",12.4,",E,13,+",2.4,"2,,E,09,",36.6,",G,26,",0.0,G,0.0,",G",3.8,"2,,,E",2.326,",E",2.9899999999999998,",,,G",1.6620000000000001,",,,E"
AG000060390,1940-10-01,36.7167,3.25,24.0,"ALGER DAR EL BEIDA, AG",595.3,E,44.2,",E",,,,,,,0.0,",G",0.0,",E",0.0,",G",27.0,",G",1.0,",G",19401013.0,",,E",,,19401016.0,",,G",8.4,",E,13,",,,35.2,",G,16,",21.5,G,21.5,",G",,,1.907,",E",2.504,",,,G",1.309,",,,E"
AG000060390,1940-11-01,36.7167,3.25,24.0,"ALGER DAR EL BEIDA, AG",595.7,E,0.4,",E",11.0,"4,E",9.0,"4,E",1.0,"4,E",0.0,",G",0.0,",E",0.0,",G",9.0,",G",0.0,",G",19401126.0,",,E",19401128.0,",4,E",19401104.0,",,G",4.6,",E,26,",29.0,"4,,E,28,",25.0,",G,04,",137.6,G,116.1,",G",86.2,"4,,,E",1.448,",E",1.967,",,,G",0.9279999999999999,",,,E"
AG000060390,1940-12-01,36.7167,3.25,24.0,"ALGER DAR EL BEIDA, AG",595.7,E,0.0,",E",17.0,"2,E",11.0,"2,E",0.0,"2,E",0.0,",G",0.0,",E",0.0,",G",0.0,",G",0.0,",G",19401220.0,",,E",19401227.0,",2,E",19401207.0,",,G",1.2,",E,20,",17.2,"2,,E,27,",19.8,",G,07,",389.6,G,252.0,",G",101.0,"2,,,E",1.02,",E",1.48,",,,G",0.561,",,,E"
AG000060390,1941-01-01,36.7167,3.25,24.0,"ALGER DAR EL BEIDA, AG",0.7,E,0.7,"2,E",,,,,,,0.0,"1,G",0.0,"1,E",0.0,"1,G",3.0,"1,G",0.0,"1,G",19410104.0,",1,E",,,19410124.0,",1,G",0.5,"1,E,04,",,,26.0,"1,G,24,",589.7,G,200.1,"1,G",,,1.142,"2,E",1.6920000000000002,"1,,,G",0.593,"1,,,E"
AG000060390,1941-02-01,36.7167,3.25,24.0,"ALGER DAR EL BEIDA, AG",0.7,E,0.0,",E",10.0,"1,E",8.0,"1,E",0.0,"1,E",0.0,",G",0.0,",E",0.0,",G",5.0,",G",0.0,",G",19410206.0,",,E",19410221.0,",1,E",19410215.0,",,G",0.4,",E,06,",9.7,"1,,E,21,",25.4,",G,15,",741.8,G,152.1,",G",63.6,"1,,,E",1.29,",E",1.814,",,,G",0.767,",,,E"
AG000060390,1941-03-01,36.7167,3.25,24.0,"ALGER DAR EL BEIDA, AG",0.7,E,0.0,",E",,,,,,,0.0,",G",0.0,",E",0.0,",G",10.0,",G",0.0,",G",19410318.0,",,E",,,19410307.0,",,G",0.8,",E,18,",,,26.0,",G,07,",896.9,G,155.1,",G",,,1.333,",E",1.9300000000000002,",,,G",0.736,",,,E"
AG000060390,1941-04-01,36.7167,3.25,24.0,"ALGER DAR EL BEIDA, AG",5.2,E,4.5,",E",,,,,,,0.0,",G",0.0,",E",0.0,",G",13.0,",G",1.0,",G",19410409.0,",,E",,,19410429.0,",,G",2.2,",E,09,",,,33.2,",G,29,",993.3,G,96.4,",G",,,1.527,",E",2.089,",,,G",0.9650000000000001,",,,E"
AG000060390,1941-05-01,36.7167,3.25,24.0,"ALGER DAR EL BEIDA, AG",7.4,E,2.2,",E",5.0,"2,E",3.0,"2,E",0.0,"2,E",0.0,",G",0.0,",E",0.0,",G",23.0,",G",0.0,",G",19410515.0,",,E",19410504.0,",2,E",19410527.0,",,G",4.2,",E,15,",14.0,"2,,E,04,",27.0,",G,27,",1069.5,G,76.2,",G",32.9,"2,,,E",1.595,",E",2.242,",,,G",0.9470000000000001,",,,E"
AG000060390,1941-06-01,36.7167,3.25,24.0,"ALGER DAR EL BEIDA, AG",82.9,E,75.5,",E",2.0,"2,E",0.0,"2,E",0.0,"2,E",0.0,",G",0.0,",E",0.0,",G",30.0,",G",4.0,",G",19410615.0,"+,,E",19410625.0,"+,2,E",19410624.0,",,G",9.0,",E,15,+",2.0,"2,,E,25,+",36.0,",G,24,",1073.8,G,4.3,",G",4.2,"2,,,E",2.071,",E",2.7399999999999998,",,,G",1.401,",,,E"
AG000060390,1941-07-01,36.7167,3.25,24.0,"ALGER DAR EL BEIDA, AG",273.8,E,190.9,",E",0.0,"1,E",0.0,"1,E",0.0,"1,E",0.0,",G",0.0,",E",0.0,",G",31.0,",G",8.0,",G",19410705.0,",,E",19410731.0,"+,1,E",19410724.0,",,G",9.0,",E,05,",0.0,"1,,E,31,+",43.8,",G,24,",0.0,G,0.0,",G",0.0,"1,,,E",2.449,",E",3.146,",,,G",1.752,",,,E"
AG000060390,1941-08-01,36.7167,3.25,24.0,"ALGER DAR EL BEIDA, AG",489.9,E,216.1,",E",0.0,",E",0.0,",E",0.0,",E",0.0,",G",0.0,",E",0.0,",G",31.0,",G",9.0,",G",19410810.0,",,E",19410801.0,",,E",19410818.0,",,G",13.0,",E,10,",0.1,",,E,01,",45.0,",G,18,",0.0,G,0.0,",G",0.1,",,,E",2.5300000000000002,",E",3.2079999999999997,",,,G",1.8530000000000002,",,,E"
AG000060390,1941-09-01,36.7167,3.25,24.0,"ALGER DAR EL BEIDA, AG",603.2,E,113.3,",E",5.0,"2,E",4.0,"2,E",0.0,"2,E",0.0,",G",0.0,",E",0.0,",G",30.0,",G",2.0,",G",19410917.0,",,E",19410910.0,",2,E",19410907.0,",,G",11.0,",E,17,",8.8,"2,,E,10,",36.9,",G,07,",0.0,G,0.0,",G",19.8,"2,,,E",2.211,",E",2.836,",,,G",1.585,",,,E"
AG000060390,1941-10-01,36.7167,3.25,24.0,"ALGER DAR EL BEIDA, AG",637.8,E,34.6,"1,E",7.0,"3,E",5.0,"3,E",0.0,"3,E",0.0,"1,G",0.0,"1,E",0.0,"1,G",25.0,"1,G",0.0,"1,G",19411027.0,",1,E",19411026.0,",3,E",19411012.0,",1,G",5.5,"1,E,27,",17.5,"3,,E,26,",29.4,"1,G,12,",33.3,G,33.3,"1,G",36.3,"3,,,E",1.8379999999999999,"1,E",2.493,"1,,,G",1.182,"1,,,E"
AG000060390,1941-11-01,36.7167,3.25,24.0,"ALGER DAR EL BEIDA, AG",649.4,E,11.6,",E",10.0,"5,E",6.0,"5,E",0.0,"5,E",0.0,",G",0.0,",E",0.0,",G",12.0,",G",0.0,",G",19411129.0,",,E",19411104.0,",5,E",19411110.0,",,G",5.0,",E,29,",21.1,"5,,E,04,",28.4,",G,10,",131.2,G,97.9,",G",57.1,"5,,,E",1.546,",E",2.073,",,,G",1.018,",,,E"
AG000060390,1941-12-01,36.7167,3.25,24.0,"ALGER DAR EL BEIDA, AG",649.4,E,0.0,",E",9.0,"3,E",7.0,"3,E",0.0,"3,E",0.0,",G",0.0,",E",0.0,",G",1.0,",G",0.0,",G",19411230.0,",,E",19411202.0,",3,E",19411215.0,",,G",0.7,",E,30,",17.2,"3,,E,02,",21.5,",G,15,",360.4,G,229.2,",G",77.9,"3,,,E",1.0939999999999999,",E",1.6940000000000002,",,,G",0.495,",,,E"
AG000060390,1942-01-01,36.7167,3.25,24.0,"ALGER DAR EL BEIDA, AG",0.0,E,0.0,"1,E",17.0,"1,E",11.0,"1,E",0.0,"1,E",0.0,"1,G",0.0,"1,E",0.0,",G",0.0,",G",0.0,",G",19420101.0,",1,E",19420108.0,"+,1,E",19420126.0,",,G",1.0,"1,E,01,",16.0,"1,,E,08,+",19.4,",G,26,",607.8,G,247.4,",G",95.2,"1,,,E",0.9970000000000001,"1,E",1.425,",,,G",0.568,"1,,,E"
AG000060390,1942-02-01,36.7167,3.25,24.0,"ALGER DAR EL BEIDA, AG",0.0,E,0.0,",E",18.0,"1,E",13.0,"1,E",0.0,"1,E",0.0,",G",1.0,",E",0.0,",G",0.0,",G",0.0,",G",19420220.0,",,E",19420209.0,",1,E",19420221.0,",,G",-1.2,",E,20,",18.8,"1,,E,09,",18.0,",G,21,",856.5,G,248.7,",G",101.1,"1,,,E",0.945,",E",1.443,",,,G",0.44699999999999995,",,,E"
AG000060390,1942-03-01,36.7167,3.25,24.0,"ALGER DAR EL BEIDA, AG",3.9,E,3.9,"4,E",5.0,"4,E",3.0,"4,E",1.0,"4,E",0.0,"2,G",0.0,"2,E",0.0,"2,G",12.0,"2,G",0.0,"2,G",19420301.0,",2,E",19420328.0,",4,E",19420321.0,",2,G",1.2,"2,E,01,",31.2,"4,,E,28,",29.4,"2,G,21,",968.2,G,111.7,"2,G",51.6,"4,,,E",1.444,"4,E",2.071,"2,,,G",0.818,"2,,,E"
AG000060390,1942-06-01,36.7167,3.25,24.0,"ALGER DAR EL BEIDA, AG",,,100.9,"1,E",1.0,"1,E",1.0,"1,E",0.0,"1,E",0.0,"1,G",0.0,"1,E",0.0,",G",30.0,",G",4.0,",G",19420606.0,"+,1,E",19420618.0,",1,E",19420608.0,",,G",10.2,"1,E,06,+",4.0,"1,,E,18,",37.4,",G,08,",,,1.0,",G",4.0,"1,,,E",2.1719999999999997,"1,E",2.894,",,,G",1.45,"1,,,E"
AG000060390,1942-07-01,36.7167,3.25,24.0,"ALGER DAR EL BEIDA, AG",,,162.4,"3,E",0.0,"1,E",0.0,"1,E",0.0,"1,E",0.0,"2,G",0.0,"2,E",0.0,"1,G",30.0,"1,G",11.0,"1,G",19420723.0,",2,E",19420731.0,"+,1,E",19420731.0,"+,1,G",12.4,"2,E,23,",0.0,"1,,E,31,+",37.0,"1,G,31,+",0.0,G,0.0,"1,G",0.0,"1,,,E",2.411,"3,E",3.118,"1,,,G",1.703,"2,,,E"
AG000060390,1942-08-01,36.7167,3.25,24.0,"ALGER DAR EL BEIDA, AG",,,182.7,",E",0.0,"2,E",0.0,"2,E",0.0,"2,E",0.0,",G",0.0,",E",0.0,",G",31.0,",G",8.0,",G",19420809.0,",,E",19420831.0,"+,2,E",19420814.0,",,G",9.5,",E,09,",0.0,"2,,E,31,+",37.5,",G,14,",0.0,G,0.0,",G",0.0,"2,,,E",2.423,",E",3.109,",,,G",1.736,",,,E"
AG000060390,1942-09-01,36.7167,3.25,24.0,"ALGER DAR EL BEIDA, AG",,,142.0,"3,E",3.0,"3,E",1.0,"3,E",0.0,"3,E",0.0,"2,G",0.0,"2,E",0.0,"1,G",29.0,"1,G",3.0,"1,G",19420928.0,",2,E",19420909.0,",3,E",19420930.0,",1,G",10.8,"2,E,28,",4.0,"3,,E,09,",36.6,"1,G,30,",0.0,G,0.0,"1,G",7.1,"3,,,E",2.336,"3,E",2.987,"1,,,G",1.686,"2,,,E"
AG000060390,1942-10-01,36.7167,3.25,24.0,"ALGER DAR EL BEIDA, AG",,,97.9,"1,E",1.0,",E",1.0,",E",0.0,",E",0.0,"1,G",0.0,"1,E",0.0,",G",31.0,",G",5.0,",G",19421024.0,",1,E",19421027.0,",,E",19421002.0,",,G",7.3,"1,E,24,",8.5,",,E,27,",37.6,",G,02,",7.5,G,7.5,",G",8.7,",,,E",2.1350000000000002,"1,E",2.822,",,,G",1.448,"1,,,E"
AG000060390,1942-11-01,36.7167,3.25,24.0,"ALGER DAR EL BEIDA, AG",,,17.1,"2,E",,,,,,,0.0,"1,G",0.0,"1,E",0.0,"1,G",16.0,"1,G",1.0,"1,G",19421122.0,",1,E",,,19421104.0,",1,G",4.0,"1,E,22,",,,32.2,"1,G,04,",91.0,G,83.5,"1,G",,,1.616,"2,E",2.157,"1,,,G",1.074,"1,,,E"
AG000060390,1942-12-01,36.7167,3.25,24.0,"ALGER DAR EL BEIDA, AG",,,0.0,"3,E",,,,,,,0.0,"2,G",0.0,"2,E",0.0,"1,G",3.0,"1,G",0.0,"1,G",19421230.0,",2,E",,,19421204.0,",1,G",5.0,"2,E,30,",,,23.0,"1,G,04,",235.5,G,144.5,"1,G",,,1.303,"3,E",1.7280000000000002,"1,,,G",0.8779999999999999,"2,,,E"
AG000060390,1943-01-01,36.7167,3.25,24.0,"ALGER DAR EL BEIDA, AG",0.0,E,0.0,",E",,,,,,,0.0,",G",0.0,",E",0.0,",G",2.0,",G",0.0,",G",19430116.0,",,E",,,19430121.0,",,G",0.5,",E,16,",,,25.0,",G,21,",420.5,G,185.0,",G",,,1.236,",E",1.7399999999999998,",,,G",0.733,",,,E"
AG000060390,1943-02-01,36.7167,3.25,24.0,"ALGER DAR EL BEIDA, AG",0.0,E,0.0,",E",,,,,,,0.0,",G",0.0,",E",0.0,",G",3.0,",G",0.0,",G",19430207.0,",,E",,,19430202.0,",,G",1.0,",E,07,",,,23.5,",G,02,",626.5,G,206.0,",G",,,1.098,",E",1.6320000000000001,",,,G",0.563,",,,E"
AG000060390,1943-03-01,36.7167,3.25,24.0,"ALGER DAR EL BEIDA, AG",1.4,E,1.4,",E",18.0,"2,E",14.0,"2,E",0.0,"2,E",0.0,",G",0.0,",E",0.0,",G",3.0,",G",0.0,",G",19430320.0,",,E",19430328.0,",2,E",19430303.0,",,G",3.5,",E,20,",22.0,"2,,E,28,",25.2,",G,03,",789.1,G,162.6,",G",139.3,"2,,,E",1.3130000000000002,",E",1.781,",,,G",0.845,",,,E"
AG000060390,1943-04-01,36.7167,3.25,24.0,"ALGER DAR EL BEIDA, AG",25.3,E,23.9,"2,E",,,,,,,0.0,"2,G",0.0,"2,E",0.0,",G",20.0,",G",1.0,",G",19430410.0,",2,E",,,19430419.0,",,G",4.8,"2,E,10,",,,32.2,",G,19,",840.7,G,51.6,",G",,,1.737,"2,E",2.308,",,,G",1.166,"2,,,E"
AG000060390,1943-05-01,36.7167,3.25,24.0,"ALGER DAR EL BEIDA, AG",66.2,E,40.9,",E",4.0,"1,E",2.0,"1,E",0.0,"1,E",0.0,",G",0.0,",E",0.0,",G",27.0,",G",1.0,",G",19430513.0,",,E",19430502.0,",1,E",19430530.0,",,G",7.5,",E,13,",19.8,"1,,E,02,",34.2,",G,30,",860.4,G,19.7,",G",34.8,"1,,,E",1.902,",E",2.576,",,,G",1.2269999999999999,",,,E"
AG000060390,1943-06-01,36.7167,3.25,24.0,"ALGER DAR EL BEIDA, AG",178.6,E,112.4,",E",0.0,"4,E",0.0,"4,E",0.0,"4,E",0.0,",G",0.0,",E",0.0,",G",30.0,",G",6.0,",G",19430617.0,"+,,E",19430630.0,"+,4,E",19430614.0,",,G",11.0,",E,17,+",0.0,"4,,E,30,+",34.2,",G,14,",860.4,G,0.0,",G",0.0,"4,,,E",2.2079999999999997,",E",2.928,",,,G",1.488,",,,E"
AG000060390,1943-07-01,36.7167,3.25,24.0,"ALGER DAR EL BEIDA, AG",379.1,E,200.5,",E",,,,,,,0.0,",G",0.0,",E",0.0,",G",31.0,",G",7.0,",G",19430710.0,",,E",,,19430712.0,",,G",13.8,",E,10,",,,36.1,",G,12,",0.0,G,0.0,",G",,,2.48,",E",3.082,",,,G",1.8780000000000001,",,,E"
AG000060390,1943-08-01,36.7167,3.25,24.0,"ALGER DAR EL BEIDA, AG",586.4,E,207.3,"1,E",0.0,",E",0.0,",E",0.0,",E",0.0,",G",0.0,",E",0.0,"1,G",30.0,"1,G",11.0,"1,G",19430831.0,",,E",19430831.0,"+,,E",19430803.0,",1,G",14.0,",E,31,",0.0,",,E,31,+",40.0,"1,G,03,",0.0,G,0.0,"1,G",0.0,",,,E",2.524,"1,E",3.2159999999999997,"1,,,G",1.832,",,,E"
AG000060390,1943-09-01,36.7167,3.25,24.0,"ALGER DAR EL BEIDA, AG",781.4,E,195.0,",E",9.0,"3,E",5.0,"3,E",0.0,"3,E",0.0,",G",0.0,",E",0.0,",G",29.0,",G",14.0,",G",19430929.0,",,E",19430928.0,",3,E",19430919.0,",,G",10.8,",E,29,",13.3,"3,,E,28,",39.5,",G,19,",5.1,G,5.1,",G",42.4,"3,,,E",2.466,",E",3.1109999999999998,",,,G",1.8219999999999998,",,,E"
AG000060390,1943-10-01,36.7167,3.25,24.0,"ALGER DAR EL BEIDA, AG",809.1,E,27.7,",E",7.0,"4,E",5.0,"4,E",1.0,"4,E",0.0,",G",0.0,",E",0.0,",G",30.0,",G",0.0,",G",19431030.0,",,E",19431006.0,",4,E",19431009.0,",,G",7.0,",E,30,",31.1,"4,,E,06,",28.0,",G,09,",27.1,G,22.0,",G",74.1,"4,,,E",1.8519999999999999,",E",2.402,",,,G",1.301,",,,E"
AG000060390,1943-11-01,36.7167,3.25,24.0,"ALGER DAR EL BEIDA, AG",810.3,E,1.2,"1,E",18.0,"1,E",13.0,"1,E",0.0,"1,E",0.0,"1,G",0.0,"1,E",0.0,"1,G",3.0,"1,G",0.0,"1,G",19431121.0,",1,E",19431106.0,",1,E",19431101.0,",1,G",3.9,"1,E,21,",24.5,"1,,E,06,",24.5,"1,G,01,",173.0,G,145.9,"1,G",154.4,"1,,,E",1.334,"1,E",1.7870000000000001,"1,,,G",0.882,"1,,,E"
AG000060390,1943-12-01,36.7167,3.25,24.0,"ALGER DAR EL BEIDA, AG",810.3,E,0.0,"1,E",14.0,"2,E",10.0,"2,E",0.0,"2,E",0.0,"1,G",0.0,"1,E",0.0,",G",2.0,",G",0.0,",G",19431230.0,",1,E",19431210.0,",2,E",19431205.0,",,G",2.8,"1,E,30,",24.9,"2,,E,10,",22.0,",G,05,",355.0,G,182.0,",G",118.4,"2,,,E",1.218,"1,E",1.688,",,,G",0.749,"1,,,E"
AG000060390,1944-01-01,36.7167,3.25,24.0,"ALGER DAR EL BEIDA, AG",0.0,E,0.0,",E",3.0,"2,E",1.0,"2,E",0.0,"2,E",0.0,",G",2.0,",E",0.0,",G",2.0,",G",0.0,",G",19440130.0,",,E",19440101.0,",2,E",19440129.0,",,G",-0.4,",E,30,",5.0,"2,,E,01,",21.5,",G,29,",618.0,G,263.0,",G",6.1,"2,,,E",0.985,",E",1.639,",,,G",0.331,",,,E"
AG000060390,1944-02-01,36.7167,3.25,24.0,"ALGER DAR EL BEIDA, AG",0.0,E,0.0,"4,E",17.0,"2,E",11.0,"2,E",0.0,"2,E",0.0,"2,G",1.0,"2,E",0.0,"2,G",0.0,"2,G",0.0,"2,G",19440213.0,",2,E",19440215.0,",2,E",19440208.0,",2,G",-0.9,"2,E,13,",24.9,"2,,E,15,",19.3,"2,G,08,",853.3,G,235.3,"2,G",133.8,"2,,,E",0.8859999999999999,"4,E",1.392,"2,,,G",0.38,"2,,,E"
AG000060390,1944-03-01,36.7167,3.25,24.0,"ALGER DAR EL BEIDA, AG",0.0,E,0.0,",E",6.0,"1,E",3.0,"1,E",0.0,"1,E",0.0,",G",0.0,",E",0.0,",G",5.0,",G",0.0,",G",19440307.0,",,E",19440304.0,",1,E",19440322.0,",,G",0.9,",E,07,",7.9,"1,,E,04,",23.7,",G,22,",1073.0,G,219.7,",G",17.8,"1,,,E",1.125,",E",1.732,",,,G",0.518,",,,E"
AG000060390,1944-04-01,36.7167,3.25,24.0,"ALGER DAR EL BEIDA, AG",7.1,E,7.1,",E",9.0,"2,E",4.0,"2,E",0.0,"2,E",0.0,",G",0.0,",E",0.0,",G",18.0,",G",1.0,",G",19440414.0,",,E",19440423.0,",2,E",19440415.0,",,G",4.0,",E,14,",17.7,"2,,E,23,",34.2,",G,15,",1148.6,G,75.6,",G",49.8,"2,,,E",1.605,",E",2.225,",,,G",0.985,",,,E"
AG000060390,1944-05-01,36.7167,3.25,24.0,"ALGER DAR EL BEIDA, AG",57.6,E,50.5,"1,E",3.0,"4,E",0.0,"4,E",0.0,"4,E",0.0,",G",0.0,",E",0.0,"1,G",28.0,"1,G",4.0,"1,G",19440502.0,",,E",19440524.0,",4,E",19440507.0,",1,G",6.8,",E,02,",2.0,"4,,E,24,",38.3,"1,G,07,",1166.5,G,17.9,"1,G",3.5,"4,,,E",1.935,"1,E",2.601,"1,,,G",1.269,",,,E"
AG000060390,1944-06-01,36.7167,3.25,24.0,"ALGER DAR EL BEIDA, AG",136.4,E,78.8,",E",3.0,"3,E",1.0,"3,E",0.0,"3,E",0.0,",G",0.0,",E",0.0,",G",30.0,",G",0.0,",G",19440607.0,",,E",19440622.0,",3,E",19440626.0,",,G",11.6,",E,07,",3.2,"3,,E,22,",31.4,",G,26,",1166.5,G,0.0,",G",6.4,"3,,,E",2.096,",E",2.69,",,,G",1.502,",,,E"
AG000060390,1944-07-01,36.7167,3.25,24.0,"ALGER DAR EL BEIDA, AG",310.5,E,174.1,",E",0.0,",E",0.0,",E",0.0,",E",0.0,",G",0.0,",E",0.0,",G",31.0,",G",5.0,",G",19440710.0,",,E",19440731.0,"+,,E",19440731.0,",,G",12.6,",E,10,",0.0,",,E,31,+",35.6,",G,31,",0.0,G,0.0,",G",0.0,",,,E",2.395,",E",2.997,",,,G",1.793,",,,E"
AG000060390,1944-08-01,36.7167,3.25,24.0,"ALGER DAR EL BEIDA, AG",540.2,E,229.7,"1,E",1.0,"2,E",0.0,"2,E",0.0,"2,E",0.0,",G",0.0,",E",0.0,"1,G",30.0,"1,G",7.0,"1,G",19440813.0,",,E",19440831.0,",2,E",19440831.0,"+,1,G",17.0,",E,13,",1.1,"2,,E,31,",41.0,"1,G,31,+",0.0,G,0.0,"1,G",1.1,"2,,,E",2.5949999999999998,"1,E",3.173,"1,,,G",2.0170000000000003,",,,E"
AG000060390,1944-09-01,36.7167,3.25,24.0,"ALGER DAR EL BEIDA, AG",714.8,E,174.6,",E",16.0,"4,E",7.0,"4,E",0.0,"4,E",0.0,",G",0.0,",E",0.0,",G",30.0,",G",3.0,",G",19440930.0,",,E",19440924.0,",4,E",19440901.0,",,G",12.0,",E,30,",22.0,"4,,E,24,",42.4,",G,01,",1.0,G,1.0,",G",66.2,"4,,,E",2.412,",E",2.87,",,,G",1.954,",,,E"
AG000060390,1944-10-01,36.7167,3.25,24.0,"ALGER DAR EL BEIDA, AG",727.1,E,12.3,",E",10.0,"5,E",5.0,"5,E",1.0,"5,E",0.0,",G",0.0,",E",0.0,",G",25.0,",G",0.0,",G",19441026.0,",,E",19441026.0,",5,E",19441016.0,",,G",8.2,",E,26,",29.7,"5,,E,26,",28.8,",G,16,",39.3,G,38.3,",G",86.1,"5,,,E",1.7489999999999999,",E",2.2809999999999997,",,,G",1.218,",,,E"
AG000060390,1944-11-01,36.7167,3.25,24.0,"ALGER DAR EL BEIDA, AG",737.9,E,10.8,",E",6.0,"2,E",1.0,"2,E",0.0,"2,E",0.0,",G",0.0,",E",0.0,",G",13.0,",G",0.0,",G",19441112.0,",,E",19441127.0,",2,E",19441118.0,",,G",3.5,",E,12,",10.4,"2,,E,27,",28.0,",G,18,",151.7,G,112.4,",G",18.0,"2,,,E",1.4949999999999999,",E",2.0789999999999997,",,,G",0.9099999999999999,",,,E"
AG000060390,1944-12-01,36.7167,3.25,24.0,"ALGER DAR EL BEIDA, AG",737.9,E,0.0,"2,E",14.0,"1,E",11.0,"1,E",2.0,"1,E",0.0,",G",0.0,",E",0.0,"2,G",0.0,"2,G",0.0,"2,G",19441227.0,",,E",19441228.0,",1,E",19441207.0,",2,G",1.3,",E,27,",42.4,"1,,E,28,",20.5,"2,G,07,",361.2,G,209.5,"2,G",154.4,"1,,,E",1.1099999999999999,"2,E",1.6320000000000001,"2,,,G",0.588,",,,E"
AG000060390,1945-01-01,36.7167,3.25,24.0,"ALGER DAR EL BEIDA, AG",,,,,20.0,",E",14.0,",E",2.0,",E",0.0,"5,G",1.0,"5,E",0.0,"1,G",0.0,"1,G",0.0,"1,G",19450104.0,",5,E",19450109.0,",,E",19450131.0,",1,G",-0.4,"5,E,04,",38.1,",,E,09,",20.2,"1,G,31,",,,,,173.4,",,,E",0.884,"6,E",1.341,"1,,,G",0.42800000000000005,"5,,,E"
AG000060390,1945-02-01,36.7167,3.25,24.0,"ALGER DAR EL BEIDA, AG",,,0.0,"1,E",2.0,"2,E",0.0,"2,E",0.0,"2,E",0.0,"1,G",0.0,"1,E",0.0,",G",2.0,",G",0.0,",G",19450225.0,",1,E",19450220.0,",2,E",19450208.0,",,G",0.1,"1,E,25,",2.3,"2,,E,20,",22.8,",G,08,",,,198.9,",G",3.3,"2,,,E",1.089,"1,E",1.7,",,,G",0.479,"1,,,E"
AG000060390,1945-03-01,36.7167,3.25,24.0,"ALGER DAR EL BEIDA, AG",,,2.9,",E",2.0,"1,E",2.0,"1,E",0.0,"1,E",0.0,",G",0.0,",E",0.0,",G",6.0,",G",0.0,",G",19450309.0,",,E",19450327.0,",1,E",19450324.0,",,G",1.5,",E,09,",9.4,"1,,E,27,",27.4,",G,24,",,,186.1,",G",18.1,"1,,,E",1.242,",E",1.879,",,,G",0.605,",,,E"
AG000060390,1945-04-01,36.7167,3.25,24.0,"ALGER DAR EL BEIDA, AG",,,26.3,",E",2.0,",E",1.0,",E",0.0,",E",0.0,",G",0.0,",E",0.0,",G",26.0,",G",0.0,",G",19450407.0,",,E",19450428.0,",,E",19450417.0,",,G",6.0,",E,07,",5.3,",,E,28,",32.0,",G,17,",,,50.3,",G",6.1,",,,E",1.7530000000000001,",E",2.508,",,,G",0.999,",,,E"
AG000060390,1945-05-01,36.7167,3.25,24.0,"ALGER DAR EL BEIDA, AG",,,88.8,"1,E",3.0,"1,E",3.0,"1,E",0.0,"1,E",0.0,",G",0.0,",E",0.0,"1,G",28.0,"1,G",5.0,"1,G",19450503.0,",,E",19450502.0,",1,E",19450510.0,",1,G",4.2,",E,03,",7.5,"1,,E,02,",36.2,"1,G,10,",,,17.4,"1,G",19.2,"1,,,E",2.073,"1,E",2.7670000000000003,"1,,,G",1.378,",,,E"
AG000060390,1945-06-01,36.7167,3.25,24.0,"ALGER DAR EL BEIDA, AG",,,157.3,",E",3.0,"2,E",0.0,"2,E",0.0,"2,E",0.0,",G",0.0,",E",0.0,",G",30.0,",G",4.0,",G",19450602.0,",,E",19450615.0,",2,E",19450629.0,",,G",9.0,",E,02,",1.5,"2,,E,15,",40.6,",G,29,",,,0.8,",G",3.4,"2,,,E",2.355,",E",2.904,",,,G",1.8059999999999998,",,,E"
AG000060390,1945-07-01,36.7167,3.25,24.0,"ALGER DAR EL BEIDA, AG",,,217.0,",E",3.0,",E",2.0,",E",0.0,",E",0.0,",G",0.0,",E",0.0,",G",31.0,",G",8.0,",G",19450705.0,",,E",19450706.0,",,E",19450728.0,",,G",13.7,",E,05,",4.1,",,E,06,",38.8,",G,28,",0.0,G,0.0,",G",9.2,",,,E",2.533,",E",3.109,",,,G",1.957,",,,E"
AG000060390,1945-08-01,36.7167,3.25,24.0,"ALGER DAR EL BEIDA, AG",,,206.3,"1,E",0.0,"3,E",0.0,"3,E",0.0,"3,E",0.0,"1,G",0.0,"1,E",0.0,",G",31.0,",G",5.0,",G",19450806.0,",1,E",19450831.0,"+,3,E",19450829.0,",,G",11.8,"1,E,06,",0.0,"3,,E,31,+",35.5,",G,29,",0.0,G,0.0,",G",0.0,"3,,,E",2.519,"1,E",3.073,",,,G",1.966,"1,,,E"
AG000060390,1945-09-01,36.7167,3.25,24.0,"ALGER DAR EL BEIDA, AG",,,182.3,",E",1.0,"1,E",0.0,"1,E",0.0,"1,E",0.0,",G",0.0,",E",0.0,",G",30.0,",G",8.0,",G",19450928.0,",,E",19450925.0,",1,E",19450908.0,",,G",10.8,",E,28,",0.6,"1,,E,25,",44.4,",G,08,",0.1,G,0.1,",G",0.6,"1,,,E",2.441,",E",3.1149999999999998,",,,G",1.7670000000000001,",,,E"
AG000060390,1945-10-01,36.7167,3.25,24.0,"ALGER DAR EL BEIDA, AG",,,36.0,"1,E",4.0,",E",3.0,",E",0.0,",E",0.0,"1,G",0.0,"1,E",0.0,",G",28.0,",G",1.0,",G",19451008.0,",1,E",19451030.0,",,E",19451028.0,",,G",8.0,"1,E,08,",19.7,",,E,30,",33.4,",G,28,",13.5,G,13.4,",G",36.9,",,,E",1.8940000000000001,"1,E",2.57,",,,G",1.2189999999999999,"1,,,E"
AG000060390,1945-11-01,36.7167,3.25,24.0,"ALGER DAR EL BEIDA, AG",,,8.9,"2,E",10.0,",E",9.0,",E",3.0,",E",0.0,"2,G",0.0,"2,E",0.0,",G",15.0,",G",0.0,",G",19451129.0,",2,E",19451112.0,",,E",19451116.0,",,G",7.1,"2,E,29,",54.6,",,E,12,",26.2,",G,16,",76.1,G,62.6,",G",161.5,",,,E",1.639,"2,E",2.116,",,,G",1.162,"2,,,E"
AG000060390,1945-12-01,36.7167,3.25,24.0,"ALGER DAR EL BEIDA, AG",,,0.4,",E",7.0,"1,E",5.0,"1,E",0.0,"1,E",0.0,",G",0.0,",E",0.0,",G",5.0,",G",0.0,",G",19451231.0,",,E",19451209.0,",1,E",19451228.0,",,G",2.7,",E,31,",18.6,"1,,E,09,",24.0,",G,28,",229.7,G,153.6,",G",38.7,"1,,,E",1.339,",E",1.823,",,,G",0.8550000000000001,",,,E"
AG000060390,1946-01-01,36.7167,3.25,24.0,"ALGER DAR EL BEIDA, AG",0.0,E,0.0,",E",14.0,"1,E",14.0,"1,E",4.0,"1,E",0.0,",G",0.0,",E",0.0,",G",2.0,",G",0.0,",G",19460119.0,",,E",19460124.0,",1,E",19460112.0,",,G",1.6,",E,19,",45.7,"1,,E,24,",21.7,",G,12,",470.5,G,240.8,",G",226.1,"1,,,E",1.056,",E",1.517,",,,G",0.596,",,,E"
AG000060390,1946-02-01,36.7167,3.25,24.0,"ALGER DAR EL BEIDA, AG",0.0,E,0.0,"2,E",4.0,",E",2.0,",E",0.0,",E",0.0,"2,G",0.0,"2,E",0.0,",G",3.0,",G",0.0,",G",19460224.0,",2,E",19460210.0,",,E",19460226.0,",,G",1.2,"2,E,24,",11.6,",,E,10,",23.4,",G,26,",666.1,G,195.6,",G",21.6,",,,E",1.097,"2,E",1.73,",,,G",0.46399999999999997,"2,,,E"
AG000060390,1946-03-01,36.7167,3.25,24.0,"ALGER DAR EL BEIDA, AG",6.4,E,6.4,",E",10.0,"2,E",10.0,"2,E",0.0,"2,E",0.0,",G",0.0,",E",0.0,",G",8.0,",G",0.0,",G",19460321.0,",,E",19460308.0,",2,E",19460325.0,",,G",1.0,",E,21,",14.4,"2,,E,08,",30.0,",G,25,",820.7,G,154.6,",G",87.7,"2,,,E",1.355,",E",1.939,",,,G",0.772,",,,E"
AG000060390,1946-04-01,36.7167,3.25,24.0,"ALGER DAR EL BEIDA, AG",20.4,E,14.0,"3,E",15.0,"2,E",10.0,"2,E",2.0,"2,E",0.0,"2,G",0.0,"2,E",0.0,"1,G",11.0,"1,G",0.0,"1,G",19460406.0,"+,2,E",19460415.0,",2,E",19460409.0,",1,G",7.6,"2,E,06,+",41.7,"2,,E,15,",31.0,"1,G,09,",876.3,G,55.6,"1,G",165.0,"2,,,E",1.677,"3,E",2.146,"1,,,G",1.208,"2,,,E"
AG000060390,1946-05-01,36.7167,3.25,24.0,"ALGER DAR EL BEIDA, AG",32.3,E,11.9,",E",10.0,"2,E",6.0,"2,E",1.0,"2,E",0.0,",G",0.0,",E",0.0,",G",27.0,",G",0.0,",G",19460509.0,"+,,E",19460519.0,",2,E",19460501.0,",,G",9.2,",E,09,+",48.5,"2,,E,19,",31.2,",G,01,",906.8,G,30.5,",G",94.9,"2,,,E",1.7730000000000001,",E",2.34,",,,G",1.206,",,,E"
AG000060390,1946-06-01,36.7167,3.25,24.0,"ALGER DAR EL BEIDA, AG",125.7,E,93.4,",E",1.0,"2,E",0.0,"2,E",0.0,"2,E",0.0,",G",0.0,",E",0.0,",G",29.0,",G",0.0,",G",19460623.0,",,E",19460622.0,",2,E",19460619.0,",,G",9.2,",E,23,",2.0,"2,,E,22,",31.5,",G,19,",908.6,G,1.8,",G",2.2,"2,,,E",2.1390000000000002,",E",2.714,",,,G",1.5630000000000002,",,,E"
AG000060390,1946-07-01,36.7167,3.25,24.0,"ALGER DAR EL BEIDA, AG",289.1,E,163.4,",E",0.0,",E",0.0,",E",0.0,",E",0.0,",G",0.0,",E",0.0,",G",31.0,",G",10.0,",G",19460711.0,"+,,E",19460731.0,"+,,E",19460727.0,",,G",12.0,",E,11,+",0.0,",,E,31,+",38.9,",G,27,",0.0,G,0.0,",G",0.0,",,,E",2.3600000000000003,",E",3.1149999999999998,",,,G",1.6059999999999999,",,,E"
AG000060390,1946-08-01,36.7167,3.25,24.0,"ALGER DAR EL BEIDA, AG",517.9,E,228.8,",E",2.0,"1,E",1.0,"1,E",0.0,"1,E",0.0,",G",0.0,",E",0.0,",G",31.0,",G",13.0,",G",19460801.0,",,E",19460820.0,",1,E",19460807.0,",,G",14.5,",E,01,",3.3,"1,,E,20,",38.4,",G,07,",0.0,G,0.0,",G",3.6,"1,,,E",2.571,",E",3.228,",,,G",1.9149999999999998,",,,E"
AG000060390,1946-09-01,36.7167,3.25,24.0,"ALGER DAR EL BEIDA, AG",686.5,E,168.6,",E",0.0,"2,E",0.0,"2,E",0.0,"2,E",0.0,",G",0.0,",E",0.0,",G",30.0,",G",6.0,",G",19460922.0,",,E",19460930.0,"+,2,E",19460902.0,",,G",13.0,",E,22,",0.0,"2,,E,30,+",33.1,",G,02,",0.0,G,0.0,",G",0.0,"2,,,E",2.395,",E",3.016,",,,G",1.775,",,,E"
AG000060390,1946-10-01,36.7167,3.25,24.0,"ALGER DAR EL BEIDA, AG",782.6,E,96.1,",E",3.0,"1,E",1.0,"1,E",0.0,"1,E",0.0,",G",0.0,",E",0.0,",G",31.0,",G",3.0,",G",19461029.0,",,E",19461011.0,",1,E",19461009.0,",,G",9.4,",E,29,",6.5,"1,,E,11,",34.8,",G,09,",2.2,G,2.2,",G",7.3,"1,,,E",2.136,",E",2.761,",,,G",1.511,",,,E"
AG000060390,1946-11-01,36.7167,3.25,24.0,"ALGER DAR EL BEIDA, AG",784.4,E,1.8,"3,E",10.0,"4,E",2.0,"4,E",0.0,"4,E",0.0,"3,G",0.0,"3,E",0.0,",G",16.0,",G",0.0,",G",19461124.0,",3,E",19461109.0,",4,E",19461103.0,",,G",5.2,"3,E,24,",14.2,"4,,E,09,",25.2,",G,03,",74.4,G,72.2,",G",34.3,"4,,,E",1.561,"3,E",2.109,",,,G",1.0130000000000001,"3,,,E"
AG000060390,1946-12-01,36.7167,3.25,24.0,"ALGER DAR EL BEIDA, AG",784.4,E,0.0,",E",16.0,"2,E",10.0,"2,E",0.0,"2,E",0.0,",G",0.0,",E",0.0,",G",0.0,",G",0.0,",G",19461223.0,",,E",19461220.0,",2,E",19461203.0,",,G",2.2,",E,23,",17.9,"2,,E,20,",19.6,",G,03,",303.2,G,228.8,",G",108.0,"2,,,E",1.095,",E",1.468,",,,G",0.7230000000000001,",,,E"
AG000060390,1947-01-01,36.7167,3.25,24.0,"ALGER DAR EL BEIDA, AG",,,,,,,,,,,0.0,"5,G",0.0,"5,E",0.0,"4,G",2.0,"4,G",0.0,"4,G",19470104.0,",5,E",,,19470115.0,",4,G",0.7,"5,E,04,",,,21.4,"4,G,15,",,,,,,,1.128,"6,E",1.6079999999999999,"4,,,G",0.648,"5,,,E"
AG000060390,1947-02-01,36.7167,3.25,24.0,"ALGER DAR EL BEIDA, AG",,,1.4,",E",11.0,"4,E",7.0,"4,E",1.0,"4,E",0.0,",G",0.0,",E",0.0,",G",7.0,",G",0.0,",G",19470202.0,",,E",19470212.0,",4,E",19470224.0,",,G",3.0,",E,02,",28.3,"4,,E,12,",24.8,",G,24,",,,127.9,",G",83.1,"4,,,E",1.381,",E",1.831,",,,G",0.932,",,,E"
AG000060390,1947-03-01,36.7167,3.25,24.0,"ALGER DAR EL BEIDA, AG",,,13.9,",E",5.0,"3,E",2.0,"3,E",0.0,"3,E",0.0,",G",0.0,",E",0.0,",G",22.0,",G",1.0,",G",19470326.0,",,E",19470301.0,",3,E",19470317.0,",,G",5.4,",E,26,",6.5,"3,,E,01,",35.5,",G,17,",,,55.5,",G",11.3,"3,,,E",1.6989999999999998,",E",2.337,",,,G",1.061,",,,E"
AG000060390,1947-04-01,36.7167,3.25,24.0,"ALGER DAR EL BEIDA, AG",,,8.5,",E",5.0,"4,E",2.0,"4,E",0.0,"4,E",0.0,",G",0.0,",E",0.0,",G",17.0,",G",0.0,",G",19470412.0,",,E",19470410.0,",4,E",19470425.0,",,G",3.6,",E,12,",8.2,"4,,E,10,",31.8,",G,25,",,,93.6,",G",18.6,"4,,,E",1.55,",E",2.19,",,,G",0.909,",,,E"
AG000060390,1947-05-01,36.7167,3.25,24.0,"ALGER DAR EL BEIDA, AG",,,30.9,",E",4.0,"4,E",3.0,"4,E",0.0,"4,E",0.0,",G",0.0,",E",0.0,",G",23.0,",G",1.0,",G",19470504.0,",,E",19470520.0,",4,E",19470501.0,",,G",7.0,",E,04,",8.0,"4,,E,20,",37.2,",G,01,",,,22.9,",G",15.8,"4,,,E",1.859,",E",2.478,",,,G",1.24,",,,E"
AG000060390,1947-06-01,36.7167,3.25,24.0,"ALGER DAR EL BEIDA, AG",,,145.8,",E",2.0,"1,E",0.0,"1,E",0.0,"1,E",0.0,",G",0.0,",E",0.0,",G",30.0,",G",5.0,",G",19470601.0,",,E",19470604.0,",1,E",19470628.0,",,G",12.9,",E,01,",0.7,"1,,E,04,",37.2,",G,28,",,,0.0,",G",1.0,"1,,,E",2.319,",E",2.918,",,,G",1.72,",,,E"
AG000060390,1947-07-01,36.7167,3.25,24.0,"ALGER DAR EL BEIDA, AG",,,221.5,",E",1.0,"2,E",0.0,"2,E",0.0,"2,E",0.0,",G",0.0,",E",0.0,",G",31.0,",G",7.0,",G",19470709.0,",,E",19470721.0,",2,E",19470722.0,",,G",15.5,",E,09,",0.7,"2,,E,21,",36.2,",G,22,",0.0,G,0.0,",G",0.7,"2,,,E",2.548,",E",3.101,",,,G",1.9949999999999999,",,,E"
AG000060390,1947-08-01,36.7167,3.25,24.0,"ALGER DAR EL BEIDA, AG",,,247.1,",E",3.0,"3,E",1.0,"3,E",0.0,"3,E",0.0,",G",0.0,",E",0.0,",G",31.0,",G",12.0,",G",19470829.0,",,E",19470829.0,",3,E",19470804.0,",,G",14.3,",E,29,",8.4,"3,,E,29,",39.7,",G,04,",0.0,G,0.0,",G",12.6,"3,,,E",2.63,",E",3.192,",,,G",2.069,",,,E"
AG000060390,1947-09-01,36.7167,3.25,24.0,"ALGER DAR EL BEIDA, AG",,,162.0,"3,E",2.0,"2,E",2.0,"2,E",0.0,"2,E",0.0,"3,G",0.0,"3,E",0.0,"2,G",28.0,"2,G",4.0,"2,G",19470926.0,",3,E",19470925.0,",2,E",19470929.0,",2,G",12.0,"3,E,26,",13.0,"2,,E,25,",37.0,"2,G,29,",0.6,G,0.6,"2,G",18.1,"2,,,E",2.432,"3,E",3.027,"2,,,G",1.8359999999999999,"3,,,E"
AG000060390,1947-10-01,36.7167,3.25,24.0,"ALGER DAR EL BEIDA, AG",,,62.4,",E",14.0,"2,E",10.0,"2,E",1.0,"2,E",0.0,",G",0.0,",E",0.0,",G",30.0,",G",2.0,",G",19471019.0,",,E",19471009.0,",2,E",19471006.0,",,G",11.0,",E,19,",33.5,"2,,E,09,",35.1,",G,06,",3.7,G,3.1,",G",118.5,"2,,,E",2.025,",E",2.477,",,,G",1.572,",,,E"
AG000060390,1947-11-01,36.7167,3.25,24.0,"ALGER DAR EL BEIDA, AG",,,3.7,",E",3.0,"2,E",2.0,"2,E",0.0,"2,E",0.0,",G",0.0,",E",0.0,",G",24.0,",G",0.0,",G",19471112.0,",,E",19471126.0,"+,2,E",19471101.0,",,G",6.5,",E,12,",6.1,"2,,E,26,+",26.4,",G,01,",80.0,G,76.3,",G",12.5,"2,,,E",1.591,",E",2.205,",,,G",0.978,",,,E"
AG000060390,1947-12-01,36.7167,3.25,24.0,"ALGER DAR EL BEIDA, AG",,,0.0,",E",21.0,"3,E",15.0,"3,E",3.0,"3,E",0.0,",G",0.0,",E",0.0,",G",0.0,",G",0.0,",G",19471224.0,",,E",19471213.0,",3,E",19471230.0,",,G",2.6,",E,24,",60.3,"3,,E,13,",20.2,",G,30,",291.4,G,211.4,",G",280.7,"3,,,E",1.151,",E",1.5070000000000001,",,,G",0.796,",,,E"
AG000060390,1948-01-01,36.7167,3.25,24.0,"ALGER DAR EL BEIDA, AG",0.8,E,0.8,",E",14.0,"2,E",10.0,"2,E",1.0,"2,E",0.0,",G",0.0,",E",0.0,",G",4.0,",G",0.0,",G",19480102.0,",,E",19480117.0,",2,E",19480131.0,",,G",3.1,",E,02,",43.1,"2,,E,17,",27.0,",G,31,",467.1,G,175.7,",G",137.4,"2,,,E",1.269,",E",1.765,",,,G",0.773,",,,E"
AG000060390,1948-02-01,36.7167,3.25,24.0,"ALGER DAR EL BEIDA, AG",2.3,E,1.5,",E",7.0,"3,E",3.0,"3,E",0.0,"3,E",0.0,",G",0.0,",E",0.0,",G",2.0,",G",0.0,",G",19480213.0,",,E",19480228.0,",3,E",19480226.0,",,G",2.8,",E,13,",19.8,"3,,E,28,",25.6,",G,26,",633.1,G,166.0,",G",60.9,"3,,,E",1.266,",E",1.863,",,,G",0.669,",,,E"
AG000060390,1948-03-01,36.7167,3.25,24.0,"ALGER DAR EL BEIDA, AG",2.3,E,0.0,",E",3.0,",E",2.0,",E",0.0,",E",0.0,",G",0.0,",E",0.0,",G",9.0,",G",0.0,",G",19480308.0,",,E",19480331.0,",,E",19480322.0,",,G",3.0,",E,08,",12.5,",,E,31,",26.0,",G,22,",778.7,G,145.6,",G",20.3,",,,E",1.364,",E",1.989,",,,G",0.738,",,,E"
AG000060390,1948-04-01,36.7167,3.25,24.0,"ALGER DAR EL BEIDA, AG",15.9,E,13.6,",E",8.0,"4,E",6.0,"4,E",0.0,"4,E",0.0,",G",0.0,",E",0.0,",G",16.0,",G",0.0,",G",19480407.0,",,E",19480421.0,",4,E",19480420.0,",,G",6.3,",E,07,",13.0,"4,,E,21,",28.1,",G,20,",846.8,G,68.1,",G",38.8,"4,,,E",1.6510000000000002,",E",2.199,",,,G",1.103,",,,E"
AG000060390,1948-05-01,36.7167,3.25,24.0,"ALGER DAR EL BEIDA, AG",56.6,E,40.7,",E",9.0,"3,E",2.0,"3,E",0.0,"3,E",0.0,",G",0.0,",E",0.0,",G",26.0,",G",0.0,",G",19480505.0,",,E",19480513.0,",3,E",19480517.0,",,G",7.0,",E,05,",14.2,"3,,E,13,",31.5,",G,17,",872.0,G,25.2,",G",29.2,"3,,,E",1.8829999999999998,",E",2.42,",,,G",1.347,",,,E"
AG000060390,1948-06-01,36.7167,3.25,24.0,"ALGER DAR EL BEIDA, AG",155.6,E,99.0,",E",3.0,"2,E",3.0,"2,E",0.0,"2,E",0.0,",G",0.0,",E",0.0,",G",30.0,",G",2.0,",G",19480627.0,",,E",19480602.0,",2,E",19480619.0,",,G",13.0,",E,27,",17.7,"2,,E,02,",33.0,",G,19,",872.0,G,0.0,",G",35.7,"2,,,E",2.163,",E",2.699,",,,G",1.627,",,,E"
AG000060390,1948-07-01,36.7167,3.25,24.0,"ALGER DAR EL BEIDA, AG",303.0,E,147.4,",E",3.0,",E",1.0,",E",0.0,",E",0.0,",G",0.0,",E",0.0,",G",31.0,",G",2.0,",G",19480708.0,",,E",19480711.0,",,E",19480704.0,",,G",13.1,",E,08,",19.7,",,E,11,",36.8,",G,04,",0.0,G,0.0,",G",21.4,",,,E",2.309,",E",2.875,",,,G",1.7429999999999999,",,,E"
AG000060390,1948-08-01,36.7167,3.25,24.0,"ALGER DAR EL BEIDA, AG",516.1,E,213.1,",E",0.0,"2,E",0.0,"2,E",0.0,"2,E",0.0,",G",0.0,",E",0.0,",G",31.0,",G",14.0,",G",19480819.0,",,E",19480831.0,"+,2,E",19480826.0,",,G",14.2,",E,19,",0.0,"2,,E,31,+",40.6,",G,26,",0.0,G,0.0,",G",0.0,"2,,,E",2.521,",E",3.2340000000000004,",,,G",1.8079999999999998,",,,E"
AG000060390,1948-09-01,36.7167,3.25,24.0,"ALGER DAR EL BEIDA, AG",628.1,E,112.0,",E",2.0,"3,E",2.0,"3,E",0.0,"3,E",0.0,",G",0.0,",E",0.0,",G",30.0,",G",3.0,",G",19480914.0,",,E",19480929.0,",3,E",19480911.0,",,G",11.8,",E,14,",4.2,"3,,E,29,",35.2,",G,11,",0.0,G,0.0,",G",7.2,"3,,,E",2.207,",E",2.841,",,,G",1.572,",,,E"
AG000060390,1948-10-01,36.7167,3.25,24.0,"ALGER DAR EL BEIDA, AG",704.3,E,76.2,",E",9.0,"3,E",5.0,"3,E",1.0,"3,E",0.0,",G",0.0,",E",0.0,",G",27.0,",G",1.0,",G",19481030.0,",,E",19481009.0,",3,E",19481004.0,",,G",11.2,",E,30,",26.8,"3,,E,09,",32.8,",G,04,",10.2,G,10.2,",G",90.7,"3,,,E",2.0460000000000003,",E",2.545,",,,G",1.5470000000000002,",,,E"
AG000060390,1948-11-01,36.7167,3.25,24.0,"ALGER DAR EL BEIDA, AG",705.9,E,1.6,",E",3.0,"2,E",2.0,"2,E",1.0,"2,E",0.0,",G",0.0,",E",0.0,",G",11.0,",G",0.0,",G",19481121.0,",,E",19481109.0,",2,E",19481106.0,",,G",4.6,",E,21,",26.6,"2,,E,09,",27.1,",G,06,",123.2,G,113.0,",G",34.9,"2,,,E",1.462,",E",2.1,",,,G",0.8230000000000001,",,,E"
AG000060390,1948-12-01,36.7167,3.25,24.0,"ALGER DAR EL BEIDA, AG",705.9,E,0.0,",E",10.0,",E",6.0,",E",0.0,",E",0.0,",G",0.0,",E",0.0,",G",5.0,",G",0.0,",G",19481228.0,",,E",19481225.0,",,E",19481211.0,",,G",2.2,",E,28,",14.3,",,E,25,",23.3,",G,11,",300.4,G,177.2,",G",51.7,",,,E",1.262,",E",1.841,",,,G",0.683,",,,E"
AG000060390,1949-01-01,36.7167,3.25,24.0,"ALGER DAR EL BEIDA, AG",0.0,E,0.0,",E",10.0,"3,E",9.0,"3,E",1.0,"3,E",0.0,",G",0.0,",E",0.0,",G",1.0,",G",0.0,",G",19490130.0,",,E",19490103.0,",3,E",19490119.0,",,G",0.9,",E,30,",27.4,"3,,E,03,",21.4,",G,19,",526.3,G,225.9,",G",127.6,"3,,,E",1.105,",E",1.625,",,,G",0.584,",,,E"
AG000060390,1949-02-01,36.7167,3.25,24.0,"ALGER DAR EL BEIDA, AG",0.0,E,0.0,",E",14.0,",E",9.0,",E",0.0,",E",0.0,",G",3.0,",E",0.0,",G",1.0,",G",0.0,",G",19490205.0,",,E",19490217.0,",,E",19490210.0,",,G",-1.4,",E,05,",18.5,",,E,17,",22.5,",G,10,",753.1,G,226.8,",G",98.2,",,,E",1.0230000000000001,",E",1.5779999999999998,",,,G",0.46900000000000003,",,,E"
AG000060390,1949-03-01,36.7167,3.25,24.0,"ALGER DAR EL BEIDA, AG",1.6,E,1.6,",E",13.0,"3,E",6.0,"3,E",0.0,"3,E",0.0,",G",0.0,",E",0.0,",G",6.0,",G",0.0,",G",19490305.0,",,E",19490306.0,",3,E",19490315.0,",,G",1.4,",E,05,",13.5,"3,,E,06,",24.7,",G,15,",935.9,G,182.8,",G",51.2,"3,,,E",1.249,",E",1.7570000000000001,",,,G",0.74,",,,E"
AG000060390,1949-04-01,36.7167,3.25,24.0,"ALGER DAR EL BEIDA, AG",6.4,E,4.8,",E",4.0,",E",4.0,",E",2.0,",E",0.0,",G",0.0,",E",0.0,",G",18.0,",G",0.0,",G",19490413.0,"+,,E",19490427.0,",,E",19490417.0,",,G",6.4,",E,13,+",35.6,",,E,27,",29.9,",G,17,",999.2,G,63.3,",G",92.7,",,,E",1.639,",E",2.225,",,,G",1.052,",,,E"
AG000060390,1949-05-01,36.7167,3.25,24.0,"ALGER DAR EL BEIDA, AG",31.5,E,25.1,",E",8.0,"5,E",5.0,"5,E",0.0,"5,E",0.0,",G",0.0,",E",0.0,",G",21.0,",G",1.0,",G",19490517.0,",,E",19490506.0,",5,E",19490526.0,",,G",7.4,",E,17,",16.7,"5,,E,06,",32.8,",G,26,",1054.2,G,55.0,",G",50.5,"5,,,E",1.737,",E",2.2920000000000003,",,,G",1.181,",,,E"
AG000060390,1949-06-01,36.7167,3.25,24.0,"ALGER DAR EL BEIDA, AG",147.6,E,116.1,",E",,,,,,,0.0,",G",0.0,",E",0.0,",G",30.0,",G",1.0,",G",19490603.0,",,E",,,19490607.0,",,G",10.7,",E,03,",,,33.1,",G,07,",1055.1,G,0.9,",G",,,2.217,",E",2.821,",,,G",1.614,",,,E"
AG000060390,1949-07-01,36.7167,3.25,24.0,"ALGER DAR EL BEIDA, AG",357.7,E,210.1,",E",0.0,"1,E",0.0,"1,E",0.0,"1,E",0.0,",G",0.0,",E",0.0,",G",31.0,",G",18.0,",G",19490704.0,",,E",19490725.0,",1,E",19490711.0,",,G",13.3,",E,04,",0.1,"1,,E,25,",39.1,",G,11,",0.0,G,0.0,",G",0.1,"1,,,E",2.511,",E",3.207,",,,G",1.815,",,,E"
AG000060390,1949-08-01,36.7167,3.25,24.0,"ALGER DAR EL BEIDA, AG",586.6,E,228.9,",E",1.0,"4,E",0.0,"4,E",0.0,"4,E",0.0,",G",0.0,",E",0.0,",G",31.0,",G",12.0,",G",19490816.0,"+,,E",19490826.0,",4,E",19490831.0,",,G",13.3,",E,16,+",0.5,"4,,E,26,",37.8,",G,31,",0.0,G,0.0,",G",0.5,"4,,,E",2.572,",E",3.2380000000000004,",,,G",1.905,",,,E"
AG000060390,1949-09-01,36.7167,3.25,24.0,"ALGER DAR EL BEIDA, AG",837.2,E,250.6,",E",1.0,"5,E",0.0,"5,E",0.0,"5,E",0.0,",G",0.0,",E",0.0,",G",30.0,",G",12.0,",G",19490907.0,",,E",19490922.0,",5,E",19490912.0,",,G",16.5,",E,07,",0.5,"5,,E,22,",43.2,",G,12,",0.0,G,0.0,",G",0.6,"5,,,E",2.669,",E",3.278,",,,G",2.059,",,,E"
AG000060390,1949-10-01,36.7167,3.25,24.0,"ALGER DAR EL BEIDA, AG",908.7,E,71.5,",E",3.0,",E",2.0,",E",1.0,",E",0.0,",G",0.0,",E",0.0,",G",31.0,",G",0.0,",G",19491021.0,",,E",19491027.0,",,E",19491025.0,",,G",9.6,",E,21,",28.6,",,E,27,",30.8,",G,25,",5.1,G,5.1,",G",32.4,",,,E",2.0469999999999997,",E",2.6109999999999998,",,,G",1.484,",,,E"
AG000060390,1949-11-01,36.7167,3.25,24.0,"ALGER DAR EL BEIDA, AG",911.1,E,2.4,",E",12.0,"1,E",8.0,"1,E",0.0,"1,E",0.0,",G",0.0,",E",0.0,",G",13.0,",G",0.0,",G",19491117.0,",,E",19491103.0,",1,E",19491111.0,",,G",5.2,",E,17,",21.0,"1,,E,03,",25.1,",G,11,",97.8,G,92.7,",G",96.2,"1,,,E",1.532,",E",2.0420000000000003,",,,G",1.022,",,,E"
AG000060390,1949-12-01,36.7167,3.25,24.0,"ALGER DAR EL BEIDA, AG",911.1,E,0.0,",E",10.0,"4,E",6.0,"4,E",1.0,"4,E",0.0,",G",0.0,",E",0.0,",G",5.0,",G",0.0,",G",19491207.0,",,E",19491212.0,",4,E",19491207.0,",,G",4.6,",E,07,",28.8,"4,,E,12,",24.3,",G,07,",243.8,G,146.0,",G",55.0,"4,,,E",1.3619999999999999,",E",1.844,",,,G",0.881,",,,E"
AG000060390,1950-01-01,36.7167,3.25,24.0,"ALGER DAR EL BEIDA, AG",0.0,E,0.0,",E",11.0,",E",9.0,",E",2.0,",E",0.0,",G",0.0,",E",0.0,",G",0.0,",G",0.0,",G",19500121.0,",,E",19500110.0,",,E",19500109.0,",,G",0.8,",E,21,",33.3,",,E,10,",20.2,",G,09,",478.4,G,234.6,",G",144.8,",,,E",1.076,",E",1.581,",,,G",0.572,",,,E"
AG000060390,1950-02-01,36.7167,3.25,24.0,"ALGER DAR EL BEIDA, AG",0.0,E,0.0,",E",7.0,"3,E",6.0,"3,E",0.0,"3,E",0.0,",G",0.0,",E",0.0,",G",5.0,",G",0.0,",G",19500220.0,",,E",19500228.0,",3,E",19500211.0,",,G",0.8,",E,20,",11.3,"3,,E,28,",22.5,",G,11,",657.0,G,178.6,",G",36.6,"3,,,E",1.1949999999999998,",E",1.81,",,,G",0.58,",,,E"
AG000060390,1950-03-01,36.7167,3.25,24.0,"ALGER DAR EL BEIDA, AG",0.0,E,0.0,",E",10.0,",E",10.0,",E",2.0,",E",0.0,",G",0.0,",E",0.0,",G",6.0,",G",0.0,",G",19500304.0,",,E",19500329.0,",,E",19500315.0,",,G",2.7,",E,04,",39.9,",,E,29,",27.9,",G,15,",840.3,G,183.3,",G",127.2,",,,E",1.242,",E",1.812,",,,G",0.6719999999999999,",,,E"
AG000060390,1950-04-01,36.7167,3.25,24.0,"ALGER DAR EL BEIDA, AG",7.2,E,7.2,",E",9.0,"2,E",8.0,"2,E",0.0,"2,E",0.0,",G",0.0,",E",0.0,",G",10.0,",G",0.0,",G",19500405.0,",,E",19500401.0,",2,E",19500412.0,",,G",4.0,",E,05,",23.1,"2,,E,01,",29.2,",G,12,",958.9,G,118.6,",G",94.4,"2,,,E",1.462,",E",2.0149999999999997,",,,G",0.909,",,,E"
AG000060390,1950-05-01,36.7167,3.25,24.0,"ALGER DAR EL BEIDA, AG",41.4,E,34.2,",E",7.0,"4,E",4.0,"4,E",0.0,"4,E",0.0,",G",0.0,",E",0.0,",G",27.0,",G",1.0,",G",19500505.0,",,E",19500512.0,",4,E",19500520.0,",,G",6.2,",E,05,",13.5,"4,,E,12,",38.2,",G,20,",991.2,G,32.3,",G",28.2,"4,,,E",1.8399999999999999,",E",2.4210000000000003,",,,G",1.258,",,,E"
AG000060390,1950-06-01,36.7167,3.25,24.0,"ALGER DAR EL BEIDA, AG",172.1,E,130.7,",E",3.0,"2,E",0.0,"2,E",0.0,"2,E",0.0,",G",0.0,",E",0.0,",G",30.0,",G",2.0,",G",19500618.0,",,E",19500612.0,",2,E",19500615.0,",,G",12.9,",E,18,",0.8,"2,,E,12,",33.9,",G,15,",991.2,G,0.0,",G",1.5,"2,,,E",2.269,",E",2.85,",,,G",1.688,",,,E"
AG000060390,1950-07-01,36.7167,3.25,24.0,"ALGER DAR EL BEIDA, AG",414.5,E,242.4,",E",0.0,",E",0.0,",E",0.0,",E",0.0,",G",0.0,",E",0.0,",G",31.0,",G",18.0,",G",19500706.0,",,E",19500731.0,"+,,E",19500721.0,",,G",16.4,",E,06,",0.0,",,E,31,+",37.9,",G,21,",0.0,G,0.0,",G",0.0,",,,E",2.6149999999999998,",E",3.2560000000000002,",,,G",1.9739999999999998,",,,E"
AG000060390,1950-08-01,36.7167,3.25,24.0,"ALGER DAR EL BEIDA, AG",688.0,E,273.5,",E",0.0,"4,E",0.0,"4,E",0.0,"4,E",0.0,",G",0.0,",E",0.0,",G",31.0,",G",20.0,",G",19500817.0,",,E",19500831.0,"+,4,E",19500823.0,",,G",16.1,",E,17,",0.0,"4,,E,31,+",42.7,",G,23,",0.0,G,0.0,",G",0.0,"4,,,E",2.716,",E",3.375,",,,G",2.056,",,,E"
AG000060390,1950-09-01,36.7167,3.25,24.0,"ALGER DAR EL BEIDA, AG",853.8,E,165.8,",E",10.0,"4,E",6.0,"4,E",0.0,"4,E",0.0,",G",0.0,",E",0.0,",G",30.0,",G",1.0,",G",19500918.0,",,E",19500929.0,",4,E",19500911.0,",,G",14.0,",E,18,",19.6,"4,,E,29,",34.2,",G,11,",0.0,G,0.0,",G",66.8,"4,,,E",2.386,",E",2.929,",,,G",1.843,",,,E"
AG000060390,1950-10-01,36.7167,3.25,24.0,"ALGER DAR EL BEIDA, AG",908.6,E,54.8,",E",8.0,"4,E",5.0,"4,E",0.0,"4,E",0.0,",G",0.0,",E",0.0,",G",28.0,",G",0.0,",G",19501031.0,",,E",19501029.0,",4,E",19501016.0,",,G",8.9,",E,31,",17.8,"4,,E,29,",31.5,",G,16,",12.8,G,12.8,",G",34.8,"4,,,E",1.969,",E",2.5100000000000002,",,,G",1.428,",,,E"
AG000060390,1950-11-01,36.7167,3.25,24.0,"ALGER DAR EL BEIDA, AG",909.7,E,1.1,",E",3.0,"4,E",3.0,"4,E",0.0,"4,E",0.0,",G",0.0,",E",0.0,",G",22.0,",G",0.0,",G",19501125.0,",,E",19501120.0,",4,E",19501110.0,"+,,G",6.0,",E,25,",9.0,"4,,E,20,",27.2,",G,10,+",85.8,G,73.0,",G",20.1,"4,,,E",1.5939999999999999,",E",2.2079999999999997,",,,G",0.9789999999999999,",,,E"
AG000060390,1950-12-01,36.7167,3.25,24.0,"ALGER DAR EL BEIDA, AG",909.7,E,0.0,",E",21.0,"1,E",15.0,"1,E",0.0,"1,E",0.0,",G",0.0,",E",0.0,",G",4.0,",G",0.0,",G",19501229.0,",,E",19501227.0,",1,E",19501205.0,",,G",3.3,",E,29,",20.5,"1,,E,27,",27.2,",G,05,",301.2,G,215.4,",G",137.6,"1,,,E",1.1380000000000001,",E",1.596,",,,G",0.6799999999999999,",,,E"
AG000060390,1951-01-01,36.7167,3.25,24.0,"ALGER DAR EL BEIDA, AG",0.0,E,0.0,",E",10.0,"4,E",7.0,"4,E",1.0,"4,E",0.0,",G",0.0,",E",0.0,",G",1.0,",G",0.0,",G",19510105.0,",,E",19510102.0,",4,E",19510121.0,",,G",0.8,",E,05,",25.9,"4,,E,02,",21.4,",G,21,",536.1,G,234.9,",G",95.4,"4,,,E",1.075,",E",1.6190000000000002,",,,G",0.532,",,,E"
AG000060390,1951-02-01,36.7167,3.25,24.0,"ALGER DAR EL BEIDA, AG",0.0,E,0.0,",E",13.0,"1,E",9.0,"1,E",0.0,"1,E",0.0,",G",0.0,",E",0.0,",G",3.0,",G",0.0,",G",19510227.0,",,E",19510202.0,",1,E",19510210.0,",,G",2.9,",E,27,",11.5,"1,,E,02,",24.2,",G,10,",713.6,G,177.5,",G",62.8,"1,,,E",1.199,",E",1.689,",,,G",0.71,",,,E"
AG000060390,1951-03-01,36.7167,3.25,24.0,"ALGER DAR EL BEIDA, AG",5.4,E,5.4,",E",8.0,"5,E",5.0,"5,E",0.0,"5,E",0.0,",G",0.0,",E",0.0,",G",13.0,",G",0.0,",G",19510301.0,",,E",19510305.0,",5,E",19510317.0,",,G",1.6,",E,01,",19.0,"5,,E,05,",29.0,",G,17,",845.7,G,132.1,",G",53.3,"5,,,E",1.425,",E",1.9969999999999999,",,,G",0.852,",,,E"
AG000060390,1951-04-01,36.7167,3.25,24.0,"ALGER DAR EL BEIDA, AG",7.4,E,2.0,",E",,,,,,,0.0,",G",0.0,",E",0.0,",G",17.0,",G",0.0,",G",19510413.0,",,E",,,19510417.0,",,G",2.2,",E,13,",,,30.3,",G,17,",949.5,G,103.8,",G",,,1.494,",E",2.102,",,,G",0.8859999999999999,",,,E"
AG000060390,1951-05-01,36.7167,3.25,24.0,"ALGER DAR EL BEIDA, AG",33.5,E,26.1,",E",9.0,"3,E",4.0,"3,E",0.0,"3,E",0.0,",G",0.0,",E",0.0,",G",17.0,",G",2.0,",G",19510520.0,",,E",19510511.0,",3,E",19510523.0,",,G",8.0,",E,20,",8.7,"3,,E,11,",38.1,",G,23,",1005.0,G,55.5,",G",27.5,"3,,,E",1.739,",E",2.308,",,,G",1.169,",,,E"
AG000060390,1951-06-01,36.7167,3.25,24.0,"ALGER DAR EL BEIDA, AG",149.3,E,115.8,",E",2.0,"2,E",0.0,"2,E",0.0,"2,E",0.0,",G",0.0,",E",0.0,",G",30.0,",G",1.0,",G",19510609.0,",,E",19510620.0,",2,E",19510618.0,",,G",12.8,",E,09,",1.5,"2,,E,20,",35.7,",G,18,",1005.8,G,0.8,",G",2.9,"2,,,E",2.217,",E",2.802,",,,G",1.6320000000000001,",,,E"
AG000060390,1951-07-01,36.7167,3.25,24.0,"ALGER DAR EL BEIDA, AG",320.8,E,171.5,",E",1.0,"4,E",0.0,"4,E",0.0,"4,E",0.0,",G",0.0,",E",0.0,",G",31.0,",G",4.0,",G",19510729.0,"+,,E",19510706.0,",4,E",19510730.0,",,G",14.2,",E,29,+",0.5,"4,,E,06,",35.1,",G,30,",0.0,G,0.0,",G",0.5,"4,,,E",2.386,",E",2.9699999999999998,",,,G",1.8030000000000002,",,,E"
AG000060390,1951-08-01,36.7167,3.25,24.0,"ALGER DAR EL BEIDA, AG",552.0,E,231.2,",E",,,,,,,0.0,",G",0.0,",E",0.0,",G",31.0,",G",10.0,",G",19510824.0,",,E",,,19510813.0,"+,,G",14.3,",E,24,",,,36.2,",G,13,+",0.0,G,0.0,",G",,,2.5789999999999997,",E",3.152,",,,G",2.006,",,,E"
AG000060390,1951-09-01,36.7167,3.25,24.0,"ALGER DAR EL BEIDA, AG",712.3,E,160.3,",E",6.0,"2,E",4.0,"2,E",1.0,"2,E",0.0,",G",0.0,",E",0.0,",G",30.0,",G",4.0,",G",19510930.0,",,E",19510914.0,",2,E",19510923.0,"+,,G",14.3,",E,30,",32.5,"2,,E,14,",37.3,",G,23,+",0.0,G,0.0,",G",64.6,"2,,,E",2.368,",E",2.925,",,,G",1.811,",,,E"
AG000060390,1951-10-01,36.7167,3.25,24.0,"ALGER DAR EL BEIDA, AG",731.9,E,19.6,",E",17.0,"3,E",12.0,"3,E",3.0,"3,E",0.0,",G",0.0,",E",0.0,",G",21.0,",G",0.0,",G",19511024.0,",,E",19511018.0,",3,E",19511013.0,",,G",7.8,",E,24,",52.9,"3,,E,18,",29.7,",G,13,",41.3,G,41.3,",G",257.5,"3,,,E",1.763,",E",2.2079999999999997,",,,G",1.318,",,,E"
AG000060390,1951-11-01,36.7167,3.25,24.0,"ALGER DAR EL BEIDA, AG",748.0,E,16.1,",E",10.0,"2,E",7.0,"2,E",1.0,"2,E",0.0,",G",0.0,",E",0.0,",G",12.0,",G",0.0,",G",19511116.0,",,E",19511120.0,",2,E",19511106.0,",,G",4.0,",E,16,",42.7,"2,,E,20,",31.2,",G,06,",126.5,G,85.2,",G",101.9,"2,,,E",1.6030000000000002,",E",2.092,",,,G",1.114,",,,E"
AG000060390,1951-12-01,36.7167,3.25,24.0,"ALGER DAR EL BEIDA, AG",748.0,E,0.0,",E",9.0,"2,E",4.0,"2,E",1.0,"2,E",0.0,",G",0.0,",E",0.0,",G",0.0,",G",0.0,",G",19511216.0,",,E",19511224.0,",2,E",19511201.0,",,G",4.0,",E,16,",42.7,"2,,E,24,",20.8,",G,01,",296.5,G,170.0,",G",76.1,"2,,,E",1.285,",E",1.7600000000000002,",,,G",0.8089999999999999,",,,E"
AG000060390,1952-01-01,36.7167,3.25,24.0,"ALGER DAR EL BEIDA, AG",0.0,E,0.0,",E",23.0,",E",13.0,",E",2.0,",E",0.0,",G",0.0,",E",0.0,",G",1.0,",G",0.0,",G",19520109.0,",,E",19520106.0,",,E",19520127.0,",,G",1.6,",E,09,",30.0,",,E,06,",21.3,",G,27,",545.4,G,248.9,",G",162.0,",,,E",1.03,",E",1.443,",,,G",0.618,",,,E"
AG000060390,1952-02-01,36.7167,3.25,24.0,"ALGER DAR EL BEIDA, AG",0.0,E,0.0,",E",10.0,"1,E",9.0,"1,E",0.0,"1,E",0.0,",G",0.0,",E",0.0,",G",2.0,",G",0.0,",G",19520221.0,",,E",19520214.0,",1,E",19520212.0,",,G",1.0,",E,21,",9.8,"1,,E,14,",23.0,",G,12,",769.3,G,223.9,",G",54.2,"1,,,E",1.061,",E",1.568,",,,G",0.554,",,,E"
AG000060390,1952-03-01,36.7167,3.25,24.0,"ALGER DAR EL BEIDA, AG",7.6,E,7.6,",E",8.0,"2,E",2.0,"2,E",0.0,"2,E",0.0,",G",0.0,",E",0.0,",G",18.0,",G",0.0,",G",19520302.0,",,E",19520312.0,",2,E",19520328.0,",,G",3.7,",E,02,",8.8,"2,,E,12,",31.0,",G,28,",860.6,G,91.3,",G",17.9,"2,,,E",1.5630000000000002,",E",2.218,",,,G",0.909,",,,E"
AG000060390,1952-04-01,36.7167,3.25,24.0,"ALGER DAR EL BEIDA, AG",25.8,E,18.2,",E",10.0,"3,E",7.0,"3,E",0.0,"3,E",0.0,",G",0.0,",E",0.0,",G",16.0,",G",1.0,",G",19520405.0,",,E",19520429.0,",3,E",19520421.0,",,G",3.5,",E,05,",20.0,"3,,E,29,",32.6,",G,21,",942.0,G,81.4,",G",80.5,"3,,,E",1.623,",E",2.16,",,,G",1.0859999999999999,",,,E"
AG000060390,1952-05-01,36.7167,3.25,24.0,"ALGER DAR EL BEIDA, AG",41.4,E,15.6,",E",10.0,"1,E",7.0,"1,E",0.0,"1,E",0.0,",G",0.0,",E",0.0,",G",26.0,",G",1.0,",G",19520526.0,"+,,E",19520522.0,",1,E",19520531.0,",,G",9.2,",E,26,+",16.4,"1,,E,22,",34.9,",G,31,",966.1,G,24.1,",G",63.1,"1,,,E",1.8059999999999998,",E",2.2960000000000003,",,,G",1.316,",,,E"
AG000060390,1952-06-01,36.7167,3.25,24.0,"ALGER DAR EL BEIDA, AG",238.2,E,196.8,",E",,,,,,,0.0,",G",0.0,",E",0.0,",G",30.0,",G",6.0,",G",19520606.0,",,E",,,19520611.0,",,G",14.3,",E,06,",,,37.6,",G,11,",966.1,G,0.0,",G",,,2.489,",E",3.053,",,,G",1.925,",,,E"
AG000060390,1952-07-01,36.7167,3.25,24.0,"ALGER DAR EL BEIDA, AG",480.7,E,242.5,",E",5.0,"4,E",0.0,"4,E",0.0,"4,E",0.0,",G",0.0,",E",0.0,",G",31.0,",G",8.0,",G",19520713.0,"+,,E",19520727.0,",4,E",19520720.0,",,G",18.0,",E,13,+",2.3,"4,,E,27,",35.3,",G,20,",0.0,G,0.0,",G",4.9,"4,,,E",2.6149999999999998,",E",3.131,",,,G",2.1,",,,E"
AG000060390,1952-08-01,36.7167,3.25,24.0,"ALGER DAR EL BEIDA, AG",746.9,E,266.2,",E",2.0,"3,E",0.0,"3,E",0.0,"3,E",0.0,",G",0.0,",E",0.0,",G",31.0,",G",16.0,",G",19520825.0,",,E",19520822.0,",3,E",19520828.0,",,G",15.8,",E,25,",1.3,"3,,E,22,",43.2,",G,28,",0.0,G,0.0,",G",1.7,"3,,,E",2.692,",E",3.2600000000000002,",,,G",2.125,",,,E"
AG000060390,1952-09-01,36.7167,3.25,24.0,"ALGER DAR EL BEIDA, AG",898.8,E,151.9,",E",8.0,"4,E",5.0,"4,E",0.0,"4,E",0.0,",G",0.0,",E",0.0,",G",30.0,",G",2.0,",G",19520923.0,",,E",19520915.0,",4,E",19520902.0,",,G",13.6,",E,23,",24.5,"4,,E,15,",33.6,",G,02,",0.0,G,0.0,",G",48.4,"4,,,E",2.34,",E",2.835,",,,G",1.844,",,,E"
AG000060390,1952-10-01,36.7167,3.25,24.0,"ALGER DAR EL BEIDA, AG",981.7,E,82.9,",E",9.0,"3,E",5.0,"3,E",0.0,"3,E",0.0,",G",0.0,",E",0.0,",G",31.0,",G",1.0,",G",19521029.0,",,E",19521026.0,",3,E",19521016.0,",,G",10.5,",E,29,",6.4,"3,,E,26,",33.7,",G,16,",1.7,G,1.7,",G",29.8,"3,,,E",2.0949999999999998,",E",2.694,",,,G",1.497,",,,E"
AG000060390,1952-11-01,36.7167,3.25,24.0,"ALGER DAR EL BEIDA, AG",988.6,E,6.9,",E",11.0,",E",8.0,",E",1.0,",E",0.0,",G",0.0,",E",0.0,",G",13.0,",G",0.0,",G",19521120.0,",,E",19521106.0,",,E",19521130.0,",,G",4.9,",E,20,",25.4,",,E,06,",27.8,",G,30,",96.1,G,94.4,",G",78.5,",,,E",1.542,",E",2.072,",,,G",1.012,",,,E"
AG000060390,1952-12-01,36.7167,3.25,24.0,"ALGER DAR EL BEIDA, AG",990.5,E,1.9,",E",12.0,"1,E",9.0,"1,E",1.0,"1,E",0.0,",G",0.0,",E",0.0,",G",4.0,",G",0.0,",G",19521211.0,",,E",19521208.0,",1,E",19521201.0,",,G",4.2,",E,11,",32.5,"1,,E,08,",27.9,",G,01,",272.2,G,176.1,",G",86.9,"1,,,E",1.2710000000000001,",E",1.6949999999999998,",,,G",0.8480000000000001,",,,E"
AG000060390,1953-01-01,36.7167,3.25,24.0,"ALGER DAR EL BEIDA, AG",0.0,E,0.0,",E",14.0,"1,E",10.0,"1,E",0.0,"1,E",0.0,",G",5.0,",E",0.0,",G",1.0,",G",0.0,",G",19530118.0,",,E",19530104.0,",1,E",19530124.0,",,G",-0.8,",E,18,",22.1,"1,,E,04,",21.6,",G,24,",576.5,G,304.3,",G",126.4,"1,,,E",0.852,",E",1.349,",,,G",0.354,",,,E"
AG000060390,1953-02-01,36.7167,3.25,24.0,"ALGER DAR EL BEIDA, AG",0.0,E,0.0,",E",9.0,"3,E",6.0,"3,E",0.0,"3,E",0.0,",G",0.0,",E",0.0,",G",0.0,",G",0.0,",G",19530222.0,",,E",19530207.0,",3,E",19530201.0,",,G",0.4,",E,22,",20.7,"3,,E,07,",18.8,",G,01,",819.9,G,243.4,",G",59.9,"3,,,E",0.9640000000000001,",E",1.475,",,,G",0.453,",,,E"
AG000060390,1953-03-01,36.7167,3.25,24.0,"ALGER DAR EL BEIDA, AG",1.0,E,1.0,",E",16.0,",E",8.0,",E",0.0,",E",0.0,",G",0.0,",E",0.0,",G",3.0,",G",0.0,",G",19530303.0,",,E",19530309.0,",,E",19530319.0,",,G",3.0,",E,03,",17.7,",,E,09,",25.3,",G,19,",1021.2,G,201.3,",G",86.1,",,,E",1.1869999999999998,",E",1.672,",,,G",0.7030000000000001,",,,E"
AG000060390,1953-04-01,36.7167,3.25,24.0,"ALGER DAR EL BEIDA, AG",7.1,E,6.1,",E",6.0,"2,E",3.0,"2,E",0.0,"2,E",0.0,",G",0.0,",E",0.0,",G",13.0,",G",0.0,",G",19530415.0,",,E",19530414.0,",2,E",19530403.0,",,G",4.3,",E,15,",18.3,"2,,E,14,",30.6,",G,03,",1099.1,G,77.9,",G",31.8,"2,,,E",1.5939999999999999,",E",2.134,",,,G",1.0539999999999998,",,,E"
AG000060390,1953-05-01,36.7167,3.25,24.0,"ALGER DAR EL BEIDA, AG",57.9,E,50.8,",E",3.0,"2,E",2.0,"2,E",1.0,"2,E",0.0,",G",0.0,",E",0.0,",G",27.0,",G",2.0,",G",19530505.0,",,E",19530501.0,",2,E",19530516.0,",,G",8.1,",E,05,",29.1,"2,,E,01,",34.9,",G,16,",1122.5,G,23.4,",G",44.5,"2,,,E",1.922,",E",2.567,",,,G",1.276,",,,E"
AG000060390,1953-06-01,36.7167,3.25,24.0,"ALGER DAR EL BEIDA, AG",159.0,E,101.1,",E",8.0,"4,E",3.0,"4,E",1.0,"4,E",0.0,",G",0.0,",E",0.0,",G",29.0,",G",1.0,",G",19530607.0,",,E",19530607.0,",4,E",19530625.0,",,G",11.4,",E,07,",26.0,"4,,E,07,",32.4,",G,25,",1126.1,G,3.6,",G",45.1,"4,,,E",2.158,",E",2.7239999999999998,",,,G",1.593,",,,E"
AG000060390,1953-07-01,36.7167,3.25,24.0,"ALGER DAR EL BEIDA, AG",351.1,E,192.1,",E",1.0,"1,E",0.0,"1,E",0.0,"1,E",0.0,",G",0.0,",E",0.0,",G",31.0,",G",5.0,",G",19530702.0,",,E",19530705.0,",1,E",19530723.0,",,G",15.7,",E,02,",0.3,"1,,E,05,",35.2,",G,23,",0.0,G,0.0,",G",0.6,"1,,,E",2.4530000000000003,",E",2.967,",,,G",1.939,",,,E"
AG000060390,1953-08-01,36.7167,3.25,24.0,"ALGER DAR EL BEIDA, AG",542.0,E,190.9,",E",3.0,",E",2.0,",E",0.0,",E",0.0,",G",0.0,",E",0.0,",G",31.0,",G",6.0,",G",19530830.0,",,E",19530802.0,",,E",19530802.0,",,G",13.4,",E,30,",3.9,",,E,02,",37.2,",G,02,",0.0,G,0.0,",G",7.6,",,,E",2.449,",E",3.074,",,,G",1.825,",,,E"
AG000060390,1953-09-01,36.7167,3.25,24.0,"ALGER DAR EL BEIDA, AG",702.3,E,160.3,",E",2.0,"3,E",1.0,"3,E",0.0,"3,E",0.0,",G",0.0,",E",0.0,",G",30.0,",G",1.0,",G",19530913.0,",,E",19530927.0,",3,E",19530917.0,",,G",13.4,",E,13,",13.9,"3,,E,27,",38.3,",G,17,",0.0,G,0.0,",G",14.6,"3,,,E",2.368,",E",2.927,",,,G",1.8079999999999998,",,,E"
AG000060390,1953-10-01,36.7167,3.25,24.0,"ALGER DAR EL BEIDA, AG",746.1,E,43.8,",E",11.0,"2,E",9.0,"2,E",0.0,"2,E",0.0,",G",0.0,",E",0.0,",G",29.0,",G",0.0,",G",19531027.0,",,E",19531013.0,",2,E",19531013.0,",,G",8.4,",E,27,",22.7,"2,,E,13,",30.4,",G,13,",10.1,G,10.1,",G",94.1,"2,,,E",1.9420000000000002,",E",2.425,",,,G",1.458,",,,E"
AG000060390,1953-11-01,36.7167,3.25,24.0,"ALGER DAR EL BEIDA, AG",749.5,E,3.4,",E",4.0,"5,E",2.0,"5,E",0.0,"5,E",0.0,",G",0.0,",E",0.0,",G",15.0,",G",0.0,",G",19531117.0,",,E",19531102.0,",5,E",19531130.0,",,G",4.3,",E,17,",22.0,"5,,E,02,",25.9,",G,30,",90.6,G,80.5,",G",26.2,"5,,,E",1.576,",E",2.138,",,,G",1.014,",,,E"
AG000060390,1953-12-01,36.7167,3.25,24.0,"ALGER DAR EL BEIDA, AG",760.2,E,10.7,",E",10.0,"3,E",9.0,"3,E",1.0,"3,E",0.0,",G",0.0,",E",0.0,",G",16.0,",G",0.0,",G",19531226.0,",,E",19531222.0,",3,E",19531203.0,",,G",4.5,",E,26,",27.4,"3,,E,22,",26.1,",G,03,",195.3,G,104.7,",G",93.5,"3,,,E",1.53,",E",2.0149999999999997,",,,G",1.045,",,,E"
AG000060390,1954-01-01,36.7167,3.25,24.0,"ALGER DAR EL BEIDA, AG",0.0,E,0.0,",E",16.0,"1,E",10.0,"1,E",0.0,"1,E",0.0,",G",0.0,",E",0.0,",G",0.0,",G",0.0,",G",19540113.0,",,E",19540108.0,",1,E",19540117.0,",,G",0.8,",E,13,",22.9,"1,,E,08,",19.3,",G,17,",467.9,G,272.6,",G",140.2,"1,,,E",0.954,",E",1.389,",,,G",0.519,",,,E"
AG000060390,1954-02-01,36.7167,3.25,24.0,"ALGER DAR EL BEIDA, AG",0.0,E,0.0,",E",17.0,"1,E",8.0,"1,E",1.0,"1,E",0.0,",G",0.0,",E",0.0,",G",0.0,",G",0.0,",G",19540202.0,",,E",19540201.0,",1,E",19540227.0,",,G",0.3,",E,02,",49.0,"1,,E,01,",20.2,",G,27,",693.4,G,225.5,",G",103.5,"1,,,E",1.028,",E",1.491,",,,G",0.5650000000000001,",,,E"
AG000060390,1954-03-01,36.7167,3.25,24.0,"ALGER DAR EL BEIDA, AG",0.0,E,0.0,",E",11.0,"1,E",5.0,"1,E",0.0,"1,E",0.0,",G",0.0,",E",0.0,",G",4.0,",G",0.0,",G",19540307.0,",,E",19540312.0,",1,E",19540302.0,",,G",3.0,",E,07,",11.6,"1,,E,12,",25.8,",G,02,",837.3,G,143.9,",G",33.9,"1,,,E",1.369,",E",1.831,",,,G",0.907,",,,E"
AG000060390,1954-04-01,36.7167,3.25,24.0,"ALGER DAR EL BEIDA, AG",2.8,E,2.8,",E",12.0,"2,E",8.0,"2,E",3.0,"2,E",0.0,",G",0.0,",E",0.0,",G",8.0,",G",0.0,",G",19540418.0,",,E",19540413.0,",2,E",19540426.0,",,G",3.8,",E,18,",71.9,"2,,E,13,",28.1,",G,26,",947.6,G,110.3,",G",198.1,"2,,,E",1.475,",E",1.927,",,,G",1.0230000000000001,",,,E"
AG000060390,1954-05-01,36.7167,3.25,24.0,"ALGER DAR EL BEIDA, AG",28.2,E,25.4,",E",4.0,",E",1.0,",E",0.0,",E",0.0,",G",0.0,",E",0.0,",G",29.0,",G",1.0,",G",19540506.0,",,E",19540517.0,",,E",19540530.0,",,G",6.1,",E,06,",16.1,",,E,17,",35.2,",G,30,",979.2,G,31.6,",G",20.2,",,,E",1.813,",E",2.411,",,,G",1.216,",,,E"
AG000060390,1954-06-01,36.7167,3.25,24.0,"ALGER DAR EL BEIDA, AG",147.9,E,119.7,",E",,,,,,,0.0,",G",0.0,",E",0.0,",G",30.0,",G",2.0,",G",19540605.0,",,E",,,19540626.0,",,G",12.0,",E,05,",,,35.1,",G,26,",979.2,G,0.0,",G",,,2.232,",E",2.7649999999999997,",,,G",1.7,",,,E"
AG000060390,1954-07-01,36.7167,3.25,24.0,"ALGER DAR EL BEIDA, AG",303.0,E,155.1,",E",0.0,"1,E",0.0,"1,E",0.0,"1,E",0.0,",G",0.0,",E",0.0,",G",31.0,",G",7.0,",G",19540703.0,",,E",19540731.0,"+,1,E",19540728.0,",,G",13.2,",E,03,",0.0,"1,,E,31,+",39.0,",G,28,",0.0,G,0.0,",G",0.0,"1,,,E",2.334,",E",2.992,",,,G",1.675,",,,E"
AG000060390,1954-08-01,36.7167,3.25,24.0,"ALGER DAR EL BEIDA, AG",488.2,E,185.2,",E",0.0,"1,E",0.0,"1,E",0.0,"1,E",0.0,",G",0.0,",E",0.0,",G",31.0,",G",7.0,",G",19540823.0,",,E",19540831.0,"+,1,E",19540820.0,",,G",12.0,",E,23,",0.0,"1,,E,31,+",43.6,",G,20,",0.0,G,0.0,",G",0.0,"1,,,E",2.431,",E",3.075,",,,G",1.786,",,,E"
AG000060390,1954-09-01,36.7167,3.25,24.0,"ALGER DAR EL BEIDA, AG",645.2,E,157.0,",E",1.0,"1,E",0.0,"1,E",0.0,"1,E",0.0,",G",0.0,",E",0.0,",G",30.0,",G",3.0,",G",19540919.0,",,E",19540904.0,",1,E",19540919.0,",,G",14.5,",E,19,",0.4,"1,,E,04,",37.2,",G,19,",0.0,G,0.0,",G",0.6,"1,,,E",2.357,",E",2.91,",,,G",1.8030000000000002,",,,E"
AG000060390,1954-10-01,36.7167,3.25,24.0,"ALGER DAR EL BEIDA, AG",671.5,E,26.3,",E",8.0,"2,E",6.0,"2,E",0.0,"2,E",0.0,",G",0.0,",E",0.0,",G",28.0,",G",0.0,",G",19541016.0,"+,,E",19541009.0,",2,E",19541025.0,",,G",9.4,",E,16,+",17.9,"2,,E,09,",27.8,",G,25,",20.8,G,20.8,",G",49.5,"2,,,E",1.8510000000000002,",E",2.428,",,,G",1.274,",,,E"
AG000060390,1954-11-01,36.7167,3.25,24.0,"ALGER DAR EL BEIDA, AG",697.5,E,26.0,",E",9.0,"5,E",3.0,"5,E",2.0,"5,E",0.0,",G",0.0,",E",0.0,",G",14.0,",G",1.0,",G",19541121.0,",,E",19541109.0,",5,E",19541101.0,",,G",5.0,",E,21,",56.5,"5,,E,09,",32.9,",G,01,",90.0,G,69.2,",G",102.2,"5,,,E",1.689,",E",2.1879999999999997,",,,G",1.19,",,,E"
AG000060390,1954-12-01,36.7167,3.25,24.0,"ALGER DAR EL BEIDA, AG",697.5,E,0.0,",E",9.0,"1,E",6.0,"1,E",0.0,"1,E",0.0,",G",0.0,",E",0.0,",G",3.0,",G",0.0,",G",19541220.0,",,E",19541212.0,",1,E",19541209.0,",,G",2.6,",E,20,",8.5,"1,,E,12,",23.3,",G,09,",260.4,G,170.4,",G",42.4,"1,,,E",1.284,",E",1.784,",,,G",0.784,",,,E"
AG000060390,1955-01-01,36.7167,3.25,24.0,"ALGER DAR EL BEIDA, AG",0.7,E,0.7,",E",15.0,",E",9.0,",E",1.0,",E",0.0,",G",0.0,",E",0.0,",G",9.0,",G",0.0,",G",19550101.0,",,E",19550127.0,",,E",19550114.0,",,G",2.9,",E,01,",33.2,",,E,27,",23.1,",G,14,",390.3,G,129.9,",G",96.7,",,,E",1.417,",E",1.829,",,,G",1.0050000000000001,",,,E"
AG000060390,1955-02-01,36.7167,3.25,24.0,"ALGER DAR EL BEIDA, AG",0.9,E,0.2,",E",,,,,,,0.0,",G",0.0,",E",0.0,",G",9.0,",G",0.0,",G",19550221.0,",,E",,,19550213.0,",,G",3.5,",E,21,",,,23.9,",G,13,",529.0,G,138.7,",G",,,1.339,",E",1.8699999999999999,",,,G",0.808,",,,E"
AG000060390,1955-03-01,36.7167,3.25,24.0,"ALGER DAR EL BEIDA, AG",20.4,E,19.5,",E",,,,,,,0.0,",G",0.0,",E",0.0,",G",9.0,",G",0.0,",G",19550311.0,",,E",,,19550325.0,",,G",0.1,",E,11,",,,31.9,",G,25,",698.4,G,169.4,",G",,,1.35,",E",1.9010000000000002,",,,G",0.799,",,,E"
AG000060390,1955-04-01,36.7167,3.25,24.0,"ALGER DAR EL BEIDA, AG",20.4,E,0.0,",E",8.0,"2,E",7.0,"2,E",0.0,"2,E",0.0,",G",0.0,",E",0.0,",G",10.0,",G",0.0,",G",19550403.0,",,E",19550428.0,",2,E",19550419.0,",,G",4.4,",E,03,",24.5,"2,,E,28,",23.7,",G,19,",803.6,G,105.2,",G",81.8,"2,,,E",1.483,",E",2.008,",,,G",0.958,",,,E"
AG000060390,1955-05-01,36.7167,3.25,24.0,"ALGER DAR EL BEIDA, AG",76.3,E,55.9,",E",3.0,"2,E",2.0,"2,E",0.0,"2,E",0.0,",G",0.0,",E",0.0,",G",30.0,",G",1.0,",G",19550509.0,",,E",19550524.0,",2,E",19550506.0,",,G",9.4,",E,09,",3.0,"2,,E,24,",33.7,",G,06,",808.5,G,4.9,",G",6.2,"2,,,E",1.998,",E",2.512,",,,G",1.483,",,,E"
AG000060390,1955-06-01,36.7167,3.25,24.0,"ALGER DAR EL BEIDA, AG",210.0,E,133.7,",E",4.0,"3,E",0.0,"3,E",0.0,"3,E",0.0,",G",0.0,",E",0.0,",G",30.0,",G",3.0,",G",19550612.0,",,E",19550618.0,",3,E",19550606.0,",,G",11.9,",E,12,",2.1,"3,,E,18,",41.3,",G,06,",808.5,G,0.0,",G",6.5,"3,,,E",2.279,",E",2.8600000000000003,",,,G",1.6969999999999998,",,,E"
AG000060390,1955-07-01,36.7167,3.25,24.0,"ALGER DAR EL BEIDA, AG",462.1,E,252.1,",E",,,,,,,0.0,",G",0.0,",E",0.0,",G",31.0,",G",16.0,",G",19550708.0,",,E",,,19550717.0,",,G",15.2,",E,08,",,,41.9,",G,17,",0.0,G,0.0,",G",,,2.647,",E",3.2590000000000003,",,,G",2.034,",,,E"
AG000060390,1955-08-01,36.7167,3.25,24.0,"ALGER DAR EL BEIDA, AG",713.3,E,251.2,",E",,,,,,,0.0,",G",0.0,",E",0.0,",G",31.0,",G",15.0,",G",19550826.0,",,E",,,19550829.0,",,G",16.3,",E,26,",,,43.5,",G,29,",0.0,G,0.0,",G",,,2.644,",E",3.271,",,,G",2.0170000000000003,",,,E"
AG000060390,1955-09-01,36.7167,3.25,24.0,"ALGER DAR EL BEIDA, AG",841.8,E,128.5,",E",11.0,"4,E",5.0,"4,E",1.0,"4,E",0.0,",G",0.0,",E",0.0,",G",30.0,",G",1.0,",G",19550930.0,",,E",19550921.0,",4,E",19550906.0,",,G",11.8,",E,30,",36.8,"4,,E,21,",33.0,",G,06,",0.9,G,0.9,",G",72.5,"4,,,E",2.259,",E",2.794,",,,G",1.7239999999999998,",,,E"
AG000060390,1955-10-01,36.7167,3.25,24.0,"ALGER DAR EL BEIDA, AG",881.5,E,39.7,",E",,,,,,,0.0,",G",0.0,",E",0.0,",G",30.0,",G",0.0,",G",19551026.0,",,E",,,19551011.0,",,G",9.4,",E,26,",,,30.3,",G,11,",12.7,G,11.8,",G",,,1.923,",E",2.4579999999999997,",,,G",1.3880000000000001,",,,E"
AG000060390,1955-11-01,36.7167,3.25,24.0,"ALGER DAR EL BEIDA, AG",895.5,E,14.0,",E",12.0,"2,E",6.0,"2,E",1.0,"2,E",0.0,",G",0.0,",E",0.0,",G",15.0,",G",0.0,",G",19551128.0,",,E",19551116.0,",2,E",19551105.0,",,G",2.2,",E,28,",28.3,"2,,E,16,",31.3,",G,05,",111.6,G,98.9,",G",78.6,"2,,,E",1.55,",E",2.088,",,,G",1.0130000000000001,",,,E"
AG000060390,1955-12-01,36.7167,3.25,24.0,"ALGER DAR EL BEIDA, AG",899.9,E,4.4,",E",11.0,"2,E",5.0,"2,E",0.0,"2,E",0.0,",G",0.0,",E",0.0,",G",9.0,",G",0.0,",G",19551230.0,",,E",19551231.0,",2,E",19551214.0,",,G",3.4,",E,30,",21.1,"2,,E,31,",25.2,",G,14,",245.1,G,133.5,",G",45.5,"2,,,E",1.417,",E",2.006,",,,G",0.827,",,,E"
AG000060390,1956-01-01,36.7167,3.25,24.0,"ALGER DAR EL BEIDA, AG",0.5,E,0.5,",E",12.0,"4,E",6.0,"4,E",1.0,"4,E",0.0,",G",0.0,",E",0.0,",G",3.0,",G",0.0,",G",19560111.0,",,E",19560107.0,",4,E",19560115.0,",,G",1.0,",E,11,",26.2,"4,,E,07,",24.1,",G,15,",435.1,G,190.0,",G",64.6,"4,,,E",1.222,",E",1.709,",,,G",0.735,",,,E"
AG000060390,1956-02-01,36.7167,3.25,24.0,"ALGER DAR EL BEIDA, AG",0.5,E,0.0,",E",21.0,",E",16.0,",E",0.0,",E",0.0,",G",2.0,",E",0.0,",G",0.0,",G",0.0,",G",19560215.0,"+,,E",19560205.0,",,E",19560223.0,",,G",0.0,",E,15,+",24.3,",,E,05,",19.2,",G,23,",748.0,G,312.9,",G",192.0,",,,E",0.754,",E",1.142,",,,G",0.367,",,,E"
AG000060390,1956-03-01,36.7167,3.25,24.0,"ALGER DAR EL BEIDA, AG",2.9,E,2.4,",E",9.0,"5,E",5.0,"5,E",0.0,"5,E",0.0,",G",0.0,",E",0.0,",G",7.0,",G",0.0,",G",19560307.0,",,E",19560320.0,",5,E",19560327.0,",,G",0.8,",E,07,",14.9,"5,,E,20,",28.8,",G,27,",931.3,G,183.3,",G",47.8,"5,,,E",1.25,",E",1.875,",,,G",0.624,",,,E"
AG000060390,1956-04-01,36.7167,3.25,24.0,"ALGER DAR EL BEIDA, AG",6.6,E,3.7,",E",10.0,"2,E",7.0,"2,E",0.0,"2,E",0.0,",G",0.0,",E",0.0,",G",9.0,",G",0.0,",G",19560410.0,",,E",19560404.0,",2,E",19560420.0,",,G",2.5,",E,10,",13.6,"2,,E,04,",30.1,",G,20,",1046.1,G,114.8,",G",61.9,"2,,,E",1.463,",E",2.0100000000000002,",,,G",0.916,",,,E"
AG000060390,1956-05-01,36.7167,3.25,24.0,"ALGER DAR EL BEIDA, AG",27.5,E,20.9,",E",4.0,"2,E",1.0,"2,E",0.0,"2,E",0.0,",G",0.0,",E",0.0,",G",23.0,",G",0.0,",G",19560503.0,",,E",19560518.0,",2,E",19560526.0,",,G",4.6,",E,03,",3.9,"2,,E,18,",31.6,",G,26,",1113.2,G,67.1,",G",7.2,"2,,,E",1.684,",E",2.334,",,,G",1.035,",,,E"
AG000060390,1956-06-01,36.7167,3.25,24.0,"ALGER DAR EL BEIDA, AG",68.4,E,40.9,",E",5.0,"2,E",1.0,"2,E",0.0,"2,E",0.0,",G",0.0,",E",0.0,",G",29.0,",G",0.0,",G",19560609.0,",,E",19560625.0,",2,E",19560604.0,",,G",9.1,",E,09,",8.6,"2,,E,25,",32.0,",G,04,",1122.4,G,9.2,",G",12.9,"2,,,E",1.939,",E",2.507,",,,G",1.3699999999999999,",,,E"
AG000060390,1956-07-01,36.7167,3.25,24.0,"ALGER DAR EL BEIDA, AG",218.4,E,150.0,",E",0.0,"3,E",0.0,"3,E",0.0,"3,E",0.0,",G",0.0,",E",0.0,",G",31.0,",G",3.0,",G",19560702.0,",,E",19560731.0,"+,3,E",19560728.0,",,G",12.8,",E,02,",0.0,"3,,E,31,+",34.4,",G,28,",0.0,G,0.0,",G",0.0,"3,,,E",2.317,",E",2.931,",,,G",1.704,",,,E"
AG000060390,1956-08-01,36.7167,3.25,24.0,"ALGER DAR EL BEIDA, AG",460.9,E,242.5,",E",2.0,"3,E",0.0,"3,E",0.0,"3,E",0.0,",G",0.0,",E",0.0,",G",31.0,",G",18.0,",G",19560812.0,",,E",19560831.0,"+,3,E",19560807.0,",,G",15.0,",E,12,",0.3,"3,,E,31,+",43.5,",G,07,",0.0,G,0.0,",G",0.6,"3,,,E",2.6149999999999998,",E",3.28,",,,G",1.951,",,,E"
AG000060390,1956-09-01,36.7167,3.25,24.0,"ALGER DAR EL BEIDA, AG",619.3,E,158.4,",E",2.0,"5,E",2.0,"5,E",0.0,"5,E",0.0,",G",0.0,",E",0.0,",G",30.0,",G",5.0,",G",19560929.0,",,E",19560918.0,",5,E",19560908.0,",,G",11.3,",E,29,",16.4,"5,,E,18,",36.3,",G,08,",0.0,G,0.0,",G",25.3,"5,,,E",2.3609999999999998,",E",2.939,",,,G",1.784,",,,E"
AG000060390,1956-10-01,36.7167,3.25,24.0,"ALGER DAR EL BEIDA, AG",656.5,E,37.2,",E",6.0,"4,E",6.0,"4,E",0.0,"4,E",0.0,",G",0.0,",E",0.0,",G",25.0,",G",0.0,",G",19561030.0,",,E",19561026.0,",4,E",19561014.0,",,G",5.2,",E,30,",25.3,"4,,E,26,",30.3,",G,14,",30.6,G,30.6,",G",77.3,"4,,,E",1.855,",E",2.412,",,,G",1.2970000000000002,",,,E"
AG000060390,1956-11-01,36.7167,3.25,24.0,"ALGER DAR EL BEIDA, AG",656.5,E,0.0,",E",14.0,"1,E",11.0,"1,E",0.0,"1,E",0.0,",G",0.0,",E",0.0,",G",2.0,",G",0.0,",G",19561127.0,",,E",19561114.0,",1,E",19561108.0,",,G",2.9,",E,27,",23.3,"1,,E,14,",23.3,",G,08,",197.6,G,167.0,",G",118.9,"1,,,E",1.277,",E",1.779,",,,G",0.774,",,,E"
AG000060390,1956-12-01,36.7167,3.25,24.0,"ALGER DAR EL BEIDA, AG",656.5,E,0.0,",E",10.0,"4,E",6.0,"4,E",1.0,"4,E",0.0,",G",0.0,",E",0.0,",G",0.0,",G",0.0,",G",19561210.0,",,E",19561229.0,",4,E",19561216.0,",,G",0.1,",E,10,",34.5,"4,,E,29,",20.5,",G,16,",433.9,G,236.3,",G",71.6,"4,,,E",1.0710000000000002,",E",1.673,",,,G",0.47000000000000003,",,,E"
AG000060390,1957-01-01,36.7167,3.25,24.0,"ALGER DAR EL BEIDA, AG",0.0,E,0.0,",E",11.0,"2,E",8.0,"2,E",2.0,"2,E",0.0,",G",7.0,",E",0.0,",G",0.0,",G",0.0,",G",19570118.0,",,E",19570122.0,",2,E",19570110.0,",,G",-1.8,",E,18,",29.4,"2,,E,22,",19.8,",G,10,",731.7,G,297.8,",G",103.2,"2,,,E",0.873,",E",1.462,",,,G",0.28300000000000003,",,,E"
AG000060390,1957-02-01,36.7167,3.25,24.0,"ALGER DAR EL BEIDA, AG",0.0,E,0.0,",E",2.0,",E",0.0,",E",0.0,",E",0.0,",G",2.0,",E",0.0,",G",9.0,",G",0.0,",G",19570202.0,",,E",19570218.0,",,E",19570225.0,",,G",-1.3,",E,02,",2.4,",,E,18,",27.0,",G,25,",893.0,G,161.3,",G",3.2,",,,E",1.2570000000000001,",E",2.018,",,,G",0.496,",,,E"
AG000060390,1957-03-01,36.7167,3.25,24.0,"ALGER DAR EL BEIDA, AG",2.2,E,2.2,",E",3.0,"5,E",3.0,"5,E",0.0,"5,E",0.0,",G",1.0,",E",0.0,",G",17.0,",G",0.0,",G",19570302.0,",,E",19570316.0,",5,E",19570312.0,",,G",0.0,",E,02,",6.7,"5,,E,16,",29.1,",G,12,",1016.6,G,123.6,",G",13.5,"5,,,E",1.442,",E",2.141,",,,G",0.743,",,,E"
AG000060390,1957-04-01,36.7167,3.25,24.0,"ALGER DAR EL BEIDA, AG",3.7,E,1.5,",E",14.0,"5,E",10.0,"5,E",0.0,"5,E",0.0,",G",0.0,",E",0.0,",G",8.0,",G",0.0,",G",19570416.0,",,E",19570409.0,",5,E",19570425.0,",,G",2.1,",E,16,",21.2,"5,,E,09,",26.3,",G,25,",1141.8,G,125.2,",G",113.0,"5,,,E",1.421,",E",1.9309999999999998,",,,G",0.9119999999999999,",,,E"
AG000060390,1957-05-01,36.7167,3.25,24.0,"ALGER DAR EL BEIDA, AG",7.3,E,3.6,",E",7.0,"5,E",2.0,"5,E",0.0,"5,E",0.0,",G",0.0,",E",0.0,",G",23.0,",G",0.0,",G",19570518.0,",,E",19570526.0,",5,E",19570523.0,",,G",5.5,",E,18,",12.8,"5,,E,26,",28.3,",G,23,",1198.0,G,56.2,",G",26.8,"5,,,E",1.6629999999999998,",E",2.231,",,,G",1.096,",,,E"
AG000060390,1957-06-01,36.7167,3.25,24.0,"ALGER DAR EL BEIDA, AG",63.5,E,56.2,",E",3.0,"4,E",3.0,"4,E",0.0,"4,E",0.0,",G",0.0,",E",0.0,",G",28.0,",G",0.0,",G",19570613.0,",,E",19570611.0,",4,E",19570606.0,",,G",10.0,",E,13,",17.5,"4,,E,11,",31.0,",G,06,",1204.1,G,6.1,",G",33.3,"4,,,E",2.0,",E",2.54,",,,G",1.4609999999999999,",,,E"
AG000060390,1957-07-01,36.7167,3.25,24.0,"ALGER DAR EL BEIDA, AG",223.6,E,160.1,",E",0.0,"1,E",0.0,"1,E",0.0,"1,E",0.0,",G",0.0,",E",0.0,",G",31.0,",G",5.0,",G",19570731.0,",,E",19570731.0,"+,1,E",19570703.0,",,G",12.8,",E,31,",0.0,"1,,E,31,+",38.4,",G,03,",0.0,G,0.0,",G",0.0,"1,,,E",2.35,",E",2.9579999999999997,",,,G",1.741,",,,E"
AG000060390,1957-08-01,36.7167,3.25,24.0,"ALGER DAR EL BEIDA, AG",415.1,E,191.5,",E",0.0,"3,E",0.0,"3,E",0.0,"3,E",0.0,",G",0.0,",E",0.0,",G",31.0,",G",10.0,",G",19570804.0,"+,,E",19570831.0,"+,3,E",19570805.0,",,G",12.7,",E,04,+",0.0,"3,,E,31,+",41.4,",G,05,",0.0,G,0.0,",G",0.0,"3,,,E",2.451,",E",3.119,",,,G",1.783,",,,E"
AG000060390,1957-09-01,36.7167,3.25,24.0,"ALGER DAR EL BEIDA, AG",552.0,E,136.9,",E",3.0,"2,E",1.0,"2,E",0.0,"2,E",0.0,",G",0.0,",E",0.0,",G",30.0,",G",1.0,",G",19570907.0,",,E",19570918.0,",2,E",19570907.0,",,G",12.0,",E,07,",2.6,"2,,E,18,",32.6,",G,07,",0.0,G,0.0,",G",5.3,"2,,,E",2.29,",E",2.898,",,,G",1.6809999999999998,",,,E"
AG000060390,1957-10-01,36.7167,3.25,24.0,"ALGER DAR EL BEIDA, AG",603.6,E,51.6,",E",15.0,"3,E",13.0,"3,E",5.0,"3,E",0.0,",G",0.0,",E",0.0,",G",20.0,",G",0.0,",G",19571031.0,",,E",19571009.0,",3,E",19571014.0,",,G",8.3,",E,31,",85.9,"3,,E,09,",30.7,",G,14,",27.5,G,27.5,",G",349.8,"3,,,E",1.911,",E",2.338,",,,G",1.484,",,,E"
AG000060390,1957-11-01,36.7167,3.25,24.0,"ALGER DAR EL BEIDA, AG",604.1,E,0.5,",E",14.0,"4,E",10.0,"4,E",3.0,"4,E",0.0,",G",0.0,",E",0.0,",G",4.0,",G",0.0,",G",19571112.0,",,E",19571120.0,",4,E",19571105.0,",,G",4.0,",E,12,",41.6,"4,,E,20,",26.7,",G,05,",152.8,G,125.3,",G",211.1,"4,,,E",1.417,",E",1.873,",,,G",0.962,",,,E"
AG000060390,1957-12-01,36.7167,3.25,24.0,"ALGER DAR EL BEIDA, AG",604.1,E,0.0,",E",,,,,,,0.0,",G",0.0,",E",0.0,",G",0.0,",G",0.0,",G",19571222.0,",,E",,,19571209.0,",,G",2.0,",E,22,",,,20.6,",G,09,",376.6,G,223.8,",G",,,1.111,",E",1.58,",,,G",0.643,",,,E"
AG000060390,1958-01-01,36.7167,3.25,24.0,"ALGER DAR EL BEIDA, AG",0.0,E,0.0,",E",15.0,"2,E",10.0,"2,E",1.0,"2,E",0.0,",G",0.0,",E",0.0,",G",0.0,",G",0.0,",G",19580125.0,",,E",19580117.0,",2,E",19580107.0,"+,,G",0.7,",E,25,",44.3,"2,,E,17,",20.8,",G,07,+",604.4,G,227.8,",G",140.4,"2,,,E",1.098,",E",1.5550000000000002,",,,G",0.642,",,,E"
AG000060390,1958-02-01,36.7167,3.25,24.0,"ALGER DAR EL BEIDA, AG",6.6,E,6.6,",E",4.0,"2,E",4.0,"2,E",0.0,"2,E",0.0,",G",0.0,",E",0.0,",G",9.0,",G",0.0,",G",19580221.0,",,E",19580226.0,",2,E",19580214.0,",,G",1.1,",E,21,",23.3,"2,,E,26,",27.8,",G,14,",752.1,G,147.7,",G",44.0,"2,,,E",1.329,",E",1.918,",,,G",0.74,",,,E"
AG000060390,1958-03-01,36.7167,3.25,24.0,"ALGER DAR EL BEIDA, AG",6.8,E,0.2,",E",8.0,"2,E",6.0,"2,E",0.0,"2,E",0.0,",G",0.0,",E",0.0,",G",10.0,",G",0.0,",G",19580313.0,",,E",19580309.0,",2,E",19580327.0,",,G",1.4,",E,13,",10.5,"2,,E,09,",27.3,",G,27,",908.3,G,156.2,",G",45.0,"2,,,E",1.33,",E",1.8969999999999998,",,,G",0.762,",,,E"
AG000060390,1958-04-01,36.7167,3.25,24.0,"ALGER DAR EL BEIDA, AG",8.4,E,1.6,",E",8.0,"5,E",4.0,"5,E",1.0,"5,E",0.0,",G",0.0,",E",0.0,",G",8.0,",G",0.0,",G",19580419.0,",,E",19580412.0,",5,E",19580421.0,",,G",3.1,",E,19,",31.1,"5,,E,12,",26.1,",G,21,",1041.9,G,133.6,",G",72.2,"5,,,E",1.393,",E",1.9460000000000002,",,,G",0.8400000000000001,",,,E"
AG000060390,1958-05-01,36.7167,3.25,24.0,"ALGER DAR EL BEIDA, AG",50.0,E,41.6,"2,E",0.0,"3,E",0.0,"3,E",0.0,"3,E",0.0,"1,G",0.0,"1,E",0.0,"1,G",29.0,"1,G",4.0,"1,G",19580502.0,",1,E",19580531.0,"+,3,E",19580511.0,",1,G",6.1,"1,E,02,",0.0,"3,,E,31,+",38.4,"1,G,11,",1061.1,G,19.2,"1,G",0.0,"3,,,E",1.94,"2,E",2.633,"1,,,G",1.247,"1,,,E"
AG000060390,1958-06-01,36.7167,3.25,24.0,"ALGER DAR EL BEIDA, AG",164.5,E,114.5,",E",2.0,"1,E",1.0,"1,E",0.0,"1,E",0.0,",G",0.0,",E",0.0,",G",30.0,",G",2.0,",G",19580613.0,",,E",19580623.0,",1,E",19580608.0,",,G",10.5,",E,13,",4.9,"1,,E,23,",40.4,",G,08,",1061.8,G,0.7,",G",7.4,"1,,,E",2.213,",E",2.7760000000000002,",,,G",1.6489999999999998,",,,E"
AG000060390,1958-07-01,36.7167,3.25,24.0,"ALGER DAR EL BEIDA, AG",309.0,E,144.5,",E",1.0,"4,E",1.0,"4,E",0.0,"4,E",0.0,",G",0.0,",E",0.0,",G",31.0,",G",1.0,",G",19580705.0,",,E",19580711.0,",4,E",19580729.0,",,G",11.0,",E,05,",5.3,"4,,E,11,",35.2,",G,29,",0.0,G,0.0,",G",5.5,"4,,,E",2.3,",E",2.8920000000000003,",,,G",1.707,",,,E"
AG000060390,1958-08-01,36.7167,3.25,24.0,"ALGER DAR EL BEIDA, AG",524.0,E,215.0,",E",1.0,"1,E",0.0,"1,E",0.0,"1,E",0.0,",G",0.0,",E",0.0,",G",31.0,",G",10.0,",G",19580815.0,",,E",19580829.0,",1,E",19580828.0,",,G",14.4,",E,15,",0.6,"1,,E,29,",44.6,",G,28,",0.0,G,0.0,",G",0.6,"1,,,E",2.527,",E",3.162,",,,G",1.8920000000000001,",,,E"
AG000060390,1958-09-01,36.7167,3.25,24.0,"ALGER DAR EL BEIDA, AG",697.6,E,173.6,",E",1.0,"1,E",1.0,"1,E",0.0,"1,E",0.0,",G",0.0,",E",0.0,",G",30.0,",G",5.0,",G",19580921.0,",,E",19580918.0,",1,E",19580904.0,",,G",11.8,",E,21,",2.6,"1,,E,18,",41.9,",G,04,",0.0,G,0.0,",G",2.8,"1,,,E",2.412,",E",3.089,",,,G",1.735,",,,E"
AG000060390,1958-10-01,36.7167,3.25,24.0,"ALGER DAR EL BEIDA, AG",751.3,E,53.7,",E",15.0,"3,E",8.0,"3,E",1.0,"3,E",0.0,",G",0.0,",E",0.0,",G",19.0,",G",1.0,",G",19581021.0,",,E",19581007.0,",3,E",19581003.0,",,G",8.4,",E,21,",41.0,"3,,E,07,",34.3,",G,03,",33.9,G,33.9,",G",109.4,"3,,,E",1.8969999999999998,",E",2.368,",,,G",1.427,",,,E"
AG000060390,1958-11-01,36.7167,3.25,24.0,"ALGER DAR EL BEIDA, AG",751.7,E,0.4,",E",17.0,"2,E",15.0,"2,E",4.0,"2,E",0.0,",G",0.0,",E",0.0,",G",5.0,",G",0.0,",G",19581117.0,",,E",19581121.0,",2,E",19581103.0,",,G",5.7,",E,17,",39.7,"2,,E,21,",24.3,",G,03,",154.3,G,120.4,",G",284.2,"2,,,E",1.433,",E",1.847,",,,G",1.02,",,,E"
AG000060390,1958-12-01,36.7167,3.25,24.0,"ALGER DAR EL BEIDA, AG",754.4,E,2.7,",E",15.0,"3,E",9.0,"3,E",0.0,"3,E",0.0,",G",0.0,",E",0.0,",G",7.0,",G",0.0,",G",19581231.0,",,E",19581214.0,",3,E",19581216.0,",,G",3.8,",E,31,",11.1,"3,,E,14,",26.0,",G,16,",294.7,G,140.4,",G",52.7,"3,,,E",1.389,",E",1.825,",,,G",0.953,",,,E"
AG000060390,1959-01-01,36.7167,3.25,24.0,"ALGER DAR EL BEIDA, AG",0.0,E,0.0,",E",8.0,"3,E",5.0,"3,E",0.0,"3,E",0.0,",G",1.0,",E",0.0,",G",2.0,",G",0.0,",G",19590118.0,",,E",19590109.0,"+,3,E",19590124.0,",,G",-1.2,",E,18,",6.7,"3,,E,09,+",24.6,",G,24,",511.9,G,217.2,",G",34.9,"3,,,E",1.133,",E",1.703,",,,G",0.562,",,,E"
AG000060390,1959-02-01,36.7167,3.25,24.0,"ALGER DAR EL BEIDA, AG",0.0,E,0.0,",E",11.0,"1,E",8.0,"1,E",0.0,"1,E",0.0,",G",0.0,",E",0.0,",G",0.0,",G",0.0,",G",19590222.0,",,E",19590208.0,",1,E",19590224.0,",,G",0.3,",E,22,",24.4,"1,,E,08,",20.2,",G,24,",725.9,G,214.0,",G",85.3,"1,,,E",1.069,",E",1.6149999999999998,",,,G",0.523,",,,E"
AG000060390,1959-04-01,36.7167,3.25,24.0,"ALGER DAR EL BEIDA, AG",,,5.0,",E",3.0,"3,E",2.0,"3,E",0.0,"3,E",0.0,",G",0.0,",E",0.0,",G",14.0,",G",0.0,",G",19590421.0,",,E",19590424.0,",3,E",19590413.0,",,G",2.7,",E,21,",9.0,"3,,E,24,",29.5,",G,13,",,,87.8,",G",18.0,"3,,,E",1.557,",E",2.143,",,,G",0.9720000000000001,",,,E"
AG000060390,1959-05-01,36.7167,3.25,24.0,"ALGER DAR EL BEIDA, AG",,,22.9,",E",6.0,"2,E",4.0,"2,E",1.0,"2,E",0.0,",G",0.0,",E",0.0,",G",25.0,",G",0.0,",G",19590501.0,",,E",19590508.0,",2,E",19590507.0,",,G",2.6,",E,01,",26.6,"2,,E,08,",31.8,",G,07,",,,38.8,",G",54.5,"2,,,E",1.782,",E",2.334,",,,G",1.23,",,,E"
AG000060390,1959-06-01,36.7167,3.25,24.0,"ALGER DAR EL BEIDA, AG",,,89.3,",E",7.0,",E",5.0,",E",1.0,",E",0.0,",G",0.0,",E",0.0,",G",28.0,",G",3.0,",G",19590613.0,"+,,E",19590607.0,",,E",19590619.0,",,G",12.0,",E,13,+",48.6,",,E,07,",34.0,",G,19,",,,4.8,",G",78.2,",,,E",2.1149999999999998,",E",2.6420000000000003,",,,G",1.588,",,,E"
AG000060390,1959-07-01,36.7167,3.25,24.0,"ALGER DAR EL BEIDA, AG",,,185.6,",E",0.0,",E",0.0,",E",0.0,",E",0.0,",G",0.0,",E",0.0,",G",31.0,",G",9.0,",G",19590704.0,"+,,E",19590731.0,"+,,E",19590713.0,",,G",12.8,",E,04,+",0.0,",,E,31,+",39.1,",G,13,",0.0,G,0.0,",G",0.0,",,,E",2.432,",E",3.0460000000000003,",,,G",1.818,",,,E"
AG000060390,1959-08-01,36.7167,3.25,24.0,"ALGER DAR EL BEIDA, AG",,,189.4,",E",,,,,,,0.0,",G",0.0,",E",0.0,",G",31.0,",G",7.0,",G",19590820.0,",,E",,,19590828.0,",,G",13.9,",E,20,",,,38.0,",G,28,",0.0,G,0.0,",G",,,2.444,",E",3.0309999999999997,",,,G",1.8579999999999999,",,,E"
AG000060390,1959-09-01,36.7167,3.25,24.0,"ALGER DAR EL BEIDA, AG",,,165.0,",E",11.0,"1,E",8.0,"1,E",1.0,"1,E",0.0,",G",0.0,",E",0.0,",G",30.0,",G",3.0,",G",19590914.0,",,E",19590924.0,",1,E",19590922.0,",,G",15.2,",E,14,",25.8,"1,,E,24,",39.4,",G,22,",0.0,G,0.0,",G",66.9,"1,,,E",2.383,",E",2.8850000000000002,",,,G",1.8820000000000001,",,,E"
AG000060390,1959-10-01,36.7167,3.25,24.0,"ALGER DAR EL BEIDA, AG",,,39.7,",E",10.0,"2,E",6.0,"2,E",2.0,"2,E",0.0,",G",0.0,",E",0.0,",G",24.0,",G",0.0,",G",19591022.0,"+,,E",19591020.0,",2,E",19591016.0,",,G",9.1,",E,22,+",104.4,"2,,E,20,",30.3,",G,16,",30.2,G,30.2,",G",174.0,"2,,,E",1.864,",E",2.387,",,,G",1.341,",,,E"
AG000060390,1959-11-01,36.7167,3.25,24.0,"ALGER DAR EL BEIDA, AG",,,2.8,",E",11.0,"3,E",10.0,"3,E",1.0,"3,E",0.0,",G",0.0,",E",0.0,",G",8.0,",G",0.0,",G",19591126.0,",,E",19591123.0,",3,E",19591120.0,",,G",5.4,",E,26,",32.0,"3,,E,23,",25.4,",G,20,",139.6,G,109.4,",G",117.4,"3,,,E",1.478,",E",1.964,",,,G",0.992,",,,E"
AG000060390,1959-12-01,36.7167,3.25,24.0,"ALGER DAR EL BEIDA, AG",,,0.0,",E",12.0,"5,E",7.0,"5,E",1.0,"5,E",0.0,",G",0.0,",E",0.0,",G",3.0,",G",0.0,",G",19591231.0,",,E",19591213.0,",5,E",19591226.0,",,G",3.1,",E,31,",39.3,"5,,E,13,",24.1,",G,26,",327.8,G,188.2,",G",103.9,"5,,,E",1.226,",E",1.7239999999999998,",,,G",0.729,",,,E"
AG000060390,1960-01-01,36.7167,3.25,24.0,"ALGER DAR EL BEIDA, AG",0.0,E,0.0,",E",12.0,",E",10.0,",E",1.0,",E",0.0,",G",0.0,",E",0.0,",G",2.0,",G",0.0,",G",19600119.0,",,E",19600130.0,",,E",19600124.0,",,G",0.7,",E,19,",36.4,",,E,30,",24.3,",G,24,",571.0,G,243.2,",G",129.4,",,,E",1.049,",E",1.6019999999999999,",,,G",0.496,",,,E"
AG000060390,1960-02-01,36.7167,3.25,24.0,"ALGER DAR EL BEIDA, AG",0.5,E,0.5,",E",6.0,"1,E",5.0,"1,E",1.0,"1,E",0.0,",G",0.0,",E",0.0,",G",11.0,",G",0.0,",G",19600203.0,",,E",19600206.0,",1,E",19600225.0,",,G",1.3,",E,03,",49.5,"1,,E,06,",29.4,",G,25,",716.6,G,145.6,",G",92.1,"1,,,E",1.333,",E",1.9609999999999999,",,,G",0.705,",,,E"
AG000060390,1960-03-01,36.7167,3.25,24.0,"ALGER DAR EL BEIDA, AG",1.4,E,0.9,",E",15.0,"2,E",11.0,"2,E",0.0,"2,E",0.0,",G",0.0,",E",0.0,",G",7.0,",G",0.0,",G",19600305.0,",,E",19600310.0,",2,E",19600324.0,",,G",3.9,",E,05,",13.6,"2,,E,10,",26.3,",G,24,",847.9,G,131.3,",G",77.7,"2,,,E",1.413,",E",1.964,",,,G",0.861,",,,E"
AG000060390,1960-04-01,36.7167,3.25,24.0,"ALGER DAR EL BEIDA, AG",5.8,E,4.4,",E",9.0,"2,E",4.0,"2,E",1.0,"2,E",0.0,",G",0.0,",E",0.0,",G",10.0,",G",0.0,",G",19600402.0,",,E",19600412.0,",2,E",19600407.0,",,G",3.6,",E,02,",73.6,"2,,E,12,",26.4,",G,07,",966.3,G,118.4,",G",121.3,"2,,,E",1.4529999999999998,",E",1.986,",,,G",0.921,",,,E"
AG000060390,1960-05-01,36.7167,3.25,24.0,"ALGER DAR EL BEIDA, AG",36.2,E,30.4,",E",6.0,",E",3.0,",E",1.0,",E",0.0,",G",0.0,",E",0.0,",G",25.0,",G",1.0,",G",19600506.0,",,E",19600503.0,",,E",19600510.0,",,G",8.3,",E,06,",62.1,",,E,03,",35.9,",G,10,",998.8,G,32.5,",G",85.2,",,,E",1.826,",E",2.398,",,,G",1.2550000000000001,",,,E"
AG000060390,1960-06-01,36.7167,3.25,24.0,"ALGER DAR EL BEIDA, AG",146.3,E,110.1,",E",4.0,"1,E",2.0,"1,E",0.0,"1,E",0.0,",G",0.0,",E",0.0,",G",30.0,",G",1.0,",G",19600617.0,",,E",19600601.0,",1,E",19600624.0,",,G",12.0,",E,17,",3.9,"1,,E,01,",35.9,",G,24,",998.8,G,0.0,",G",10.8,"1,,,E",2.2,",E",2.709,",,,G",1.6920000000000002,",,,E"
AG000060390,1960-07-01,36.7167,3.25,24.0,"ALGER DAR EL BEIDA, AG",312.2,E,165.9,",E",0.0,"1,E",0.0,"1,E",0.0,"1,E",0.0,",G",0.0,",E",0.0,",G",31.0,",G",2.0,",G",19600710.0,",,E",19600731.0,"+,1,E",19600707.0,",,G",12.1,",E,10,",0.0,"1,,E,31,+",33.7,",G,07,",0.0,G,0.0,",G",0.0,"1,,,E",2.369,",E",2.948,",,,G",1.7890000000000001,",,,E"
AG000060390,1960-08-01,36.7167,3.25,24.0,"ALGER DAR EL BEIDA, AG",531.1,E,218.9,",E",0.0,",E",0.0,",E",0.0,",E",0.0,",G",0.0,",E",0.0,",G",31.0,",G",8.0,",G",19600814.0,",,E",19600831.0,"+,,E",19600827.0,",,G",13.5,",E,14,",0.0,",,E,31,+",41.4,",G,27,",0.0,G,0.0,",G",0.0,",,,E",2.54,",E",3.127,",,,G",1.952,",,,E"
AG000060390,1960-09-01,36.7167,3.25,24.0,"ALGER DAR EL BEIDA, AG",624.4,E,93.3,",E",1.0,"1,E",1.0,"1,E",0.0,"1,E",0.0,",G",0.0,",E",0.0,",G",30.0,",G",3.0,",G",19600921.0,",,E",19600905.0,",1,E",19600915.0,",,G",11.7,",E,21,",5.2,"1,,E,05,",38.5,",G,15,",0.0,G,0.0,",G",5.5,"1,,,E",2.144,",E",2.823,",,,G",1.465,",,,E"
AG000060390,1960-10-01,36.7167,3.25,24.0,"ALGER DAR EL BEIDA, AG",669.6,E,45.2,",E",5.0,"4,E",2.0,"4,E",0.0,"4,E",0.0,",G",0.0,",E",0.0,",G",30.0,",G",1.0,",G",19601018.0,",,E",19601003.0,",4,E",19601003.0,",,G",5.5,",E,18,",10.2,"4,,E,03,",35.1,",G,03,",20.5,G,20.5,",G",17.7,"4,,,E",1.9129999999999998,",E",2.5460000000000003,",,,G",1.279,",,,E"
AG000060390,1960-11-01,36.7167,3.25,24.0,"ALGER DAR EL BEIDA, AG",675.0,E,5.4,",E",7.0,"1,E",3.0,"1,E",0.0,"1,E",0.0,",G",0.0,",E",0.0,",G",18.0,",G",1.0,",G",19601115.0,",,E",19601128.0,",1,E",19601104.0,",,G",1.2,",E,15,",5.7,"1,,E,28,",32.2,",G,04,",103.8,G,83.3,",G",18.2,"1,,,E",1.574,",E",2.191,",,,G",0.9560000000000001,",,,E"
AG000060390,1960-12-01,36.7167,3.25,24.0,"ALGER DAR EL BEIDA, AG",675.0,E,0.0,",E",20.0,"2,E",17.0,"2,E",1.0,"2,E",0.0,",G",0.0,",E",0.0,",G",1.0,",G",0.0,",G",19601218.0,",,E",19601215.0,",2,E",19601205.0,",,G",0.1,",E,18,",25.8,"2,,E,15,",25.9,",G,05,",339.9,G,236.1,",G",194.7,"2,,,E",1.072,",E",1.501,",,,G",0.643,",,,E"
AG000060390,1961-01-01,36.7167,3.25,24.0,"ALGER DAR EL BEIDA, AG",0.0,E,0.0,",E",21.0,"1,E",15.0,"1,E",2.0,"1,E",0.0,",G",0.0,",E",0.0,",G",0.0,",G",0.0,",G",19610106.0,",,E",19610113.0,",1,E",19610108.0,",,G",2.4,",E,06,",48.6,"1,,E,13,",18.9,",G,08,",587.5,G,247.6,",G",167.3,"1,,,E",1.035,",E",1.47,",,,G",0.599,",,,E"
AG000060390,1961-02-01,36.7167,3.25,24.0,"ALGER DAR EL BEIDA, AG",0.0,E,0.0,",E",1.0,",E",0.0,",E",0.0,",E",0.0,",G",0.0,",E",0.0,",G",6.0,",G",0.0,",G",19610211.0,",,E",19610218.0,",,E",19610225.0,",,G",1.4,",E,11,",0.3,",,E,18,",24.0,",G,25,",750.6,G,163.1,",G",0.3,",,,E",1.251,",E",1.9140000000000001,",,,G",0.588,",,,E"
AG000060390,1961-03-01,36.7167,3.25,24.0,"ALGER DAR EL BEIDA, AG",0.0,E,0.0,",E",4.0,",E",1.0,",E",0.0,",E",0.0,",G",0.0,",E",0.0,",G",7.0,",G",0.0,",G",19610308.0,",,E",19610325.0,",,E",19610319.0,",,G",0.9,",E,08,",5.4,",,E,25,",26.3,",G,19,",940.6,G,190.0,",G",8.0,",,,E",1.22,",E",1.9149999999999998,",,,G",0.525,",,,E"
AG000060390,1961-04-01,36.7167,3.25,24.0,"ALGER DAR EL BEIDA, AG",12.0,E,12.0,",E",2.0,"3,E",2.0,"3,E",0.0,"3,E",0.0,",G",0.0,",E",0.0,",G",27.0,",G",0.0,",G",19610401.0,",,E",19610411.0,",3,E",19610406.0,",,G",3.8,",E,01,",10.2,"3,,E,11,",28.9,",G,06,",982.4,G,41.8,",G",14.5,"3,,,E",1.734,",E",2.396,",,,G",1.072,",,,E"
AG000060390,1961-05-01,36.7167,3.25,24.0,"ALGER DAR EL BEIDA, AG",66.1,E,54.1,",E",2.0,"1,E",0.0,"1,E",0.0,"1,E",0.0,",G",0.0,",E",0.0,",G",29.0,",G",3.0,",G",19610512.0,",,E",19610526.0,",1,E",19610516.0,"+,,G",4.5,",E,12,",0.4,"1,,E,26,",36.6,",G,16,+",1001.0,G,18.6,",G",0.7,"1,,,E",1.948,",E",2.681,",,,G",1.215,",,,E"
AG000060390,1961-06-01,36.7167,3.25,24.0,"ALGER DAR EL BEIDA, AG",194.7,E,128.6,",E",9.0,"2,E",3.0,"2,E",0.0,"2,E",0.0,",G",0.0,",E",0.0,",G",30.0,",G",6.0,",G",19610608.0,"+,,E",19610611.0,",2,E",19610626.0,",,G",10.2,",E,08,+",7.2,"2,,E,11,",39.4,",G,26,",1002.8,G,1.8,",G",22.5,"2,,,E",2.256,",E",2.819,",,,G",1.693,",,,E"
AG000060390,1961-07-01,36.7167,3.25,24.0,"ALGER DAR EL BEIDA, AG",394.3,E,199.6,",E",3.0,",E",0.0,",E",0.0,",E",0.0,",G",0.0,",E",0.0,",G",31.0,",G",11.0,",G",19610714.0,",,E",19610703.0,",,E",19610725.0,",,G",11.9,",E,14,",2.3,",,E,03,",41.4,",G,25,",0.0,G,0.0,",G",4.4,",,,E",2.477,",E",3.1550000000000002,",,,G",1.799,",,,E"
AG000060390,1961-08-01,36.7167,3.25,24.0,"ALGER DAR EL BEIDA, AG",555.0,E,160.7,",E",0.0,"1,E",0.0,"1,E",0.0,"1,E",0.0,",G",0.0,",E",0.0,",G",31.0,",G",3.0,",G",19610826.0,",,E",19610831.0,"+,1,E",19610810.0,",,G",12.6,",E,26,",0.0,"1,,E,31,+",36.0,",G,10,",0.0,G,0.0,",G",0.0,"1,,,E",2.352,",E",2.933,",,,G",1.7710000000000001,",,,E"
AG000060390,1961-09-01,36.7167,3.25,24.0,"ALGER DAR EL BEIDA, AG",734.6,E,179.6,",E",1.0,"2,E",1.0,"2,E",0.0,"2,E",0.0,",G",0.0,",E",0.0,",G",30.0,",G",8.0,",G",19610922.0,",,E",19610919.0,",2,E",19610929.0,",,G",12.6,",E,22,",2.5,"2,,E,19,",36.2,",G,29,",0.0,G,0.0,",G",2.6,"2,,,E",2.432,",E",3.06,",,,G",1.8039999999999998,",,,E"
AG000060390,1961-10-01,36.7167,3.25,24.0,"ALGER DAR EL BEIDA, AG",764.7,E,30.1,",E",8.0,"2,E",7.0,"2,E",2.0,"2,E",0.0,",G",0.0,",E",0.0,",G",29.0,",G",1.0,",G",19611020.0,",,E",19611001.0,",2,E",19611005.0,",,G",7.7,",E,20,",68.5,"2,,E,01,",33.1,",G,05,",17.4,G,17.4,",G",135.9,"2,,,E",1.8739999999999999,",E",2.473,",,,G",1.275,",,,E"
AG000060390,1961-11-01,36.7167,3.25,24.0,"ALGER DAR EL BEIDA, AG",775.7,E,11.0,",E",10.0,"4,E",6.0,"4,E",0.0,"4,E",0.0,",G",0.0,",E",0.0,",G",13.0,",G",0.0,",G",19611116.0,",,E",19611104.0,",4,E",19611126.0,",,G",4.5,",E,16,",25.3,"4,,E,04,",27.1,",G,26,",97.0,G,79.6,",G",64.0,"4,,,E",1.605,",E",2.105,",,,G",1.1039999999999999,",,,E"
AG000060390,1961-12-01,36.7167,3.25,24.0,"ALGER DAR EL BEIDA, AG",775.7,E,0.0,",E",8.0,",E",5.0,",E",0.0,",E",0.0,",G",1.0,",E",0.0,",G",6.0,",G",0.0,",G",19611222.0,",,E",19611227.0,",,E",19611226.0,",,G",-0.9,",E,22,",20.9,",,E,27,",24.0,",G,26,",277.4,G,180.4,",G",57.4,",,,E",1.251,",E",1.8780000000000001,",,,G",0.625,",,,E"
AG000060390,1962-01-01,36.7167,3.25,24.0,"ALGER DAR EL BEIDA, AG",2.6,E,2.6,",E",11.0,",E",6.0,",E",1.0,",E",0.0,",G",0.0,",E",0.0,",G",4.0,",G",0.0,",G",19620125.0,",,E",19620120.0,",,E",19620102.0,",,G",1.0,",E,25,",60.5,",,E,20,",23.2,",G,02,",474.5,G,197.1,",G",107.0,",,,E",1.206,",E",1.735,",,,G",0.6769999999999999,",,,E"
AG000060390,1962-02-01,36.7167,3.25,24.0,"ALGER DAR EL BEIDA, AG",2.6,E,0.0,",E",11.0,"3,E",8.0,"3,E",0.0,"3,E",0.0,",G",0.0,",E",0.0,",G",1.0,",G",0.0,",G",19620217.0,",,E",19620212.0,",3,E",19620227.0,",,G",0.9,",E,17,",21.2,"3,,E,12,",25.6,",G,27,",697.3,G,222.8,",G",112.5,"3,,,E",1.038,",E",1.576,",,,G",0.499,",,,E"
AG000060390,1962-03-01,36.7167,3.25,24.0,"ALGER DAR EL BEIDA, AG",3.5,E,0.9,",E",16.0,"3,E",9.0,"3,E",1.0,"3,E",0.0,",G",0.0,",E",0.0,",G",7.0,",G",0.0,",G",19620315.0,",,E",19620305.0,",3,E",19620331.0,",,G",2.0,",E,15,",36.2,"3,,E,05,",27.3,",G,31,",851.5,G,154.2,",G",114.5,"3,,,E",1.339,",E",1.8489999999999998,",,,G",0.829,",,,E"
AG000060390,1962-04-01,36.7167,3.25,24.0,"ALGER DAR EL BEIDA, AG",8.4,E,4.9,",E",10.0,"2,E",6.0,"2,E",2.0,"2,E",0.0,",G",0.0,",E",0.0,",G",11.0,",G",1.0,",G",19620407.0,",,E",19620421.0,",2,E",19620416.0,",,G",4.7,",E,07,",53.1,"2,,E,21,",32.8,",G,16,",952.4,G,100.9,",G",121.8,"2,,,E",1.5130000000000001,",E",2.0469999999999997,",,,G",0.9789999999999999,",,,E"
AG000060390,1962-05-01,36.7167,3.25,24.0,"ALGER DAR EL BEIDA, AG",40.2,E,31.8,",E",2.0,"2,E",1.0,"2,E",0.0,"2,E",0.0,",G",0.0,",E",0.0,",G",27.0,",G",1.0,",G",19620521.0,",,E",19620518.0,",2,E",19620509.0,",,G",8.8,",E,21,",8.1,"2,,E,18,",33.0,",G,09,",968.5,G,16.1,",G",9.3,"2,,,E",1.884,",E",2.464,",,,G",1.3039999999999998,",,,E"
AG000060390,1962-06-01,36.7167,3.25,24.0,"ALGER DAR EL BEIDA, AG",104.3,E,64.1,",E",5.0,"1,E",5.0,"1,E",2.0,"1,E",0.0,",G",0.0,",E",0.0,",G",29.0,",G",0.0,",G",19620610.0,",,E",19620607.0,",1,E",19620626.0,",,G",8.6,",E,10,",28.8,"1,,E,07,",29.9,",G,26,",978.6,G,10.1,",G",68.9,"1,,,E",2.013,",E",2.521,",,,G",1.506,",,,E"
AG000060390,1962-07-01,36.7167,3.25,24.0,"ALGER DAR EL BEIDA, AG",288.1,E,183.8,",E",1.0,"1,E",0.0,"1,E",0.0,"1,E",0.0,",G",0.0,",E",0.0,",G",31.0,",G",5.0,",G",19620703.0,",,E",19620707.0,",1,E",19620704.0,",,G",10.3,",E,03,",0.8,"1,,E,07,",37.0,",G,04,",0.0,G,0.0,",G",0.8,"1,,,E",2.426,",E",3.028,",,,G",1.825,",,,E"
AG000060390,1962-08-01,36.7167,3.25,24.0,"ALGER DAR EL BEIDA, AG",475.2,E,187.1,",E",0.0,",E",0.0,",E",0.0,",E",0.0,",G",0.0,",E",0.0,",G",31.0,",G",10.0,",G",19620825.0,",,E",19620831.0,"+,,E",19620816.0,",,G",11.9,",E,25,",0.0,",,E,31,+",39.5,",G,16,",0.0,G,0.0,",G",0.0,",,,E",2.4370000000000003,",E",3.116,",,,G",1.7579999999999998,",,,E"
AG000060390,1962-09-01,36.7167,3.25,24.0,"ALGER DAR EL BEIDA, AG",650.7,E,175.5,",E",2.0,",E",1.0,",E",0.0,",E",0.0,",G",0.0,",E",0.0,",G",30.0,",G",9.0,",G",19620924.0,",,E",19620917.0,",,E",19620911.0,",,G",9.9,",E,24,",3.0,",,E,17,",37.8,",G,11,",0.0,G,0.0,",G",5.2,",,,E",2.418,",E",3.117,",,,G",1.72,",,,E"
AG000060390,1962-10-01,36.7167,3.25,24.0,"ALGER DAR EL BEIDA, AG",712.2,E,61.5,",E",7.0,"1,E",5.0,"1,E",1.0,"1,E",0.0,",G",0.0,",E",0.0,",G",28.0,",G",0.0,",G",19621026.0,",,E",19621019.0,",1,E",19621014.0,",,G",9.2,",E,26,",45.2,"1,,E,19,",31.9,",G,14,",13.6,G,13.6,",G",87.6,"1,,,E",1.988,",E",2.5940000000000003,",,,G",1.381,",,,E"
AG000060390,1962-11-01,36.7167,3.25,24.0,"ALGER DAR EL BEIDA, AG",714.2,E,2.0,",E",19.0,"2,E",14.0,"2,E",1.0,"2,E",0.0,",G",0.0,",E",0.0,",G",2.0,",G",0.0,",G",19621121.0,",,E",19621104.0,",2,E",19621103.0,",,G",2.3,",E,21,",29.2,"2,,E,04,",27.4,",G,03,",168.8,G,155.2,",G",141.6,"2,,,E",1.323,",E",1.8190000000000002,",,,G",0.826,",,,E"
AG000060390,1962-12-01,36.7167,3.25,24.0,"ALGER DAR EL BEIDA, AG",714.2,E,0.0,"2,E",14.0,"2,E",8.0,"2,E",1.0,"2,E",0.0,"1,G",0.0,"1,E",0.0,"1,G",2.0,"1,G",0.0,"1,G",19621207.0,",1,E",19621214.0,",2,E",19621229.0,",1,G",0.5,"1,E,07,",25.5,"2,,E,14,",22.8,"1,G,29,",386.1,G,217.3,"1,G",73.0,"2,,,E",1.073,"2,E",1.583,"1,,,G",0.564,"1,,,E"
AG000060390,1963-01-01,36.7167,3.25,24.0,"ALGER DAR EL BEIDA, AG",1.0,E,1.0,",E",14.0,"2,E",10.0,"2,E",1.0,"2,E",0.0,",G",2.0,",E",0.0,",G",3.0,",G",0.0,",G",19630127.0,"+,,E",19630121.0,",2,E",19630102.0,",,G",-1.5,",E,27,+",32.8,"2,,E,21,",24.5,",G,02,",605.3,G,219.2,",G",108.4,"2,,,E",1.1300000000000001,",E",1.576,",,,G",0.683,",,,E"
AG000060390,1963-02-01,36.7167,3.25,24.0,"ALGER DAR EL BEIDA, AG",1.0,E,0.0,",E",17.0,"2,E",7.0,"2,E",0.0,"2,E",0.0,",G",2.0,",E",0.0,",G",1.0,",G",0.0,",G",19630224.0,",,E",19630212.0,",2,E",19630207.0,",,G",-0.6,",E,24,",13.9,"2,,E,12,",22.9,",G,07,",808.0,G,202.7,",G",73.9,"2,,,E",1.109,",E",1.553,",,,G",0.666,",,,E"
AG000060390,1963-03-01,36.7167,3.25,24.0,"ALGER DAR EL BEIDA, AG",1.0,E,0.0,",E",6.0,"1,E",2.0,"1,E",0.0,"1,E",0.0,",G",0.0,",E",0.0,",G",14.0,",G",0.0,",G",19630305.0,",,E",19630321.0,",1,E",19630311.0,",,G",0.1,",E,05,",4.4,"1,,E,21,",25.5,",G,11,",984.2,G,176.2,",G",14.5,"1,,,E",1.2650000000000001,",E",1.937,",,,G",0.593,",,,E"
AG000060390,1963-04-01,36.7167,3.25,24.0,"ALGER DAR EL BEIDA, AG",4.4,E,3.4,",E",12.0,",E",5.0,",E",0.0,",E",0.0,",G",0.0,",E",0.0,",G",15.0,",G",1.0,",G",19630402.0,",,E",19630404.0,",,E",19630409.0,",,G",0.9,",E,02,",7.9,",,E,04,",33.1,",G,09,",1088.7,G,104.5,",G",34.3,",,,E",1.496,",E",2.0989999999999998,",,,G",0.893,",,,E"
AG000060390,1963-05-01,36.7167,3.25,24.0,"ALGER DAR EL BEIDA, AG",8.4,E,4.0,",E",7.0,"5,E",3.0,"5,E",0.0,"5,E",0.0,",G",0.0,",E",0.0,",G",20.0,",G",0.0,",G",19630513.0,",,E",19630527.0,",5,E",19630531.0,",,G",5.6,",E,13,",6.5,"5,,E,27,",26.0,",G,31,",1155.2,G,66.5,",G",15.2,"5,,,E",1.6320000000000001,",E",2.161,",,,G",1.1019999999999999,",,,E"
AG000060390,1963-06-01,36.7167,3.25,24.0,"ALGER DAR EL BEIDA, AG",96.3,E,87.9,",E",8.0,"1,E",3.0,"1,E",0.0,"1,E",0.0,",G",0.0,",E",0.0,",G",30.0,",G",0.0,",G",19630606.0,",,E",19630601.0,",1,E",19630619.0,",,G",9.7,",E,06,",15.2,"1,,E,01,",32.0,",G,19,",1159.7,G,4.5,",G",31.6,"1,,,E",2.1109999999999998,",E",2.6710000000000003,",,,G",1.551,",,,E"
AG000060390,1963-07-01,36.7167,3.25,24.0,"ALGER DAR EL BEIDA, AG",302.5,E,206.2,",E",2.0,"4,E",1.0,"4,E",0.0,"4,E",0.0,",G",0.0,",E",0.0,",G",31.0,",G",9.0,",G",19630717.0,",,E",19630729.0,",4,E",19630707.0,",,G",15.4,",E,17,",7.1,"4,,E,29,",34.5,",G,07,",0.0,G,0.0,",G",7.6,"4,,,E",2.4989999999999997,",E",3.057,",,,G",1.94,",,,E"
AG000060390,1963-08-01,36.7167,3.25,24.0,"ALGER DAR EL BEIDA, AG",517.3,E,214.8,",E",4.0,"4,E",2.0,"4,E",0.0,"4,E",0.0,",G",0.0,",E",0.0,",G",31.0,",G",6.0,",G",19630819.0,",,E",19630829.0,",4,E",19630813.0,",,G",13.6,",E,19,",20.6,"4,,E,29,",36.8,",G,13,",0.0,G,0.0,",G",26.4,"4,,,E",2.5260000000000002,",E",3.09,",,,G",1.9620000000000002,",,,E"
AG000060390,1963-09-01,36.7167,3.25,24.0,"ALGER DAR EL BEIDA, AG",639.4,E,122.1,",E",5.0,"4,E",3.0,"4,E",0.0,"4,E",0.0,",G",0.0,",E",0.0,",G",30.0,",G",4.0,",G",19630930.0,",,E",19630912.0,",4,E",19630922.0,",,G",9.8,",E,30,",8.3,"4,,E,12,",38.9,",G,22,",0.6,G,0.6,",G",17.5,"4,,,E",2.238,",E",2.866,",,,G",1.611,",,,E"
AG000060390,1963-10-01,36.7167,3.25,24.0,"ALGER DAR EL BEIDA, AG",644.3,E,4.9,",E",5.0,"2,E",3.0,"2,E",0.0,"2,E",0.0,",G",0.0,",E",0.0,",G",31.0,",G",0.0,",G",19631025.0,",,E",19631002.0,",2,E",19631002.0,",,G",6.8,",E,25,",23.7,"2,,E,02,",29.2,",G,02,",33.0,G,32.4,",G",38.6,"2,,,E",1.7440000000000002,",E",2.441,",,,G",1.048,",,,E"
AG000060390,1963-11-01,36.7167,3.25,24.0,"ALGER DAR EL BEIDA, AG",663.4,E,19.1,",E",5.0,"1,E",3.0,"1,E",0.0,"1,E",0.0,",G",0.0,",E",0.0,",G",22.0,",G",1.0,",G",19631123.0,",,E",19631126.0,",1,E",19631115.0,",,G",3.4,",E,23,",10.5,"1,,E,26,",34.4,",G,15,",97.6,G,64.6,",G",27.3,"1,,,E",1.682,",E",2.397,",,,G",0.966,",,,E"
AG000060390,1963-12-01,36.7167,3.25,24.0,"ALGER DAR EL BEIDA, AG",664.0,E,0.6,",E",17.0,"3,E",12.0,"3,E",3.0,"3,E",0.0,",G",0.0,",E",0.0,",G",5.0,",G",0.0,",G",19631201.0,",,E",19631223.0,",3,E",19631206.0,",,G",2.0,",E,01,",79.1,"3,,E,23,",23.8,",G,06,",253.4,G,155.8,",G",253.2,"3,,,E",1.333,",E",1.752,",,,G",0.913,",,,E"
AG000060390,1964-01-01,36.7167,3.25,24.0,"ALGER DAR EL BEIDA, AG",0.0,E,0.0,",E",7.0,"3,E",4.0,"3,E",0.0,"3,E",0.0,",G",3.0,",E",0.0,",G",2.0,",G",0.0,",G",19640110.0,",,E",19640129.0,",3,E",19640114.0,",,G",-0.2,",E,10,",20.0,"3,,E,29,",21.7,",G,14,",504.9,G,251.5,",G",37.6,"3,,,E",1.022,",E",1.595,",,,G",0.45,",,,E"
AG000060390,1964-02-01,36.7167,3.25,24.0,"ALGER DAR EL BEIDA, AG",0.0,E,0.0,",E",9.0,"2,E",6.0,"2,E",1.0,"2,E",0.0,",G",0.0,",E",0.0,",G",9.0,",G",0.0,",G",19640213.0,",,E",19640208.0,",2,E",19640218.0,",,G",0.9,",E,13,",70.1,"2,,E,08,",24.2,",G,18,",673.7,G,168.8,",G",101.9,"2,,,E",1.251,",E",1.8370000000000002,",,,G",0.665,",,,E"
AG000060390,1964-03-01,36.7167,3.25,24.0,"ALGER DAR EL BEIDA, AG",0.8,E,0.8,",E",9.0,",E",7.0,",E",1.0,",E",0.0,",G",0.0,",E",0.0,",G",8.0,",G",0.0,",G",19640317.0,",,E",19640326.0,",,E",19640311.0,",,G",1.3,",E,17,",25.8,",,E,26,",28.1,",G,11,",805.7,G,132.0,",G",77.0,",,,E",1.41,",E",1.9620000000000002,",,,G",0.858,",,,E"
AG000060390,1964-04-01,36.7167,3.25,24.0,"ALGER DAR EL BEIDA, AG",3.3,E,2.5,",E",7.0,"2,E",3.0,"2,E",1.0,"2,E",0.0,",G",0.0,",E",0.0,",G",14.0,",G",0.0,",G",19640407.0,",,E",19640410.0,",2,E",19640417.0,"+,,G",4.2,",E,07,",45.0,"2,,E,10,",25.1,",G,17,+",927.7,G,122.0,",G",66.5,"2,,,E",1.435,",E",2.027,",,,G",0.842,",,,E"
AG000060390,1964-05-01,36.7167,3.25,24.0,"ALGER DAR EL BEIDA, AG",36.5,E,33.2,",E",1.0,"1,E",0.0,"1,E",0.0,"1,E",0.0,",G",0.0,",E",0.0,",G",31.0,",G",0.0,",G",19640511.0,",,E",19640526.0,",1,E",19640524.0,"+,,G",7.7,",E,11,",0.6,"1,,E,26,",29.3,",G,24,+",936.9,G,9.2,",G",0.7,"1,,,E",1.911,",E",2.588,",,,G",1.233,",,,E"
AG000060390,1964-06-01,36.7167,3.25,24.0,"ALGER DAR EL BEIDA, AG",134.5,E,98.0,",E",6.0,"4,E",3.0,"4,E",0.0,"4,E",0.0,",G",0.0,",E",0.0,",G",30.0,",G",1.0,",G",19640603.0,",,E",19640625.0,",4,E",19640620.0,",,G",10.6,",E,03,",5.4,"4,,E,25,",32.4,",G,20,",936.9,G,0.0,",G",13.4,"4,,,E",2.16,",E",2.782,",,,G",1.538,",,,E"
AG000060390,1964-07-01,36.7167,3.25,24.0,"ALGER DAR EL BEIDA, AG",313.2,E,178.7,",E",1.0,"1,E",0.0,"1,E",0.0,"1,E",0.0,",G",0.0,",E",0.0,",G",31.0,",G",5.0,",G",19640712.0,",,E",19640706.0,",1,E",19640727.0,",,G",13.1,",E,12,",0.5,"1,,E,06,",35.7,",G,27,",0.0,G,0.0,",G",0.5,"1,,,E",2.41,",E",3.037,",,,G",1.782,",,,E"
AG000060390,1964-08-01,36.7167,3.25,24.0,"ALGER DAR EL BEIDA, AG",499.3,E,186.1,",E",2.0,"1,E",1.0,"1,E",0.0,"1,E",0.0,",G",0.0,",E",0.0,",G",31.0,",G",5.0,",G",19640825.0,",,E",19640823.0,",1,E",19640821.0,",,G",14.4,",E,25,",3.1,"1,,E,23,",35.2,",G,21,",0.0,G,0.0,",G",3.7,"1,,,E",2.434,",E",3.055,",,,G",1.813,",,,E"
AG000060390,1964-09-01,36.7167,3.25,24.0,"ALGER DAR EL BEIDA, AG",673.1,E,173.8,",E",1.0,"2,E",0.0,"2,E",0.0,"2,E",0.0,",G",0.0,",E",0.0,",G",30.0,",G",11.0,",G",19640910.0,",,E",19640904.0,",2,E",19640916.0,",,G",11.9,",E,10,",0.5,"2,,E,04,",38.6,",G,16,",0.0,G,0.0,",G",0.5,"2,,,E",2.413,",E",3.148,",,,G",1.677,",,,E"
AG000060390,1964-10-01,36.7167,3.25,24.0,"ALGER DAR EL BEIDA, AG",717.9,E,44.8,",E",8.0,"4,E",8.0,"4,E",2.0,"4,E",0.0,",G",0.0,",E",0.0,",G",24.0,",G",0.0,",G",19641027.0,",,E",19641024.0,",4,E",19641001.0,",,G",5.1,",E,27,",43.1,"4,,E,24,",30.0,",G,01,",47.9,G,47.9,",G",133.9,"4,,,E",1.823,",E",2.4059999999999997,",,,G",1.241,",,,E"
AG000060390,1964-11-01,36.7167,3.25,24.0,"ALGER DAR EL BEIDA, AG",719.7,E,1.8,",E",10.0,",E",6.0,",E",1.0,",E",0.0,",G",0.0,",E",0.0,",G",7.0,",G",0.0,",G",19641121.0,",,E",19641108.0,",,E",19641119.0,",,G",2.7,",E,21,",108.0,",,E,08,",24.3,",G,19,",192.8,G,144.9,",G",168.8,",,,E",1.357,",E",1.956,",,,G",0.757,",,,E"
AG000060390,1964-12-01,36.7167,3.25,24.0,"ALGER DAR EL BEIDA, AG",719.7,E,0.0,",E",15.0,"3,E",10.0,"3,E",0.0,"3,E",0.0,",G",0.0,",E",0.0,",G",0.0,",G",0.0,",G",19641231.0,",,E",19641229.0,",3,E",19641209.0,",,G",0.4,",E,31,",14.8,"3,,E,29,",20.8,",G,09,",415.7,G,222.9,",G",68.6,"3,,,E",1.114,",E",1.596,",,,G",0.633,",,,E"
AG000060390,1965-01-01,36.7167,3.25,24.0,"ALGER DAR EL BEIDA, AG",2.7,E,2.7,",E",12.0,"3,E",11.0,"3,E",1.0,"3,E",0.0,",G",2.0,",E",0.0,",G",3.0,",G",0.0,",G",19650101.0,",,E",19650105.0,",3,E",19650130.0,",,G",-0.3,",E,01,",59.3,"3,,E,05,",24.9,",G,30,",656.4,G,240.7,",G",138.4,"3,,,E",1.065,",E",1.556,",,,G",0.575,",,,E"
AG000060390,1965-02-01,36.7167,3.25,24.0,"ALGER DAR EL BEIDA, AG",2.7,E,0.0,",E",,,,,,,0.0,",G",2.0,",E",0.0,",G",1.0,",G",0.0,",G",19650221.0,",,E",,,19650201.0,",,G",-1.0,",E,21,",,,23.0,",G,01,",903.7,G,247.3,",G",,,0.95,",E",1.455,",,,G",0.445,",,,E"
AG000060390,1965-03-01,36.7167,3.25,24.0,"ALGER DAR EL BEIDA, AG",3.1,E,0.4,",E",12.0,"4,E",6.0,"4,E",0.0,"4,E",0.0,",G",0.0,",E",0.0,",G",9.0,",G",0.0,",G",19650310.0,",,E",19650311.0,",4,E",19650323.0,",,G",0.7,",E,10,",6.6,"4,,E,11,",26.6,",G,23,",1059.5,G,155.8,",G",30.2,"4,,,E",1.332,",E",1.918,",,,G",0.746,",,,E"
AG000060390,1965-04-01,36.7167,3.25,24.0,"ALGER DAR EL BEIDA, AG",3.1,E,0.0,",E",6.0,"3,E",5.0,"3,E",1.0,"3,E",0.0,",G",0.0,",E",0.0,",G",7.0,",G",0.0,",G",19650422.0,",,E",19650405.0,",3,E",19650418.0,",,G",1.3,",E,22,",25.6,"3,,E,05,",24.5,",G,18,",1203.6,G,144.1,",G",44.9,"3,,,E",1.353,",E",1.964,",,,G",0.742,",,,E"
AG000060390,1965-05-01,36.7167,3.25,24.0,"ALGER DAR EL BEIDA, AG",20.0,E,16.9,",E",2.0,"2,E",1.0,"2,E",0.0,"2,E",0.0,",G",0.0,",E",0.0,",G",31.0,",G",1.0,",G",19650507.0,",,E",19650502.0,",2,E",19650517.0,",,G",5.5,",E,07,",6.0,"2,,E,02,",34.1,",G,17,",1237.4,G,33.8,",G",7.2,"2,,,E",1.779,",E",2.544,",,,G",1.014,",,,E"
AG000060390,1965-06-01,36.7167,3.25,24.0,"ALGER DAR EL BEIDA, AG",121.9,E,101.9,",E",3.0,",E",2.0,",E",0.0,",E",0.0,",G",0.0,",E",0.0,",G",30.0,",G",6.0,",G",19650612.0,",,E",19650602.0,",,E",19650630.0,",,G",6.9,",E,12,",7.8,",,E,02,",34.9,",G,30,",1241.7,G,4.3,",G",14.0,",,,E",2.159,",E",2.887,",,,G",1.431,",,,E"
AG000060390,1965-07-01,36.7167,3.25,24.0,"ALGER DAR EL BEIDA, AG",342.3,E,220.4,",E",1.0,"1,E",0.0,"1,E",0.0,"1,E",0.0,",G",0.0,",E",0.0,",G",31.0,",G",11.0,",G",19650713.0,",,E",19650713.0,",1,E",19650725.0,",,G",15.3,",E,13,",1.0,"1,,E,13,",37.3,",G,25,",0.0,G,0.0,",G",1.0,"1,,,E",2.544,",E",3.117,",,,G",1.972,",,,E"
AG000060390,1965-08-01,36.7167,3.25,24.0,"ALGER DAR EL BEIDA, AG",521.2,E,178.9,",E",1.0,",E",0.0,",E",0.0,",E",0.0,",G",0.0,",E",0.0,",G",31.0,",G",7.0,",G",19650825.0,",,E",19650824.0,",,E",19650806.0,",,G",12.3,",E,25,",0.3,",,E,24,",37.1,",G,06,",0.0,G,0.0,",G",0.3,",,,E",2.41,",E",3.105,",,,G",1.716,",,,E"
AG000060390,1965-09-01,36.7167,3.25,24.0,"ALGER DAR EL BEIDA, AG",597.1,E,75.9,"2,E",8.0,",E",5.0,",E",0.0,",E",0.0,"1,G",0.0,"1,E",0.0,"1,G",29.0,"1,G",1.0,"1,G",19650913.0,",1,E",19650925.0,",,E",19650925.0,",1,G",8.2,"1,E,13,",7.4,",,E,25,",32.5,"1,G,25,",0.6,G,0.6,"1,G",31.2,",,,E",2.105,"2,E",2.738,"1,,,G",1.471,"1,,,E"
AG000060390,1965-10-01,36.7167,3.25,24.0,"ALGER DAR EL BEIDA, AG",693.2,E,96.1,",E",9.0,"4,E",5.0,"4,E",1.0,"4,E",0.0,",G",0.0,",E",0.0,",G",31.0,",G",1.0,",G",19651024.0,",,E",19651016.0,",4,E",19651004.0,",,G",9.8,",E,24,",28.0,"4,,E,16,",34.2,",G,04,",3.4,G,2.8,",G",52.3,"4,,,E",2.134,",E",2.649,",,,G",1.6199999999999999,",,,E"
AG000060390,1965-11-01,36.7167,3.25,24.0,"ALGER DAR EL BEIDA, AG",705.4,E,12.2,",E",8.0,"4,E",6.0,"4,E",1.0,"4,E",0.0,",G",1.0,",E",0.0,",G",13.0,",G",0.0,",G",19651125.0,",,E",19651108.0,",4,E",19651105.0,",,G",-0.1,",E,25,",28.9,"4,,E,08,",31.3,",G,05,",91.1,G,87.7,",G",74.1,"4,,,E",1.582,",E",2.118,",,,G",1.045,",,,E"
AG000060390,1965-12-01,36.7167,3.25,24.0,"ALGER DAR EL BEIDA, AG",705.4,E,0.0,",E",10.0,"1,E",7.0,"1,E",0.0,"1,E",0.0,",G",0.0,",E",0.0,",G",3.0,",G",0.0,",G",19651223.0,",,E",19651216.0,",1,E",19651226.0,",,G",2.6,",E,23,",19.8,"1,,E,16,",22.7,",G,26,",258.0,G,166.9,",G",75.6,"1,,,E",1.295,",E",1.786,",,,G",0.8039999999999999,",,,E"
AG000060390,1966-01-01,36.7167,3.25,24.0,"ALGER DAR EL BEIDA, AG",0.0,E,0.0,",E",8.0,"2,E",5.0,"2,E",0.0,"2,E",0.0,",G",0.0,",E",0.0,",G",4.0,",G",0.0,",G",19660128.0,",,E",19660117.0,",2,E",19660125.0,",,G",2.5,",E,28,",10.3,"2,,E,17,",25.6,",G,25,",428.0,G,170.0,",G",41.2,"2,,,E",1.285,",E",1.8539999999999999,",,,G",0.716,",,,E"
AG000060390,1966-02-01,36.7167,3.25,24.0,"ALGER DAR EL BEIDA, AG",1.6,E,1.6,",E",2.0,"4,E",0.0,"4,E",0.0,"4,E",0.0,",G",0.0,",E",0.0,",G",11.0,",G",0.0,",G",19660206.0,",,E",19660228.0,",4,E",19660227.0,"+,,G",1.1,",E,06,",1.9,"4,,E,28,",30.0,",G,27,+",525.6,G,97.6,",G",2.9,"4,,,E",1.49,",E",2.166,",,,G",0.8140000000000001,",,,E"
AG000060390,1966-03-01,36.7167,3.25,24.0,"ALGER DAR EL BEIDA, AG",1.6,E,0.0,",E",14.0,",E",9.0,",E",1.0,",E",0.0,",G",2.0,",E",0.0,",G",5.0,",G",0.0,",G",19660316.0,",,E",19660304.0,",,E",19660328.0,",,G",-0.5,",E,16,",25.6,",,E,04,",23.8,",G,28,",749.6,G,224.0,",G",109.5,",,,E",1.111,",E",1.7109999999999999,",,,G",0.51,",,,E"
AG000060390,1966-04-01,36.7167,3.25,24.0,"ALGER DAR EL BEIDA, AG",4.9,E,3.3,",E",9.0,"1,E",4.0,"1,E",0.0,"1,E",0.0,",G",0.0,",E",0.0,",G",17.0,",G",0.0,",G",19660424.0,",,E",19660402.0,",1,E",19660415.0,",,G",5.9,",E,24,",9.2,"1,,E,02,",28.9,",G,15,",827.1,G,77.5,",G",31.1,"1,,,E",1.5859999999999999,",E",2.158,",,,G",1.014,",,,E"
AG000060390,1966-05-01,36.7167,3.25,24.0,"ALGER DAR EL BEIDA, AG",26.5,E,21.6,",E",7.0,"4,E",5.0,"4,E",2.0,"4,E",0.0,",G",0.0,",E",0.0,",G",25.0,",G",0.0,",G",19660511.0,",,E",19660513.0,",4,E",19660506.0,",,G",5.4,",E,11,",31.5,"4,,E,13,",28.0,",G,06,",868.1,G,41.0,",G",104.2,"4,,,E",1.7710000000000001,",E",2.275,",,,G",1.266,",,,E"
AG000060390,1966-06-01,36.7167,3.25,24.0,"ALGER DAR EL BEIDA, AG",113.0,E,86.5,",E",,,,,,,0.0,",G",0.0,",E",0.0,",G",30.0,",G",0.0,",G",19660603.0,",,E",,,19660621.0,",,G",10.7,",E,03,",,,30.6,",G,21,",868.8,G,0.7,",G",,,2.119,",E",2.646,",,,G",1.593,",,,E"
AG000060390,1966-07-01,36.7167,3.25,24.0,"ALGER DAR EL BEIDA, AG",275.5,E,162.5,",E",0.0,"2,E",0.0,"2,E",0.0,"2,E",0.0,",G",0.0,",E",0.0,",G",31.0,",G",4.0,",G",19660702.0,",,E",19660731.0,"+,2,E",19660711.0,",,G",11.2,",E,02,",0.0,"2,,E,31,+",37.0,",G,11,",0.0,G,0.0,",G",0.0,"2,,,E",2.3579999999999997,",E",2.971,",,,G",1.7440000000000002,",,,E"
AG000060390,1966-08-01,36.7167,3.25,24.0,"ALGER DAR EL BEIDA, AG",472.8,E,197.3,",E",1.0,"3,E",0.0,"3,E",0.0,"3,E",0.0,",G",0.0,",E",0.0,",G",31.0,",G",5.0,",G",19660820.0,",,E",19660821.0,",3,E",19660811.0,",,G",14.8,",E,20,",0.8,"3,,E,21,",34.5,",G,11,",0.0,G,0.0,",G",0.8,"3,,,E",2.4699999999999998,",E",3.065,",,,G",1.875,",,,E"
AG000060390,1966-09-01,36.7167,3.25,24.0,"ALGER DAR EL BEIDA, AG",593.5,E,120.7,",E",5.0,",E",4.0,",E",1.0,",E",0.0,",G",0.0,",E",0.0,",G",30.0,",G",1.0,",G",19660919.0,",,E",19660928.0,",,E",19660911.0,",,G",11.9,",E,19,",27.4,",,E,28,",34.6,",G,11,",0.0,G,0.0,",G",63.9,",,,E",2.2359999999999998,",E",2.843,",,,G",1.629,",,,E"
AG000060390,1966-10-01,36.7167,3.25,24.0,"ALGER DAR EL BEIDA, AG",638.0,E,44.5,"2,E",11.0,"3,E",7.0,"3,E",1.0,"3,E",0.0,"1,G",0.0,"1,E",0.0,"1,G",24.0,"1,G",0.0,"1,G",19661031.0,",1,E",19661008.0,",3,E",19661004.0,",1,G",6.8,"1,E,31,",26.5,"3,,E,08,",31.8,"1,G,04,",24.5,G,24.5,"1,G",93.6,"3,,,E",1.9149999999999998,"2,E",2.477,"1,,,G",1.3539999999999999,"1,,,E"
AG000060390,1966-11-01,36.7167,3.25,24.0,"ALGER DAR EL BEIDA, AG",643.9,E,5.9,",E",11.0,"3,E",8.0,"3,E",0.0,"3,E",0.0,",G",0.0,",E",0.0,",G",4.0,",G",0.0,",G",19661121.0,",,E",19661111.0,",3,E",19661108.0,",,G",1.8,",E,21,",25.1,"3,,E,11,",27.1,",G,08,",198.3,G,173.8,",G",92.9,"3,,,E",1.274,",E",1.7550000000000001,",,,G",0.792,",,,E"
AG000060390,1966-12-01,36.7167,3.25,24.0,"ALGER DAR EL BEIDA, AG",643.9,E,0.0,",E",9.0,",E",5.0,",E",0.0,",E",0.0,",G",0.0,",E",0.0,",G",0.0,",G",0.0,",G",19661227.0,",,E",19661221.0,",,E",19661215.0,",,G",1.0,",E,27,",15.4,",,E,21,",20.2,",G,15,",439.8,G,241.5,",G",44.8,",,,E",1.0539999999999998,",E",1.652,",,,G",0.45599999999999996,",,,E"
AG000060390,1967-01-01,36.7167,3.25,24.0,"ALGER DAR EL BEIDA, AG",0.0,E,0.0,",E",9.0,"1,E",6.0,"1,E",0.0,"1,E",0.0,",G",0.0,",E",0.0,",G",4.0,",G",0.0,",G",19670116.0,",,E",19670122.0,",1,E",19670110.0,",,G",0.4,",E,16,",16.6,"1,,E,22,",22.6,",G,10,",678.4,G,238.6,",G",60.7,"1,,,E",1.064,",E",1.636,",,,G",0.492,",,,E"
AG000060390,1967-02-01,36.7167,3.25,24.0,"ALGER DAR EL BEIDA, AG",0.0,E,0.0,",E",9.0,"3,E",7.0,"3,E",1.0,"3,E",0.0,",G",0.0,",E",0.0,",G",2.0,",G",0.0,",G",19670209.0,",,E",19670206.0,",3,E",19670223.0,",,G",1.6,",E,09,",56.8,"3,,E,06,",23.4,",G,23,",854.2,G,175.8,",G",107.7,"3,,,E",1.206,",E",1.7489999999999999,",,,G",0.662,",,,E"
AG000060390,1967-03-01,36.7167,3.25,24.0,"ALGER DAR EL BEIDA, AG",0.2,E,0.2,",E",5.0,"3,E",4.0,"3,E",0.0,"3,E",0.0,",G",0.0,",E",0.0,",G",9.0,",G",0.0,",G",19670316.0,",,E",19670330.0,",3,E",19670304.0,",,G",0.1,",E,16,",5.5,"3,,E,30,",27.1,",G,04,",1019.0,G,164.8,",G",17.6,"3,,,E",1.302,",E",1.9620000000000002,",,,G",0.643,",,,E"
AG000060390,1967-04-01,36.7167,3.25,24.0,"ALGER DAR EL BEIDA, AG",0.2,E,0.0,",E",15.0,"1,E",9.0,"1,E",1.0,"1,E",0.0,",G",0.0,",E",0.0,",G",9.0,",G",0.0,",G",19670403.0,"+,,E",19670420.0,",1,E",19670406.0,",,G",1.9,",E,03,+",26.1,"1,,E,20,",24.7,",G,06,",1147.2,G,128.2,",G",112.2,"1,,,E",1.4060000000000001,",E",1.95,",,,G",0.8619999999999999,",,,E"
AG000060390,1967-05-01,36.7167,3.25,24.0,"ALGER DAR EL BEIDA, AG",28.2,E,28.0,",E",7.0,"4,E",5.0,"4,E",0.0,"4,E",0.0,",G",0.0,",E",0.0,",G",26.0,",G",1.0,",G",19670521.0,",,E",19670507.0,",4,E",19670527.0,",,G",8.2,",E,21,",11.3,"4,,E,07,",40.2,",G,27,",1166.5,G,19.3,",G",36.1,"4,,,E",1.861,",E",2.419,",,,G",1.3039999999999998,",,,E"
AG000060390,1967-06-01,36.7167,3.25,24.0,"ALGER DAR EL BEIDA, AG",86.1,E,57.9,",E",7.0,"1,E",3.0,"1,E",0.0,"1,E",0.0,",G",0.0,",E",0.0,",G",28.0,",G",2.0,",G",19670612.0,",,E",19670603.0,",1,E",19670626.0,",,G",9.5,",E,12,",7.4,"1,,E,03,",34.0,",G,26,",1173.7,G,7.2,",G",17.9,"1,,,E",2.002,",E",2.553,",,,G",1.452,",,,E"
AG000060390,1967-07-01,36.7167,3.25,24.0,"ALGER DAR EL BEIDA, AG",295.9,E,209.8,",E",0.0,"1,E",0.0,"1,E",0.0,"1,E",0.0,",G",0.0,",E",0.0,",G",31.0,",G",9.0,",G",19670702.0,",,E",19670731.0,"+,1,E",19670722.0,",,G",12.9,",E,02,",0.0,"1,,E,31,+",42.5,",G,22,",0.0,G,0.0,",G",0.0,"1,,,E",2.5100000000000002,",E",3.2,",,,G",1.8199999999999998,",,,E"
AG000060390,1967-08-01,36.7167,3.25,24.0,"ALGER DAR EL BEIDA, AG",544.6,E,248.7,",E",0.0,"3,E",0.0,"3,E",0.0,"3,E",0.0,",G",0.0,",E",0.0,",G",31.0,",G",11.0,",G",19670830.0,",,E",19670826.0,"+,3,E",19670816.0,",,G",16.9,",E,30,",0.2,"3,,E,26,+",43.9,",G,16,",0.0,G,0.0,",G",0.4,"3,,,E",2.636,",E",3.232,",,,G",2.04,",,,E"
AG000060390,1967-09-01,36.7167,3.25,24.0,"ALGER DAR EL BEIDA, AG",684.7,E,140.1,",E",2.0,"2,E",1.0,"2,E",0.0,"2,E",0.0,",G",0.0,",E",0.0,",G",30.0,",G",4.0,",G",19670919.0,",,E",19670908.0,",2,E",19670902.0,",,G",12.3,",E,19,",3.3,"2,,E,08,",34.6,",G,02,",0.0,G,0.0,",G",4.2,"2,,,E",2.3,",E",2.903,",,,G",1.6969999999999998,",,,E"
AG000060390,1967-10-01,36.7167,3.25,24.0,"ALGER DAR EL BEIDA, AG",787.3,E,102.6,",E",5.0,"3,E",3.0,"3,E",1.0,"3,E",0.0,",G",0.0,",E",0.0,",G",29.0,",G",4.0,",G",19671030.0,"+,,E",19671025.0,",3,E",19671012.0,",,G",12.0,",E,30,+",27.3,"3,,E,25,",33.3,",G,12,",3.4,G,3.4,",G",40.9,"3,,,E",2.153,",E",2.7649999999999997,",,,G",1.541,",,,E"
AG000060390,1967-11-01,36.7167,3.25,24.0,"ALGER DAR EL BEIDA, AG",806.9,E,19.6,",E",,,,,,,0.0,",G",0.0,",E",0.0,",G",17.0,",G",0.0,",G",19671126.0,",,E",,,19671117.0,",,G",7.0,",E,26,",,,27.8,",G,17,",67.4,G,64.0,",G",,,1.685,",E",2.196,",,,G",1.175,",,,E"
AG000060390,1967-12-01,36.7167,3.25,24.0,"ALGER DAR EL BEIDA, AG",806.9,E,0.0,",E",15.0,"4,E",10.0,"4,E",1.0,"4,E",0.0,",G",0.0,",E",0.0,",G",0.0,",G",0.0,",G",19671218.0,",,E",19671211.0,",4,E",19671224.0,",,G",0.8,",E,18,",83.0,"4,,E,11,",19.9,",G,24,",310.7,G,243.3,",G",183.7,"4,,,E",1.049,",E",1.553,",,,G",0.544,",,,E"
AG000060390,1968-01-01,36.7167,3.25,24.0,"ALGER DAR EL BEIDA, AG",0.0,E,0.0,",E",9.0,"3,E",2.0,"3,E",0.0,"3,E",0.0,",G",0.0,",E",0.0,",G",1.0,",G",0.0,",G",19680124.0,",,E",19680121.0,"+,3,E",19680115.0,",,G",1.2,",E,24,",6.1,"3,,E,21,+",22.0,",G,15,",544.5,G,233.8,",G",19.7,"3,,,E",1.079,",E",1.6440000000000001,",,,G",0.515,",,,E"
AG000060390,1968-02-01,36.7167,3.25,24.0,"ALGER DAR EL BEIDA, AG",0.7,E,0.7,",E",14.0,"3,E",7.0,"3,E",1.0,"3,E",0.0,",G",0.0,",E",0.0,",G",6.0,",G",0.0,",G",19680205.0,",,E",19680204.0,",3,E",19680213.0,",,G",1.9,",E,05,",28.0,"3,,E,04,",25.4,",G,13,",701.3,G,156.8,",G",92.2,"3,,,E",1.295,",E",1.791,",,,G",0.799,",,,E"
AG000060390,1968-03-01,36.7167,3.25,24.0,"ALGER DAR EL BEIDA, AG",4.9,E,4.2,",E",7.0,"3,E",5.0,"3,E",2.0,"3,E",0.0,",G",0.0,",E",0.0,",G",7.0,",G",0.0,",G",19680301.0,",,E",19680316.0,",3,E",19680325.0,",,G",2.2,",E,01,",39.6,"3,,E,16,",26.1,",G,25,",857.5,G,156.2,",G",91.3,"3,,,E",1.343,",E",1.877,",,,G",0.8089999999999999,",,,E"
AG000060390,1968-04-01,36.7167,3.25,24.0,"ALGER DAR EL BEIDA, AG",8.1,E,3.2,",E",8.0,"1,E",7.0,"1,E",0.0,"1,E",0.0,",G",0.0,",E",0.0,",G",13.0,",G",0.0,",G",19680408.0,",,E",19680411.0,",1,E",19680420.0,",,G",3.9,",E,08,",15.1,"1,,E,11,",30.0,",G,20,",935.1,G,77.6,",G",61.3,"1,,,E",1.5859999999999999,",E",2.084,",,,G",1.087,",,,E"
AG000060390,1968-05-01,36.7167,3.25,24.0,"ALGER DAR EL BEIDA, AG",24.0,E,15.9,",E",5.0,"3,E",3.0,"3,E",0.0,"3,E",0.0,",G",0.0,",E",0.0,",G",29.0,",G",0.0,",G",19680508.0,",,E",19680510.0,",3,E",19680503.0,",,G",5.9,",E,08,",22.2,"3,,E,10,",30.2,",G,03,",965.5,G,30.4,",G",32.0,"3,,,E",1.7870000000000001,",E",2.402,",,,G",1.1720000000000002,",,,E"
AG000060390,1968-06-01,36.7167,3.25,24.0,"ALGER DAR EL BEIDA, AG",99.7,E,75.7,",E",4.0,",E",1.0,",E",0.0,",E",0.0,",G",0.0,",E",0.0,",G",29.0,",G",0.0,",G",19680606.0,",,E",19680604.0,",,E",19680608.0,",,G",10.0,",E,06,",2.7,",,E,04,",31.8,",G,08,",967.4,G,1.9,",G",7.4,",,,E",2.0789999999999997,",E",2.659,",,,G",1.5,",,,E"
AG000060390,1968-07-01,36.7167,3.25,24.0,"ALGER DAR EL BEIDA, AG",310.8,E,211.1,",E",0.0,"2,E",0.0,"2,E",0.0,"2,E",0.0,",G",0.0,",E",0.0,",G",31.0,",G",8.0,",G",19680721.0,",,E",19680731.0,"+,2,E",19680709.0,",,G",14.0,",E,21,",0.0,"2,,E,31,+",44.2,",G,09,",0.0,G,0.0,",G",0.0,"2,,,E",2.5140000000000002,",E",3.128,",,,G",1.9010000000000002,",,,E"
AG000060390,1968-08-01,36.7167,3.25,24.0,"ALGER DAR EL BEIDA, AG",514.9,E,204.1,",E",1.0,"2,E",1.0,"2,E",0.0,"2,E",0.0,",G",0.0,",E",0.0,",G",31.0,",G",7.0,",G",19680826.0,",,E",19680816.0,",2,E",19680827.0,",,G",14.4,",E,26,",2.7,"2,,E,16,",39.4,",G,27,",0.0,G,0.0,",G",2.7,"2,,,E",2.492,",E",3.08,",,,G",1.903,",,,E"
AG000060390,1968-09-01,36.7167,3.25,24.0,"ALGER DAR EL BEIDA, AG",638.7,E,123.8,",E",1.0,"2,E",1.0,"2,E",0.0,"2,E",0.0,",G",0.0,",E",0.0,",G",30.0,",G",3.0,",G",19680917.0,",,E",19680917.0,",2,E",19680921.0,",,G",10.0,",E,17,",3.1,"2,,E,17,",33.8,",G,21,",0.2,G,0.2,",G",3.2,"2,,,E",2.246,",E",2.932,",,,G",1.559,",,,E"
AG000060390,1968-10-01,36.7167,3.25,24.0,"ALGER DAR EL BEIDA, AG",678.1,E,39.4,",E",0.0,",E",0.0,",E",0.0,",E",0.0,",G",0.0,",E",0.0,",G",31.0,",G",0.0,",G",19681024.0,",,E",19681031.0,"+,,E",19681031.0,",,G",6.6,",E,24,",0.0,",,E,31,+",31.3,",G,31,",10.1,G,9.9,",G",0.0,",,,E",1.9280000000000002,",E",2.652,",,,G",1.205,",,,E"
AG000060390,1968-11-01,36.7167,3.25,24.0,"ALGER DAR EL BEIDA, AG",684.9,E,6.8,"2,E",11.0,"3,E",7.0,"3,E",1.0,"3,E",0.0,"1,G",0.0,"1,E",0.0,"1,G",14.0,"1,G",0.0,"1,G",19681118.0,",1,E",19681103.0,",3,E",19681114.0,",1,G",3.1,"1,E,18,",27.0,"3,,E,03,",30.2,"1,G,14,",99.1,G,89.0,"1,G",80.1,"3,,,E",1.566,"2,E",2.178,"1,,,G",0.954,"1,,,E"
AG000060390,1968-12-01,36.7167,3.25,24.0,"ALGER DAR EL BEIDA, AG",684.9,E,0.0,",E",15.0,"1,E",12.0,"1,E",4.0,"1,E",0.0,",G",0.0,",E",0.0,",G",1.0,",G",0.0,",G",19681229.0,",,E",19681208.0,",1,E",19681223.0,",,G",4.0,",E,29,",33.1,"1,,E,08,",21.1,",G,23,",280.5,G,181.4,",G",192.7,"1,,,E",1.248,",E",1.668,",,,G",0.828,",,,E"
AG000060390,1969-01-01,36.7167,3.25,24.0,"ALGER DAR EL BEIDA, AG",0.0,E,0.0,",E",14.0,",E",5.0,",E",0.0,",E",0.0,",G",0.0,",E",0.0,",G",1.0,",G",0.0,",G",19690126.0,",,E",19690110.0,",,E",19690107.0,",,G",1.9,",E,26,",22.4,",,E,10,",21.1,",G,07,",469.7,G,189.2,",G",59.6,",,,E",1.223,",E",1.705,",,,G",0.742,",,,E"
AG000060390,1969-02-01,36.7167,3.25,24.0,"ALGER DAR EL BEIDA, AG",1.9,E,1.9,",E",14.0,"3,E",8.0,"3,E",1.0,"3,E",0.0,",G",2.0,",E",0.0,",G",3.0,",G",0.0,",G",19690212.0,",,E",19690227.0,",3,E",19690219.0,",,G",-0.9,",E,12,",25.6,"3,,E,27,",27.0,",G,19,",663.7,G,194.0,",G",97.0,"3,,,E",1.147,",E",1.645,",,,G",0.649,",,,E"
AG000060390,1969-03-01,36.7167,3.25,24.0,"ALGER DAR EL BEIDA, AG",3.6,E,1.7,",E",13.0,"1,E",12.0,"1,E",1.0,"1,E",0.0,",G",0.0,",E",0.0,",G",9.0,",G",0.0,",G",19690331.0,",,E",19690303.0,",1,E",19690321.0,",,G",1.5,",E,31,",43.4,"1,,E,03,",25.2,",G,21,",806.8,G,143.1,",G",119.6,"1,,,E",1.377,",E",1.89,",,,G",0.8640000000000001,",,,E"
AG000060390,1969-04-01,36.7167,3.25,24.0,"ALGER DAR EL BEIDA, AG",10.1,E,6.5,",E",10.0,",E",6.0,",E",1.0,",E",0.0,",G",0.0,",E",0.0,",G",9.0,",G",0.0,",G",19690401.0,",,E",19690428.0,",,E",19690425.0,",,G",4.5,",E,01,",29.1,",,E,28,",29.2,",G,25,",914.1,G,107.3,",G",88.5,",,,E",1.497,",E",2.0469999999999997,",,,G",0.9480000000000001,",,,E"
AG000060390,1969-05-01,36.7167,3.25,24.0,"ALGER DAR EL BEIDA, AG",39.0,E,28.9,",E",7.0,"1,E",5.0,"1,E",0.0,"1,E",0.0,",G",0.0,",E",0.0,",G",27.0,",G",1.0,",G",19690501.0,",,E",19690520.0,",1,E",19690513.0,",,G",8.4,",E,01,",10.8,"1,,E,20,",34.0,",G,13,",939.1,G,25.0,",G",27.9,"1,,,E",1.846,",E",2.391,",,,G",1.301,",,,E"
AG000060390,1969-06-01,36.7167,3.25,24.0,"ALGER DAR EL BEIDA, AG",94.1,E,55.1,",E",7.0,"3,E",2.0,"3,E",0.0,"3,E",0.0,",G",0.0,",E",0.0,",G",29.0,",G",0.0,",G",19690607.0,"+,,E",19690613.0,",3,E",19690630.0,",,G",8.7,",E,07,+",18.9,"3,,E,13,",32.1,",G,30,",945.9,G,6.8,",G",26.9,"3,,,E",1.9940000000000002,",E",2.584,",,,G",1.405,",,,E"
AG000060390,1969-07-01,36.7167,3.25,24.0,"ALGER DAR EL BEIDA, AG",234.0,E,139.9,",E",1.0,"1,E",0.0,"1,E",0.0,"1,E",0.0,",G",0.0,",E",0.0,",G",31.0,",G",4.0,",G",19690712.0,",,E",19690708.0,",1,E",19690722.0,",,G",11.8,",E,12,",0.3,"1,,E,08,",33.5,",G,22,",0.0,G,0.0,",G",0.3,"1,,,E",2.285,",E",2.873,",,,G",1.6960000000000002,",,,E"
AG000060390,1969-08-01,36.7167,3.25,24.0,"ALGER DAR EL BEIDA, AG",432.7,E,198.7,",E",2.0,"2,E",1.0,"2,E",0.0,"2,E",0.0,",G",0.0,",E",0.0,",G",31.0,",G",6.0,",G",19690826.0,",,E",19690824.0,",2,E",19690813.0,",,G",12.3,",E,26,",4.4,"2,,E,24,",40.2,",G,13,",0.0,G,0.0,",G",5.2,"2,,,E",2.4739999999999998,",E",3.025,",,,G",1.924,",,,E"
AG000060390,1969-09-01,36.7167,3.25,24.0,"ALGER DAR EL BEIDA, AG",535.5,E,102.8,",E",10.0,"2,E",5.0,"2,E",2.0,"2,E",0.0,",G",0.0,",E",0.0,",G",29.0,",G",1.0,",G",19690923.0,",,E",19690930.0,",2,E",19690901.0,",,G",12.1,",E,23,",45.2,"2,,E,30,",41.8,",G,01,",0.1,G,0.1,",G",129.8,"2,,,E",2.176,",E",2.68,",,,G",1.671,",,,E"
AG000060390,1969-10-01,36.7167,3.25,24.0,"ALGER DAR EL BEIDA, AG",559.7,E,24.2,",E",19.0,"1,E",12.0,"1,E",2.0,"1,E",0.0,",G",0.0,",E",0.0,",G",24.0,",G",0.0,",G",19691013.0,",,E",19691005.0,",1,E",19691019.0,",,G",11.7,",E,13,",33.2,"1,,E,05,",27.2,",G,19,",10.8,G,10.7,",G",149.2,"1,,,E",1.877,",E",2.2800000000000002,",,,G",1.474,",,,E"
AG000060390,1969-11-01,36.7167,3.25,24.0,"ALGER DAR EL BEIDA, AG",567.4,E,7.7,",E",12.0,"2,E",7.0,"2,E",1.0,"2,E",0.0,",G",0.0,",E",0.0,",G",18.0,",G",0.0,",G",19691128.0,",,E",19691126.0,",2,E",19691112.0,",,G",4.8,",E,28,",25.6,"2,,E,26,",31.0,",G,12,",87.6,G,76.8,",G",85.0,"2,,,E",1.6030000000000002,",E",2.114,",,,G",1.092,",,,E"
AG000060390,1969-12-01,36.7167,3.25,24.0,"ALGER DAR EL BEIDA, AG",567.4,E,0.0,",E",21.0,"2,E",15.0,"2,E",3.0,"2,E",0.0,",G",0.0,",E",0.0,",G",0.0,",G",0.0,",G",19691211.0,",,E",19691226.0,",2,E",19691230.0,",,G",0.8,",E,11,",39.5,"2,,E,26,",20.0,",G,30,",333.3,G,245.7,",G",217.4,"2,,,E",1.041,",E",1.434,",,,G",0.648,",,,E"
AG000060390,1970-01-01,36.7167,3.25,24.0,"ALGER DAR EL BEIDA, AG",0.0,E,0.0,",E",12.0,"2,E",7.0,"2,E",0.0,"2,E",0.0,",G",0.0,",E",0.0,",G",4.0,",G",0.0,",G",19700123.0,",,E",19700106.0,",2,E",19700104.0,",,G",2.7,",E,23,",12.7,"2,,E,06,",23.0,",G,04,",490.8,G,157.5,",G",52.0,"2,,,E",1.325,",E",1.825,",,,G",0.825,",,,E"
AG000060390,1970-02-01,36.7167,3.25,24.0,"ALGER DAR EL BEIDA, AG",0.0,E,0.0,",E",6.0,"3,E",2.0,"3,E",0.0,"3,E",0.0,",G",1.0,",E",0.0,",G",1.0,",G",0.0,",G",19700217.0,",,E",19700201.0,",3,E",19700204.0,",,G",0.0,",E,17,",24.4,"3,,E,01,",21.1,",G,04,",687.5,G,196.7,",G",32.5,"3,,,E",1.131,",E",1.7559999999999998,",,,G",0.506,",,,E"
AG000060390,1970-03-01,36.7167,3.25,24.0,"ALGER DAR EL BEIDA, AG",0.0,E,0.0,",E",16.0,"1,E",8.0,"1,E",0.0,"1,E",0.0,",G",0.0,",E",0.0,",G",5.0,",G",0.0,",G",19700305.0,",,E",19700316.0,",1,E",19700321.0,",,G",0.5,",E,05,",17.4,"1,,E,16,",27.2,",G,21,",864.8,G,177.3,",G",76.9,"1,,,E",1.261,",E",1.786,",,,G",0.737,",,,E"
AG000060390,1970-04-01,36.7167,3.25,24.0,"ALGER DAR EL BEIDA, AG",1.1,E,1.1,",E",8.0,"3,E",5.0,"3,E",1.0,"3,E",0.0,",G",0.0,",E",0.0,",G",10.0,",G",0.0,",G",19700405.0,",,E",19700420.0,",3,E",19700425.0,",,G",2.9,",E,05,",25.9,"3,,E,20,",27.6,",G,25,",993.4,G,128.6,",G",70.9,"3,,,E",1.408,",E",2.0100000000000002,",,,G",0.806,",,,E"
AG000060390,1970-05-01,36.7167,3.25,24.0,"ALGER DAR EL BEIDA, AG",7.9,E,6.8,",E",6.0,",E",4.0,",E",2.0,",E",0.0,",G",0.0,",E",0.0,",G",20.0,",G",0.0,",G",19700503.0,",,E",19700518.0,",,E",19700513.0,",,G",5.9,",E,03,",50.0,",,E,18,",26.8,",G,13,",1047.2,G,53.8,",G",105.0,",,,E",1.682,",E",2.289,",,,G",1.075,",,,E"
AG000060390,1970-06-01,36.7167,3.25,24.0,"ALGER DAR EL BEIDA, AG",87.9,E,80.0,",E",2.0,"2,E",1.0,"2,E",0.0,"2,E",0.0,",G",0.0,",E",0.0,",G",30.0,",G",0.0,",G",19700603.0,",,E",19700622.0,",2,E",19700630.0,"+,,G",11.0,",E,03,",12.5,"2,,E,22,",29.9,",G,30,+",1048.7,G,1.5,",G",14.3,"2,,,E",2.0949999999999998,",E",2.664,",,,G",1.526,",,,E"
AG000060390,1970-07-01,36.7167,3.25,24.0,"ALGER DAR EL BEIDA, AG",253.7,E,165.8,",E",1.0,"2,E",0.0,"2,E",0.0,"2,E",0.0,",G",0.0,",E",0.0,",G",31.0,",G",4.0,",G",19700718.0,",,E",19700731.0,",2,E",19700713.0,",,G",12.5,",E,18,",0.4,"2,,E,31,",34.8,",G,13,",0.0,G,0.0,",G",0.6,"2,,,E",2.368,",E",2.9829999999999997,",,,G",1.754,",,,E"
AG000060390,1970-08-01,36.7167,3.25,24.0,"ALGER DAR EL BEIDA, AG",491.5,E,237.8,",E",1.0,"1,E",0.0,"1,E",0.0,"1,E",0.0,",G",0.0,",E",0.0,",G",31.0,",G",10.0,",G",19700812.0,",,E",19700823.0,",1,E",19700807.0,",,G",14.0,",E,12,",0.9,"1,,E,23,",42.8,",G,07,",0.0,G,0.0,",G",0.9,"1,,,E",2.6,",E",3.2020000000000004,",,,G",1.9989999999999999,",,,E"
AG000060390,1970-09-01,36.7167,3.25,24.0,"ALGER DAR EL BEIDA, AG",642.7,E,151.2,",E",2.0,"2,E",0.0,"2,E",0.0,"2,E",0.0,",G",0.0,",E",0.0,",G",30.0,",G",5.0,",G",19700919.0,",,E",19700909.0,"+,2,E",19700903.0,",,G",12.6,",E,19,",0.5,"2,,E,09,+",35.1,",G,03,",0.0,G,0.0,",G",1.0,"2,,,E",2.337,",E",2.961,",,,G",1.714,",,,E"
AG000060390,1970-10-01,36.7167,3.25,24.0,"ALGER DAR EL BEIDA, AG",670.6,E,27.9,",E",11.0,"3,E",9.0,"3,E",1.0,"3,E",0.0,",G",0.0,",E",0.0,",G",26.0,",G",0.0,",G",19701031.0,",,E",19701012.0,",3,E",19701003.0,",,G",6.9,",E,31,",86.2,"3,,E,12,",28.2,",G,03,",39.3,G,39.3,",G",172.2,"3,,,E",1.796,",E",2.364,",,,G",1.2289999999999999,",,,E"
AG000060390,1970-11-01,36.7167,3.25,24.0,"ALGER DAR EL BEIDA, AG",674.9,E,4.3,",E",2.0,"3,E",1.0,"3,E",1.0,"3,E",0.0,",G",0.0,",E",0.0,",G",20.0,",G",0.0,",G",19701105.0,",,E",19701115.0,",3,E",19701108.0,",,G",3.8,",E,05,",25.4,"3,,E,15,",28.9,",G,08,",136.8,G,97.5,",G",26.4,"3,,,E",1.5230000000000001,",E",2.241,",,,G",0.8039999999999999,",,,E"
AG000060390,1970-12-01,36.7167,3.25,24.0,"ALGER DAR EL BEIDA, AG",674.9,E,0.0,",E",16.0,"1,E",12.0,"1,E",2.0,"1,E",0.0,",G",0.0,",E",0.0,",G",4.0,",G",0.0,",G",19701205.0,",,E",19701214.0,",1,E",19701210.0,",,G",0.5,",E,05,",36.0,"1,,E,14,",25.0,",G,10,",339.7,G,202.9,",G",169.4,"1,,,E",1.1789999999999998,",E",1.716,",,,G",0.641,",,,E"
AG000060390,1971-01-01,36.7167,3.25,24.0,"ALGER DAR EL BEIDA, AG",0.0,E,0.0,"2,E",15.0,"2,E",9.0,"2,E",1.0,"2,E",0.0,"1,G",4.0,"1,E",0.0,"1,G",1.0,"1,G",0.0,"1,G",19710110.0,",1,E",19710101.0,",2,E",19710130.0,",1,G",-0.4,"1,E,10,",44.2,"2,,E,01,",24.3,"1,G,30,",539.1,G,199.4,"1,G",129.1,"2,,,E",1.123,"2,E",1.672,"1,,,G",0.575,"1,,,E"
AG000060390,1971-02-01,36.7167,3.25,24.0,"ALGER DAR EL BEIDA, AG",0.0,E,0.0,",E",6.0,",E",4.0,",E",0.0,",E",0.0,",G",3.0,",E",0.0,",G",0.0,",G",0.0,",G",19710208.0,",,E",19710216.0,",,E",19710227.0,",,G",-0.6,",E,08,",11.7,",,E,16,",20.7,",G,27,",770.1,G,231.0,",G",26.9,",,,E",1.008,",E",1.6469999999999998,",,,G",0.37,",,,E"
AG000060390,1971-03-01,36.7167,3.25,24.0,"ALGER DAR EL BEIDA, AG",0.0,E,0.0,",E",19.0,"1,E",12.0,"1,E",0.0,"1,E",0.0,",G",0.0,",E",0.0,",G",3.0,",G",0.0,",G",19710303.0,",,E",19710328.0,",1,E",19710330.0,",,G",0.2,",E,03,",24.2,"1,,E,28,",23.8,",G,30,",1013.8,G,243.7,",G",113.9,"1,,,E",1.0470000000000002,",E",1.525,",,,G",0.5690000000000001,",,,E"
AG000060390,1971-04-01,36.7167,3.25,24.0,"ALGER DAR EL BEIDA, AG",1.3,E,1.3,",E",10.0,"3,E",5.0,"3,E",0.0,"3,E",0.0,",G",0.0,",E",0.0,",G",11.0,",G",0.0,",G",19710406.0,",,E",19710422.0,",3,E",19710422.0,",,G",4.9,",E,06,",17.7,"3,,E,22,",25.5,",G,22,",1110.1,G,96.3,",G",59.7,"3,,,E",1.517,",E",2.0260000000000002,",,,G",1.0070000000000001,",,,E"
AG000060390,1971-05-01,36.7167,3.25,24.0,"ALGER DAR EL BEIDA, AG",17.1,E,15.8,",E",5.0,"5,E",0.0,"5,E",0.0,"5,E",0.0,",G",0.0,",E",0.0,",G",22.0,",G",1.0,",G",19710505.0,",,E",19710502.0,",5,E",19710507.0,",,G",7.4,",E,05,",1.1,"5,,E,02,",32.9,",G,07,",1150.3,G,40.2,",G",2.9,"5,,,E",1.7550000000000001,",E",2.303,",,,G",1.206,",,,E"
AG000060390,1971-06-01,36.7167,3.25,24.0,"ALGER DAR EL BEIDA, AG",75.0,E,57.9,",E",2.0,"1,E",1.0,"1,E",0.0,"1,E",0.0,",G",0.0,",E",0.0,",G",30.0,",G",1.0,",G",19710619.0,",,E",19710603.0,",1,E",19710624.0,",,G",9.6,",E,19,",4.1,"1,,E,03,",32.9,",G,24,",1155.6,G,5.3,",G",4.8,"1,,,E",2.009,",E",2.625,",,,G",1.393,",,,E"
AG000060390,1971-07-01,36.7167,3.25,24.0,"ALGER DAR EL BEIDA, AG",250.8,E,175.8,",E",1.0,"2,E",0.0,"2,E",0.0,"2,E",0.0,",G",0.0,",E",0.0,",G",31.0,",G",8.0,",G",19710702.0,",,E",19710712.0,",2,E",19710715.0,",,G",12.9,",E,02,",1.7,"2,,E,12,",36.0,",G,15,",0.0,G,0.0,",G",1.8,"2,,,E",2.4,",E",3.003,",,,G",1.798,",,,E"
AG000060390,1971-08-01,36.7167,3.25,24.0,"ALGER DAR EL BEIDA, AG",540.3,E,289.5,",E",1.0,",E",0.0,",E",0.0,",E",0.0,",G",0.0,",E",0.0,",G",31.0,",G",21.0,",G",19710806.0,",,E",19710806.0,",,E",19710814.0,",,G",16.5,",E,06,",0.6,",,E,06,",43.3,",G,14,",0.0,G,0.0,",G",0.6,",,,E",2.7670000000000003,",E",3.4450000000000003,",,,G",2.089,",,,E"
AG000060390,1971-09-01,36.7167,3.25,24.0,"ALGER DAR EL BEIDA, AG",683.4,E,143.1,",E",6.0,"2,E",3.0,"2,E",1.0,"2,E",0.0,",G",0.0,",E",0.0,",G",30.0,",G",5.0,",G",19710918.0,",,E",19710925.0,",2,E",19710922.0,",,G",11.9,",E,18,",42.7,"2,,E,25,",36.5,",G,22,",0.0,G,0.0,",G",64.3,"2,,,E",2.31,",E",2.872,",,,G",1.748,",,,E"
AG000060390,1971-10-01,36.7167,3.25,24.0,"ALGER DAR EL BEIDA, AG",735.6,E,52.2,",E",6.0,"3,E",3.0,"3,E",0.0,"3,E",0.0,",G",0.0,",E",0.0,",G",28.0,",G",0.0,",G",19711030.0,",,E",19711003.0,",3,E",19711009.0,",,G",8.1,",E,30,",13.1,"3,,E,03,",31.3,",G,09,",18.0,G,18.0,",G",24.8,"3,,,E",1.9440000000000002,",E",2.479,",,,G",1.408,",,,E"
AG000060390,1971-11-01,36.7167,3.25,24.0,"ALGER DAR EL BEIDA, AG",738.2,E,2.6,",E",10.0,"5,E",8.0,"5,E",2.0,"5,E",0.0,",G",0.0,",E",0.0,",G",11.0,",G",0.0,",G",19711112.0,",,E",19711126.0,",5,E",19711105.0,",,G",2.7,",E,12,",136.6,"5,,E,26,",25.6,",G,05,",172.5,G,154.5,",G",191.7,"5,,,E",1.327,",E",1.862,",,,G",0.792,",,,E"
AG000060390,1971-12-01,36.7167,3.25,24.0,"ALGER DAR EL BEIDA, AG",738.2,E,0.0,",E",11.0,"1,E",5.0,"1,E",1.0,"1,E",0.0,",G",0.0,",E",0.0,",G",0.0,",G",0.0,",G",19711221.0,",,E",19711207.0,",1,E",19711206.0,",,G",3.7,",E,21,",64.5,"1,,E,07,",20.0,",G,06,",378.3,G,205.8,",G",90.5,"1,,,E",1.169,",E",1.614,",,,G",0.725,",,,E"
AG000060390,1972-01-01,36.7167,3.25,24.0,"ALGER DAR EL BEIDA, AG",0.0,E,0.0,",E",17.0,"3,E",13.0,"3,E",1.0,"3,E",0.0,",G",0.0,",E",0.0,",G",1.0,",G",0.0,",G",19720124.0,"+,,E",19720122.0,",3,E",19720102.0,",,G",3.6,",E,24,+",39.7,"3,,E,22,",21.9,",G,02,",601.3,G,223.0,",G",139.1,"3,,,E",1.114,",E",1.508,",,,G",0.72,",,,E"
AG000060390,1972-02-01,36.7167,3.25,24.0,"ALGER DAR EL BEIDA, AG",4.0,E,4.0,",E",12.0,"1,E",8.0,"1,E",0.0,"1,E",0.0,",G",0.0,",E",0.0,",G",4.0,",G",0.0,",G",19720201.0,",,E",19720224.0,",1,E",19720206.0,",,G",0.9,",E,01,",20.0,"1,,E,24,",26.6,",G,06,",761.6,G,160.3,",G",58.9,"1,,,E",1.294,",E",1.7710000000000001,",,,G",0.817,",,,E"
AG000060390,1972-03-01,36.7167,3.25,24.0,"ALGER DAR EL BEIDA, AG",4.0,E,0.0,",E",14.0,"2,E",9.0,"2,E",0.0,"2,E",0.0,",G",0.0,",E",0.0,",G",4.0,",G",0.0,",G",19720313.0,",,E",19720309.0,",2,E",19720329.0,",,G",4.3,",E,13,",23.3,"2,,E,09,",26.7,",G,29,",916.1,G,154.5,",G",101.3,"2,,,E",1.335,",E",1.8,",,,G",0.8699999999999999,",,,E"
AG000060390,1972-04-01,36.7167,3.25,24.0,"ALGER DAR EL BEIDA, AG",4.0,E,0.0,",E",14.0,"1,E",11.0,"1,E",0.0,"1,E",0.0,",G",0.0,",E",0.0,",G",7.0,",G",0.0,",G",19720414.0,",,E",19720423.0,",1,E",19720407.0,",,G",3.0,",E,14,",14.2,"1,,E,23,",23.0,",G,07,",1066.7,G,150.6,",G",101.5,"1,,,E",1.331,",E",1.83,",,,G",0.8320000000000001,",,,E"
AG000060390,1972-05-01,36.7167,3.25,24.0,"ALGER DAR EL BEIDA, AG",6.9,E,2.9,",E",7.0,"4,E",5.0,"4,E",2.0,"4,E",0.0,",G",0.0,",E",0.0,",G",18.0,",G",0.0,",G",19720519.0,",,E",19720517.0,",4,E",19720527.0,",,G",5.9,",E,19,",34.9,"4,,E,17,",27.3,",G,27,",1145.8,G,79.1,",G",90.5,"4,,,E",1.588,",E",2.138,",,,G",1.037,",,,E"
AG000060390,1972-06-01,36.7167,3.25,24.0,"ALGER DAR EL BEIDA, AG",60.0,E,53.1,",E",7.0,"3,E",2.0,"3,E",0.0,"3,E",0.0,",G",0.0,",E",0.0,",G",29.0,",G",0.0,",G",19720610.0,",,E",19720613.0,",3,E",19720624.0,",,G",12.0,",E,10,",13.9,"3,,E,13,",31.8,",G,24,",1147.5,G,1.7,",G",23.4,"3,,,E",2.005,",E",2.446,",,,G",1.5630000000000002,",,,E"
AG000060390,1972-07-01,36.7167,3.25,24.0,"ALGER DAR EL BEIDA, AG",195.8,E,135.8,",E",0.0,",E",0.0,",E",0.0,",E",0.0,",G",0.0,",E",0.0,",G",31.0,",G",1.0,",G",19720714.0,",,E",19720731.0,"+,,E",19720704.0,",,G",11.8,",E,14,",0.0,",,E,31,+",32.2,",G,04,",0.0,G,0.0,",G",0.0,",,,E",2.271,",E",2.82,",,,G",1.723,",,,E"
AG000060390,1972-08-01,36.7167,3.25,24.0,"ALGER DAR EL BEIDA, AG",337.7,E,141.9,",E",4.0,"1,E",1.0,"1,E",1.0,"1,E",0.0,",G",0.0,",E",0.0,",G",31.0,",G",3.0,",G",19720806.0,",,E",19720830.0,",1,E",19720813.0,",,G",11.6,",E,06,",34.0,"1,,E,30,",41.4,",G,13,",0.0,G,0.0,",G",36.9,"1,,,E",2.291,",E",2.8489999999999998,",,,G",1.734,",,,E"
AG000060390,1972-09-01,36.7167,3.25,24.0,"ALGER DAR EL BEIDA, AG",419.5,E,81.8,",E",10.0,"4,E",6.0,"4,E",1.0,"4,E",0.0,",G",0.0,",E",0.0,",G",28.0,",G",1.0,",G",19720917.0,",,E",19720927.0,",4,E",19720921.0,",,G",10.3,",E,17,",28.5,"4,,E,27,",33.0,",G,21,",4.0,G,4.0,",G",81.2,"4,,,E",2.093,",E",2.576,",,,G",1.609,",,,E"
AG000060390,1972-10-01,36.7167,3.25,24.0,"ALGER DAR EL BEIDA, AG",456.3,E,36.8,",E",9.0,"4,E",7.0,"4,E",1.0,"4,E",0.0,",G",0.0,",E",0.0,",G",25.0,",G",1.0,",G",19721030.0,",,E",19721021.0,",4,E",19721003.0,",,G",7.6,",E,30,",91.6,"4,,E,21,",32.5,",G,03,",30.6,G,26.6,",G",155.2,"4,,,E",1.866,",E",2.3449999999999998,",,,G",1.387,",,,E"
AG000060390,1972-11-01,36.7167,3.25,24.0,"ALGER DAR EL BEIDA, AG",467.6,E,11.3,",E",3.0,"1,E",1.0,"1,E",1.0,"1,E",0.0,",G",0.0,",E",0.0,",G",23.0,",G",0.0,",G",19721126.0,",,E",19721130.0,",1,E",19721103.0,",,G",4.2,",E,26,",28.8,"1,,E,30,",26.6,",G,03,",102.6,G,72.0,",G",32.1,"1,,,E",1.6309999999999998,",E",2.207,",,,G",1.0550000000000002,",,,E"
AG000060390,1972-12-01,36.7167,3.25,24.0,"ALGER DAR EL BEIDA, AG",467.6,E,0.0,",E",17.0,",E",14.0,",E",2.0,",E",0.0,",G",0.0,",E",0.0,",G",1.0,",G",0.0,",G",19721219.0,",,E",19721231.0,",,E",19721208.0,",,G",1.8,",E,19,",35.8,",,E,31,",21.2,",G,08,",326.1,G,223.5,",G",211.2,",,,E",1.1119999999999999,",E",1.585,",,,G",0.639,",,,E"
AG000060390,1973-01-01,36.7167,3.25,24.0,"ALGER DAR EL BEIDA, AG",0.0,E,0.0,",E",19.0,"2,E",14.0,"2,E",2.0,"2,E",0.0,",G",0.0,",E",0.0,",G",0.0,",G",0.0,",G",19730113.0,",,E",19730101.0,",2,E",19730130.0,"+,,G",0.3,",E,13,",40.5,"2,,E,01,",19.3,",G,30,+",556.4,G,230.3,",G",161.1,"2,,,E",1.09,",E",1.508,",,,G",0.6719999999999999,",,,E"
AG000060390,1973-02-01,36.7167,3.25,24.0,"ALGER DAR EL BEIDA, AG",0.0,E,0.0,",E",18.0,"1,E",15.0,"1,E",5.0,"1,E",0.0,",G",0.0,",E",0.0,",G",1.0,",G",0.0,",G",19730219.0,",,E",19730203.0,",1,E",19730208.0,",,G",1.1,",E,19,",76.7,"1,,E,03,",21.7,",G,08,",787.5,G,231.1,",G",346.1,"1,,,E",1.008,",E",1.428,",,,G",0.588,",,,E"
AG000060390,1973-03-01,36.7167,3.25,24.0,"ALGER DAR EL BEIDA, AG",0.0,E,0.0,",E",12.0,"1,E",9.0,"1,E",2.0,"1,E",0.0,",G",0.0,",E",0.0,",G",0.0,",G",0.0,",G",19730302.0,",,E",19730311.0,",1,E",19730306.0,",,G",1.1,",E,02,",28.7,"1,,E,11,",21.0,",G,06,",1033.0,G,245.5,",G",99.6,"1,,,E",1.041,",E",1.557,",,,G",0.525,",,,E"
AG000060390,1973-04-01,36.7167,3.25,24.0,"ALGER DAR EL BEIDA, AG",1.7,E,1.7,",E",6.0,"3,E",1.0,"3,E",1.0,"3,E",0.0,",G",0.0,",E",0.0,",G",9.0,",G",0.0,",G",19730412.0,",,E",19730422.0,",3,E",19730427.0,"+,,G",1.9,",E,12,",41.3,"3,,E,22,",27.8,",G,27,+",1177.3,G,144.3,",G",49.1,"3,,,E",1.358,",E",1.953,",,,G",0.763,",,,E"
AG000060390,1973-05-01,36.7167,3.25,24.0,"ALGER DAR EL BEIDA, AG",26.9,E,25.2,",E",2.0,"1,E",0.0,"1,E",0.0,"1,E",0.0,",G",0.0,",E",0.0,",G",28.0,",G",0.0,",G",19730514.0,"+,,E",19730503.0,",1,E",19730531.0,",,G",7.1,",E,14,+",0.7,"1,,E,03,",28.8,",G,31,",1212.2,G,34.9,",G",1.3,"1,,,E",1.802,",E",2.366,",,,G",1.238,",,,E"
AG000060390,1973-06-01,36.7167,3.25,24.0,"ALGER DAR EL BEIDA, AG",120.1,E,93.2,",E",,,,,,,0.0,",G",0.0,",E",0.0,",G",29.0,",G",1.0,",G",19730623.0,",,E",,,19730627.0,",,G",11.2,",E,23,",,,35.2,",G,27,",1213.6,G,1.4,",G",,,2.1390000000000002,",E",2.573,",,,G",1.706,",,,E"
AG000060390,1973-07-01,36.7167,3.25,24.0,"ALGER DAR EL BEIDA, AG",305.2,E,185.1,",E",2.0,",E",1.0,",E",0.0,",E",0.0,",G",0.0,",E",0.0,",G",31.0,",G",4.0,",G",19730728.0,",,E",19730729.0,",,E",19730705.0,",,G",15.8,",E,28,",9.3,",,E,29,",34.2,",G,05,",0.0,G,0.0,",G",10.6,",,,E",2.43,",E",2.9370000000000003,",,,G",1.923,",,,E"
AG000060390,1973-08-01,36.7167,3.25,24.0,"ALGER DAR EL BEIDA, AG",515.2,E,210.0,",E",3.0,"2,E",0.0,"2,E",0.0,"2,E",0.0,",G",0.0,",E",0.0,",G",31.0,",G",5.0,",G",19730831.0,",,E",19730823.0,",2,E",19730815.0,",,G",16.3,",E,31,",1.3,"2,,E,23,",34.5,",G,15,",0.0,G,0.0,",G",2.5,"2,,,E",2.511,",E",3.023,",,,G",1.9989999999999999,",,,E"
AG000060390,1973-09-01,36.7167,3.25,24.0,"ALGER DAR EL BEIDA, AG",676.4,E,161.2,",E",4.0,"2,E",3.0,"2,E",2.0,"2,E",0.0,",G",0.0,",E",0.0,",G",29.0,",G",7.0,",G",19730929.0,"+,,E",19730924.0,",2,E",19730915.0,",,G",12.3,",E,29,+",124.3,"2,,E,24,",41.2,",G,15,",0.9,G,0.9,",G",158.0,"2,,,E",2.368,",E",2.939,",,,G",1.797,",,,E"
AG000060390,1973-10-01,36.7167,3.25,24.0,"ALGER DAR EL BEIDA, AG",711.0,E,34.6,",E",5.0,"2,E",4.0,"2,E",0.0,"2,E",0.0,",G",0.0,",E",0.0,",G",22.0,",G",0.0,",G",19731030.0,",,E",19731021.0,",2,E",19731016.0,",,G",6.5,",E,30,",17.3,"2,,E,21,",31.5,",G,16,",35.7,G,34.8,",G",33.6,"2,,,E",1.8329999999999997,",E",2.32,",,,G",1.345,",,,E"
AG000060390,1973-11-01,36.7167,3.25,24.0,"ALGER DAR EL BEIDA, AG",721.4,E,10.4,",E",5.0,"1,E",3.0,"1,E",0.0,"1,E",0.0,",G",0.0,",E",0.0,",G",11.0,",G",0.0,",G",19731122.0,",,E",19731127.0,",1,E",19731103.0,",,G",2.9,",E,22,",13.5,"1,,E,27,",28.7,",G,03,",160.2,G,124.5,",G",29.3,"1,,,E",1.4529999999999998,",E",2.077,",,,G",0.829,",,,E"
AG000060390,1973-12-01,36.7167,3.25,24.0,"ALGER DAR EL BEIDA, AG",721.4,E,0.0,",E",20.0,"1,E",13.0,"1,E",3.0,"1,E",0.0,",G",0.0,",E",0.0,",G",0.0,",G",0.0,",G",19731228.0,",,E",19731202.0,",1,E",19731223.0,"+,,G",2.2,",E,28,",45.9,"1,,E,02,",20.5,",G,23,+",373.2,G,213.0,",G",206.7,"1,,,E",1.1460000000000001,",E",1.605,",,,G",0.688,",,,E"
AG000060390,1974-01-01,36.7167,3.25,24.0,"ALGER DAR EL BEIDA, AG",0.0,E,0.0,",E",5.0,"4,E",3.0,"4,E",0.0,"4,E",0.0,",G",0.0,",E",0.0,",G",1.0,",G",0.0,",G",19740125.0,",,E",19740101.0,",4,E",19740130.0,",,G",0.3,",E,25,",7.2,"4,,E,01,",22.2,",G,30,",579.9,G,206.7,",G",15.1,"4,,,E",1.167,",E",1.732,",,,G",0.601,",,,E"
AG000060390,1974-02-01,36.7167,3.25,24.0,"ALGER DAR EL BEIDA, AG",0.0,E,0.0,",E",19.0,"2,E",14.0,"2,E",2.0,"2,E",0.0,",G",0.0,",E",0.0,",G",3.0,",G",0.0,",G",19740209.0,",,E",19740218.0,",2,E",19740211.0,",,G",1.7,",E,09,",26.7,"2,,E,18,",25.5,",G,11,",783.8,G,203.9,",G",172.5,"2,,,E",1.105,",E",1.582,",,,G",0.628,",,,E"
AG000060390,1974-03-01,36.7167,3.25,24.0,"ALGER DAR EL BEIDA, AG",0.0,E,0.0,",E",11.0,"5,E",9.0,"5,E",1.0,"5,E",0.0,",G",1.0,",E",0.0,",G",7.0,",G",0.0,",G",19740306.0,",,E",19740329.0,",5,E",19740318.0,",,G",-1.0,",E,06,",86.7,"5,,E,29,",28.0,",G,18,",956.9,G,173.1,",G",181.0,"5,,,E",1.275,",E",1.831,",,,G",0.7190000000000001,",,,E"
AG000060390,1974-04-01,36.7167,3.25,24.0,"ALGER DAR EL BEIDA, AG",1.2,E,1.2,",E",14.0,"2,E",9.0,"2,E",1.0,"2,E",0.0,",G",0.0,",E",0.0,",G",3.0,",G",0.0,",G",19740418.0,",,E",19740403.0,",2,E",19740409.0,",,G",2.2,",E,18,",36.6,"2,,E,03,",25.5,",G,09,",1104.4,G,147.5,",G",91.6,"2,,,E",1.346,",E",1.8359999999999999,",,,G",0.8550000000000001,",,,E"
AG000060390,1974-05-01,36.7167,3.25,24.0,"ALGER DAR EL BEIDA, AG",40.4,E,39.2,",E",0.0,"2,E",0.0,"2,E",0.0,"2,E",0.0,",G",0.0,",E",0.0,",G",24.0,",G",2.0,",G",19740509.0,",,E",19740531.0,"+,2,E",19740527.0,",,G",7.8,",E,09,",0.0,"2,,E,31,+",33.3,",G,27,",1137.3,G,32.9,",G",0.0,"2,,,E",1.8539999999999999,",E",2.409,",,,G",1.298,",,,E"
AG000060390,1974-06-01,36.7167,3.25,24.0,"ALGER DAR EL BEIDA, AG",135.5,E,95.1,",E",4.0,",E",2.0,",E",0.0,",E",0.0,",G",0.0,",E",0.0,",G",30.0,",G",1.0,",G",19740613.0,",,E",19740619.0,",,E",19740629.0,",,G",11.4,",E,13,",3.7,",,E,19,",33.3,",G,29,",1137.3,G,0.0,",G",9.9,",,,E",2.15,",E",2.692,",,,G",1.6079999999999999,",,,E"
AG000060390,1974-07-01,36.7167,3.25,24.0,"ALGER DAR EL BEIDA, AG",301.8,E,166.3,",E",0.0,"2,E",0.0,"2,E",0.0,"2,E",0.0,",G",0.0,",E",0.0,",G",31.0,",G",4.0,",G",19740721.0,",,E",19740731.0,"+,2,E",19740714.0,",,G",13.0,",E,21,",0.0,"2,,E,31,+",40.6,",G,14,",0.0,G,0.0,",G",0.0,"2,,,E",2.37,",E",2.978,",,,G",1.761,",,,E"
AG000060390,1974-08-01,36.7167,3.25,24.0,"ALGER DAR EL BEIDA, AG",495.6,E,193.8,",E",1.0,"1,E",0.0,"1,E",0.0,"1,E",0.0,",G",0.0,",E",0.0,",G",31.0,",G",6.0,",G",19740829.0,",,E",19740819.0,",1,E",19740811.0,",,G",14.4,",E,29,",0.4,"1,,E,19,",36.7,",G,11,",0.0,G,0.0,",G",0.4,"1,,,E",2.459,",E",3.092,",,,G",1.825,",,,E"
AG000060390,1974-09-01,36.7167,3.25,24.0,"ALGER DAR EL BEIDA, AG",651.2,E,155.6,",E",3.0,"2,E",1.0,"2,E",0.0,"2,E",0.0,",G",0.0,",E",0.0,",G",29.0,",G",5.0,",G",19740927.0,",,E",19740929.0,",2,E",19740918.0,",,G",14.0,",E,27,",17.8,"2,,E,29,",37.1,",G,18,",0.0,G,0.0,",G",19.0,"2,,,E",2.352,",E",2.9690000000000003,",,,G",1.735,",,,E"
AG000060390,1974-10-01,36.7167,3.25,24.0,"ALGER DAR EL BEIDA, AG",664.6,E,13.4,",E",14.0,"4,E",8.0,"4,E",1.0,"4,E",0.0,",G",0.0,",E",0.0,",G",15.0,",G",0.0,",G",19741031.0,",,E",19741018.0,",4,E",19741004.0,",,G",5.8,",E,31,",33.2,"4,,E,18,",30.7,",G,04,",63.2,G,63.2,",G",110.5,"4,,,E",1.673,",E",2.1559999999999997,",,,G",1.19,",,,E"
AG000060390,1974-11-01,36.7167,3.25,24.0,"ALGER DAR EL BEIDA, AG",666.4,E,1.8,",E",6.0,",E",5.0,",E",2.0,",E",0.0,",G",0.0,",E",0.0,",G",11.0,",G",0.0,",G",19741109.0,",,E",19741124.0,",,E",19741117.0,",,G",3.6,",E,09,",75.0,",,E,24,",28.4,",G,17,",186.0,G,122.8,",G",154.8,",,,E",1.4300000000000002,",E",2.0469999999999997,",,,G",0.8119999999999999,",,,E"
AG000060390,1974-12-01,36.7167,3.25,24.0,"ALGER DAR EL BEIDA, AG",666.4,E,0.0,",E",4.0,"2,E",3.0,"2,E",0.0,"2,E",0.0,",G",0.0,",E",0.0,",G",0.0,",G",0.0,",G",19741224.0,"+,,E",19741212.0,",2,E",19741224.0,",,G",1.4,",E,24,+",9.1,"2,,E,12,",19.7,",G,24,",419.2,G,233.2,",G",27.7,"2,,,E",1.081,",E",1.716,",,,G",0.445,",,,E"
AG000060390,1975-01-01,36.7167,3.25,24.0,"ALGER DAR EL BEIDA, AG",0.0,E,0.0,",E",8.0,",E",4.0,",E",0.0,",E",0.0,",G",2.0,",E",0.0,",G",3.0,",G",0.0,",G",19750103.0,",,E",19750118.0,",,E",19750130.0,",,G",-0.4,",E,03,",16.0,",,E,18,",22.9,",G,30,",641.3,G,222.1,",G",33.4,",,,E",1.117,",E",1.7420000000000002,",,,G",0.492,",,,E"
AG000060390,1975-02-01,36.7167,3.25,24.0,"ALGER DAR EL BEIDA, AG",0.0,E,0.0,",E",9.0,"1,E",7.0,"1,E",0.0,"1,E",0.0,",G",0.0,",E",0.0,",G",4.0,",G",0.0,",G",19750227.0,",,E",19750203.0,",1,E",19750207.0,",,G",0.9,",E,27,",25.0,"1,,E,03,",22.9,",G,07,",842.8,G,201.5,",G",89.5,"1,,,E",1.114,",E",1.689,",,,G",0.538,",,,E"
AG000060390,1975-03-01,36.7167,3.25,24.0,"ALGER DAR EL BEIDA, AG",0.0,E,0.0,",E",13.0,"4,E",7.0,"4,E",0.0,"4,E",0.0,",G",0.0,",E",0.0,",G",5.0,",G",0.0,",G",19750316.0,",,E",19750319.0,",4,E",19750329.0,",,G",0.5,",E,16,",22.6,"4,,E,19,",24.5,",G,29,",1039.6,G,196.8,",G",86.8,"4,,,E",1.198,",E",1.7469999999999999,",,,G",0.65,",,,E"
AG000060390,1975-04-01,36.7167,3.25,24.0,"ALGER DAR EL BEIDA, AG",2.7,E,2.7,",E",8.0,"3,E",3.0,"3,E",0.0,"3,E",0.0,",G",0.0,",E",0.0,",G",10.0,",G",0.0,",G",19750403.0,",,E",19750406.0,",3,E",19750425.0,"+,,G",1.2,",E,03,",11.1,"3,,E,06,",26.6,",G,25,+",1167.2,G,127.6,",G",27.8,"3,,,E",1.417,",E",1.9309999999999998,",,,G",0.9029999999999999,",,,E"
AG000060390,1975-05-01,36.7167,3.25,24.0,"ALGER DAR EL BEIDA, AG",11.3,E,8.6,",E",11.0,"3,E",8.0,"3,E",1.0,"3,E",0.0,",G",0.0,",E",0.0,",G",18.0,",G",1.0,",G",19750506.0,",,E",19750525.0,",3,E",19750518.0,",,G",5.6,",E,06,",26.5,"3,,E,25,",33.0,",G,18,",1243.1,G,75.9,",G",86.1,"3,,,E",1.616,",E",2.18,",,,G",1.053,",,,E"
AG000060390,1975-06-01,36.7167,3.25,24.0,"ALGER DAR EL BEIDA, AG",67.5,E,56.2,",E",3.0,"4,E",2.0,"4,E",0.0,"4,E",0.0,",G",0.0,",E",0.0,",G",29.0,",G",0.0,",G",19750604.0,",,E",19750610.0,",4,E",19750630.0,",,G",8.9,",E,04,",18.2,"4,,E,10,",31.6,",G,30,",1249.7,G,6.6,",G",25.0,"4,,,E",1.9989999999999999,",E",2.5300000000000002,",,,G",1.468,",,,E"
AG000060390,1975-07-01,36.7167,3.25,24.0,"ALGER DAR EL BEIDA, AG",280.8,E,213.3,",E",0.0,",E",0.0,",E",0.0,",E",0.0,",G",0.0,",E",0.0,",G",31.0,",G",11.0,",G",19750706.0,"+,,E",19750731.0,"+,,E",19750717.0,"+,,G",13.4,",E,06,+",0.0,",,E,31,+",39.3,",G,17,+",0.0,G,0.0,",G",0.0,",,,E",2.521,",E",3.1879999999999997,",,,G",1.855,",,,E"
AG000060390,1975-08-01,36.7167,3.25,24.0,"ALGER DAR EL BEIDA, AG",510.4,E,229.6,",E",2.0,"3,E",1.0,"3,E",1.0,"3,E",0.0,",G",0.0,",E",0.0,",G",31.0,",G",16.0,",G",19750825.0,",,E",19750826.0,",3,E",19750809.0,",,G",15.4,",E,25,",26.2,"3,,E,26,",37.8,",G,09,",0.0,G,0.0,",G",28.3,"3,,,E",2.574,",E",3.182,",,,G",1.966,",,,E"
AG000060390,1975-09-01,36.7167,3.25,24.0,"ALGER DAR EL BEIDA, AG",654.9,E,144.5,",E",5.0,"5,E",4.0,"5,E",0.0,"5,E",0.0,",G",0.0,",E",0.0,",G",30.0,",G",1.0,",G",19750928.0,",,E",19750924.0,",5,E",19750929.0,",,G",13.6,",E,28,",9.8,"5,,E,24,",35.3,",G,29,",0.0,G,0.0,",G",24.7,"5,,,E",2.315,",E",2.867,",,,G",1.763,",,,E"
AG000060390,1975-10-01,36.7167,3.25,24.0,"ALGER DAR EL BEIDA, AG",680.0,E,25.1,",E",4.0,"1,E",4.0,"1,E",0.0,"1,E",0.0,",G",0.0,",E",0.0,",G",29.0,",G",0.0,",G",19751030.0,",,E",19751011.0,",1,E",19751009.0,",,G",7.0,",E,30,",9.3,"1,,E,11,",29.0,",G,09,",31.9,G,31.9,",G",28.4,"1,,,E",1.811,",E",2.473,",,,G",1.15,",,,E"
AG000060390,1975-11-01,36.7167,3.25,24.0,"ALGER DAR EL BEIDA, AG",681.7,E,1.7,",E",16.0,"1,E",15.0,"1,E",2.0,"1,E",0.0,",G",0.0,",E",0.0,",G",8.0,",G",0.0,",G",19751124.0,",,E",19751117.0,",1,E",19751112.0,",,G",5.9,",E,24,",42.0,"1,,E,17,",28.6,",G,12,",161.0,G,129.1,",G",219.1,"1,,,E",1.409,",E",1.893,",,,G",0.924,",,,E"
AG000060390,1975-12-01,36.7167,3.25,24.0,"ALGER DAR EL BEIDA, AG",681.7,E,0.0,",E",13.0,"3,E",5.0,"3,E",0.0,"3,E",0.0,",G",0.0,",E",0.0,",G",3.0,",G",0.0,",G",19751224.0,",,E",19751220.0,",3,E",19751215.0,",,G",2.6,",E,24,",18.8,"3,,E,20,",21.7,",G,15,",352.4,G,191.4,",G",62.4,"3,,,E",1.216,",E",1.7109999999999999,",,,G",0.721,",,,E"
AG000060390,1976-01-01,36.7167,3.25,24.0,"ALGER DAR EL BEIDA, AG",0.0,E,0.0,",E",5.0,"1,E",5.0,"1,E",2.0,"1,E",0.0,",G",2.0,",E",0.0,",G",0.0,",G",0.0,",G",19760105.0,"+,,E",19760126.0,",1,E",19760122.0,",,G",0.0,",E,05,+",61.0,"1,,E,26,",17.2,",G,22,",631.9,G,279.5,",G",107.9,"1,,,E",0.932,",E",1.5050000000000001,",,,G",0.358,",,,E"
AG000060390,1976-02-01,36.7167,3.25,24.0,"ALGER DAR EL BEIDA, AG",0.0,E,0.0,",E",14.0,"3,E",12.0,"3,E",1.0,"3,E",0.0,",G",0.0,",E",0.0,",G",1.0,",G",0.0,",G",19760216.0,",,E",19760223.0,",3,E",19760204.0,",,G",2.0,",E,16,",29.4,"3,,E,23,",21.2,",G,04,",835.3,G,203.4,",G",195.9,"3,,,E",1.1320000000000001,",E",1.552,",,,G",0.712,",,,E"
AG000060390,1976-03-01,36.7167,3.25,24.0,"ALGER DAR EL BEIDA, AG",0.0,E,0.0,",E",8.0,"4,E",1.0,"4,E",0.0,"4,E",0.0,",G",0.0,",E",0.0,",G",3.0,",G",0.0,",G",19760312.0,",,E",19760316.0,",4,E",19760319.0,",,G",1.5,",E,12,",12.6,"4,,E,16,",24.0,",G,19,",1041.1,G,205.8,",G",19.2,"4,,,E",1.17,",E",1.7559999999999998,",,,G",0.583,",,,E"
AG000060390,1976-04-01,36.7167,3.25,24.0,"ALGER DAR EL BEIDA, AG",0.9,E,0.9,",E",13.0,",E",6.0,",E",0.0,",E",0.0,",G",0.0,",E",0.0,",G",6.0,",G",0.0,",G",19760426.0,",,E",19760414.0,",,E",19760417.0,",,G",4.2,",E,26,",9.0,",,E,14,",26.2,",G,17,",1167.2,G,126.1,",G",37.5,",,,E",1.416,",E",1.9600000000000002,",,,G",0.8710000000000001,",,,E"
AG000060390,1976-05-01,36.7167,3.25,24.0,"ALGER DAR EL BEIDA, AG",10.9,E,10.0,",E",11.0,"1,E",9.0,"1,E",0.0,"1,E",0.0,",G",0.0,",E",0.0,",G",25.0,",G",0.0,",G",19760505.0,",,E",19760527.0,",1,E",19760524.0,",,G",6.5,",E,05,",15.9,"1,,E,27,",27.9,",G,24,",1205.4,G,38.2,",G",60.9,"1,,,E",1.7429999999999999,",E",2.255,",,,G",1.231,",,,E"
AG000060390,1976-06-01,36.7167,3.25,24.0,"ALGER DAR EL BEIDA, AG",101.2,E,90.3,",E",5.0,",E",2.0,",E",0.0,",E",0.0,",G",0.0,",E",0.0,",G",29.0,",G",0.0,",G",19760606.0,",,E",19760620.0,",,E",19760624.0,",,G",9.0,",E,06,",3.3,",,E,20,",31.5,",G,24,",1211.6,G,6.2,",G",8.2,",,,E",2.114,",E",2.6550000000000002,",,,G",1.572,",,,E"
AG000060390,1976-07-01,36.7167,3.25,24.0,"ALGER DAR EL BEIDA, AG",278.5,E,177.3,",E",6.0,"2,E",3.0,"2,E",0.0,"2,E",0.0,",G",0.0,",E",0.0,",G",31.0,",G",7.0,",G",19760729.0,",,E",19760718.0,",2,E",19760710.0,",,G",14.2,",E,29,",20.9,"2,,E,18,",34.4,",G,10,",0.0,G,0.0,",G",42.3,"2,,,E",2.4050000000000002,",E",2.977,",,,G",1.834,",,,E"
AG000060390,1976-08-01,36.7167,3.25,24.0,"ALGER DAR EL BEIDA, AG",494.0,E,215.5,",E",1.0,"1,E",1.0,"1,E",0.0,"1,E",0.0,",G",0.0,",E",0.0,",G",31.0,",G",8.0,",G",19760805.0,",,E",19760828.0,",1,E",19760821.0,",,G",13.5,",E,05,",14.6,"1,,E,28,",38.6,",G,21,",0.0,G,0.0,",G",14.6,"1,,,E",2.529,",E",3.1719999999999997,",,,G",1.8850000000000002,",,,E"
AG000060390,1976-09-01,36.7167,3.25,24.0,"ALGER DAR EL BEIDA, AG",632.7,E,138.7,",E",,,,,,,0.0,",G",0.0,",E",0.0,",G",30.0,",G",4.0,",G",19760922.0,",,E",,,19760927.0,",,G",12.5,",E,22,",,,37.8,",G,27,",0.0,G,0.0,",G",,,2.2960000000000003,",E",2.91,",,,G",1.682,",,,E"
AG000060390,1976-10-01,36.7167,3.25,24.0,"ALGER DAR EL BEIDA, AG",659.6,E,26.9,",E",17.0,",E",12.0,",E",0.0,",E",0.0,",G",0.0,",E",0.0,",G",21.0,",G",0.0,",G",19761028.0,",,E",19761027.0,",,E",19761010.0,",,G",8.4,",E,28,",19.7,",,E,27,",28.0,",G,10,",40.5,G,40.5,",G",102.7,",,,E",1.7890000000000001,",E",2.256,",,,G",1.322,",,,E"
AG000060390,1976-11-01,36.7167,3.25,24.0,"ALGER DAR EL BEIDA, AG",659.6,E,0.0,",E",14.0,"1,E",6.0,"1,E",0.0,"1,E",0.0,",G",0.0,",E",0.0,",G",2.0,",G",0.0,",G",19761130.0,"+,,E",19761104.0,",1,E",19761109.0,",,G",2.0,",E,30,+",19.2,"1,,E,04,",26.1,",G,09,",210.6,G,170.1,",G",75.7,"1,,,E",1.266,",E",1.762,",,,G",0.771,",,,E"
AG000060390,1976-12-01,36.7167,3.25,24.0,"ALGER DAR EL BEIDA, AG",659.7,E,0.1,"2,E",13.0,"1,E",10.0,"1,E",0.0,"1,E",0.0,"1,G",0.0,"1,E",0.0,"1,G",6.0,"1,G",0.0,"1,G",19761213.0,",1,E",19761222.0,",1,E",19761209.0,",1,G",2.6,"1,E,13,",16.3,"1,,E,22,",24.4,"1,G,09,",365.3,G,154.7,"1,G",73.5,"1,,,E",1.306,"2,E",1.826,"1,,,G",0.786,"1,,,E"
AG000060390,1977-01-01,36.7167,3.25,24.0,"ALGER DAR EL BEIDA, AG",0.0,E,0.0,",E",15.0,"1,E",8.0,"1,E",0.0,"1,E",0.0,",G",0.0,",E",0.0,",G",3.0,",G",0.0,",G",19770110.0,",,E",19770107.0,",1,E",19770126.0,",,G",1.6,",E,10,",10.5,"1,,E,07,",23.8,",G,26,",557.9,G,192.6,",G",58.2,"1,,,E",1.212,",E",1.687,",,,G",0.737,",,,E"
AG000060390,1977-02-01,36.7167,3.25,24.0,"ALGER DAR EL BEIDA, AG",0.0,E,0.0,",E",9.0,",E",4.0,",E",0.0,",E",0.0,",G",0.0,",E",0.0,",G",6.0,",G",0.0,",G",19770217.0,",,E",19770212.0,",,E",19770223.0,",,G",1.6,",E,17,",20.7,",,E,12,",25.8,",G,23,",711.3,G,153.4,",G",36.7,",,,E",1.285,",E",1.8719999999999999,",,,G",0.6990000000000001,",,,E"
AG000060390,1977-03-01,36.7167,3.25,24.0,"ALGER DAR EL BEIDA, AG",0.0,E,0.0,",E",3.0,"1,E",3.0,"1,E",0.0,"1,E",0.0,",G",0.0,",E",0.0,",G",12.0,",G",0.0,",G",19770331.0,",,E",19770330.0,",1,E",19770304.0,",,G",0.4,",E,31,",21.4,"1,,E,30,",26.2,",G,04,",882.5,G,171.2,",G",43.1,"1,,,E",1.2810000000000001,",E",2.022,",,,G",0.54,",,,E"
AG000060390,1977-04-01,36.7167,3.25,24.0,"ALGER DAR EL BEIDA, AG",5.3,E,5.3,",E",9.0,"2,E",6.0,"2,E",1.0,"2,E",0.0,",G",0.0,",E",0.0,",G",17.0,",G",0.0,",G",19770413.0,"+,,E",19770419.0,",2,E",19770427.0,",,G",1.9,",E,13,+",28.2,"2,,E,19,",29.8,",G,27,",1006.5,G,124.0,",G",76.1,"2,,,E",1.4380000000000002,",E",2.125,",,,G",0.75,",,,E"
AG000060390,1977-05-01,36.7167,3.25,24.0,"ALGER DAR EL BEIDA, AG",11.6,E,6.3,",E",7.0,",E",5.0,",E",0.0,",E",0.0,",G",0.0,",E",0.0,",G",24.0,",G",0.0,",G",19770505.0,",,E",19770517.0,",,E",19770512.0,",,G",4.0,",E,05,",18.9,",,E,17,",30.1,",G,12,",1067.2,G,60.7,",G",44.8,",,,E",1.658,",E",2.278,",,,G",1.037,",,,E"
AG000060390,1977-06-01,36.7167,3.25,24.0,"ALGER DAR EL BEIDA, AG",70.8,E,59.2,",E",1.0,"2,E",1.0,"2,E",0.0,"2,E",0.0,",G",0.0,",E",0.0,",G",30.0,",G",3.0,",G",19770614.0,",,E",19770602.0,",2,E",19770612.0,",,G",8.0,",E,14,",6.1,"2,,E,02,",37.5,",G,12,",1074.9,G,7.7,",G",6.1,"2,,,E",2.005,",E",2.722,",,,G",1.288,",,,E"
AG000060390,1977-07-01,36.7167,3.25,24.0,"ALGER DAR EL BEIDA, AG",224.4,E,153.6,",E",2.0,"1,E",0.0,"1,E",0.0,"1,E",0.0,",G",0.0,",E",0.0,",G",31.0,",G",0.0,",G",19770703.0,",,E",19770728.0,",1,E",19770714.0,",,G",13.7,",E,03,",0.6,"1,,E,28,",31.9,",G,14,",0.0,G,0.0,",G",1.1,"1,,,E",2.3289999999999997,",E",2.834,",,,G",1.823,",,,E"
AG000060390,1977-08-01,36.7167,3.25,24.0,"ALGER DAR EL BEIDA, AG",368.2,E,143.8,",E",6.0,"3,E",2.0,"3,E",0.0,"3,E",0.0,",G",0.0,",E",0.0,",G",31.0,",G",2.0,",G",19770824.0,",,E",19770829.0,",3,E",19770817.0,",,G",11.7,",E,24,",5.4,"3,,E,29,",33.2,",G,17,",0.0,G,0.0,",G",12.7,"3,,,E",2.2969999999999997,",E",2.872,",,,G",1.723,",,,E"
AG000060390,1977-09-01,36.7167,3.25,24.0,"ALGER DAR EL BEIDA, AG",455.4,E,87.2,",E",1.0,",E",0.0,",E",0.0,",E",0.0,",G",0.0,",E",0.0,",G",30.0,",G",1.0,",G",19770930.0,",,E",19770918.0,",,E",19770916.0,",,G",10.5,",E,30,",2.2,",,E,18,",33.4,",G,16,",0.0,G,0.0,",G",2.3,",,,E",2.1239999999999997,",E",2.755,",,,G",1.4929999999999999,",,,E"
AG000060390,1977-10-01,36.7167,3.25,24.0,"ALGER DAR EL BEIDA, AG",543.7,E,88.3,",E",4.0,"4,E",1.0,"4,E",0.0,"4,E",0.0,",G",0.0,",E",0.0,",G",31.0,",G",2.0,",G",19771013.0,",,E",19771007.0,",4,E",19771005.0,",,G",9.5,",E,13,",5.6,"4,,E,07,",35.0,",G,05,",7.3,G,7.3,",G",7.5,"4,,,E",2.0949999999999998,",E",2.68,",,,G",1.509,",,,E"
AG000060390,1977-11-01,36.7167,3.25,24.0,"ALGER DAR EL BEIDA, AG",545.4,E,1.7,"2,E",10.0,"1,E",8.0,"1,E",4.0,"1,E",0.0,"1,G",0.0,"1,E",0.0,"1,G",17.0,"1,G",0.0,"1,G",19771128.0,",1,E",19771122.0,",1,E",19771103.0,",1,G",6.3,"1,E,28,",48.5,"1,,E,22,",27.0,"1,G,03,",81.2,G,73.9,"1,G",197.9,"1,,,E",1.566,"2,E",2.132,"1,,,G",1.0,"1,,,E"
AG000060390,1977-12-01,36.7167,3.25,24.0,"ALGER DAR EL BEIDA, AG",546.6,E,1.2,",E",7.0,"3,E",1.0,"3,E",0.0,"3,E",0.0,",G",0.0,",E",0.0,",G",7.0,",G",0.0,",G",19771219.0,",,E",19771208.0,",3,E",19771207.0,",,G",0.7,",E,19,",5.0,"3,,E,08,",26.2,",G,07,",229.1,G,147.9,",G",9.9,"3,,,E",1.3599999999999999,",E",1.948,",,,G",0.772,",,,E"
AG000060390,1978-01-01,36.7167,3.25,24.0,"ALGER DAR EL BEIDA, AG",0.0,E,0.0,",E",8.0,"3,E",8.0,"3,E",1.0,"3,E",0.0,",G",1.0,",E",0.0,",G",0.0,",G",0.0,",G",19780115.0,",,E",19780118.0,",3,E",19780125.0,",,G",0.0,",E,15,",27.9,"3,,E,18,",19.2,",G,25,",486.8,G,257.7,",G",105.2,"3,,,E",1.002,",E",1.5539999999999998,",,,G",0.45,",,,E"
AG000060390,1978-02-01,36.7167,3.25,24.0,"ALGER DAR EL BEIDA, AG",7.5,E,7.5,",E",8.0,"1,E",3.0,"1,E",0.0,"1,E",0.0,",G",0.0,",E",0.0,",G",12.0,",G",0.0,",G",19780208.0,",,E",19780212.0,",1,E",19780223.0,",,G",1.0,",E,08,",15.8,"1,,E,12,",29.5,",G,23,",618.6,G,131.8,",G",34.3,"1,,,E",1.389,",E",1.964,",,,G",0.8140000000000001,",,,E"
AG000060390,1978-03-01,36.7167,3.25,24.0,"ALGER DAR EL BEIDA, AG",7.5,E,0.0,",E",12.0,"1,E",9.0,"1,E",0.0,"1,E",0.0,",G",0.0,",E",0.0,",G",9.0,",G",0.0,",G",19780310.0,",,E",19780306.0,",1,E",19780328.0,",,G",2.4,",E,10,",13.1,"1,,E,06,",24.9,",G,28,",791.6,G,173.0,",G",61.5,"1,,,E",1.275,",E",1.887,",,,G",0.6639999999999999,",,,E"
AG000060390,1978-04-01,36.7167,3.25,24.0,"ALGER DAR EL BEIDA, AG",7.5,E,0.0,",E",13.0,"1,E",7.0,"1,E",2.0,"1,E",0.0,",G",0.0,",E",0.0,",G",7.0,",G",0.0,",G",19780404.0,",,E",19780406.0,",1,E",19780426.0,",,G",3.3,",E,04,",93.3,"1,,E,06,",23.4,",G,26,",927.8,G,136.2,",G",195.1,"1,,,E",1.379,",E",1.8829999999999998,",,,G",0.876,",,,E"
AG000060390,1978-05-01,36.7167,3.25,24.0,"ALGER DAR EL BEIDA, AG",15.5,E,8.0,",E",10.0,",E",7.0,",E",1.0,",E",0.0,",G",0.0,",E",0.0,",G",19.0,",G",0.0,",G",19780505.0,",,E",19780525.0,",,E",19780516.0,",,G",6.5,",E,05,",30.9,",,E,25,",29.7,",G,16,",985.4,G,57.6,",G",83.1,",,,E",1.673,",E",2.227,",,,G",1.1199999999999999,",,,E"
AG000060390,1978-06-01,36.7167,3.25,24.0,"ALGER DAR EL BEIDA, AG",78.3,E,62.8,",E",3.0,"2,E",0.0,"2,E",0.0,"2,E",0.0,",G",0.0,",E",0.0,",G",30.0,",G",1.0,",G",19780628.0,",,E",19780619.0,",2,E",19780608.0,",,G",8.8,",E,28,",1.0,"2,,E,19,",34.3,",G,08,",990.4,G,5.0,",G",2.1,"2,,,E",2.0260000000000002,",E",2.609,",,,G",1.443,",,,E"
AG000060390,1978-07-01,36.7167,3.25,24.0,"ALGER DAR EL BEIDA, AG",240.0,E,161.7,",E",1.0,"2,E",0.0,"2,E",0.0,"2,E",0.0,",G",0.0,",E",0.0,",G",31.0,",G",6.0,",G",19780709.0,",,E",19780702.0,",2,E",19780718.0,",,G",10.2,",E,09,",1.3,"2,,E,02,",40.8,",G,18,",0.0,G,0.0,",G",1.3,"2,,,E",2.355,",E",3.066,",,,G",1.6440000000000001,",,,E"
AG000060390,1978-08-01,36.7167,3.25,24.0,"ALGER DAR EL BEIDA, AG",435.4,E,195.4,",E",0.0,",E",0.0,",E",0.0,",E",0.0,",G",0.0,",E",0.0,",G",31.0,",G",9.0,",G",19780809.0,",,E",19780831.0,"+,,E",19780802.0,",,G",12.1,",E,09,",0.0,",,E,31,+",39.0,",G,02,",0.0,G,0.0,",G",0.0,",,,E",2.464,",E",3.102,",,,G",1.825,",,,E"
AG000060390,1978-09-01,36.7167,3.25,24.0,"ALGER DAR EL BEIDA, AG",544.1,E,108.7,",E",1.0,"1,E",1.0,"1,E",0.0,"1,E",0.0,",G",0.0,",E",0.0,",G",30.0,",G",2.0,",G",19780924.0,",,E",19780930.0,",1,E",19780901.0,",,G",11.0,",E,24,",5.6,"1,,E,30,",36.6,",G,01,",0.0,G,0.0,",G",5.8,"1,,,E",2.196,",E",2.883,",,,G",1.508,",,,E"
AG000060390,1978-10-01,36.7167,3.25,24.0,"ALGER DAR EL BEIDA, AG",560.4,E,16.3,",E",7.0,"1,E",6.0,"1,E",2.0,"1,E",0.0,",G",0.0,",E",0.0,",G",22.0,",G",0.0,",G",19781027.0,",,E",19781001.0,",1,E",19781013.0,"+,,G",7.4,",E,27,",53.5,"1,,E,01,",30.8,",G,13,+",61.7,G,61.7,",G",123.7,"1,,,E",1.687,",E",2.286,",,,G",1.087,",,,E"
AG000060390,1978-11-01,36.7167,3.25,24.0,"ALGER DAR EL BEIDA, AG",560.4,E,0.0,",E",6.0,"1,E",3.0,"1,E",0.0,"1,E",0.0,",G",0.0,",E",0.0,",G",13.0,",G",0.0,",G",19781130.0,",,E",19781126.0,",1,E",19781109.0,",,G",1.8,",E,30,",21.1,"1,,E,26,",23.6,",G,09,",218.7,G,157.0,",G",54.9,"1,,,E",1.31,",E",1.989,",,,G",0.631,",,,E"
AG000060390,1978-12-01,36.7167,3.25,24.0,"ALGER DAR EL BEIDA, AG",563.6,E,3.2,",E",7.0,"3,E",5.0,"3,E",0.0,"3,E",0.0,",G",0.0,",E",0.0,",G",14.0,",G",0.0,",G",19781220.0,",,E",19781219.0,",3,E",19781211.0,",,G",3.9,",E,20,",17.5,"3,,E,19,",27.3,",G,11,",344.8,G,126.1,",G",50.5,"3,,,E",1.4369999999999998,",E",1.9929999999999999,",,,G",0.8800000000000001,",,,E"
AG000060390,1979-01-01,36.7167,3.25,24.0,"ALGER DAR EL BEIDA, AG",0.0,E,0.0,"2,E",12.0,"2,E",7.0,"2,E",0.0,"2,E",0.0,"1,G",0.0,"1,E",0.0,"1,G",5.0,"1,G",0.0,"1,G",19790117.0,",1,E",19790102.0,",2,E",19790119.0,",1,G",0.6,"1,E,17,",16.8,"2,,E,02,",25.3,"1,G,19,",488.8,G,144.0,"1,G",60.8,"2,,,E",1.3439999999999999,"2,E",1.847,"1,,,G",0.8400000000000001,"1,,,E"
AG000060390,1979-02-01,36.7167,3.25,24.0,"ALGER DAR EL BEIDA, AG",0.5,E,0.5,",E",12.0,"2,E",8.0,"2,E",1.0,"2,E",0.0,",G",0.0,",E",0.0,",G",8.0,",G",0.0,",G",19790221.0,",,E",19790223.0,",2,E",19790209.0,",,G",1.1,",E,21,",27.2,"2,,E,23,",28.1,",G,09,",650.0,G,161.2,",G",129.5,"2,,,E",1.259,",E",1.78,",,,G",0.739,",,,E"
AG000060390,1979-03-01,36.7167,3.25,24.0,"ALGER DAR EL BEIDA, AG",0.5,E,0.0,",E",11.0,"2,E",8.0,"2,E",1.0,"2,E",0.0,",G",0.0,",E",0.0,",G",7.0,",G",0.0,",G",19790323.0,",,E",19790301.0,",2,E",19790325.0,",,G",2.6,",E,23,",43.1,"2,,E,01,",28.2,",G,25,",825.8,G,175.8,",G",102.9,"2,,,E",1.266,",E",1.8370000000000002,",,,G",0.696,",,,E"
AG000060390,1979-04-01,36.7167,3.25,24.0,"ALGER DAR EL BEIDA, AG",1.2,E,0.7,",E",12.0,"3,E",7.0,"3,E",0.0,"3,E",0.0,",G",0.0,",E",0.0,",G",6.0,",G",0.0,",G",19790421.0,",,E",19790415.0,",3,E",19790413.0,",,G",2.7,",E,21,",11.2,"3,,E,15,",28.9,",G,13,",981.1,G,155.3,",G",40.6,"3,,,E",1.318,",E",1.9170000000000003,",,,G",0.7190000000000001,",,,E"
AG000060390,1979-05-01,36.7167,3.25,24.0,"ALGER DAR EL BEIDA, AG",26.0,E,24.8,",E",5.0,"2,E",2.0,"2,E",0.0,"2,E",0.0,",G",0.0,",E",0.0,",G",25.0,",G",0.0,",G",19790507.0,",,E",19790505.0,",2,E",19790518.0,"+,,G",3.1,",E,07,",4.2,"2,,E,05,",31.0,",G,18,+",1042.8,G,61.7,",G",11.0,"2,,,E",1.714,",E",2.362,",,,G",1.067,",,,E"
AG000060390,1979-06-01,36.7167,3.25,24.0,"ALGER DAR EL BEIDA, AG",144.1,E,118.1,",E",6.0,"1,E",2.0,"1,E",0.0,"1,E",0.0,",G",0.0,",E",0.0,",G",30.0,",G",3.0,",G",19790619.0,",,E",19790614.0,",1,E",19790627.0,",,G",10.1,",E,19,",2.6,"1,,E,14,",34.0,",G,27,",1043.6,G,0.8,",G",8.6,"1,,,E",2.2239999999999998,",E",2.762,",,,G",1.687,",,,E"
AG000060390,1979-07-01,36.7167,3.25,24.0,"ALGER DAR EL BEIDA, AG",332.1,E,188.0,",E",0.0,"3,E",0.0,"3,E",0.0,"3,E",0.0,",G",0.0,",E",0.0,",G",31.0,",G",8.0,",G",19790706.0,",,E",19790731.0,"+,3,E",19790711.0,",,G",14.4,",E,06,",0.0,"3,,E,31,+",37.0,",G,11,",0.0,G,0.0,",G",0.0,"3,,,E",2.44,",E",3.006,",,,G",1.8739999999999999,",,,E"
AG000060390,1979-08-01,36.7167,3.25,24.0,"ALGER DAR EL BEIDA, AG",543.8,E,211.7,",E",2.0,"3,E",1.0,"3,E",0.0,"3,E",0.0,",G",0.0,",E",0.0,",G",31.0,",G",13.0,",G",19790820.0,",,E",19790819.0,",3,E",19790805.0,",,G",12.8,",E,20,",5.1,"3,,E,19,",44.0,",G,05,",0.0,G,0.0,",G",5.7,"3,,,E",2.516,",E",3.154,",,,G",1.8780000000000001,",,,E"
AG000060390,1979-09-01,36.7167,3.25,24.0,"ALGER DAR EL BEIDA, AG",649.1,E,105.3,",E",7.0,"1,E",6.0,"1,E",0.0,"1,E",0.0,",G",0.0,",E",0.0,",G",29.0,",G",1.0,",G",19790925.0,",,E",19790919.0,",1,E",19790915.0,",,G",10.8,",E,25,",20.1,"1,,E,19,",33.7,",G,15,",5.1,G,5.1,",G",79.6,"1,,,E",2.1670000000000003,",E",2.6879999999999997,",,,G",1.6460000000000001,",,,E"
AG000060390,1979-10-01,36.7167,3.25,24.0,"ALGER DAR EL BEIDA, AG",710.5,E,61.4,",E",,,,,,,0.0,",G",0.0,",E",0.0,",G",23.0,",G",1.0,",G",19791028.0,",,E",,,19791008.0,",,G",8.0,",E,28,",,,38.5,",G,08,",30.2,G,25.1,",G",,,1.95,",E",2.496,",,,G",1.404,",,,E"
AG000060390,1979-11-01,36.7167,3.25,24.0,"ALGER DAR EL BEIDA, AG",710.5,E,0.0,",E",13.0,"2,E",11.0,"2,E",2.0,"2,E",0.0,",G",0.0,",E",0.0,",G",6.0,",G",0.0,",G",19791128.0,",,E",19791116.0,",2,E",19791109.0,",,G",1.8,",E,28,",36.3,"2,,E,16,",26.3,",G,09,",197.6,G,167.4,",G",165.6,"2,,,E",1.275,",E",1.832,",,,G",0.7190000000000001,",,,E"
AG000060390,1979-12-01,36.7167,3.25,24.0,"ALGER DAR EL BEIDA, AG",710.5,E,0.0,",E",6.0,"1,E",3.0,"1,E",1.0,"1,E",0.0,",G",0.0,",E",0.0,",G",1.0,",G",0.0,",G",19791223.0,",,E",19791221.0,",1,E",19791213.0,",,G",2.0,",E,23,",33.4,"1,,E,21,",21.7,",G,13,",408.7,G,211.1,",G",58.5,"1,,,E",1.152,",E",1.7129999999999999,",,,G",0.592,",,,E"
AG000060390,1980-01-01,36.7167,3.25,24.0,"ALGER DAR EL BEIDA, AG",0.0,E,0.0,",E",12.0,"1,E",7.0,"1,E",0.0,"1,E",0.0,",G",0.0,",E",0.0,",G",4.0,",G",0.0,",G",19800107.0,",,E",19800111.0,",1,E",19800124.0,",,G",0.8,",E,07,",21.0,"1,,E,11,",23.8,",G,24,",634.6,G,225.9,",G",87.2,"1,,,E",1.105,",E",1.6489999999999998,",,,G",0.5599999999999999,",,,E"
AG000060390,1980-02-01,36.7167,3.25,24.0,"ALGER DAR EL BEIDA, AG",0.0,E,0.0,",E",6.0,"1,E",3.0,"1,E",0.0,"1,E",0.0,",G",0.0,",E",0.0,",G",2.0,",G",0.0,",G",19800213.0,",,E",19800210.0,",1,E",19800205.0,",,G",1.2,",E,13,",10.4,"1,,E,10,",22.5,",G,05,",809.9,G,175.3,",G",23.3,"1,,,E",1.2289999999999999,",E",1.778,",,,G",0.6799999999999999,",,,E"
AG000060390,1980-03-01,36.7167,3.25,24.0,"ALGER DAR EL BEIDA, AG",0.0,E,0.0,",E",11.0,"1,E",4.0,"1,E",1.0,"1,E",0.0,",G",0.0,",E",0.0,",G",8.0,",G",0.0,",G",19800310.0,",,E",19800305.0,",1,E",19800327.0,",,G",2.4,",E,10,",31.9,"1,,E,05,",25.2,",G,27,",965.1,G,155.2,",G",67.5,"1,,,E",1.333,",E",1.9010000000000002,",,,G",0.764,",,,E"
AG000060390,1980-04-01,36.7167,3.25,24.0,"ALGER DAR EL BEIDA, AG",0.2,E,0.2,",E",12.0,"1,E",8.0,"1,E",3.0,"1,E",0.0,",G",0.0,",E",0.0,",G",4.0,",G",0.0,",G",19800423.0,",,E",19800429.0,",1,E",19800401.0,",,G",2.0,",E,23,",39.3,"1,,E,29,",27.5,",G,01,",1128.7,G,163.6,",G",146.0,"1,,,E",1.2890000000000001,",E",1.8519999999999999,",,,G",0.726,",,,E"
AG000060390,1980-05-01,36.7167,3.25,24.0,"ALGER DAR EL BEIDA, AG",6.2,E,6.0,",E",8.0,"4,E",5.0,"4,E",0.0,"4,E",0.0,",G",0.0,",E",0.0,",G",22.0,",G",0.0,",G",19800516.0,",,E",19800518.0,",4,E",19800512.0,",,G",7.3,",E,16,",10.0,"4,,E,18,",28.3,",G,12,",1180.6,G,51.9,",G",30.6,"4,,,E",1.685,",E",2.246,",,,G",1.124,",,,E"
AG000060390,1980-06-01,36.7167,3.25,24.0,"ALGER DAR EL BEIDA, AG",90.7,E,84.5,",E",3.0,",E",0.0,",E",0.0,",E",0.0,",G",0.0,",E",0.0,",G",30.0,",G",0.0,",G",19800604.0,",,E",19800620.0,",,E",19800625.0,",,G",10.4,",E,04,",1.3,",,E,20,",31.2,",G,25,",1181.2,G,0.6,",G",2.2,",,,E",2.113,",E",2.731,",,,G",1.4949999999999999,",,,E"
AG000060390,1980-07-01,36.7167,3.25,24.0,"ALGER DAR EL BEIDA, AG",229.6,E,138.9,",E",0.0,"1,E",0.0,"1,E",0.0,"1,E",0.0,",G",0.0,",E",0.0,",G",31.0,",G",6.0,",G",19800713.0,",,E",19800731.0,"+,1,E",19800716.0,",,G",12.4,",E,13,",0.0,"1,,E,31,+",36.0,",G,16,",0.0,G,0.0,",G",0.0,"1,,,E",2.2809999999999997,",E",2.944,",,,G",1.6190000000000002,",,,E"
AG000060390,1980-08-01,36.7167,3.25,24.0,"ALGER DAR EL BEIDA, AG",450.8,E,221.2,",E",1.0,"1,E",1.0,"1,E",0.0,"1,E",0.0,",G",0.0,",E",0.0,",G",31.0,",G",14.0,",G",19800818.0,",,E",19800825.0,",1,E",19800802.0,",,G",14.5,",E,18,",3.3,"1,,E,25,",44.7,",G,02,",0.0,G,0.0,",G",3.4,"1,,,E",2.5469999999999997,",E",3.19,",,,G",1.903,",,,E"
AG000060390,1980-09-01,36.7167,3.25,24.0,"ALGER DAR EL BEIDA, AG",609.3,E,158.5,",E",3.0,"1,E",0.0,"1,E",0.0,"1,E",0.0,",G",0.0,",E",0.0,",G",30.0,",G",4.0,",G",19800928.0,",,E",19800904.0,",1,E",19800920.0,",,G",14.1,",E,28,",1.6,"1,,E,04,",37.2,",G,20,",0.0,G,0.0,",G",2.7,"1,,,E",2.362,",E",2.945,",,,G",1.778,",,,E"
AG000060390,1980-10-01,36.7167,3.25,24.0,"ALGER DAR EL BEIDA, AG",648.3,E,39.0,",E",8.0,"3,E",4.0,"3,E",0.0,"3,E",0.0,",G",0.0,",E",0.0,",G",26.0,",G",0.0,",G",19801030.0,",,E",19801008.0,",3,E",19801016.0,",,G",5.0,",E,30,",16.2,"3,,E,08,",31.6,",G,16,",41.8,G,41.8,",G",50.9,"3,,,E",1.8239999999999998,",E",2.451,",,,G",1.197,",,,E"
AG000060390,1980-11-01,36.7167,3.25,24.0,"ALGER DAR EL BEIDA, AG",655.1,E,6.8,",E",10.0,"1,E",7.0,"1,E",1.0,"1,E",0.0,",G",0.0,",E",0.0,",G",17.0,",G",0.0,",G",19801130.0,",,E",19801130.0,",1,E",19801108.0,",,G",1.6,",E,30,",27.0,"1,,E,30,",26.1,",G,08,",129.6,G,87.8,",G",77.7,"1,,,E",1.5630000000000002,",E",2.07,",,,G",1.057,",,,E"
AG000060390,1980-12-01,36.7167,3.25,24.0,"ALGER DAR EL BEIDA, AG",655.1,E,0.0,",E",19.0,",E",14.0,",E",4.0,",E",0.0,",G",3.0,",E",0.0,",G",0.0,",G",0.0,",G",19801213.0,",,E",19801217.0,",,E",19801215.0,",,G",-2.3,",E,13,",34.5,",,E,17,",20.0,",G,15,",382.3,G,252.7,",G",238.1,",,,E",1.018,",E",1.5050000000000001,",,,G",0.5309999999999999,",,,E"
AG000060390,1981-01-01,36.7167,3.25,24.0,"ALGER DAR EL BEIDA, AG",0.0,E,0.0,",E",6.0,"3,E",2.0,"3,E",1.0,"3,E",0.0,",G",1.0,",E",0.0,",G",0.0,",G",0.0,",G",19810126.0,",,E",19810113.0,",3,E",19810126.0,",,G",-0.3,",E,26,",26.9,"3,,E,13,",18.9,",G,26,",654.0,G,271.7,",G",40.3,"3,,,E",0.9570000000000001,",E",1.484,",,,G",0.43,",,,E"
AG000060390,1981-02-01,36.7167,3.25,24.0,"ALGER DAR EL BEIDA, AG",0.0,E,0.0,",E",13.0,"1,E",7.0,"1,E",0.0,"1,E",0.0,",G",3.0,",E",0.0,",G",1.0,",G",0.0,",G",19810201.0,",,E",19810219.0,",1,E",19810228.0,",,G",-0.8,",E,01,",10.6,"1,,E,19,",24.7,",G,28,",866.0,G,212.0,",G",60.3,"1,,,E",1.076,",E",1.6059999999999999,",,,G",0.546,",,,E"
AG000060390,1981-03-01,36.7167,3.25,24.0,"ALGER DAR EL BEIDA, AG",1.3,E,1.3,",E",5.0,"2,E",4.0,"2,E",0.0,"2,E",0.0,",G",0.0,",E",0.0,",G",13.0,",G",0.0,",G",19810319.0,",,E",19810317.0,",2,E",19810325.0,",,G",1.8,",E,19,",14.3,"2,,E,17,",29.3,",G,25,",983.7,G,117.7,",G",39.9,"2,,,E",1.458,",E",2.04,",,,G",0.876,",,,E"
AG000060390,1981-04-01,36.7167,3.25,24.0,"ALGER DAR EL BEIDA, AG",6.1,E,4.8,",E",9.0,"4,E",7.0,"4,E",0.0,"4,E",0.0,",G",0.0,",E",0.0,",G",8.0,",G",0.0,",G",19810427.0,",,E",19810422.0,",4,E",19810410.0,",,G",3.1,",E,27,",14.7,"4,,E,22,",31.3,",G,10,",1081.4,G,97.7,",G",54.5,"4,,,E",1.524,",E",1.9780000000000002,",,,G",1.069,",,,E"
AG000060390,1981-05-01,36.7167,3.25,24.0,"ALGER DAR EL BEIDA, AG",25.9,E,19.8,",E",3.0,"5,E",3.0,"5,E",0.0,"5,E",0.0,",G",0.0,",E",0.0,",G",26.0,",G",0.0,",G",19810504.0,",,E",19810501.0,",5,E",19810519.0,",,G",5.9,",E,04,",19.4,"5,,E,01,",29.4,",G,19,",1122.0,G,40.6,",G",44.5,"5,,,E",1.766,",E",2.293,",,,G",1.239,",,,E"
AG000060390,1981-06-01,36.7167,3.25,24.0,"ALGER DAR EL BEIDA, AG",109.1,E,83.2,",E",2.0,",E",1.0,",E",0.0,",E",0.0,",G",0.0,",E",0.0,",G",30.0,",G",0.0,",G",19810604.0,",,E",19810627.0,",,E",19810613.0,",,G",12.1,",E,04,",4.0,",,E,27,",31.5,",G,13,",1122.0,G,0.0,",G",4.6,",,,E",2.1109999999999998,",E",2.644,",,,G",1.577,",,,E"
AG000060390,1981-07-01,36.7167,3.25,24.0,"ALGER DAR EL BEIDA, AG",248.6,E,139.5,",E",1.0,"1,E",0.0,"1,E",0.0,"1,E",0.0,",G",0.0,",E",0.0,",G",31.0,",G",5.0,",G",19810720.0,",,E",19810710.0,",1,E",19810731.0,",,G",12.8,",E,20,",0.3,"1,,E,10,",40.9,",G,31,",0.0,G,0.0,",G",0.3,"1,,,E",2.283,",E",2.881,",,,G",1.685,",,,E"
AG000060390,1981-08-01,36.7167,3.25,24.0,"ALGER DAR EL BEIDA, AG",429.7,E,181.1,",E",2.0,"3,E",2.0,"3,E",0.0,"3,E",0.0,",G",0.0,",E",0.0,",G",31.0,",G",5.0,",G",19810827.0,",,E",19810822.0,",3,E",19810812.0,",,G",13.9,",E,27,",18.6,"3,,E,22,",36.1,",G,12,",0.0,G,0.0,",G",23.2,"3,,,E",2.418,",E",2.9699999999999998,",,,G",1.8649999999999998,",,,E"
AG000060390,1981-09-01,36.7167,3.25,24.0,"ALGER DAR EL BEIDA, AG",575.4,E,145.7,",E",2.0,"3,E",1.0,"3,E",0.0,"3,E",0.0,",G",0.0,",E",0.0,",G",30.0,",G",2.0,",G",19810930.0,",,E",19810922.0,",3,E",19810909.0,",,G",10.7,",E,30,",6.9,"3,,E,22,",38.9,",G,09,",0.1,G,0.1,",G",8.7,"3,,,E",2.319,",E",2.9210000000000003,",,,G",1.716,",,,E"
AG000060390,1981-10-01,36.7167,3.25,24.0,"ALGER DAR EL BEIDA, AG",667.3,E,91.9,",E",5.0,"1,E",4.0,"1,E",1.0,"1,E",0.0,",G",0.0,",E",0.0,",G",27.0,",G",2.0,",G",19811028.0,",,E",19811022.0,",1,E",19811005.0,",,G",6.4,",E,28,",25.5,"1,,E,22,",39.2,",G,05,",15.4,G,15.3,",G",56.5,"1,,,E",2.08,",E",2.7239999999999998,",,,G",1.4369999999999998,",,,E"
AG000060390,1981-11-01,36.7167,3.25,24.0,"ALGER DAR EL BEIDA, AG",667.3,E,0.0,",E",4.0,",E",1.0,",E",0.0,",E",0.0,",G",0.0,",E",0.0,",G",18.0,",G",0.0,",G",19811115.0,",,E",19811129.0,",,E",19811120.0,",,G",4.1,",E,15,",8.4,",,E,29,",25.3,",G,20,",120.5,G,105.1,",G",10.0,",,,E",1.483,",E",2.163,",,,G",0.8019999999999999,",,,E"
AG000060390,1981-12-01,36.7167,3.25,24.0,"ALGER DAR EL BEIDA, AG",670.8,E,3.5,",E",10.0,"1,E",5.0,"1,E",1.0,"1,E",0.0,",G",0.0,",E",0.0,",G",8.0,",G",0.0,",G",19811221.0,",,E",19811203.0,",1,E",19811231.0,",,G",3.2,",E,21,",39.7,"1,,E,03,",24.4,",G,31,",245.4,G,124.9,",G",91.4,"1,,,E",1.442,",E",1.9329999999999998,",,,G",0.95,",,,E"
AG000060390,1982-01-01,36.7167,3.25,24.0,"ALGER DAR EL BEIDA, AG",0.7,E,0.7,",E",12.0,",E",11.0,",E",1.0,",E",0.0,",G",0.0,",E",0.0,",G",7.0,",G",0.0,",G",19820131.0,",,E",19820120.0,",,E",19820108.0,",,G",1.5,",E,31,",26.8,",,E,20,",25.6,",G,08,",430.5,G,185.1,",G",148.6,",,,E",1.238,",E",1.7739999999999998,",,,G",0.7030000000000001,",,,E"
AG000060390,1982-02-01,36.7167,3.25,24.0,"ALGER DAR EL BEIDA, AG",0.7,E,0.0,",E",13.0,"1,E",9.0,"1,E",1.0,"1,E",0.0,",G",0.0,",E",0.0,",G",1.0,",G",0.0,",G",19820206.0,",,E",19820220.0,",1,E",19820215.0,",,G",1.3,",E,06,",29.5,"1,,E,20,",21.8,",G,15,",624.6,G,194.1,",G",116.0,"1,,,E",1.1400000000000001,",E",1.673,",,,G",0.608,",,,E"
AG000060390,1982-03-01,36.7167,3.25,24.0,"ALGER DAR EL BEIDA, AG",0.7,E,0.0,",E",11.0,"4,E",2.0,"4,E",0.0,"4,E",0.0,",G",0.0,",E",0.0,",G",5.0,",G",0.0,",G",19820307.0,",,E",19820329.0,",4,E",19820304.0,",,G",2.3,",E,07,",17.0,"4,,E,29,",24.2,",G,04,",797.4,G,172.8,",G",33.5,"4,,,E",1.276,",E",1.832,",,,G",0.7190000000000001,",,,E"
AG000060390,1982-04-01,36.7167,3.25,24.0,"ALGER DAR EL BEIDA, AG",0.7,E,0.0,"2,E",5.0,"4,E",3.0,"4,E",0.0,"4,E",0.0,"1,G",0.0,"1,E",0.0,"1,G",11.0,"1,G",0.0,"1,G",19820403.0,",1,E",19820419.0,",4,E",19820404.0,",1,G",3.6,"1,E,03,",10.7,"4,,E,19,",26.2,"1,G,04,",905.1,G,107.7,"1,G",24.1,"4,,,E",1.458,"2,E",2.024,"1,,,G",0.892,"1,,,E"
AG000060390,1982-05-01,36.7167,3.25,24.0,"ALGER DAR EL BEIDA, AG",26.5,E,25.8,",E",9.0,"5,E",5.0,"5,E",0.0,"5,E",0.0,",G",0.0,",E",0.0,",G",22.0,",G",0.0,",G",19820502.0,",,E",19820509.0,",5,E",19820523.0,",,G",6.1,",E,02,",19.8,"5,,E,09,",31.3,",G,23,",949.4,G,44.3,",G",50.7,"5,,,E",1.7739999999999998,",E",2.231,",,,G",1.316,",,,E"
AG000060390,1982-06-01,36.7167,3.25,24.0,"ALGER DAR EL BEIDA, AG",172.6,E,146.1,",E",1.0,"2,E",1.0,"2,E",0.0,"2,E",0.0,",G",0.0,",E",0.0,",G",30.0,",G",4.0,",G",19820609.0,",,E",19820602.0,",2,E",19820617.0,",,G",14.4,",E,09,",20.0,"2,,E,02,",37.7,",G,17,",949.4,G,0.0,",G",20.1,"2,,,E",2.32,",E",2.8899999999999997,",,,G",1.75,",,,E"
AG000060390,1982-07-01,36.7167,3.25,24.0,"ALGER DAR EL BEIDA, AG",447.9,E,275.3,",E",0.0,",E",0.0,",E",0.0,",E",0.0,",G",0.0,",E",0.0,",G",31.0,",G",21.0,",G",19820724.0,",,E",19820720.0,",,E",19820705.0,",,G",16.4,",E,24,",0.1,",,E,20,",42.0,",G,05,",0.0,G,0.0,",G",0.1,",,,E",2.721,",E",3.402,",,,G",2.041,",,,E"
AG000060390,1982-08-01,36.7167,3.25,24.0,"ALGER DAR EL BEIDA, AG",663.9,E,216.0,",E",3.0,",E",0.0,",E",0.0,",E",0.0,",G",0.0,",E",0.0,",G",31.0,",G",4.0,",G",19820814.0,",,E",19820827.0,",,E",19820820.0,",,G",14.5,",E,14,",1.3,",,E,27,",38.6,",G,20,",0.0,G,0.0,",G",2.4,",,,E",2.5300000000000002,",E",3.051,",,,G",2.009,",,,E"
AG000060390,1982-09-01,36.7167,3.25,24.0,"ALGER DAR EL BEIDA, AG",812.9,E,149.0,",E",10.0,"4,E",3.0,"4,E",1.0,"4,E",0.0,",G",0.0,",E",0.0,",G",30.0,",G",2.0,",G",19820909.0,",,E",19820902.0,",4,E",19820925.0,",,G",15.1,",E,09,",28.7,"4,,E,02,",35.6,",G,25,",0.1,G,0.1,",G",50.9,"4,,,E",2.33,",E",2.82,",,,G",1.839,",,,E"
AG000060390,1982-10-01,36.7167,3.25,24.0,"ALGER DAR EL BEIDA, AG",843.9,E,31.0,",E",11.0,"3,E",8.0,"3,E",1.0,"3,E",0.0,",G",0.0,",E",0.0,",G",21.0,",G",0.0,",G",19821026.0,",,E",19821020.0,",3,E",19821013.0,",,G",7.0,",E,26,",43.6,"3,,E,20,",29.9,",G,13,",35.3,G,35.2,",G",95.0,"3,,,E",1.8199999999999998,",E",2.335,",,,G",1.3050000000000002,",,,E"
AG000060390,1982-11-01,36.7167,3.25,24.0,"ALGER DAR EL BEIDA, AG",850.1,E,6.2,"2,E",14.0,",E",13.0,",E",2.0,",E",0.0,"1,G",0.0,"1,E",0.0,"1,G",10.0,"1,G",0.0,"1,G",19821123.0,",1,E",19821130.0,",,E",19821107.0,",1,G",4.7,"1,E,23,",44.3,",,E,30,",28.0,"1,G,07,",145.5,G,110.2,"1,G",204.5,",,,E",1.483,"2,E",1.941,"1,,,G",1.024,"1,,,E"
AG000060390,1982-12-01,36.7167,3.25,24.0,"ALGER DAR EL BEIDA, AG",850.1,E,0.0,",E",15.0,"1,E",10.0,"1,E",1.0,"1,E",0.0,",G",0.0,",E",0.0,",G",0.0,",G",0.0,",G",19821231.0,",,E",19821214.0,",1,E",19821220.0,"+,,G",1.3,",E,31,",28.2,"1,,E,14,",19.8,",G,20,+",373.8,G,228.3,",G",127.3,"1,,,E",1.097,",E",1.558,",,,G",0.636,",,,E"
AG000060390,1983-01-01,36.7167,3.25,24.0,"ALGER DAR EL BEIDA, AG",0.0,E,0.0,",E",2.0,"3,E",1.0,"3,E",0.0,"3,E",0.0,",G",4.0,",E",0.0,",G",2.0,",G",0.0,",G",19830126.0,",,E",19830109.0,",3,E",19830118.0,",,G",-1.5,",E,26,",3.1,"3,,E,09,",24.0,",G,18,",643.3,G,269.5,",G",3.7,"3,,,E",0.9640000000000001,",E",1.72,",,,G",0.207,",,,E"
AG000060390,1983-02-01,36.7167,3.25,24.0,"ALGER DAR EL BEIDA, AG",0.0,E,0.0,",E",7.0,"4,E",6.0,"4,E",1.0,"4,E",0.0,",G",1.0,",E",0.0,",G",1.0,",G",0.0,",G",19830204.0,",,E",19830210.0,",4,E",19830201.0,",,G",0.0,",E,04,",29.3,"4,,E,10,",21.7,",G,01,",875.7,G,232.4,",G",81.1,"4,,,E",1.003,",E",1.567,",,,G",0.44000000000000006,",,,E"
AG000060390,1983-03-01,36.7167,3.25,24.0,"ALGER DAR EL BEIDA, AG",0.1,E,0.1,",E",5.0,"3,E",3.0,"3,E",0.0,"3,E",0.0,",G",0.0,",E",0.0,",G",10.0,",G",0.0,",G",19830305.0,",,E",19830328.0,",3,E",19830314.0,",,G",1.9,",E,05,",18.6,"3,,E,28,",28.5,",G,14,",1043.0,G,167.3,",G",36.9,"3,,,E",1.294,",E",1.9149999999999998,",,,G",0.673,",,,E"
AG000060390,1983-04-01,36.7167,3.25,24.0,"ALGER DAR EL BEIDA, AG",13.9,E,13.8,",E",3.0,",E",2.0,",E",0.0,",E",0.0,",G",0.0,",E",0.0,",G",19.0,",G",1.0,",G",19830404.0,",,E",19830425.0,",,E",19830420.0,",,G",3.4,",E,04,",6.5,",,E,25,",32.4,",G,20,",1139.0,G,96.0,",G",11.2,",,,E",1.559,",E",2.2239999999999998,",,,G",0.8949999999999999,",,,E"
AG000060390,1983-05-01,36.7167,3.25,24.0,"ALGER DAR EL BEIDA, AG",31.0,E,17.1,",E",5.0,"2,E",1.0,"2,E",0.0,"2,E",0.0,",G",0.0,",E",0.0,",G",27.0,",G",0.0,",G",19830502.0,",,E",19830522.0,",2,E",19830519.0,",,G",6.6,",E,02,",3.6,"2,,E,22,",29.4,",G,19,",1176.0,G,37.0,",G",8.5,"2,,,E",1.7690000000000001,",E",2.379,",,,G",1.159,",,,E"
AG000060390,1983-06-01,36.7167,3.25,24.0,"ALGER DAR EL BEIDA, AG",141.6,E,110.6,",E",1.0,"1,E",0.0,"1,E",0.0,"1,E",0.0,",G",0.0,",E",0.0,",G",30.0,",G",4.0,",G",19830617.0,",,E",19830613.0,",1,E",19830611.0,",,G",12.3,",E,17,",0.5,"1,,E,13,",36.0,",G,11,",1176.0,G,0.0,",G",0.5,"1,,,E",2.202,",E",2.763,",,,G",1.64,",,,E"
AG000060390,1983-07-01,36.7167,3.25,24.0,"ALGER DAR EL BEIDA, AG",392.0,E,250.4,",E",3.0,",E",2.0,",E",0.0,",E",0.0,",G",0.0,",E",0.0,",G",31.0,",G",10.0,",G",19830708.0,",,E",19830703.0,",,E",19830730.0,",,G",17.0,",E,08,",9.4,",,E,03,",41.5,",G,30,",0.0,G,0.0,",G",14.5,",,,E",2.641,",E",3.21,",,,G",2.072,",,,E"
AG000060390,1983-08-01,36.7167,3.25,24.0,"ALGER DAR EL BEIDA, AG",594.6,E,202.6,",E",4.0,"2,E",1.0,"2,E",0.0,"2,E",0.0,",G",0.0,",E",0.0,",G",31.0,",G",4.0,",G",19830814.0,",,E",19830807.0,",2,E",19830807.0,",,G",14.4,",E,14,",4.7,"2,,E,07,",38.8,",G,07,",0.0,G,0.0,",G",6.4,"2,,,E",2.487,",E",3.066,",,,G",1.908,",,,E"
AG000060390,1983-09-01,36.7167,3.25,24.0,"ALGER DAR EL BEIDA, AG",764.5,E,169.9,",E",0.0,",E",0.0,",E",0.0,",E",0.0,",G",0.0,",E",0.0,",G",30.0,",G",6.0,",G",19830930.0,",,E",19830930.0,"+,,E",19830910.0,",,G",13.0,",E,30,",0.0,",,E,30,+",39.6,",G,10,",0.0,G,0.0,",G",0.0,",,,E",2.4,",E",3.0460000000000003,",,,G",1.7530000000000001,",,,E"
AG000060390,1983-10-01,36.7167,3.25,24.0,"ALGER DAR EL BEIDA, AG",833.2,E,68.7,",E",3.0,"1,E",2.0,"1,E",0.0,"1,E",0.0,",G",0.0,",E",0.0,",G",30.0,",G",2.0,",G",19831028.0,",,E",19831030.0,",1,E",19831010.0,",,G",8.7,",E,28,",14.7,"1,,E,30,",32.3,",G,10,",9.6,G,9.6,",G",20.3,"1,,,E",2.024,",E",2.647,",,,G",1.401,",,,E"
AG000060390,1983-11-01,36.7167,3.25,24.0,"ALGER DAR EL BEIDA, AG",849.1,E,15.9,",E",10.0,"4,E",5.0,"4,E",0.0,"4,E",0.0,",G",0.0,",E",0.0,",G",24.0,",G",0.0,",G",19831113.0,",,E",19831122.0,",4,E",19831106.0,",,G",7.4,",E,13,",15.2,"4,,E,22,",28.9,",G,06,",46.9,G,37.3,",G",49.9,"4,,,E",1.762,",E",2.318,",,,G",1.206,",,,E"
AG000060390,1983-12-01,36.7167,3.25,24.0,"ALGER DAR EL BEIDA, AG",849.1,E,0.0,",E",9.0,"4,E",6.0,"4,E",1.0,"4,E",0.0,",G",0.0,",E",0.0,",G",5.0,",G",0.0,",G",19831206.0,",,E",19831213.0,",4,E",19831225.0,",,G",1.4,",E,06,",46.9,"4,,E,13,",26.6,",G,25,",237.0,G,190.1,",G",99.8,"4,,,E",1.22,",E",1.7719999999999998,",,,G",0.6679999999999999,",,,E"
AG000060390,1984-01-01,36.7167,3.25,24.0,"ALGER DAR EL BEIDA, AG",0.0,E,0.0,",E",13.0,"1,E",6.0,"1,E",2.0,"1,E",0.0,",G",0.0,",E",0.0,",G",1.0,",G",0.0,",G",19840117.0,",,E",19840104.0,",1,E",19840126.0,",,G",2.4,",E,17,",45.4,"1,,E,04,",22.3,",G,26,",458.7,G,221.7,",G",117.8,"1,,,E",1.1179999999999999,",E",1.6,",,,G",0.636,",,,E"
AG000060390,1984-02-01,36.7167,3.25,24.0,"ALGER DAR EL BEIDA, AG",0.0,E,0.0,",E",11.0,"1,E",9.0,"1,E",1.0,"1,E",0.0,",G",0.0,",E",0.0,",G",1.0,",G",0.0,",G",19840217.0,",,E",19840202.0,",1,E",19840228.0,",,G",0.4,",E,17,",25.8,"1,,E,02,",21.2,",G,28,",682.5,G,223.8,",G",81.3,"1,,,E",1.0619999999999998,",E",1.552,",,,G",0.571,",,,E"
AG000060390,1984-03-01,36.7167,3.25,24.0,"ALGER DAR EL BEIDA, AG",0.0,E,0.0,",E",12.0,"2,E",10.0,"2,E",0.0,"2,E",0.0,",G",0.0,",E",0.0,",G",3.0,",G",0.0,",G",19840308.0,",,E",19840328.0,",2,E",19840331.0,",,G",0.9,",E,08,",12.2,"2,,E,28,",23.7,",G,31,",903.8,G,221.3,",G",60.5,"2,,,E",1.1199999999999999,",E",1.655,",,,G",0.584,",,,E"
AG000060390,1984-04-01,36.7167,3.25,24.0,"ALGER DAR EL BEIDA, AG",5.7,E,5.7,",E",6.0,",E",4.0,",E",0.0,",E",0.0,",G",0.0,",E",0.0,",G",9.0,",G",0.0,",G",19840419.0,",,E",19840403.0,",,E",19840422.0,",,G",2.9,",E,19,",12.4,",,E,03,",28.8,",G,22,",994.7,G,90.9,",G",33.0,",,,E",1.549,",E",2.09,",,,G",1.008,",,,E"
AG000060390,1984-05-01,36.7167,3.25,24.0,"ALGER DAR EL BEIDA, AG",6.2,E,0.5,",E",11.0,",E",8.0,",E",2.0,",E",0.0,",G",0.0,",E",0.0,",G",19.0,",G",0.0,",G",19840513.0,",,E",19840530.0,",,E",19840502.0,",,G",5.9,",E,13,",42.9,",,E,30,",27.4,",G,02,",1062.0,G,67.3,",G",124.2,",,,E",1.6179999999999999,",E",2.158,",,,G",1.0779999999999998,",,,E"
AG000060390,1984-06-01,36.7167,3.25,24.0,"ALGER DAR EL BEIDA, AG",76.8,E,70.6,",E",1.0,"3,E",1.0,"3,E",0.0,"3,E",0.0,",G",0.0,",E",0.0,",G",30.0,",G",2.0,",G",19840609.0,",,E",19840602.0,",3,E",19840619.0,",,G",9.1,",E,09,",12.8,"3,,E,02,",35.9,",G,19,",1071.4,G,9.4,",G",12.9,"3,,,E",2.038,",E",2.6079999999999997,",,,G",1.467,",,,E"
AG000060390,1984-07-01,36.7167,3.25,24.0,"ALGER DAR EL BEIDA, AG",295.0,E,218.2,",E",0.0,",E",0.0,",E",0.0,",E",0.0,",G",0.0,",E",0.0,",G",31.0,",G",11.0,",G",19840706.0,",,E",19840731.0,"+,,E",19840710.0,",,G",13.7,",E,06,",0.0,",,E,31,+",42.9,",G,10,",0.0,G,0.0,",G",0.0,",,,E",2.537,",E",3.158,",,,G",1.916,",,,E"
AG000060390,1984-08-01,36.7167,3.25,24.0,"ALGER DAR EL BEIDA, AG",454.1,E,159.1,",E",0.0,"1,E",0.0,"1,E",0.0,"1,E",0.0,",G",0.0,",E",0.0,",G",31.0,",G",2.0,",G",19840819.0,"+,,E",19840831.0,"+,1,E",19840803.0,",,G",13.4,",E,19,+",0.0,"1,,E,31,+",33.6,",G,03,",0.0,G,0.0,",G",0.0,"1,,,E",2.347,",E",2.934,",,,G",1.759,",,,E"
AG000060390,1984-09-01,36.7167,3.25,24.0,"ALGER DAR EL BEIDA, AG",583.6,E,129.5,",E",4.0,"5,E",3.0,"5,E",0.0,"5,E",0.0,",G",0.0,",E",0.0,",G",30.0,",G",5.0,",G",19840926.0,",,E",19840928.0,",5,E",19840907.0,",,G",9.7,",E,26,",14.7,"5,,E,28,",34.9,",G,07,",0.3,G,0.3,",G",23.9,"5,,,E",2.2640000000000002,",E",2.946,",,,G",1.582,",,,E"
AG000060390,1984-10-01,36.7167,3.25,24.0,"ALGER DAR EL BEIDA, AG",602.8,E,19.2,",E",11.0,"2,E",9.0,"2,E",2.0,"2,E",0.0,",G",0.0,",E",0.0,",G",27.0,",G",1.0,",G",19841024.0,",,E",19841009.0,",2,E",19841004.0,",,G",8.0,",E,24,",115.2,"2,,E,09,",34.0,",G,04,",37.4,G,37.1,",G",253.2,"2,,,E",1.775,",E",2.3289999999999997,",,,G",1.222,",,,E"
AG000060390,1984-11-01,36.7167,3.25,24.0,"ALGER DAR EL BEIDA, AG",614.7,E,11.9,",E",8.0,"2,E",5.0,"2,E",0.0,"2,E",0.0,",G",0.0,",E",0.0,",G",17.0,",G",0.0,",G",19841129.0,",,E",19841114.0,",2,E",19841108.0,",,G",3.9,",E,29,",17.4,"2,,E,14,",28.2,",G,08,",111.0,G,73.6,",G",40.7,"2,,,E",1.6280000000000001,",E",2.216,",,,G",1.04,",,,E"
AG000060390,1984-12-01,36.7167,3.25,24.0,"ALGER DAR EL BEIDA, AG",614.7,E,0.0,",E",17.0,",E",12.0,",E",1.0,",E",0.0,",G",0.0,",E",0.0,",G",2.0,",G",0.0,",G",19841224.0,"+,,E",19841228.0,",,E",19841209.0,",,G",2.5,",E,24,+",44.9,",,E,28,",22.2,",G,09,",314.8,G,203.8,",G",136.9,",,,E",1.176,",E",1.668,",,,G",0.6839999999999999,",,,E"
AG000060390,1985-01-01,36.7167,3.25,24.0,"ALGER DAR EL BEIDA, AG",0.0,E,0.0,",E",12.0,"1,E",11.0,"1,E",0.0,"1,E",0.0,",G",2.0,",E",0.0,",G",3.0,",G",0.0,",G",19850110.0,",,E",19850106.0,",1,E",19850122.0,",,G",-3.3,",E,10,",22.9,"1,,E,06,",24.6,",G,22,",587.3,G,272.5,",G",102.9,"1,,,E",0.954,",E",1.497,",,,G",0.41100000000000003,",,,E"
AG000060390,1985-02-01,36.7167,3.25,24.0,"ALGER DAR EL BEIDA, AG",0.8,E,0.8,",E",6.0,"2,E",4.0,"2,E",0.0,"2,E",0.0,",G",0.0,",E",0.0,",G",7.0,",G",0.0,",G",19850203.0,"+,,E",19850210.0,",2,E",19850216.0,",,G",0.8,",E,03,+",14.1,"2,,E,10,",30.4,",G,16,",716.9,G,129.6,",G",34.0,"2,,,E",1.373,",E",2.003,",,,G",0.744,",,,E"
AG000060390,1985-03-01,36.7167,3.25,24.0,"ALGER DAR EL BEIDA, AG",0.8,E,0.0,",E",20.0,",E",15.0,",E",2.0,",E",0.0,",G",0.0,",E",0.0,",G",2.0,",G",0.0,",G",19850315.0,",,E",19850306.0,",,E",19850301.0,",,G",0.9,",E,15,",40.6,",,E,06,",22.9,",G,01,",935.3,G,218.4,",G",219.9,",,,E",1.129,",E",1.6309999999999998,",,,G",0.627,",,,E"
AG000060390,1985-04-01,36.7167,3.25,24.0,"ALGER DAR EL BEIDA, AG",1.0,E,0.2,",E",2.0,"5,E",2.0,"5,E",0.0,"5,E",0.0,",G",0.0,",E",0.0,",G",16.0,",G",0.0,",G",19850412.0,",,E",19850428.0,",5,E",19850404.0,",,G",4.1,",E,12,",4.8,"5,,E,28,",25.8,",G,04,",1037.4,G,102.1,",G",9.1,"5,,,E",1.494,",E",2.114,",,,G",0.874,",,,E"
AG000060390,1985-05-01,36.7167,3.25,24.0,"ALGER DAR EL BEIDA, AG",22.0,E,21.0,",E",14.0,"3,E",10.0,"3,E",1.0,"3,E",0.0,",G",0.0,",E",0.0,",G",19.0,",G",0.0,",G",19850509.0,",,E",19850512.0,",3,E",19850502.0,",,G",5.8,",E,09,",26.7,"3,,E,12,",30.0,",G,02,",1093.8,G,56.4,",G",111.2,"3,,,E",1.719,",E",2.237,",,,G",1.201,",,,E"
AG000060390,1985-06-01,36.7167,3.25,24.0,"ALGER DAR EL BEIDA, AG",144.7,E,122.7,",E",0.0,"4,E",0.0,"4,E",0.0,"4,E",0.0,",G",0.0,",E",0.0,",G",30.0,",G",1.0,",G",19850608.0,",,E",19850630.0,"+,4,E",19850613.0,",,G",13.6,",E,08,",0.0,"4,,E,30,+",38.8,",G,13,",1093.8,G,0.0,",G",0.0,"4,,,E",2.242,",E",2.799,",,,G",1.685,",,,E"
AG000060390,1985-07-01,36.7167,3.25,24.0,"ALGER DAR EL BEIDA, AG",356.5,E,211.8,",E",0.0,"1,E",0.0,"1,E",0.0,"1,E",0.0,",G",0.0,",E",0.0,",G",31.0,",G",8.0,",G",19850715.0,",,E",19850731.0,"+,1,E",19850708.0,",,G",15.2,",E,15,",0.0,"1,,E,31,+",36.5,",G,08,",0.0,G,0.0,",G",0.0,"1,,,E",2.5170000000000003,",E",3.145,",,,G",1.888,",,,E"
AG000060390,1985-08-01,36.7167,3.25,24.0,"ALGER DAR EL BEIDA, AG",556.0,E,199.5,",E",0.0,",E",0.0,",E",0.0,",E",0.0,",G",0.0,",E",0.0,",G",31.0,",G",3.0,",G",19850829.0,",,E",19850831.0,"+,,E",19850805.0,",,G",11.6,",E,29,",0.0,",,E,31,+",41.7,",G,05,",0.0,G,0.0,",G",0.0,",,,E",2.477,",E",3.09,",,,G",1.864,",,,E"
AG000060390,1985-09-01,36.7167,3.25,24.0,"ALGER DAR EL BEIDA, AG",698.0,E,142.0,",E",6.0,"1,E",4.0,"1,E",0.0,"1,E",0.0,",G",0.0,",E",0.0,",G",30.0,",G",2.0,",G",19850901.0,",,E",19850917.0,",1,E",19850902.0,",,G",13.4,",E,01,",14.1,"1,,E,17,",35.4,",G,02,",0.0,G,0.0,",G",32.7,"1,,,E",2.307,",E",2.9170000000000003,",,,G",1.6960000000000002,",,,E"
AG000060390,1985-10-01,36.7167,3.25,24.0,"ALGER DAR EL BEIDA, AG",759.8,E,61.8,",E",6.0,",E",2.0,",E",0.0,",E",0.0,",G",0.0,",E",0.0,",G",29.0,",G",3.0,",G",19851023.0,",,E",19851028.0,",,E",19851003.0,",,G",8.5,",E,23,",13.5,",,E,28,",34.5,",G,03,",7.2,G,7.2,",G",29.3,",,,E",2.0100000000000002,",E",2.658,",,,G",1.361,",,,E"
AG000060390,1985-11-01,36.7167,3.25,24.0,"ALGER DAR EL BEIDA, AG",790.6,E,30.8,",E",9.0,"2,E",5.0,"2,E",1.0,"2,E",0.0,",G",0.0,",E",0.0,",G",14.0,",G",1.0,",G",19851124.0,",,E",19851117.0,",2,E",19851109.0,",,G",3.1,",E,24,",45.1,"2,,E,17,",33.1,",G,09,",88.4,G,81.2,",G",89.8,"2,,,E",1.6649999999999998,",E",2.15,",,,G",1.1800000000000002,",,,E"
AG000060390,1985-12-01,36.7167,3.25,24.0,"ALGER DAR EL BEIDA, AG",791.7,E,1.1,",E",12.0,"2,E",8.0,"2,E",1.0,"2,E",0.0,",G",0.0,",E",0.0,",G",6.0,",G",0.0,",G",19851221.0,",,E",19851213.0,",2,E",19851228.0,",,G",1.6,",E,21,",28.8,"2,,E,13,",23.6,",G,28,",258.7,G,170.3,",G",77.9,"2,,,E",1.287,",E",1.816,",,,G",0.758,",,,E"
AG000060390,1986-01-01,36.7167,3.25,24.0,"ALGER DAR EL BEIDA, AG",0.0,E,0.0,",E",16.0,"1,E",6.0,"1,E",0.0,"1,E",0.0,",G",0.0,",E",0.0,",G",1.0,",G",0.0,",G",19860119.0,",,E",19860130.0,",1,E",19860102.0,",,G",0.7,",E,19,",14.7,"1,,E,30,",21.1,",G,02,",483.1,G,224.4,",G",68.1,"1,,,E",1.1099999999999999,",E",1.6320000000000001,",,,G",0.587,",,,E"
AG000060390,1986-02-01,36.7167,3.25,24.0,"ALGER DAR EL BEIDA, AG",1.1,E,1.1,",E",10.0,"2,E",5.0,"2,E",0.0,"2,E",0.0,",G",0.0,",E",0.0,",G",5.0,",G",0.0,",G",19860213.0,",,E",19860208.0,",2,E",19860228.0,",,G",0.5,",E,13,",22.9,"2,,E,08,",26.1,",G,28,",663.7,G,180.6,",G",54.3,"2,,,E",1.192,",E",1.702,",,,G",0.682,",,,E"
AG000060390,1986-03-01,36.7167,3.25,24.0,"ALGER DAR EL BEIDA, AG",3.4,E,2.3,",E",14.0,",E",13.0,",E",2.0,",E",0.0,",G",0.0,",E",0.0,",G",6.0,",G",0.0,",G",19860327.0,",,E",19860306.0,",,E",19860324.0,",,G",2.0,",E,27,",37.1,",,E,06,",25.7,",G,24,",847.7,G,184.0,",G",151.3,",,,E",1.247,",E",1.759,",,,G",0.735,",,,E"
AG000060390,1986-04-01,36.7167,3.25,24.0,"ALGER DAR EL BEIDA, AG",6.2,E,2.8,",E",7.0,"3,E",2.0,"3,E",0.0,"3,E",0.0,",G",0.0,",E",0.0,",G",11.0,",G",0.0,",G",19860414.0,",,E",19860412.0,",3,E",19860402.0,",,G",2.0,",E,14,",10.8,"3,,E,12,",29.3,",G,02,",979.1,G,131.4,",G",20.3,"3,,,E",1.405,",E",2.0170000000000003,",,,G",0.792,",,,E"
AG000060390,1986-05-01,36.7167,3.25,24.0,"ALGER DAR EL BEIDA, AG",54.0,E,47.8,",E",3.0,",E",0.0,",E",0.0,",E",0.0,",G",0.0,",E",0.0,",G",26.0,",G",0.0,",G",19860501.0,",,E",19860503.0,",,E",19860526.0,",,G",5.8,",E,01,",0.6,",,E,03,",31.1,",G,26,",1008.5,G,29.4,",G",1.5,",,,E",1.893,",E",2.4850000000000003,",,,G",1.3,",,,E"
AG000060390,1986-06-01,36.7167,3.25,24.0,"ALGER DAR EL BEIDA, AG",156.1,E,102.1,",E",3.0,"1,E",2.0,"1,E",0.0,"1,E",0.0,",G",0.0,",E",0.0,",G",30.0,",G",3.0,",G",19860610.0,",,E",19860601.0,",1,E",19860626.0,",,G",10.0,",E,10,",10.6,"1,,E,01,",40.5,",G,26,",1010.2,G,1.7,",G",15.4,"1,,,E",2.168,",E",2.777,",,,G",1.559,",,,E"
AG000060390,1986-07-01,36.7167,3.25,24.0,"ALGER DAR EL BEIDA, AG",342.7,E,186.6,",E",2.0,"1,E",2.0,"1,E",0.0,"1,E",0.0,",G",0.0,",E",0.0,",G",31.0,",G",7.0,",G",19860722.0,",,E",19860714.0,",1,E",19860723.0,",,G",13.4,",E,22,",16.8,"1,,E,14,",43.2,",G,23,",0.0,G,0.0,",G",20.3,"1,,,E",2.435,",E",3.086,",,,G",1.784,",,,E"
AG000060390,1986-08-01,36.7167,3.25,24.0,"ALGER DAR EL BEIDA, AG",622.1,E,279.4,",E",3.0,",E",0.0,",E",0.0,",E",0.0,",G",0.0,",E",0.0,",G",31.0,",G",25.0,",G",19860808.0,",,E",19860810.0,",,E",19860818.0,",,G",15.1,",E,08,",2.0,",,E,10,",38.4,",G,18,",0.0,G,0.0,",G",3.4,",,,E",2.7350000000000003,",E",3.3880000000000003,",,,G",2.081,",,,E"
AG000060390,1986-09-01,36.7167,3.25,24.0,"ALGER DAR EL BEIDA, AG",799.9,E,177.8,",E",5.0,"2,E",4.0,"2,E",2.0,"2,E",0.0,",G",0.0,",E",0.0,",G",30.0,",G",9.0,",G",19860903.0,",,E",19860930.0,",2,E",19860916.0,",,G",13.2,",E,03,",57.1,"2,,E,30,",41.1,",G,16,",0.0,G,0.0,",G",112.5,"2,,,E",2.426,",E",3.034,",,,G",1.818,",,,E"
AG000060390,1986-10-01,36.7167,3.25,24.0,"ALGER DAR EL BEIDA, AG",887.8,E,87.9,",E",9.0,"3,E",5.0,"3,E",0.0,"3,E",0.0,",G",0.0,",E",0.0,",G",31.0,",G",0.0,",G",19861030.0,",,E",19861025.0,",3,E",19861003.0,",,G",10.4,",E,30,",7.6,"3,,E,25,",31.4,",G,03,",9.1,G,9.1,",G",28.6,"3,,,E",2.087,",E",2.6109999999999998,",,,G",1.564,",,,E"
AG000060390,1986-11-01,36.7167,3.25,24.0,"ALGER DAR EL BEIDA, AG",893.4,E,5.6,",E",13.0,",E",7.0,",E",1.0,",E",0.0,",G",0.0,",E",0.0,",G",12.0,",G",0.0,",G",19861107.0,",,E",19861119.0,",,E",19861111.0,",,G",4.8,",E,07,",29.1,",,E,19,",25.9,",G,11,",108.7,G,99.6,",G",96.8,",,,E",1.52,",E",2.05,",,,G",0.99,",,,E"
AG000060390,1986-12-01,36.7167,3.25,24.0,"ALGER DAR EL BEIDA, AG",893.4,E,0.0,",E",12.0,"2,E",7.0,"2,E",3.0,"2,E",0.0,",G",0.0,",E",0.0,",G",1.0,",G",0.0,",G",19861231.0,",,E",19861223.0,",2,E",19861219.0,",,G",0.7,",E,31,",45.3,"2,,E,23,",21.5,",G,19,",318.9,G,210.2,",G",173.9,"2,,,E",1.155,",E",1.6640000000000001,",,,G",0.647,",,,E"
AG000060390,1987-01-01,36.7167,3.25,24.0,"ALGER DAR EL BEIDA, AG",0.0,E,0.0,",E",10.0,"4,E",9.0,"4,E",0.0,"4,E",0.0,",G",2.0,",E",0.0,",G",3.0,",G",0.0,",G",19870120.0,",,E",19870117.0,",4,E",19870127.0,",,G",-1.0,",E,20,",21.7,"4,,E,17,",21.7,",G,27,",550.1,G,231.2,",G",92.6,"4,,,E",1.088,",E",1.634,",,,G",0.542,",,,E"
AG000060390,1987-02-01,36.7167,3.25,24.0,"ALGER DAR EL BEIDA, AG",0.0,E,0.0,",E",13.0,",E",9.0,",E",1.0,",E",0.0,",G",0.0,",E",0.0,",G",2.0,",G",0.0,",G",19870224.0,"+,,E",19870219.0,",,E",19870202.0,",,G",2.9,",E,24,+",42.7,",,E,19,",23.5,",G,02,",725.8,G,175.7,",G",132.4,",,,E",1.206,",E",1.675,",,,G",0.736,",,,E"
AG000060390,1987-03-01,36.7167,3.25,24.0,"ALGER DAR EL BEIDA, AG",0.0,E,0.0,",E",6.0,"3,E",3.0,"3,E",0.0,"3,E",0.0,",G",0.0,",E",0.0,",G",10.0,",G",0.0,",G",19870331.0,",,E",19870328.0,",3,E",19870325.0,",,G",3.4,",E,31,",4.4,"3,,E,28,",26.5,",G,25,",879.7,G,153.9,",G",14.2,"3,,,E",1.337,",E",1.927,",,,G",0.747,",,,E"
AG000060390,1987-04-01,36.7167,3.25,24.0,"ALGER DAR EL BEIDA, AG",22.6,E,22.6,",E",0.0,",E",0.0,",E",0.0,",E",0.0,",G",0.0,",E",0.0,",G",20.0,",G",2.0,",G",19870416.0,"+,,E",19870414.0,"+,,E",19870427.0,",,G",4.4,",E,16,+",0.2,",,E,14,+",36.5,",G,27,",950.2,G,70.5,",G",0.4,",,,E",1.674,",E",2.3329999999999997,",,,G",1.014,",,,E"
AG000060390,1987-05-01,36.7167,3.25,24.0,"ALGER DAR EL BEIDA, AG",35.5,E,12.9,",E",9.0,",E",2.0,",E",0.0,",E",0.0,",G",0.0,",E",0.0,",G",26.0,",G",0.0,",G",19870506.0,",,E",19870527.0,",,E",19870531.0,"+,,G",4.2,",E,06,",3.5,",,E,27,",27.5,",G,31,+",986.2,G,36.0,",G",12.7,",,,E",1.759,",E",2.3280000000000003,",,,G",1.19,",,,E"
AG000060390,1987-06-01,36.7167,3.25,24.0,"ALGER DAR EL BEIDA, AG",148.6,E,113.1,",E",4.0,",E",1.0,",E",0.0,",E",0.0,",G",0.0,",E",0.0,",G",30.0,",G",1.0,",G",19870616.0,",,E",19870610.0,",,E",19870625.0,",,G",11.4,",E,16,",18.5,",,E,10,",35.3,",G,25,",986.2,G,0.0,",G",19.8,",,,E",2.21,",E",2.7809999999999997,",,,G",1.64,",,,E"
AG000060390,1987-07-01,36.7167,3.25,24.0,"ALGER DAR EL BEIDA, AG",375.7,E,227.1,",E",2.0,"1,E",0.0,"1,E",0.0,"1,E",0.0,",G",0.0,",E",0.0,",G",31.0,",G",4.0,",G",19870728.0,",,E",19870720.0,",1,E",19870718.0,",,G",16.5,",E,28,",1.8,"1,,E,20,",34.9,",G,18,",0.0,G,0.0,",G",3.6,"1,,,E",2.566,",E",3.025,",,,G",2.106,",,,E"
AG000060390,1987-08-01,36.7167,3.25,24.0,"ALGER DAR EL BEIDA, AG",642.9,E,267.2,",E",1.0,"2,E",0.0,"2,E",0.0,"2,E",0.0,",G",0.0,",E",0.0,",G",31.0,",G",15.0,",G",19870820.0,",,E",19870830.0,",2,E",19870811.0,",,G",16.1,",E,20,",0.6,"2,,E,30,",42.4,",G,11,",0.0,G,0.0,",G",0.8,"2,,,E",2.695,",E",3.307,",,,G",2.0829999999999997,",,,E"
AG000060390,1987-09-01,36.7167,3.25,24.0,"ALGER DAR EL BEIDA, AG",868.2,E,225.3,",E",3.0,"1,E",2.0,"1,E",0.0,"1,E",0.0,",G",0.0,",E",0.0,",G",30.0,",G",9.0,",G",19870908.0,",,E",19870929.0,",1,E",19870921.0,",,G",15.6,",E,08,",6.1,"1,,E,29,",38.5,",G,21,",0.0,G,0.0,",G",13.5,"1,,,E",2.584,",E",3.1550000000000002,",,,G",2.0140000000000002,",,,E"
AG000060390,1987-10-01,36.7167,3.25,24.0,"ALGER DAR EL BEIDA, AG",1005.9,E,137.7,",E",4.0,"4,E",1.0,"4,E",0.0,"4,E",0.0,",G",0.0,",E",0.0,",G",30.0,",G",5.0,",G",19871015.0,",,E",19871010.0,",4,E",19871024.0,",,G",11.2,",E,15,",19.8,"4,,E,10,",36.5,",G,24,",0.8,G,0.8,",G",22.1,"4,,,E",2.275,",E",2.802,",,,G",1.748,",,,E"
AG000060390,1987-11-01,36.7167,3.25,24.0,"ALGER DAR EL BEIDA, AG",1032.4,E,26.5,",E",14.0,",E",7.0,",E",1.0,",E",0.0,",G",0.0,",E",0.0,",G",12.0,",G",0.0,",G",19871129.0,",,E",19871110.0,",,E",19871102.0,",,G",2.8,",E,29,",38.8,",,E,10,",31.4,",G,02,",108.8,G,108.0,",G",93.3,",,,E",1.5619999999999998,",E",2.054,",,,G",1.069,",,,E"
AG000060390,1987-12-01,36.7167,3.25,24.0,"ALGER DAR EL BEIDA, AG",1036.7,E,4.3,",E",9.0,"3,E",4.0,"3,E",1.0,"3,E",0.0,",G",0.0,",E",0.0,",G",9.0,",G",0.0,",G",19871231.0,",,E",19871209.0,",3,E",19871204.0,",,G",2.4,",E,31,",44.0,"3,,E,09,",24.9,",G,04,",244.6,G,135.8,",G",81.5,"3,,,E",1.409,",E",1.918,",,,G",0.9,",,,E"
AG000060390,1988-01-01,36.7167,3.25,24.0,"ALGER DAR EL BEIDA, AG",0.0,E,0.0,",E",8.0,"2,E",4.0,"2,E",0.0,"2,E",0.0,",G",0.0,",E",0.0,",G",4.0,",G",0.0,",G",19880105.0,",,E",19880120.0,",2,E",19880105.0,",,G",3.4,",E,05,",20.3,"2,,E,20,",23.7,",G,05,",409.8,G,165.2,",G",44.4,"2,,,E",1.3,",E",1.8030000000000002,",,,G",0.798,",,,E"
AG000060390,1988-02-01,36.7167,3.25,24.0,"ALGER DAR EL BEIDA, AG",0.0,E,0.0,",E",13.0,"1,E",8.0,"1,E",0.0,"1,E",0.0,",G",2.0,",E",0.0,",G",3.0,",G",0.0,",G",19880229.0,",,E",19880207.0,",1,E",19880201.0,",,G",-1.9,",E,29,",11.0,"1,,E,07,",24.6,",G,01,",619.5,G,209.7,",G",51.3,"1,,,E",1.1099999999999999,",E",1.669,",,,G",0.5519999999999999,",,,E"
AG000060390,1988-03-01,36.7167,3.25,24.0,"ALGER DAR EL BEIDA, AG",0.0,E,0.0,",E",8.0,",E",2.0,",E",1.0,",E",0.0,",G",0.0,",E",0.0,",G",9.0,",G",0.0,",G",19880302.0,",,E",19880305.0,",,E",19880326.0,",,G",0.7,",E,02,",38.8,",,E,05,",27.8,",G,26,",805.9,G,186.4,",G",53.3,",,,E",1.232,",E",1.8960000000000001,",,,G",0.568,",,,E"
AG000060390,1988-04-01,36.7167,3.25,24.0,"ALGER DAR EL BEIDA, AG",0.3,E,0.3,",E",7.0,"1,E",6.0,"1,E",0.0,"1,E",0.0,",G",0.0,",E",0.0,",G",17.0,",G",0.0,",G",19880404.0,"+,,E",19880403.0,",1,E",19880416.0,",,G",3.4,",E,04,+",10.0,"1,,E,03,",27.9,",G,16,",892.6,G,86.7,",G",42.9,"1,,,E",1.545,",E",2.125,",,,G",0.966,",,,E"
AG000060390,1988-05-01,36.7167,3.25,24.0,"ALGER DAR EL BEIDA, AG",27.0,E,26.7,",E",7.0,"2,E",4.0,"2,E",0.0,"2,E",0.0,",G",0.0,",E",0.0,",G",29.0,",G",0.0,",G",19880501.0,",,E",19880523.0,",2,E",19880529.0,",,G",9.2,",E,01,",14.0,"2,,E,23,",29.0,",G,29,",903.0,G,10.4,",G",32.8,"2,,,E",1.886,",E",2.434,",,,G",1.337,",,,E"
AG000060390,1988-06-01,36.7167,3.25,24.0,"ALGER DAR EL BEIDA, AG",141.0,E,114.0,",E",6.0,"1,E",5.0,"1,E",1.0,"1,E",0.0,",G",0.0,",E",0.0,",G",30.0,",G",3.0,",G",19880617.0,",,E",19880616.0,",1,E",19880630.0,",,G",12.4,",E,17,",25.8,"1,,E,16,",38.9,",G,30,",903.0,G,0.0,",G",43.4,"1,,,E",2.213,",E",2.768,",,,G",1.658,",,,E"
AG000060390,1988-07-01,36.7167,3.25,24.0,"ALGER DAR EL BEIDA, AG",363.3,E,222.3,",E",0.0,",E",0.0,",E",0.0,",E",0.0,",G",0.0,",E",0.0,",G",31.0,",G",4.0,",G",19880703.0,",,E",19880731.0,"+,,E",19880729.0,",,G",15.7,",E,03,",0.0,",,E,31,+",36.5,",G,29,",0.0,G,0.0,",G",0.0,",,,E",2.55,",E",3.065,",,,G",2.036,",,,E"
AG000060390,1988-08-01,36.7167,3.25,24.0,"ALGER DAR EL BEIDA, AG",625.5,E,262.2,"1,E",1.0,",E",0.0,",E",0.0,",E",0.0,"1,G",0.0,"1,E",0.0,",G",31.0,",G",11.0,",G",19880825.0,",1,E",19880830.0,",,E",19880803.0,",,G",14.9,"1,E,25,",0.6,",,E,30,",47.5,",G,03,",0.0,G,0.0,",G",0.6,",,,E",2.712,"1,E",3.344,",,,G",2.0789999999999997,"1,,,E"
AG000060390,1988-09-01,36.7167,3.25,24.0,"ALGER DAR EL BEIDA, AG",763.0,E,137.5,",E",4.0,"1,E",3.0,"1,E",0.0,"1,E",0.0,",G",0.0,",E",0.0,",G",29.0,",G",6.0,",G",19880918.0,",,E",19880914.0,",1,E",19880911.0,",,G",11.7,",E,18,",22.5,"1,,E,14,",36.1,",G,11,",4.0,G,4.0,",G",37.9,"1,,,E",2.278,",E",2.88,",,,G",1.6760000000000002,",,,E"
AG000060390,1988-10-01,36.7167,3.25,24.0,"ALGER DAR EL BEIDA, AG",882.6,E,119.6,",E",4.0,",E",3.0,",E",0.0,",E",0.0,",G",0.0,",E",0.0,",G",31.0,",G",5.0,",G",19881025.0,",,E",19881012.0,",,E",19881015.0,",,G",7.8,",E,25,",19.5,",,E,12,",36.0,",G,15,",12.9,G,8.9,",G",27.0,",,,E",2.19,",E",2.835,",,,G",1.546,",,,E"
AG000060390,1988-11-01,36.7167,3.25,24.0,"ALGER DAR EL BEIDA, AG",906.6,E,24.0,",E",6.0,"3,E",5.0,"3,E",1.0,"3,E",0.0,",G",0.0,",E",0.0,",G",17.0,",G",0.0,",G",19881125.0,",,E",19881121.0,",3,E",19881104.0,",,G",3.8,",E,25,",35.8,"3,,E,21,",30.0,",G,04,",98.8,G,85.9,",G",64.1,"3,,,E",1.627,",E",2.148,",,,G",1.106,",,,E"
AG000060390,1988-12-01,36.7167,3.25,24.0,"ALGER DAR EL BEIDA, AG",906.6,E,0.0,",E",19.0,",E",14.0,",E",2.0,",E",0.0,",G",0.0,",E",0.0,",G",0.0,",G",0.0,",G",19881229.0,",,E",19881213.0,",,E",19881205.0,",,G",0.5,",E,29,",44.9,",,E,13,",20.5,",G,05,",323.1,G,224.3,",G",179.6,",,,E",1.1099999999999999,",E",1.598,",,,G",0.621,",,,E"
AG000060390,1989-01-01,36.7167,3.25,24.0,"ALGER DAR EL BEIDA, AG",0.0,E,0.0,",E",8.0,",E",4.0,",E",0.0,",E",0.0,",G",1.0,",E",0.0,",G",3.0,",G",0.0,",G",19890102.0,",,E",19890105.0,",,E",19890109.0,",,G",-0.4,",E,02,",15.5,",,E,05,",23.0,",G,09,",557.7,G,234.6,",G",42.9,",,,E",1.076,",E",1.658,",,,G",0.495,",,,E"
AG000060390,1989-02-01,36.7167,3.25,24.0,"ALGER DAR EL BEIDA, AG",0.4,E,0.4,",E",6.0,"3,E",2.0,"3,E",0.0,"3,E",0.0,",G",0.0,",E",0.0,",G",4.0,",G",0.0,",G",19890217.0,",,E",19890209.0,",3,E",19890220.0,",,G",1.0,",E,17,",16.0,"3,,E,09,",23.0,",G,20,",726.0,G,168.3,",G",24.9,"3,,,E",1.233,",E",1.8239999999999998,",,,G",0.643,",,,E"
AG000060390,1989-03-01,36.7167,3.25,24.0,"ALGER DAR EL BEIDA, AG",2.0,E,1.6,"4,E",8.0,",E",3.0,",E",0.0,",E",0.0,"2,G",0.0,"2,E",0.0,"2,G",10.0,"2,G",0.0,"2,G",19890312.0,",2,E",19890320.0,",,E",19890327.0,",2,G",3.5,"2,E,12,",12.9,",,E,20,",29.4,"2,G,27,",855.4,G,129.4,"2,G",24.2,",,,E",1.381,"4,E",2.016,"2,,,G",0.746,"2,,,E"
AG000060390,1989-04-01,36.7167,3.25,24.0,"ALGER DAR EL BEIDA, AG",8.4,E,6.4,"2,E",11.0,",E",9.0,",E",0.0,",E",0.0,"1,G",0.0,"1,E",0.0,"1,G",9.0,"1,G",0.0,"1,G",19890418.0,",1,E",19890410.0,",,E",19890409.0,",1,G",3.6,"1,E,18,",25.0,",,E,10,",29.6,"1,G,09,",954.8,G,99.4,"1,G",96.9,",,,E",1.5230000000000001,"2,E",2.0789999999999997,"1,,,G",0.968,"1,,,E"
AG000060390,1989-05-01,36.7167,3.25,24.0,"ALGER DAR EL BEIDA, AG",52.9,E,44.5,",E",4.0,"2,E",1.0,"2,E",0.0,"2,E",0.0,",G",0.0,",E",0.0,",G",29.0,",G",1.0,",G",19890501.0,",,E",19890524.0,",2,E",19890529.0,",,G",4.8,",E,01,",3.2,"2,,E,24,",33.0,",G,29,",984.7,G,29.9,",G",6.8,"2,,,E",1.8800000000000001,",E",2.466,",,,G",1.294,",,,E"
AG000060390,1989-06-01,36.7167,3.25,24.0,"ALGER DAR EL BEIDA, AG",173.7,E,120.8,",E",3.0,"1,E",2.0,"1,E",0.0,"1,E",0.0,",G",0.0,",E",0.0,",G",29.0,",G",6.0,",G",19890606.0,",,E",19890605.0,",1,E",19890625.0,",,G",11.0,",E,06,",6.6,"1,,E,05,",35.1,",G,25,",984.8,G,0.1,",G",10.1,"1,,,E",2.2359999999999998,",E",2.887,",,,G",1.584,",,,E"
AG000060390,1989-07-01,36.7167,3.25,24.0,"ALGER DAR EL BEIDA, AG",439.9,E,266.2,",E",1.0,"1,E",0.0,"1,E",0.0,"1,E",0.0,",G",0.0,",E",0.0,",G",31.0,",G",18.0,",G",19890715.0,",,E",19890711.0,",1,E",19890710.0,",,G",15.3,",E,15,",0.8,"1,,E,11,",41.4,",G,10,",0.0,G,0.0,",G",0.9,"1,,,E",2.692,",E",3.3649999999999998,",,,G",2.019,",,,E"
AG000060390,1989-08-01,36.7167,3.25,24.0,"ALGER DAR EL BEIDA, AG",740.8,E,300.9,",E",3.0,"1,E",1.0,"1,E",0.0,"1,E",0.0,",G",0.0,",E",0.0,",G",31.0,",G",29.0,",G",19890803.0,",,E",19890831.0,",1,E",19890810.0,",,G",17.8,",E,03,",2.9,"1,,E,31,",41.8,",G,10,",0.0,G,0.0,",G",3.7,"1,,,E",2.804,",E",3.393,",,,G",2.215,",,,E"
AG000060390,1989-09-01,36.7167,3.25,24.0,"ALGER DAR EL BEIDA, AG",911.9,E,171.1,",E",3.0,"1,E",2.0,"1,E",1.0,"1,E",0.0,",G",0.0,",E",0.0,",G",30.0,",G",2.0,",G",19890916.0,",,E",19890901.0,",1,E",19890918.0,",,G",13.5,",E,16,",30.4,"1,,E,01,",34.1,",G,18,",0.0,G,0.0,",G",40.5,"1,,,E",2.404,",E",2.928,",,,G",1.8800000000000001,",,,E"
AG000060390,1989-10-01,36.7167,3.25,24.0,"ALGER DAR EL BEIDA, AG",973.9,E,62.0,",E",2.0,",E",2.0,",E",0.0,",E",0.0,",G",0.0,",E",0.0,",G",30.0,",G",0.0,",G",19891011.0,",,E",19891014.0,",,E",19891027.0,",,G",9.5,",E,11,",10.8,",,E,14,",31.4,",G,27,",1.7,G,1.7,",G",19.1,",,,E",2.028,",E",2.601,",,,G",1.455,",,,E"
AG000060390,1989-11-01,36.7167,3.25,24.0,"ALGER DAR EL BEIDA, AG",983.6,E,9.7,",E",11.0,"1,E",4.0,"1,E",0.0,"1,E",0.0,",G",0.0,",E",0.0,",G",25.0,",G",0.0,",G",19891119.0,",,E",19891127.0,",1,E",19891101.0,",,G",6.2,",E,19,",11.7,"1,,E,27,",26.5,",G,01,",34.4,G,32.7,",G",30.1,"1,,,E",1.7570000000000001,",E",2.33,",,,G",1.183,",,,E"
AG000060390,1989-12-01,36.7167,3.25,24.0,"ALGER DAR EL BEIDA, AG",996.9,E,13.3,",E",6.0,"5,E",2.0,"5,E",0.0,"5,E",0.0,",G",0.0,",E",0.0,",G",12.0,",G",0.0,",G",19891225.0,",,E",19891231.0,",5,E",19891217.0,",,G",3.6,",E,25,",10.7,"5,,E,31,",30.4,",G,17,",115.4,G,81.0,",G",19.7,"5,,,E",1.6149999999999998,",E",2.166,",,,G",1.064,",,,E"
AG000060390,1990-01-01,36.7167,3.25,24.0,"ALGER DAR EL BEIDA, AG",0.0,E,0.0,",E",15.0,"4,E",7.0,"4,E",0.0,"4,E",0.0,",G",0.0,",E",0.0,",G",0.0,",G",0.0,",G",19900117.0,",,E",19900102.0,",4,E",19900127.0,",,G",2.8,",E,17,",12.4,"4,,E,02,",20.5,",G,27,",316.2,G,200.8,",G",47.6,"4,,,E",1.186,",E",1.654,",,,G",0.717,",,,E"
AG000060390,1990-02-01,36.7167,3.25,24.0,"ALGER DAR EL BEIDA, AG",0.0,E,0.0,",E",0.0,",E",0.0,",E",0.0,",E",0.0,",G",0.0,",E",0.0,",G",10.0,",G",0.0,",G",19900203.0,",,E",19900228.0,"+,,E",19900228.0,",,G",3.3,",E,03,",0.0,",,E,28,+",24.4,",G,28,",439.2,G,123.0,",G",0.0,",,,E",1.394,",E",2.06,",,,G",0.728,",,,E"
AG000060390,1990-03-01,36.7167,3.25,24.0,"ALGER DAR EL BEIDA, AG",7.1,E,7.1,",E",11.0,"1,E",5.0,"1,E",0.0,"1,E",0.0,",G",0.0,",E",0.0,",G",16.0,",G",0.0,",G",19900328.0,",,E",19900330.0,",1,E",19900308.0,",,G",1.6,",E,28,",10.4,"1,,E,30,",28.8,",G,08,",546.3,G,107.1,",G",35.7,"1,,,E",1.511,",E",2.116,",,,G",0.905,",,,E"
AG000060390,1990-04-01,36.7167,3.25,24.0,"ALGER DAR EL BEIDA, AG",13.8,E,6.7,",E",11.0,"3,E",5.0,"3,E",0.0,"3,E",0.0,",G",0.0,",E",0.0,",G",12.0,",G",0.0,",G",19900423.0,",,E",19900429.0,",3,E",19900429.0,",,G",5.5,",E,23,",21.5,"3,,E,29,",25.7,",G,29,",648.7,G,102.4,",G",66.6,"3,,,E",1.514,",E",2.0469999999999997,",,,G",0.982,",,,E"
AG000060390,1990-05-01,36.7167,3.25,24.0,"ALGER DAR EL BEIDA, AG",52.1,E,38.3,",E",7.0,",E",6.0,",E",0.0,",E",0.0,",G",0.0,",E",0.0,",G",26.0,",G",0.0,",G",19900508.0,",,E",19900503.0,",,E",19900526.0,",,G",9.0,",E,08,",12.9,",,E,03,",30.1,",G,26,",659.6,G,10.9,",G",50.6,",,,E",1.922,",E",2.393,",,,G",1.45,",,,E"
AG000060390,1990-06-01,36.7167,3.25,24.0,"ALGER DAR EL BEIDA, AG",205.9,E,153.8,",E",2.0,"3,E",0.0,"3,E",0.0,"3,E",0.0,",G",0.0,",E",0.0,",G",30.0,",G",4.0,",G",19900607.0,",,E",19900606.0,",3,E",19900630.0,",,G",11.1,",E,07,",2.3,"3,,E,06,",37.3,",G,30,",659.6,G,0.0,",G",2.7,"3,,,E",2.346,",E",2.95,",,,G",1.7420000000000002,",,,E"
AG000060390,1990-07-01,36.7167,3.25,24.0,"ALGER DAR EL BEIDA, AG",410.9,E,205.0,",E",2.0,"1,E",2.0,"1,E",0.0,"1,E",0.0,",G",0.0,",E",0.0,",G",31.0,",G",7.0,",G",19900712.0,",,E",19900716.0,",1,E",19900725.0,",,G",14.4,",E,12,",12.1,"1,,E,16,",36.1,",G,25,",0.0,G,0.0,",G",23.1,"1,,,E",2.495,",E",3.071,",,,G",1.919,",,,E"
AG000060390,1990-08-01,36.7167,3.25,24.0,"ALGER DAR EL BEIDA, AG",635.7,E,224.8,",E",0.0,",E",0.0,",E",0.0,",E",0.0,",G",0.0,",E",0.0,",G",31.0,",G",12.0,",G",19900812.0,",,E",19900831.0,"+,,E",19900815.0,",,G",14.4,",E,12,",0.0,",,E,31,+",35.6,",G,15,",0.0,G,0.0,",G",0.0,",,,E",2.558,",E",3.2119999999999997,",,,G",1.905,",,,E"
AG000060390,1990-09-01,36.7167,3.25,24.0,"ALGER DAR EL BEIDA, AG",888.7,E,253.0,",E",7.0,",E",1.0,",E",0.0,",E",0.0,",G",0.0,",E",0.0,",G",30.0,",G",19.0,",G",19900928.0,",,E",19900908.0,",,E",19900909.0,",,G",15.6,",E,28,",2.5,",,E,08,",37.4,",G,09,",0.0,G,0.0,",G",7.0,",,,E",2.677,",E",3.2960000000000003,",,,G",2.057,",,,E"
AG000060390,1990-10-01,36.7167,3.25,24.0,"ALGER DAR EL BEIDA, AG",973.9,E,85.2,",E",7.0,"4,E",3.0,"4,E",1.0,"4,E",0.0,",G",0.0,",E",0.0,",G",31.0,",G",3.0,",G",19901026.0,"+,,E",19901004.0,",4,E",19901001.0,",,G",11.2,",E,26,+",41.5,"4,,E,04,",34.5,",G,01,",2.3,G,2.3,",G",53.0,"4,,,E",2.101,",E",2.679,",,,G",1.522,",,,E"
AG000060390,1990-11-01,36.7167,3.25,24.0,"ALGER DAR EL BEIDA, AG",974.5,E,0.6,",E",11.0,"4,E",6.0,"4,E",0.0,"4,E",0.0,",G",0.0,",E",0.0,",G",16.0,",G",0.0,",G",19901128.0,",,E",19901129.0,",4,E",19901106.0,",,G",4.3,",E,28,",23.8,"4,,E,29,",26.4,",G,06,",95.2,G,92.9,",G",59.2,"4,,,E",1.526,",E",2.038,",,,G",1.014,",,,E"
AG000060390,1990-12-01,36.7167,3.25,24.0,"ALGER DAR EL BEIDA, AG",974.5,E,0.0,",E",14.0,"3,E",10.0,"3,E",0.0,"3,E",0.0,",G",0.0,",E",0.0,",G",1.0,",G",0.0,",G",19901216.0,",,E",19901224.0,",3,E",19901229.0,",,G",0.2,",E,16,",17.8,"3,,E,24,",21.8,",G,29,",333.1,G,237.9,",G",106.7,"3,,,E",1.066,",E",1.573,",,,G",0.5589999999999999,",,,E"
AG000060390,1991-01-01,36.7167,3.25,24.0,"ALGER DAR EL BEIDA, AG",0.0,E,0.0,",E",11.0,"1,E",6.0,"1,E",0.0,"1,E",0.0,",G",2.0,",E",0.0,",G",2.0,",G",0.0,",G",19910115.0,",,E",19910113.0,",1,E",19910111.0,",,G",-0.4,",E,15,",18.0,"1,,E,13,",22.2,",G,11,",577.6,G,244.5,",G",53.8,"1,,,E",1.045,",E",1.613,",,,G",0.476,",,,E"
AG000060390,1991-02-01,36.7167,3.25,24.0,"ALGER DAR EL BEIDA, AG",0.0,E,0.0,",E",16.0,"2,E",7.0,"2,E",1.0,"2,E",0.0,",G",1.0,",E",0.0,",G",0.0,",G",0.0,",G",19910216.0,",,E",19910220.0,",2,E",19910224.0,",,G",-0.2,",E,16,",29.5,"2,,E,20,",19.3,",G,24,",799.5,G,221.9,",G",99.9,"2,,,E",1.041,",E",1.514,",,,G",0.567,",,,E"
AG000060390,1991-03-01,36.7167,3.25,24.0,"ALGER DAR EL BEIDA, AG",3.9,E,3.9,",E",10.0,"2,E",9.0,"2,E",0.0,"2,E",0.0,",G",0.0,",E",0.0,",G",9.0,",G",0.0,",G",19910303.0,",,E",19910314.0,",2,E",19910321.0,",,G",3.9,",E,03,",12.4,"2,,E,14,",28.7,",G,21,",928.3,G,128.8,",G",47.3,"2,,,E",1.4300000000000002,",E",1.918,",,,G",0.943,",,,E"
AG000060390,1991-04-01,36.7167,3.25,24.0,"ALGER DAR EL BEIDA, AG",4.5,E,0.6,",E",7.0,"4,E",5.0,"4,E",0.0,"4,E",0.0,",G",0.0,",E",0.0,",G",4.0,",G",0.0,",G",19910424.0,",,E",19910404.0,",4,E",19910414.0,",,G",2.1,",E,24,",8.3,"4,,E,04,",25.7,",G,14,",1081.7,G,153.4,",G",27.0,"4,,,E",1.324,",E",1.9170000000000003,",,,G",0.731,",,,E"
AG000060390,1991-05-01,36.7167,3.25,24.0,"ALGER DAR EL BEIDA, AG",6.8,E,2.3,",E",6.0,"1,E",2.0,"1,E",0.0,"1,E",0.0,",G",0.0,",E",0.0,",G",19.0,",G",0.0,",G",19910507.0,",,E",19910502.0,",1,E",19910501.0,",,G",2.8,",E,07,",11.1,"1,,E,02,",27.0,",G,01,",1181.4,G,99.7,",G",18.5,"1,,,E",1.519,",E",2.152,",,,G",0.8859999999999999,",,,E"
AG000060390,1991-06-01,36.7167,3.25,24.0,"ALGER DAR EL BEIDA, AG",111.8,E,105.0,",E",2.0,"1,E",1.0,"1,E",0.0,"1,E",0.0,",G",0.0,",E",0.0,",G",30.0,",G",4.0,",G",19910604.0,",,E",19910610.0,",1,E",19910626.0,",,G",10.8,",E,04,",4.8,"1,,E,10,",37.2,",G,26,",1181.9,G,0.5,",G",7.1,"1,,,E",2.182,",E",2.798,",,,G",1.565,",,,E"
AG000060390,1991-07-01,36.7167,3.25,24.0,"ALGER DAR EL BEIDA, AG",337.6,E,225.8,",E",0.0,"2,E",0.0,"2,E",0.0,"2,E",0.0,",G",0.0,",E",0.0,",G",31.0,",G",14.0,",G",19910701.0,",,E",19910731.0,"+,2,E",19910721.0,",,G",12.2,",E,01,",0.0,"2,,E,31,+",40.2,",G,21,",0.0,G,0.0,",G",0.0,"2,,,E",2.5620000000000003,",E",3.223,",,,G",1.9,",,,E"
AG000060390,1991-08-01,36.7167,3.25,24.0,"ALGER DAR EL BEIDA, AG",610.0,E,272.4,",E",2.0,"1,E",0.0,"1,E",0.0,"1,E",0.0,",G",0.0,",E",0.0,",G",31.0,",G",24.0,",G",19910801.0,",,E",19910811.0,",1,E",19910827.0,",,G",15.4,",E,01,",1.0,"1,,E,11,",40.5,",G,27,",0.0,G,0.0,",G",1.9,"1,,,E",2.712,",E",3.44,",,,G",1.984,",,,E"
AG000060390,1991-09-01,36.7167,3.25,24.0,"ALGER DAR EL BEIDA, AG",818.0,E,208.0,",E",2.0,"3,E",2.0,"3,E",0.0,"3,E",0.0,",G",0.0,",E",0.0,",G",30.0,",G",14.0,",G",19910921.0,"+,,E",19910930.0,",3,E",19910911.0,",,G",15.5,",E,21,+",11.9,"3,,E,30,",36.8,",G,11,",0.0,G,0.0,",G",21.6,"3,,,E",2.527,",E",3.144,",,,G",1.909,",,,E"
AG000060390,1991-10-01,36.7167,3.25,24.0,"ALGER DAR EL BEIDA, AG",869.6,E,51.6,",E",14.0,"3,E",7.0,"3,E",1.0,"3,E",0.0,",G",0.0,",E",0.0,",G",27.0,",G",1.0,",G",19911021.0,",,E",19911019.0,",3,E",19911010.0,",,G",8.7,",E,21,",36.2,"3,,E,19,",37.0,",G,10,",18.9,G,18.9,",G",91.2,"3,,,E",1.939,",E",2.444,",,,G",1.434,",,,E"
AG000060390,1991-11-01,36.7167,3.25,24.0,"ALGER DAR EL BEIDA, AG",871.3,E,1.7,",E",9.0,"1,E",4.0,"1,E",1.0,"1,E",0.0,",G",0.0,",E",0.0,",G",13.0,",G",0.0,",G",19911125.0,",,E",19911123.0,",1,E",19911104.0,",,G",3.1,",E,25,",26.7,"1,,E,23,",27.9,",G,04,",143.6,G,124.7,",G",51.2,"1,,,E",1.423,",E",2.048,",,,G",0.799,",,,E"
AG000060390,1991-12-01,36.7167,3.25,24.0,"ALGER DAR EL BEIDA, AG",871.3,E,0.0,",E",7.0,",E",1.0,",E",0.0,",E",0.0,",G",2.0,",E",0.0,",G",0.0,",G",0.0,",G",19911231.0,",,E",19911215.0,",,E",19911204.0,",,G",-1.1,",E,31,",3.6,",,E,15,",20.2,",G,04,",384.0,G,240.4,",G",11.6,",,,E",1.058,",E",1.6620000000000001,",,,G",0.454,",,,E"
AG000060390,1992-01-01,36.7167,3.25,24.0,"ALGER DAR EL BEIDA, AG",0.0,E,0.0,",E",8.0,",E",6.0,",E",3.0,",E",0.0,",G",4.0,",E",0.0,",G",2.0,",G",0.0,",G",19920107.0,",,E",19920126.0,",,E",19920109.0,",,G",-1.6,",E,07,",46.9,",,E,26,",23.5,",G,09,",647.8,G,263.8,",G",154.8,",,,E",0.982,",E",1.612,",,,G",0.353,",,,E"
AG000060390,1992-02-01,36.7167,3.25,24.0,"ALGER DAR EL BEIDA, AG",0.0,E,0.0,",E",7.0,"1,E",3.0,"1,E",0.0,"1,E",0.0,",G",0.0,",E",0.0,",G",2.0,",G",0.0,",G",19920210.0,",,E",19920221.0,",1,E",19920216.0,",,G",0.2,",E,10,",21.7,"1,,E,21,",22.1,",G,16,",872.6,G,224.8,",G",41.0,"1,,,E",1.058,",E",1.72,",,,G",0.397,",,,E"
AG000060390,1992-03-01,36.7167,3.25,24.0,"ALGER DAR EL BEIDA, AG",0.0,E,0.0,",E",12.0,"3,E",6.0,"3,E",1.0,"3,E",0.0,",G",0.0,",E",0.0,",G",2.0,",G",0.0,",G",19920312.0,",,E",19920325.0,",3,E",19920323.0,",,G",3.1,",E,12,",32.2,"3,,E,25,",21.6,",G,23,",1052.2,G,179.6,",G",100.9,"3,,,E",1.254,",E",1.7530000000000001,",,,G",0.755,",,,E"
AG000060390,1992-04-01,36.7167,3.25,24.0,"ALGER DAR EL BEIDA, AG",5.5,E,5.5,",E",11.0,"2,E",8.0,"2,E",1.0,"2,E",0.0,",G",0.0,",E",0.0,",G",13.0,",G",0.0,",G",19920418.0,",,E",19920408.0,",2,E",19920428.0,"+,,G",4.6,",E,18,",27.4,"2,,E,08,",28.3,",G,28,+",1169.1,G,116.9,",G",80.7,"2,,,E",1.462,",E",2.038,",,,G",0.885,",,,E"
AG000060390,1992-05-01,36.7167,3.25,24.0,"ALGER DAR EL BEIDA, AG",37.8,E,32.3,",E",5.0,"2,E",4.0,"2,E",1.0,"2,E",0.0,",G",0.0,",E",0.0,",G",24.0,",G",0.0,",G",19920501.0,",,E",19920503.0,",2,E",19920529.0,",,G",7.1,",E,01,",25.7,"2,,E,03,",29.0,",G,29,",1202.9,G,33.8,",G",60.9,"2,,,E",1.829,",E",2.372,",,,G",1.285,",,,E"
AG000060390,1992-06-01,36.7167,3.25,24.0,"ALGER DAR EL BEIDA, AG",102.1,E,64.3,",E",7.0,"2,E",1.0,"2,E",0.0,"2,E",0.0,",G",0.0,",E",0.0,",G",30.0,",G",1.0,",G",19920611.0,",,E",19920603.0,",2,E",19920614.0,",,G",10.2,",E,11,",12.8,"2,,E,03,",35.0,",G,14,",1204.0,G,1.1,",G",19.2,"2,,,E",2.044,",E",2.6399999999999997,",,,G",1.448,",,,E"
AG000060390,1992-07-01,36.7167,3.25,24.0,"ALGER DAR EL BEIDA, AG",282.2,E,180.1,",E",2.0,",E",0.0,",E",0.0,",E",0.0,",G",0.0,",E",0.0,",G",31.0,",G",4.0,",G",19920715.0,",,E",19920710.0,",,E",19920720.0,",,G",12.7,",E,15,",2.3,",,E,10,",39.5,",G,20,",0.0,G,0.0,",G",4.3,",,,E",2.414,",E",3.029,",,,G",1.8,",,,E"
AG000060390,1992-08-01,36.7167,3.25,24.0,"ALGER DAR EL BEIDA, AG",513.8,E,231.6,",E",0.0,"1,E",0.0,"1,E",0.0,"1,E",0.0,",G",0.0,",E",0.0,",G",31.0,",G",16.0,",G",19920830.0,",,E",19920831.0,"+,1,E",19920803.0,",,G",13.8,",E,30,",0.0,"1,,E,31,+",39.4,",G,03,",0.0,G,0.0,",G",0.0,"1,,,E",2.58,",E",3.31,",,,G",1.8510000000000002,",,,E"
AG000060390,1992-09-01,36.7167,3.25,24.0,"ALGER DAR EL BEIDA, AG",687.4,E,173.6,",E",5.0,"3,E",1.0,"3,E",0.0,"3,E",0.0,",G",0.0,",E",0.0,",G",30.0,",G",3.0,",G",19920929.0,",,E",19920910.0,",3,E",19920911.0,",,G",11.4,",E,29,",10.6,"3,,E,10,",38.5,",G,11,",0.0,G,0.0,",G",15.3,"3,,,E",2.412,",E",3.013,",,,G",1.811,",,,E"
AG000060390,1992-10-01,36.7167,3.25,24.0,"ALGER DAR EL BEIDA, AG",729.2,E,41.8,",E",10.0,"1,E",4.0,"1,E",1.0,"1,E",0.0,",G",0.0,",E",0.0,",G",27.0,",G",0.0,",G",19921025.0,",,E",19921004.0,",1,E",19921008.0,",,G",8.4,",E,25,",52.6,"1,,E,04,",30.4,",G,08,",20.0,G,20.0,",G",68.4,"1,,,E",1.903,",E",2.456,",,,G",1.351,",,,E"
AG000060390,1992-11-01,36.7167,3.25,24.0,"ALGER DAR EL BEIDA, AG",729.9,E,0.7,",E",6.0,"2,E",5.0,"2,E",1.0,"2,E",0.0,",G",0.0,",E",0.0,",G",19.0,",G",0.0,",G",19921128.0,",,E",19921102.0,",2,E",19921126.0,",,G",4.9,",E,28,",92.5,"2,,E,02,",24.5,",G,26,",111.4,G,91.4,",G",139.7,"2,,,E",1.5310000000000001,",E",2.082,",,,G",0.9800000000000001,",,,E"
AG000060390,1992-12-01,36.7167,3.25,24.0,"ALGER DAR EL BEIDA, AG",729.9,E,0.0,",E",11.0,"2,E",9.0,"2,E",0.0,"2,E",0.0,",G",0.0,",E",0.0,",G",8.0,",G",0.0,",G",19921213.0,",,E",19921228.0,",2,E",19921207.0,",,G",3.0,",E,13,",14.5,"2,,E,28,",22.9,",G,07,",268.9,G,157.5,",G",70.6,"2,,,E",1.325,",E",1.8210000000000002,",,,G",0.829,",,,E"
AG000060390,1993-01-01,36.7167,3.25,24.0,"ALGER DAR EL BEIDA, AG",0.0,E,0.0,",E",4.0,"1,E",2.0,"1,E",0.0,"1,E",0.0,",G",0.0,",E",0.0,",G",1.0,",G",0.0,",G",19930124.0,",,E",19930103.0,",1,E",19930130.0,",,G",0.3,",E,24,",12.4,"1,,E,03,",22.4,",G,30,",533.7,G,264.8,",G",17.8,"1,,,E",0.9789999999999999,",E",1.684,",,,G",0.275,",,,E"
AG000060390,1993-02-01,36.7167,3.25,24.0,"ALGER DAR EL BEIDA, AG",0.0,E,0.0,",E",14.0,"2,E",8.0,"2,E",1.0,"2,E",0.0,",G",0.0,",E",0.0,",G",0.0,",G",0.0,",G",19930226.0,",,E",19930228.0,",2,E",19930205.0,",,G",1.2,",E,26,",28.7,"2,,E,28,",20.4,",G,05,",752.0,G,218.3,",G",85.7,"2,,,E",1.0539999999999998,",E",1.559,",,,G",0.548,",,,E"
AG000060390,1993-03-01,36.7167,3.25,24.0,"ALGER DAR EL BEIDA, AG",0.0,E,0.0,",E",9.0,",E",5.0,",E",0.0,",E",0.0,",G",1.0,",E",0.0,",G",10.0,",G",0.0,",G",19930307.0,",,E",19930326.0,",,E",19930319.0,",,G",-0.3,",E,07,",15.0,",,E,26,",26.1,",G,19,",933.9,G,181.9,",G",36.2,",,,E",1.247,",E",1.8760000000000001,",,,G",0.617,",,,E"
AG000060390,1993-04-01,36.7167,3.25,24.0,"ALGER DAR EL BEIDA, AG",3.6,E,3.6,",E",12.0,",E",7.0,",E",0.0,",E",0.0,",G",0.0,",E",0.0,",G",15.0,",G",0.0,",G",19930403.0,",,E",19930416.0,",,E",19930421.0,",,G",3.9,",E,03,",17.6,",,E,16,",28.8,",G,21,",1037.2,G,103.3,",G",68.6,",,,E",1.501,",E",2.107,",,,G",0.8960000000000001,",,,E"
AG000060390,1993-05-01,36.7167,3.25,24.0,"ALGER DAR EL BEIDA, AG",50.7,E,47.1,",E",6.0,"3,E",3.0,"3,E",0.0,"3,E",0.0,",G",0.0,",E",0.0,",G",27.0,",G",2.0,",G",19930503.0,",,E",19930505.0,",3,E",19930525.0,",,G",7.2,",E,03,",20.8,"3,,E,05,",33.5,",G,25,",1063.3,G,26.1,",G",37.9,"3,,,E",1.9010000000000002,",E",2.4690000000000003,",,,G",1.333,",,,E"
AG000060390,1993-06-01,36.7167,3.25,24.0,"ALGER DAR EL BEIDA, AG",168.3,E,117.6,",E",1.0,",E",0.0,",E",0.0,",E",0.0,",G",0.0,",E",0.0,",G",30.0,",G",0.0,",G",19930615.0,"+,,E",19930610.0,",,E",19930629.0,",,G",12.7,",E,15,+",1.2,",,E,10,",32.0,",G,29,",1063.3,G,0.0,",G",1.2,",,,E",2.225,",E",2.777,",,,G",1.674,",,,E"
AG000060390,1993-07-01,36.7167,3.25,24.0,"ALGER DAR EL BEIDA, AG",360.7,E,192.4,",E",1.0,",E",0.0,",E",0.0,",E",0.0,",G",0.0,",E",0.0,",G",31.0,",G",5.0,",G",19930714.0,",,E",19930702.0,",,E",19930709.0,",,G",14.4,",E,14,",2.1,",,E,02,",38.4,",G,09,",0.0,G,0.0,",G",2.1,",,,E",2.4539999999999997,",E",3.0170000000000003,",,,G",1.891,",,,E"
AG000060390,1993-08-01,36.7167,3.25,24.0,"ALGER DAR EL BEIDA, AG",605.7,E,245.0,",E",3.0,"2,E",0.0,"2,E",0.0,"2,E",0.0,",G",0.0,",E",0.0,",G",31.0,",G",9.0,",G",19930828.0,",,E",19930826.0,",2,E",19930808.0,",,G",15.5,",E,28,",1.4,"2,,E,26,",37.5,",G,08,",0.0,G,0.0,",G",2.5,"2,,,E",2.6239999999999997,",E",3.175,",,,G",2.073,",,,E"
AG000060390,1993-09-01,36.7167,3.25,24.0,"ALGER DAR EL BEIDA, AG",746.9,E,141.2,",E",5.0,",E",2.0,",E",0.0,",E",0.0,",G",0.0,",E",0.0,",G",30.0,",G",4.0,",G",19930925.0,",,E",19930922.0,",,E",19930922.0,",,G",10.9,",E,25,",19.3,",,E,22,",37.8,",G,22,",0.1,G,0.1,",G",30.5,",,,E",2.304,",E",2.897,",,,G",1.7100000000000002,",,,E"
AG000060390,1993-10-01,36.7167,3.25,24.0,"ALGER DAR EL BEIDA, AG",816.9,E,70.0,",E",9.0,"5,E",3.0,"5,E",0.0,"5,E",0.0,",G",0.0,",E",0.0,",G",26.0,",G",3.0,",G",19931024.0,",,E",19931022.0,",5,E",19931016.0,",,G",6.1,",E,24,",7.2,"5,,E,22,",35.6,",G,16,",21.0,G,20.9,",G",23.4,"5,,,E",1.991,",E",2.529,",,,G",1.454,",,,E"
AG000060390,1993-11-01,36.7167,3.25,24.0,"ALGER DAR EL BEIDA, AG",819.6,E,2.7,",E",9.0,"1,E",5.0,"1,E",1.0,"1,E",0.0,",G",0.0,",E",0.0,",G",6.0,",G",0.0,",G",19931122.0,",,E",19931126.0,",1,E",19931102.0,",,G",3.3,",E,22,",37.0,"1,,E,26,",25.3,",G,02,",123.9,G,102.9,",G",103.8,"1,,,E",1.5,",E",1.936,",,,G",1.0630000000000002,",,,E"
AG000060390,1993-12-01,36.7167,3.25,24.0,"ALGER DAR EL BEIDA, AG",819.6,E,0.0,",E",9.0,"1,E",8.0,"1,E",0.0,"1,E",0.0,",G",0.0,",E",0.0,",G",0.0,",G",0.0,",G",19931210.0,",,E",19931202.0,",1,E",19931221.0,",,G",3.0,",E,10,",22.7,"1,,E,02,",20.8,",G,21,",308.8,G,184.9,",G",80.1,"1,,,E",1.2369999999999999,",E",1.7510000000000001,",,,G",0.7230000000000001,",,,E"
AG000060390,1994-01-01,36.7167,3.25,24.0,"ALGER DAR EL BEIDA, AG",0.0,E,0.0,",E",10.0,",E",4.0,",E",1.0,",E",0.0,",G",0.0,",E",0.0,",G",2.0,",G",0.0,",G",19940131.0,",,E",19940119.0,",,E",19940113.0,",,G",0.8,",E,31,",43.1,",,E,19,",22.2,",G,13,",528.0,G,219.2,",G",81.3,",,,E",1.126,",E",1.656,",,,G",0.596,",,,E"
AG000060390,1994-02-01,36.7167,3.25,24.0,"ALGER DAR EL BEIDA, AG",0.0,E,0.0,",E",10.0,"2,E",6.0,"2,E",0.0,"2,E",0.0,",G",0.0,",E",0.0,",G",7.0,",G",0.0,",G",19940201.0,",,E",19940208.0,",2,E",19940226.0,",,G",1.9,",E,01,",12.0,"2,,E,08,",29.2,",G,26,",702.9,G,174.9,",G",41.5,"2,,,E",1.209,",E",1.846,",,,G",0.571,",,,E"
AG000060390,1994-03-01,36.7167,3.25,24.0,"ALGER DAR EL BEIDA, AG",0.8,E,0.8,",E",1.0,"2,E",0.0,"2,E",0.0,"2,E",0.0,",G",0.0,",E",0.0,",G",9.0,",G",0.0,",G",19940309.0,",,E",19940305.0,",2,E",19940330.0,",,G",3.2,",E,09,",0.5,"2,,E,05,",30.8,",G,30,",840.8,G,137.9,",G",0.5,"2,,,E",1.391,",E",2.036,",,,G",0.746,",,,E"
AG000060390,1994-04-01,36.7167,3.25,24.0,"ALGER DAR EL BEIDA, AG",0.8,E,0.0,",E",8.0,"3,E",6.0,"3,E",0.0,"3,E",0.0,",G",0.0,",E",0.0,",G",12.0,",G",0.0,",G",19940409.0,",,E",19940415.0,",3,E",19940409.0,",,G",3.6,",E,09,",22.2,"3,,E,15,",25.1,",G,09,",960.1,G,119.3,",G",54.8,"3,,,E",1.436,",E",2.041,",,,G",0.8300000000000001,",,,E"
AG000060390,1994-05-01,36.7167,3.25,24.0,"ALGER DAR EL BEIDA, AG",65.4,E,64.6,",E",1.0,"1,E",1.0,"1,E",0.0,"1,E",0.0,",G",0.0,",E",0.0,",G",30.0,",G",3.0,",G",19940502.0,",,E",19940511.0,",1,E",19940530.0,",,G",7.5,",E,02,",4.3,"1,,E,11,",38.6,",G,30,",973.3,G,13.2,",G",4.5,"1,,,E",1.9989999999999999,",E",2.6510000000000002,",,,G",1.348,",,,E"
AG000060390,1994-06-01,36.7167,3.25,24.0,"ALGER DAR EL BEIDA, AG",189.8,E,124.4,",E",0.0,"1,E",0.0,"1,E",0.0,"1,E",0.0,",G",0.0,",E",0.0,",G",30.0,",G",4.0,",G",19940615.0,"+,,E",19940630.0,"+,1,E",19940624.0,",,G",10.5,",E,15,+",0.0,"1,,E,30,+",40.3,",G,24,",975.4,G,2.1,",G",0.0,"1,,,E",2.241,",E",2.8489999999999998,",,,G",1.6329999999999998,",,,E"
AG000060390,1994-07-01,36.7167,3.25,24.0,"ALGER DAR EL BEIDA, AG",459.5,E,269.7,",E",0.0,"1,E",0.0,"1,E",0.0,"1,E",0.0,",G",0.0,",E",0.0,",G",31.0,",G",16.0,",G",19940715.0,",,E",19940731.0,"+,1,E",19940703.0,",,G",15.4,",E,15,",0.0,"1,,E,31,+",42.0,",G,03,",0.0,G,0.0,",G",0.0,"1,,,E",2.7030000000000003,",E",3.3850000000000002,",,,G",2.022,",,,E"
AG000060390,1994-08-01,36.7167,3.25,24.0,"ALGER DAR EL BEIDA, AG",794.2,E,334.7,",E",0.0,"2,E",0.0,"2,E",0.0,"2,E",0.0,",G",0.0,",E",0.0,",G",31.0,",G",27.0,",G",19940801.0,",,E",19940831.0,"+,2,E",19940821.0,",,G",19.8,",E,01,",0.0,"2,,E,31,+",42.0,",G,21,",0.0,G,0.0,",G",0.0,"2,,,E",2.913,",E",3.5060000000000002,",,,G",2.32,",,,E"
AG000060390,1994-09-01,36.7167,3.25,24.0,"ALGER DAR EL BEIDA, AG",971.4,E,177.2,",E",9.0,",E",6.0,",E",1.0,",E",0.0,",G",0.0,",E",0.0,",G",30.0,",G",6.0,",G",19940920.0,",,E",19940922.0,",,E",19940907.0,",,G",11.5,",E,20,",50.3,",,E,22,",37.7,",G,07,",0.0,G,0.0,",G",80.6,",,,E",2.424,",E",2.964,",,,G",1.884,",,,E"
AG000060390,1994-10-01,36.7167,3.25,24.0,"ALGER DAR EL BEIDA, AG",1033.8,E,62.4,",E",12.0,"1,E",7.0,"1,E",0.0,"1,E",0.0,",G",0.0,",E",0.0,",G",31.0,",G",0.0,",G",19941019.0,",,E",19941021.0,",1,E",19941009.0,",,G",10.9,",E,19,",19.9,"1,,E,21,",30.9,",G,09,",2.4,G,2.4,",G",66.3,"1,,,E",2.027,",E",2.511,",,,G",1.543,",,,E"
AG000060390,1994-11-01,36.7167,3.25,24.0,"ALGER DAR EL BEIDA, AG",1045.8,E,12.0,"2,E",6.0,",E",3.0,",E",0.0,",E",0.0,"1,G",0.0,"1,E",0.0,"1,G",21.0,"1,G",0.0,"1,G",19941129.0,",1,E",19941104.0,",,E",19941104.0,",1,G",2.5,"1,E,29,",13.6,",,E,04,",27.7,"1,G,04,",82.4,G,80.0,"1,G",38.9,",,,E",1.605,"2,E",2.241,"1,,,G",0.969,"1,,,E"
AG000060390,1994-12-01,36.7167,3.25,24.0,"ALGER DAR EL BEIDA, AG",1045.8,E,0.0,",E",9.0,",E",6.0,",E",2.0,",E",0.0,",G",0.0,",E",0.0,",G",8.0,",G",0.0,",G",19941229.0,",,E",19941219.0,",,E",19941203.0,"+,,G",1.6,",E,29,",25.8,",,E,19,",23.5,",G,03,+",278.0,G,195.6,",G",88.4,",,,E",1.202,",E",1.8350000000000002,",,,G",0.5700000000000001,",,,E"
AG000060390,1995-01-01,36.7167,3.25,24.0,"ALGER DAR EL BEIDA, AG",0.0,E,0.0,"2,E",13.0,",E",11.0,",E",1.0,",E",0.0,"1,G",2.0,"1,E",0.0,"1,G",3.0,"1,G",0.0,"1,G",19950117.0,",1,E",19950106.0,",,E",19950101.0,",1,G",-0.3,"1,E,17,",40.7,",,E,06,",23.0,"1,G,01,",499.4,G,221.4,"1,G",171.1,",,,E",1.087,"2,E",1.637,"1,,,G",0.537,"1,,,E"
AG000060390,1995-02-01,36.7167,3.25,24.0,"ALGER DAR EL BEIDA, AG",0.0,E,0.0,",E",8.0,"1,E",2.0,"1,E",1.0,"1,E",0.0,",G",0.0,",E",0.0,",G",7.0,",G",0.0,",G",19950208.0,",,E",19950227.0,",1,E",19950210.0,",,G",1.3,",E,08,",28.8,"1,,E,27,",25.0,",G,10,",653.3,G,153.9,",G",39.8,"1,,,E",1.284,",E",1.932,",,,G",0.635,",,,E"
AG000060390,1995-03-01,36.7167,3.25,24.0,"ALGER DAR EL BEIDA, AG",1.6,E,1.6,",E",10.0,",E",7.0,",E",2.0,",E",0.0,",G",0.0,",E",0.0,",G",7.0,",G",0.0,",G",19950331.0,",,E",19950301.0,",,E",19950329.0,",,G",1.4,",E,31,",33.9,",,E,01,",24.5,",G,29,",833.3,G,180.0,",G",106.0,",,,E",1.258,",E",1.873,",,,G",0.643,",,,E"
AG000060390,1995-04-01,36.7167,3.25,24.0,"ALGER DAR EL BEIDA, AG",1.6,E,0.0,",E",7.0,",E",4.0,",E",0.0,",E",0.0,",G",1.0,",E",0.0,",G",13.0,",G",0.0,",G",19950401.0,",,E",19950426.0,",,E",19950419.0,",,G",-0.8,",E,01,",8.0,",,E,26,",27.9,",G,19,",975.3,G,142.0,",G",28.4,",,,E",1.3599999999999999,",E",2.093,",,,G",0.627,",,,E"
AG000060390,1995-05-01,36.7167,3.25,24.0,"ALGER DAR EL BEIDA, AG",51.8,E,50.2,",E",0.0,"1,E",0.0,"1,E",0.0,"1,E",0.0,",G",0.0,",E",0.0,",G",30.0,",G",2.0,",G",19950514.0,",,E",19950524.0,",1,E",19950508.0,",,G",5.2,",E,14,",0.2,"1,,E,24,",33.7,",G,08,",994.7,G,19.4,",G",0.2,"1,,,E",1.9329999999999998,",E",2.598,",,,G",1.267,",,,E"
AG000060390,1995-06-01,36.7167,3.25,24.0,"ALGER DAR EL BEIDA, AG",161.9,E,110.1,",E",2.0,"4,E",2.0,"4,E",0.0,"4,E",0.0,",G",0.0,",E",0.0,",G",30.0,",G",2.0,",G",19950602.0,",,E",19950606.0,",4,E",19950619.0,",,G",9.0,",E,02,",14.3,"4,,E,06,",33.9,",G,19,",995.6,G,0.9,",G",23.9,"4,,,E",2.197,",E",2.7190000000000003,",,,G",1.675,",,,E"
AG000060390,1995-07-01,36.7167,3.25,24.0,"ALGER DAR EL BEIDA, AG",369.6,E,207.7,",E",0.0,",E",0.0,",E",0.0,",E",0.0,",G",0.0,",E",0.0,",G",31.0,",G",8.0,",G",19950716.0,",,E",19950730.0,",,E",19950727.0,",,G",13.5,",E,16,",0.2,",,E,30,",36.7,",G,27,",0.0,G,0.0,",G",0.2,",,,E",2.503,",E",3.127,",,,G",1.8800000000000001,",,,E"
AG000060390,1995-08-01,36.7167,3.25,24.0,"ALGER DAR EL BEIDA, AG",604.4,E,234.8,",E",3.0,"1,E",2.0,"1,E",0.0,"1,E",0.0,",G",0.0,",E",0.0,",G",31.0,",G",11.0,",G",19950830.0,",,E",19950822.0,",1,E",19950810.0,",,G",15.4,",E,30,",24.6,"1,,E,22,",40.3,",G,10,",0.0,G,0.0,",G",48.8,"1,,,E",2.591,",E",3.191,",,,G",1.9899999999999998,",,,E"
AG000060390,1995-09-01,36.7167,3.25,24.0,"ALGER DAR EL BEIDA, AG",722.9,E,118.5,",E",5.0,",E",2.0,",E",0.0,",E",0.0,",G",0.0,",E",0.0,",G",29.0,",G",4.0,",G",19950929.0,",,E",19950925.0,",,E",19950902.0,",,G",10.9,",E,29,",10.5,",,E,25,",35.2,",G,02,",1.7,G,1.7,",G",17.8,",,,E",2.223,",E",2.825,",,,G",1.6199999999999999,",,,E"
AG000060390,1995-10-01,36.7167,3.25,24.0,"ALGER DAR EL BEIDA, AG",792.4,E,69.5,",E",7.0,"1,E",1.0,"1,E",0.0,"1,E",0.0,",G",0.0,",E",0.0,",G",31.0,",G",0.0,",G",19951024.0,",,E",19951015.0,",1,E",19951031.0,",,G",8.7,",E,24,",9.9,"1,,E,15,",31.8,",G,31,",6.6,G,4.9,",G",17.2,"1,,,E",2.0420000000000003,",E",2.686,",,,G",1.397,",,,E"
AG000060390,1995-11-01,36.7167,3.25,24.0,"ALGER DAR EL BEIDA, AG",820.6,E,28.2,",E",6.0,"2,E",5.0,"2,E",0.0,"2,E",0.0,",G",0.0,",E",0.0,",G",18.0,",G",0.0,",G",19951107.0,",,E",19951123.0,",2,E",19951116.0,",,G",3.1,",E,07,",15.9,"2,,E,23,",29.7,",G,16,",73.2,G,66.6,",G",58.3,"2,,,E",1.706,",E",2.316,",,,G",1.095,",,,E"
AG000060390,1995-12-01,36.7167,3.25,24.0,"ALGER DAR EL BEIDA, AG",825.3,E,4.7,",E",13.0,",E",4.0,",E",0.0,",E",0.0,",G",0.0,",E",0.0,",G",9.0,",G",0.0,",G",19951210.0,",,E",19951205.0,",,E",19951226.0,",,G",4.0,",E,10,",11.3,",,E,05,",24.4,",G,26,",191.8,G,118.6,",G",40.0,",,,E",1.466,",E",1.972,",,,G",0.96,",,,E"
AG000060390,1996-01-01,36.7167,3.25,24.0,"ALGER DAR EL BEIDA, AG",1.8,E,1.8,",E",13.0,",E",8.0,",E",1.0,",E",0.0,",G",0.0,",E",0.0,",G",7.0,",G",0.0,",G",19960108.0,",,E",19960113.0,",,E",19960109.0,",,G",3.5,",E,08,",35.6,",,E,13,",25.4,",G,09,",318.5,G,126.7,",G",94.5,",,,E",1.4300000000000002,",E",1.909,",,,G",0.952,",,,E"
AG000060390,1996-02-01,36.7167,3.25,24.0,"ALGER DAR EL BEIDA, AG",1.8,E,0.0,",E",16.0,"2,E",15.0,"2,E",1.0,"2,E",0.0,",G",1.0,",E",0.0,",G",0.0,",G",0.0,",G",19960224.0,",,E",19960228.0,",2,E",19960203.0,",,G",-1.4,",E,24,",64.9,"2,,E,28,",20.9,",G,03,",522.5,G,204.0,",G",222.4,"2,,,E",1.1300000000000001,",E",1.557,",,,G",0.702,",,,E"
AG000060390,1996-03-01,36.7167,3.25,24.0,"ALGER DAR EL BEIDA, AG",6.7,E,4.9,",E",10.0,"1,E",5.0,"1,E",0.0,"1,E",0.0,",G",0.0,",E",0.0,",G",8.0,",G",1.0,",G",19960319.0,",,E",19960315.0,",1,E",19960324.0,",,G",0.4,",E,19,",15.1,"1,,E,15,",32.6,",G,24,",682.1,G,159.6,",G",57.0,"1,,,E",1.334,",E",1.89,",,,G",0.779,",,,E"
AG000060390,1996-04-01,36.7167,3.25,24.0,"ALGER DAR EL BEIDA, AG",14.2,E,7.5,",E",11.0,",E",9.0,",E",2.0,",E",0.0,",G",0.0,",E",0.0,",G",14.0,",G",0.0,",G",19960405.0,",,E",19960424.0,",,E",19960422.0,",,G",2.2,",E,05,",43.0,",,E,24,",28.4,",G,22,",784.7,G,102.6,",G",161.2,",,,E",1.516,",E",2.044,",,,G",0.9880000000000001,",,,E"
AG000060390,1996-05-01,36.7167,3.25,24.0,"ALGER DAR EL BEIDA, AG",22.7,E,8.5,",E",7.0,"2,E",5.0,"2,E",0.0,"2,E",0.0,",G",0.0,",E",0.0,",G",27.0,",G",0.0,",G",19960522.0,",,E",19960506.0,",2,E",19960506.0,",,G",6.9,",E,22,",11.5,"2,,E,06,",27.5,",G,06,",823.8,G,39.1,",G",35.7,"2,,,E",1.735,",E",2.3329999999999997,",,,G",1.136,",,,E"
AG000060390,1996-06-01,36.7167,3.25,24.0,"ALGER DAR EL BEIDA, AG",104.7,E,82.0,",E",6.0,",E",2.0,",E",0.0,",E",0.0,",G",0.0,",E",0.0,",G",30.0,",G",2.0,",G",19960627.0,",,E",19960624.0,",,E",19960621.0,",,G",11.2,",E,27,",19.9,",,E,24,",34.5,",G,21,",825.1,G,1.3,",G",31.6,",,,E",2.102,",E",2.6710000000000003,",,,G",1.533,",,,E"
AG000060390,1996-07-01,36.7167,3.25,24.0,"ALGER DAR EL BEIDA, AG",295.4,E,190.7,",E",5.0,",E",1.0,",E",0.0,",E",0.0,",G",0.0,",E",0.0,",G",31.0,",G",9.0,",G",19960709.0,",,E",19960717.0,",,E",19960725.0,",,G",13.2,",E,09,",3.2,",,E,17,",45.2,",G,25,",0.0,G,0.0,",G",6.7,",,,E",2.448,",E",3.076,",,,G",1.8210000000000002,",,,E"
AG000060390,1996-08-01,36.7167,3.25,24.0,"ALGER DAR EL BEIDA, AG",523.3,E,227.9,",E",3.0,"3,E",0.0,"3,E",0.0,"3,E",0.0,",G",0.0,",E",0.0,",G",31.0,",G",9.0,",G",19960818.0,",,E",19960828.0,",3,E",19960826.0,",,G",14.7,",E,18,",2.1,"3,,E,28,",36.0,",G,26,",0.0,G,0.0,",G",4.2,"3,,,E",2.569,",E",3.112,",,,G",2.025,",,,E"
AG000060390,1996-09-01,36.7167,3.25,24.0,"ALGER DAR EL BEIDA, AG",620.8,E,97.5,",E",5.0,"1,E",2.0,"1,E",1.0,"1,E",0.0,",G",0.0,",E",0.0,",G",30.0,",G",0.0,",G",19960930.0,",,E",19960901.0,",1,E",19960911.0,",,G",9.6,",E,30,",31.3,"1,,E,01,",31.5,",G,11,",0.3,G,0.3,",G",38.6,"1,,,E",2.157,",E",2.7199999999999998,",,,G",1.595,",,,E"
AG000060390,1996-10-01,36.7167,3.25,24.0,"ALGER DAR EL BEIDA, AG",628.2,E,7.4,",E",7.0,",E",5.0,",E",1.0,",E",0.0,",G",0.0,",E",0.0,",G",27.0,",G",0.0,",G",19961005.0,",,E",19961006.0,",,E",19961001.0,",,G",7.0,",E,05,",51.6,",,E,06,",26.8,",G,01,",44.8,G,44.5,",G",88.7,",,,E",1.7129999999999999,",E",2.309,",,,G",1.1179999999999999,",,,E"
AG000060390,1996-11-01,36.7167,3.25,24.0,"ALGER DAR EL BEIDA, AG",640.7,E,12.5,",E",6.0,"2,E",3.0,"2,E",0.0,"2,E",0.0,",G",0.0,",E",0.0,",G",15.0,",G",0.0,",G",19961130.0,",,E",19961118.0,",2,E",19961113.0,",,G",4.5,",E,30,",11.2,"2,,E,18,",29.8,",G,13,",146.8,G,102.0,",G",27.1,"2,,,E",1.535,",E",2.123,",,,G",0.9470000000000001,",,,E"
AG000060390,1996-12-01,36.7167,3.25,24.0,"ALGER DAR EL BEIDA, AG",645.0,E,4.3,",E",10.0,"2,E",4.0,"2,E",0.0,"2,E",0.0,",G",1.0,",E",0.0,",G",8.0,",G",0.0,",G",19961228.0,",,E",19961230.0,",2,E",19961222.0,",,G",-1.9,",E,28,",13.5,"2,,E,30,",26.4,",G,22,",297.1,G,150.3,",G",34.1,"2,,,E",1.3619999999999999,",E",1.92,",,,G",0.805,",,,E"
AG000060390,1997-01-01,36.7167,3.25,24.0,"ALGER DAR EL BEIDA, AG",4.2,E,4.2,",E",12.0,"1,E",3.0,"1,E",0.0,"1,E",0.0,",G",0.0,",E",0.0,",G",6.0,",G",0.0,",G",19970108.0,",,E",19970124.0,",1,E",19970120.0,",,G",0.7,",E,08,",17.9,"1,,E,24,",24.6,",G,20,",455.3,G,158.2,",G",38.1,"1,,,E",1.337,",E",1.8210000000000002,",,,G",0.853,",,,E"
AG000060390,1997-02-01,36.7167,3.25,24.0,"ALGER DAR EL BEIDA, AG",4.2,E,0.0,",E",3.0,",E",3.0,",E",0.0,",E",0.0,",G",0.0,",E",0.0,",G",4.0,",G",0.0,",G",19970220.0,",,E",19970203.0,",,E",19970226.0,",,G",0.3,",E,20,",10.8,",,E,03,",24.3,",G,26,",632.7,G,177.4,",G",23.6,",,,E",1.2,",E",1.8800000000000001,",,,G",0.519,",,,E"
AG000060390,1997-03-01,36.7167,3.25,24.0,"ALGER DAR EL BEIDA, AG",4.2,E,0.0,",E",3.0,"2,E",2.0,"2,E",0.0,"2,E",0.0,",G",0.0,",E",0.0,",G",6.0,",G",0.0,",G",19970301.0,",,E",19970308.0,",2,E",19970319.0,",,G",0.5,",E,01,",5.5,"2,,E,08,",24.5,",G,19,",834.6,G,201.9,",G",9.4,"2,,,E",1.182,",E",1.966,",,,G",0.398,",,,E"
AG000060390,1997-04-01,36.7167,3.25,24.0,"ALGER DAR EL BEIDA, AG",10.8,E,6.6,",E",10.0,",E",6.0,",E",1.0,",E",0.0,",G",0.0,",E",0.0,",G",20.0,",G",0.0,",G",19970403.0,",,E",19970420.0,",,E",19970420.0,",,G",1.5,",E,03,",52.9,",,E,20,",29.0,",G,20,",925.2,G,90.6,",G",94.7,",,,E",1.553,",E",2.213,",,,G",0.8939999999999999,",,,E"
AG000060390,1997-05-01,36.7167,3.25,24.0,"ALGER DAR EL BEIDA, AG",71.6,E,60.8,",E",5.0,",E",3.0,",E",0.0,",E",0.0,",G",0.0,",E",0.0,",G",28.0,",G",1.0,",G",19970509.0,",,E",19970517.0,",,E",19970525.0,",,G",5.4,",E,09,",7.6,",,E,17,",37.4,",G,25,",943.8,G,18.6,",G",22.3,",,,E",1.969,",E",2.497,",,,G",1.442,",,,E"
AG000060390,1997-06-01,36.7167,3.25,24.0,"ALGER DAR EL BEIDA, AG",210.2,E,138.6,",E",1.0,"2,E",1.0,"2,E",0.0,"2,E",0.0,",G",0.0,",E",0.0,",G",30.0,",G",2.0,",G",19970630.0,",,E",19970604.0,",2,E",19970614.0,",,G",9.6,",E,30,",10.3,"2,,E,04,",33.0,",G,14,",944.2,G,0.4,",G",10.4,"2,,,E",2.294,",E",2.912,",,,G",1.6760000000000002,",,,E"
AG000060390,1997-07-01,36.7167,3.25,24.0,"ALGER DAR EL BEIDA, AG",380.9,E,170.7,",E",3.0,",E",2.0,",E",0.0,",E",0.0,",G",0.0,",E",0.0,",G",31.0,",G",1.0,",G",19970701.0,",,E",19970713.0,",,E",19970713.0,",,G",13.4,",E,01,",4.5,",,E,13,",33.8,",G,13,",0.0,G,0.0,",G",9.0,",,,E",2.384,",E",2.8899999999999997,",,,G",1.877,",,,E"
AG000060390,1997-08-01,36.7167,3.25,24.0,"ALGER DAR EL BEIDA, AG",610.1,E,229.2,",E",3.0,"1,E",1.0,"1,E",1.0,"1,E",0.0,",G",0.0,",E",0.0,",G",31.0,",G",9.0,",G",19970802.0,",,E",19970824.0,",1,E",19970809.0,",,G",15.3,",E,02,",30.3,"1,,E,24,",37.1,",G,09,",0.0,G,0.0,",G",33.3,"1,,,E",2.573,",E",3.149,",,,G",1.996,",,,E"
AG000060390,1997-09-01,36.7167,3.25,24.0,"ALGER DAR EL BEIDA, AG",789.5,E,179.4,",E",6.0,"2,E",2.0,"2,E",0.0,"2,E",0.0,",G",0.0,",E",0.0,",G",30.0,",G",6.0,",G",19970924.0,",,E",19970919.0,",2,E",19970901.0,",,G",14.1,",E,24,",19.5,"2,,E,19,",38.6,",G,01,",0.0,G,0.0,",G",36.5,"2,,,E",2.431,",E",2.9829999999999997,",,,G",1.879,",,,E"
AG000060390,1997-10-01,36.7167,3.25,24.0,"ALGER DAR EL BEIDA, AG",891.0,E,101.5,",E",7.0,",E",4.0,",E",0.0,",E",0.0,",G",0.0,",E",0.0,",G",28.0,",G",1.0,",G",19971031.0,",,E",19971029.0,",,E",19971006.0,",,G",8.8,",E,31,",15.5,",,E,29,",35.2,",G,06,",12.6,G,12.6,",G",45.1,",,,E",2.12,",E",2.693,",,,G",1.5470000000000002,",,,E"
AG000060390,1997-11-01,36.7167,3.25,24.0,"ALGER DAR EL BEIDA, AG",905.1,E,14.1,",E",14.0,"3,E",8.0,"3,E",2.0,"3,E",0.0,",G",0.0,",E",0.0,",G",14.0,",G",0.0,",G",19971124.0,",,E",19971126.0,",3,E",19971105.0,",,G",3.1,",E,24,",35.9,"3,,E,26,",29.0,",G,05,",88.6,G,76.0,",G",129.3,"3,,,E",1.627,",E",2.103,",,,G",1.151,",,,E"
AG000060390,1997-12-01,36.7167,3.25,24.0,"ALGER DAR EL BEIDA, AG",907.0,E,1.9,",E",13.0,"1,E",9.0,"1,E",1.0,"1,E",0.0,",G",0.0,",E",0.0,",G",3.0,",G",0.0,",G",19971230.0,",,E",19971205.0,",1,E",19971218.0,",,G",1.0,",E,30,",35.5,"1,,E,05,",24.3,",G,18,",247.1,G,158.5,",G",94.9,"1,,,E",1.3279999999999998,",E",1.845,",,,G",0.8119999999999999,",,,E"
AG000060390,1998-01-01,36.7167,3.25,24.0,"ALGER DAR EL BEIDA, AG",0.0,E,0.0,",E",6.0,",E",3.0,",E",0.0,",E",0.0,",G",3.0,",E",0.0,",G",2.0,",G",0.0,",G",19980123.0,",,E",19980124.0,",,E",19980110.0,",,G",-1.3,",E,23,",14.5,",,E,24,",22.2,",G,10,",441.9,G,194.8,",G",28.4,",,,E",1.205,",E",1.7890000000000001,",,,G",0.621,",,,E"
AG000060390,1998-02-01,36.7167,3.25,24.0,"ALGER DAR EL BEIDA, AG",0.0,E,0.0,",E",9.0,"1,E",5.0,"1,E",1.0,"1,E",0.0,",G",0.0,",E",0.0,",G",4.0,",G",0.0,",G",19980220.0,",,E",19980224.0,",1,E",19980220.0,",,G",1.7,",E,20,",29.8,"1,,E,24,",25.5,",G,20,",607.9,G,166.0,",G",51.5,"1,,,E",1.241,",E",1.877,",,,G",0.604,",,,E"
AG000060390,1998-03-01,36.7167,3.25,24.0,"ALGER DAR EL BEIDA, AG",0.0,E,0.0,",E",6.0,",E",3.0,",E",0.0,",E",0.0,",G",1.0,",E",0.0,",G",9.0,",G",0.0,",G",19980327.0,",,E",19980312.0,",,E",19980304.0,",,G",-0.4,",E,27,",18.0,",,E,12,",25.7,",G,04,",781.3,G,173.4,",G",36.6,",,,E",1.274,",E",1.971,",,,G",0.577,",,,E"
AG000060390,1998-04-01,36.7167,3.25,24.0,"ALGER DAR EL BEIDA, AG",0.4,E,0.4,",E",8.0,",E",7.0,",E",1.0,",E",0.0,",G",0.0,",E",0.0,",G",16.0,",G",0.0,",G",19980414.0,",,E",19980422.0,",,E",19980426.0,",,G",0.7,",E,14,",40.2,",,E,22,",27.8,",G,26,",870.2,G,88.9,",G",76.1,",,,E",1.538,",E",2.1550000000000002,",,,G",0.922,",,,E"
AG000060390,1998-05-01,36.7167,3.25,24.0,"ALGER DAR EL BEIDA, AG",20.9,E,20.5,",E",13.0,",E",8.0,",E",2.0,",E",0.0,",G",0.0,",E",0.0,",G",21.0,",G",0.0,",G",19980507.0,",,E",19980502.0,",,E",19980508.0,",,G",6.2,",E,07,",43.5,",,E,02,",30.4,",G,08,",906.0,G,35.8,",G",151.7,",,,E",1.784,",E",2.302,",,,G",1.266,",,,E"
AG000060390,1998-06-01,36.7167,3.25,24.0,"ALGER DAR EL BEIDA, AG",121.9,E,101.0,",E",1.0,",E",0.0,",E",0.0,",E",0.0,",G",0.0,",E",0.0,",G",30.0,",G",1.0,",G",19980613.0,",,E",19980605.0,",,E",19980623.0,",,G",9.0,",E,13,",1.3,",,E,05,",32.4,",G,23,",906.9,G,0.9,",G",1.4,",,,E",2.1670000000000003,",E",2.7920000000000003,",,,G",1.542,",,,E"
AG000060390,1998-07-01,36.7167,3.25,24.0,"ALGER DAR EL BEIDA, AG",321.7,E,199.8,",E",0.0,"1,E",0.0,"1,E",0.0,"1,E",0.0,",G",0.0,",E",0.0,",G",31.0,",G",8.0,",G",19980710.0,",,E",19980731.0,"+,1,E",19980707.0,",,G",13.2,",E,10,",0.0,"1,,E,31,+",36.0,",G,07,",0.0,G,0.0,",G",0.0,"1,,,E",2.478,",E",3.149,",,,G",1.8059999999999998,",,,E"
AG000060390,1998-08-01,36.7167,3.25,24.0,"ALGER DAR EL BEIDA, AG",550.0,E,228.3,",E",5.0,"3,E",1.0,"3,E",0.0,"3,E",0.0,",G",0.0,",E",0.0,",G",31.0,",G",13.0,",G",19980805.0,",,E",19980803.0,",3,E",19980831.0,",,G",15.4,",E,05,",3.5,"3,,E,03,",38.9,",G,31,",0.0,G,0.0,",G",7.9,"3,,,E",2.57,",E",3.2009999999999996,",,,G",1.939,",,,E"
AG000060390,1998-09-01,36.7167,3.25,24.0,"ALGER DAR EL BEIDA, AG",740.6,E,190.6,",E",5.0,"1,E",4.0,"1,E",0.0,"1,E",0.0,",G",0.0,",E",0.0,",G",30.0,",G",8.0,",G",19980916.0,",,E",19980925.0,",1,E",19980901.0,",,G",13.0,",E,16,",6.4,"1,,E,25,",40.2,",G,01,",0.0,G,0.0,",G",21.8,"1,,,E",2.4690000000000003,",E",3.054,",,,G",1.8829999999999998,",,,E"
AG000060390,1998-10-01,36.7167,3.25,24.0,"ALGER DAR EL BEIDA, AG",761.4,E,20.8,",E",4.0,"2,E",4.0,"2,E",0.0,"2,E",0.0,",G",0.0,",E",0.0,",G",29.0,",G",0.0,",G",19981028.0,",,E",19981007.0,",2,E",19981004.0,",,G",6.8,",E,28,",19.9,"2,,E,07,",30.5,",G,04,",33.4,G,33.4,",G",49.4,"2,,,E",1.793,",E",2.4690000000000003,",,,G",1.116,",,,E"
AG000060390,1998-11-01,36.7167,3.25,24.0,"ALGER DAR EL BEIDA, AG",763.8,E,2.4,",E",11.0,"2,E",7.0,"2,E",1.0,"2,E",0.0,",G",0.0,",E",0.0,",G",15.0,",G",0.0,",G",19981130.0,"+,,E",19981125.0,",2,E",19981104.0,",,G",5.4,",E,30,+",26.9,"2,,E,25,",27.4,",G,04,",135.5,G,102.1,",G",102.7,"2,,,E",1.501,",E",2.0420000000000003,",,,G",0.96,",,,E"
AG000060390,1998-12-01,36.7167,3.25,24.0,"ALGER DAR EL BEIDA, AG",763.8,E,0.0,",E",10.0,"2,E",5.0,"2,E",1.0,"2,E",0.0,",G",0.0,",E",0.0,",G",2.0,",G",0.0,",G",19981217.0,",,E",19981224.0,",2,E",19981215.0,",,G",0.6,",E,17,",48.7,"2,,E,24,",22.0,",G,15,",356.4,G,220.9,",G",81.8,"2,,,E",1.121,",E",1.707,",,,G",0.534,",,,E"
AG000060390,2000-06-01,36.7167,3.25,24.0,"ALGER DAR EL BEIDA, AG",,,90.6,"5,S",,,,,,,0.0,"3,S",0.0,"3,S",0.0,"3,S",27.0,"3,S",2.0,"3,S",20000608.0,",3,S",,,20000630.0,",3,S",11.4,"3,S,08,",,,34.2,"3,S,30,",,,0.0,"3,S",,,2.198,"5,S",2.827,"3,,,S",1.568,"3,,,S"
AG000060390,2000-08-01,36.7167,3.25,24.0,"ALGER DAR EL BEIDA, AG",,,,,,,,,,,0.0,"5,S",0.0,"5,S",0.0,"4,S",27.0,"4,S",18.0,"4,S",20000810.0,",5,S",,,20000825.0,",4,S",14.0,"5,S,10,",,,43.8,"4,S,25,",,,,,,,2.636,"8,S",3.404,"4,,,S",1.8679999999999999,"5,,,S"
AG000060390,2001-02-01,36.7167,3.25,24.0,"ALGER DAR EL BEIDA, AG",,,,,,,,,,,0.0,"5,S",3.0,"5,S",0.0,"5,S",2.0,"5,S",0.0,"5,S",20010227.0,"+,5,S",,,20010206.0,",5,S",0.0,"5,S,27,+",,,25.3,"5,S,06,",,,,,,,1.082,"0,S",1.8010000000000002,"5,,,S",0.364,"5,,,S"
AG000060390,2001-07-01,36.7167,3.25,24.0,"ALGER DAR EL BEIDA, AG",,,,,,,,,,,0.0,"4,S",0.0,"4,S",0.0,"3,S",28.0,"3,S",11.0,"3,S",20010720.0,",4,S",,,20010731.0,",3,S",11.9,"4,S,20,",,,36.4,"3,S,31,",,,,,,,2.476,"7,S",3.207,"3,,,S",1.7449999999999999,"4,,,S"
AG000060390,2001-09-01,36.7167,3.25,24.0,"ALGER DAR EL BEIDA, AG",,,,,,,,,,,0.0,"4,S",0.0,"4,S",0.0,"4,S",26.0,"4,S",4.0,"4,S",20010911.0,",4,S",,,20010904.0,",4,S",12.6,"4,S,11,",,,36.4,"4,S,04,",,,,,,,2.3760000000000003,"6,S",3.0,"4,,,S",1.752,"4,,,S"
AG000060390,2002-06-01,36.7167,3.25,24.0,"ALGER DAR EL BEIDA, AG",,,,,,,,,,,0.0,"4,S",0.0,"4,S",0.0,"4,S",26.0,"4,S",5.0,"4,S",20020610.0,",4,S",,,20020627.0,",4,S",8.0,"4,S,10,",,,36.7,"4,S,27,",,,,,,,2.247,"8,S",2.942,"4,,,S",1.552,"4,,,S"
AG000060390,2004-06-01,36.7167,3.25,24.0,"ALGER DAR EL BEIDA, AG",,,,,1.0,"1,S",0.0,"1,S",0.0,"1,S",0.0,"3,S",0.0,"3,S",0.0,"5,S",25.0,"5,S",3.0,"5,S",20040616.0,",3,S",20040608.0,",1,S",20040627.0,",5,S",10.2,"3,S,16,",1.0,"1,,S,08,",33.2,"5,S,27,",,,,,1.0,"1,,,S",2.189,"7,S",2.866,"5,,,S",1.5130000000000001,"3,,,S"
AG000060390,2004-09-01,36.7167,3.25,24.0,"ALGER DAR EL BEIDA, AG",,,,,5.0,",S",2.0,",S",0.0,",S",0.0,"5,S",0.0,"5,S",0.0,"2,S",28.0,"2,S",10.0,"2,S",20040929.0,",5,S",20040926.0,",,S",20040905.0,",2,S",11.0,"5,S,29,",6.1,",,S,26,",40.7,"2,S,05,",,,,,12.0,",,,S",2.415,"7,S",3.103,"2,,,S",1.7260000000000002,"5,,,S"
AG000060390,2005-09-01,36.7167,3.25,24.0,"ALGER DAR EL BEIDA, AG",,,107.6,"5,S",4.0,",S",2.0,",S",0.0,",S",0.0,"2,S",0.0,"2,S",0.0,"3,S",27.0,"3,S",3.0,"3,S",20050922.0,",2,S",20050908.0,",,S",20050902.0,",3,S",9.3,"2,S,22,",8.9,",,S,08,",34.2,"3,S,02,",,,0.0,"3,S",14.4,",,,S",2.266,"5,S",2.955,"3,,,S",1.576,"2,,,S"
