STATION,DATE,LATITUDE,LONGITUDE,ELEVATION,NAME,CDSD,CDSD_ATTRIBUTES,CLDD,CLDD_ATTRIBUTES,DP01,DP01_ATTRIBUTES,DP10,DP10_ATTRIBUTES,DP1X,DP1X_ATTRIBUTES,DT00,DT00_ATTRIBUTES,DT32,DT32_ATTRIBUTES,DX32,DX32_ATTRIBUTES,DX70,DX70_ATTRIBUTES,DX90,DX90_ATTRIBUTES,DYNT,DYNT_ATTRIBUTES,DYXP,DYXP_ATTRIBUTES,DYXT,DYXT_ATTRIBUTES,EMNT,EMNT_ATTRIBUTES,EMXP,EMXP_ATTRIBUTES,EMXT,EMXT_ATTRIBUTES,HDSD,HDSD_ATTRIBUTES,HTDD,HTDD_ATTRIBUTES,PRCP,PRCP_ATTRIBUTES,TAVG,TAVG_ATTRIBUTES,TMAX,TMAX_ATTRIBUTES,TMIN,TMIN_ATTRIBUTES
AG000060680,1940-01-01,22.8,5.4331,1362.0,"TAMANRASSET, AG",0.0,G,0.0,",G",0.0,",I",0.0,",I",0.0,",I",0.0,",G",2.0,",G",0.0,",G",15.0,",G",0.0,",G",19400125.0,",,G",19400131.0,"+,,I",19400104.0,",,G",-0.4,",G,25,",0.0,",,I,31,+",24.2,",G,04,",,,187.2,",G",0.0,",,,I",1.2289999999999999,",G",2.0469999999999997,",,,G",0.41200000000000003,",,,G"
AG000060680,1940-02-01,22.8,5.4331,1362.0,"TAMANRASSET, AG",0.0,G,0.0,",G",0.0,",I",0.0,",I",0.0,",I",0.0,",G",1.0,",G",0.0,",G",24.0,",G",0.0,",G",19400207.0,",,G",19400229.0,"+,,I",19400213.0,",,G",-1.9,",G,07,",0.0,",,I,29,+",25.4,",G,13,",,,108.9,",G",0.0,",,,I",1.458,",G",2.298,",,,G",0.618,",,,G"
AG000060680,1940-03-01,22.8,5.4331,1362.0,"TAMANRASSET, AG",25.0,G,25.0,"3,G",0.0,",I",0.0,",I",0.0,",I",0.0,"3,G",0.0,"3,G",0.0,"1,G",30.0,"1,G",0.0,"1,G",19400310.0,",3,G",19400331.0,"+,,I",19400327.0,",1,G",6.6,"3,G,10,",0.0,",,I,31,+",29.0,"1,G,27,",,,7.8,"1,G",0.0,",,,I",1.891,"3,G",2.661,"1,,,G",1.121,"3,,,G"
AG000060680,1940-04-01,22.8,5.4331,1362.0,"TAMANRASSET, AG",123.4,G,98.4,",G",0.0,",I",0.0,",I",0.0,",I",0.0,",G",0.0,",G",0.0,",G",30.0,",G",7.0,",G",19400402.0,",,G",19400430.0,"+,,I",19400423.0,",,G",6.6,",G,02,",0.0,",,I,30,+",33.5,",G,23,",,,7.7,",G",0.0,",,,I",2.136,",G",2.9210000000000003,",,,G",1.35,",,,G"
AG000060680,1940-06-01,22.8,5.4331,1362.0,"TAMANRASSET, AG",,,317.0,",G",2.0,",I",0.0,",I",0.0,",I",0.0,",G",0.0,",G",0.0,",G",30.0,",G",30.0,",G",19400630.0,",,G",19400618.0,",,I",19400625.0,",,G",17.5,",G,30,",2.0,",,I,18,",38.7,",G,25,",,,0.0,",G",3.0,",,,I",2.8899999999999997,",G",3.62,",,,G",2.16,",,,G"
AG000060680,1940-07-01,22.8,5.4331,1362.0,"TAMANRASSET, AG",,,300.7,",G",0.0,",I",0.0,",I",0.0,",I",0.0,",G",0.0,",G",0.0,",G",31.0,",G",31.0,",G",19400701.0,",,G",19400731.0,"+,,I",19400708.0,",,G",16.0,",G,01,",0.0,",,I,31,+",38.2,",G,08,",0.0,G,0.0,",G",0.0,",,,I",2.803,",G",3.5229999999999997,",,,G",2.084,",,,G"
AG000060680,1940-08-01,22.8,5.4331,1362.0,"TAMANRASSET, AG",,,284.8,",G",,,,,,,0.0,",G",0.0,",G",0.0,",G",31.0,",G",28.0,",G",19400804.0,",,G",,,19400805.0,",,G",17.1,",G,04,",,,36.6,",G,05,",0.0,G,0.0,",G",,,2.752,",G",3.3770000000000002,",,,G",2.1260000000000003,",,,G"
AG000060680,1940-09-01,22.8,5.4331,1362.0,"TAMANRASSET, AG",,,224.1,",G",5.0,"4,I",3.0,"4,I",1.0,"4,I",0.0,",G",0.0,",G",0.0,",G",30.0,",G",16.0,",G",19400923.0,",,G",19400922.0,",4,I",19400901.0,",,G",12.4,",G,23,",27.0,"4,,I,22,",35.7,",G,01,",0.0,G,0.0,",G",54.0,"4,,,I",2.58,",G",3.189,",,,G",1.971,",,,G"
AG000060680,1940-10-01,22.8,5.4331,1362.0,"TAMANRASSET, AG",,,127.4,"3,G",,,,,,,0.0,"3,G",0.0,"3,G",0.0,"3,G",28.0,"3,G",0.0,"3,G",19401030.0,",3,G",,,19401004.0,",3,G",9.4,"3,G,30,",,,32.1,"3,G,04,",0.0,G,0.0,"3,G",,,2.288,"3,G",2.916,"3,,,G",1.6600000000000001,"3,,,G"
AG000060680,1940-11-01,22.8,5.4331,1362.0,"TAMANRASSET, AG",,,32.5,",G",0.0,"3,I",0.0,"3,I",0.0,"3,I",0.0,",G",0.0,",G",0.0,",G",29.0,",G",0.0,",G",19401130.0,",,G",19401130.0,"+,3,I",19401116.0,",,G",6.4,",G,30,",0.0,"3,,I,30,+",28.4,",G,16,",22.0,G,22.0,",G",0.0,"3,,,I",1.8679999999999999,",G",2.5460000000000003,",,,G",1.191,",,,G"
AG000060680,1941-01-01,22.8,5.4331,1362.0,"TAMANRASSET, AG",0.5,G,0.5,",G",0.0,"1,I",0.0,"1,I",0.0,"1,I",0.0,",G",1.0,",G",0.0,",G",26.0,",G",0.0,",G",19410101.0,",,G",19410131.0,"+,1,I",19410126.0,"+,,G",0.0,",G,01,",0.0,"1,,I,31,+",26.3,",G,26,+",,,121.9,",G",0.0,"1,,,I",1.441,",G",2.293,",,,G",0.5900000000000001,",,,G"
AG000060680,1941-02-01,22.8,5.4331,1362.0,"TAMANRASSET, AG",12.3,G,11.8,",G",0.0,",I",0.0,",I",0.0,",I",0.0,",G",1.0,",G",0.0,",G",25.0,",G",0.0,",G",19410207.0,",,G",19410228.0,"+,,I",19410218.0,",,G",0.0,",G,07,",0.0,",,I,28,+",29.8,",G,18,",,,88.3,",G",0.0,",,,I",1.56,",G",2.4539999999999997,",,,G",0.666,",,,G"
AG000060680,1941-03-01,22.8,5.4331,1362.0,"TAMANRASSET, AG",61.9,G,49.6,",G",0.0,"1,I",0.0,"1,I",0.0,"1,I",0.0,",G",0.0,",G",0.0,",G",31.0,",G",0.0,",G",19410317.0,",,G",19410331.0,"+,1,I",19410311.0,",,G",4.8,",G,17,",0.0,"1,,I,31,+",31.8,",G,11,",,,20.3,",G",0.0,"1,,,I",1.9280000000000002,",G",2.743,",,,G",1.113,",,,G"
AG000060680,1941-04-01,22.8,5.4331,1362.0,"TAMANRASSET, AG",179.5,G,117.6,",G",0.0,"2,I",0.0,"2,I",0.0,"2,I",0.0,",G",0.0,",G",0.0,",G",30.0,",G",9.0,",G",19410406.0,",,G",19410430.0,"+,2,I",19410430.0,",,G",8.2,",G,06,",0.0,"2,,I,30,+",36.1,",G,30,",,,0.0,",G",0.0,"2,,,I",2.225,",G",3.0629999999999997,",,,G",1.387,",,,G"
AG000060680,1941-05-01,22.8,5.4331,1362.0,"TAMANRASSET, AG",446.2,G,266.7,",G",2.0,"2,I",1.0,"2,I",0.0,"2,I",0.0,",G",0.0,",G",0.0,",G",31.0,",G",27.0,",G",19410524.0,",,G",19410530.0,",2,I",19410520.0,",,G",10.8,",G,24,",8.0,"2,,I,30,",38.0,",G,20,",,,0.0,",G",9.0,"2,,,I",2.694,",G",3.497,",,,G",1.891,",,,G"
AG000060680,1941-06-01,22.8,5.4331,1362.0,"TAMANRASSET, AG",760.3,G,314.1,",G",,,,,,,0.0,",G",0.0,",G",0.0,",G",30.0,",G",30.0,",G",19410626.0,",,G",,,19410604.0,",,G",18.8,",G,26,",,,37.7,",G,04,",,,0.0,",G",,,2.88,",G",3.5490000000000004,",,,G",2.211,",,,G"
AG000060680,1941-07-01,22.8,5.4331,1362.0,"TAMANRASSET, AG",1101.6,G,341.3,",G",,,,,,,0.0,",G",0.0,",G",0.0,",G",31.0,",G",31.0,",G",19410730.0,"+,,G",,,19410702.0,",,G",19.0,",G,30,+",,,38.0,",G,02,",0.0,G,0.0,",G",,,2.934,",G",3.531,",,,G",2.337,",,,G"
AG000060680,1941-08-01,22.8,5.4331,1362.0,"TAMANRASSET, AG",1419.3,G,317.7,",G",0.0,"1,I",0.0,"1,I",0.0,"1,I",0.0,",G",0.0,",G",0.0,",G",31.0,",G",31.0,",G",19410827.0,",,G",19410831.0,"+,1,I",19410803.0,",,G",18.7,",G,27,",0.0,"1,,I,31,+",37.4,",G,03,",0.0,G,0.0,",G",0.0,"1,,,I",2.8579999999999997,",G",3.499,",,,G",2.218,",,,G"
AG000060680,1941-09-01,22.8,5.4331,1362.0,"TAMANRASSET, AG",1666.4,G,247.1,",G",,,,,,,0.0,",G",0.0,",G",0.0,",G",30.0,",G",19.0,",G",19410927.0,",,G",,,19410915.0,",,G",16.4,",G,27,",,,35.4,",G,15,",0.0,G,0.0,",G",,,2.657,",G",3.2950000000000004,",,,G",2.019,",,,G"
AG000060680,1941-10-01,22.8,5.4331,1362.0,"TAMANRASSET, AG",1798.1,G,131.7,",G",0.0,"3,I",0.0,"3,I",0.0,"3,I",0.0,",G",0.0,",G",0.0,",G",31.0,",G",0.0,",G",19411024.0,",,G",19411031.0,"+,3,I",19411002.0,",,G",12.5,",G,24,",0.0,"3,,I,31,+",31.8,",G,02,",0.0,G,0.0,",G",0.0,"3,,,I",2.258,",G",2.956,",,,G",1.56,",,,G"
AG000060680,1941-11-01,22.8,5.4331,1362.0,"TAMANRASSET, AG",1838.8,G,40.7,",G",0.0,",I",0.0,",I",0.0,",I",0.0,",G",0.0,",G",0.0,",G",29.0,",G",0.0,",G",19411126.0,",,G",19411130.0,"+,,I",19411107.0,",,G",4.9,",G,26,",0.0,",,I,30,+",31.1,",G,07,",36.4,G,36.4,",G",0.0,",,,I",1.848,",G",2.565,",,,G",1.1300000000000001,",,,G"
AG000060680,1941-12-01,22.8,5.4331,1362.0,"TAMANRASSET, AG",1842.2,G,3.4,",G",0.0,"2,I",0.0,"2,I",0.0,"2,I",0.0,",G",0.0,",G",0.0,",G",26.0,",G",0.0,",G",19411219.0,",,G",19411231.0,"+,2,I",19411210.0,",,G",5.6,",G,19,",0.0,"2,,I,31,+",25.6,",G,10,",96.9,G,60.5,",G",0.0,"2,,,I",1.6489999999999998,",G",2.304,",,,G",0.994,",,,G"
AG000060680,1942-01-01,22.8,5.4331,1362.0,"TAMANRASSET, AG",1.2,G,1.2,",G",1.0,"4,I",0.0,"4,I",0.0,"4,I",0.0,",G",8.0,",G",0.0,",G",10.0,",G",0.0,",G",19420120.0,",,G",19420105.0,",4,I",19420103.0,",,G",-2.4,",G,20,",1.0,"4,,I,05,",23.4,",G,03,",306.0,G,209.1,",G",1.0,"4,,,I",1.163,",G",1.9300000000000002,",,,G",0.395,",,,G"
AG000060680,1942-02-01,22.8,5.4331,1362.0,"TAMANRASSET, AG",2.6,G,1.4,",G",1.0,"5,I",0.0,"5,I",0.0,"5,I",0.0,",G",0.0,",G",0.0,",G",23.0,",G",0.0,",G",19420217.0,",,G",19420212.0,",5,I",19420212.0,",,G",0.6,",G,17,",1.0,"5,,I,12,",26.9,",G,12,",408.4,G,102.4,",G",1.0,"5,,,I",1.473,",G",2.294,",,,G",0.6519999999999999,",,,G"
AG000060680,1942-03-01,22.8,5.4331,1362.0,"TAMANRASSET, AG",59.6,G,57.0,",G",0.0,",I",0.0,",I",0.0,",I",0.0,",G",0.0,",G",0.0,",G",30.0,",G",0.0,",G",19420301.0,",,G",19420331.0,"+,,I",19420326.0,",,G",2.4,",G,01,",0.0,",,I,31,+",32.0,",G,26,",430.5,G,22.1,",G",0.0,",,,I",1.9460000000000002,",G",2.779,",,,G",1.113,",,,G"
AG000060680,1942-04-01,22.8,5.4331,1362.0,"TAMANRASSET, AG",186.0,G,126.4,",G",0.0,",I",0.0,",I",0.0,",I",0.0,",G",0.0,",G",0.0,",G",30.0,",G",4.0,",G",19420405.0,",,G",19420430.0,"+,,I",19420422.0,",,G",10.4,",G,05,",0.0,",,I,30,+",32.6,",G,22,",430.5,G,0.0,",G",0.0,",,,I",2.255,",G",3.0620000000000003,",,,G",1.447,",,,G"
AG000060680,1942-05-01,22.8,5.4331,1362.0,"TAMANRASSET, AG",428.7,G,242.7,",G",1.0,"2,I",0.0,"2,I",0.0,"2,I",0.0,",G",0.0,",G",0.0,",G",31.0,",G",27.0,",G",19420504.0,",,G",19420525.0,",2,I",19420511.0,",,G",12.7,",G,04,",1.0,"2,,I,25,",37.0,",G,11,",430.5,G,0.0,",G",1.0,"2,,,I",2.616,",G",3.372,",,,G",1.86,",,,G"
AG000060680,1942-06-01,22.8,5.4331,1362.0,"TAMANRASSET, AG",750.8,G,322.1,",G",1.0,"2,I",0.0,"2,I",0.0,"2,I",0.0,",G",0.0,",G",0.0,",G",30.0,",G",30.0,",G",19420602.0,",,G",19420628.0,",2,I",19420623.0,",,G",17.8,",G,02,",1.0,"2,,I,28,",38.3,",G,23,",430.5,G,0.0,",G",1.0,"2,,,I",2.907,",G",3.6109999999999998,",,,G",2.2030000000000003,",,,G"
AG000060680,1942-07-01,22.8,5.4331,1362.0,"TAMANRASSET, AG",1051.4,G,300.6,",G",0.0,",I",0.0,",I",0.0,",I",0.0,",G",0.0,",G",0.0,",G",31.0,",G",31.0,",G",19420705.0,",,G",19420731.0,"+,,I",19420722.0,",,G",17.7,",G,05,",0.0,",,I,31,+",37.8,",G,22,",0.0,G,0.0,",G",0.0,",,,I",2.803,",G",3.475,",,,G",2.131,",,,G"
AG000060680,1942-08-01,22.8,5.4331,1362.0,"TAMANRASSET, AG",1337.0,G,285.6,",G",4.0,"1,I",4.0,"1,I",0.0,"1,I",0.0,",G",0.0,",G",0.0,",G",31.0,",G",30.0,",G",19420801.0,",,G",19420813.0,",1,I",19420827.0,",,G",18.2,",G,01,",6.0,"1,,I,13,",36.2,",G,27,",0.0,G,0.0,",G",17.0,"1,,,I",2.755,",G",3.406,",,,G",2.103,",,,G"
AG000060680,1942-09-01,22.8,5.4331,1362.0,"TAMANRASSET, AG",1574.4,G,237.4,",G",1.0,",I",0.0,",I",0.0,",I",0.0,",G",0.0,",G",0.0,",G",30.0,",G",18.0,",G",19420922.0,",,G",19420909.0,",,I",19420901.0,",,G",15.8,",G,22,",1.0,",,I,09,",36.3,",G,01,",0.0,G,0.0,",G",1.0,",,,I",2.625,",G",3.3020000000000005,",,,G",1.9469999999999998,",,,G"
AG000060680,1942-10-01,22.8,5.4331,1362.0,"TAMANRASSET, AG",1705.1,G,130.7,",G",3.0,"1,I",0.0,"1,I",0.0,"1,I",0.0,",G",0.0,",G",0.0,",G",31.0,",G",4.0,",G",19421025.0,",,G",19421013.0,",1,I",19421004.0,",,G",11.7,",G,25,",2.0,"1,,I,13,",33.1,",G,04,",0.0,G,0.0,",G",4.0,"1,,,I",2.255,",G",2.911,",,,G",1.599,",,,G"
AG000060680,1942-11-01,22.8,5.4331,1362.0,"TAMANRASSET, AG",1750.1,G,45.0,",G",0.0,"1,I",0.0,"1,I",0.0,"1,I",0.0,",G",0.0,",G",0.0,",G",29.0,",G",0.0,",G",19421128.0,",,G",19421130.0,"+,1,I",19421101.0,",,G",7.8,",G,28,",0.0,"1,,I,30,+",31.1,",G,01,",8.6,G,8.6,",G",0.0,"1,,,I",1.955,",G",2.6260000000000003,",,,G",1.283,",,,G"
AG000060680,1942-12-01,22.8,5.4331,1362.0,"TAMANRASSET, AG",1751.1,G,1.0,",G",2.0,",I",1.0,",I",0.0,",I",0.0,",G",3.0,",G",0.0,",G",9.0,",G",0.0,",G",19421229.0,",,G",19421208.0,",,I",19421201.0,",,G",-0.8,",G,29,",3.0,",,I,08,",25.4,",G,01,",192.0,G,183.4,",G",4.0,",,,I",1.2449999999999999,",G",1.939,",,,G",0.55,",,,G"
AG000060680,1943-01-01,22.8,5.4331,1362.0,"TAMANRASSET, AG",0.0,G,0.0,",G",2.0,",I",0.0,",I",0.0,",I",0.0,",G",3.0,",G",0.0,",G",8.0,",G",0.0,",G",19430126.0,"+,,G",19430109.0,",,I",19430113.0,",,G",-1.1,",G,26,+",2.0,",,I,09,",23.0,",G,13,",406.4,G,214.4,",G",3.0,",,,I",1.142,",G",1.895,",,,G",0.388,",,,G"
AG000060680,1943-02-01,22.8,5.4331,1362.0,"TAMANRASSET, AG",1.4,G,1.4,",G",1.0,"1,I",0.0,"1,I",0.0,"1,I",0.0,",G",1.0,",G",0.0,",G",16.0,",G",0.0,",G",19430210.0,",,G",19430206.0,",1,I",19430221.0,",,G",-0.3,",G,10,",1.0,"1,,I,06,",27.4,",G,21,",520.7,G,114.3,",G",1.0,"1,,,I",1.4300000000000002,",G",2.2030000000000003,",,,G",0.657,",,,G"
AG000060680,1943-03-01,22.8,5.4331,1362.0,"TAMANRASSET, AG",21.3,G,19.9,",G",0.0,",I",0.0,",I",0.0,",I",0.0,",G",0.0,",G",0.0,",G",31.0,",G",0.0,",G",19430319.0,",,G",19430331.0,"+,,I",19430311.0,",,G",4.1,",G,19,",0.0,",,I,31,+",28.4,",G,11,",548.5,G,27.8,",G",0.0,",,,I",1.8079999999999998,",G",2.5420000000000003,",,,G",1.073,",,,G"
AG000060680,1943-04-01,22.8,5.4331,1362.0,"TAMANRASSET, AG",109.0,G,87.7,"2,G",0.0,"1,I",0.0,"1,I",0.0,"1,I",0.0,"2,G",0.0,"2,G",0.0,",G",29.0,",G",1.0,",G",19430403.0,",2,G",19430430.0,"+,1,I",19430415.0,",,G",5.3,"2,G,03,",0.0,"1,,I,30,+",32.3,",G,15,",563.1,G,14.6,",G",0.0,"1,,,I",2.089,"2,G",2.782,",,,G",1.3960000000000001,"2,,,G"
AG000060680,1943-05-01,22.8,5.4331,1362.0,"TAMANRASSET, AG",302.3,G,193.3,"1,G",2.0,",I",1.0,",I",0.0,",I",0.0,",G",0.0,",G",0.0,"1,G",30.0,"1,G",11.0,"1,G",19430524.0,",,G",19430523.0,",,I",19430512.0,",1,G",14.3,",G,24,",4.0,",,I,23,",36.1,"1,G,12,",563.1,G,0.0,"1,G",5.0,",,,I",2.475,"1,G",3.185,"1,,,G",1.765,",,,G"
AG000060680,1943-06-01,22.8,5.4331,1362.0,"TAMANRASSET, AG",545.2,G,242.9,"2,G",1.0,"1,I",1.0,"1,I",0.0,"1,I",0.0,"2,G",0.0,"2,G",0.0,",G",30.0,",G",25.0,",G",19430604.0,",2,G",19430603.0,",1,I",19430617.0,",,G",15.3,"2,G,04,",9.0,"1,,I,03,",36.3,",G,17,",563.1,G,0.0,",G",9.0,"1,,,I",2.699,"2,G",3.351,",,,G",2.0469999999999997,"2,,,G"
AG000060680,1943-07-01,22.8,5.4331,1362.0,"TAMANRASSET, AG",837.4,G,292.2,"1,G",1.0,",I",1.0,",I",0.0,",I",0.0,",G",0.0,",G",0.0,"1,G",30.0,"1,G",29.0,"1,G",19430719.0,",,G",19430725.0,",,I",19430712.0,",1,G",15.9,",G,19,",13.0,",,I,25,",37.2,"1,G,12,",0.0,G,0.0,"1,G",13.0,",,,I",2.807,"1,G",3.472,"1,,,G",2.141,",,,G"
AG000060680,1943-08-01,22.8,5.4331,1362.0,"TAMANRASSET, AG",1119.3,G,281.9,",G",6.0,",I",4.0,",I",0.0,",I",0.0,",G",0.0,",G",0.0,",G",31.0,",G",30.0,",G",19430806.0,",,G",19430831.0,",,I",19430807.0,",,G",17.9,",G,06,",12.0,",,I,31,",35.5,",G,07,",0.0,G,0.0,",G",31.0,",,,I",2.743,",G",3.379,",,,G",2.106,",,,G"
AG000060680,1943-09-01,22.8,5.4331,1362.0,"TAMANRASSET, AG",1330.9,G,211.6,"1,G",3.0,"1,I",3.0,"1,I",0.0,"1,I",0.0,",G",0.0,",G",0.0,"1,G",29.0,"1,G",12.0,"1,G",19430927.0,",,G",19430910.0,",1,I",19430903.0,",1,G",15.4,",G,27,",8.0,"1,,I,10,",34.7,"1,G,03,",0.0,G,0.0,"1,G",20.0,"1,,,I",2.571,"1,G",3.228,"1,,,G",1.9149999999999998,",,,G"
AG000060680,1943-10-01,22.8,5.4331,1362.0,"TAMANRASSET, AG",1505.3,G,174.4,",G",0.0,",I",0.0,",I",0.0,",I",0.0,",G",0.0,",G",0.0,",G",31.0,",G",3.0,",G",19431031.0,",,G",19431031.0,"+,,I",19431010.0,"+,,G",12.5,",G,31,",0.0,",,I,31,+",32.6,",G,10,+",0.0,G,0.0,",G",0.0,",,,I",2.396,",G",3.055,",,,G",1.737,",,,G"
AG000060680,1943-11-01,22.8,5.4331,1362.0,"TAMANRASSET, AG",1523.0,G,17.7,",G",2.0,",I",2.0,",I",0.0,",I",0.0,",G",0.0,",G",0.0,",G",28.0,",G",0.0,",G",19431112.0,",,G",19431114.0,",,I",19431124.0,"+,,G",2.1,",G,12,",17.0,",,I,14,",28.1,",G,24,+",34.9,G,34.9,",G",22.0,",,,I",1.7760000000000002,",G",2.497,",,,G",1.0550000000000002,",,,G"
AG000060680,1943-12-01,22.8,5.4331,1362.0,"TAMANRASSET, AG",1527.5,G,4.5,",G",1.0,"1,I",0.0,"1,I",0.0,"1,I",0.0,",G",0.0,",G",0.0,",G",17.0,",G",0.0,",G",19431220.0,",,G",19431228.0,",1,I",19431207.0,",,G",0.3,",G,20,",1.0,"1,,I,28,",25.1,",G,07,",139.1,G,104.2,",G",1.0,"1,,,I",1.512,",G",2.127,",,,G",0.8960000000000001,",,,G"
AG000060680,1944-01-01,22.8,5.4331,1362.0,"TAMANRASSET, AG",0.0,G,0.0,"1,G",0.0,",I",0.0,",I",0.0,",I",0.0,",G",2.0,",G",0.0,"1,G",0.0,"1,G",0.0,"1,G",19440106.0,",,G",19440131.0,"+,,I",19440111.0,",1,G",-0.6,",G,06,",0.0,",,I,31,+",20.3,"1,G,11,",372.4,G,233.3,"1,G",0.0,",,,I",1.052,"1,G",1.784,"1,,,G",0.319,",,,G"
AG000060680,1944-02-01,22.8,5.4331,1362.0,"TAMANRASSET, AG",0.0,G,0.0,",G",1.0,",I",0.0,",I",0.0,",I",0.0,",G",2.0,",G",0.0,",G",17.0,",G",0.0,",G",19440217.0,",,G",19440219.0,",,I",19440228.0,",,G",-4.7,",G,17,",2.0,",,I,19,",26.8,",G,28,",544.3,G,171.9,",G",2.0,",,,I",1.241,",G",2.069,",,,G",0.41200000000000003,",,,G"
AG000060680,1944-03-01,22.8,5.4331,1362.0,"TAMANRASSET, AG",0.9,G,0.9,",G",0.0,",I",0.0,",I",0.0,",I",0.0,",G",0.0,",G",0.0,",G",29.0,",G",0.0,",G",19440305.0,",,G",19440331.0,"+,,I",19440331.0,",,G",0.4,",G,05,",0.0,",,I,31,+",28.1,",G,31,",644.0,G,99.7,",G",0.0,",,,I",1.5150000000000001,",G",2.367,",,,G",0.662,",,,G"
AG000060680,1944-04-01,22.8,5.4331,1362.0,"TAMANRASSET, AG",101.5,G,100.6,",G",0.0,",I",0.0,",I",0.0,",I",0.0,",G",0.0,",G",0.0,",G",30.0,",G",4.0,",G",19440430.0,",,G",19440430.0,"+,,I",19440416.0,"+,,G",8.0,",G,30,",0.0,",,I,30,+",32.7,",G,16,+",645.8,G,1.8,",G",0.0,",,,I",2.163,",G",2.981,",,,G",1.345,",,,G"
AG000060680,1944-05-01,22.8,5.4331,1362.0,"TAMANRASSET, AG",308.6,G,207.1,",G",0.0,",I",0.0,",I",0.0,",I",0.0,",G",0.0,",G",0.0,",G",31.0,",G",21.0,",G",19440505.0,",,G",19440531.0,"+,,I",19440523.0,",,G",12.1,",G,05,",0.0,",,I,31,+",37.3,",G,23,",645.8,G,0.0,",G",0.0,",,,I",2.5010000000000003,",G",3.316,",,,G",1.687,",,,G"
AG000060680,1944-06-01,22.8,5.4331,1362.0,"TAMANRASSET, AG",631.1,G,322.5,",G",0.0,",I",0.0,",I",0.0,",I",0.0,",G",0.0,",G",0.0,",G",30.0,",G",30.0,",G",19440606.0,",,G",19440630.0,"+,,I",19440625.0,",,G",16.6,",G,06,",0.0,",,I,30,+",38.9,",G,25,",645.8,G,0.0,",G",0.0,",,,I",2.908,",G",3.6130000000000004,",,,G",2.2030000000000003,",,,G"
AG000060680,1944-07-01,22.8,5.4331,1362.0,"TAMANRASSET, AG",961.4,G,330.3,",G",1.0,"1,I",1.0,"1,I",0.0,"1,I",0.0,",G",0.0,",G",0.0,",G",31.0,",G",31.0,",G",19440725.0,",,G",19440719.0,",1,I",19440712.0,",,G",18.9,",G,25,",9.0,"1,,I,19,",38.3,",G,12,",0.0,G,0.0,",G",9.0,"1,,,I",2.899,",G",3.5729999999999995,",,,G",2.225,",,,G"
AG000060680,1944-08-01,22.8,5.4331,1362.0,"TAMANRASSET, AG",1274.3,G,312.9,",G",0.0,",I",0.0,",I",0.0,",I",0.0,",G",0.0,",G",0.0,",G",31.0,",G",30.0,",G",19440802.0,",,G",19440831.0,"+,,I",19440818.0,",,G",18.8,",G,02,",0.0,",,I,31,+",37.0,",G,18,",0.0,G,0.0,",G",0.0,",,,I",2.843,",G",3.479,",,,G",2.206,",,,G"
AG000060680,1944-09-01,22.8,5.4331,1362.0,"TAMANRASSET, AG",1516.0,G,241.7,",G",2.0,",I",1.0,",I",0.0,",I",0.0,",G",0.0,",G",0.0,",G",30.0,",G",23.0,",G",19440928.0,",,G",19440902.0,",,I",19440909.0,",,G",16.1,",G,28,",7.0,",,I,02,",35.4,",G,09,",0.0,G,0.0,",G",8.0,",,,I",2.6390000000000002,",G",3.279,",,,G",1.9989999999999999,",,,G"
AG000060680,1944-10-01,22.8,5.4331,1362.0,"TAMANRASSET, AG",1672.1,G,156.1,"1,G",0.0,"2,I",0.0,"2,I",0.0,"2,I",0.0,"1,G",0.0,"1,G",0.0,",G",31.0,",G",10.0,",G",19441029.0,",1,G",19441031.0,"+,2,I",19441010.0,",,G",6.7,"1,G,29,",0.0,"2,,I,31,+",33.3,",G,10,",5.6,G,5.6,",G",0.0,"2,,,I",2.326,"1,G",3.039,",,,G",1.612,"1,,,G"
AG000060680,1944-11-01,22.8,5.4331,1362.0,"TAMANRASSET, AG",1714.4,G,42.3,",G",0.0,",I",0.0,",I",0.0,",I",0.0,",G",0.0,",G",0.0,",G",30.0,",G",0.0,",G",19441125.0,",,G",19441130.0,"+,,I",19441106.0,"+,,G",8.1,",G,25,",0.0,",,I,30,+",30.5,",G,06,+",15.9,G,10.3,",G",0.0,",,,I",1.94,",G",2.634,",,,G",1.246,",,,G"
AG000060680,1944-12-01,22.8,5.4331,1362.0,"TAMANRASSET, AG",1714.4,G,0.0,"1,G",3.0,"2,I",2.0,"2,I",0.0,"2,I",0.0,"1,G",0.0,"1,G",0.0,",G",14.0,",G",0.0,",G",19441207.0,",1,G",19441227.0,"+,2,I",19441212.0,"+,,G",2.4,"1,G,07,",12.0,"2,,I,27,+",24.4,",G,12,+",137.0,G,121.1,",G",26.0,"2,,,I",1.4220000000000002,"1,G",1.9809999999999999,",,,G",0.8630000000000001,"1,,,G"
AG000060680,1945-01-01,22.8,5.4331,1362.0,"TAMANRASSET, AG",1.9,G,1.9,",G",0.0,",I",0.0,",I",0.0,",I",0.0,",G",7.0,",G",0.0,",G",17.0,",G",0.0,",G",19450102.0,",,G",19450131.0,"+,,I",19450117.0,",,G",-1.4,",G,02,",0.0,",,I,31,+",26.1,",G,17,",317.2,G,180.2,",G",0.0,",,,I",1.258,",G",2.036,",,,G",0.48,",,,G"
AG000060680,1945-02-01,22.8,5.4331,1362.0,"TAMANRASSET, AG",1.9,G,0.0,",G",0.0,"1,I",0.0,"1,I",0.0,"1,I",0.0,",G",0.0,",G",0.0,",G",16.0,",G",0.0,",G",19450207.0,",,G",19450228.0,"+,1,I",19450220.0,",,G",3.1,",G,07,",0.0,"1,,I,28,+",22.9,",G,20,",442.6,G,125.4,",G",0.0,"1,,,I",1.385,",G",2.077,",,,G",0.6940000000000001,",,,G"
AG000060680,1945-03-01,22.8,5.4331,1362.0,"TAMANRASSET, AG",13.5,G,11.6,",G",0.0,",I",0.0,",I",0.0,",I",0.0,",G",0.0,",G",0.0,",G",26.0,",G",0.0,",G",19450306.0,"+,,G",19450331.0,"+,,I",19450330.0,",,G",4.5,",G,06,+",0.0,",,I,31,+",28.1,",G,30,",515.0,G,72.4,",G",0.0,",,,I",1.637,",G",2.326,",,,G",0.9480000000000001,",,,G"
AG000060680,1945-04-01,22.8,5.4331,1362.0,"TAMANRASSET, AG",118.5,G,105.0,",G",2.0,",I",1.0,",I",0.0,",I",0.0,",G",0.0,",G",0.0,",G",30.0,",G",1.0,",G",19450401.0,",,G",19450424.0,",,I",19450413.0,",,G",8.5,",G,01,",3.0,",,I,24,",32.4,",G,13,",518.3,G,3.3,",G",5.0,",,,I",2.1719999999999997,",G",2.9010000000000002,",,,G",1.443,",,,G"
AG000060680,1945-05-01,22.8,5.4331,1362.0,"TAMANRASSET, AG",294.2,G,175.7,"1,G",0.0,",I",0.0,",I",0.0,",I",0.0,"1,G",0.0,"1,G",0.0,",G",31.0,",G",12.0,",G",19450506.0,",1,G",19450531.0,"+,,I",19450531.0,",,G",12.6,"1,G,06,",0.0,",,I,31,+",35.9,",G,31,",518.3,G,0.0,",G",0.0,",,,I",2.411,"1,G",3.153,",,,G",1.67,"1,,,G"
AG000060680,1945-06-01,22.8,5.4331,1362.0,"TAMANRASSET, AG",559.2,G,265.0,",G",3.0,",I",0.0,",I",0.0,",I",0.0,",G",0.0,",G",0.0,",G",30.0,",G",27.0,",G",19450613.0,",,G",19450613.0,"+,,I",19450602.0,",,G",17.1,",G,13,",1.0,",,I,13,+",37.1,",G,02,",518.3,G,0.0,",G",3.0,",,,I",2.717,",G",3.403,",,,G",2.0300000000000002,",,,G"
AG000060680,1945-07-01,22.8,5.4331,1362.0,"TAMANRASSET, AG",873.5,G,314.3,",G",0.0,",I",0.0,",I",0.0,",I",0.0,",G",0.0,",G",0.0,",G",31.0,",G",31.0,",G",19450723.0,",,G",19450731.0,"+,,I",19450708.0,",,G",18.5,",G,23,",0.0,",,I,31,+",38.4,",G,08,",0.0,G,0.0,",G",0.0,",,,I",2.847,",G",3.497,",,,G",2.197,",,,G"
AG000060680,1945-08-01,22.8,5.4331,1362.0,"TAMANRASSET, AG",1190.8,G,317.3,",G",2.0,"2,I",0.0,"2,I",0.0,"2,I",0.0,",G",0.0,",G",0.0,",G",31.0,",G",30.0,",G",19450801.0,",,G",19450831.0,"+,2,I",19450806.0,",,G",18.8,",G,01,",1.0,"2,,I,31,+",38.3,",G,06,",0.0,G,0.0,",G",2.0,"2,,,I",2.857,",G",3.537,",,,G",2.176,",,,G"
AG000060680,1945-09-01,22.8,5.4331,1362.0,"TAMANRASSET, AG",1426.5,G,235.7,",G",1.0,",I",0.0,",I",0.0,",I",0.0,",G",0.0,",G",0.0,",G",30.0,",G",17.0,",G",19450916.0,",,G",19450927.0,",,I",19450910.0,",,G",16.8,",G,16,",1.0,",,I,27,",34.7,",G,10,",0.0,G,0.0,",G",1.0,",,,I",2.619,",G",3.239,",,,G",1.9989999999999999,",,,G"
AG000060680,1945-10-01,22.8,5.4331,1362.0,"TAMANRASSET, AG",1560.6,G,134.1,",G",2.0,"1,I",1.0,"1,I",0.0,"1,I",0.0,",G",0.0,",G",0.0,",G",31.0,",G",2.0,",G",19451031.0,"+,,G",19451021.0,",1,I",19451022.0,",,G",10.6,",G,31,+",17.0,"1,,I,21,",34.0,",G,22,",0.0,G,0.0,",G",19.0,"1,,,I",2.266,",G",2.925,",,,G",1.607,",,,G"
AG000060680,1945-11-01,22.8,5.4331,1362.0,"TAMANRASSET, AG",1584.3,G,23.7,"1,G",0.0,",I",0.0,",I",0.0,",I",0.0,",G",0.0,",G",0.0,"1,G",29.0,"1,G",0.0,"1,G",19451118.0,",,G",19451130.0,"+,,I",19451103.0,",1,G",7.6,",G,18,",0.0,",,I,30,+",28.9,"1,G,03,",16.7,G,16.7,"1,G",0.0,",,,I",1.855,"1,G",2.561,"1,,,G",1.15,",,,G"
AG000060680,1945-12-01,22.8,5.4331,1362.0,"TAMANRASSET, AG",1584.3,G,0.0,",G",0.0,",I",0.0,",I",0.0,",I",0.0,",G",0.0,",G",0.0,",G",20.0,",G",0.0,",G",19451223.0,",,G",19451231.0,"+,,I",19451221.0,",,G",0.7,",G,23,",0.0,",,I,31,+",24.2,",G,21,",169.2,G,152.5,",G",0.0,",,,I",1.341,",G",2.15,",,,G",0.533,",,,G"
AG000060680,1946-01-01,22.8,5.4331,1362.0,"TAMANRASSET, AG",0.0,G,0.0,"1,G",1.0,",I",1.0,",I",0.0,",I",0.0,"1,G",1.0,"1,G",0.0,",G",10.0,",G",0.0,",G",19460123.0,",1,G",19460118.0,",,I",19460105.0,",,G",-2.5,"1,G,23,",3.0,",,I,18,",24.3,",G,05,",319.5,G,150.3,",G",3.0,",,,I",1.325,"1,G",2.0300000000000002,",,,G",0.619,"1,,,G"
AG000060680,1946-02-01,22.8,5.4331,1362.0,"TAMANRASSET, AG",3.3,G,3.3,",G",2.0,",I",2.0,",I",0.0,",I",0.0,",G",0.0,",G",0.0,",G",6.0,",G",0.0,",G",19460222.0,",,G",19460202.0,",,I",19460228.0,",,G",2.0,",G,22,",12.0,",,I,02,",26.6,",G,28,",463.2,G,143.7,",G",15.0,",,,I",1.332,",G",1.9780000000000002,",,,G",0.686,",,,G"
AG000060680,1946-03-01,22.8,5.4331,1362.0,"TAMANRASSET, AG",21.2,G,17.9,",G",0.0,",I",0.0,",I",0.0,",I",0.0,",G",0.0,",G",0.0,",G",31.0,",G",0.0,",G",19460310.0,",,G",19460331.0,"+,,I",19460331.0,",,G",4.7,",G,10,",0.0,",,I,31,+",29.9,",G,31,",492.9,G,29.7,",G",0.0,",,,I",1.795,",G",2.558,",,,G",1.032,",,,G"
AG000060680,1946-04-01,22.8,5.4331,1362.0,"TAMANRASSET, AG",142.9,G,121.7,"1,G",1.0,"1,I",1.0,"1,I",0.0,"1,I",0.0,"1,G",0.0,"1,G",0.0,",G",29.0,",G",6.0,",G",19460423.0,",1,G",19460415.0,",1,I",19460427.0,",,G",7.5,"1,G,23,",3.0,"1,,I,15,",33.1,",G,27,",493.4,G,0.5,",G",3.0,"1,,,I",2.234,"1,G",3.0,",,,G",1.4689999999999999,"1,,,G"
AG000060680,1946-05-01,22.8,5.4331,1362.0,"TAMANRASSET, AG",358.3,G,215.4,"3,G",0.0,"1,I",0.0,"1,I",0.0,"1,I",0.0,"2,G",0.0,"2,G",0.0,"1,G",30.0,"1,G",28.0,"1,G",19460518.0,",2,G",19460531.0,"+,1,I",19460522.0,",1,G",13.0,"2,G,18,",0.0,"1,,I,31,+",37.5,"1,G,22,",493.4,G,0.0,"1,G",0.0,"1,,,I",2.605,"3,G",3.4450000000000003,"1,,,G",1.764,"2,,,G"
AG000060680,1946-06-01,22.8,5.4331,1362.0,"TAMANRASSET, AG",663.9,G,305.6,",G",0.0,",I",0.0,",I",0.0,",I",0.0,",G",0.0,",G",0.0,",G",30.0,",G",30.0,",G",19460602.0,",,G",19460630.0,"+,,I",19460629.0,",,G",17.1,",G,02,",0.0,",,I,30,+",38.0,",G,29,",493.4,G,0.0,",G",0.0,",,,I",2.852,",G",3.6109999999999998,",,,G",2.093,",,,G"
AG000060680,1946-07-01,22.8,5.4331,1362.0,"TAMANRASSET, AG",948.6,G,284.7,"2,G",0.0,",I",0.0,",I",0.0,",I",0.0,"1,G",0.0,"1,G",0.0,"1,G",30.0,"1,G",29.0,"1,G",19460716.0,",1,G",19460731.0,"+,,I",19460730.0,",1,G",17.8,"1,G,16,",0.0,",,I,31,+",38.0,"1,G,30,",0.0,G,0.0,"1,G",0.0,",,,I",2.819,"2,G",3.482,"1,,,G",2.1550000000000002,"1,,,G"
AG000060680,1946-08-01,22.8,5.4331,1362.0,"TAMANRASSET, AG",1209.8,G,261.2,"1,G",0.0,",I",0.0,",I",0.0,",I",0.0,",G",0.0,",G",0.0,"1,G",30.0,"1,G",29.0,"1,G",19460818.0,",,G",19460831.0,"+,,I",19460830.0,",1,G",17.5,",G,18,",0.0,",,I,31,+",35.9,"1,G,30,",0.0,G,0.0,"1,G",0.0,",,,I",2.705,"1,G",3.403,"1,,,G",2.007,",,,G"
AG000060680,1946-09-01,22.8,5.4331,1362.0,"TAMANRASSET, AG",1436.1,G,226.3,"1,G",0.0,",I",0.0,",I",0.0,",I",0.0,",G",0.0,",G",0.0,"1,G",29.0,"1,G",19.0,"1,G",19460929.0,",,G",19460930.0,"+,,I",19460904.0,"+,1,G",15.7,",G,29,",0.0,",,I,30,+",34.8,"1,G,04,+",0.0,G,0.0,"1,G",0.0,",,,I",2.612,"1,G",3.245,"1,,,G",1.9780000000000002,",,,G"
AG000060680,1946-10-01,22.8,5.4331,1362.0,"TAMANRASSET, AG",1563.1,G,127.0,"3,G",0.0,",I",0.0,",I",0.0,",I",0.0,",G",0.0,",G",0.0,"3,G",28.0,"3,G",1.0,"3,G",19461031.0,",,G",19461031.0,"+,,I",19461014.0,",3,G",11.0,",G,31,",0.0,",,I,31,+",32.8,"3,G,14,",0.0,G,0.0,"3,G",0.0,",,,I",2.278,"3,G",2.929,"3,,,G",1.6280000000000001,",,,G"
AG000060680,1946-11-01,22.8,5.4331,1362.0,"TAMANRASSET, AG",1579.8,G,16.7,",G",0.0,",I",0.0,",I",0.0,",I",0.0,",G",0.0,",G",0.0,",G",30.0,",G",0.0,",G",19461119.0,",,G",19461130.0,"+,,I",19461102.0,",,G",6.9,",G,19,",0.0,",,I,30,+",29.0,",G,02,",14.3,G,14.3,",G",0.0,",,,I",1.841,",G",2.6,",,,G",1.082,",,,G"
AG000060680,1946-12-01,22.8,5.4331,1362.0,"TAMANRASSET, AG",1579.8,G,0.0,"2,G",0.0,",I",0.0,",I",0.0,",I",0.0,"2,G",4.0,"2,G",0.0,",G",12.0,",G",0.0,",G",19461228.0,",2,G",19461231.0,"+,,I",19461203.0,"+,,G",-4.0,"2,G,28,",0.0,",,I,31,+",27.0,",G,03,+",196.6,G,182.3,",G",0.0,",,,I",1.207,"2,G",2.0629999999999997,",,,G",0.351,"2,,,G"
AG000060680,1947-01-01,22.8,5.4331,1362.0,"TAMANRASSET, AG",0.1,G,0.1,",G",0.0,",I",0.0,",I",0.0,",I",0.0,",G",2.0,",G",0.0,",G",17.0,",G",0.0,",G",19470102.0,",,G",19470131.0,"+,,I",19470128.0,",,G",-4.0,",G,02,",0.0,",,I,31,+",28.0,",G,28,",360.0,G,163.4,",G",0.0,",,,I",1.307,",G",2.1550000000000002,",,,G",0.458,",,,G"
AG000060680,1947-02-01,22.8,5.4331,1362.0,"TAMANRASSET, AG",1.8,G,1.7,",G",0.0,"1,I",0.0,"1,I",0.0,"1,I",0.0,",G",0.0,",G",0.0,",G",28.0,",G",0.0,",G",19470208.0,",,G",19470228.0,"+,1,I",19470224.0,",,G",2.8,",G,08,",0.0,"1,,I,28,+",28.8,",G,24,",417.3,G,57.3,",G",0.0,"1,,,I",1.6350000000000002,",G",2.587,",,,G",0.683,",,,G"
AG000060680,1947-03-01,22.8,5.4331,1362.0,"TAMANRASSET, AG",38.3,G,36.5,",G",0.0,"1,I",0.0,"1,I",0.0,"1,I",0.0,",G",0.0,",G",0.0,",G",31.0,",G",0.0,",G",19470326.0,",,G",19470331.0,"+,1,I",19470331.0,",,G",5.6,",G,26,",0.0,"1,,I,31,+",29.8,",G,31,",426.9,G,9.6,",G",0.0,"1,,,I",1.92,",G",2.777,",,,G",1.064,",,,G"
AG000060680,1947-04-01,22.8,5.4331,1362.0,"TAMANRASSET, AG",123.0,G,84.7,",G",0.0,"1,I",0.0,"1,I",0.0,"1,I",0.0,",G",0.0,",G",0.0,",G",30.0,",G",0.0,",G",19470410.0,",,G",19470430.0,"+,1,I",19470421.0,"+,,G",7.4,",G,10,",0.0,"1,,I,30,+",31.0,",G,21,+",427.1,G,0.2,",G",0.0,"1,,,I",2.1149999999999998,",G",2.884,",,,G",1.346,",,,G"
AG000060680,1947-05-01,22.8,5.4331,1362.0,"TAMANRASSET, AG",308.2,G,185.2,",G",0.0,"2,I",0.0,"2,I",0.0,"2,I",0.0,",G",0.0,",G",0.0,",G",31.0,",G",20.0,",G",19470516.0,"+,,G",19470531.0,"+,2,I",19470521.0,",,G",12.4,",G,16,+",0.0,"2,,I,31,+",35.6,",G,21,",427.1,G,0.0,",G",0.0,"2,,,I",2.431,",G",3.287,",,,G",1.575,",,,G"
AG000060680,1947-06-01,22.8,5.4331,1362.0,"TAMANRASSET, AG",576.6,G,268.4,"1,G",4.0,"4,I",2.0,"4,I",0.0,"4,I",0.0,"1,G",0.0,"1,G",0.0,",G",30.0,",G",29.0,",G",19470604.0,",1,G",19470610.0,",4,I",19470627.0,",,G",15.4,"1,G,04,",6.0,"4,,I,10,",37.8,",G,27,",427.1,G,0.0,",G",15.0,"4,,,I",2.759,"1,G",3.522,",,,G",1.996,"1,,,G"
AG000060680,1947-07-01,22.8,5.4331,1362.0,"TAMANRASSET, AG",898.1,G,321.5,",G",1.0,"3,I",0.0,"3,I",0.0,"3,I",0.0,",G",0.0,",G",0.0,",G",31.0,",G",30.0,",G",19470703.0,",,G",19470727.0,",3,I",19470715.0,"+,,G",13.2,",G,03,",2.0,"3,,I,27,",37.6,",G,15,+",0.0,G,0.0,",G",2.0,"3,,,I",2.87,",G",3.5479999999999996,",,,G",2.192,",,,G"
AG000060680,1947-10-01,22.8,5.4331,1362.0,"TAMANRASSET, AG",,,112.3,",G",0.0,"2,I",0.0,"2,I",0.0,"2,I",0.0,",G",0.0,",G",0.0,",G",31.0,",G",1.0,",G",19471029.0,"+,,G",19471031.0,"+,2,I",19471002.0,",,G",10.8,",G,29,+",0.0,"2,,I,31,+",32.5,",G,02,",,,0.0,",G",0.0,"2,,,I",2.195,",G",2.891,",,,G",1.5,",,,G"
AG000060680,1947-11-01,22.8,5.4331,1362.0,"TAMANRASSET, AG",,,24.7,",G",0.0,"3,I",0.0,"3,I",0.0,"3,I",0.0,",G",0.0,",G",0.0,",G",28.0,",G",0.0,",G",19471117.0,",,G",19471130.0,"+,3,I",19471103.0,",,G",5.2,",G,17,",0.0,"3,,I,30,+",29.7,",G,03,",,,61.8,",G",0.0,"3,,,I",1.7100000000000002,",G",2.364,",,,G",1.0550000000000002,",,,G"
AG000060680,1947-12-01,22.8,5.4331,1362.0,"TAMANRASSET, AG",,,0.5,"4,G",0.0,"3,I",0.0,"3,I",0.0,"3,I",0.0,"3,G",4.0,"3,G",0.0,"4,G",10.0,"4,G",0.0,"4,G",19471214.0,",3,G",19471231.0,"+,3,I",19471207.0,",4,G",-2.5,"3,G,14,",0.0,"3,,I,31,+",26.2,"4,G,07,",,,158.0,"4,G",0.0,"3,,,I",1.242,"4,G",2.0629999999999997,"4,,,G",0.421,"3,,,G"
AG000060680,1948-01-01,22.8,5.4331,1362.0,"TAMANRASSET, AG",0.0,G,0.0,",G",0.0,",I",0.0,",I",0.0,",I",0.0,",G",3.0,",G",0.0,",G",14.0,",G",0.0,",G",19480121.0,",,G",19480131.0,"+,,I",19480130.0,",,G",-2.2,",G,21,",0.0,",,I,31,+",26.6,",G,30,",,,198.9,",G",0.0,",,,I",1.192,",G",2.041,",,,G",0.343,",,,G"
AG000060680,1948-02-01,22.8,5.4331,1362.0,"TAMANRASSET, AG",4.3,G,4.3,",G",0.0,"2,I",0.0,"2,I",0.0,"2,I",0.0,",G",0.0,",G",0.0,",G",19.0,",G",0.0,",G",19480217.0,",,G",19480229.0,"+,2,I",19480225.0,",,G",0.8,",G,17,",0.0,"2,,I,29,+",27.5,",G,25,",,,105.9,",G",0.0,"2,,,I",1.483,",G",2.237,",,,G",0.729,",,,G"
AG000060680,1948-03-01,22.8,5.4331,1362.0,"TAMANRASSET, AG",13.8,G,9.5,",G",0.0,",I",0.0,",I",0.0,",I",0.0,",G",0.0,",G",0.0,",G",16.0,",G",0.0,",G",19480312.0,",,G",19480331.0,"+,,I",19480328.0,",,G",4.0,",G,12,",0.0,",,I,31,+",28.1,",G,28,",,,98.7,",G",0.0,",,,I",1.545,",G",2.271,",,,G",0.82,",,,G"
AG000060680,1948-04-01,22.8,5.4331,1362.0,"TAMANRASSET, AG",103.9,G,90.1,"2,G",,,,,,,0.0,"2,G",0.0,"2,G",0.0,"2,G",28.0,"2,G",0.0,"2,G",19480402.0,",2,G",,,19480430.0,"+,2,G",7.1,"2,G,02,",,,31.3,"2,G,30,+",,,5.7,"2,G",,,2.134,"2,G",2.801,"2,,,G",1.468,"2,,,G"
AG000060680,1948-05-01,22.8,5.4331,1362.0,"TAMANRASSET, AG",322.5,G,218.6,",G",0.0,",I",0.0,",I",0.0,",I",0.0,",G",0.0,",G",0.0,",G",31.0,",G",20.0,",G",19480517.0,",,G",19480531.0,"+,,I",19480528.0,",,G",12.0,",G,17,",0.0,",,I,31,+",36.9,",G,28,",,,0.0,",G",0.0,",,,I",2.539,",G",3.289,",,,G",1.7879999999999998,",,,G"
AG000060680,1948-06-01,22.8,5.4331,1362.0,"TAMANRASSET, AG",634.9,G,312.4,",G",2.0,"2,I",0.0,"2,I",0.0,"2,I",0.0,",G",0.0,",G",0.0,",G",30.0,",G",30.0,",G",19480615.0,",,G",19480617.0,",2,I",19480617.0,"+,,G",17.2,",G,15,",2.0,"2,,I,17,",36.5,",G,17,+",,,0.0,",G",3.0,"2,,,I",2.875,",G",3.4979999999999998,",,,G",2.2510000000000003,",,,G"
AG000060680,1948-08-01,22.8,5.4331,1362.0,"TAMANRASSET, AG",,,289.2,",G",1.0,",I",1.0,",I",0.0,",I",0.0,",G",0.0,",G",0.0,",G",31.0,",G",31.0,",G",19480827.0,",,G",19480813.0,",,I",19480801.0,",,G",17.5,",G,27,",3.0,",,I,13,",36.2,",G,01,",,,0.0,",G",3.0,",,,I",2.766,",G",3.406,",,,G",2.1260000000000003,",,,G"
AG000060680,1948-09-01,22.8,5.4331,1362.0,"TAMANRASSET, AG",,,236.7,",G",2.0,"3,I",2.0,"3,I",0.0,"3,I",0.0,",G",0.0,",G",0.0,",G",30.0,",G",15.0,",G",19480919.0,",,G",19480902.0,",3,I",19480907.0,",,G",16.6,",G,19,",9.0,"3,,I,02,",34.9,",G,07,",,,0.0,",G",15.0,"3,,,I",2.622,",G",3.219,",,,G",2.025,",,,G"
AG000060680,1948-10-01,22.8,5.4331,1362.0,"TAMANRASSET, AG",,,113.0,",G",0.0,",I",0.0,",I",0.0,",I",0.0,",G",0.0,",G",0.0,",G",31.0,",G",0.0,",G",19481028.0,",,G",19481031.0,"+,,I",19481001.0,",,G",10.3,",G,28,",0.0,",,I,31,+",31.8,",G,01,",,,0.0,",G",0.0,",,,I",2.198,",G",2.872,",,,G",1.524,",,,G"
AG000060680,1948-11-01,22.8,5.4331,1362.0,"TAMANRASSET, AG",,,4.9,",G",0.0,",I",0.0,",I",0.0,",I",0.0,",G",0.0,",G",0.0,",G",22.0,",G",0.0,",G",19481130.0,",,G",19481130.0,"+,,I",19481101.0,",,G",1.4,",G,30,",0.0,",,I,30,+",26.3,",G,01,",,,85.4,",G",0.0,",,,I",1.565,",G",2.2809999999999997,",,,G",0.849,",,,G"
AG000060680,1948-12-01,22.8,5.4331,1362.0,"TAMANRASSET, AG",,,0.0,",G",0.0,",I",0.0,",I",0.0,",I",0.0,",G",1.0,",G",0.0,",G",9.0,",G",0.0,",G",19481228.0,",,G",19481231.0,"+,,I",19481222.0,",,G",-0.2,",G,28,",0.0,",,I,31,+",23.3,",G,22,",,,178.6,",G",0.0,",,,I",1.2570000000000001,",G",1.985,",,,G",0.529,",,,G"
AG000060680,1949-01-01,22.8,5.4331,1362.0,"TAMANRASSET, AG",0.0,G,0.0,",G",0.0,",I",0.0,",I",0.0,",I",0.0,",G",4.0,",G",0.0,",G",11.0,",G",0.0,",G",19490105.0,",,G",19490131.0,"+,,I",19490112.0,",,G",-3.1,",G,05,",0.0,",,I,31,+",24.7,",G,12,",,,199.1,",G",0.0,",,,I",1.191,",G",2.016,",,,G",0.366,",,,G"
AG000060680,1949-02-01,22.8,5.4331,1362.0,"TAMANRASSET, AG",2.9,G,2.9,",G",0.0,"1,I",0.0,"1,I",0.0,"1,I",0.0,",G",2.0,",G",0.0,",G",12.0,",G",0.0,",G",19490205.0,",,G",19490228.0,"+,1,I",19490218.0,",,G",-0.7,",G,05,",0.0,"1,,I,28,+",26.2,",G,18,",,,144.1,",G",0.0,"1,,,I",1.329,",G",2.019,",,,G",0.639,",,,G"
AG000060680,1949-03-01,22.8,5.4331,1362.0,"TAMANRASSET, AG",27.2,G,24.3,",G",3.0,"2,I",1.0,"2,I",0.0,"2,I",0.0,",G",0.0,",G",0.0,",G",28.0,",G",0.0,",G",19490304.0,",,G",19490308.0,",2,I",19490320.0,",,G",6.2,",G,04,",3.0,"2,,I,08,",30.0,",G,20,",,,42.6,",G",5.0,"2,,,I",1.7739999999999998,",G",2.451,",,,G",1.097,",,,G"
AG000060680,1949-04-01,22.8,5.4331,1362.0,"TAMANRASSET, AG",164.0,G,136.8,",G",1.0,"4,I",0.0,"4,I",0.0,"4,I",0.0,",G",0.0,",G",0.0,",G",30.0,",G",5.0,",G",19490416.0,",,G",19490425.0,",4,I",19490429.0,",,G",11.4,",G,16,",2.0,"4,,I,25,",33.8,",G,29,",,,0.0,",G",2.0,"4,,,I",2.289,",G",2.971,",,,G",1.6079999999999999,",,,G"
AG000060680,1949-05-01,22.8,5.4331,1362.0,"TAMANRASSET, AG",358.5,G,194.5,",G",0.0,",I",0.0,",I",0.0,",I",0.0,",G",0.0,",G",0.0,",G",31.0,",G",17.0,",G",19490509.0,",,G",19490531.0,"+,,I",19490517.0,",,G",11.8,",G,09,",0.0,",,I,31,+",36.0,",G,17,",,,0.0,",G",0.0,",,,I",2.461,",G",3.249,",,,G",1.673,",,,G"
AG000060680,1949-06-01,22.8,5.4331,1362.0,"TAMANRASSET, AG",657.0,G,298.5,",G",,,,,,,0.0,",G",0.0,",G",0.0,",G",30.0,",G",29.0,",G",19490609.0,",,G",,,19490626.0,",,G",18.4,",G,09,",,,37.0,",G,26,",,,0.0,",G",,,2.8280000000000003,",G",3.475,",,,G",2.182,",,,G"
AG000060680,1949-07-01,22.8,5.4331,1362.0,"TAMANRASSET, AG",953.0,G,296.0,",G",1.0,"1,I",0.0,"1,I",0.0,"1,I",0.0,",G",0.0,",G",0.0,",G",31.0,",G",31.0,",G",19490720.0,",,G",19490726.0,",1,I",19490704.0,",,G",18.2,",G,20,",1.0,"1,,I,26,",37.0,",G,04,",0.0,G,0.0,",G",1.0,"1,,,I",2.788,",G",3.4130000000000003,",,,G",2.163,",,,G"
AG000060680,1949-08-01,22.8,5.4331,1362.0,"TAMANRASSET, AG",1241.9,G,288.9,",G",,,,,,,0.0,",G",0.0,",G",0.0,",G",31.0,",G",26.0,",G",19490827.0,",,G",,,19490806.0,",,G",17.4,",G,27,",,,36.4,",G,06,",0.0,G,0.0,",G",,,2.7649999999999997,",G",3.3560000000000003,",,,G",2.175,",,,G"
AG000060680,1949-09-01,22.8,5.4331,1362.0,"TAMANRASSET, AG",1446.3,G,204.4,",G",0.0,"1,I",0.0,"1,I",0.0,"1,I",0.0,",G",0.0,",G",0.0,",G",30.0,",G",10.0,",G",19490929.0,"+,,G",19490930.0,"+,1,I",19490907.0,",,G",15.4,",G,29,+",0.0,"1,,I,30,+",34.6,",G,07,",0.0,G,0.0,",G",0.0,"1,,,I",2.5149999999999997,",G",3.175,",,,G",1.8539999999999999,",,,G"
AG000060680,1949-10-01,22.8,5.4331,1362.0,"TAMANRASSET, AG",1557.0,G,110.7,",G",0.0,"2,I",0.0,"2,I",0.0,"2,I",0.0,",G",0.0,",G",0.0,",G",31.0,",G",0.0,",G",19491021.0,",,G",19491031.0,"+,2,I",19491001.0,",,G",12.0,",G,21,",0.0,"2,,I,31,+",31.0,",G,01,",0.0,G,0.0,",G",0.0,"2,,,I",2.19,",G",2.918,",,,G",1.463,",,,G"
AG000060680,1949-11-01,22.8,5.4331,1362.0,"TAMANRASSET, AG",1576.5,G,19.5,",G",0.0,",I",0.0,",I",0.0,",I",0.0,",G",0.0,",G",0.0,",G",30.0,",G",0.0,",G",19491106.0,",,G",19491130.0,"+,,I",19491111.0,",,G",7.0,",G,06,",0.0,",,I,30,+",27.4,",G,11,",12.0,G,12.0,",G",0.0,",,,I",1.8579999999999999,",G",2.544,",,,G",1.173,",,,G"
AG000060680,1949-12-01,22.8,5.4331,1362.0,"TAMANRASSET, AG",1578.8,G,2.3,",G",0.0,",I",0.0,",I",0.0,",I",0.0,",G",0.0,",G",0.0,",G",28.0,",G",0.0,",G",19491226.0,"+,,G",19491231.0,"+,,I",19491203.0,",,G",6.2,",G,26,+",0.0,",,I,31,+",26.4,",G,03,",79.0,G,67.0,",G",0.0,",,,I",1.625,",G",2.314,",,,G",0.9349999999999999,",,,G"
AG000060680,1950-01-01,22.8,5.4331,1362.0,"TAMANRASSET, AG",0.0,G,0.0,",G",1.0,"1,I",0.0,"1,I",0.0,"1,I",0.0,",G",6.0,",G",0.0,",G",7.0,",G",0.0,",G",19500113.0,",,G",19500128.0,",1,I",19500125.0,",,G",-1.4,",G,13,",1.0,"1,,I,28,",22.8,",G,25,",289.8,G,210.8,",G",1.0,"1,,,I",1.153,",G",1.8649999999999998,",,,G",0.442,",,,G"
AG000060680,1950-02-01,22.8,5.4331,1362.0,"TAMANRASSET, AG",0.0,G,0.0,",G",1.0,"1,I",1.0,"1,I",0.0,"1,I",0.0,",G",0.0,",G",0.0,",G",15.0,",G",0.0,",G",19500208.0,",,G",19500202.0,",1,I",19500224.0,",,G",3.0,",G,08,",6.0,"1,,I,02,",24.6,",G,24,",409.8,G,120.0,",G",6.0,"1,,,I",1.405,",G",2.119,",,,G",0.6910000000000001,",,,G"
AG000060680,1950-03-01,22.8,5.4331,1362.0,"TAMANRASSET, AG",3.2,G,3.2,",G",0.0,",I",0.0,",I",0.0,",I",0.0,",G",0.0,",G",0.0,",G",25.0,",G",0.0,",G",19500306.0,",,G",19500331.0,"+,,I",19500329.0,",,G",1.8,",G,06,",0.0,",,I,31,+",26.9,",G,29,",496.7,G,86.9,",G",0.0,",,,I",1.5630000000000002,",G",2.3449999999999998,",,,G",0.7809999999999999,",,,G"
AG000060680,1950-04-01,22.8,5.4331,1362.0,"TAMANRASSET, AG",45.5,G,42.3,",G",0.0,",I",0.0,",I",0.0,",I",0.0,",G",0.0,",G",0.0,",G",30.0,",G",0.0,",G",19500405.0,",,G",19500430.0,"+,,I",19500417.0,"+,,G",4.0,",G,05,",0.0,",,I,30,+",31.2,",G,17,+",517.5,G,20.8,",G",0.0,",,,I",1.905,",G",2.758,",,,G",1.052,",,,G"
AG000060680,1950-05-01,22.8,5.4331,1362.0,"TAMANRASSET, AG",218.1,G,172.6,",G",0.0,"1,I",0.0,"1,I",0.0,"1,I",0.0,",G",0.0,",G",0.0,",G",31.0,",G",14.0,",G",19500509.0,",,G",19500531.0,"+,1,I",19500525.0,",,G",8.4,",G,09,",0.0,"1,,I,31,+",34.5,",G,25,",519.6,G,2.1,",G",0.0,"1,,,I",2.383,",G",3.121,",,,G",1.6460000000000001,",,,G"
AG000060680,1950-06-01,22.8,5.4331,1362.0,"TAMANRASSET, AG",505.4,G,287.3,",G",0.0,"5,I",0.0,"5,I",0.0,"5,I",0.0,",G",0.0,",G",0.0,",G",30.0,",G",30.0,",G",19500620.0,"+,,G",19500630.0,"+,5,I",19500628.0,",,G",18.1,",G,20,+",0.0,"5,,I,30,+",36.1,",G,28,",519.6,G,0.0,",G",0.0,"5,,,I",2.791,",G",3.443,",,,G",2.138,",,,G"
AG000060680,1950-07-01,22.8,5.4331,1362.0,"TAMANRASSET, AG",815.0,G,309.6,",G",0.0,",I",0.0,",I",0.0,",I",0.0,",G",0.0,",G",0.0,",G",31.0,",G",30.0,",G",19500729.0,",,G",19500731.0,"+,,I",19500705.0,",,G",18.9,",G,29,",0.0,",,I,31,+",36.5,",G,05,",0.0,G,0.0,",G",0.0,",,,I",2.832,",G",3.439,",,,G",2.225,",,,G"
AG000060680,1950-08-01,22.8,5.4331,1362.0,"TAMANRASSET, AG",1081.3,G,266.3,",G",,,,,,,0.0,",G",0.0,",G",0.0,",G",31.0,",G",24.0,",G",19500825.0,",,G",,,19500810.0,",,G",16.2,",G,25,",,,36.3,",G,10,",0.0,G,0.0,",G",,,2.692,",G",3.311,",,,G",2.073,",,,G"
AG000060680,1950-09-01,22.8,5.4331,1362.0,"TAMANRASSET, AG",1309.9,G,228.6,",G",1.0,"5,I",1.0,"5,I",1.0,"5,I",0.0,",G",0.0,",G",0.0,",G",30.0,",G",12.0,",G",19500914.0,",,G",19500913.0,",5,I",19500904.0,",,G",17.1,",G,14,",44.0,"5,,I,13,",34.4,",G,04,",0.0,G,0.0,",G",44.0,"5,,,I",2.5949999999999998,",G",3.2030000000000003,",,,G",1.987,",,,G"
AG000060680,1950-10-01,22.8,5.4331,1362.0,"TAMANRASSET, AG",1450.4,G,140.5,",G",0.0,"1,I",0.0,"1,I",0.0,"1,I",0.0,",G",0.0,",G",0.0,",G",31.0,",G",4.0,",G",19501025.0,",,G",19501031.0,"+,1,I",19501002.0,",,G",11.7,",G,25,",0.0,"1,,I,31,+",33.0,",G,02,",0.0,G,0.0,",G",0.0,"1,,,I",2.287,",G",2.9829999999999997,",,,G",1.59,",,,G"
AG000060680,1950-11-01,22.8,5.4331,1362.0,"TAMANRASSET, AG",1467.6,G,17.2,",G",0.0,"1,I",0.0,"1,I",0.0,"1,I",0.0,",G",0.0,",G",0.0,",G",27.0,",G",0.0,",G",19501129.0,",,G",19501130.0,"+,1,I",19501101.0,",,G",6.2,",G,29,",0.0,"1,,I,30,+",27.6,",G,01,",51.3,G,51.3,",G",0.0,"1,,,I",1.72,",G",2.411,",,,G",1.029,",,,G"
AG000060680,1950-12-01,22.8,5.4331,1362.0,"TAMANRASSET, AG",1467.6,G,0.0,",G",0.0,",I",0.0,",I",0.0,",I",0.0,",G",2.0,",G",0.0,",G",20.0,",G",0.0,",G",19501228.0,",,G",19501231.0,"+,,I",19501218.0,",,G",-2.0,",G,28,",0.0,",,I,31,+",23.0,",G,18,",226.2,G,174.9,",G",0.0,",,,I",1.269,",G",2.064,",,,G",0.47400000000000003,",,,G"
AG000060680,1951-01-01,22.8,5.4331,1362.0,"TAMANRASSET, AG",0.0,G,0.0,",G",1.0,",I",0.0,",I",0.0,",I",0.0,",G",1.0,",G",0.0,",G",10.0,",G",0.0,",G",19510113.0,",,G",19510109.0,",,I",19510126.0,",,G",-1.2,",G,13,",1.0,",,I,09,",23.4,",G,26,",418.4,G,192.2,",G",1.0,",,,I",1.213,",G",1.9899999999999998,",,,G",0.43600000000000005,",,,G"
AG000060680,1951-02-01,22.8,5.4331,1362.0,"TAMANRASSET, AG",7.6,G,7.6,",G",1.0,",I",0.0,",I",0.0,",I",0.0,",G",1.0,",G",0.0,",G",21.0,",G",0.0,",G",19510203.0,",,G",19510206.0,",,I",19510214.0,",,G",0.0,",G,03,",2.0,",,I,06,",27.6,",G,14,",486.4,G,68.0,",G",2.0,",,,I",1.6170000000000002,",G",2.363,",,,G",0.8720000000000001,",,,G"
AG000060680,1951-03-01,22.8,5.4331,1362.0,"TAMANRASSET, AG",63.5,G,55.9,",G",0.0,"3,I",0.0,"3,I",0.0,"3,I",0.0,",G",0.0,",G",0.0,",G",31.0,",G",0.0,",G",19510310.0,"+,,G",19510331.0,"+,3,I",19510319.0,",,G",2.4,",G,10,+",0.0,"3,,I,31,+",29.6,",G,19,",503.0,G,16.6,",G",0.0,"3,,,I",1.9600000000000002,",G",2.674,",,,G",1.246,",,,G"
AG000060680,1951-04-01,22.8,5.4331,1362.0,"TAMANRASSET, AG",200.0,G,136.5,",G",0.0,"1,I",0.0,"1,I",0.0,"1,I",0.0,",G",0.0,",G",0.0,",G",30.0,",G",7.0,",G",19510403.0,",,G",19510430.0,"+,1,I",19510429.0,"+,,G",8.4,",G,03,",0.0,"1,,I,30,+",32.9,",G,29,+",506.7,G,3.7,",G",0.0,"1,,,I",2.2760000000000002,",G",2.996,",,,G",1.556,",,,G"
AG000060680,1951-05-01,22.8,5.4331,1362.0,"TAMANRASSET, AG",462.1,G,262.1,",G",0.0,"3,I",0.0,"3,I",0.0,"3,I",0.0,",G",0.0,",G",0.0,",G",31.0,",G",27.0,",G",19510516.0,",,G",19510531.0,"+,3,I",19510531.0,",,G",15.4,",G,16,",0.0,"3,,I,31,+",36.2,",G,31,",506.7,G,0.0,",G",0.0,"3,,,I",2.679,",G",3.3950000000000005,",,,G",1.9620000000000002,",,,G"
AG000060680,1951-06-01,22.8,5.4331,1362.0,"TAMANRASSET, AG",754.8,G,292.7,",G",4.0,"1,I",1.0,"1,I",0.0,"1,I",0.0,",G",0.0,",G",0.0,",G",30.0,",G",28.0,",G",19510607.0,",,G",19510618.0,",1,I",19510603.0,",,G",16.4,",G,07,",11.0,"1,,I,18,",37.2,",G,03,",506.7,G,0.0,",G",15.0,"1,,,I",2.809,",G",3.457,",,,G",2.16,",,,G"
AG000060680,1951-07-01,22.8,5.4331,1362.0,"TAMANRASSET, AG",1075.1,G,320.3,",G",1.0,"3,I",0.0,"3,I",0.0,"3,I",0.0,",G",0.0,",G",0.0,",G",31.0,",G",31.0,",G",19510704.0,",,G",19510715.0,",3,I",19510712.0,",,G",19.8,",G,04,",1.0,"3,,I,15,",37.3,",G,12,",0.0,G,0.0,",G",1.0,"3,,,I",2.866,",G",3.479,",,,G",2.254,",,,G"
AG000060680,1951-08-01,22.8,5.4331,1362.0,"TAMANRASSET, AG",1379.1,G,304.0,",G",3.0,",I",3.0,",I",0.0,",I",0.0,",G",0.0,",G",0.0,",G",31.0,",G",28.0,",G",19510815.0,",,G",19510803.0,",,I",19510801.0,",,G",18.9,",G,15,",10.0,",,I,03,",35.8,",G,01,",0.0,G,0.0,",G",19.0,",,,I",2.814,",G",3.408,",,,G",2.2199999999999998,",,,G"
AG000060680,1951-09-01,22.8,5.4331,1362.0,"TAMANRASSET, AG",1584.5,G,205.4,",G",8.0,"3,I",5.0,"3,I",1.0,"3,I",0.0,",G",0.0,",G",0.0,",G",30.0,",G",16.0,",G",19510918.0,",,G",19510921.0,",3,I",19510912.0,"+,,G",16.0,",G,18,",32.0,"3,,I,21,",34.3,",G,12,+",0.0,G,0.0,",G",96.0,"3,,,I",2.518,",G",3.092,",,,G",1.9440000000000002,",,,G"
AG000060680,1951-10-01,22.8,5.4331,1362.0,"TAMANRASSET, AG",1732.1,G,147.6,",G",0.0,",I",0.0,",I",0.0,",I",0.0,",G",0.0,",G",0.0,",G",31.0,",G",1.0,",G",19511021.0,",,G",19511031.0,"+,,I",19511013.0,",,G",12.7,",G,21,",0.0,",,I,31,+",32.9,",G,13,",0.0,G,0.0,",G",0.0,",,,I",2.309,",G",2.914,",,,G",1.705,",,,G"
AG000060680,1951-11-01,22.8,5.4331,1362.0,"TAMANRASSET, AG",1771.9,G,39.8,",G",0.0,",I",0.0,",I",0.0,",I",0.0,",G",0.0,",G",0.0,",G",29.0,",G",0.0,",G",19511130.0,",,G",19511130.0,"+,,I",19511101.0,",,G",4.6,",G,30,",0.0,",,I,30,+",29.3,",G,01,",38.3,G,38.3,",G",0.0,",,,I",1.839,",G",2.521,",,,G",1.1560000000000001,",,,G"
AG000060680,1951-12-01,22.8,5.4331,1362.0,"TAMANRASSET, AG",1771.9,G,0.0,",G",0.0,"2,I",0.0,"2,I",0.0,"2,I",0.0,",G",0.0,",G",0.0,",G",12.0,",G",0.0,",G",19511231.0,",,G",19511231.0,"+,2,I",19511217.0,",,G",4.0,",G,31,",0.0,"2,,I,31,+",23.5,",G,17,",149.2,G,110.9,",G",0.0,"2,,,I",1.476,",G",2.075,",,,G",0.876,",,,G"
AG000060680,1952-01-01,22.8,5.4331,1362.0,"TAMANRASSET, AG",0.0,G,0.0,",G",2.0,",I",1.0,",I",0.0,",I",0.0,",G",1.0,",G",0.0,",G",6.0,",G",0.0,",G",19520117.0,",,G",19520121.0,",,I",19520105.0,",,G",-1.4,",G,17,",5.0,",,I,21,",23.0,",G,05,",319.9,G,170.7,",G",6.0,",,,I",1.283,",G",1.8989999999999998,",,,G",0.667,",,,G"
AG000060680,1952-02-01,22.8,5.4331,1362.0,"TAMANRASSET, AG",2.1,G,2.1,",G",0.0,",I",0.0,",I",0.0,",I",0.0,",G",3.0,",G",0.0,",G",20.0,",G",0.0,",G",19520207.0,",,G",19520229.0,"+,,I",19520224.0,",,G",-2.6,",G,07,",0.0,",,I,29,+",26.4,",G,24,",452.3,G,132.4,",G",0.0,",,,I",1.384,",G",2.198,",,,G",0.571,",,,G"
AG000060680,1952-03-01,22.8,5.4331,1362.0,"TAMANRASSET, AG",22.6,G,20.5,",G",0.0,",I",0.0,",I",0.0,",I",0.0,",G",0.0,",G",0.0,",G",30.0,",G",0.0,",G",19520302.0,",,G",19520331.0,"+,,I",19520331.0,",,G",6.8,",G,02,",0.0,",,I,31,+",31.3,",G,31,",476.1,G,23.8,",G",0.0,",,,I",1.823,",G",2.604,",,,G",1.042,",,,G"
AG000060680,1952-04-01,22.8,5.4331,1362.0,"TAMANRASSET, AG",131.4,G,108.8,",G",0.0,"3,I",0.0,"3,I",0.0,"3,I",0.0,",G",0.0,",G",0.0,",G",30.0,",G",0.0,",G",19520423.0,",,G",19520430.0,"+,3,I",19520414.0,",,G",7.6,",G,23,",0.0,"3,,I,30,+",31.8,",G,14,",477.5,G,1.4,",G",0.0,"3,,,I",2.191,",G",2.898,",,,G",1.4849999999999999,",,,G"
AG000060680,1952-05-01,22.8,5.4331,1362.0,"TAMANRASSET, AG",332.0,G,200.6,",G",1.0,"3,I",0.0,"3,I",0.0,"3,I",0.0,",G",0.0,",G",0.0,",G",31.0,",G",23.0,",G",19520501.0,",,G",19520527.0,",3,I",19520531.0,",,G",10.6,",G,01,",1.0,"3,,I,27,",35.7,",G,31,",477.5,G,0.0,",G",1.0,"3,,,I",2.48,",G",3.275,",,,G",1.686,",,,G"
AG000060680,1952-08-01,22.8,5.4331,1362.0,"TAMANRASSET, AG",,,271.6,",G",5.0,"3,I",4.0,"3,I",0.0,"3,I",0.0,",G",0.0,",G",0.0,",G",31.0,",G",23.0,",G",19520821.0,",,G",19520828.0,",3,I",19520808.0,",,G",16.5,",G,21,",23.0,"3,,I,28,",35.5,",G,08,",,,0.0,",G",51.0,"3,,,I",2.71,",G",3.317,",,,G",2.102,",,,G"
AG000060680,1952-09-01,22.8,5.4331,1362.0,"TAMANRASSET, AG",,,241.3,",G",2.0,"5,I",0.0,"5,I",0.0,"5,I",0.0,",G",0.0,",G",0.0,",G",30.0,",G",24.0,",G",19520926.0,",,G",19520929.0,"+,5,I",19520926.0,",,G",16.5,",G,26,",1.0,"5,,I,29,+",36.5,",G,26,",,,0.0,",G",2.0,"5,,,I",2.638,",G",3.307,",,,G",1.968,",,,G"
AG000060680,1952-10-01,22.8,5.4331,1362.0,"TAMANRASSET, AG",,,151.9,",G",1.0,"2,I",0.0,"2,I",0.0,"2,I",0.0,",G",0.0,",G",0.0,",G",31.0,",G",0.0,",G",19521024.0,",,G",19521001.0,",2,I",19521003.0,",,G",9.9,",G,24,",1.0,"2,,I,01,",32.1,",G,03,",,,0.0,",G",1.0,"2,,,I",2.323,",G",2.965,",,,G",1.6809999999999998,",,,G"
AG000060680,1952-11-01,22.8,5.4331,1362.0,"TAMANRASSET, AG",,,17.1,",G",0.0,",I",0.0,",I",0.0,",I",0.0,",G",0.0,",G",0.0,",G",30.0,",G",0.0,",G",19521110.0,",,G",19521130.0,"+,,I",19521121.0,",,G",4.5,",G,10,",0.0,",,I,30,+",28.5,",G,21,",,,18.7,",G",0.0,",,,I",1.828,",G",2.5940000000000003,",,,G",1.0619999999999998,",,,G"
AG000060680,1952-12-01,22.8,5.4331,1362.0,"TAMANRASSET, AG",,,0.0,",G",1.0,",I",1.0,",I",0.0,",I",0.0,",G",5.0,",G",0.0,",G",8.0,",G",0.0,",G",19521219.0,",,G",19521231.0,",,I",19521201.0,",,G",-2.5,",G,19,",12.0,",,I,31,",24.1,",G,01,",,,213.3,",G",12.0,",,,I",1.145,",G",1.9969999999999999,",,,G",0.294,",,,G"
AG000060680,1953-01-01,22.8,5.4331,1362.0,"TAMANRASSET, AG",0.0,G,0.0,",G",0.0,"1,I",0.0,"1,I",0.0,"1,I",0.0,",G",0.0,",G",0.0,",G",4.0,",G",0.0,",G",19530108.0,"+,,G",19530131.0,"+,1,I",19530126.0,",,G",0.6,",G,08,+",0.0,"1,,I,31,+",21.8,",G,26,",,,200.4,",G",0.0,"1,,,I",1.1869999999999998,",G",1.9280000000000002,",,,G",0.445,",,,G"
AG000060680,1953-02-01,22.8,5.4331,1362.0,"TAMANRASSET, AG",10.4,G,10.4,",G",0.0,"1,I",0.0,"1,I",0.0,"1,I",0.0,",G",0.0,",G",0.0,",G",24.0,",G",0.0,",G",19530228.0,",,G",19530228.0,"+,1,I",19530213.0,",,G",3.0,",G,28,",0.0,"1,,I,28,+",28.3,",G,13,",,,72.5,",G",0.0,"1,,,I",1.611,",G",2.382,",,,G",0.841,",,,G"
AG000060680,1953-03-01,22.8,5.4331,1362.0,"TAMANRASSET, AG",13.8,G,3.4,",G",1.0,"3,I",1.0,"3,I",0.0,"3,I",0.0,",G",0.0,",G",0.0,",G",28.0,",G",0.0,",G",19530323.0,",,G",19530314.0,",3,I",19530307.0,",,G",4.4,",G,23,",5.0,"3,,I,14,",26.5,",G,07,",,,50.8,",G",5.0,"3,,,I",1.6800000000000002,",G",2.402,",,,G",0.959,",,,G"
AG000060680,1953-04-01,22.8,5.4331,1362.0,"TAMANRASSET, AG",150.4,G,136.6,",G",0.0,",I",0.0,",I",0.0,",I",0.0,",G",0.0,",G",0.0,",G",30.0,",G",10.0,",G",19530402.0,",,G",19530430.0,"+,,I",19530425.0,",,G",8.5,",G,02,",0.0,",,I,30,+",34.4,",G,25,",,,4.8,",G",0.0,",,,I",2.273,",G",3.036,",,,G",1.509,",,,G"
AG000060680,1953-05-01,22.8,5.4331,1362.0,"TAMANRASSET, AG",352.6,G,202.2,",G",,,,,,,0.0,",G",0.0,",G",0.0,",G",31.0,",G",8.0,",G",19530509.0,",,G",,,19530513.0,",,G",12.7,",G,09,",,,34.9,",G,13,",,,0.0,",G",,,2.4859999999999998,",G",3.145,",,,G",1.827,",,,G"
AG000060680,1953-06-01,22.8,5.4331,1362.0,"TAMANRASSET, AG",643.7,G,291.1,",G",7.0,"3,I",3.0,"3,I",0.0,"3,I",0.0,",G",0.0,",G",0.0,",G",30.0,",G",23.0,",G",19530601.0,",,G",19530606.0,",3,I",19530625.0,",,G",16.5,",G,01,",17.0,"3,,I,06,",37.6,",G,25,",,,0.0,",G",31.0,"3,,,I",2.804,",G",3.406,",,,G",2.201,",,,G"
AG000060680,1953-07-01,22.8,5.4331,1362.0,"TAMANRASSET, AG",957.4,G,313.7,",G",2.0,",I",1.0,",I",0.0,",I",0.0,",G",0.0,",G",0.0,",G",31.0,",G",28.0,",G",19530720.0,",,G",19530720.0,",,I",19530709.0,",,G",19.4,",G,20,",5.0,",,I,20,",36.3,",G,09,",0.0,G,0.0,",G",6.0,",,,I",2.8449999999999998,",G",3.441,",,,G",2.25,",,,G"
AG000060680,1953-08-01,22.8,5.4331,1362.0,"TAMANRASSET, AG",1214.8,G,257.4,",G",7.0,",I",6.0,",I",1.0,",I",0.0,",G",0.0,",G",0.0,",G",31.0,",G",22.0,",G",19530818.0,",,G",19530818.0,",,I",19530813.0,",,G",16.2,",G,18,",35.0,",,I,18,",35.8,",G,13,",0.0,G,0.0,",G",74.0,",,,I",2.664,",G",3.287,",,,G",2.04,",,,G"
AG000060680,1953-09-01,22.8,5.4331,1362.0,"TAMANRASSET, AG",1452.0,G,237.2,",G",2.0,"3,I",0.0,"3,I",0.0,"3,I",0.0,",G",0.0,",G",0.0,",G",30.0,",G",16.0,",G",19530926.0,",,G",19530907.0,"+,3,I",19530928.0,",,G",16.0,",G,26,",2.0,"3,,I,07,+",34.4,",G,28,",0.0,G,0.0,",G",4.0,"3,,,I",2.6239999999999997,",G",3.2359999999999998,",,,G",2.012,",,,G"
AG000060680,1953-10-01,22.8,5.4331,1362.0,"TAMANRASSET, AG",1591.2,G,139.2,",G",0.0,"1,I",0.0,"1,I",0.0,"1,I",0.0,",G",0.0,",G",0.0,",G",31.0,",G",0.0,",G",19531022.0,",,G",19531031.0,"+,1,I",19531001.0,",,G",11.0,",G,22,",0.0,"1,,I,31,+",32.0,",G,01,",0.0,G,0.0,",G",0.0,"1,,,I",2.282,",G",2.9699999999999998,",,,G",1.595,",,,G"
AG000060680,1953-11-01,22.8,5.4331,1362.0,"TAMANRASSET, AG",1612.8,G,21.6,",G",0.0,"2,I",0.0,"2,I",0.0,"2,I",0.0,",G",0.0,",G",0.0,",G",30.0,",G",0.0,",G",19531109.0,",,G",19531130.0,"+,2,I",19531102.0,",,G",7.5,",G,09,",0.0,"2,,I,30,+",28.0,",G,02,",11.2,G,11.2,",G",0.0,"2,,,I",1.8679999999999999,",G",2.585,",,,G",1.151,",,,G"
AG000060680,1953-12-01,22.8,5.4331,1362.0,"TAMANRASSET, AG",1612.8,G,0.0,",G",0.0,"2,I",0.0,"2,I",0.0,"2,I",0.0,",G",4.0,",G",0.0,",G",17.0,",G",0.0,",G",19531229.0,",,G",19531231.0,"+,2,I",19531210.0,",,G",-3.8,",G,29,",0.0,"2,,I,31,+",26.0,",G,10,",135.4,G,124.2,",G",0.0,"2,,,I",1.433,",G",2.092,",,,G",0.774,",,,G"
AG000060680,1954-01-01,22.8,5.4331,1362.0,"TAMANRASSET, AG",0.0,G,0.0,",G",0.0,"3,I",0.0,"3,I",0.0,"3,I",0.0,",G",0.0,",G",0.0,",G",16.0,",G",0.0,",G",19540101.0,",,G",19540131.0,"+,3,I",19540105.0,",,G",0.4,",G,01,",0.0,"3,,I,31,+",24.0,",G,05,",305.5,G,170.1,",G",0.0,"3,,,I",1.285,",G",2.103,",,,G",0.466,",,,G"
AG000060680,1954-02-01,22.8,5.4331,1362.0,"TAMANRASSET, AG",1.0,G,1.0,",G",0.0,"3,I",0.0,"3,I",0.0,"3,I",0.0,",G",1.0,",G",0.0,",G",13.0,",G",0.0,",G",19540219.0,",,G",19540228.0,"+,3,I",19540226.0,",,G",-0.9,",G,19,",0.0,"3,,I,28,+",26.8,",G,26,",422.1,G,116.6,",G",0.0,"3,,,I",1.42,",G",2.089,",,,G",0.752,",,,G"
AG000060680,1954-03-01,22.8,5.4331,1362.0,"TAMANRASSET, AG",24.8,G,23.8,",G",1.0,"1,I",0.0,"1,I",0.0,"1,I",0.0,",G",0.0,",G",0.0,",G",30.0,",G",0.0,",G",19540310.0,",,G",19540326.0,",1,I",19540302.0,",,G",3.5,",G,10,",2.0,"1,,I,26,",29.6,",G,02,",462.0,G,39.9,",G",2.0,"1,,,I",1.781,",G",2.555,",,,G",1.008,",,,G"
AG000060680,1954-04-01,22.8,5.4331,1362.0,"TAMANRASSET, AG",100.8,G,76.0,",G",0.0,"2,I",0.0,"2,I",0.0,"2,I",0.0,",G",0.0,",G",0.0,",G",29.0,",G",1.0,",G",19540409.0,",,G",19540430.0,"+,2,I",19540428.0,",,G",6.2,",G,09,",0.0,"2,,I,30,+",32.8,",G,28,",466.1,G,4.1,",G",0.0,"2,,,I",2.073,",G",2.8440000000000003,",,,G",1.302,",,,G"
AG000060680,1954-05-01,22.8,5.4331,1362.0,"TAMANRASSET, AG",337.4,G,236.6,",G",2.0,"2,I",1.0,"2,I",0.0,"2,I",0.0,",G",0.0,",G",0.0,",G",31.0,",G",22.0,",G",19540516.0,",,G",19540529.0,",2,I",19540519.0,",,G",13.6,",G,16,",4.0,"2,,I,29,",36.0,",G,19,",466.1,G,0.0,",G",6.0,"2,,,I",2.596,",G",3.2909999999999995,",,,G",1.902,",,,G"
AG000060680,1954-06-01,22.8,5.4331,1362.0,"TAMANRASSET, AG",621.2,G,283.8,",G",2.0,"5,I",1.0,"5,I",0.0,"5,I",0.0,",G",0.0,",G",0.0,",G",30.0,",G",27.0,",G",19540607.0,",,G",19540606.0,",5,I",19540629.0,"+,,G",15.5,",G,07,",25.0,"5,,I,06,",36.0,",G,29,+",466.1,G,0.0,",G",26.0,"5,,,I",2.779,",G",3.408,",,,G",2.1510000000000002,",,,G"
AG000060680,1954-07-01,22.8,5.4331,1362.0,"TAMANRASSET, AG",939.1,G,317.9,",G",1.0,"1,I",1.0,"1,I",0.0,"1,I",0.0,",G",0.0,",G",0.0,",G",31.0,",G",29.0,",G",19540721.0,",,G",19540721.0,",1,I",19540714.0,",,G",17.8,",G,21,",5.0,"1,,I,21,",37.3,",G,14,",0.0,G,0.0,",G",5.0,"1,,,I",2.859,",G",3.46,",,,G",2.258,",,,G"
AG000060680,1954-08-01,22.8,5.4331,1362.0,"TAMANRASSET, AG",1228.1,G,289.0,",G",1.0,",I",0.0,",I",0.0,",I",0.0,",G",0.0,",G",0.0,",G",31.0,",G",31.0,",G",19540825.0,",,G",19540801.0,",,I",19540808.0,",,G",17.4,",G,25,",2.0,",,I,01,",36.3,",G,08,",0.0,G,0.0,",G",2.0,",,,I",2.7649999999999997,",G",3.3869999999999996,",,,G",2.144,",,,G"
AG000060680,1954-09-01,22.8,5.4331,1362.0,"TAMANRASSET, AG",1419.9,G,191.8,",G",0.0,"3,I",0.0,"3,I",0.0,"3,I",0.0,",G",0.0,",G",0.0,",G",30.0,",G",1.0,",G",19540919.0,",,G",19540930.0,"+,3,I",19540906.0,",,G",16.4,",G,19,",0.0,"3,,I,30,+",32.2,",G,06,",0.0,G,0.0,",G",0.0,"3,,,I",2.473,",G",3.093,",,,G",1.8519999999999999,",,,G"
AG000060680,1954-10-01,22.8,5.4331,1362.0,"TAMANRASSET, AG",1517.9,G,98.0,",G",1.0,"3,I",0.0,"3,I",0.0,"3,I",0.0,",G",0.0,",G",0.0,",G",31.0,",G",0.0,",G",19541009.0,",,G",19541029.0,",3,I",19541001.0,",,G",11.4,",G,09,",2.0,"3,,I,29,",29.9,",G,01,",0.0,G,0.0,",G",2.0,"3,,,I",2.149,",G",2.763,",,,G",1.536,",,,G"
AG000060680,1954-11-01,22.8,5.4331,1362.0,"TAMANRASSET, AG",1540.8,G,22.9,",G",1.0,"1,I",0.0,"1,I",0.0,"1,I",0.0,",G",0.0,",G",0.0,",G",25.0,",G",0.0,",G",19541112.0,",,G",19541126.0,",1,I",19541106.0,",,G",5.2,",G,12,",1.0,"1,,I,26,",29.1,",G,06,",45.2,G,45.2,",G",1.0,"1,,,I",1.759,",G",2.432,",,,G",1.085,",,,G"
AG000060680,1954-12-01,22.8,5.4331,1362.0,"TAMANRASSET, AG",1540.8,G,0.0,",G",0.0,",I",0.0,",I",0.0,",I",0.0,",G",0.0,",G",0.0,",G",20.0,",G",0.0,",G",19541222.0,",,G",19541231.0,"+,,I",19541207.0,"+,,G",1.1,",G,22,",0.0,",,I,31,+",23.5,",G,07,+",183.8,G,138.6,",G",0.0,",,,I",1.386,",G",2.138,",,,G",0.635,",,,G"
AG000060680,1955-01-01,22.8,5.4331,1362.0,"TAMANRASSET, AG",0.0,G,0.0,",G",0.0,",I",0.0,",I",0.0,",I",0.0,",G",1.0,",G",0.0,",G",24.0,",G",0.0,",G",19550127.0,",,G",19550131.0,"+,,I",19550119.0,",,G",-1.5,",G,27,",0.0,",,I,31,+",24.0,",G,19,",334.4,G,150.6,",G",0.0,",,,I",1.347,",G",2.179,",,,G",0.516,",,,G"
AG000060680,1955-02-01,22.8,5.4331,1362.0,"TAMANRASSET, AG",7.4,G,7.4,",G",0.0,",I",0.0,",I",0.0,",I",0.0,",G",0.0,",G",0.0,",G",27.0,",G",0.0,",G",19550201.0,",,G",19550228.0,"+,,I",19550220.0,",,G",0.9,",G,01,",0.0,",,I,28,+",28.0,",G,20,",395.1,G,60.7,",G",0.0,",,,I",1.643,",G",2.496,",,,G",0.79,",,,G"
AG000060680,1955-03-01,22.8,5.4331,1362.0,"TAMANRASSET, AG",25.8,G,18.4,",G",1.0,"2,I",0.0,"2,I",0.0,"2,I",0.0,",G",0.0,",G",0.0,",G",26.0,",G",0.0,",G",19550301.0,",,G",19550314.0,",2,I",19550322.0,",,G",1.5,",G,01,",2.0,"2,,I,14,",29.4,",G,22,",447.3,G,52.2,",G",2.0,"2,,,I",1.7239999999999998,",G",2.479,",,,G",0.97,",,,G"
AG000060680,1955-04-01,22.8,5.4331,1362.0,"TAMANRASSET, AG",96.0,G,70.2,",G",3.0,"3,I",3.0,"3,I",0.0,"3,I",0.0,",G",0.0,",G",0.0,",G",29.0,",G",1.0,",G",19550402.0,",,G",19550427.0,",3,I",19550423.0,",,G",7.8,",G,02,",20.0,"3,,I,27,",33.8,",G,23,",451.7,G,4.4,",G",33.0,"3,,,I",2.053,",G",2.747,",,,G",1.358,",,,G"
AG000060680,1955-05-01,22.8,5.4331,1362.0,"TAMANRASSET, AG",295.0,G,199.0,",G",0.0,"2,I",0.0,"2,I",0.0,"2,I",0.0,",G",0.0,",G",0.0,",G",31.0,",G",14.0,",G",19550511.0,",,G",19550531.0,"+,2,I",19550529.0,",,G",12.8,",G,11,",0.0,"2,,I,31,+",33.9,",G,29,",451.7,G,0.0,",G",0.0,"2,,,I",2.475,",G",3.112,",,,G",1.8379999999999999,",,,G"
AG000060680,1955-06-01,22.8,5.4331,1362.0,"TAMANRASSET, AG",585.2,G,290.2,",G",,,,,,,0.0,",G",0.0,",G",0.0,",G",30.0,",G",28.0,",G",19550601.0,",,G",,,19550613.0,",,G",17.9,",G,01,",,,36.2,",G,13,",451.7,G,0.0,",G",,,2.801,",G",3.443,",,,G",2.158,",,,G"
AG000060680,1955-07-01,22.8,5.4331,1362.0,"TAMANRASSET, AG",901.5,G,316.3,",G",0.0,"1,I",0.0,"1,I",0.0,"1,I",0.0,",G",0.0,",G",0.0,",G",31.0,",G",31.0,",G",19550730.0,",,G",19550731.0,"+,1,I",19550716.0,",,G",18.1,",G,30,",0.0,"1,,I,31,+",36.3,",G,16,",0.0,G,0.0,",G",0.0,"1,,,I",2.854,",G",3.468,",,,G",2.239,",,,G"
AG000060680,1955-08-01,22.8,5.4331,1362.0,"TAMANRASSET, AG",1218.3,G,316.8,",G",1.0,"4,I",0.0,"4,I",0.0,"4,I",0.0,",G",0.0,",G",0.0,",G",31.0,",G",31.0,",G",19550822.0,",,G",19550821.0,",4,I",19550810.0,",,G",19.8,",G,22,",1.0,"4,,I,21,",37.1,",G,10,",0.0,G,0.0,",G",1.0,"4,,,I",2.855,",G",3.464,",,,G",2.246,",,,G"
AG000060680,1955-09-01,22.8,5.4331,1362.0,"TAMANRASSET, AG",1474.8,G,256.5,",G",,,,,,,0.0,",G",0.0,",G",0.0,",G",30.0,",G",23.0,",G",19550929.0,",,G",,,19550905.0,"+,,G",17.0,",G,29,",,,35.0,",G,05,+",0.0,G,0.0,",G",,,2.6879999999999997,",G",3.317,",,,G",2.06,",,,G"
AG000060680,1955-10-01,22.8,5.4331,1362.0,"TAMANRASSET, AG",1634.8,G,160.0,",G",2.0,"2,I",1.0,"2,I",0.0,"2,I",0.0,",G",0.0,",G",0.0,",G",31.0,",G",5.0,",G",19551029.0,",,G",19551013.0,",2,I",19551001.0,",,G",13.9,",G,29,",17.0,"2,,I,13,",33.8,",G,01,",0.0,G,0.0,",G",18.0,"2,,,I",2.35,",G",2.979,",,,G",1.72,",,,G"
AG000060680,1955-11-01,22.8,5.4331,1362.0,"TAMANRASSET, AG",1653.2,G,18.4,",G",0.0,",I",0.0,",I",0.0,",I",0.0,",G",0.0,",G",0.0,",G",30.0,",G",0.0,",G",19551118.0,",,G",19551130.0,"+,,I",19551102.0,",,G",8.0,",G,18,",0.0,",,I,30,+",28.0,",G,02,",14.9,G,14.9,",G",0.0,",,,I",1.845,",G",2.5469999999999997,",,,G",1.143,",,,G"
AG000060680,1955-12-01,22.8,5.4331,1362.0,"TAMANRASSET, AG",1653.2,G,0.0,",G",1.0,"1,I",1.0,"1,I",0.0,"1,I",0.0,",G",0.0,",G",0.0,",G",11.0,",G",0.0,",G",19551231.0,",,G",19551206.0,",1,I",19551217.0,",,G",0.3,",G,31,",21.0,"1,,I,06,",25.7,",G,17,",167.4,G,152.5,",G",21.0,"1,,,I",1.341,",G",2.008,",,,G",0.675,",,,G"
AG000060680,1956-01-01,22.8,5.4331,1362.0,"TAMANRASSET, AG",0.0,G,0.0,",G",0.0,"1,I",0.0,"1,I",0.0,"1,I",0.0,",G",1.0,",G",0.0,",G",13.0,",G",0.0,",G",19560107.0,",,G",19560131.0,"+,1,I",19560121.0,",,G",-1.2,",G,07,",0.0,"1,,I,31,+",23.2,",G,21,",325.0,G,157.6,",G",0.0,"1,,,I",1.325,",G",2.024,",,,G",0.626,",,,G"
AG000060680,1956-02-01,22.8,5.4331,1362.0,"TAMANRASSET, AG",3.6,G,3.6,",G",1.0,"2,I",1.0,"2,I",0.0,"2,I",0.0,",G",0.0,",G",0.0,",G",23.0,",G",0.0,",G",19560206.0,",,G",19560216.0,",2,I",19560217.0,",,G",0.1,",G,06,",3.0,"2,,I,16,",26.0,",G,17,",440.0,G,115.0,",G",3.0,"2,,,I",1.449,",G",2.201,",,,G",0.6980000000000001,",,,G"
AG000060680,1956-03-01,22.8,5.4331,1362.0,"TAMANRASSET, AG",21.2,G,17.6,",G",0.0,"1,I",0.0,"1,I",0.0,"1,I",0.0,",G",0.0,",G",0.0,",G",29.0,",G",0.0,",G",19560304.0,",,G",19560331.0,"+,1,I",19560329.0,",,G",5.7,",G,04,",0.0,"1,,I,31,+",30.4,",G,29,",496.6,G,56.6,",G",0.0,"1,,,I",1.7079999999999997,",G",2.484,",,,G",0.932,",,,G"
AG000060680,1956-04-01,22.8,5.4331,1362.0,"TAMANRASSET, AG",151.7,G,130.5,",G",0.0,"1,I",0.0,"1,I",0.0,"1,I",0.0,",G",0.0,",G",0.0,",G",30.0,",G",3.0,",G",19560410.0,",,G",19560430.0,"+,1,I",19560424.0,",,G",8.6,",G,10,",0.0,"1,,I,30,+",32.8,",G,24,",496.6,G,0.0,",G",0.0,"1,,,I",2.268,",G",3.0010000000000003,",,,G",1.535,",,,G"
AG000060680,1956-05-01,22.8,5.4331,1362.0,"TAMANRASSET, AG",392.6,G,240.9,",G",1.0,",I",0.0,",I",0.0,",I",0.0,",G",0.0,",G",0.0,",G",31.0,",G",14.0,",G",19560502.0,",,G",19560513.0,",,I",19560523.0,",,G",14.6,",G,02,",2.0,",,I,13,",35.5,",G,23,",496.6,G,0.0,",G",2.0,",,,I",2.6100000000000003,",G",3.251,",,,G",1.969,",,,G"
AG000060680,1956-06-01,22.8,5.4331,1362.0,"TAMANRASSET, AG",667.8,G,275.2,",G",0.0,"1,I",0.0,"1,I",0.0,"1,I",0.0,",G",0.0,",G",0.0,",G",30.0,",G",30.0,",G",19560618.0,",,G",19560630.0,"+,1,I",19560630.0,"+,,G",17.8,",G,18,",0.0,"1,,I,30,+",36.1,",G,30,+",496.6,G,0.0,",G",0.0,"1,,,I",2.7510000000000003,",G",3.472,",,,G",2.029,",,,G"
AG000060680,1956-07-01,22.8,5.4331,1362.0,"TAMANRASSET, AG",967.9,G,300.1,",G",0.0,",I",0.0,",I",0.0,",I",0.0,",G",0.0,",G",0.0,",G",31.0,",G",29.0,",G",19560731.0,"+,,G",19560731.0,"+,,I",19560701.0,",,G",18.2,",G,31,+",0.0,",,I,31,+",36.4,",G,01,",0.0,G,0.0,",G",0.0,",,,I",2.801,",G",3.41,",,,G",2.193,",,,G"
AG000060680,1956-08-01,22.8,5.4331,1362.0,"TAMANRASSET, AG",1247.5,G,279.6,",G",2.0,"5,I",1.0,"5,I",0.0,"5,I",0.0,",G",0.0,",G",0.0,",G",31.0,",G",28.0,",G",19560805.0,",,G",19560812.0,",5,I",19560807.0,",,G",18.2,",G,05,",10.0,"5,,I,12,",36.1,",G,07,",0.0,G,0.0,",G",11.0,"5,,,I",2.7350000000000003,",G",3.3560000000000003,",,,G",2.1149999999999998,",,,G"
AG000060680,1956-09-01,22.8,5.4331,1362.0,"TAMANRASSET, AG",1467.8,G,220.3,",G",4.0,"1,I",0.0,"1,I",0.0,"1,I",0.0,",G",0.0,",G",0.0,",G",30.0,",G",12.0,",G",19560928.0,"+,,G",19560923.0,"+,1,I",19560903.0,",,G",17.3,",G,28,+",2.0,"1,,I,23,+",34.5,",G,03,",0.0,G,0.0,",G",8.0,"1,,,I",2.568,",G",3.189,",,,G",1.9460000000000002,",,,G"
AG000060680,1956-10-01,22.8,5.4331,1362.0,"TAMANRASSET, AG",1557.2,G,89.4,",G",0.0,"1,I",0.0,"1,I",0.0,"1,I",0.0,",G",0.0,",G",0.0,",G",31.0,",G",0.0,",G",19561024.0,",,G",19561031.0,"+,1,I",19561002.0,",,G",9.6,",G,24,",0.0,"1,,I,31,+",31.1,",G,02,",2.9,G,2.9,",G",0.0,"1,,,I",2.112,",G",2.747,",,,G",1.478,",,,G"
AG000060680,1956-11-01,22.8,5.4331,1362.0,"TAMANRASSET, AG",1573.7,G,16.5,",G",0.0,"2,I",0.0,"2,I",0.0,"2,I",0.0,",G",0.0,",G",0.0,",G",27.0,",G",0.0,",G",19561122.0,",,G",19561130.0,"+,2,I",19561102.0,",,G",7.4,",G,22,",0.0,"2,,I,30,+",27.0,",G,02,",23.8,G,20.9,",G",0.0,"2,,,I",1.8190000000000002,",G",2.478,",,,G",1.159,",,,G"
AG000060680,1956-12-01,22.8,5.4331,1362.0,"TAMANRASSET, AG",1573.7,G,0.0,",G",0.0,"1,I",0.0,"1,I",0.0,"1,I",0.0,",G",2.0,",G",0.0,",G",0.0,",G",0.0,",G",19561224.0,",,G",19561231.0,"+,1,I",19561208.0,",,G",-1.4,",G,24,",0.0,"1,,I,31,+",20.5,",G,08,",239.8,G,216.0,",G",0.0,"1,,,I",1.137,",G",1.75,",,,G",0.523,",,,G"
AG000060680,1957-01-01,22.8,5.4331,1362.0,"TAMANRASSET, AG",0.6,G,0.6,",G",0.0,"2,I",0.0,"2,I",0.0,"2,I",0.0,",G",4.0,",G",0.0,",G",7.0,",G",0.0,",G",19570127.0,",,G",19570131.0,"+,2,I",19570117.0,",,G",-1.4,",G,27,",0.0,"2,,I,31,+",25.6,",G,17,",449.0,G,209.2,",G",0.0,"2,,,I",1.16,",G",1.902,",,,G",0.41900000000000004,",,,G"
AG000060680,1957-02-01,22.8,5.4331,1362.0,"TAMANRASSET, AG",25.1,G,24.5,",G",0.0,",I",0.0,",I",0.0,",I",0.0,",G",0.0,",G",0.0,",G",21.0,",G",0.0,",G",19570201.0,",,G",19570228.0,"+,,I",19570224.0,",,G",4.1,",G,01,",0.0,",,I,28,+",29.0,",G,24,",515.7,G,66.7,",G",0.0,",,,I",1.6829999999999998,",G",2.383,",,,G",0.983,",,,G"
AG000060680,1957-03-01,22.8,5.4331,1362.0,"TAMANRASSET, AG",35.6,G,10.5,",G",0.0,",I",0.0,",I",0.0,",I",0.0,",G",0.0,",G",0.0,",G",30.0,",G",0.0,",G",19570317.0,"+,,G",19570331.0,"+,,I",19570331.0,",,G",5.0,",G,17,+",0.0,",,I,31,+",28.8,",G,31,",552.0,G,36.3,",G",0.0,",,,I",1.75,",G",2.54,",,,G",0.96,",,,G"
AG000060680,1957-04-01,22.8,5.4331,1362.0,"TAMANRASSET, AG",103.5,G,67.9,",G",2.0,",I",2.0,",I",0.0,",I",0.0,",G",0.0,",G",0.0,",G",30.0,",G",0.0,",G",19570415.0,",,G",19570421.0,",,I",19570430.0,",,G",6.2,",G,15,",9.0,",,I,21,",32.0,",G,30,",561.1,G,9.1,",G",13.0,",,,I",2.029,",G",2.7969999999999997,",,,G",1.261,",,,G"
AG000060680,1957-05-01,22.8,5.4331,1362.0,"TAMANRASSET, AG",291.1,G,187.6,",G",3.0,"5,I",3.0,"5,I",0.0,"5,I",0.0,",G",0.0,",G",0.0,",G",31.0,",G",9.0,",G",19570509.0,",,G",19570525.0,",5,I",19570530.0,",,G",11.2,",G,09,",16.0,"5,,I,25,",33.6,",G,30,",561.1,G,0.0,",G",32.0,"5,,,I",2.439,",G",3.07,",,,G",1.807,",,,G"
AG000060680,1957-06-01,22.8,5.4331,1362.0,"TAMANRASSET, AG",574.5,G,283.4,",G",1.0,"3,I",0.0,"3,I",0.0,"3,I",0.0,",G",0.0,",G",0.0,",G",30.0,",G",23.0,",G",19570616.0,",,G",19570606.0,",3,I",19570626.0,"+,,G",18.7,",G,16,",2.0,"3,,I,06,",35.2,",G,26,+",561.1,G,0.0,",G",2.0,"3,,,I",2.778,",G",3.3619999999999997,",,,G",2.194,",,,G"
AG000060680,1957-07-01,22.8,5.4331,1362.0,"TAMANRASSET, AG",852.7,G,278.2,",G",5.0,"2,I",1.0,"2,I",0.0,"2,I",0.0,",G",0.0,",G",0.0,",G",31.0,",G",24.0,",G",19570708.0,",,G",19570730.0,",2,I",19570725.0,",,G",17.6,",G,08,",4.0,"2,,I,30,",35.3,",G,25,",0.0,G,0.0,",G",10.0,"2,,,I",2.731,",G",3.3200000000000003,",,,G",2.141,",,,G"
AG000060680,1957-08-01,22.8,5.4331,1362.0,"TAMANRASSET, AG",1156.8,G,304.1,",G",2.0,"3,I",2.0,"3,I",0.0,"3,I",0.0,",G",0.0,",G",0.0,",G",31.0,",G",31.0,",G",19570801.0,",,G",19570825.0,",3,I",19570824.0,",,G",17.2,",G,01,",9.0,"3,,I,25,",35.8,",G,24,",0.0,G,0.0,",G",12.0,"3,,,I",2.814,",G",3.418,",,,G",2.211,",,,G"
AG000060680,1957-09-01,22.8,5.4331,1362.0,"TAMANRASSET, AG",1382.0,G,225.2,"1,G",,,,,,,0.0,",G",0.0,",G",0.0,"1,G",29.0,"1,G",9.0,"1,G",19570915.0,",,G",,,19570902.0,",1,G",14.3,",G,15,",,,33.9,"1,G,02,",0.0,G,0.0,"1,G",,,2.606,"1,G",3.159,"1,,,G",2.053,",,,G"
AG000060680,1957-10-01,22.8,5.4331,1362.0,"TAMANRASSET, AG",1494.9,G,112.9,",G",3.0,",I",1.0,",I",0.0,",I",0.0,",G",0.0,",G",0.0,",G",31.0,",G",1.0,",G",19571007.0,",,G",19571024.0,",,I",19571002.0,",,G",9.2,",G,07,",6.0,",,I,24,",32.3,",G,02,",1.7,G,1.7,",G",8.0,",,,I",2.192,",G",2.853,",,,G",1.532,",,,G"
AG000060680,1957-11-01,22.8,5.4331,1362.0,"TAMANRASSET, AG",1511.0,G,16.1,",G",1.0,"3,I",0.0,"3,I",0.0,"3,I",0.0,",G",0.0,",G",0.0,",G",24.0,",G",0.0,",G",19571124.0,",,G",19571129.0,",3,I",19571104.0,",,G",2.9,",G,24,",2.0,"3,,I,29,",28.0,",G,04,",54.8,G,53.1,",G",2.0,"3,,,I",1.7100000000000002,",G",2.414,",,,G",1.0050000000000001,",,,G"
AG000060680,1957-12-01,22.8,5.4331,1362.0,"TAMANRASSET, AG",1512.5,G,1.5,",G",0.0,",I",0.0,",I",0.0,",I",0.0,",G",0.0,",G",0.0,",G",15.0,",G",0.0,",G",19571231.0,",,G",19571231.0,"+,,I",19571213.0,",,G",0.5,",G,31,",0.0,",,I,31,+",25.2,",G,13,",177.0,G,122.2,",G",0.0,",,,I",1.444,",G",2.114,",,,G",0.774,",,,G"
AG000060680,1958-01-01,22.8,5.4331,1362.0,"TAMANRASSET, AG",0.3,G,0.3,",G",0.0,",I",0.0,",I",0.0,",I",0.0,",G",1.0,",G",0.0,",G",21.0,",G",0.0,",G",19580101.0,",,G",19580131.0,"+,,I",19580121.0,",,G",-1.8,",G,01,",0.0,",,I,31,+",25.5,",G,21,",310.8,G,133.8,",G",0.0,",,,I",1.403,",G",2.182,",,,G",0.623,",,,G"
AG000060680,1958-02-01,22.8,5.4331,1362.0,"TAMANRASSET, AG",0.3,G,0.0,",G",0.0,",I",0.0,",I",0.0,",I",0.0,",G",0.0,",G",0.0,",G",23.0,",G",0.0,",G",19580227.0,",,G",19580228.0,"+,,I",19580225.0,",,G",3.7,",G,27,",0.0,",,I,28,+",24.6,",G,25,",407.1,G,96.3,",G",0.0,",,,I",1.489,",G",2.226,",,,G",0.753,",,,G"
AG000060680,1958-03-01,22.8,5.4331,1362.0,"TAMANRASSET, AG",49.0,G,48.7,",G",0.0,",I",0.0,",I",0.0,",I",0.0,",G",0.0,",G",0.0,",G",27.0,",G",1.0,",G",19580307.0,",,G",19580331.0,"+,,I",19580327.0,",,G",1.4,",G,07,",0.0,",,I,31,+",32.3,",G,27,",461.2,G,54.1,",G",0.0,",,,I",1.816,",G",2.673,",,,G",0.958,",,,G"
AG000060680,1958-04-01,22.8,5.4331,1362.0,"TAMANRASSET, AG",199.5,G,150.5,",G",0.0,",I",0.0,",I",0.0,",I",0.0,",G",0.0,",G",0.0,",G",30.0,",G",4.0,",G",19580407.0,",,G",19580430.0,"+,,I",19580411.0,",,G",10.9,",G,07,",0.0,",,I,30,+",33.4,",G,11,",461.2,G,0.0,",G",0.0,",,,I",2.335,",G",3.08,",,,G",1.59,",,,G"
AG000060680,1958-05-01,22.8,5.4331,1362.0,"TAMANRASSET, AG",417.0,G,217.5,",G",0.0,",I",0.0,",I",0.0,",I",0.0,",G",0.0,",G",0.0,",G",31.0,",G",14.0,",G",19580507.0,",,G",19580531.0,"+,,I",19580527.0,",,G",12.7,",G,07,",0.0,",,I,31,+",36.5,",G,27,",461.2,G,0.0,",G",0.0,",,,I",2.535,",G",3.213,",,,G",1.8559999999999999,",,,G"
AG000060680,1958-06-01,22.8,5.4331,1362.0,"TAMANRASSET, AG",742.0,G,325.0,",G",3.0,"2,I",2.0,"2,I",0.0,"2,I",0.0,",G",0.0,",G",0.0,",G",30.0,",G",29.0,",G",19580611.0,"+,,G",19580614.0,",2,I",19580607.0,",,G",20.0,",G,11,+",5.0,"2,,I,14,",37.0,",G,07,",461.2,G,0.0,",G",11.0,"2,,,I",2.9170000000000003,",G",3.537,",,,G",2.2960000000000003,",,,G"
AG000060680,1958-07-01,22.8,5.4331,1362.0,"TAMANRASSET, AG",1077.8,G,335.8,",G",1.0,"2,I",1.0,"2,I",0.0,"2,I",0.0,",G",0.0,",G",0.0,",G",31.0,",G",31.0,",G",19580721.0,",,G",19580731.0,",2,I",19580713.0,",,G",18.4,",G,21,",3.0,"2,,I,31,",37.8,",G,13,",0.0,G,0.0,",G",3.0,"2,,,I",2.9170000000000003,",G",3.537,",,,G",2.2960000000000003,",,,G"
AG000060680,1958-08-01,22.8,5.4331,1362.0,"TAMANRASSET, AG",1375.7,G,297.9,",G",2.0,"2,I",0.0,"2,I",0.0,"2,I",0.0,",G",0.0,",G",0.0,",G",31.0,",G",29.0,",G",19580826.0,",,G",19580825.0,",2,I",19580831.0,",,G",18.8,",G,26,",2.0,"2,,I,25,",36.0,",G,31,",0.0,G,0.0,",G",3.0,"2,,,I",2.794,",G",3.3770000000000002,",,,G",2.212,",,,G"
AG000060680,1958-09-01,22.8,5.4331,1362.0,"TAMANRASSET, AG",1612.5,G,236.8,",G",1.0,"2,I",1.0,"2,I",0.0,"2,I",0.0,",G",0.0,",G",0.0,",G",30.0,",G",11.0,",G",19580925.0,"+,,G",19580909.0,",2,I",19580904.0,",,G",17.2,",G,25,+",11.0,"2,,I,09,",36.1,",G,04,",0.0,G,0.0,",G",11.0,"2,,,I",2.623,",G",3.2009999999999996,",,,G",2.044,",,,G"
AG000060680,1958-10-01,22.8,5.4331,1362.0,"TAMANRASSET, AG",1734.0,G,121.5,",G",1.0,"2,I",0.0,"2,I",0.0,"2,I",0.0,",G",0.0,",G",0.0,",G",31.0,",G",2.0,",G",19581027.0,"+,,G",19581003.0,",2,I",19581004.0,",,G",12.4,",G,27,+",1.0,"2,,I,03,",32.9,",G,04,",0.0,G,0.0,",G",1.0,"2,,,I",2.225,",G",2.891,",,,G",1.559,",,,G"
AG000060680,1958-11-01,22.8,5.4331,1362.0,"TAMANRASSET, AG",1760.9,G,26.9,",G",4.0,"1,I",2.0,"1,I",1.0,"1,I",0.0,",G",0.0,",G",0.0,",G",26.0,",G",0.0,",G",19581114.0,",,G",19581125.0,",1,I",19581102.0,",,G",4.6,",G,14,",29.0,"1,,I,25,",28.4,",G,02,",57.3,G,57.3,",G",34.0,"1,,,I",1.732,",G",2.335,",,,G",1.129,",,,G"
AG000060680,1958-12-01,22.8,5.4331,1362.0,"TAMANRASSET, AG",1769.8,G,8.9,",G",0.0,"1,I",0.0,"1,I",0.0,"1,I",0.0,",G",1.0,",G",0.0,",G",18.0,",G",0.0,",G",19581230.0,",,G",19581231.0,"+,1,I",19581204.0,",,G",-0.6,",G,30,",0.0,"1,,I,31,+",26.7,",G,04,",183.7,G,126.4,",G",0.0,"1,,,I",1.454,",G",2.113,",,,G",0.796,",,,G"
AG000060680,1959-01-01,22.8,5.4331,1362.0,"TAMANRASSET, AG",0.0,G,0.0,",G",2.0,",I",2.0,",I",0.0,",I",0.0,",G",0.0,",G",0.0,",G",10.0,",G",0.0,",G",19590103.0,",,G",19590114.0,",,I",19590123.0,",,G",2.2,",G,03,",5.0,",,I,14,",23.9,",G,23,",332.0,G,148.3,",G",8.0,",,,I",1.355,",G",2.032,",,,G",0.678,",,,G"
AG000060680,1959-02-01,22.8,5.4331,1362.0,"TAMANRASSET, AG",2.0,G,2.0,",G",0.0,",I",0.0,",I",0.0,",I",0.0,",G",0.0,",G",0.0,",G",16.0,",G",0.0,",G",19590209.0,",,G",19590228.0,"+,,I",19590227.0,",,G",3.6,",G,09,",0.0,",,I,28,+",25.6,",G,27,",421.0,G,89.0,",G",0.0,",,,I",1.5230000000000001,",G",2.149,",,,G",0.8960000000000001,",,,G"
AG000060680,1959-03-01,22.8,5.4331,1362.0,"TAMANRASSET, AG",42.8,G,40.8,",G",0.0,",I",0.0,",I",0.0,",I",0.0,",G",0.0,",G",0.0,",G",31.0,",G",0.0,",G",19590314.0,",,G",19590331.0,"+,,I",19590326.0,",,G",7.2,",G,14,",0.0,",,I,31,+",28.8,",G,26,",427.0,G,6.0,",G",0.0,",,,I",1.9449999999999998,",G",2.7030000000000003,",,,G",1.1880000000000002,",,,G"
AG000060680,1959-04-01,22.8,5.4331,1362.0,"TAMANRASSET, AG",158.5,G,115.7,",G",0.0,",I",0.0,",I",0.0,",I",0.0,",G",0.0,",G",0.0,",G",30.0,",G",0.0,",G",19590403.0,",,G",19590430.0,"+,,I",19590418.0,"+,,G",7.1,",G,03,",0.0,",,I,30,+",31.9,",G,18,+",430.0,G,3.0,",G",0.0,",,,I",2.209,",G",2.9850000000000003,",,,G",1.433,",,,G"
AG000060680,1959-05-01,22.8,5.4331,1362.0,"TAMANRASSET, AG",387.5,G,229.0,",G",0.0,"1,I",0.0,"1,I",0.0,"1,I",0.0,",G",0.0,",G",0.0,",G",31.0,",G",20.0,",G",19590527.0,",,G",19590531.0,"+,1,I",19590531.0,",,G",12.4,",G,27,",0.0,"1,,I,31,+",35.9,",G,31,",430.0,G,0.0,",G",0.0,"1,,,I",2.572,",G",3.289,",,,G",1.855,",,,G"
AG000060680,1959-06-01,22.8,5.4331,1362.0,"TAMANRASSET, AG",690.3,G,302.8,",G",0.0,"1,I",0.0,"1,I",0.0,"1,I",0.0,",G",0.0,",G",0.0,",G",30.0,",G",28.0,",G",19590623.0,",,G",19590630.0,"+,1,I",19590601.0,",,G",18.7,",G,23,",0.0,"1,,I,30,+",37.6,",G,01,",430.0,G,0.0,",G",0.0,"1,,,I",2.843,",G",3.4810000000000003,",,,G",2.2039999999999997,",,,G"
AG000060680,1959-07-01,22.8,5.4331,1362.0,"TAMANRASSET, AG",1017.2,G,326.9,",G",0.0,"3,I",0.0,"3,I",0.0,"3,I",0.0,",G",0.0,",G",0.0,",G",31.0,",G",31.0,",G",19590717.0,",,G",19590731.0,"+,3,I",19590701.0,",,G",20.4,",G,17,",0.0,"3,,I,31,+",36.2,",G,01,",0.0,G,0.0,",G",0.0,"3,,,I",2.888,",G",3.4450000000000003,",,,G",2.331,",,,G"
AG000060680,1959-08-01,22.8,5.4331,1362.0,"TAMANRASSET, AG",1312.9,G,295.7,",G",1.0,"1,I",0.0,"1,I",0.0,"1,I",0.0,",G",0.0,",G",0.0,",G",31.0,",G",28.0,",G",19590814.0,",,G",19590824.0,",1,I",19590809.0,",,G",18.3,",G,14,",1.0,"1,,I,24,",36.1,",G,09,",0.0,G,0.0,",G",1.0,"1,,,I",2.787,",G",3.371,",,,G",2.2039999999999997,",,,G"
AG000060680,1959-09-01,22.8,5.4331,1362.0,"TAMANRASSET, AG",1575.6,G,262.7,",G",1.0,"1,I",0.0,"1,I",0.0,"1,I",0.0,",G",0.0,",G",0.0,",G",30.0,",G",20.0,",G",19590926.0,",,G",19590914.0,",1,I",19590908.0,",,G",17.3,",G,26,",1.0,"1,,I,14,",35.8,",G,08,",0.0,G,0.0,",G",1.0,"1,,,I",2.709,",G",3.319,",,,G",2.098,",,,G"
AG000060680,1959-10-01,22.8,5.4331,1362.0,"TAMANRASSET, AG",1721.0,G,145.4,",G",2.0,"2,I",0.0,"2,I",0.0,"2,I",0.0,",G",0.0,",G",0.0,",G",31.0,",G",0.0,",G",19591028.0,"+,,G",19591011.0,"+,2,I",19591010.0,"+,,G",11.7,",G,28,+",1.0,"2,,I,11,+",31.6,",G,10,+",0.0,G,0.0,",G",2.0,"2,,,I",2.302,",G",2.982,",,,G",1.623,",,,G"
AG000060680,1959-11-01,22.8,5.4331,1362.0,"TAMANRASSET, AG",1743.8,G,22.8,",G",0.0,"1,I",0.0,"1,I",0.0,"1,I",0.0,",G",0.0,",G",0.0,",G",30.0,",G",0.0,",G",19591123.0,",,G",19591130.0,"+,1,I",19591106.0,",,G",7.9,",G,23,",0.0,"1,,I,30,+",29.0,",G,06,",17.8,G,17.8,",G",0.0,"1,,,I",1.85,",G",2.567,",,,G",1.134,",,,G"
AG000060680,1959-12-01,22.8,5.4331,1362.0,"TAMANRASSET, AG",1743.8,G,0.0,",G",0.0,",I",0.0,",I",0.0,",I",0.0,",G",1.0,",G",0.0,",G",18.0,",G",0.0,",G",19591219.0,",,G",19591231.0,"+,,I",19591201.0,",,G",0.0,",G,19,",0.0,",,I,31,+",24.5,",G,01,",155.5,G,137.7,",G",0.0,",,,I",1.389,",G",2.15,",,,G",0.628,",,,G"
AG000060680,1960-01-01,22.8,5.4331,1362.0,"TAMANRASSET, AG",0.0,G,0.0,",G",0.0,",I",0.0,",I",0.0,",I",0.0,",G",1.0,",G",0.0,",G",11.0,",G",0.0,",G",19600114.0,",,G",19600131.0,"+,,I",19600120.0,",,G",-0.6,",G,14,",0.0,",,I,31,+",23.4,",G,20,",329.9,G,174.4,",G",0.0,",,,I",1.2710000000000001,",G",2.048,",,,G",0.493,",,,G"
AG000060680,1960-02-01,22.8,5.4331,1362.0,"TAMANRASSET, AG",11.2,G,11.2,",G",0.0,",I",0.0,",I",0.0,",I",0.0,",G",0.0,",G",0.0,",G",22.0,",G",0.0,",G",19600208.0,",,G",19600229.0,"+,,I",19600219.0,",,G",0.8,",G,08,",0.0,",,I,29,+",28.3,",G,19,",405.8,G,75.9,",G",0.0,",,,I",1.61,",G",2.413,",,,G",0.807,",,,G"
AG000060680,1960-03-01,22.8,5.4331,1362.0,"TAMANRASSET, AG",21.2,G,10.0,",G",0.0,"1,I",0.0,"1,I",0.0,"1,I",0.0,",G",0.0,",G",0.0,",G",31.0,",G",0.0,",G",19600308.0,",,G",19600331.0,"+,1,I",19600330.0,",,G",5.3,",G,08,",0.0,"1,,I,31,+",29.0,",G,30,",435.6,G,29.8,",G",0.0,"1,,,I",1.7690000000000001,",G",2.561,",,,G",0.977,",,,G"
AG000060680,1960-04-01,22.8,5.4331,1362.0,"TAMANRASSET, AG",93.4,G,72.2,",G",0.0,"1,I",0.0,"1,I",0.0,"1,I",0.0,",G",0.0,",G",0.0,",G",30.0,",G",0.0,",G",19600416.0,",,G",19600430.0,"+,1,I",19600409.0,",,G",6.3,",G,16,",0.0,"1,,I,30,+",31.2,",G,09,",448.9,G,13.3,",G",0.0,"1,,,I",2.0300000000000002,",G",2.763,",,,G",1.296,",,,G"
AG000060680,1960-05-01,22.8,5.4331,1362.0,"TAMANRASSET, AG",285.0,G,191.6,",G",0.0,"5,I",0.0,"5,I",0.0,"5,I",0.0,",G",0.0,",G",0.0,",G",31.0,",G",13.0,",G",19600506.0,",,G",19600531.0,"+,5,I",19600525.0,",,G",7.0,",G,06,",0.0,"5,,I,31,+",33.9,",G,25,",450.1,G,1.2,",G",0.0,"5,,,I",2.447,",G",3.105,",,,G",1.7890000000000001,",,,G"
AG000060680,1960-06-01,22.8,5.4331,1362.0,"TAMANRASSET, AG",568.4,G,283.4,",G",,,,,,,0.0,",G",0.0,",G",0.0,",G",30.0,",G",23.0,",G",19600605.0,",,G",,,19600630.0,",,G",16.1,",G,05,",,,35.9,",G,30,",450.1,G,0.0,",G",,,2.778,",G",3.351,",,,G",2.2039999999999997,",,,G"
AG000060680,1960-07-01,22.8,5.4331,1362.0,"TAMANRASSET, AG",888.6,G,320.2,",G",0.0,"1,I",0.0,"1,I",0.0,"1,I",0.0,",G",0.0,",G",0.0,",G",31.0,",G",31.0,",G",19600720.0,",,G",19600731.0,"+,1,I",19600711.0,",,G",18.8,",G,20,",0.0,"1,,I,31,+",36.7,",G,11,",0.0,G,0.0,",G",0.0,"1,,,I",2.866,",G",3.478,",,,G",2.254,",,,G"
AG000060680,1960-08-01,22.8,5.4331,1362.0,"TAMANRASSET, AG",1205.4,G,316.8,",G",1.0,",I",0.0,",I",0.0,",I",0.0,",G",0.0,",G",0.0,",G",31.0,",G",30.0,",G",19600831.0,",,G",19600828.0,",,I",19600823.0,",,G",19.3,",G,31,",2.0,",,I,28,",36.7,",G,23,",0.0,G,0.0,",G",2.0,",,,I",2.855,",G",3.439,",,,G",2.272,",,,G"
AG000060680,1960-09-01,22.8,5.4331,1362.0,"TAMANRASSET, AG",1456.7,G,251.3,",G",5.0,"2,I",1.0,"2,I",0.0,"2,I",0.0,",G",0.0,",G",0.0,",G",30.0,",G",20.0,",G",19600917.0,",,G",19600914.0,",2,I",19600907.0,",,G",17.3,",G,17,",7.0,"2,,I,14,",34.2,",G,07,",0.0,G,0.0,",G",13.0,"2,,,I",2.6710000000000003,",G",3.278,",,,G",2.0629999999999997,",,,G"
AG000060680,1960-10-01,22.8,5.4331,1362.0,"TAMANRASSET, AG",1640.2,G,183.5,",G",0.0,"3,I",0.0,"3,I",0.0,"3,I",0.0,",G",0.0,",G",0.0,",G",31.0,",G",6.0,",G",19601026.0,",,G",19601031.0,"+,3,I",19601001.0,",,G",12.1,",G,26,",0.0,"3,,I,31,+",33.4,",G,01,",0.0,G,0.0,",G",0.0,"3,,,I",2.425,",G",3.0789999999999997,",,,G",1.7719999999999998,",,,G"
AG000060680,1960-11-01,22.8,5.4331,1362.0,"TAMANRASSET, AG",1659.6,G,19.4,",G",0.0,",I",0.0,",I",0.0,",I",0.0,",G",0.0,",G",0.0,",G",30.0,",G",0.0,",G",19601126.0,",,G",19601130.0,"+,,I",19601110.0,"+,,G",6.1,",G,26,",0.0,",,I,30,+",27.6,",G,10,+",30.9,G,30.9,",G",0.0,",,,I",1.795,",G",2.502,",,,G",1.088,",,,G"
AG000060680,1960-12-01,22.8,5.4331,1362.0,"TAMANRASSET, AG",1659.6,G,0.0,",G",3.0,",I",2.0,",I",0.0,",I",0.0,",G",3.0,",G",0.0,",G",6.0,",G",0.0,",G",19601227.0,",,G",19601204.0,",,I",19601218.0,"+,,G",-4.5,",G,27,",4.0,",,I,04,",22.5,",G,18,+",211.1,G,180.2,",G",9.0,",,,I",1.252,",G",1.879,",,,G",0.625,",,,G"
AG000060680,1961-01-01,22.8,5.4331,1362.0,"TAMANRASSET, AG",0.0,G,0.0,",G",0.0,"2,I",0.0,"2,I",0.0,"2,I",0.0,",G",1.0,",G",0.0,",G",7.0,",G",0.0,",G",19610115.0,",,G",19610131.0,"+,2,I",19610117.0,",,G",-0.8,",G,15,",0.0,"2,,I,31,+",22.0,",G,17,",416.6,G,205.5,",G",0.0,"2,,,I",1.17,",G",1.905,",,,G",0.43600000000000005,",,,G"
AG000060680,1961-02-01,22.8,5.4331,1362.0,"TAMANRASSET, AG",0.0,G,0.0,",G",0.0,",I",0.0,",I",0.0,",I",0.0,",G",0.0,",G",0.0,",G",11.0,",G",0.0,",G",19610206.0,",,G",19610228.0,"+,,I",19610224.0,",,G",0.6,",G,06,",0.0,",,I,28,+",23.3,",G,24,",559.1,G,142.5,",G",0.0,",,,I",1.324,",G",2.06,",,,G",0.589,",,,G"
AG000060680,1961-03-01,22.8,5.4331,1362.0,"TAMANRASSET, AG",16.3,G,16.3,",G",0.0,"1,I",0.0,"1,I",0.0,"1,I",0.0,",G",0.0,",G",0.0,",G",17.0,",G",0.0,",G",19610303.0,",,G",19610331.0,"+,1,I",19610324.0,",,G",3.2,",G,03,",0.0,"1,,I,31,+",29.9,",G,24,",661.3,G,102.2,",G",0.0,"1,,,I",1.556,",G",2.259,",,,G",0.853,",,,G"
AG000060680,1961-04-01,22.8,5.4331,1362.0,"TAMANRASSET, AG",119.9,G,103.6,",G",0.0,",I",0.0,",I",0.0,",I",0.0,",G",0.0,",G",0.0,",G",30.0,",G",8.0,",G",19610407.0,",,G",19610430.0,"+,,I",19610430.0,",,G",8.3,",G,07,",0.0,",,I,30,+",33.1,",G,30,",668.2,G,6.9,",G",0.0,",,,I",2.1559999999999997,",G",2.907,",,,G",1.405,",,,G"
AG000060680,1961-05-01,22.8,5.4331,1362.0,"TAMANRASSET, AG",378.0,G,258.1,",G",0.0,"5,I",0.0,"5,I",0.0,"5,I",0.0,",G",0.0,",G",0.0,",G",31.0,",G",16.0,",G",19610503.0,",,G",19610531.0,"+,5,I",19610523.0,",,G",15.8,",G,03,",0.0,"5,,I,31,+",37.2,",G,23,",668.2,G,0.0,",G",0.0,"5,,,I",2.666,",G",3.321,",,,G",2.011,",,,G"
AG000060680,1961-06-01,22.8,5.4331,1362.0,"TAMANRASSET, AG",708.1,G,330.1,",G",,,,,,,0.0,",G",0.0,",G",0.0,",G",30.0,",G",30.0,",G",19610604.0,",,G",,,19610614.0,",,G",19.6,",G,04,",,,38.0,",G,14,",668.2,G,0.0,",G",,,2.934,",G",3.558,",,,G",2.309,",,,G"
AG000060680,1961-07-01,22.8,5.4331,1362.0,"TAMANRASSET, AG",992.0,G,283.9,",G",0.0,"1,I",0.0,"1,I",0.0,"1,I",0.0,",G",0.0,",G",0.0,",G",31.0,",G",29.0,",G",19610730.0,",,G",19610731.0,"+,1,I",19610719.0,",,G",18.0,",G,30,",0.0,"1,,I,31,+",35.5,",G,19,",0.0,G,0.0,",G",0.0,"1,,,I",2.7489999999999997,",G",3.348,",,,G",2.15,",,,G"
AG000060680,1961-08-01,22.8,5.4331,1362.0,"TAMANRASSET, AG",1286.8,G,294.8,",G",2.0,"1,I",0.0,"1,I",0.0,"1,I",0.0,",G",0.0,",G",0.0,",G",31.0,",G",26.0,",G",19610823.0,",,G",19610820.0,"+,1,I",19610805.0,",,G",18.1,",G,23,",1.0,"1,,I,20,+",36.1,",G,05,",0.0,G,0.0,",G",2.0,"1,,,I",2.784,",G",3.372,",,,G",2.197,",,,G"
AG000060680,1961-09-01,22.8,5.4331,1362.0,"TAMANRASSET, AG",1507.5,G,220.7,",G",2.0,"3,I",0.0,"3,I",0.0,"3,I",0.0,",G",0.0,",G",0.0,",G",30.0,",G",13.0,",G",19610928.0,",,G",19610921.0,",3,I",19610918.0,",,G",15.4,",G,28,",2.0,"3,,I,21,",33.9,",G,18,",0.0,G,0.0,",G",3.0,"3,,,I",2.569,",G",3.197,",,,G",1.941,",,,G"
AG000060680,1961-10-01,22.8,5.4331,1362.0,"TAMANRASSET, AG",1637.7,G,130.2,",G",1.0,"1,I",0.0,"1,I",0.0,"1,I",0.0,",G",0.0,",G",0.0,",G",31.0,",G",0.0,",G",19611030.0,",,G",19611014.0,",1,I",19611005.0,",,G",12.0,",G,30,",1.0,"1,,I,14,",31.9,",G,05,",0.0,G,0.0,",G",1.0,"1,,,I",2.253,",G",2.9059999999999997,",,,G",1.6010000000000002,",,,G"
AG000060680,1961-11-01,22.8,5.4331,1362.0,"TAMANRASSET, AG",1650.9,G,13.2,",G",0.0,",I",0.0,",I",0.0,",I",0.0,",G",0.0,",G",0.0,",G",30.0,",G",0.0,",G",19611115.0,",,G",19611130.0,"+,,I",19611121.0,",,G",8.1,",G,15,",0.0,",,I,30,+",27.8,",G,21,",9.0,G,9.0,",G",0.0,",,,I",1.848,",G",2.596,",,,G",1.099,",,,G"
AG000060680,1961-12-01,22.8,5.4331,1362.0,"TAMANRASSET, AG",1650.9,G,0.0,",G",0.0,",I",0.0,",I",0.0,",I",0.0,",G",0.0,",G",0.0,",G",20.0,",G",0.0,",G",19611228.0,",,G",19611231.0,"+,,I",19611231.0,",,G",0.7,",G,28,",0.0,",,I,31,+",25.1,",G,31,",154.6,G,145.6,",G",0.0,",,,I",1.364,",G",2.166,",,,G",0.562,",,,G"
AG000060680,1962-01-01,22.8,5.4331,1362.0,"TAMANRASSET, AG",0.0,G,0.0,",G",0.0,",I",0.0,",I",0.0,",I",0.0,",G",1.0,",G",0.0,",G",14.0,",G",0.0,",G",19620122.0,",,G",19620131.0,"+,,I",19620104.0,",,G",-1.7,",G,22,",0.0,",,I,31,+",26.0,",G,04,",306.4,G,151.8,",G",0.0,",,,I",1.3439999999999999,",G",2.148,",,,G",0.5389999999999999,",,,G"
AG000060680,1962-02-01,22.8,5.4331,1362.0,"TAMANRASSET, AG",3.8,G,3.8,",G",0.0,"1,I",0.0,"1,I",0.0,"1,I",0.0,",G",4.0,",G",0.0,",G",16.0,",G",0.0,",G",19620206.0,",,G",19620228.0,"+,1,I",19620225.0,",,G",-1.8,",G,06,",0.0,"1,,I,28,+",25.6,",G,25,",429.9,G,123.5,",G",0.0,"1,,,I",1.4060000000000001,",G",2.125,",,,G",0.687,",,,G"
AG000060680,1962-03-01,22.8,5.4331,1362.0,"TAMANRASSET, AG",11.6,G,7.8,",G",0.0,"2,I",0.0,"2,I",0.0,"2,I",0.0,",G",0.0,",G",0.0,",G",29.0,",G",0.0,",G",19620315.0,",,G",19620331.0,"+,2,I",19620310.0,",,G",1.6,",G,15,",0.0,"2,,I,31,+",27.7,",G,10,",483.5,G,53.6,",G",0.0,"2,,,I",1.685,",G",2.4690000000000003,",,,G",0.9019999999999999,",,,G"
AG000060680,1962-04-01,22.8,5.4331,1362.0,"TAMANRASSET, AG",98.2,G,86.6,",G",2.0,",I",1.0,",I",0.0,",I",0.0,",G",0.0,",G",0.0,",G",29.0,",G",0.0,",G",19620422.0,",,G",19620420.0,",,I",19620430.0,"+,,G",6.4,",G,22,",3.0,",,I,20,",31.7,",G,30,+",490.4,G,6.9,",G",4.0,",,,I",2.0989999999999998,",G",2.794,",,,G",1.404,",,,G"
AG000060680,1962-05-01,22.8,5.4331,1362.0,"TAMANRASSET, AG",322.5,G,224.3,",G",0.0,"1,I",0.0,"1,I",0.0,"1,I",0.0,",G",0.0,",G",0.0,",G",31.0,",G",19.0,",G",19620504.0,",,G",19620531.0,"+,1,I",19620531.0,",,G",9.6,",G,04,",0.0,"1,,I,31,+",37.7,",G,31,",490.4,G,0.0,",G",0.0,"1,,,I",2.557,",G",3.2960000000000003,",,,G",1.818,",,,G"
AG000060680,1962-06-01,22.8,5.4331,1362.0,"TAMANRASSET, AG",615.2,G,292.7,",G",1.0,"4,I",1.0,"4,I",0.0,"4,I",0.0,",G",0.0,",G",0.0,",G",30.0,",G",29.0,",G",19620618.0,",,G",19620609.0,",4,I",19620601.0,",,G",19.1,",G,18,",4.0,"4,,I,09,",37.9,",G,01,",490.4,G,0.0,",G",4.0,"4,,,I",2.809,",G",3.469,",,,G",2.149,",,,G"
AG000060680,1962-07-01,22.8,5.4331,1362.0,"TAMANRASSET, AG",926.8,G,311.6,",G",1.0,"3,I",1.0,"3,I",0.0,"3,I",0.0,",G",0.0,",G",0.0,",G",31.0,",G",28.0,",G",19620730.0,",,G",19620729.0,",3,I",19620719.0,"+,,G",18.4,",G,30,",11.0,"3,,I,29,",36.7,",G,19,+",0.0,G,0.0,",G",11.0,"3,,,I",2.839,",G",3.4189999999999996,",,,G",2.258,",,,G"
AG000060680,1962-08-01,22.8,5.4331,1362.0,"TAMANRASSET, AG",1210.0,G,283.2,",G",0.0,"5,I",0.0,"5,I",0.0,"5,I",0.0,",G",0.0,",G",0.0,",G",31.0,",G",29.0,",G",19620825.0,",,G",19620831.0,"+,5,I",19620815.0,",,G",17.9,",G,25,",0.0,"5,,I,31,+",34.8,",G,15,",0.0,G,0.0,",G",0.0,"5,,,I",2.747,",G",3.35,",,,G",2.143,",,,G"
AG000060680,1962-09-01,22.8,5.4331,1362.0,"TAMANRASSET, AG",1471.2,G,261.2,",G",1.0,"4,I",0.0,"4,I",0.0,"4,I",0.0,",G",0.0,",G",0.0,",G",30.0,",G",22.0,",G",19620929.0,"+,,G",19620905.0,",4,I",19620909.0,",,G",17.2,",G,29,+",1.0,"4,,I,05,",34.8,",G,09,",0.0,G,0.0,",G",1.0,"4,,,I",2.7039999999999997,",G",3.287,",,,G",2.121,",,,G"
AG000060680,1962-10-01,22.8,5.4331,1362.0,"TAMANRASSET, AG",1613.7,G,142.5,",G",0.0,",I",0.0,",I",0.0,",I",0.0,",G",0.0,",G",0.0,",G",31.0,",G",1.0,",G",19621031.0,",,G",19621031.0,"+,,I",19621006.0,",,G",11.2,",G,31,",0.0,",,I,31,+",32.6,",G,06,",0.0,G,0.0,",G",0.0,",,,I",2.293,",G",2.934,",,,G",1.6510000000000002,",,,G"
AG000060680,1962-11-01,22.8,5.4331,1362.0,"TAMANRASSET, AG",1647.3,G,33.6,",G",1.0,"4,I",1.0,"4,I",0.0,"4,I",0.0,",G",0.0,",G",0.0,",G",30.0,",G",0.0,",G",19621124.0,",,G",19621120.0,",4,I",19621110.0,",,G",6.6,",G,24,",7.0,"4,,I,20,",27.7,",G,10,",15.8,G,15.8,",G",7.0,"4,,,I",1.893,",G",2.513,",,,G",1.272,",,,G"
AG000060680,1962-12-01,22.8,5.4331,1362.0,"TAMANRASSET, AG",1647.5,G,0.2,"2,G",1.0,",I",0.0,",I",0.0,",I",0.0,"1,G",1.0,"1,G",0.0,"1,G",15.0,"1,G",0.0,"1,G",19621218.0,",1,G",19621216.0,",,I",19621230.0,",1,G",-1.0,"1,G,18,",1.0,",,I,16,",25.3,"1,G,30,",152.0,G,136.2,"1,G",1.0,",,,I",1.3539999999999999,"2,G",2.091,"1,,,G",0.617,"1,,,G"
AG000060680,1963-01-01,22.8,5.4331,1362.0,"TAMANRASSET, AG",0.0,G,0.0,",G",0.0,",I",0.0,",I",0.0,",I",0.0,",G",0.0,",G",0.0,",G",26.0,",G",0.0,",G",19630122.0,",,G",19630131.0,"+,,I",19630124.0,",,G",2.0,",G,22,",0.0,",,I,31,+",26.6,",G,24,",246.1,G,94.1,",G",0.0,",,,I",1.53,",G",2.31,",,,G",0.75,",,,G"
AG000060680,1963-02-01,22.8,5.4331,1362.0,"TAMANRASSET, AG",9.5,G,9.5,",G",0.0,"2,I",0.0,"2,I",0.0,"2,I",0.0,",G",0.0,",G",0.0,",G",27.0,",G",0.0,",G",19630226.0,",,G",19630228.0,"+,2,I",19630221.0,",,G",6.7,",G,26,",0.0,"2,,I,28,+",30.2,",G,21,",274.1,G,28.0,",G",0.0,"2,,,I",1.7670000000000001,",G",2.532,",,,G",1.002,",,,G"
AG000060680,1963-03-01,22.8,5.4331,1362.0,"TAMANRASSET, AG",16.5,G,7.0,",G",0.0,"1,I",0.0,"1,I",0.0,"1,I",0.0,",G",0.0,",G",0.0,",G",25.0,",G",0.0,",G",19630328.0,",,G",19630331.0,"+,1,I",19630331.0,",,G",3.4,",G,28,",0.0,"1,,I,31,+",28.3,",G,31,",332.1,G,58.0,",G",0.0,"1,,,I",1.669,",G",2.425,",,,G",0.913,",,,G"
AG000060680,1963-04-01,22.8,5.4331,1362.0,"TAMANRASSET, AG",127.0,G,110.5,",G",0.0,"2,I",0.0,"2,I",0.0,"2,I",0.0,",G",0.0,",G",0.0,",G",30.0,",G",1.0,",G",19630408.0,",,G",19630430.0,"+,2,I",19630426.0,",,G",9.1,",G,08,",0.0,"2,,I,30,+",32.6,",G,26,",332.1,G,0.0,",G",0.0,"2,,,I",2.202,",G",2.9379999999999997,",,,G",1.465,",,,G"
AG000060680,1963-05-01,22.8,5.4331,1362.0,"TAMANRASSET, AG",272.9,G,145.9,",G",0.0,"1,I",0.0,"1,I",0.0,"1,I",0.0,",G",0.0,",G",0.0,",G",31.0,",G",6.0,",G",19630510.0,",,G",19630531.0,"+,1,I",19630519.0,",,G",11.6,",G,10,",0.0,"1,,I,31,+",34.3,",G,19,",332.1,G,0.0,",G",0.0,"1,,,I",2.304,",G",3.021,",,,G",1.587,",,,G"
AG000060680,1963-06-01,22.8,5.4331,1362.0,"TAMANRASSET, AG",551.3,G,278.4,",G",0.0,",I",0.0,",I",0.0,",I",0.0,",G",0.0,",G",0.0,",G",30.0,",G",28.0,",G",19630604.0,",,G",19630630.0,"+,,I",19630618.0,",,G",14.9,",G,04,",0.0,",,I,30,+",38.0,",G,18,",332.1,G,0.0,",G",0.0,",,,I",2.761,",G",3.464,",,,G",2.058,",,,G"
AG000060680,1963-07-01,22.8,5.4331,1362.0,"TAMANRASSET, AG",881.8,G,330.5,",G",1.0,"4,I",0.0,"4,I",0.0,"4,I",0.0,",G",0.0,",G",0.0,",G",31.0,",G",31.0,",G",19630714.0,",,G",19630723.0,",4,I",19630710.0,",,G",18.6,",G,14,",1.0,"4,,I,23,",36.6,",G,10,",0.0,G,0.0,",G",1.0,"4,,,I",2.9,",G",3.4979999999999998,",,,G",2.301,",,,G"
AG000060680,1963-08-01,22.8,5.4331,1362.0,"TAMANRASSET, AG",1190.8,G,309.0,",G",0.0,"1,I",0.0,"1,I",0.0,"1,I",0.0,",G",0.0,",G",0.0,",G",31.0,",G",31.0,",G",19630823.0,",,G",19630831.0,"+,1,I",19630815.0,",,G",19.1,",G,23,",0.0,"1,,I,31,+",36.7,",G,15,",0.0,G,0.0,",G",0.0,"1,,,I",2.83,",G",3.479,",,,G",2.181,",,,G"
AG000060680,1963-09-01,22.8,5.4331,1362.0,"TAMANRASSET, AG",1464.7,G,273.9,",G",3.0,"4,I",1.0,"4,I",0.0,"4,I",0.0,",G",0.0,",G",0.0,",G",30.0,",G",25.0,",G",19630927.0,",,G",19630910.0,",4,I",19630915.0,",,G",16.6,",G,27,",3.0,"4,,I,10,",35.5,",G,15,",0.0,G,0.0,",G",5.0,"4,,,I",2.746,",G",3.354,",,,G",2.1390000000000002,",,,G"
AG000060680,1963-10-01,22.8,5.4331,1362.0,"TAMANRASSET, AG",1551.0,G,86.3,",G",4.0,"5,I",3.0,"5,I",0.0,"5,I",0.0,",G",0.0,",G",0.0,",G",30.0,",G",1.0,",G",19631028.0,",,G",19631020.0,",5,I",19631005.0,",,G",12.0,",G,28,",21.0,"5,,I,20,",32.2,",G,05,",2.2,G,2.2,",G",35.0,"5,,,I",2.105,",G",2.6559999999999997,",,,G",1.553,",,,G"
AG000060680,1963-11-01,22.8,5.4331,1362.0,"TAMANRASSET, AG",1566.7,G,15.7,",G",0.0,"1,I",0.0,"1,I",0.0,"1,I",0.0,",G",0.0,",G",0.0,",G",26.0,",G",0.0,",G",19631129.0,",,G",19631130.0,"+,1,I",19631103.0,",,G",6.0,",G,29,",0.0,"1,,I,30,+",28.0,",G,03,",61.3,G,59.1,",G",0.0,"1,,,I",1.689,",G",2.369,",,,G",1.008,",,,G"
AG000060680,1963-12-01,22.8,5.4331,1362.0,"TAMANRASSET, AG",1566.7,G,0.0,",G",0.0,",I",0.0,",I",0.0,",I",0.0,",G",0.0,",G",0.0,",G",26.0,",G",0.0,",G",19631225.0,",,G",19631231.0,"+,,I",19631207.0,",,G",1.1,",G,25,",0.0,",,I,31,+",25.2,",G,07,",168.8,G,107.5,",G",0.0,",,,I",1.4869999999999999,",G",2.245,",,,G",0.728,",,,G"
AG000060680,1964-01-01,22.8,5.4331,1362.0,"TAMANRASSET, AG",0.1,G,0.1,",G",0.0,"1,I",0.0,"1,I",0.0,"1,I",0.0,",G",2.0,",G",0.0,",G",11.0,",G",0.0,",G",19640130.0,",,G",19640131.0,"+,1,I",19640125.0,",,G",-2.3,",G,30,",0.0,"1,,I,31,+",24.4,",G,25,",348.2,G,179.4,",G",0.0,"1,,,I",1.2550000000000001,",G",1.975,",,,G",0.5349999999999999,",,,G"
AG000060680,1964-02-01,22.8,5.4331,1362.0,"TAMANRASSET, AG",4.0,G,3.9,",G",0.0,",I",0.0,",I",0.0,",I",0.0,",G",0.0,",G",0.0,",G",15.0,",G",0.0,",G",19640201.0,",,G",19640229.0,"+,,I",19640227.0,",,G",1.2,",G,01,",0.0,",,I,29,+",29.0,",G,27,",460.7,G,112.5,",G",0.0,",,,I",1.459,",G",2.238,",,,G",0.679,",,,G"
AG000060680,1964-03-01,22.8,5.4331,1362.0,"TAMANRASSET, AG",81.3,G,77.3,",G",0.0,",I",0.0,",I",0.0,",I",0.0,",G",0.0,",G",0.0,",G",31.0,",G",0.0,",G",19640304.0,",,G",19640331.0,"+,,I",19640311.0,",,G",6.3,",G,04,",0.0,",,I,31,+",32.1,",G,11,",465.4,G,4.7,",G",0.0,",,,I",2.067,",G",2.873,",,,G",1.262,",,,G"
AG000060680,1964-04-01,22.8,5.4331,1362.0,"TAMANRASSET, AG",163.2,G,81.9,",G",0.0,"3,I",0.0,"3,I",0.0,"3,I",0.0,",G",0.0,",G",0.0,",G",30.0,",G",0.0,",G",19640411.0,",,G",19640430.0,"+,3,I",19640420.0,",,G",6.0,",G,11,",0.0,"3,,I,30,+",32.1,",G,20,",472.3,G,6.9,",G",0.0,"3,,,I",2.0829999999999997,",G",2.803,",,,G",1.364,",,,G"
AG000060680,1964-05-01,22.8,5.4331,1362.0,"TAMANRASSET, AG",378.0,G,214.8,",G",1.0,"5,I",0.0,"5,I",0.0,"5,I",0.0,",G",0.0,",G",0.0,",G",31.0,",G",9.0,",G",19640513.0,",,G",19640517.0,",5,I",19640527.0,"+,,G",13.3,",G,13,",2.0,"5,,I,17,",34.0,",G,27,+",472.3,G,0.0,",G",2.0,"5,,,I",2.5260000000000002,",G",3.157,",,,G",1.895,",,,G"
AG000060680,1964-06-01,22.8,5.4331,1362.0,"TAMANRASSET, AG",675.8,G,297.8,",G",3.0,"5,I",0.0,"5,I",0.0,"5,I",0.0,",G",0.0,",G",0.0,",G",30.0,",G",29.0,",G",19640604.0,"+,,G",19640620.0,"+,5,I",19640630.0,",,G",19.0,",G,04,+",1.0,"5,,I,20,+",37.5,",G,30,",472.3,G,0.0,",G",3.0,"5,,,I",2.826,",G",3.468,",,,G",2.184,",,,G"
AG000060680,1964-07-01,22.8,5.4331,1362.0,"TAMANRASSET, AG",978.9,G,303.1,",G",0.0,"1,I",0.0,"1,I",0.0,"1,I",0.0,",G",0.0,",G",0.0,",G",31.0,",G",30.0,",G",19640718.0,",,G",19640731.0,"+,1,I",19640701.0,",,G",19.0,",G,18,",0.0,"1,,I,31,+",37.0,",G,01,",0.0,G,0.0,",G",0.0,"1,,,I",2.811,",G",3.3939999999999997,",,,G",2.228,",,,G"
AG000060680,1964-08-01,22.8,5.4331,1362.0,"TAMANRASSET, AG",1278.2,G,299.3,",G",0.0,"3,I",0.0,"3,I",0.0,"3,I",0.0,",G",0.0,",G",0.0,",G",31.0,",G",29.0,",G",19640826.0,",,G",19640831.0,"+,3,I",19640809.0,",,G",18.2,",G,26,",0.0,"3,,I,31,+",36.2,",G,09,",0.0,G,0.0,",G",0.0,"3,,,I",2.799,",G",3.3920000000000003,",,,G",2.205,",,,G"
AG000060680,1964-09-01,22.8,5.4331,1362.0,"TAMANRASSET, AG",1471.2,G,193.0,",G",1.0,"2,I",1.0,"2,I",0.0,"2,I",0.0,",G",0.0,",G",0.0,",G",30.0,",G",3.0,",G",19640930.0,",,G",19640914.0,",2,I",19640902.0,",,G",16.0,",G,30,",3.0,"2,,I,14,",33.1,",G,02,",0.0,G,0.0,",G",3.0,"2,,,I",2.477,",G",3.057,",,,G",1.8960000000000001,",,,G"
AG000060680,1964-10-01,22.8,5.4331,1362.0,"TAMANRASSET, AG",1548.6,G,77.4,",G",0.0,",I",0.0,",I",0.0,",I",0.0,",G",0.0,",G",0.0,",G",31.0,",G",0.0,",G",19641024.0,",,G",19641031.0,"+,,I",19641014.0,",,G",9.2,",G,24,",0.0,",,I,31,+",29.5,",G,14,",0.7,G,0.7,",G",0.0,",,,I",2.081,",G",2.729,",,,G",1.433,",,,G"
AG000060680,1964-11-01,22.8,5.4331,1362.0,"TAMANRASSET, AG",1550.3,G,1.7,",G",0.0,",I",0.0,",I",0.0,",I",0.0,",G",0.0,",G",0.0,",G",23.0,",G",0.0,",G",19641128.0,",,G",19641130.0,"+,,I",19641102.0,",,G",4.0,",G,28,",0.0,",,I,30,+",27.5,",G,02,",74.0,G,73.3,",G",0.0,",,,I",1.595,",G",2.317,",,,G",0.8720000000000001,",,,G"
AG000060680,1964-12-01,22.8,5.4331,1362.0,"TAMANRASSET, AG",1552.0,G,1.7,",G",,,,,,,0.0,",G",0.0,",G",0.0,",G",13.0,",G",0.0,",G",19641221.0,",,G",,,19641224.0,"+,,G",2.2,",G,21,",,,23.8,",G,24,+",202.1,G,128.1,",G",,,1.426,",G",2.038,",,,G",0.8140000000000001,",,,G"
AG000060680,1965-01-01,22.8,5.4331,1362.0,"TAMANRASSET, AG",3.9,G,3.9,",G",0.0,"1,I",0.0,"1,I",0.0,"1,I",0.0,",G",0.0,",G",0.0,",G",15.0,",G",0.0,",G",19650105.0,",,G",19650131.0,"+,1,I",19650129.0,",,G",0.8,",G,05,",0.0,"1,,I,31,+",25.6,",G,29,",331.4,G,129.3,",G",0.0,"1,,,I",1.4289999999999998,",G",2.105,",,,G",0.752,",,,G"
AG000060680,1965-02-01,22.8,5.4331,1362.0,"TAMANRASSET, AG",13.1,G,9.2,",G",0.0,",I",0.0,",I",0.0,",I",0.0,",G",0.0,",G",0.0,",G",20.0,",G",0.0,",G",19650212.0,",,G",19650228.0,"+,,I",19650226.0,",,G",1.9,",G,12,",0.0,",,I,28,+",29.7,",G,26,",422.4,G,91.0,",G",0.0,",,,I",1.541,",G",2.369,",,,G",0.714,",,,G"
AG000060680,1965-03-01,22.8,5.4331,1362.0,"TAMANRASSET, AG",28.3,G,15.2,",G",0.0,",I",0.0,",I",0.0,",I",0.0,",G",0.0,",G",0.0,",G",30.0,",G",0.0,",G",19650309.0,"+,,G",19650331.0,"+,,I",19650303.0,",,G",6.4,",G,09,+",0.0,",,I,31,+",29.0,",G,03,",447.6,G,25.2,",G",0.0,",,,I",1.8010000000000002,",G",2.588,",,,G",1.014,",,,G"
AG000060680,1965-04-01,22.8,5.4331,1362.0,"TAMANRASSET, AG",74.7,G,46.4,",G",2.0,",I",1.0,",I",0.0,",I",0.0,",G",0.0,",G",0.0,",G",28.0,",G",0.0,",G",19650410.0,",,G",19650407.0,",,I",19650430.0,",,G",8.0,",G,10,",3.0,",,I,07,",30.1,",G,30,",463.0,G,15.4,",G",4.0,",,,I",1.937,",G",2.66,",,,G",1.213,",,,G"
AG000060680,1965-05-01,22.8,5.4331,1362.0,"TAMANRASSET, AG",303.6,G,228.9,",G",0.0,",I",0.0,",I",0.0,",I",0.0,",G",0.0,",G",0.0,",G",31.0,",G",22.0,",G",19650503.0,",,G",19650531.0,"+,,I",19650520.0,",,G",13.5,",G,03,",0.0,",,I,31,+",36.8,",G,20,",463.0,G,0.0,",G",0.0,",,,I",2.572,",G",3.2979999999999996,",,,G",1.845,",,,G"
AG000060680,1965-06-01,22.8,5.4331,1362.0,"TAMANRASSET, AG",560.6,G,257.0,"1,G",7.0,"2,I",1.0,"2,I",0.0,"2,I",0.0,",G",0.0,",G",0.0,"1,G",29.0,"1,G",21.0,"1,G",19650601.0,",,G",19650618.0,",2,I",19650609.0,",1,G",15.4,",G,01,",3.0,"2,,I,18,",37.0,"1,G,09,",463.0,G,0.0,"1,G",11.0,"2,,,I",2.715,"1,G",3.347,"1,,,G",2.084,",,,G"
AG000060680,1965-07-01,22.8,5.4331,1362.0,"TAMANRASSET, AG",863.0,G,302.4,",G",0.0,"1,I",0.0,"1,I",0.0,"1,I",0.0,",G",0.0,",G",0.0,",G",31.0,",G",31.0,",G",19650722.0,",,G",19650731.0,"+,1,I",19650726.0,",,G",19.0,",G,22,",0.0,"1,,I,31,+",35.6,",G,26,",0.0,G,0.0,",G",0.0,"1,,,I",2.809,",G",3.4240000000000004,",,,G",2.194,",,,G"
AG000060680,1965-08-01,22.8,5.4331,1362.0,"TAMANRASSET, AG",1128.6,G,265.6,",G",6.0,"1,I",4.0,"1,I",0.0,"1,I",0.0,",G",0.0,",G",0.0,",G",31.0,",G",21.0,",G",19650813.0,",,G",19650813.0,",1,I",19650802.0,",,G",17.0,",G,13,",25.0,"1,,I,13,",36.9,",G,02,",0.0,G,0.0,",G",68.0,"1,,,I",2.69,",G",3.2880000000000003,",,,G",2.092,",,,G"
AG000060680,1965-09-01,22.8,5.4331,1362.0,"TAMANRASSET, AG",1368.5,G,239.9,",G",4.0,"2,I",1.0,"2,I",0.0,"2,I",0.0,",G",0.0,",G",0.0,",G",30.0,",G",20.0,",G",19650924.0,",,G",19650908.0,",2,I",19650906.0,",,G",17.0,",G,24,",6.0,"2,,I,08,",33.8,",G,06,",0.0,G,0.0,",G",11.0,"2,,,I",2.633,",G",3.25,",,,G",2.016,",,,G"
AG000060680,1965-10-01,22.8,5.4331,1362.0,"TAMANRASSET, AG",1544.5,G,176.0,",G",2.0,"1,I",0.0,"1,I",0.0,"1,I",0.0,",G",0.0,",G",0.0,",G",31.0,",G",5.0,",G",19651024.0,",,G",19651012.0,"+,1,I",19651004.0,",,G",11.7,",G,24,",1.0,"1,,I,12,+",32.5,",G,04,",0.0,G,0.0,",G",2.0,"1,,,I",2.4010000000000002,",G",3.048,",,,G",1.7550000000000001,",,,G"
AG000060680,1965-11-01,22.8,5.4331,1362.0,"TAMANRASSET, AG",1568.2,G,23.7,",G",0.0,",I",0.0,",I",0.0,",I",0.0,",G",0.0,",G",0.0,",G",30.0,",G",0.0,",G",19651127.0,",,G",19651130.0,"+,,I",19651106.0,"+,,G",6.4,",G,27,",0.0,",,I,30,+",29.2,",G,06,+",29.8,G,29.8,",G",0.0,",,,I",1.813,",G",2.556,",,,G",1.0699999999999998,",,,G"
AG000060680,1965-12-01,22.8,5.4331,1362.0,"TAMANRASSET, AG",1569.4,G,1.2,",G",0.0,",I",0.0,",I",0.0,",I",0.0,",G",1.0,",G",0.0,",G",21.0,",G",0.0,",G",19651231.0,",,G",19651231.0,"+,,I",19651228.0,",,G",-2.0,",G,31,",0.0,",,I,31,+",24.4,",G,28,",178.2,G,148.4,",G",0.0,",,,I",1.359,",G",2.1399999999999997,",,,G",0.577,",,,G"
AG000060680,1966-01-01,22.8,5.4331,1362.0,"TAMANRASSET, AG",0.2,G,0.2,",G",0.0,",I",0.0,",I",0.0,",I",0.0,",G",0.0,",G",0.0,",G",25.0,",G",0.0,",G",19660101.0,",,G",19660131.0,"+,,I",19660125.0,",,G",2.0,",G,01,",0.0,",,I,31,+",26.4,",G,25,",300.4,G,122.2,",G",0.0,",,,I",1.44,",G",2.303,",,,G",0.577,",,,G"
AG000060680,1966-02-01,22.8,5.4331,1362.0,"TAMANRASSET, AG",3.2,G,3.0,",G",0.0,",I",0.0,",I",0.0,",I",0.0,",G",0.0,",G",0.0,",G",24.0,",G",0.0,",G",19660211.0,",,G",19660228.0,"+,,I",19660218.0,",,G",3.4,",G,11,",0.0,",,I,28,+",28.2,",G,18,",361.6,G,61.2,",G",0.0,",,,I",1.625,",G",2.461,",,,G",0.79,",,,G"
AG000060680,1966-03-01,22.8,5.4331,1362.0,"TAMANRASSET, AG",18.7,G,15.5,",G",0.0,"1,I",0.0,"1,I",0.0,"1,I",0.0,",G",0.0,",G",0.0,",G",31.0,",G",0.0,",G",19660312.0,",,G",19660331.0,"+,1,I",19660330.0,",,G",5.2,",G,12,",0.0,"1,,I,31,+",28.2,",G,30,",416.9,G,55.3,",G",0.0,"1,,,I",1.705,",G",2.492,",,,G",0.9179999999999999,",,,G"
AG000060680,1966-04-01,22.8,5.4331,1362.0,"TAMANRASSET, AG",138.5,G,119.8,",G",0.0,"1,I",0.0,"1,I",0.0,"1,I",0.0,",G",0.0,",G",0.0,",G",30.0,",G",10.0,",G",19660404.0,",,G",19660430.0,"+,1,I",19660419.0,",,G",7.9,",G,04,",0.0,"1,,I,30,+",33.8,",G,19,",417.8,G,0.9,",G",0.0,"1,,,I",2.23,",G",3.005,",,,G",1.454,",,,G"
AG000060680,1966-05-01,22.8,5.4331,1362.0,"TAMANRASSET, AG",330.9,G,192.4,",G",3.0,",I",2.0,",I",0.0,",I",0.0,",G",0.0,",G",0.0,",G",31.0,",G",9.0,",G",19660507.0,",,G",19660513.0,",,I",19660531.0,",,G",13.7,",G,07,",17.0,",,I,13,",35.2,",G,31,",417.8,G,0.0,",G",23.0,",,,I",2.4539999999999997,",G",3.149,",,,G",1.759,",,,G"
AG000060680,1966-06-01,22.8,5.4331,1362.0,"TAMANRASSET, AG",654.6,G,323.7,",G",0.0,"1,I",0.0,"1,I",0.0,"1,I",0.0,",G",0.0,",G",0.0,",G",30.0,",G",30.0,",G",19660603.0,",,G",19660630.0,"+,1,I",19660604.0,",,G",18.5,",G,03,",0.0,"1,,I,30,+",37.0,",G,04,",417.8,G,0.0,",G",0.0,"1,,,I",2.912,",G",3.5159999999999996,",,,G",2.309,",,,G"
AG000060680,1966-07-01,22.8,5.4331,1362.0,"TAMANRASSET, AG",988.6,G,334.0,",G",0.0,"1,I",0.0,"1,I",0.0,"1,I",0.0,",G",0.0,",G",0.0,",G",31.0,",G",31.0,",G",19660714.0,",,G",19660731.0,"+,1,I",19660728.0,",,G",18.6,",G,14,",0.0,"1,,I,31,+",38.2,",G,28,",0.0,G,0.0,",G",0.0,"1,,,I",2.911,",G",3.5479999999999996,",,,G",2.273,",,,G"
AG000060680,1966-08-01,22.8,5.4331,1362.0,"TAMANRASSET, AG",1290.9,G,302.3,",G",2.0,"3,I",1.0,"3,I",0.0,"3,I",0.0,",G",0.0,",G",0.0,",G",31.0,",G",29.0,",G",19660818.0,",,G",19660818.0,",3,I",19660811.0,",,G",18.2,",G,18,",7.0,"3,,I,18,",36.2,",G,11,",0.0,G,0.0,",G",9.0,"3,,,I",2.809,",G",3.41,",,,G",2.207,",,,G"
AG000060680,1966-09-01,22.8,5.4331,1362.0,"TAMANRASSET, AG",1536.7,G,245.8,",G",,,,,,,0.0,",G",0.0,",G",0.0,",G",30.0,",G",15.0,",G",19660910.0,",,G",,,19660902.0,",,G",17.9,",G,10,",,,35.2,",G,02,",0.0,G,0.0,",G",,,2.653,",G",3.217,",,,G",2.088,",,,G"
AG000060680,1966-10-01,22.8,5.4331,1362.0,"TAMANRASSET, AG",1683.8,G,147.1,",G",2.0,"3,I",0.0,"3,I",0.0,"3,I",0.0,",G",0.0,",G",0.0,",G",31.0,",G",0.0,",G",19661031.0,",,G",19661005.0,"+,3,I",19661014.0,",,G",12.1,",G,31,",1.0,"3,,I,05,+",31.5,",G,14,",0.0,G,0.0,",G",2.0,"3,,,I",2.308,",G",2.914,",,,G",1.702,",,,G"
AG000060680,1966-11-01,22.8,5.4331,1362.0,"TAMANRASSET, AG",1706.8,G,23.0,",G",0.0,",I",0.0,",I",0.0,",I",0.0,",G",0.0,",G",0.0,",G",30.0,",G",0.0,",G",19661120.0,",,G",19661130.0,"+,,I",19661109.0,",,G",6.8,",G,20,",0.0,",,I,30,+",29.4,",G,09,",17.5,G,17.5,",G",0.0,",,,I",1.8519999999999999,",G",2.6,",,,G",1.1039999999999999,",,,G"
AG000060680,1966-12-01,22.8,5.4331,1362.0,"TAMANRASSET, AG",1706.8,G,0.0,",G",0.0,",I",0.0,",I",0.0,",I",0.0,",G",0.0,",G",0.0,",G",16.0,",G",0.0,",G",19661208.0,",,G",19661231.0,"+,,I",19661201.0,",,G",2.3,",G,08,",0.0,",,I,31,+",24.8,",G,01,",150.6,G,133.1,",G",0.0,",,,I",1.404,",G",2.174,",,,G",0.635,",,,G"
AG000060680,1967-01-01,22.8,5.4331,1362.0,"TAMANRASSET, AG",0.0,G,0.0,",G",0.0,",I",0.0,",I",0.0,",I",0.0,",G",0.0,",G",0.0,",G",5.0,",G",0.0,",G",19670114.0,",,G",19670131.0,"+,,I",19670110.0,",,G",0.9,",G,14,",0.0,",,I,31,+",25.8,",G,10,",358.4,G,207.8,",G",0.0,",,,I",1.163,",G",1.9469999999999998,",,,G",0.379,",,,G"
AG000060680,1967-02-01,22.8,5.4331,1362.0,"TAMANRASSET, AG",2.4,G,2.4,",G",0.0,"1,I",0.0,"1,I",0.0,"1,I",0.0,",G",0.0,",G",0.0,",G",20.0,",G",0.0,",G",19670214.0,",,G",19670228.0,"+,1,I",19670226.0,",,G",4.2,",G,14,",0.0,"1,,I,28,+",25.7,",G,26,",444.9,G,86.5,",G",0.0,"1,,,I",1.533,",G",2.159,",,,G",0.907,",,,G"
AG000060680,1967-03-01,22.8,5.4331,1362.0,"TAMANRASSET, AG",23.8,G,21.4,",G",0.0,"2,I",0.0,"2,I",0.0,"2,I",0.0,",G",0.0,",G",0.0,",G",31.0,",G",0.0,",G",19670312.0,",,G",19670331.0,"+,2,I",19670312.0,",,G",7.3,",G,12,",0.0,"2,,I,31,+",28.1,",G,12,",459.9,G,15.0,",G",0.0,"2,,,I",1.8539999999999999,",G",2.5309999999999997,",,,G",1.177,",,,G"
AG000060680,1967-04-01,22.8,5.4331,1362.0,"TAMANRASSET, AG",151.7,G,127.9,",G",2.0,"5,I",0.0,"5,I",0.0,"5,I",0.0,",G",0.0,",G",0.0,",G",30.0,",G",5.0,",G",19670426.0,",,G",19670422.0,"+,5,I",19670419.0,",,G",10.2,",G,26,",1.0,"5,,I,22,+",33.1,",G,19,",460.4,G,0.5,",G",2.0,"5,,,I",2.258,",G",2.914,",,,G",1.6019999999999999,",,,G"
AG000060680,1967-05-01,22.8,5.4331,1362.0,"TAMANRASSET, AG",404.3,G,252.6,",G",0.0,"2,I",0.0,"2,I",0.0,"2,I",0.0,",G",0.0,",G",0.0,",G",31.0,",G",25.0,",G",19670523.0,",,G",19670531.0,"+,2,I",19670513.0,",,G",15.4,",G,23,",0.0,"2,,I,31,+",35.1,",G,13,",460.4,G,0.0,",G",0.0,"2,,,I",2.648,",G",3.3259999999999996,",,,G",1.971,",,,G"
AG000060680,1967-06-01,22.8,5.4331,1362.0,"TAMANRASSET, AG",694.0,G,289.7,",G",1.0,"5,I",1.0,"5,I",0.0,"5,I",0.0,",G",0.0,",G",0.0,",G",30.0,",G",29.0,",G",19670602.0,",,G",19670609.0,",5,I",19670618.0,",,G",16.0,",G,02,",3.0,"5,,I,09,",37.9,",G,18,",460.4,G,0.0,",G",3.0,"5,,,I",2.799,",G",3.4899999999999998,",,,G",2.1079999999999997,",,,G"
AG000060680,1967-07-01,22.8,5.4331,1362.0,"TAMANRASSET, AG",980.6,G,286.6,",G",4.0,"2,I",2.0,"2,I",0.0,"2,I",0.0,",G",0.0,",G",0.0,",G",31.0,",G",25.0,",G",19670701.0,",,G",19670728.0,",2,I",19670711.0,",,G",17.8,",G,01,",19.0,"2,,I,28,",36.0,",G,11,",0.0,G,0.0,",G",27.0,"2,,,I",2.758,",G",3.364,",,,G",2.152,",,,G"
AG000060680,1967-08-01,22.8,5.4331,1362.0,"TAMANRASSET, AG",1270.7,G,290.1,",G",,,,,,,0.0,",G",0.0,",G",0.0,",G",31.0,",G",27.0,",G",19670830.0,"+,,G",,,19670815.0,"+,,G",19.4,",G,30,+",,,34.8,",G,15,+",0.0,G,0.0,",G",,,2.769,",G",3.321,",,,G",2.218,",,,G"
AG000060680,1967-09-01,22.8,5.4331,1362.0,"TAMANRASSET, AG",1529.3,G,258.6,",G",1.0,"5,I",0.0,"5,I",0.0,"5,I",0.0,",G",0.0,",G",0.0,",G",30.0,",G",20.0,",G",19670930.0,",,G",19670925.0,",5,I",19670915.0,",,G",16.9,",G,30,",1.0,"5,,I,25,",35.7,",G,15,",0.0,G,0.0,",G",1.0,"5,,,I",2.695,",G",3.2920000000000003,",,,G",2.098,",,,G"
AG000060680,1967-10-01,22.8,5.4331,1362.0,"TAMANRASSET, AG",1633.7,G,104.4,",G",0.0,"3,I",0.0,"3,I",0.0,"3,I",0.0,",G",0.0,",G",0.0,",G",31.0,",G",0.0,",G",19671030.0,"+,,G",19671031.0,"+,3,I",19671005.0,",,G",9.3,",G,30,+",0.0,"3,,I,31,+",31.3,",G,05,",2.3,G,2.3,",G",0.0,"3,,,I",2.163,",G",2.8280000000000003,",,,G",1.497,",,,G"
AG000060680,1967-11-01,22.8,5.4331,1362.0,"TAMANRASSET, AG",1659.8,G,26.1,",G",0.0,",I",0.0,",I",0.0,",I",0.0,",G",0.0,",G",0.0,",G",28.0,",G",0.0,",G",19671130.0,",,G",19671130.0,"+,,I",19671109.0,",,G",1.3,",G,30,",0.0,",,I,30,+",27.7,",G,09,",40.3,G,38.0,",G",0.0,",,,I",1.794,",G",2.478,",,,G",1.1099999999999999,",,,G"
AG000060680,1967-12-01,22.8,5.4331,1362.0,"TAMANRASSET, AG",1659.8,G,0.0,",G",1.0,"2,I",0.0,"2,I",0.0,"2,I",0.0,",G",1.0,",G",0.0,",G",11.0,",G",0.0,",G",19671228.0,",,G",19671215.0,",2,I",19671211.0,",,G",-0.4,",G,28,",1.0,"2,,I,15,",24.1,",G,11,",212.3,G,172.0,",G",1.0,"2,,,I",1.279,",G",1.9760000000000002,",,,G",0.581,",,,G"
AG000060680,1968-01-01,22.8,5.4331,1362.0,"TAMANRASSET, AG",0.0,G,0.0,",G",0.0,",I",0.0,",I",0.0,",I",0.0,",G",3.0,",G",0.0,",G",0.0,",G",0.0,",G",19680108.0,",,G",19680131.0,"+,,I",19680113.0,",,G",-1.1,",G,08,",0.0,",,I,31,+",20.9,",G,13,",445.7,G,233.4,",G",0.0,",,,I",1.08,",G",1.832,",,,G",0.329,",,,G"
AG000060680,1968-02-01,22.8,5.4331,1362.0,"TAMANRASSET, AG",5.2,G,5.2,",G",3.0,"1,I",2.0,"1,I",0.0,"1,I",0.0,",G",0.0,",G",0.0,",G",21.0,",G",0.0,",G",19680208.0,",,G",19680205.0,",1,I",19680226.0,",,G",6.0,",G,08,",8.0,"1,,I,05,",28.3,",G,26,",523.1,G,77.4,",G",14.0,"1,,,I",1.584,",G",2.257,",,,G",0.9109999999999999,",,,G"
AG000060680,1968-03-01,22.8,5.4331,1362.0,"TAMANRASSET, AG",54.1,G,48.9,",G",0.0,"1,I",0.0,"1,I",0.0,"1,I",0.0,",G",0.0,",G",0.0,",G",31.0,",G",0.0,",G",19680312.0,",,G",19680331.0,"+,1,I",19680307.0,",,G",2.9,",G,12,",0.0,"1,,I,31,+",29.4,",G,07,",558.4,G,35.3,",G",0.0,"1,,,I",1.877,",G",2.606,",,,G",1.1480000000000001,",,,G"
AG000060680,1968-04-01,22.8,5.4331,1362.0,"TAMANRASSET, AG",190.9,G,136.8,",G",0.0,"3,I",0.0,"3,I",0.0,"3,I",0.0,",G",0.0,",G",0.0,",G",30.0,",G",1.0,",G",19680404.0,",,G",19680430.0,"+,3,I",19680417.0,",,G",10.8,",G,04,",0.0,"3,,I,30,+",32.2,",G,17,",558.4,G,0.0,",G",0.0,"3,,,I",2.289,",G",2.991,",,,G",1.588,",,,G"
AG000060680,1968-05-01,22.8,5.4331,1362.0,"TAMANRASSET, AG",398.2,G,207.3,",G",,,,,,,0.0,",G",0.0,",G",0.0,",G",31.0,",G",16.0,",G",19680516.0,",,G",,,19680506.0,",,G",12.8,",G,16,",,,34.6,",G,06,",558.4,G,0.0,",G",,,2.502,",G",3.2049999999999996,",,,G",1.8,",,,G"
AG000060680,1968-06-01,22.8,5.4331,1362.0,"TAMANRASSET, AG",674.3,G,276.1,",G",,,,,,,0.0,",G",0.0,",G",0.0,",G",30.0,",G",22.0,",G",19680601.0,",,G",,,19680618.0,",,G",15.2,",G,01,",,,37.2,",G,18,",558.4,G,0.0,",G",,,2.754,",G",3.3590000000000004,",,,G",2.148,",,,G"
AG000060680,1968-07-01,22.8,5.4331,1362.0,"TAMANRASSET, AG",982.3,G,308.0,",G",0.0,"2,I",0.0,"2,I",0.0,"2,I",0.0,",G",0.0,",G",0.0,",G",31.0,",G",31.0,",G",19680730.0,",,G",19680731.0,"+,2,I",19680723.0,",,G",19.7,",G,30,",0.0,"2,,I,31,+",35.6,",G,23,",0.0,G,0.0,",G",0.0,"2,,,I",2.827,",G",3.4130000000000003,",,,G",2.241,",,,G"
AG000060680,1968-08-01,22.8,5.4331,1362.0,"TAMANRASSET, AG",1287.3,G,305.0,",G",3.0,"2,I",0.0,"2,I",0.0,"2,I",0.0,",G",0.0,",G",0.0,",G",31.0,",G",30.0,",G",19680826.0,",,G",19680825.0,",2,I",19680818.0,"+,,G",17.5,",G,26,",2.0,"2,,I,25,",37.2,",G,18,+",0.0,G,0.0,",G",4.0,"2,,,I",2.817,",G",3.4619999999999997,",,,G",2.173,",,,G"
AG000060680,1968-09-01,22.8,5.4331,1362.0,"TAMANRASSET, AG",1533.6,G,246.3,",G",3.0,"2,I",3.0,"2,I",0.0,"2,I",0.0,",G",0.0,",G",0.0,",G",30.0,",G",22.0,",G",19680913.0,",,G",19680912.0,",2,I",19680901.0,",,G",16.0,",G,13,",13.0,"2,,I,12,",36.0,",G,01,",0.0,G,0.0,",G",24.0,"2,,,I",2.654,",G",3.28,",,,G",2.029,",,,G"
AG000060680,1968-10-01,22.8,5.4331,1362.0,"TAMANRASSET, AG",1637.3,G,103.7,",G",,,,,,,0.0,",G",0.0,",G",0.0,",G",31.0,",G",0.0,",G",19681031.0,",,G",,,19681006.0,",,G",12.4,",G,31,",,,30.3,",G,06,",0.0,G,0.0,",G",,,2.168,",G",2.773,",,,G",1.5630000000000002,",,,G"
AG000060680,1968-11-01,22.8,5.4331,1362.0,"TAMANRASSET, AG",1654.0,G,16.7,",G",0.0,",I",0.0,",I",0.0,",I",0.0,",G",0.0,",G",0.0,",G",30.0,",G",0.0,",G",19681129.0,",,G",19681130.0,"+,,I",19681101.0,",,G",5.7,",G,29,",0.0,",,I,30,+",27.9,",G,01,",22.0,G,22.0,",G",0.0,",,,I",1.816,",G",2.607,",,,G",1.024,",,,G"
AG000060680,1968-12-01,22.8,5.4331,1362.0,"TAMANRASSET, AG",1654.0,G,0.0,",G",0.0,"1,I",0.0,"1,I",0.0,"1,I",0.0,",G",0.0,",G",0.0,",G",24.0,",G",0.0,",G",19681227.0,",,G",19681231.0,"+,1,I",19681220.0,",,G",0.9,",G,27,",0.0,"1,,I,31,+",25.5,",G,20,",155.3,G,133.3,",G",0.0,"1,,,I",1.403,",G",2.206,",,,G",0.601,",,,G"
AG000060680,1969-01-01,22.8,5.4331,1362.0,"TAMANRASSET, AG",0.0,G,0.0,",G",0.0,",I",0.0,",I",0.0,",I",0.0,",G",0.0,",G",0.0,",G",18.0,",G",0.0,",G",19690105.0,"+,,G",19690131.0,"+,,I",19690120.0,",,G",2.0,",G,05,+",0.0,",,I,31,+",24.6,",G,20,",310.0,G,154.7,",G",0.0,",,,I",1.334,",G",2.113,",,,G",0.5559999999999999,",,,G"
AG000060680,1969-02-01,22.8,5.4331,1362.0,"TAMANRASSET, AG",13.2,G,13.2,",G",0.0,",I",0.0,",I",0.0,",I",0.0,",G",0.0,",G",0.0,",G",27.0,",G",0.0,",G",19690201.0,",,G",19690228.0,"+,,I",19690221.0,",,G",3.2,",G,01,",0.0,",,I,28,+",29.1,",G,21,",338.1,G,28.1,",G",0.0,",,,I",1.78,",G",2.6260000000000003,",,,G",0.9339999999999999,",,,G"
AG000060680,1969-03-01,22.8,5.4331,1362.0,"TAMANRASSET, AG",122.7,G,109.5,",G",0.0,",I",0.0,",I",0.0,",I",0.0,",G",0.0,",G",0.0,",G",31.0,",G",3.0,",G",19690312.0,",,G",19690331.0,"+,,I",19690331.0,",,G",9.7,",G,12,",0.0,",,I,31,+",33.0,",G,31,",338.8,G,0.7,",G",0.0,",,,I",2.184,",G",2.973,",,,G",1.3960000000000001,",,,G"
AG000060680,1969-04-01,22.8,5.4331,1362.0,"TAMANRASSET, AG",245.7,G,123.0,",G",0.0,"1,I",0.0,"1,I",0.0,"1,I",0.0,",G",0.0,",G",0.0,",G",29.0,",G",6.0,",G",19690414.0,",,G",19690430.0,"+,1,I",19690427.0,"+,,G",6.0,",G,14,",0.0,"1,,I,30,+",33.5,",G,27,+",356.6,G,17.8,",G",0.0,"1,,,I",2.184,",G",2.843,",,,G",1.525,",,,G"
AG000060680,1969-05-01,22.8,5.4331,1362.0,"TAMANRASSET, AG",492.8,G,247.1,",G",0.0,"2,I",0.0,"2,I",0.0,"2,I",0.0,",G",0.0,",G",0.0,",G",31.0,",G",22.0,",G",19690501.0,",,G",19690531.0,"+,2,I",19690526.0,",,G",12.9,",G,01,",0.0,"2,,I,31,+",36.8,",G,26,",356.6,G,0.0,",G",0.0,"2,,,I",2.63,",G",3.338,",,,G",1.923,",,,G"
AG000060680,1969-06-01,22.8,5.4331,1362.0,"TAMANRASSET, AG",852.9,G,360.1,",G",0.0,"5,I",0.0,"5,I",0.0,"5,I",0.0,",G",0.0,",G",0.0,",G",30.0,",G",30.0,",G",19690603.0,",,G",19690630.0,"+,5,I",19690612.0,",,G",19.8,",G,03,",0.0,"5,,I,30,+",37.9,",G,12,",356.6,G,0.0,",G",0.0,"5,,,I",3.034,",G",3.662,",,,G",2.4050000000000002,",,,G"
AG000060680,1969-07-01,22.8,5.4331,1362.0,"TAMANRASSET, AG",1176.5,G,323.6,",G",0.0,",I",0.0,",I",0.0,",I",0.0,",G",0.0,",G",0.0,",G",31.0,",G",30.0,",G",19690720.0,",,G",19690731.0,"+,,I",19690704.0,",,G",19.7,",G,20,",0.0,",,I,31,+",37.0,",G,04,",0.0,G,0.0,",G",0.0,",,,I",2.877,",G",3.441,",,,G",2.314,",,,G"
AG000060680,1969-08-01,22.8,5.4331,1362.0,"TAMANRASSET, AG",1495.7,G,319.2,",G",4.0,"2,I",2.0,"2,I",1.0,"2,I",0.0,",G",0.0,",G",0.0,",G",31.0,",G",30.0,",G",19690819.0,",,G",19690818.0,",2,I",19690826.0,"+,,G",18.6,",G,19,",26.0,"2,,I,18,",36.7,",G,26,+",0.0,G,0.0,",G",33.0,"2,,,I",2.863,",G",3.475,",,,G",2.25,",,,G"
AG000060680,1969-09-01,22.8,5.4331,1362.0,"TAMANRASSET, AG",1780.6,G,284.9,",G",1.0,",I",0.0,",I",0.0,",I",0.0,",G",0.0,",G",0.0,",G",30.0,",G",28.0,",G",19690928.0,",,G",19690904.0,",,I",19690922.0,"+,,G",18.2,",G,28,",1.0,",,I,04,",35.3,",G,22,+",0.0,G,0.0,",G",1.0,",,,I",2.783,",G",3.4219999999999997,",,,G",2.144,",,,G"
AG000060680,1969-10-01,22.8,5.4331,1362.0,"TAMANRASSET, AG",1913.1,G,132.5,",G",3.0,"2,I",2.0,"2,I",0.0,"2,I",0.0,",G",0.0,",G",0.0,",G",28.0,",G",8.0,",G",19691028.0,",,G",19691020.0,",2,I",19691001.0,",,G",8.7,",G,28,",6.0,"2,,I,20,",34.1,",G,01,",10.1,G,10.1,",G",11.0,"2,,,I",2.228,",G",2.835,",,,G",1.621,",,,G"
AG000060680,1969-11-01,22.8,5.4331,1362.0,"TAMANRASSET, AG",1929.6,G,16.5,",G",3.0,",I",3.0,",I",0.0,",I",0.0,",G",0.0,",G",0.0,",G",27.0,",G",0.0,",G",19691118.0,",,G",19691105.0,",,I",19691127.0,",,G",9.2,",G,18,",17.0,",,I,05,",28.4,",G,27,",31.1,G,21.0,",G",33.0,",,,I",1.8190000000000002,",G",2.433,",,,G",1.204,",,,G"
AG000060680,1969-12-01,22.8,5.4331,1362.0,"TAMANRASSET, AG",1932.7,G,3.1,",G",0.0,",I",0.0,",I",0.0,",I",0.0,",G",0.0,",G",0.0,",G",22.0,",G",0.0,",G",19691229.0,"+,,G",19691231.0,"+,,I",19691217.0,",,G",2.7,",G,29,+",0.0,",,I,31,+",28.2,",G,17,",148.6,G,117.5,",G",0.0,",,,I",1.464,",G",2.246,",,,G",0.683,",,,G"
AG000060680,1970-01-01,22.8,5.4331,1362.0,"TAMANRASSET, AG",0.2,G,0.2,",G",0.0,",I",0.0,",I",0.0,",I",0.0,",G",0.0,",G",0.0,",G",25.0,",G",0.0,",G",19700128.0,",,G",19700131.0,"+,,I",19700104.0,",,G",1.6,",G,28,",0.0,",,I,31,+",25.3,",G,04,",260.3,G,111.7,",G",0.0,",,,I",1.474,",G",2.2640000000000002,",,,G",0.6839999999999999,",,,G"
AG000060680,1970-02-01,22.8,5.4331,1362.0,"TAMANRASSET, AG",6.8,G,6.6,",G",0.0,",I",0.0,",I",0.0,",I",0.0,",G",0.0,",G",0.0,",G",24.0,",G",0.0,",G",19700202.0,",,G",19700228.0,"+,,I",19700217.0,",,G",2.9,",G,02,",0.0,",,I,28,+",28.2,",G,17,",331.9,G,71.6,",G",0.0,",,,I",1.6010000000000002,",G",2.41,",,,G",0.792,",,,G"
AG000060680,1970-03-01,22.8,5.4331,1362.0,"TAMANRASSET, AG",49.7,G,42.9,",G",0.0,",I",0.0,",I",0.0,",I",0.0,",G",0.0,",G",0.0,",G",29.0,",G",0.0,",G",19700307.0,",,G",19700331.0,"+,,I",19700330.0,",,G",5.4,",G,07,",0.0,",,I,31,+",31.5,",G,30,",358.7,G,26.8,",G",0.0,",,,I",1.8850000000000002,",G",2.6149999999999998,",,,G",1.155,",,,G"
AG000060680,1970-04-01,22.8,5.4331,1362.0,"TAMANRASSET, AG",167.4,G,117.7,",G",0.0,",I",0.0,",I",0.0,",I",0.0,",G",0.0,",G",0.0,",G",30.0,",G",7.0,",G",19700423.0,",,G",19700430.0,"+,,I",19700429.0,",,G",8.0,",G,23,",0.0,",,I,30,+",32.8,",G,29,",359.5,G,0.8,",G",0.0,",,,I",2.223,",G",2.978,",,,G",1.468,",,,G"
AG000060680,1970-05-01,22.8,5.4331,1362.0,"TAMANRASSET, AG",407.7,G,240.3,",G",3.0,"5,I",0.0,"5,I",0.0,"5,I",0.0,",G",0.0,",G",0.0,",G",31.0,",G",18.0,",G",19700506.0,",,G",19700525.0,",5,I",19700516.0,"+,,G",13.2,",G,06,",2.0,"5,,I,25,",37.1,",G,16,+",359.5,G,0.0,",G",4.0,"5,,,I",2.6079999999999997,",G",3.322,",,,G",1.895,",,,G"
AG000060680,1970-06-01,22.8,5.4331,1362.0,"TAMANRASSET, AG",733.5,G,325.8,",G",2.0,"1,I",1.0,"1,I",0.0,"1,I",0.0,",G",0.0,",G",0.0,",G",30.0,",G",30.0,",G",19700604.0,",,G",19700603.0,",1,I",19700616.0,",,G",17.1,",G,04,",7.0,"1,,I,03,",38.7,",G,16,",359.5,G,0.0,",G",8.0,"1,,,I",2.919,",G",3.582,",,,G",2.256,",,,G"
AG000060680,1970-07-01,22.8,5.4331,1362.0,"TAMANRASSET, AG",1057.6,G,324.1,",G",2.0,",I",1.0,",I",0.0,",I",0.0,",G",0.0,",G",0.0,",G",31.0,",G",31.0,",G",19700727.0,",,G",19700719.0,",,I",19700705.0,",,G",18.8,",G,27,",3.0,",,I,19,",37.2,",G,05,",0.0,G,0.0,",G",4.0,",,,I",2.879,",G",3.5170000000000003,",,,G",2.241,",,,G"
AG000060680,1970-08-01,22.8,5.4331,1362.0,"TAMANRASSET, AG",1367.6,G,310.0,",G",0.0,",I",0.0,",I",0.0,",I",0.0,",G",0.0,",G",0.0,",G",31.0,",G",30.0,",G",19700805.0,",,G",19700831.0,"+,,I",19700806.0,",,G",19.0,",G,05,",0.0,",,I,31,+",35.6,",G,06,",0.0,G,0.0,",G",0.0,",,,I",2.8329999999999997,",G",3.405,",,,G",2.262,",,,G"
AG000060680,1970-09-01,22.8,5.4331,1362.0,"TAMANRASSET, AG",1594.6,G,227.0,",G",1.0,"1,I",0.0,"1,I",0.0,"1,I",0.0,",G",0.0,",G",0.0,",G",30.0,",G",15.0,",G",19700914.0,",,G",19700930.0,",1,I",19700905.0,",,G",15.4,",G,14,",1.0,"1,,I,30,",34.5,",G,05,",0.0,G,0.0,",G",1.0,"1,,,I",2.59,",G",3.218,",,,G",1.9620000000000002,",,,G"
AG000060680,1970-10-01,22.8,5.4331,1362.0,"TAMANRASSET, AG",1722.9,G,128.3,",G",0.0,"1,I",0.0,"1,I",0.0,"1,I",0.0,",G",0.0,",G",0.0,",G",31.0,",G",0.0,",G",19701022.0,",,G",19701031.0,"+,1,I",19701004.0,",,G",11.3,",G,22,",0.0,"1,,I,31,+",31.2,",G,04,",1.9,G,1.9,",G",0.0,"1,,,I",2.241,",G",2.891,",,,G",1.591,",,,G"
AG000060680,1970-11-01,22.8,5.4331,1362.0,"TAMANRASSET, AG",1737.4,G,14.5,",G",0.0,",I",0.0,",I",0.0,",I",0.0,",G",0.0,",G",0.0,",G",28.0,",G",0.0,",G",19701129.0,",,G",19701130.0,"+,,I",19701115.0,",,G",6.9,",G,29,",0.0,",,I,30,+",28.3,",G,15,",30.7,G,28.8,",G",0.0,",,,I",1.786,",G",2.442,",,,G",1.1300000000000001,",,,G"
AG000060680,1970-12-01,22.8,5.4331,1362.0,"TAMANRASSET, AG",1738.4,G,1.0,",G",2.0,",I",1.0,",I",0.0,",I",0.0,",G",0.0,",G",0.0,",G",14.0,",G",0.0,",G",19701222.0,",,G",19701218.0,",,I",19701230.0,",,G",1.2,",G,22,",3.0,",,I,18,",25.2,",G,30,",163.4,G,132.7,",G",4.0,",,,I",1.408,",G",2.065,",,,G",0.751,",,,G"
AG000060680,1971-01-01,22.8,5.4331,1362.0,"TAMANRASSET, AG",0.0,G,0.0,",G",0.0,",I",0.0,",I",0.0,",I",0.0,",G",1.0,",G",0.0,",G",14.0,",G",0.0,",G",19710108.0,",,G",19710131.0,"+,,I",19710101.0,",,G",-1.3,",G,08,",0.0,",,I,31,+",23.9,",G,01,",334.5,G,171.1,",G",0.0,",,,I",1.2810000000000001,",G",2.0940000000000003,",,,G",0.46799999999999997,",,,G"
AG000060680,1971-02-01,22.8,5.4331,1362.0,"TAMANRASSET, AG",4.7,G,4.7,",G",0.0,"3,I",0.0,"3,I",0.0,"3,I",0.0,",G",0.0,",G",0.0,",G",24.0,",G",0.0,",G",19710228.0,",,G",19710228.0,"+,3,I",19710223.0,",,G",3.8,",G,28,",0.0,"3,,I,28,+",26.8,",G,23,",396.9,G,62.4,",G",0.0,"3,,,I",1.627,",G",2.343,",,,G",0.9119999999999999,",,,G"
AG000060680,1971-03-01,22.8,5.4331,1362.0,"TAMANRASSET, AG",77.3,G,72.6,",G",0.0,"1,I",0.0,"1,I",0.0,"1,I",0.0,",G",0.0,",G",0.0,",G",31.0,",G",0.0,",G",19710302.0,",,G",19710331.0,"+,1,I",19710314.0,"+,,G",2.0,",G,02,",0.0,"1,,I,31,+",30.9,",G,14,+",419.8,G,22.9,",G",0.0,"1,,,I",1.9940000000000002,",G",2.747,",,,G",1.241,",,,G"
AG000060680,1971-04-01,22.8,5.4331,1362.0,"TAMANRASSET, AG",194.5,G,117.2,",G",0.0,"3,I",0.0,"3,I",0.0,"3,I",0.0,",G",0.0,",G",0.0,",G",29.0,",G",2.0,",G",19710403.0,",,G",19710430.0,"+,3,I",19710430.0,",,G",2.5,",G,03,",0.0,"3,,I,30,+",33.1,",G,30,",429.3,G,9.5,",G",0.0,"3,,,I",2.192,",G",2.9050000000000002,",,,G",1.4789999999999999,",,,G"
AG000060680,1971-05-01,22.8,5.4331,1362.0,"TAMANRASSET, AG",420.1,G,225.6,",G",1.0,"2,I",0.0,"2,I",0.0,"2,I",0.0,",G",0.0,",G",0.0,",G",31.0,",G",22.0,",G",19710515.0,",,G",19710521.0,",2,I",19710526.0,",,G",11.5,",G,15,",2.0,"2,,I,21,",35.3,",G,26,",429.3,G,0.0,",G",2.0,"2,,,I",2.561,",G",3.285,",,,G",1.8370000000000002,",,,G"
AG000060680,1971-06-01,22.8,5.4331,1362.0,"TAMANRASSET, AG",716.1,G,296.0,",G",0.0,",I",0.0,",I",0.0,",I",0.0,",G",0.0,",G",0.0,",G",30.0,",G",29.0,",G",19710619.0,",,G",19710630.0,"+,,I",19710608.0,",,G",19.2,",G,19,",0.0,",,I,30,+",36.9,",G,08,",429.3,G,0.0,",G",0.0,",,,I",2.82,",G",3.463,",,,G",2.177,",,,G"
AG000060680,1971-07-01,22.8,5.4331,1362.0,"TAMANRASSET, AG",1022.3,G,306.2,",G",0.0,"2,I",0.0,"2,I",0.0,"2,I",0.0,",G",0.0,",G",0.0,",G",31.0,",G",30.0,",G",19710717.0,",,G",19710731.0,"+,2,I",19710725.0,",,G",19.0,",G,17,",0.0,"2,,I,31,+",37.0,",G,25,",0.0,G,0.0,",G",0.0,"2,,,I",2.821,",G",3.4450000000000003,",,,G",2.196,",,,G"
AG000060680,1971-08-01,22.8,5.4331,1362.0,"TAMANRASSET, AG",1300.4,G,278.1,",G",1.0,"2,I",1.0,"2,I",0.0,"2,I",0.0,",G",0.0,",G",0.0,",G",31.0,",G",28.0,",G",19710813.0,",,G",19710811.0,",2,I",19710809.0,",,G",18.1,",G,13,",3.0,"2,,I,11,",35.1,",G,09,",0.0,G,0.0,",G",3.0,"2,,,I",2.73,",G",3.3329999999999997,",,,G",2.127,",,,G"
AG000060680,1971-09-01,22.8,5.4331,1362.0,"TAMANRASSET, AG",1537.3,G,236.9,",G",,,,,,,0.0,",G",0.0,",G",0.0,",G",30.0,",G",14.0,",G",19710924.0,",,G",,,19710903.0,"+,,G",16.6,",G,24,",,,34.3,",G,03,+",0.0,G,0.0,",G",,,2.623,",G",3.226,",,,G",2.02,",,,G"
AG000060680,1971-10-01,22.8,5.4331,1362.0,"TAMANRASSET, AG",1619.2,G,81.9,",G",0.0,"3,I",0.0,"3,I",0.0,"3,I",0.0,",G",0.0,",G",0.0,",G",31.0,",G",0.0,",G",19711027.0,",,G",19711031.0,"+,3,I",19711001.0,",,G",9.9,",G,27,",0.0,"3,,I,31,+",31.4,",G,01,",5.9,G,5.9,",G",0.0,"3,,,I",2.0789999999999997,",G",2.732,",,,G",1.425,",,,G"
AG000060680,1971-11-01,22.8,5.4331,1362.0,"TAMANRASSET, AG",1629.2,G,10.0,",G",0.0,"1,I",0.0,"1,I",0.0,"1,I",0.0,",G",0.0,",G",0.0,",G",30.0,",G",0.0,",G",19711129.0,",,G",19711130.0,"+,1,I",19711119.0,",,G",4.4,",G,29,",0.0,"1,,I,30,+",27.0,",G,19,",39.4,G,33.5,",G",0.0,"1,,,I",1.7550000000000001,",G",2.492,",,,G",1.018,",,,G"
AG000060680,1971-12-01,22.8,5.4331,1362.0,"TAMANRASSET, AG",1633.1,G,3.9,",G",,,,,,,0.0,",G",0.0,",G",0.0,",G",26.0,",G",0.0,",G",19711211.0,",,G",,,19711205.0,",,G",2.7,",G,11,",,,25.8,",G,05,",101.6,G,62.2,",G",,,1.645,",G",2.255,",,,G",1.035,",,,G"
AG000060680,1972-01-01,22.8,5.4331,1362.0,"TAMANRASSET, AG",0.0,G,0.0,",G",0.0,"1,I",0.0,"1,I",0.0,"1,I",0.0,",G",6.0,",G",0.0,",G",15.0,",G",0.0,",G",19720125.0,",,G",19720131.0,"+,1,I",19720104.0,",,G",-2.0,",G,25,",0.0,"1,,I,31,+",25.8,",G,04,",281.1,G,179.5,",G",0.0,"1,,,I",1.254,",G",2.065,",,,G",0.44400000000000006,",,,G"
AG000060680,1972-02-01,22.8,5.4331,1362.0,"TAMANRASSET, AG",5.4,G,5.4,",G",0.0,",I",0.0,",I",0.0,",I",0.0,",G",0.0,",G",0.0,",G",26.0,",G",0.0,",G",19720204.0,",,G",19720229.0,"+,,I",19720223.0,",,G",1.8,",G,04,",0.0,",,I,29,+",27.9,",G,23,",371.1,G,90.0,",G",0.0,",,,I",1.541,",G",2.352,",,,G",0.731,",,,G"
AG000060680,1972-03-01,22.8,5.4331,1362.0,"TAMANRASSET, AG",43.6,G,38.2,",G",0.0,"1,I",0.0,"1,I",0.0,"1,I",0.0,",G",0.0,",G",0.0,",G",26.0,",G",0.0,",G",19720302.0,",,G",19720331.0,"+,1,I",19720314.0,"+,,G",2.0,",G,02,",0.0,"1,,I,31,+",29.5,",G,14,+",421.8,G,50.7,",G",0.0,"1,,,I",1.793,",G",2.545,",,,G",1.041,",,,G"
AG000060680,1972-04-01,22.8,5.4331,1362.0,"TAMANRASSET, AG",110.8,G,67.2,",G",2.0,"4,I",0.0,"4,I",0.0,"4,I",0.0,",G",0.0,",G",0.0,",G",29.0,",G",0.0,",G",19720422.0,",,G",19720418.0,",4,I",19720430.0,",,G",7.0,",G,22,",2.0,"4,,I,18,",30.5,",G,30,",426.3,G,4.5,",G",3.0,"4,,,I",2.043,",G",2.756,",,,G",1.329,",,,G"
AG000060680,1972-05-01,22.8,5.4331,1362.0,"TAMANRASSET, AG",269.9,G,159.1,",G",,,,,,,0.0,",G",0.0,",G",0.0,",G",31.0,",G",2.0,",G",19720510.0,",,G",,,19720504.0,",,G",10.5,",G,10,",,,32.4,",G,04,",426.3,G,0.0,",G",,,2.346,",G",2.98,",,,G",1.7129999999999999,",,,G"
AG000060680,1972-06-01,22.8,5.4331,1362.0,"TAMANRASSET, AG",574.8,G,304.9,",G",2.0,"2,I",0.0,"2,I",0.0,"2,I",0.0,",G",0.0,",G",0.0,",G",30.0,",G",29.0,",G",19720610.0,",,G",19720609.0,"+,2,I",19720623.0,",,G",17.1,",G,10,",1.0,"2,,I,09,+",37.9,",G,23,",426.3,G,0.0,",G",2.0,"2,,,I",2.85,",G",3.4770000000000003,",,,G",2.222,",,,G"
AG000060680,1972-07-01,22.8,5.4331,1362.0,"TAMANRASSET, AG",919.3,G,344.5,",G",0.0,",I",0.0,",I",0.0,",I",0.0,",G",0.0,",G",0.0,",G",31.0,",G",31.0,",G",19720713.0,",,G",19720731.0,"+,,I",19720704.0,",,G",20.3,",G,13,",0.0,",,I,31,+",37.6,",G,04,",0.0,G,0.0,",G",0.0,",,,I",2.945,",G",3.588,",,,G",2.302,",,,G"
AG000060680,1972-08-01,22.8,5.4331,1362.0,"TAMANRASSET, AG",1222.3,G,303.0,",G",1.0,"4,I",0.0,"4,I",0.0,"4,I",0.0,",G",0.0,",G",0.0,",G",31.0,",G",30.0,",G",19720830.0,",,G",19720820.0,",4,I",19720804.0,",,G",17.7,",G,30,",2.0,"4,,I,20,",37.2,",G,04,",0.0,G,0.0,",G",2.0,"4,,,I",2.811,",G",3.4189999999999996,",,,G",2.202,",,,G"
AG000060680,1972-09-01,22.8,5.4331,1362.0,"TAMANRASSET, AG",1487.3,G,265.0,",G",0.0,"3,I",0.0,"3,I",0.0,"3,I",0.0,",G",0.0,",G",0.0,",G",30.0,",G",28.0,",G",19720921.0,",,G",19720930.0,"+,3,I",19720904.0,",,G",18.1,",G,21,",0.0,"3,,I,30,+",35.3,",G,04,",0.0,G,0.0,",G",0.0,"3,,,I",2.717,",G",3.3810000000000002,",,,G",2.052,",,,G"
AG000060680,1972-10-01,22.8,5.4331,1362.0,"TAMANRASSET, AG",1635.0,G,147.7,",G",2.0,"3,I",0.0,"3,I",0.0,"3,I",0.0,",G",0.0,",G",0.0,",G",31.0,",G",5.0,",G",19721031.0,",,G",19721006.0,",3,I",19721003.0,",,G",9.3,",G,31,",2.0,"3,,I,06,",33.5,",G,03,",1.8,G,1.8,",G",3.0,"3,,,I",2.304,",G",2.973,",,,G",1.6350000000000002,",,,G"
AG000060680,1972-11-01,22.8,5.4331,1362.0,"TAMANRASSET, AG",1648.2,G,13.2,",G",0.0,"1,I",0.0,"1,I",0.0,"1,I",0.0,",G",0.0,",G",0.0,",G",30.0,",G",0.0,",G",19721124.0,",,G",19721130.0,"+,1,I",19721106.0,",,G",7.1,",G,24,",0.0,"1,,I,30,+",28.2,",G,06,",36.9,G,35.1,",G",0.0,"1,,,I",1.7600000000000002,",G",2.4539999999999997,",,,G",1.066,",,,G"
AG000060680,1972-12-01,22.8,5.4331,1362.0,"TAMANRASSET, AG",1648.2,G,0.0,",G",0.0,"2,I",0.0,"2,I",0.0,"2,I",0.0,",G",0.0,",G",0.0,",G",17.0,",G",0.0,",G",19721231.0,",,G",19721231.0,"+,2,I",19721220.0,",,G",0.8,",G,31,",0.0,"2,,I,31,+",24.4,",G,20,",160.8,G,123.9,",G",0.0,"2,,,I",1.434,",G",2.098,",,,G",0.769,",,,G"
AG000060680,1973-01-01,22.8,5.4331,1362.0,"TAMANRASSET, AG",0.0,G,0.0,",G",0.0,",I",0.0,",I",0.0,",I",0.0,",G",2.0,",G",0.0,",G",4.0,",G",0.0,",G",19730128.0,",,G",19730131.0,"+,,I",19730102.0,",,G",-0.5,",G,28,",0.0,",,I,31,+",22.8,",G,02,",364.8,G,204.0,",G",0.0,",,,I",1.175,",G",1.984,",,,G",0.366,",,,G"
AG000060680,1973-02-01,22.8,5.4331,1362.0,"TAMANRASSET, AG",1.1,G,1.1,",G",0.0,",I",0.0,",I",0.0,",I",0.0,",G",1.0,",G",0.0,",G",18.0,",G",0.0,",G",19730222.0,",,G",19730228.0,"+,,I",19730216.0,",,G",-0.1,",G,22,",0.0,",,I,28,+",26.0,",G,16,",482.9,G,118.1,",G",0.0,",,,I",1.415,",G",2.222,",,,G",0.609,",,,G"
AG000060680,1973-03-01,22.8,5.4331,1362.0,"TAMANRASSET, AG",22.9,G,21.8,",G",0.0,"1,I",0.0,"1,I",0.0,"1,I",0.0,",G",0.0,",G",0.0,",G",27.0,",G",0.0,",G",19730308.0,",,G",19730331.0,"+,1,I",19730322.0,",,G",2.3,",G,08,",0.0,"1,,I,31,+",30.6,",G,22,",551.9,G,69.0,",G",0.0,"1,,,I",1.6809999999999998,",G",2.507,",,,G",0.8550000000000001,",,,G"
AG000060680,1973-04-01,22.8,5.4331,1362.0,"TAMANRASSET, AG",150.3,G,127.4,",G",0.0,"1,I",0.0,"1,I",0.0,"1,I",0.0,",G",0.0,",G",0.0,",G",30.0,",G",11.0,",G",19730402.0,",,G",19730430.0,"+,1,I",19730430.0,",,G",8.5,",G,02,",0.0,"1,,I,30,+",36.7,",G,30,",557.9,G,6.0,",G",0.0,"1,,,I",2.238,",G",3.005,",,,G",1.471,",,,G"
AG000060680,1973-05-01,22.8,5.4331,1362.0,"TAMANRASSET, AG",429.3,G,279.0,",G",0.0,"2,I",0.0,"2,I",0.0,"2,I",0.0,",G",0.0,",G",0.0,",G",31.0,",G",24.0,",G",19730508.0,",,G",19730531.0,"+,2,I",19730502.0,",,G",18.5,",G,08,",0.0,"2,,I,31,+",35.8,",G,02,",557.9,G,0.0,",G",0.0,"2,,,I",2.7329999999999997,",G",3.3270000000000004,",,,G",2.1390000000000002,",,,G"
AG000060680,1973-06-01,22.8,5.4331,1362.0,"TAMANRASSET, AG",728.1,G,298.8,"3,G",0.0,"3,I",0.0,"3,I",0.0,"3,I",0.0,"3,G",0.0,"3,G",0.0,"3,G",27.0,"3,G",26.0,"3,G",19730605.0,",3,G",19730630.0,"+,3,I",19730614.0,",3,G",20.3,"3,G,05,",0.0,"3,,I,30,+",38.0,"3,G,14,",557.9,G,0.0,"3,G",0.0,"3,,,I",2.94,"3,G",3.562,"3,,,G",2.318,"3,,,G"
AG000060680,1973-07-01,22.8,5.4331,1362.0,"TAMANRASSET, AG",1022.6,G,294.5,"2,G",0.0,",I",0.0,",I",0.0,",I",0.0,"2,G",0.0,"2,G",0.0,"2,G",29.0,"2,G",27.0,"2,G",19730703.0,",2,G",19730731.0,"+,,I",19730728.0,",2,G",19.0,"2,G,03,",0.0,",,I,31,+",36.1,"2,G,28,",0.0,G,0.0,"2,G",0.0,",,,I",2.8489999999999998,"2,G",3.4619999999999997,"2,,,G",2.2350000000000003,"2,,,G"
AG000060680,1973-08-01,22.8,5.4331,1362.0,"TAMANRASSET, AG",1333.1,G,310.5,",G",0.0,"3,I",0.0,"3,I",0.0,"3,I",0.0,",G",0.0,",G",0.0,",G",31.0,",G",28.0,",G",19730824.0,",,G",19730831.0,"+,3,I",19730802.0,",,G",19.0,",G,24,",0.0,"3,,I,31,+",36.4,",G,02,",0.0,G,0.0,",G",0.0,"3,,,I",2.835,",G",3.378,",,,G",2.2920000000000003,",,,G"
AG000060680,1973-09-01,22.8,5.4331,1362.0,"TAMANRASSET, AG",1539.5,G,206.4,"3,G",0.0,"1,I",0.0,"1,I",0.0,"1,I",0.0,"3,G",0.0,"3,G",0.0,"3,G",27.0,"3,G",13.0,"3,G",19730930.0,",3,G",19730930.0,"+,1,I",19730903.0,",3,G",16.7,"3,G,30,",0.0,"1,,I,30,+",35.2,"3,G,03,",0.0,G,0.0,"3,G",0.0,"1,,,I",2.598,"3,G",3.242,"3,,,G",1.953,"3,,,G"
AG000060680,1973-11-01,22.8,5.4331,1362.0,"TAMANRASSET, AG",,,15.3,"3,G",0.0,",I",0.0,",I",0.0,",I",0.0,"3,G",0.0,"3,G",0.0,"3,G",21.0,"3,G",0.0,"3,G",19731129.0,",3,G",19731130.0,"+,,I",19731104.0,",3,G",3.9,"3,G,29,",0.0,",,I,30,+",28.0,"3,G,04,",,,45.4,"3,G",0.0,",,,I",1.722,"3,G",2.364,"3,,,G",1.08,"3,,,G"
AG000060680,1973-12-01,22.8,5.4331,1362.0,"TAMANRASSET, AG",,,0.5,"5,G",0.0,"1,I",0.0,"1,I",0.0,"1,I",0.0,"5,G",0.0,"5,G",0.0,"5,G",14.0,"5,G",0.0,"5,G",19731213.0,",5,G",19731231.0,"+,1,I",19731223.0,",5,G",0.9,"5,G,13,",0.0,"1,,I,31,+",25.6,"5,G,23,",,,103.3,"5,G",0.0,"1,,,I",1.4380000000000002,"5,G",2.09,"5,,,G",0.7849999999999999,"5,,,G"
AG000060680,1974-01-01,22.8,5.4331,1362.0,"TAMANRASSET, AG",0.0,G,0.0,",G",0.0,",I",0.0,",I",0.0,",I",0.0,",G",0.0,",G",0.0,",G",1.0,",G",0.0,",G",19740123.0,",,G",19740131.0,"+,,I",19740111.0,",,G",1.5,",G,23,",0.0,",,I,31,+",22.5,",G,11,",,,211.4,",G",0.0,",,,I",1.151,",G",1.8210000000000002,",,,G",0.481,",,,G"
AG000060680,1974-02-01,22.8,5.4331,1362.0,"TAMANRASSET, AG",0.0,G,0.0,",G",0.0,",I",0.0,",I",0.0,",I",0.0,",G",3.0,",G",0.0,",G",13.0,",G",0.0,",G",19740224.0,",,G",19740228.0,"+,,I",19740228.0,",,G",-0.9,",G,24,",0.0,",,I,28,+",25.8,",G,28,",,,155.3,",G",0.0,",,,I",1.279,",G",2.075,",,,G",0.48200000000000004,",,,G"
AG000060680,1974-03-01,22.8,5.4331,1362.0,"TAMANRASSET, AG",38.9,G,38.9,",G",0.0,"1,I",0.0,"1,I",0.0,"1,I",0.0,",G",0.0,",G",0.0,",G",29.0,",G",0.0,",G",19740312.0,",,G",19740331.0,"+,1,I",19740326.0,",,G",4.6,",G,12,",0.0,"1,,I,31,+",29.3,",G,26,",,,34.3,",G",0.0,"1,,,I",1.848,",G",2.508,",,,G",1.189,",,,G"
AG000060680,1974-04-01,22.8,5.4331,1362.0,"TAMANRASSET, AG",102.1,G,63.2,",G",0.0,"1,I",0.0,"1,I",0.0,"1,I",0.0,",G",0.0,",G",0.0,",G",30.0,",G",0.0,",G",19740401.0,",,G",19740430.0,"+,1,I",19740428.0,"+,,G",5.9,",G,01,",0.0,"1,,I,30,+",31.4,",G,28,+",,,4.3,",G",0.0,"1,,,I",2.0300000000000002,",G",2.832,",,,G",1.228,",,,G"
AG000060680,1974-05-01,22.8,5.4331,1362.0,"TAMANRASSET, AG",329.4,G,227.3,",G",1.0,",I",0.0,",I",0.0,",I",0.0,",G",0.0,",G",0.0,",G",31.0,",G",19.0,",G",19740510.0,",,G",19740507.0,",,I",19740527.0,",,G",13.4,",G,10,",1.0,",,I,07,",36.5,",G,27,",,,0.0,",G",1.0,",,,I",2.567,",G",3.268,",,,G",1.8649999999999998,",,,G"
AG000060680,1974-06-01,22.8,5.4331,1362.0,"TAMANRASSET, AG",639.7,G,310.3,",G",0.0,",I",0.0,",I",0.0,",I",0.0,",G",0.0,",G",0.0,",G",30.0,",G",30.0,",G",19740601.0,",,G",19740630.0,"+,,I",19740624.0,",,G",19.1,",G,01,",0.0,",,I,30,+",37.4,",G,24,",,,0.0,",G",0.0,",,,I",2.868,",G",3.5189999999999997,",,,G",2.216,",,,G"
AG000060680,1974-07-01,22.8,5.4331,1362.0,"TAMANRASSET, AG",947.3,G,307.6,",G",4.0,"1,I",2.0,"1,I",0.0,"1,I",0.0,",G",0.0,",G",0.0,",G",31.0,",G",29.0,",G",19740713.0,",,G",19740706.0,",1,I",19740707.0,",,G",19.1,",G,13,",5.0,"1,,I,06,",35.9,",G,07,",0.0,G,0.0,",G",10.0,"1,,,I",2.826,",G",3.3850000000000002,",,,G",2.266,",,,G"
AG000060680,1974-08-01,22.8,5.4331,1362.0,"TAMANRASSET, AG",1222.3,G,275.0,",G",1.0,"2,I",0.0,"2,I",0.0,"2,I",0.0,",G",0.0,",G",0.0,",G",31.0,",G",28.0,",G",19740826.0,",,G",19740819.0,",2,I",19740831.0,"+,,G",18.8,",G,26,",1.0,"2,,I,19,",34.9,",G,31,+",0.0,G,0.0,",G",1.0,"2,,,I",2.7199999999999998,",G",3.3259999999999996,",,,G",2.1149999999999998,",,,G"
AG000060680,1974-09-01,22.8,5.4331,1362.0,"TAMANRASSET, AG",1451.4,G,229.1,",G",5.0,"5,I",1.0,"5,I",0.0,"5,I",0.0,",G",0.0,",G",0.0,",G",30.0,",G",16.0,",G",19740918.0,",,G",19740916.0,",5,I",19740926.0,",,G",16.1,",G,18,",14.0,"5,,I,16,",34.1,",G,26,",0.0,G,0.0,",G",19.0,"5,,,I",2.597,",G",3.1719999999999997,",,,G",2.022,",,,G"
AG000060680,1974-10-01,22.8,5.4331,1362.0,"TAMANRASSET, AG",1588.7,G,137.3,",G",0.0,"1,I",0.0,"1,I",0.0,"1,I",0.0,",G",0.0,",G",0.0,",G",31.0,",G",2.0,",G",19741031.0,",,G",19741031.0,"+,1,I",19741003.0,",,G",9.0,",G,31,",0.0,"1,,I,31,+",32.5,",G,03,",1.4,G,1.4,",G",0.0,"1,,,I",2.272,",G",2.977,",,,G",1.566,",,,G"
AG000060680,1974-11-01,22.8,5.4331,1362.0,"TAMANRASSET, AG",1596.9,G,8.2,",G",0.0,",I",0.0,",I",0.0,",I",0.0,",G",0.0,",G",0.0,",G",22.0,",G",0.0,",G",19741126.0,",,G",19741130.0,"+,,I",19741102.0,",,G",0.9,",G,26,",0.0,",,I,30,+",28.0,",G,02,",84.5,G,83.1,",G",0.0,",,,I",1.584,",G",2.324,",,,G",0.843,",,,G"
AG000060680,1974-12-01,22.8,5.4331,1362.0,"TAMANRASSET, AG",1596.9,G,0.0,",G",0.0,",I",0.0,",I",0.0,",I",0.0,",G",0.0,",G",0.0,",G",1.0,",G",0.0,",G",19741215.0,",,G",19741231.0,"+,,I",19741229.0,",,G",2.1,",G,15,",0.0,",,I,31,+",21.6,",G,29,",283.2,G,198.7,",G",0.0,",,,I",1.192,",G",1.8649999999999998,",,,G",0.52,",,,G"
AG000060680,1975-01-01,22.8,5.4331,1362.0,"TAMANRASSET, AG",0.0,G,0.0,",G",0.0,",I",0.0,",I",0.0,",I",0.0,",G",1.0,",G",0.0,",G",2.0,",G",0.0,",G",19750121.0,",,G",19750131.0,"+,,I",19750131.0,",,G",-4.2,",G,21,",0.0,",,I,31,+",22.1,",G,31,",537.2,G,254.0,",G",0.0,",,,I",1.014,",G",1.75,",,,G",0.27799999999999997,",,,G"
AG000060680,1975-02-01,22.8,5.4331,1362.0,"TAMANRASSET, AG",0.0,G,0.0,",G",0.0,",I",0.0,",I",0.0,",I",0.0,",G",0.0,",G",0.0,",G",13.0,",G",0.0,",G",19750218.0,",,G",19750228.0,"+,,I",19750212.0,",,G",0.2,",G,18,",0.0,",,I,28,+",23.8,",G,12,",693.9,G,156.7,",G",0.0,",,,I",1.274,",G",2.053,",,,G",0.49400000000000005,",,,G"
AG000060680,1975-03-01,22.8,5.4331,1362.0,"TAMANRASSET, AG",11.5,G,11.5,",G",0.0,"1,I",0.0,"1,I",0.0,"1,I",0.0,",G",0.0,",G",0.0,",G",29.0,",G",0.0,",G",19750308.0,",,G",19750331.0,"+,1,I",19750329.0,",,G",0.3,",G,08,",0.0,"1,,I,31,+",29.8,",G,29,",771.7,G,77.8,",G",0.0,"1,,,I",1.6199999999999999,",G",2.445,",,,G",0.794,",,,G"
AG000060680,1975-04-01,22.8,5.4331,1362.0,"TAMANRASSET, AG",161.2,G,149.7,",G",0.0,",I",0.0,",I",0.0,",I",0.0,",G",0.0,",G",0.0,",G",30.0,",G",9.0,",G",19750423.0,",,G",19750430.0,"+,,I",19750429.0,",,G",8.2,",G,23,",0.0,",,I,30,+",33.2,",G,29,",771.7,G,0.0,",G",0.0,",,,I",2.332,",G",3.0829999999999997,",,,G",1.582,",,,G"
AG000060680,1975-05-01,22.8,5.4331,1362.0,"TAMANRASSET, AG",380.5,G,219.3,",G",4.0,"1,I",4.0,"1,I",0.0,"1,I",0.0,",G",0.0,",G",0.0,",G",30.0,",G",21.0,",G",19750515.0,"+,,G",19750506.0,",1,I",19750531.0,",,G",14.8,",G,15,+",16.0,"1,,I,06,",36.4,",G,31,",772.4,G,0.7,",G",29.0,"1,,,I",2.538,",G",3.2119999999999997,",,,G",1.8649999999999998,",,,G"
AG000060680,1975-06-01,22.8,5.4331,1362.0,"TAMANRASSET, AG",692.8,G,312.3,",G",2.0,"2,I",0.0,"2,I",0.0,"2,I",0.0,",G",0.0,",G",0.0,",G",30.0,",G",29.0,",G",19750625.0,"+,,G",19750612.0,",2,I",19750617.0,",,G",19.3,",G,25,+",2.0,"2,,I,12,",37.5,",G,17,",772.4,G,0.0,",G",3.0,"2,,,I",2.8739999999999997,",G",3.499,",,,G",2.25,",,,G"
AG000060680,1975-07-01,22.8,5.4331,1362.0,"TAMANRASSET, AG",973.6,G,280.8,",G",0.0,"1,I",0.0,"1,I",0.0,"1,I",0.0,",G",0.0,",G",0.0,",G",31.0,",G",28.0,",G",19750728.0,",,G",19750731.0,"+,1,I",19750713.0,"+,,G",18.8,",G,28,",0.0,"1,,I,31,+",34.8,",G,13,+",0.0,G,0.0,",G",0.0,"1,,,I",2.739,",G",3.34,",,,G",2.138,",,,G"
AG000060680,1975-08-01,22.8,5.4331,1362.0,"TAMANRASSET, AG",1263.8,G,290.2,",G",1.0,",I",0.0,",I",0.0,",I",0.0,",G",0.0,",G",0.0,",G",31.0,",G",30.0,",G",19750809.0,",,G",19750831.0,",,I",19750828.0,"+,,G",18.7,",G,09,",1.0,",,I,31,",35.0,",G,28,+",0.0,G,0.0,",G",1.0,",,,I",2.77,",G",3.364,",,,G",2.175,",,,G"
AG000060680,1975-09-01,22.8,5.4331,1362.0,"TAMANRASSET, AG",1489.5,G,225.7,",G",0.0,",I",0.0,",I",0.0,",I",0.0,",G",0.0,",G",0.0,",G",30.0,",G",11.0,",G",19750928.0,",,G",19750930.0,"+,,I",19750907.0,",,G",16.1,",G,28,",0.0,",,I,30,+",34.4,",G,07,",0.0,G,0.0,",G",0.0,",,,I",2.586,",G",3.148,",,,G",2.023,",,,G"
AG000060680,1975-10-01,22.8,5.4331,1362.0,"TAMANRASSET, AG",1616.9,G,127.4,",G",0.0,",I",0.0,",I",0.0,",I",0.0,",G",0.0,",G",0.0,",G",31.0,",G",1.0,",G",19751030.0,",,G",19751031.0,"+,,I",19751012.0,",,G",11.0,",G,30,",0.0,",,I,31,+",32.4,",G,12,",0.0,G,0.0,",G",0.0,",,,I",2.244,",G",2.908,",,,G",1.581,",,,G"
AG000060680,1975-11-01,22.8,5.4331,1362.0,"TAMANRASSET, AG",1620.5,G,3.6,",G",2.0,"1,I",1.0,"1,I",0.0,"1,I",0.0,",G",0.0,",G",0.0,",G",27.0,",G",0.0,",G",19751123.0,",,G",19751127.0,",1,I",19751112.0,",,G",2.4,",G,23,",3.0,"1,,I,27,",26.5,",G,12,",62.2,G,62.2,",G",5.0,"1,,,I",1.638,",G",2.321,",,,G",0.9560000000000001,",,,G"
AG000060680,1975-12-01,22.8,5.4331,1362.0,"TAMANRASSET, AG",1624.5,G,4.0,",G",0.0,",I",0.0,",I",0.0,",I",0.0,",G",0.0,",G",0.0,",G",23.0,",G",0.0,",G",19751225.0,",,G",19751231.0,"+,,I",19751204.0,",,G",1.1,",G,25,",0.0,",,I,31,+",25.6,",G,04,",154.5,G,92.3,",G",0.0,",,,I",1.548,",G",2.209,",,,G",0.8880000000000001,",,,G"
AG000060680,1976-01-01,22.8,5.4331,1362.0,"TAMANRASSET, AG",0.0,G,0.0,",G",4.0,"2,I",4.0,"2,I",0.0,"2,I",0.0,",G",0.0,",G",0.0,",G",1.0,",G",0.0,",G",19760126.0,"+,,G",19760102.0,",2,I",19760130.0,",,G",0.5,",G,26,+",12.0,"2,,I,02,",21.2,",G,30,",384.7,G,230.2,",G",35.0,"2,,,I",1.091,",G",1.672,",,,G",0.51,",,,G"
AG000060680,1976-02-01,22.8,5.4331,1362.0,"TAMANRASSET, AG",0.0,G,0.0,",G",1.0,"5,I",1.0,"5,I",0.0,"5,I",0.0,",G",0.0,",G",0.0,",G",4.0,",G",0.0,",G",19760207.0,",,G",19760214.0,",5,I",19760218.0,",,G",1.3,",G,07,",7.0,"5,,I,14,",23.7,",G,18,",528.2,G,143.5,",G",7.0,"5,,,I",1.339,",G",1.924,",,,G",0.753,",,,G"
AG000060680,1976-03-01,22.8,5.4331,1362.0,"TAMANRASSET, AG",0.0,G,0.0,",G",1.0,"1,I",0.0,"1,I",0.0,"1,I",0.0,",G",0.0,",G",0.0,",G",16.0,",G",0.0,",G",19760322.0,",,G",19760315.0,",1,I",19760317.0,",,G",2.6,",G,22,",1.0,"1,,I,15,",24.8,",G,17,",652.3,G,124.1,",G",1.0,"1,,,I",1.433,",G",2.141,",,,G",0.725,",,,G"
AG000060680,1976-04-01,22.8,5.4331,1362.0,"TAMANRASSET, AG",73.0,G,73.0,"2,G",1.0,",I",1.0,",I",0.0,",I",0.0,"1,G",0.0,"1,G",0.0,"1,G",28.0,"1,G",0.0,"1,G",19760401.0,",1,G",19760429.0,",,I",19760426.0,"+,1,G",6.1,"1,G,01,",6.0,",,I,29,",30.7,"1,G,26,+",668.9,G,16.6,"1,G",6.0,",,,I",2.038,"2,G",2.761,"1,,,G",1.314,"1,,,G"
AG000060680,1976-05-01,22.8,5.4331,1362.0,"TAMANRASSET, AG",288.8,G,215.8,",G",3.0,"2,I",1.0,"2,I",0.0,"2,I",0.0,",G",0.0,",G",0.0,",G",31.0,",G",14.0,",G",19760505.0,",,G",19760524.0,",2,I",19760530.0,",,G",9.9,",G,05,",4.0,"2,,I,24,",35.8,",G,30,",669.4,G,0.5,",G",7.0,"2,,,I",2.528,",G",3.1870000000000003,",,,G",1.8679999999999999,",,,G"
AG000060680,1976-06-01,22.8,5.4331,1362.0,"TAMANRASSET, AG",589.9,G,301.1,",G",1.0,"3,I",0.0,"3,I",0.0,"3,I",0.0,",G",0.0,",G",0.0,",G",30.0,",G",26.0,",G",19760603.0,",,G",19760617.0,",3,I",19760608.0,",,G",16.9,",G,03,",1.0,"3,,I,17,",37.0,",G,08,",669.4,G,0.0,",G",1.0,"3,,,I",2.837,",G",3.4560000000000004,",,,G",2.218,",,,G"
AG000060680,1976-07-01,22.8,5.4331,1362.0,"TAMANRASSET, AG",932.2,G,342.3,",G",,,,,,,0.0,",G",0.0,",G",0.0,",G",31.0,",G",31.0,",G",19760723.0,",,G",,,19760728.0,"+,,G",18.5,",G,23,",,,36.5,",G,28,+",0.0,G,0.0,",G",,,2.9370000000000003,",G",3.527,",,,G",2.348,",,,G"
AG000060680,1976-08-01,22.8,5.4331,1362.0,"TAMANRASSET, AG",1226.9,G,294.7,",G",1.0,"2,I",0.0,"2,I",0.0,"2,I",0.0,",G",0.0,",G",0.0,",G",31.0,",G",25.0,",G",19760820.0,",,G",19760801.0,",2,I",19760825.0,",,G",19.2,",G,20,",1.0,"2,,I,01,",36.0,",G,25,",0.0,G,0.0,",G",1.0,"2,,,I",2.784,",G",3.364,",,,G",2.205,",,,G"
AG000060680,1976-09-01,22.8,5.4331,1362.0,"TAMANRASSET, AG",1473.2,G,246.3,",G",2.0,"1,I",1.0,"1,I",0.0,"1,I",0.0,",G",0.0,",G",0.0,",G",30.0,",G",19.0,",G",19760927.0,",,G",19760925.0,",1,I",19760903.0,"+,,G",15.5,",G,27,",19.0,"1,,I,25,",35.0,",G,03,+",0.0,G,0.0,",G",21.0,"1,,,I",2.654,",G",3.2560000000000002,",,,G",2.052,",,,G"
AG000060680,1976-10-01,22.8,5.4331,1362.0,"TAMANRASSET, AG",1619.3,G,146.1,",G",2.0,"4,I",0.0,"4,I",0.0,"4,I",0.0,",G",0.0,",G",0.0,",G",31.0,",G",0.0,",G",19761022.0,",,G",19761028.0,",4,I",19761004.0,",,G",12.8,",G,22,",2.0,"4,,I,28,",31.6,",G,04,",0.0,G,0.0,",G",3.0,"4,,,I",2.305,",G",2.946,",,,G",1.6629999999999998,",,,G"
AG000060680,1976-11-01,22.8,5.4331,1362.0,"TAMANRASSET, AG",1642.6,G,23.3,",G",0.0,",I",0.0,",I",0.0,",I",0.0,",G",0.0,",G",0.0,",G",25.0,",G",0.0,",G",19761129.0,",,G",19761130.0,"+,,I",19761109.0,",,G",2.0,",G,29,",0.0,",,I,30,+",27.8,",G,09,",60.6,G,60.6,",G",0.0,",,,I",1.709,",G",2.414,",,,G",1.003,",,,G"
AG000060680,1976-12-01,22.8,5.4331,1362.0,"TAMANRASSET, AG",1642.6,G,0.0,",G",1.0,",I",0.0,",I",0.0,",I",0.0,",G",0.0,",G",0.0,",G",24.0,",G",0.0,",G",19761203.0,",,G",19761223.0,",,I",19761209.0,"+,,G",3.4,",G,03,",2.0,",,I,23,",24.6,",G,09,+",173.0,G,112.4,",G",2.0,",,,I",1.471,",G",2.198,",,,G",0.744,",,,G"
AG000060680,1977-01-01,22.8,5.4331,1362.0,"TAMANRASSET, AG",0.0,G,0.0,",G",0.0,",I",0.0,",I",0.0,",I",0.0,",G",0.0,",G",0.0,",G",18.0,",G",0.0,",G",19770124.0,"+,,G",19770131.0,"+,,I",19770128.0,",,G",3.8,",G,24,+",0.0,",,I,31,+",23.5,",G,28,",302.4,G,129.4,",G",0.0,",,,I",1.416,",G",2.123,",,,G",0.709,",,,G"
AG000060680,1977-02-01,22.8,5.4331,1362.0,"TAMANRASSET, AG",0.2,G,0.2,",G",0.0,",I",0.0,",I",0.0,",I",0.0,",G",0.0,",G",0.0,",G",26.0,",G",0.0,",G",19770203.0,",,G",19770228.0,"+,,I",19770226.0,",,G",2.5,",G,03,",0.0,",,I,28,+",26.0,",G,26,",387.7,G,85.3,",G",0.0,",,,I",1.529,",G",2.294,",,,G",0.765,",,,G"
AG000060680,1977-03-01,22.8,5.4331,1362.0,"TAMANRASSET, AG",16.2,G,16.0,",G",0.0,",I",0.0,",I",0.0,",I",0.0,",G",0.0,",G",0.0,",G",29.0,",G",0.0,",G",19770319.0,",,G",19770331.0,"+,,I",19770329.0,",,G",6.5,",G,19,",0.0,",,I,31,+",28.3,",G,29,",431.3,G,43.6,",G",0.0,",,,I",1.7440000000000002,",G",2.45,",,,G",1.0390000000000001,",,,G"
AG000060680,1977-04-01,22.8,5.4331,1362.0,"TAMANRASSET, AG",147.9,G,131.7,",G",0.0,"1,I",0.0,"1,I",0.0,"1,I",0.0,",G",0.0,",G",0.0,",G",29.0,",G",4.0,",G",19770401.0,",,G",19770430.0,"+,1,I",19770413.0,"+,,G",7.0,",G,01,",0.0,"1,,I,30,+",32.8,",G,13,+",439.0,G,7.7,",G",0.0,"1,,,I",2.247,",G",2.949,",,,G",1.545,",,,G"
AG000060680,1977-05-01,22.8,5.4331,1362.0,"TAMANRASSET, AG",366.9,G,219.0,",G",1.0,"3,I",0.0,"3,I",0.0,"3,I",0.0,",G",0.0,",G",0.0,",G",31.0,",G",14.0,",G",19770510.0,",,G",19770517.0,",3,I",19770527.0,",,G",13.2,",G,10,",2.0,"3,,I,17,",36.0,",G,27,",439.0,G,0.0,",G",2.0,"3,,,I",2.54,",G",3.242,",,,G",1.8379999999999999,",,,G"
AG000060680,1977-06-01,22.8,5.4331,1362.0,"TAMANRASSET, AG",699.8,G,332.9,",G",0.0,",I",0.0,",I",0.0,",I",0.0,",G",0.0,",G",0.0,",G",30.0,",G",30.0,",G",19770620.0,"+,,G",19770630.0,"+,,I",19770615.0,",,G",20.1,",G,20,+",0.0,",,I,30,+",38.1,",G,15,",439.0,G,0.0,",G",0.0,",,,I",2.943,",G",3.5869999999999997,",,,G",2.299,",,,G"
AG000060680,1977-07-01,22.8,5.4331,1362.0,"TAMANRASSET, AG",1046.6,G,346.8,",G",0.0,",I",0.0,",I",0.0,",I",0.0,",G",0.0,",G",0.0,",G",31.0,",G",31.0,",G",19770723.0,",,G",19770731.0,"+,,I",19770731.0,",,G",20.2,",G,23,",0.0,",,I,31,+",38.6,",G,31,",0.0,G,0.0,",G",0.0,",,,I",2.952,",G",3.566,",,,G",2.338,",,,G"
AG000060680,1977-08-01,22.8,5.4331,1362.0,"TAMANRASSET, AG",1386.4,G,339.8,",G",1.0,"2,I",0.0,"2,I",0.0,"2,I",0.0,",G",0.0,",G",0.0,",G",31.0,",G",31.0,",G",19770814.0,",,G",19770821.0,",2,I",19770801.0,",,G",20.1,",G,14,",1.0,"2,,I,21,",38.3,",G,01,",0.0,G,0.0,",G",1.0,"2,,,I",2.93,",G",3.533,",,,G",2.326,",,,G"
AG000060680,1977-09-01,22.8,5.4331,1362.0,"TAMANRASSET, AG",1650.7,G,264.3,",G",,,,,,,0.0,",G",0.0,",G",0.0,",G",30.0,",G",18.0,",G",19770928.0,",,G",,,19770904.0,",,G",17.2,",G,28,",,,36.8,",G,04,",0.0,G,0.0,",G",,,2.714,",G",3.272,",,,G",2.157,",,,G"
AG000060680,1977-10-01,22.8,5.4331,1362.0,"TAMANRASSET, AG",1782.1,G,131.4,",G",0.0,"1,I",0.0,"1,I",0.0,"1,I",0.0,",G",0.0,",G",0.0,",G",31.0,",G",0.0,",G",19771029.0,",,G",19771031.0,"+,1,I",19771013.0,",,G",11.2,",G,29,",0.0,"1,,I,31,+",32.0,",G,13,",0.3,G,0.3,",G",0.0,"1,,,I",2.256,",G",2.9010000000000002,",,,G",1.611,",,,G"
AG000060680,1977-11-01,22.8,5.4331,1362.0,"TAMANRASSET, AG",1782.1,G,0.0,",G",0.0,",I",0.0,",I",0.0,",I",0.0,",G",0.0,",G",0.0,",G",25.0,",G",0.0,",G",19771126.0,",,G",19771130.0,"+,,I",19771123.0,",,G",1.9,",G,26,",0.0,",,I,30,+",25.8,",G,23,",77.5,G,77.2,",G",0.0,",,,I",1.576,",G",2.326,",,,G",0.826,",,,G"
AG000060680,1977-12-01,22.8,5.4331,1362.0,"TAMANRASSET, AG",1783.7,G,1.6,",G",0.0,",I",0.0,",I",0.0,",I",0.0,",G",0.0,",G",0.0,",G",17.0,",G",0.0,",G",19771228.0,",,G",19771231.0,"+,,I",19771202.0,",,G",1.2,",G,28,",0.0,",,I,31,+",26.8,",G,02,",199.8,G,122.3,",G",0.0,",,,I",1.444,",G",2.18,",,,G",0.709,",,,G"
AG000060680,1978-01-01,22.8,5.4331,1362.0,"TAMANRASSET, AG",0.0,G,0.0,",G",0.0,",I",0.0,",I",0.0,",I",0.0,",G",1.0,",G",0.0,",G",18.0,",G",0.0,",G",19780121.0,",,G",19780131.0,"+,,I",19780101.0,",,G",-0.6,",G,21,",0.0,",,I,31,+",25.5,",G,01,",346.5,G,146.7,",G",0.0,",,,I",1.3599999999999999,",G",2.1149999999999998,",,,G",0.605,",,,G"
AG000060680,1978-02-01,22.8,5.4331,1362.0,"TAMANRASSET, AG",5.6,G,5.6,",G",1.0,"1,I",0.0,"1,I",0.0,"1,I",0.0,",G",0.0,",G",0.0,",G",21.0,",G",0.0,",G",19780203.0,",,G",19780212.0,",1,I",19780228.0,",,G",3.0,",G,03,",1.0,"1,,I,12,",29.0,",G,28,",417.4,G,70.9,",G",1.0,"1,,,I",1.6,",G",2.412,",,,G",0.788,",,,G"
AG000060680,1978-03-01,22.8,5.4331,1362.0,"TAMANRASSET, AG",48.6,G,43.0,",G",0.0,"3,I",0.0,"3,I",0.0,"3,I",0.0,",G",0.0,",G",0.0,",G",31.0,",G",0.0,",G",19780307.0,",,G",19780331.0,"+,3,I",19780326.0,",,G",4.8,",G,07,",0.0,"3,,I,31,+",29.6,",G,26,",437.7,G,20.3,",G",0.0,"3,,,I",1.907,",G",2.619,",,,G",1.194,",,,G"
AG000060680,1978-04-01,22.8,5.4331,1362.0,"TAMANRASSET, AG",153.6,G,105.0,",G",4.0,"5,I",3.0,"5,I",0.0,"5,I",0.0,",G",0.0,",G",0.0,",G",30.0,",G",1.0,",G",19780415.0,",,G",19780427.0,",5,I",19780430.0,",,G",6.8,",G,15,",7.0,"5,,I,27,",32.7,",G,30,",440.5,G,2.8,",G",17.0,"5,,,I",2.174,",G",2.8449999999999998,",,,G",1.503,",,,G"
AG000060680,1978-05-01,22.8,5.4331,1362.0,"TAMANRASSET, AG",433.4,G,279.8,",G",0.0,"4,I",0.0,"4,I",0.0,"4,I",0.0,",G",0.0,",G",0.0,",G",31.0,",G",25.0,",G",19780516.0,",,G",19780531.0,"+,4,I",19780531.0,",,G",13.6,",G,16,",0.0,"4,,I,31,+",38.5,",G,31,",440.5,G,0.0,",G",0.0,"4,,,I",2.7359999999999998,",G",3.3880000000000003,",,,G",2.084,",,,G"
AG000060680,1978-06-01,22.8,5.4331,1362.0,"TAMANRASSET, AG",746.0,G,312.6,",G",0.0,"1,I",0.0,"1,I",0.0,"1,I",0.0,",G",0.0,",G",0.0,",G",30.0,",G",30.0,",G",19780605.0,",,G",19780630.0,"+,1,I",19780601.0,",,G",17.1,",G,05,",0.0,"1,,I,30,+",37.8,",G,01,",440.5,G,0.0,",G",0.0,"1,,,I",2.875,",G",3.5549999999999997,",,,G",2.195,",,,G"
AG000060680,1978-07-01,22.8,5.4331,1362.0,"TAMANRASSET, AG",1033.6,G,287.6,",G",1.0,"1,I",1.0,"1,I",0.0,"1,I",0.0,",G",0.0,",G",0.0,",G",31.0,",G",29.0,",G",19780728.0,",,G",19780731.0,",1,I",19780720.0,",,G",18.4,",G,28,",3.0,"1,,I,31,",36.3,",G,20,",0.0,G,0.0,",G",3.0,"1,,,I",2.761,",G",3.3590000000000004,",,,G",2.163,",,,G"
AG000060680,1978-08-01,22.8,5.4331,1362.0,"TAMANRASSET, AG",1334.1,G,300.5,",G",0.0,"3,I",0.0,"3,I",0.0,"3,I",0.0,",G",0.0,",G",0.0,",G",31.0,",G",30.0,",G",19780804.0,",,G",19780831.0,"+,3,I",19780809.0,",,G",18.1,",G,04,",0.0,"3,,I,31,+",36.2,",G,09,",0.0,G,0.0,",G",0.0,"3,,,I",2.803,",G",3.3899999999999997,",,,G",2.215,",,,G"
AG000060680,1978-09-01,22.8,5.4331,1362.0,"TAMANRASSET, AG",1569.8,G,235.7,",G",,,,,,,0.0,",G",0.0,",G",0.0,",G",30.0,",G",15.0,",G",19780930.0,",,G",,,19780901.0,",,G",17.0,",G,30,",,,35.2,",G,01,",0.0,G,0.0,",G",,,2.619,",G",3.197,",,,G",2.041,",,,G"
AG000060680,1978-10-01,22.8,5.4331,1362.0,"TAMANRASSET, AG",1711.7,G,141.9,",G",2.0,"3,I",2.0,"3,I",0.0,"3,I",0.0,",G",0.0,",G",0.0,",G",30.0,",G",2.0,",G",19781031.0,",,G",19781029.0,",3,I",19781009.0,"+,,G",9.0,",G,31,",6.0,"3,,I,29,",32.5,",G,09,+",2.2,G,2.2,",G",10.0,"3,,,I",2.284,",G",2.918,",,,G",1.65,",,,G"
AG000060680,1978-11-01,22.8,5.4331,1362.0,"TAMANRASSET, AG",1741.5,G,29.8,",G",0.0,",I",0.0,",I",0.0,",I",0.0,",G",0.0,",G",0.0,",G",21.0,",G",0.0,",G",19781127.0,",,G",19781130.0,"+,,I",19781107.0,",,G",5.9,",G,27,",0.0,",,I,30,+",28.6,",G,07,",50.7,G,48.5,",G",0.0,",,,I",1.7710000000000001,",G",2.373,",,,G",1.169,",,,G"
AG000060680,1978-12-01,22.8,5.4331,1362.0,"TAMANRASSET, AG",1741.5,G,0.0,",G",0.0,",I",0.0,",I",0.0,",I",0.0,",G",0.0,",G",0.0,",G",28.0,",G",0.0,",G",19781222.0,",,G",19781231.0,"+,,I",19781202.0,",,G",1.8,",G,22,",0.0,",,I,31,+",24.8,",G,02,",161.1,G,110.4,",G",0.0,",,,I",1.4769999999999999,",G",2.263,",,,G",0.692,",,,G"
AG000060680,1979-01-01,22.8,5.4331,1362.0,"TAMANRASSET, AG",5.8,G,5.8,",G",0.0,",I",0.0,",I",0.0,",I",0.0,",G",0.0,",G",0.0,",G",28.0,",G",0.0,",G",19790116.0,",,G",19790131.0,"+,,I",19790130.0,",,G",4.2,",G,16,",0.0,",,I,31,+",28.0,",G,30,",224.0,G,62.9,",G",0.0,",,,I",1.6489999999999998,",G",2.403,",,,G",0.8949999999999999,",,,G"
AG000060680,1979-02-01,22.8,5.4331,1362.0,"TAMANRASSET, AG",10.7,G,4.9,",G",0.0,",I",0.0,",I",0.0,",I",0.0,",G",0.0,",G",0.0,",G",15.0,",G",0.0,",G",19790228.0,",,G",19790228.0,"+,,I",19790207.0,",,G",0.2,",G,28,",0.0,",,I,28,+",28.8,",G,07,",339.6,G,115.6,",G",0.0,",,,I",1.4380000000000002,",G",2.245,",,,G",0.631,",,,G"
AG000060680,1979-03-01,22.8,5.4331,1362.0,"TAMANRASSET, AG",77.8,G,67.1,",G",1.0,"5,I",1.0,"5,I",0.0,"5,I",0.0,",G",1.0,",G",0.0,",G",26.0,",G",0.0,",G",19790301.0,",,G",19790324.0,",5,I",19790331.0,",,G",-0.2,",G,01,",6.0,"5,,I,24,",31.8,",G,31,",389.8,G,50.2,",G",6.0,"5,,,I",1.888,",G",2.559,",,,G",1.216,",,,G"
AG000060680,1979-04-01,22.8,5.4331,1362.0,"TAMANRASSET, AG",163.7,G,85.9,",G",0.0,"1,I",0.0,"1,I",0.0,"1,I",0.0,",G",0.0,",G",0.0,",G",30.0,",G",0.0,",G",19790403.0,",,G",19790430.0,"+,1,I",19790427.0,",,G",3.4,",G,03,",0.0,"1,,I,30,+",31.9,",G,27,",403.4,G,13.6,",G",0.0,"1,,,I",2.075,",G",2.8890000000000002,",,,G",1.26,",,,G"
AG000060680,1979-05-01,22.8,5.4331,1362.0,"TAMANRASSET, AG",376.7,G,213.0,",G",5.0,"1,I",4.0,"1,I",2.0,"1,I",0.0,",G",0.0,",G",0.0,",G",31.0,",G",14.0,",G",19790502.0,",,G",19790531.0,",1,I",19790526.0,",,G",12.7,",G,02,",35.0,"1,,I,31,",36.2,",G,26,",403.4,G,0.0,",G",77.0,"1,,,I",2.52,",G",3.2090000000000005,",,,G",1.832,",,,G"
AG000060680,1979-06-01,22.8,5.4331,1362.0,"TAMANRASSET, AG",690.9,G,314.2,",G",4.0,"3,I",0.0,"3,I",0.0,"3,I",0.0,",G",0.0,",G",0.0,",G",30.0,",G",28.0,",G",19790601.0,",,G",19790614.0,",3,I",19790629.0,",,G",15.6,",G,01,",2.0,"3,,I,14,",39.4,",G,29,",403.4,G,0.0,",G",5.0,"3,,,I",2.881,",G",3.4770000000000003,",,,G",2.285,",,,G"
AG000060680,1979-07-01,22.8,5.4331,1362.0,"TAMANRASSET, AG",1026.8,G,335.9,",G",0.0,",I",0.0,",I",0.0,",I",0.0,",G",0.0,",G",0.0,",G",31.0,",G",31.0,",G",19790720.0,"+,,G",19790731.0,"+,,I",19790705.0,",,G",20.2,",G,20,+",0.0,",,I,31,+",37.5,",G,05,",0.0,G,0.0,",G",0.0,",,,I",2.9170000000000003,",G",3.5140000000000002,",,,G",2.32,",,,G"
AG000060680,1979-08-01,22.8,5.4331,1362.0,"TAMANRASSET, AG",1346.2,G,319.4,",G",3.0,"1,I",1.0,"1,I",0.0,"1,I",0.0,",G",0.0,",G",0.0,",G",31.0,",G",31.0,",G",19790802.0,",,G",19790801.0,",1,I",19790821.0,"+,,G",20.2,",G,02,",9.0,"1,,I,01,",37.0,",G,21,+",0.0,G,0.0,",G",12.0,"1,,,I",2.864,",G",3.4530000000000003,",,,G",2.275,",,,G"
AG000060680,1979-09-01,22.8,5.4331,1362.0,"TAMANRASSET, AG",1608.9,G,262.7,",G",4.0,"5,I",3.0,"5,I",1.0,"5,I",0.0,",G",0.0,",G",0.0,",G",30.0,",G",25.0,",G",19790906.0,",,G",19790905.0,",5,I",19790910.0,",,G",15.5,",G,06,",40.0,"5,,I,05,",34.8,",G,10,",0.0,G,0.0,",G",51.0,"5,,,I",2.709,",G",3.2880000000000003,",,,G",2.13,",,,G"
AG000060680,1979-10-01,22.8,5.4331,1362.0,"TAMANRASSET, AG",1765.6,G,156.7,",G",0.0,"3,I",0.0,"3,I",0.0,"3,I",0.0,",G",0.0,",G",0.0,",G",31.0,",G",3.0,",G",19791031.0,",,G",19791031.0,"+,3,I",19791006.0,",,G",10.5,",G,31,",0.0,"3,,I,31,+",32.8,",G,06,",0.6,G,0.6,",G",0.0,"3,,,I",2.337,",G",2.964,",,,G",1.7100000000000002,",,,G"
AG000060680,1979-11-01,22.8,5.4331,1362.0,"TAMANRASSET, AG",1767.0,G,1.4,",G",0.0,",I",0.0,",I",0.0,",I",0.0,",G",0.0,",G",0.0,",G",27.0,",G",0.0,",G",19791118.0,",,G",19791130.0,"+,,I",19791101.0,",,G",5.6,",G,18,",0.0,",,I,30,+",26.5,",G,01,",59.8,G,59.2,",G",0.0,",,,I",1.641,",G",2.37,",,,G",0.9109999999999999,",,,G"
AG000060680,1979-12-01,22.8,5.4331,1362.0,"TAMANRASSET, AG",1767.0,G,0.0,",G",1.0,",I",1.0,",I",0.0,",I",0.0,",G",0.0,",G",0.0,",G",11.0,",G",0.0,",G",19791227.0,",,G",19791222.0,",,I",19791215.0,",,G",1.7,",G,27,",5.0,",,I,22,",23.5,",G,15,",222.5,G,162.7,",G",5.0,",,,I",1.308,",G",1.998,",,,G",0.619,",,,G"
AG000060680,1980-01-01,22.8,5.4331,1362.0,"TAMANRASSET, AG",0.0,G,0.0,",G",1.0,"1,I",0.0,"1,I",0.0,"1,I",0.0,",G",0.0,",G",0.0,",G",20.0,",G",0.0,",G",19800117.0,",,G",19800114.0,",1,I",19800128.0,"+,,G",0.6,",G,17,",2.0,"1,,I,14,",24.4,",G,28,+",338.9,G,116.4,",G",2.0,"1,,,I",1.458,",G",2.185,",,,G",0.731,",,,G"
AG000060680,1980-02-01,22.8,5.4331,1362.0,"TAMANRASSET, AG",0.0,G,0.0,",G",0.0,"1,I",0.0,"1,I",0.0,"1,I",0.0,",G",0.0,",G",0.0,",G",25.0,",G",0.0,",G",19800222.0,",,G",19800229.0,"+,1,I",19800222.0,",,G",3.5,",G,22,",0.0,"1,,I,29,+",25.1,",G,22,",420.4,G,81.5,",G",0.0,"1,,,I",1.552,",G",2.231,",,,G",0.874,",,,G"
AG000060680,1980-03-01,22.8,5.4331,1362.0,"TAMANRASSET, AG",28.4,G,28.4,",G",0.0,"3,I",0.0,"3,I",0.0,"3,I",0.0,",G",0.0,",G",0.0,",G",29.0,",G",0.0,",G",19800326.0,"+,,G",19800331.0,"+,3,I",19800319.0,",,G",4.8,",G,26,+",0.0,"3,,I,31,+",29.5,",G,19,",460.9,G,40.5,",G",0.0,"3,,,I",1.794,",G",2.525,",,,G",1.064,",,,G"
AG000060680,1980-04-01,22.8,5.4331,1362.0,"TAMANRASSET, AG",178.1,G,149.7,",G",0.0,",I",0.0,",I",0.0,",I",0.0,",G",0.0,",G",0.0,",G",30.0,",G",9.0,",G",19800404.0,",,G",19800430.0,"+,,I",19800427.0,",,G",11.8,",G,04,",0.0,",,I,30,+",35.3,",G,27,",460.9,G,0.0,",G",0.0,",,,I",2.332,",G",3.0940000000000003,",,,G",1.5699999999999998,",,,G"
AG000060680,1980-05-01,22.8,5.4331,1362.0,"TAMANRASSET, AG",414.1,G,236.0,",G",0.0,"2,I",0.0,"2,I",0.0,"2,I",0.0,",G",0.0,",G",0.0,",G",31.0,",G",28.0,",G",19800507.0,",,G",19800531.0,"+,2,I",19800516.0,",,G",13.5,",G,07,",0.0,"2,,I,31,+",35.0,",G,16,",460.9,G,0.0,",G",0.0,"2,,,I",2.5949999999999998,",G",3.3560000000000003,",,,G",1.8329999999999997,",,,G"
AG000060680,1980-06-01,22.8,5.4331,1362.0,"TAMANRASSET, AG",755.1,G,341.0,",G",2.0,"4,I",0.0,"4,I",0.0,"4,I",0.0,",G",0.0,",G",0.0,",G",30.0,",G",29.0,",G",19800601.0,",,G",19800602.0,"+,4,I",19800627.0,",,G",19.4,",G,01,",1.0,"4,,I,02,+",38.7,",G,27,",460.9,G,0.0,",G",2.0,"4,,,I",2.9699999999999998,",G",3.6159999999999997,",,,G",2.324,",,,G"
AG000060680,1980-07-01,22.8,5.4331,1362.0,"TAMANRASSET, AG",1086.3,G,331.2,",G",1.0,"2,I",0.0,"2,I",0.0,"2,I",0.0,",G",0.0,",G",0.0,",G",31.0,",G",30.0,",G",19800722.0,",,G",19800726.0,",2,I",19800711.0,",,G",18.6,",G,22,",2.0,"2,,I,26,",37.4,",G,11,",0.0,G,0.0,",G",2.0,"2,,,I",2.902,",G",3.533,",,,G",2.271,",,,G"
AG000060680,1980-08-01,22.8,5.4331,1362.0,"TAMANRASSET, AG",1383.8,G,297.5,",G",2.0,"4,I",2.0,"4,I",0.0,"4,I",0.0,",G",0.0,",G",0.0,",G",31.0,",G",30.0,",G",19800820.0,",,G",19800819.0,",4,I",19800802.0,",,G",17.0,",G,20,",5.0,"4,,I,19,",36.5,",G,02,",0.0,G,0.0,",G",8.0,"4,,,I",2.793,",G",3.4259999999999997,",,,G",2.16,",,,G"
AG000060680,1980-09-01,22.8,5.4331,1362.0,"TAMANRASSET, AG",1617.7,G,233.9,",G",,,,,,,0.0,",G",0.0,",G",0.0,",G",30.0,",G",15.0,",G",19800927.0,",,G",,,19800901.0,",,G",16.7,",G,27,",,,35.0,",G,01,",0.0,G,0.0,",G",,,2.613,",G",3.2039999999999997,",,,G",2.022,",,,G"
AG000060680,1980-10-01,22.8,5.4331,1362.0,"TAMANRASSET, AG",1753.7,G,136.0,",G",1.0,"5,I",0.0,"5,I",0.0,"5,I",0.0,",G",0.0,",G",0.0,",G",31.0,",G",0.0,",G",19801026.0,",,G",19801005.0,",5,I",19801017.0,",,G",10.5,",G,26,",1.0,"5,,I,05,",31.7,",G,17,",0.0,G,0.0,",G",1.0,"5,,,I",2.272,",G",2.9530000000000003,",,,G",1.591,",,,G"
AG000060680,1980-11-01,22.8,5.4331,1362.0,"TAMANRASSET, AG",1790.5,G,36.8,",G",0.0,",I",0.0,",I",0.0,",I",0.0,",G",0.0,",G",0.0,",G",25.0,",G",0.0,",G",19801128.0,",,G",19801130.0,"+,,I",19801107.0,",,G",3.8,",G,28,",0.0,",,I,30,+",28.9,",G,07,",40.5,G,40.5,",G",0.0,",,,I",1.8210000000000002,",G",2.5149999999999997,",,,G",1.127,",,,G"
AG000060680,1980-12-01,22.8,5.4331,1362.0,"TAMANRASSET, AG",1790.5,G,0.0,",G",0.0,",I",0.0,",I",0.0,",I",0.0,",G",4.0,",G",0.0,",G",6.0,",G",0.0,",G",19801219.0,",,G",19801231.0,"+,,I",19801222.0,",,G",-3.2,",G,19,",0.0,",,I,31,+",22.5,",G,22,",254.6,G,214.1,",G",0.0,",,,I",1.143,",G",1.8829999999999998,",,,G",0.40199999999999997,",,,G"
AG000060680,1981-01-01,22.8,5.4331,1362.0,"TAMANRASSET, AG",0.0,G,0.0,",G",0.0,",I",0.0,",I",0.0,",I",0.0,",G",7.0,",G",0.0,",G",3.0,",G",0.0,",G",19810121.0,",,G",19810131.0,"+,,I",19810113.0,",,G",-3.8,",G,21,",0.0,",,I,31,+",21.4,",G,13,",499.4,G,244.8,",G",0.0,",,,I",1.044,",G",1.8719999999999999,",,,G",0.215,",,,G"
AG000060680,1981-02-01,22.8,5.4331,1362.0,"TAMANRASSET, AG",3.4,G,3.4,",G",1.0,",I",0.0,",I",0.0,",I",0.0,",G",0.0,",G",0.0,",G",18.0,",G",0.0,",G",19810201.0,",,G",19810216.0,",,I",19810228.0,",,G",0.1,",G,01,",1.0,",,I,16,",25.8,",G,28,",603.3,G,103.9,",G",1.0,",,,I",1.475,",G",2.178,",,,G",0.772,",,,G"
AG000060680,1981-03-01,22.8,5.4331,1362.0,"TAMANRASSET, AG",39.6,G,36.2,",G",0.0,",I",0.0,",I",0.0,",I",0.0,",G",0.0,",G",0.0,",G",31.0,",G",0.0,",G",19810314.0,",,G",19810331.0,"+,,I",19810330.0,",,G",7.0,",G,14,",0.0,",,I,31,+",30.9,",G,30,",612.2,G,8.9,",G",0.0,",,,I",1.921,",G",2.711,",,,G",1.1320000000000001,",,,G"
AG000060680,1981-04-01,22.8,5.4331,1362.0,"TAMANRASSET, AG",224.1,G,184.5,",G",0.0,"1,I",0.0,"1,I",0.0,"1,I",0.0,",G",0.0,",G",0.0,",G",30.0,",G",15.0,",G",19810401.0,",,G",19810430.0,"+,1,I",19810428.0,",,G",10.3,",G,01,",0.0,"1,,I,30,+",35.5,",G,28,",612.2,G,0.0,",G",0.0,"1,,,I",2.448,",G",3.2090000000000005,",,,G",1.688,",,,G"
AG000060680,1981-05-01,22.8,5.4331,1362.0,"TAMANRASSET, AG",491.4,G,267.3,",G",1.0,"5,I",0.0,"5,I",0.0,"5,I",0.0,",G",0.0,",G",0.0,",G",31.0,",G",26.0,",G",19810517.0,",,G",19810524.0,",5,I",19810531.0,",,G",14.6,",G,17,",1.0,"5,,I,24,",35.7,",G,31,",612.2,G,0.0,",G",1.0,"5,,,I",2.696,",G",3.3549999999999995,",,,G",2.036,",,,G"
AG000060680,1981-06-01,22.8,5.4331,1362.0,"TAMANRASSET, AG",795.3,G,303.9,",G",3.0,"2,I",1.0,"2,I",0.0,"2,I",0.0,",G",0.0,",G",0.0,",G",30.0,",G",26.0,",G",19810616.0,",,G",19810618.0,",2,I",19810613.0,",,G",16.9,",G,16,",25.0,"2,,I,18,",36.1,",G,13,",612.2,G,0.0,",G",27.0,"2,,,I",2.846,",G",3.447,",,,G",2.246,",,,G"
AG000060680,1981-07-01,22.8,5.4331,1362.0,"TAMANRASSET, AG",1133.1,G,337.8,",G",3.0,"2,I",1.0,"2,I",0.0,"2,I",0.0,",G",0.0,",G",0.0,",G",31.0,",G",30.0,",G",19810725.0,",,G",19810723.0,",2,I",19810719.0,",,G",18.6,",G,25,",17.0,"2,,I,23,",36.6,",G,19,",0.0,G,0.0,",G",19.0,"2,,,I",2.923,",G",3.469,",,,G",2.377,",,,G"
AG000060680,1981-08-01,22.8,5.4331,1362.0,"TAMANRASSET, AG",1447.0,G,313.9,",G",1.0,"4,I",0.0,"4,I",0.0,"4,I",0.0,",G",0.0,",G",0.0,",G",31.0,",G",30.0,",G",19810826.0,",,G",19810830.0,",4,I",19810815.0,",,G",19.4,",G,26,",2.0,"4,,I,30,",36.7,",G,15,",0.0,G,0.0,",G",2.0,"4,,,I",2.846,",G",3.432,",,,G",2.2600000000000002,",,,G"
AG000060680,1981-09-01,22.8,5.4331,1362.0,"TAMANRASSET, AG",1690.5,G,243.5,",G",0.0,",I",0.0,",I",0.0,",I",0.0,",G",0.0,",G",0.0,",G",30.0,",G",18.0,",G",19810925.0,",,G",19810930.0,"+,,I",19810902.0,",,G",17.2,",G,25,",0.0,",,I,30,+",35.4,",G,02,",0.0,G,0.0,",G",0.0,",,,I",2.645,",G",3.258,",,,G",2.032,",,,G"
AG000060680,1981-10-01,22.8,5.4331,1362.0,"TAMANRASSET, AG",1820.8,G,130.3,",G",0.0,",I",0.0,",I",0.0,",I",0.0,",G",0.0,",G",0.0,",G",31.0,",G",3.0,",G",19811017.0,",,G",19811031.0,"+,,I",19811004.0,"+,,G",12.8,",G,17,",0.0,",,I,31,+",32.3,",G,04,+",0.0,G,0.0,",G",0.0,",,,I",2.254,",G",2.929,",,,G",1.5779999999999998,",,,G"
AG000060680,1981-11-01,22.8,5.4331,1362.0,"TAMANRASSET, AG",1828.1,G,7.3,",G",0.0,",I",0.0,",I",0.0,",I",0.0,",G",0.0,",G",0.0,",G",20.0,",G",0.0,",G",19811130.0,",,G",19811130.0,"+,,I",19811101.0,",,G",2.1,",G,30,",0.0,",,I,30,+",28.4,",G,01,",82.1,G,82.1,",G",0.0,",,,I",1.584,",G",2.227,",,,G",0.9410000000000001,",,,G"
AG000060680,1981-12-01,22.8,5.4331,1362.0,"TAMANRASSET, AG",1829.0,G,0.9,",G",0.0,",I",0.0,",I",0.0,",I",0.0,",G",0.0,",G",0.0,",G",29.0,",G",0.0,",G",19811207.0,",,G",19811231.0,"+,,I",19811231.0,",,G",1.5,",G,07,",0.0,",,I,31,+",26.7,",G,31,",188.7,G,106.6,",G",0.0,",,,I",1.492,",G",2.341,",,,G",0.644,",,,G"
AG000060680,1982-01-01,22.8,5.4331,1362.0,"TAMANRASSET, AG",0.0,G,0.0,",G",0.0,"1,I",0.0,"1,I",0.0,"1,I",0.0,",G",3.0,",G",0.0,",G",11.0,",G",0.0,",G",19820125.0,",,G",19820131.0,"+,1,I",19820101.0,",,G",-2.0,",G,25,",0.0,"1,,I,31,+",24.9,",G,01,",390.3,G,201.6,",G",0.0,"1,,,I",1.183,",G",1.943,",,,G",0.42300000000000004,",,,G"
AG000060680,1982-02-01,22.8,5.4331,1362.0,"TAMANRASSET, AG",0.0,G,0.0,",G",0.0,"1,I",0.0,"1,I",0.0,"1,I",0.0,",G",0.0,",G",0.0,",G",16.0,",G",0.0,",G",19820201.0,",,G",19820228.0,"+,1,I",19820219.0,",,G",1.7,",G,01,",0.0,"1,,I,28,+",24.0,",G,19,",522.9,G,132.6,",G",0.0,"1,,,I",1.3599999999999999,",G",2.1399999999999997,",,,G",0.579,",,,G"
AG000060680,1982-03-01,22.8,5.4331,1362.0,"TAMANRASSET, AG",25.2,G,25.2,",G",2.0,"2,I",1.0,"2,I",0.0,"2,I",0.0,",G",0.0,",G",0.0,",G",29.0,",G",0.0,",G",19820303.0,",,G",19820313.0,",2,I",19820328.0,",,G",4.1,",G,03,",6.0,"2,,I,13,",29.0,",G,28,",576.5,G,53.6,",G",7.0,"2,,,I",1.7420000000000002,",G",2.403,",,,G",1.08,",,,G"
AG000060680,1982-04-01,22.8,5.4331,1362.0,"TAMANRASSET, AG",130.0,G,104.8,",G",3.0,"1,I",2.0,"1,I",0.0,"1,I",0.0,",G",0.0,",G",0.0,",G",30.0,",G",0.0,",G",19820408.0,",,G",19820423.0,"+,1,I",19820413.0,",,G",9.2,",G,08,",6.0,"1,,I,23,+",31.0,",G,13,",576.9,G,0.4,",G",13.0,"1,,,I",2.181,",G",2.8,",,,G",1.5619999999999998,",,,G"
AG000060680,1982-05-01,22.8,5.4331,1362.0,"TAMANRASSET, AG",370.7,G,240.7,",G",3.0,"3,I",1.0,"3,I",0.0,"3,I",0.0,",G",0.0,",G",0.0,",G",31.0,",G",22.0,",G",19820501.0,",,G",19820528.0,",3,I",19820527.0,"+,,G",11.8,",G,01,",3.0,"3,,I,28,",34.6,",G,27,+",576.9,G,0.0,",G",5.0,"3,,,I",2.6100000000000003,",G",3.274,",,,G",1.9449999999999998,",,,G"
AG000060680,1982-06-01,22.8,5.4331,1362.0,"TAMANRASSET, AG",673.1,G,302.4,",G",3.0,",I",0.0,",I",0.0,",I",0.0,",G",0.0,",G",0.0,",G",30.0,",G",30.0,",G",19820602.0,",,G",19820611.0,"+,,I",19820615.0,",,G",18.8,",G,02,",2.0,",,I,11,+",36.6,",G,15,",576.9,G,0.0,",G",5.0,",,,I",2.841,",G",3.475,",,,G",2.2079999999999997,",,,G"
AG000060680,1982-07-01,22.8,5.4331,1362.0,"TAMANRASSET, AG",990.2,G,317.1,",G",0.0,"1,I",0.0,"1,I",0.0,"1,I",0.0,",G",0.0,",G",0.0,",G",31.0,",G",31.0,",G",19820726.0,",,G",19820731.0,"+,1,I",19820705.0,",,G",20.2,",G,26,",0.0,"1,,I,31,+",36.2,",G,05,",0.0,G,0.0,",G",0.0,"1,,,I",2.856,",G",3.432,",,,G",2.2809999999999997,",,,G"
AG000060680,1982-08-01,22.8,5.4331,1362.0,"TAMANRASSET, AG",1296.8,G,306.6,",G",0.0,"1,I",0.0,"1,I",0.0,"1,I",0.0,",G",0.0,",G",0.0,",G",31.0,",G",31.0,",G",19820820.0,"+,,G",19820831.0,"+,1,I",19820810.0,",,G",19.5,",G,20,+",0.0,"1,,I,31,+",35.3,",G,10,",0.0,G,0.0,",G",0.0,"1,,,I",2.822,",G",3.3899999999999997,",,,G",2.254,",,,G"
AG000060680,1982-09-01,22.8,5.4331,1362.0,"TAMANRASSET, AG",1539.3,G,242.5,",G",0.0,"3,I",0.0,"3,I",0.0,"3,I",0.0,",G",0.0,",G",0.0,",G",30.0,",G",25.0,",G",19820924.0,",,G",19820930.0,"+,3,I",19820916.0,",,G",17.0,",G,24,",0.0,"3,,I,30,+",34.2,",G,16,",0.0,G,0.0,",G",0.0,"3,,,I",2.6420000000000003,",G",3.293,",,,G",1.9899999999999998,",,,G"
AG000060680,1982-10-01,22.8,5.4331,1362.0,"TAMANRASSET, AG",1684.7,G,145.4,",G",2.0,"2,I",0.0,"2,I",0.0,"2,I",0.0,",G",0.0,",G",0.0,",G",31.0,",G",3.0,",G",19821029.0,",,G",19821031.0,"+,2,I",19821012.0,",,G",10.1,",G,29,",2.0,"2,,I,31,+",33.0,",G,12,",0.0,G,0.0,",G",4.0,"2,,,I",2.302,",G",2.993,",,,G",1.611,",,,G"
AG000060680,1982-11-01,22.8,5.4331,1362.0,"TAMANRASSET, AG",1702.3,G,17.6,",G",1.0,",I",0.0,",I",0.0,",I",0.0,",G",0.0,",G",0.0,",G",23.0,",G",0.0,",G",19821127.0,",,G",19821101.0,",,I",19821109.0,",,G",3.3,",G,27,",1.0,",,I,01,",27.5,",G,09,",70.0,G,70.0,",G",1.0,",,,I",1.659,",G",2.34,",,,G",0.977,",,,G"
AG000060680,1982-12-01,22.8,5.4331,1362.0,"TAMANRASSET, AG",1702.3,G,0.0,",G",2.0,",I",2.0,",I",0.0,",I",0.0,",G",0.0,",G",0.0,",G",7.0,",G",0.0,",G",19821206.0,",,G",19821207.0,",,I",19821220.0,",,G",1.9,",G,06,",19.0,",,I,07,",23.4,",G,20,",228.5,G,158.5,",G",31.0,",,,I",1.322,",G",1.9469999999999998,",,,G",0.697,",,,G"
AG000060680,1983-01-01,22.8,5.4331,1362.0,"TAMANRASSET, AG",0.0,G,0.0,",G",0.0,",I",0.0,",I",0.0,",I",0.0,",G",0.0,",G",0.0,",G",5.0,",G",0.0,",G",19830128.0,",,G",19830131.0,"+,,I",19830121.0,",,G",1.7,",G,28,",0.0,",,I,31,+",22.9,",G,21,",437.3,G,208.8,",G",0.0,",,,I",1.16,",G",1.8210000000000002,",,,G",0.49800000000000005,",,,G"
AG000060680,1983-02-01,22.8,5.4331,1362.0,"TAMANRASSET, AG",0.1,G,0.1,",G",6.0,",I",3.0,",I",0.0,",I",0.0,",G",0.0,",G",0.0,",G",17.0,",G",0.0,",G",19830201.0,",,G",19830214.0,",,I",19830218.0,",,G",3.6,",G,01,",6.0,",,I,14,",25.0,",G,18,",520.4,G,83.1,",G",17.0,",,,I",1.537,",G",2.1510000000000002,",,,G",0.922,",,,G"
AG000060680,1983-03-01,22.8,5.4331,1362.0,"TAMANRASSET, AG",6.9,G,6.8,",G",1.0,",I",0.0,",I",0.0,",I",0.0,",G",0.0,",G",0.0,",G",29.0,",G",0.0,",G",19830311.0,",,G",19830303.0,",,I",19830325.0,",,G",6.5,",G,11,",2.0,",,I,03,",28.6,",G,25,",569.8,G,49.4,",G",2.0,",,,I",1.6960000000000002,",G",2.408,",,,G",0.984,",,,G"
AG000060680,1983-04-01,22.8,5.4331,1362.0,"TAMANRASSET, AG",148.6,G,141.7,",G",0.0,",I",0.0,",I",0.0,",I",0.0,",G",0.0,",G",0.0,",G",30.0,",G",9.0,",G",19830401.0,",,G",19830430.0,"+,,I",19830429.0,",,G",4.1,",G,01,",0.0,",,I,30,+",35.2,",G,29,",578.3,G,8.5,",G",0.0,",,,I",2.277,",G",2.967,",,,G",1.588,",,,G"
AG000060680,1983-05-01,22.8,5.4331,1362.0,"TAMANRASSET, AG",482.8,G,334.2,",G",0.0,"3,I",0.0,"3,I",0.0,"3,I",0.0,",G",0.0,",G",0.0,",G",31.0,",G",31.0,",G",19830514.0,",,G",19830531.0,"+,3,I",19830509.0,",,G",18.0,",G,14,",0.0,"3,,I,31,+",37.4,",G,09,",578.3,G,0.0,",G",0.0,"3,,,I",2.911,",G",3.5869999999999997,",,,G",2.2359999999999998,",,,G"
AG000060680,1983-06-01,22.8,5.4331,1362.0,"TAMANRASSET, AG",792.1,G,309.3,",G",3.0,"2,I",1.0,"2,I",0.0,"2,I",0.0,",G",0.0,",G",0.0,",G",30.0,",G",26.0,",G",19830609.0,",,G",19830615.0,",2,I",19830630.0,",,G",19.6,",G,09,",8.0,"2,,I,15,",38.0,",G,30,",578.3,G,0.0,",G",10.0,"2,,,I",2.864,",G",3.4509999999999996,",,,G",2.278,",,,G"
AG000060680,1983-07-01,22.8,5.4331,1362.0,"TAMANRASSET, AG",1139.3,G,347.2,",G",1.0,",I",0.0,",I",0.0,",I",0.0,",G",0.0,",G",0.0,",G",31.0,",G",31.0,",G",19830704.0,",,G",19830714.0,",,I",19830711.0,",,G",20.7,",G,04,",1.0,",,I,14,",37.4,",G,11,",0.0,G,0.0,",G",1.0,",,,I",2.9530000000000003,",G",3.54,",,,G",2.367,",,,G"
AG000060680,1983-08-01,22.8,5.4331,1362.0,"TAMANRASSET, AG",1472.4,G,333.1,",G",2.0,",I",1.0,",I",0.0,",I",0.0,",G",0.0,",G",0.0,",G",31.0,",G",30.0,",G",19830826.0,"+,,G",19830806.0,",,I",19830830.0,",,G",20.2,",G,26,+",11.0,",,I,06,",38.1,",G,30,",0.0,G,0.0,",G",13.0,",,,I",2.908,",G",3.5130000000000003,",,,G",2.303,",,,G"
AG000060680,1983-09-01,22.8,5.4331,1362.0,"TAMANRASSET, AG",1728.8,G,256.4,",G",0.0,"1,I",0.0,"1,I",0.0,"1,I",0.0,",G",0.0,",G",0.0,",G",30.0,",G",23.0,",G",19830927.0,",,G",19830930.0,"+,1,I",19830903.0,",,G",16.2,",G,27,",0.0,"1,,I,30,+",35.7,",G,03,",0.0,G,0.0,",G",0.0,"1,,,I",2.6879999999999997,",G",3.2880000000000003,",,,G",2.088,",,,G"
AG000060680,1983-10-01,22.8,5.4331,1362.0,"TAMANRASSET, AG",1829.8,G,101.0,",G",0.0,",I",0.0,",I",0.0,",I",0.0,",G",0.0,",G",0.0,",G",31.0,",G",1.0,",G",19831019.0,",,G",19831031.0,"+,,I",19831001.0,",,G",10.8,",G,19,",0.0,",,I,31,+",32.2,",G,01,",0.0,G,0.0,",G",0.0,",,,I",2.159,",G",2.805,",,,G",1.5130000000000001,",,,G"
AG000060680,1983-11-01,22.8,5.4331,1362.0,"TAMANRASSET, AG",1850.7,G,20.9,",G",0.0,",I",0.0,",I",0.0,",I",0.0,",G",0.0,",G",0.0,",G",30.0,",G",0.0,",G",19831128.0,",,G",19831130.0,"+,,I",19831111.0,",,G",6.2,",G,28,",0.0,",,I,30,+",28.9,",G,11,",15.4,G,15.4,",G",0.0,",,,I",1.8519999999999999,",G",2.587,",,,G",1.116,",,,G"
AG000060680,1983-12-01,22.8,5.4331,1362.0,"TAMANRASSET, AG",1850.7,G,0.0,",G",0.0,",I",0.0,",I",0.0,",I",0.0,",G",0.0,",G",0.0,",G",16.0,",G",0.0,",G",19831214.0,",,G",19831231.0,"+,,I",19831220.0,",,G",1.1,",G,14,",0.0,",,I,31,+",24.4,",G,20,",176.3,G,160.9,",G",0.0,",,,I",1.314,",G",2.1239999999999997,",,,G",0.505,",,,G"
AG000060680,1984-01-01,22.8,5.4331,1362.0,"TAMANRASSET, AG",0.0,G,0.0,",G",0.0,",I",0.0,",I",0.0,",I",0.0,",G",0.0,",G",0.0,",G",5.0,",G",0.0,",G",19840108.0,",,G",19840131.0,"+,,I",19840125.0,",,G",0.5,",G,08,",0.0,",,I,31,+",23.7,",G,25,",365.3,G,189.0,",G",0.0,",,,I",1.224,",G",1.905,",,,G",0.542,",,,G"
AG000060680,1984-02-01,22.8,5.4331,1362.0,"TAMANRASSET, AG",3.0,G,3.0,",G",0.0,",I",0.0,",I",0.0,",I",0.0,",G",0.0,",G",0.0,",G",14.0,",G",0.0,",G",19840206.0,",,G",19840229.0,"+,,I",19840227.0,",,G",0.8,",G,06,",0.0,",,I,29,+",28.0,",G,27,",510.3,G,145.0,",G",0.0,",,,I",1.3439999999999999,",G",2.16,",,,G",0.528,",,,G"
AG000060680,1984-03-01,22.8,5.4331,1362.0,"TAMANRASSET, AG",44.2,G,41.2,",G",0.0,"1,I",0.0,"1,I",0.0,"1,I",0.0,",G",0.0,",G",0.0,",G",30.0,",G",0.0,",G",19840316.0,",,G",19840331.0,"+,1,I",19840306.0,",,G",5.0,",G,16,",0.0,"1,,I,31,+",30.0,",G,06,",537.1,G,26.8,",G",0.0,"1,,,I",1.8800000000000001,",G",2.6100000000000003,",,,G",1.15,",,,G"
AG000060680,1984-04-01,22.8,5.4331,1362.0,"TAMANRASSET, AG",185.0,G,140.8,",G",0.0,",I",0.0,",I",0.0,",I",0.0,",G",0.0,",G",0.0,",G",30.0,",G",5.0,",G",19840403.0,",,G",19840430.0,"+,,I",19840428.0,"+,,G",9.6,",G,03,",0.0,",,I,30,+",33.0,",G,28,+",537.1,G,0.0,",G",0.0,",,,I",2.303,",G",3.058,",,,G",1.5470000000000002,",,,G"
AG000060680,1984-05-01,22.8,5.4331,1362.0,"TAMANRASSET, AG",472.4,G,287.4,",G",0.0,",I",0.0,",I",0.0,",I",0.0,",G",0.0,",G",0.0,",G",31.0,",G",25.0,",G",19840512.0,",,G",19840531.0,"+,,I",19840528.0,"+,,G",14.5,",G,12,",0.0,",,I,31,+",37.5,",G,28,+",537.1,G,0.0,",G",0.0,",,,I",2.7600000000000002,",G",3.408,",,,G",2.113,",,,G"
AG000060680,1984-06-01,22.8,5.4331,1362.0,"TAMANRASSET, AG",798.6,G,326.2,",G",0.0,"1,I",0.0,"1,I",0.0,"1,I",0.0,",G",0.0,",G",0.0,",G",30.0,",G",30.0,",G",19840623.0,",,G",19840630.0,"+,1,I",19840607.0,",,G",19.5,",G,23,",0.0,"1,,I,30,+",37.2,",G,07,",537.1,G,0.0,",G",0.0,"1,,,I",2.9210000000000003,",G",3.4979999999999998,",,,G",2.343,",,,G"
AG000060680,1984-07-01,22.8,5.4331,1362.0,"TAMANRASSET, AG",1082.1,G,283.5,",G",1.0,",I",0.0,",I",0.0,",I",0.0,",G",0.0,",G",0.0,",G",31.0,",G",26.0,",G",19840716.0,"+,,G",19840731.0,",,I",19840709.0,",,G",19.5,",G,16,+",2.0,",,I,31,",36.0,",G,09,",0.0,G,0.0,",G",2.0,",,,I",2.748,",G",3.335,",,,G",2.16,",,,G"
AG000060680,1984-08-01,22.8,5.4331,1362.0,"TAMANRASSET, AG",1376.7,G,294.6,",G",0.0,",I",0.0,",I",0.0,",I",0.0,",G",0.0,",G",0.0,",G",31.0,",G",29.0,",G",19840811.0,"+,,G",19840831.0,"+,,I",19840819.0,",,G",19.5,",G,11,+",0.0,",,I,31,+",36.5,",G,19,",0.0,G,0.0,",G",0.0,",,,I",2.784,",G",3.4,",,,G",2.1670000000000003,",,,G"
AG000060680,1984-09-01,22.8,5.4331,1362.0,"TAMANRASSET, AG",1620.8,G,244.1,",G",3.0,"4,I",3.0,"4,I",0.0,"4,I",0.0,",G",0.0,",G",0.0,",G",30.0,",G",20.0,",G",19840930.0,",,G",19840929.0,",4,I",19840901.0,",,G",15.7,",G,30,",23.0,"4,,I,29,",35.2,",G,01,",0.0,G,0.0,",G",29.0,"4,,,I",2.647,",G",3.223,",,,G",2.071,",,,G"
AG000060680,1984-10-01,22.8,5.4331,1362.0,"TAMANRASSET, AG",1738.9,G,118.1,",G",1.0,"4,I",1.0,"4,I",0.0,"4,I",0.0,",G",0.0,",G",0.0,",G",31.0,",G",0.0,",G",19841031.0,"+,,G",19841005.0,",4,I",19841010.0,",,G",12.0,",G,31,+",11.0,"4,,I,05,",30.7,",G,10,",0.0,G,0.0,",G",11.0,"4,,,I",2.214,",G",2.838,",,,G",1.59,",,,G"
AG000060680,1984-11-01,22.8,5.4331,1362.0,"TAMANRASSET, AG",1758.9,G,20.0,",G",1.0,"1,I",0.0,"1,I",0.0,"1,I",0.0,",G",0.0,",G",0.0,",G",30.0,",G",0.0,",G",19841129.0,",,G",19841114.0,",1,I",19841119.0,",,G",5.9,",G,29,",1.0,"1,,I,14,",28.0,",G,19,",30.8,G,30.8,",G",1.0,"1,,,I",1.797,",G",2.471,",,,G",1.124,",,,G"
AG000060680,1984-12-01,22.8,5.4331,1362.0,"TAMANRASSET, AG",1758.9,G,0.0,",G",0.0,",I",0.0,",I",0.0,",I",0.0,",G",2.0,",G",0.0,",G",11.0,",G",0.0,",G",19841231.0,",,G",19841231.0,"+,,I",19841209.0,"+,,G",-2.3,",G,31,",0.0,",,I,31,+",23.0,",G,09,+",211.9,G,181.1,",G",0.0,",,,I",1.249,",G",1.937,",,,G",0.561,",,,G"
AG000060680,1985-01-01,22.8,5.4331,1362.0,"TAMANRASSET, AG",0.0,G,0.0,",G",0.0,",I",0.0,",I",0.0,",I",0.0,",G",1.0,",G",0.0,",G",13.0,",G",0.0,",G",19850117.0,",,G",19850131.0,"+,,I",19850123.0,",,G",-4.3,",G,17,",0.0,",,I,31,+",24.5,",G,23,",393.0,G,181.1,",G",0.0,",,,I",1.249,",G",1.9629999999999999,",,,G",0.5349999999999999,",,,G"
AG000060680,1985-02-01,22.8,5.4331,1362.0,"TAMANRASSET, AG",1.7,G,1.7,",G",0.0,",I",0.0,",I",0.0,",I",0.0,",G",0.0,",G",0.0,",G",24.0,",G",0.0,",G",19850204.0,",,G",19850228.0,"+,,I",19850223.0,",,G",2.0,",G,04,",0.0,",,I,28,+",27.4,",G,23,",461.5,G,68.5,",G",0.0,",,,I",1.595,",G",2.4059999999999997,",,,G",0.784,",,,G"
AG000060680,1985-03-01,22.8,5.4331,1362.0,"TAMANRASSET, AG",18.3,G,16.6,",G",2.0,"3,I",0.0,"3,I",0.0,"3,I",0.0,",G",0.0,",G",0.0,",G",30.0,",G",0.0,",G",19850330.0,",,G",19850319.0,",3,I",19850326.0,",,G",7.5,",G,30,",2.0,"3,,I,19,",28.4,",G,26,",480.7,G,19.2,",G",3.0,"3,,,I",1.825,",G",2.433,",,,G",1.216,",,,G"
AG000060680,1985-04-01,22.8,5.4331,1362.0,"TAMANRASSET, AG",103.9,G,85.6,",G",0.0,",I",0.0,",I",0.0,",I",0.0,",G",0.0,",G",0.0,",G",30.0,",G",1.0,",G",19850416.0,",,G",19850430.0,"+,,I",19850430.0,",,G",6.6,",G,16,",0.0,",,I,30,+",33.0,",G,30,",491.9,G,11.2,",G",0.0,",,,I",2.081,",G",2.7969999999999997,",,,G",1.366,",,,G"
AG000060680,1985-05-01,22.8,5.4331,1362.0,"TAMANRASSET, AG",317.7,G,213.8,",G",0.0,"2,I",0.0,"2,I",0.0,"2,I",0.0,",G",0.0,",G",0.0,",G",31.0,",G",23.0,",G",19850507.0,",,G",19850531.0,"+,2,I",19850531.0,",,G",12.5,",G,07,",0.0,"2,,I,31,+",36.0,",G,31,",491.9,G,0.0,",G",0.0,"2,,,I",2.523,",G",3.282,",,,G",1.764,",,,G"
AG000060680,1985-06-01,22.8,5.4331,1362.0,"TAMANRASSET, AG",663.7,G,346.0,",G",1.0,",I",0.0,",I",0.0,",I",0.0,",G",0.0,",G",0.0,",G",30.0,",G",30.0,",G",19850617.0,",,G",19850612.0,",,I",19850609.0,",,G",19.8,",G,17,",1.0,",,I,12,",37.8,",G,09,",491.9,G,0.0,",G",1.0,",,,I",2.987,",G",3.603,",,,G",2.371,",,,G"
AG000060680,1985-07-01,22.8,5.4331,1362.0,"TAMANRASSET, AG",955.3,G,291.6,",G",2.0,"3,I",1.0,"3,I",0.0,"3,I",0.0,",G",0.0,",G",0.0,",G",31.0,",G",28.0,",G",19850711.0,",,G",19850720.0,",3,I",19850709.0,",,G",19.0,",G,11,",8.0,"3,,I,20,",35.6,",G,09,",0.0,G,0.0,",G",10.0,"3,,,I",2.774,",G",3.3659999999999997,",,,G",2.182,",,,G"
AG000060680,1985-08-01,22.8,5.4331,1362.0,"TAMANRASSET, AG",1261.2,G,305.9,",G",0.0,"1,I",0.0,"1,I",0.0,"1,I",0.0,",G",0.0,",G",0.0,",G",31.0,",G",31.0,",G",19850811.0,",,G",19850831.0,"+,1,I",19850809.0,",,G",19.5,",G,11,",0.0,"1,,I,31,+",37.1,",G,09,",0.0,G,0.0,",G",0.0,"1,,,I",2.82,",G",3.418,",,,G",2.222,",,,G"
AG000060680,1985-09-01,22.8,5.4331,1362.0,"TAMANRASSET, AG",1508.4,G,247.2,",G",0.0,"1,I",0.0,"1,I",0.0,"1,I",0.0,",G",0.0,",G",0.0,",G",30.0,",G",14.0,",G",19850925.0,",,G",19850930.0,"+,1,I",19850917.0,",,G",18.3,",G,25,",0.0,"1,,I,30,+",33.4,",G,17,",0.0,G,0.0,",G",0.0,"1,,,I",2.657,",G",3.2020000000000004,",,,G",2.112,",,,G"
AG000060680,1985-10-01,22.8,5.4331,1362.0,"TAMANRASSET, AG",1623.5,G,115.1,",G",1.0,",I",0.0,",I",0.0,",I",0.0,",G",0.0,",G",0.0,",G",31.0,",G",0.0,",G",19851029.0,",,G",19851008.0,",,I",19851011.0,"+,,G",12.0,",G,29,",1.0,",,I,08,",29.5,",G,11,+",0.0,G,0.0,",G",1.0,",,,I",2.205,",G",2.786,",,,G",1.623,",,,G"
AG000060680,1985-11-01,22.8,5.4331,1362.0,"TAMANRASSET, AG",1647.8,G,24.3,",G",0.0,",I",0.0,",I",0.0,",I",0.0,",G",0.0,",G",0.0,",G",30.0,",G",0.0,",G",19851127.0,",,G",19851130.0,"+,,I",19851108.0,",,G",7.0,",G,27,",0.0,",,I,30,+",29.0,",G,08,",9.5,G,9.5,",G",0.0,",,,I",1.8829999999999998,",G",2.629,",,,G",1.137,",,,G"
AG000060680,1985-12-01,22.8,5.4331,1362.0,"TAMANRASSET, AG",1649.2,G,1.4,",G",0.0,",I",0.0,",I",0.0,",I",0.0,",G",2.0,",G",0.0,",G",13.0,",G",0.0,",G",19851215.0,",,G",19851231.0,"+,,I",19851202.0,",,G",-1.5,",G,15,",0.0,",,I,31,+",26.0,",G,02,",169.0,G,159.5,",G",0.0,",,,I",1.323,",G",2.025,",,,G",0.622,",,,G"
AG000060680,1986-01-01,22.8,5.4331,1362.0,"TAMANRASSET, AG",0.0,G,0.0,",G",0.0,",I",0.0,",I",0.0,",I",0.0,",G",1.0,",G",0.0,",G",8.0,",G",0.0,",G",19860116.0,",,G",19860131.0,"+,,I",19860131.0,",,G",-1.0,",G,16,",0.0,",,I,31,+",23.7,",G,31,",370.4,G,201.4,",G",0.0,",,,I",1.184,",G",1.9100000000000001,",,,G",0.457,",,,G"
AG000060680,1986-02-01,22.8,5.4331,1362.0,"TAMANRASSET, AG",3.7,G,3.7,",G",0.0,"1,I",0.0,"1,I",0.0,"1,I",0.0,",G",1.0,",G",0.0,",G",19.0,",G",0.0,",G",19860208.0,",,G",19860228.0,"+,1,I",19860227.0,",,G",-1.0,",G,08,",0.0,"1,,I,28,+",26.5,",G,27,",470.8,G,100.4,",G",0.0,"1,,,I",1.488,",G",2.222,",,,G",0.754,",,,G"
AG000060680,1986-03-01,22.8,5.4331,1362.0,"TAMANRASSET, AG",39.1,G,35.4,",G",0.0,",I",0.0,",I",0.0,",I",0.0,",G",0.0,",G",0.0,",G",30.0,",G",0.0,",G",19860307.0,",,G",19860331.0,"+,,I",19860331.0,"+,,G",3.5,",G,07,",0.0,",,I,31,+",29.8,",G,31,+",508.2,G,37.4,",G",0.0,",,,I",1.827,",G",2.558,",,,G",1.096,",,,G"
AG000060680,1986-04-01,22.8,5.4331,1362.0,"TAMANRASSET, AG",253.3,G,214.2,",G",0.0,",I",0.0,",I",0.0,",I",0.0,",G",0.0,",G",0.0,",G",30.0,",G",17.0,",G",19860409.0,",,G",19860430.0,"+,,I",19860417.0,",,G",10.5,",G,09,",0.0,",,I,30,+",35.6,",G,17,",508.2,G,0.0,",G",0.0,",,,I",2.5469999999999997,",G",3.229,",,,G",1.866,",,,G"
AG000060680,1986-05-01,22.8,5.4331,1362.0,"TAMANRASSET, AG",499.5,G,246.2,",G",1.0,"1,I",1.0,"1,I",0.0,"1,I",0.0,",G",0.0,",G",0.0,",G",31.0,",G",17.0,",G",19860506.0,"+,,G",19860530.0,",1,I",19860531.0,",,G",15.0,",G,06,+",3.0,"1,,I,30,",34.6,",G,31,",508.2,G,0.0,",G",3.0,"1,,,I",2.628,",G",3.226,",,,G",2.029,",,,G"
AG000060680,1986-06-01,22.8,5.4331,1362.0,"TAMANRASSET, AG",846.8,G,347.3,",G",2.0,"1,I",1.0,"1,I",0.0,"1,I",0.0,",G",0.0,",G",0.0,",G",30.0,",G",30.0,",G",19860615.0,"+,,G",19860626.0,",1,I",19860617.0,",,G",20.5,",G,15,+",3.0,"1,,I,26,",39.6,",G,17,",508.2,G,0.0,",G",5.0,"1,,,I",2.991,",G",3.6090000000000004,",,,G",2.373,",,,G"
AG000060680,1986-07-01,22.8,5.4331,1362.0,"TAMANRASSET, AG",1186.8,G,340.0,",G",1.0,",I",0.0,",I",0.0,",I",0.0,",G",0.0,",G",0.0,",G",31.0,",G",30.0,",G",19860719.0,"+,,G",19860722.0,",,I",19860721.0,"+,,G",20.6,",G,19,+",1.0,",,I,22,",36.8,",G,21,+",0.0,G,0.0,",G",1.0,",,,I",2.93,",G",3.495,",,,G",2.3649999999999998,",,,G"
AG000060680,1986-08-01,22.8,5.4331,1362.0,"TAMANRASSET, AG",1504.9,G,318.1,",G",1.0,"2,I",0.0,"2,I",0.0,"2,I",0.0,",G",0.0,",G",0.0,",G",31.0,",G",31.0,",G",19860827.0,",,G",19860820.0,",2,I",19860810.0,",,G",20.3,",G,27,",1.0,"2,,I,20,",36.5,",G,10,",0.0,G,0.0,",G",1.0,"2,,,I",2.859,",G",3.44,",,,G",2.279,",,,G"
AG000060680,1986-09-01,22.8,5.4331,1362.0,"TAMANRASSET, AG",1759.3,G,254.4,",G",5.0,"1,I",2.0,"1,I",0.0,"1,I",0.0,",G",0.0,",G",0.0,",G",30.0,",G",22.0,",G",19860917.0,",,G",19860916.0,",1,I",19860902.0,",,G",17.4,",G,17,",13.0,"1,,I,16,",34.8,",G,02,",0.0,G,0.0,",G",21.0,"1,,,I",2.681,",G",3.258,",,,G",2.104,",,,G"
AG000060680,1986-10-01,22.8,5.4331,1362.0,"TAMANRASSET, AG",1914.8,G,155.5,",G",0.0,"1,I",0.0,"1,I",0.0,"1,I",0.0,",G",0.0,",G",0.0,",G",31.0,",G",0.0,",G",19861031.0,",,G",19861031.0,"+,1,I",19861001.0,",,G",10.9,",G,31,",0.0,"1,,I,31,+",31.8,",G,01,",0.0,G,0.0,",G",0.0,"1,,,I",2.335,",G",2.955,",,,G",1.7149999999999999,",,,G"
AG000060680,1986-11-01,22.8,5.4331,1362.0,"TAMANRASSET, AG",1926.6,G,11.8,",G",0.0,",I",0.0,",I",0.0,",I",0.0,",G",0.0,",G",0.0,",G",25.0,",G",0.0,",G",19861121.0,",,G",19861130.0,"+,,I",19861106.0,"+,,G",4.5,",G,21,",0.0,",,I,30,+",27.5,",G,06,+",63.0,G,63.0,",G",0.0,",,,I",1.6629999999999998,",G",2.34,",,,G",0.986,",,,G"
AG000060680,1986-12-01,22.8,5.4331,1362.0,"TAMANRASSET, AG",1926.6,G,0.0,",G",0.0,",I",0.0,",I",0.0,",I",0.0,",G",1.0,",G",0.0,",G",9.0,",G",0.0,",G",19861227.0,",,G",19861231.0,"+,,I",19861205.0,",,G",-1.0,",G,27,",0.0,",,I,31,+",23.8,",G,05,",265.2,G,202.2,",G",0.0,",,,I",1.181,",G",1.934,",,,G",0.42800000000000005,",,,G"
AG000060680,1987-01-01,22.8,5.4331,1362.0,"TAMANRASSET, AG",0.0,G,0.0,",G",0.0,",I",0.0,",I",0.0,",I",0.0,",G",1.0,",G",0.0,",G",16.0,",G",0.0,",G",19870103.0,",,G",19870131.0,"+,,I",19870124.0,"+,,G",-1.0,",G,03,",0.0,",,I,31,+",25.7,",G,24,+",435.0,G,169.8,",G",0.0,",,,I",1.286,",G",2.1109999999999998,",,,G",0.45999999999999996,",,,G"
AG000060680,1987-02-01,22.8,5.4331,1362.0,"TAMANRASSET, AG",1.1,G,1.1,",G",0.0,",I",0.0,",I",0.0,",I",0.0,",G",0.0,",G",0.0,",G",20.0,",G",0.0,",G",19870211.0,",,G",19870228.0,"+,,I",19870224.0,"+,,G",2.5,",G,11,",0.0,",,I,28,+",27.0,",G,24,+",532.3,G,97.3,",G",0.0,",,,I",1.49,",G",2.282,",,,G",0.6980000000000001,",,,G"
AG000060680,1987-03-01,22.8,5.4331,1362.0,"TAMANRASSET, AG",41.6,G,40.5,",G",0.0,"3,I",0.0,"3,I",0.0,"3,I",0.0,",G",0.0,",G",0.0,",G",31.0,",G",0.0,",G",19870301.0,",,G",19870331.0,"+,3,I",19870317.0,",,G",6.4,",G,01,",0.0,"3,,I,31,+",30.0,",G,17,",547.0,G,14.7,",G",0.0,"3,,,I",1.916,",G",2.6390000000000002,",,,G",1.194,",,,G"
AG000060680,1987-04-01,22.8,5.4331,1362.0,"TAMANRASSET, AG",158.6,G,117.0,",G",0.0,",I",0.0,",I",0.0,",I",0.0,",G",0.0,",G",0.0,",G",30.0,",G",7.0,",G",19870401.0,",,G",19870430.0,"+,,I",19870411.0,",,G",6.7,",G,01,",0.0,",,I,30,+",33.4,",G,11,",554.5,G,7.5,",G",0.0,",,,I",2.198,",G",2.984,",,,G",1.412,",,,G"
AG000060680,1987-05-01,22.8,5.4331,1362.0,"TAMANRASSET, AG",481.7,G,323.1,",G",0.0,"1,I",0.0,"1,I",0.0,"1,I",0.0,",G",0.0,",G",0.0,",G",31.0,",G",31.0,",G",19870502.0,",,G",19870531.0,"+,1,I",19870526.0,",,G",16.9,",G,02,",0.0,"1,,I,31,+",38.4,",G,26,",554.5,G,0.0,",G",0.0,"1,,,I",2.875,",G",3.5490000000000004,",,,G",2.202,",,,G"
AG000060680,1987-06-01,22.8,5.4331,1362.0,"TAMANRASSET, AG",800.0,G,318.3,",G",0.0,"1,I",0.0,"1,I",0.0,"1,I",0.0,",G",0.0,",G",0.0,",G",30.0,",G",28.0,",G",19870607.0,",,G",19870630.0,"+,1,I",19870621.0,",,G",19.4,",G,07,",0.0,"1,,I,30,+",37.6,",G,21,",554.5,G,0.0,",G",0.0,"1,,,I",2.894,",G",3.4979999999999998,",,,G",2.29,",,,G"
AG000060680,1987-07-01,22.8,5.4331,1362.0,"TAMANRASSET, AG",1192.5,G,392.5,",G",1.0,"3,I",1.0,"3,I",0.0,"3,I",0.0,",G",0.0,",G",0.0,",G",31.0,",G",31.0,",G",19870713.0,",,G",19870713.0,",3,I",19870719.0,",,G",21.2,",G,13,",14.0,"3,,I,13,",40.0,",G,19,",0.0,G,0.0,",G",14.0,"3,,,I",3.1,",G",3.6759999999999997,",,,G",2.523,",,,G"
AG000060680,1987-08-01,22.8,5.4331,1362.0,"TAMANRASSET, AG",1535.0,G,342.5,",G",1.0,"1,I",1.0,"1,I",0.0,"1,I",0.0,",G",0.0,",G",0.0,",G",31.0,",G",31.0,",G",19870827.0,",,G",19870826.0,",1,I",19870809.0,",,G",18.4,",G,27,",6.0,"1,,I,26,",37.1,",G,09,",0.0,G,0.0,",G",6.0,"1,,,I",2.9379999999999997,",G",3.5100000000000002,",,,G",2.366,",,,G"
AG000060680,1987-09-01,22.8,5.4331,1362.0,"TAMANRASSET, AG",1782.5,G,247.5,",G",3.0,"1,I",2.0,"1,I",0.0,"1,I",0.0,",G",0.0,",G",0.0,",G",30.0,",G",14.0,",G",19870926.0,",,G",19870922.0,",1,I",19870901.0,",,G",16.1,",G,26,",5.0,"1,,I,22,",35.6,",G,01,",0.0,G,0.0,",G",9.0,"1,,,I",2.658,",G",3.2,",,,G",2.117,",,,G"
AG000060680,1987-10-01,22.8,5.4331,1362.0,"TAMANRASSET, AG",1933.3,G,150.8,",G",1.0,"1,I",1.0,"1,I",0.0,"1,I",0.0,",G",0.0,",G",0.0,",G",31.0,",G",5.0,",G",19871031.0,",,G",19871008.0,",1,I",19871003.0,",,G",12.5,",G,31,",4.0,"1,,I,08,",32.6,",G,03,",0.0,G,0.0,",G",4.0,"1,,,I",2.32,",G",2.928,",,,G",1.7120000000000002,",,,G"
AG000060680,1987-11-01,22.8,5.4331,1362.0,"TAMANRASSET, AG",1952.4,G,19.1,",G",0.0,",I",0.0,",I",0.0,",I",0.0,",G",0.0,",G",0.0,",G",29.0,",G",0.0,",G",19871123.0,"+,,G",19871130.0,"+,,I",19871107.0,",,G",5.6,",G,23,+",0.0,",,I,30,+",27.6,",G,07,",33.2,G,33.2,",G",0.0,",,,I",1.786,",G",2.482,",,,G",1.091,",,,G"
AG000060680,1987-12-01,22.8,5.4331,1362.0,"TAMANRASSET, AG",1961.4,G,9.0,",G",1.0,",I",1.0,",I",0.0,",I",0.0,",G",0.0,",G",0.0,",G",24.0,",G",0.0,",G",19871228.0,",,G",19871230.0,",,I",19871204.0,",,G",2.8,",G,28,",4.0,",,I,30,",28.5,",G,04,",121.1,G,87.9,",G",4.0,",,,I",1.579,",G",2.2760000000000002,",,,G",0.881,",,,G"
AG000060680,1988-01-01,22.8,5.4331,1362.0,"TAMANRASSET, AG",10.1,G,10.1,",G",0.0,"1,I",0.0,"1,I",0.0,"1,I",0.0,",G",2.0,",G",0.0,",G",14.0,",G",0.0,",G",19880103.0,",,G",19880131.0,"+,1,I",19880131.0,",,G",-0.4,",G,03,",0.0,"1,,I,31,+",27.9,",G,31,",270.0,G,148.9,",G",0.0,"1,,,I",1.386,",G",2.127,",,,G",0.645,",,,G"
AG000060680,1988-02-01,22.8,5.4331,1362.0,"TAMANRASSET, AG",20.7,G,10.6,",G",0.0,"1,I",0.0,"1,I",0.0,"1,I",0.0,",G",0.0,",G",0.0,",G",26.0,",G",0.0,",G",19880209.0,",,G",19880229.0,"+,1,I",19880229.0,",,G",0.4,",G,09,",0.0,"1,,I,29,+",27.8,",G,29,",341.0,G,71.0,",G",0.0,"1,,,I",1.625,",G",2.319,",,,G",0.931,",,,G"
AG000060680,1988-03-01,22.8,5.4331,1362.0,"TAMANRASSET, AG",61.5,G,40.8,"2,G",3.0,",I",3.0,",I",1.0,",I",0.0,"1,G",0.0,"1,G",0.0,"1,G",26.0,"1,G",0.0,"1,G",19880307.0,",1,G",19880304.0,",,I",19880302.0,",1,G",5.5,"1,G,07,",41.0,",,I,04,",31.5,"1,G,02,",370.6,G,29.6,"1,G",51.0,",,,I",1.8760000000000001,"2,G",2.541,"1,,,G",1.21,"1,,,G"
AG000060680,1988-04-01,22.8,5.4331,1362.0,"TAMANRASSET, AG",262.4,G,200.9,",G",1.0,",I",0.0,",I",0.0,",I",0.0,",G",0.0,",G",0.0,",G",30.0,",G",13.0,",G",19880428.0,",,G",19880426.0,",,I",19880422.0,",,G",12.6,",G,28,",2.0,",,I,26,",35.4,",G,22,",370.6,G,0.0,",G",2.0,",,,I",2.503,",G",3.146,",,,G",1.86,",,,G"
AG000060680,1988-05-01,22.8,5.4331,1362.0,"TAMANRASSET, AG",529.3,G,266.9,",G",0.0,"1,I",0.0,"1,I",0.0,"1,I",0.0,",G",0.0,",G",0.0,",G",31.0,",G",22.0,",G",19880518.0,",,G",19880531.0,"+,1,I",19880530.0,",,G",14.0,",G,18,",0.0,"1,,I,31,+",37.7,",G,30,",370.6,G,0.0,",G",0.0,"1,,,I",2.694,",G",3.406,",,,G",1.982,",,,G"
AG000060680,1988-06-01,22.8,5.4331,1362.0,"TAMANRASSET, AG",892.8,G,363.5,",G",0.0,"2,I",0.0,"2,I",0.0,"2,I",0.0,",G",0.0,",G",0.0,",G",30.0,",G",30.0,",G",19880607.0,",,G",19880630.0,"+,2,I",19880626.0,",,G",20.1,",G,07,",0.0,"2,,I,30,+",39.6,",G,26,",370.6,G,0.0,",G",0.0,"2,,,I",3.045,",G",3.6390000000000002,",,,G",2.451,",,,G"
AG000060680,1988-07-01,22.8,5.4331,1362.0,"TAMANRASSET, AG",1254.4,G,361.6,",G",1.0,"1,I",0.0,"1,I",0.0,"1,I",0.0,",G",0.0,",G",0.0,",G",31.0,",G",31.0,",G",19880721.0,",,G",19880707.0,",1,I",19880702.0,",,G",20.5,",G,21,",2.0,"1,,I,07,",38.5,",G,02,",0.0,G,0.0,",G",2.0,"1,,,I",3.0,",G",3.597,",,,G",2.402,",,,G"
AG000060680,1988-08-01,22.8,5.4331,1362.0,"TAMANRASSET, AG",1581.0,G,326.6,",G",0.0,",I",0.0,",I",0.0,",I",0.0,",G",0.0,",G",0.0,",G",31.0,",G",31.0,",G",19880817.0,"+,,G",19880831.0,"+,,I",19880808.0,",,G",20.2,",G,17,+",0.0,",,I,31,+",36.3,",G,08,",0.0,G,0.0,",G",0.0,",,,I",2.887,",G",3.4909999999999997,",,,G",2.283,",,,G"
AG000060680,1988-09-01,22.8,5.4331,1362.0,"TAMANRASSET, AG",1854.6,G,273.6,",G",2.0,"2,I",1.0,"2,I",0.0,"2,I",0.0,",G",0.0,",G",0.0,",G",30.0,",G",25.0,",G",19880930.0,",,G",19880916.0,",2,I",19880901.0,",,G",18.7,",G,30,",4.0,"2,,I,16,",35.0,",G,01,",0.0,G,0.0,",G",6.0,"2,,,I",2.745,",G",3.319,",,,G",2.1719999999999997,",,,G"
AG000060680,1988-10-01,22.8,5.4331,1362.0,"TAMANRASSET, AG",1984.0,G,129.4,",G",0.0,"1,I",0.0,"1,I",0.0,"1,I",0.0,",G",0.0,",G",0.0,",G",31.0,",G",2.0,",G",19881031.0,",,G",19881031.0,"+,1,I",19881007.0,"+,,G",9.5,",G,31,",0.0,"1,,I,31,+",32.5,",G,07,+",0.9,G,0.9,",G",0.0,"1,,,I",2.248,",G",2.881,",,,G",1.6149999999999998,",,,G"
AG000060680,1988-11-01,22.8,5.4331,1362.0,"TAMANRASSET, AG",1999.8,G,15.8,",G",2.0,",I",2.0,",I",0.0,",I",0.0,",G",0.0,",G",0.0,",G",27.0,",G",0.0,",G",19881127.0,",,G",19881129.0,",,I",19881108.0,",,G",4.6,",G,27,",13.0,",,I,29,",28.6,",G,08,",44.5,G,43.6,",G",16.0,",,,I",1.741,",G",2.403,",,,G",1.079,",,,G"
AG000060680,1988-12-01,22.8,5.4331,1362.0,"TAMANRASSET, AG",2001.0,G,1.2,",G",0.0,",I",0.0,",I",0.0,",I",0.0,",G",1.0,",G",0.0,",G",8.0,",G",0.0,",G",19881221.0,",,G",19881231.0,"+,,I",19881205.0,"+,,G",-1.2,",G,21,",0.0,",,I,31,+",25.5,",G,05,+",264.2,G,219.7,",G",0.0,",,,I",1.128,",G",1.8050000000000002,",,,G",0.45099999999999996,",,,G"
AG000060680,1989-01-01,22.8,5.4331,1362.0,"TAMANRASSET, AG",0.0,G,0.0,",G",0.0,",I",0.0,",I",0.0,",I",0.0,",G",0.0,",G",0.0,",G",6.0,",G",0.0,",G",19890101.0,",,G",19890131.0,"+,,I",19890120.0,",,G",0.1,",G,01,",0.0,",,I,31,+",24.2,",G,20,",443.3,G,179.1,",G",0.0,",,,I",1.256,",G",1.9460000000000002,",,,G",0.5650000000000001,",,,G"
AG000060680,1989-02-01,22.8,5.4331,1362.0,"TAMANRASSET, AG",0.0,G,0.0,",G",0.0,",I",0.0,",I",0.0,",I",0.0,",G",0.0,",G",0.0,",G",9.0,",G",0.0,",G",19890216.0,",,G",19890228.0,"+,,I",19890228.0,",,G",0.8,",G,16,",0.0,",,I,28,+",27.6,",G,28,",587.9,G,144.6,",G",0.0,",,,I",1.317,",G",2.058,",,,G",0.576,",,,G"
AG000060680,1989-03-01,22.8,5.4331,1362.0,"TAMANRASSET, AG",13.3,G,13.3,",G",2.0,",I",2.0,",I",0.0,",I",0.0,",G",0.0,",G",0.0,",G",26.0,",G",0.0,",G",19890323.0,",,G",19890316.0,",,I",19890302.0,",,G",3.0,",G,23,",4.0,",,I,16,",28.9,",G,02,",631.9,G,44.0,",G",7.0,",,,I",1.734,",G",2.468,",,,G",1.001,",,,G"
AG000060680,1989-04-01,22.8,5.4331,1362.0,"TAMANRASSET, AG",116.9,G,103.6,",G",0.0,",I",0.0,",I",0.0,",I",0.0,",G",0.0,",G",0.0,",G",30.0,",G",1.0,",G",19890408.0,",,G",19890430.0,"+,,I",19890410.0,",,G",9.3,",G,08,",0.0,",,I,30,+",32.5,",G,10,",631.9,G,0.0,",G",0.0,",,,I",2.179,",G",2.991,",,,G",1.366,",,,G"
AG000060680,1989-05-01,22.8,5.4331,1362.0,"TAMANRASSET, AG",349.3,G,232.4,",G",1.0,"4,I",0.0,"4,I",0.0,"4,I",0.0,",G",0.0,",G",0.0,",G",31.0,",G",22.0,",G",19890502.0,",,G",19890529.0,",4,I",19890529.0,",,G",12.6,",G,02,",1.0,"4,,I,29,",36.2,",G,29,",631.9,G,0.0,",G",1.0,"4,,,I",2.5829999999999997,",G",3.332,",,,G",1.834,",,,G"
AG000060680,1989-06-01,22.8,5.4331,1362.0,"TAMANRASSET, AG",686.3,G,337.0,",G",,,,,,,0.0,",G",0.0,",G",0.0,",G",30.0,",G",30.0,",G",19890608.0,",,G",,,19890608.0,",,G",20.0,",G,08,",,,37.9,",G,08,",631.9,G,0.0,",G",,,2.957,",G",3.6119999999999997,",,,G",2.302,",,,G"
AG000060680,1989-07-01,22.8,5.4331,1362.0,"TAMANRASSET, AG",1011.8,G,325.5,",G",0.0,"1,I",0.0,"1,I",0.0,"1,I",0.0,",G",0.0,",G",0.0,",G",31.0,",G",31.0,",G",19890710.0,",,G",19890731.0,"+,1,I",19890706.0,",,G",19.0,",G,10,",0.0,"1,,I,31,+",37.6,",G,06,",0.0,G,0.0,",G",0.0,"1,,,I",2.883,",G",3.472,",,,G",2.295,",,,G"
AG000060680,1989-08-01,22.8,5.4331,1362.0,"TAMANRASSET, AG",1321.1,G,309.3,",G",3.0,",I",0.0,",I",0.0,",I",0.0,",G",0.0,",G",0.0,",G",31.0,",G",30.0,",G",19890822.0,",,G",19890823.0,"+,,I",19890830.0,",,G",18.4,",G,22,",1.0,",,I,23,+",36.3,",G,30,",0.0,G,0.0,",G",3.0,",,,I",2.831,",G",3.461,",,,G",2.201,",,,G"
AG000060680,1989-09-01,22.8,5.4331,1362.0,"TAMANRASSET, AG",1598.5,G,277.4,",G",0.0,",I",0.0,",I",0.0,",I",0.0,",G",0.0,",G",0.0,",G",30.0,",G",26.0,",G",19890930.0,",,G",19890930.0,"+,,I",19890902.0,",,G",17.0,",G,30,",0.0,",,I,30,+",35.8,",G,02,",0.0,G,0.0,",G",0.0,",,,I",2.758,",G",3.3770000000000002,",,,G",2.1390000000000002,",,,G"
AG000060680,1989-10-01,22.8,5.4331,1362.0,"TAMANRASSET, AG",1725.2,G,126.7,",G",0.0,"1,I",0.0,"1,I",0.0,"1,I",0.0,",G",0.0,",G",0.0,",G",31.0,",G",3.0,",G",19891029.0,"+,,G",19891031.0,"+,1,I",19891002.0,",,G",11.6,",G,29,+",0.0,"1,,I,31,+",33.0,",G,02,",0.0,G,0.0,",G",0.0,"1,,,I",2.242,",G",2.911,",,,G",1.573,",,,G"
AG000060680,1989-11-01,22.8,5.4331,1362.0,"TAMANRASSET, AG",1728.0,G,2.8,",G",1.0,"1,I",0.0,"1,I",0.0,"1,I",0.0,",G",0.0,",G",0.0,",G",30.0,",G",0.0,",G",19891123.0,",,G",19891120.0,",1,I",19891125.0,",,G",7.6,",G,23,",1.0,"1,,I,20,",27.5,",G,25,",24.4,G,24.4,",G",1.0,"1,,,I",1.761,",G",2.429,",,,G",1.0939999999999999,",,,G"
AG000060680,1989-12-01,22.8,5.4331,1362.0,"TAMANRASSET, AG",1728.0,G,0.0,",G",0.0,",I",0.0,",I",0.0,",I",0.0,",G",0.0,",G",0.0,",G",22.0,",G",0.0,",G",19891226.0,",,G",19891231.0,"+,,I",19891208.0,",,G",1.5,",G,26,",0.0,",,I,31,+",26.1,",G,08,",134.9,G,110.5,",G",0.0,",,,I",1.4769999999999999,",G",2.222,",,,G",0.732,",,,G"
AG000060680,1990-01-01,22.8,5.4331,1362.0,"TAMANRASSET, AG",0.7,G,0.7,",G",0.0,"1,I",0.0,"1,I",0.0,"1,I",0.0,",G",2.0,",G",0.0,",G",13.0,",G",0.0,",G",19900122.0,",,G",19900131.0,"+,1,I",19900117.0,",,G",-1.7,",G,22,",0.0,"1,,I,31,+",25.8,",G,17,",282.5,G,147.6,",G",0.0,"1,,,I",1.3599999999999999,",G",2.056,",,,G",0.663,",,,G"
AG000060680,1990-02-01,22.8,5.4331,1362.0,"TAMANRASSET, AG",0.7,G,0.0,",G",0.0,",I",0.0,",I",0.0,",I",0.0,",G",0.0,",G",0.0,",G",20.0,",G",0.0,",G",19900211.0,",,G",19900228.0,"+,,I",19900202.0,",,G",2.6,",G,11,",0.0,",,I,28,+",25.4,",G,02,",390.4,G,107.9,",G",0.0,",,,I",1.448,",G",2.223,",,,G",0.673,",,,G"
AG000060680,1990-03-01,22.8,5.4331,1362.0,"TAMANRASSET, AG",18.7,G,18.0,",G",0.0,",I",0.0,",I",0.0,",I",0.0,",G",0.0,",G",0.0,",G",31.0,",G",0.0,",G",19900325.0,",,G",19900331.0,"+,,I",19900331.0,",,G",7.5,",G,25,",0.0,",,I,31,+",30.9,",G,31,",414.5,G,24.1,",G",0.0,",,,I",1.813,",G",2.559,",,,G",1.067,",,,G"
AG000060680,1990-04-01,22.8,5.4331,1362.0,"TAMANRASSET, AG",189.2,G,170.5,",G",1.0,"3,I",0.0,"3,I",0.0,"3,I",0.0,",G",0.0,",G",0.0,",G",30.0,",G",12.0,",G",19900413.0,",,G",19900416.0,",3,I",19900430.0,",,G",10.4,",G,13,",1.0,"3,,I,16,",35.2,",G,30,",414.5,G,0.0,",G",1.0,"3,,,I",2.402,",G",3.09,",,,G",1.7129999999999999,",,,G"
AG000060680,1990-05-01,22.8,5.4331,1362.0,"TAMANRASSET, AG",457.0,G,267.8,",G",0.0,"1,I",0.0,"1,I",0.0,"1,I",0.0,",G",0.0,",G",0.0,",G",31.0,",G",29.0,",G",19900513.0,",,G",19900531.0,"+,1,I",19900526.0,",,G",11.4,",G,13,",0.0,"1,,I,31,+",36.7,",G,26,",414.5,G,0.0,",G",0.0,"1,,,I",2.697,",G",3.443,",,,G",1.951,",,,G"
AG000060680,1990-06-01,22.8,5.4331,1362.0,"TAMANRASSET, AG",795.0,G,338.0,",G",2.0,"1,I",0.0,"1,I",0.0,"1,I",0.0,",G",0.0,",G",0.0,",G",30.0,",G",30.0,",G",19900611.0,"+,,G",19900610.0,"+,1,I",19900623.0,",,G",19.5,",G,11,+",1.0,"1,,I,10,+",38.4,",G,23,",414.5,G,0.0,",G",2.0,"1,,,I",2.96,",G",3.614,",,,G",2.306,",,,G"
AG000060680,1990-07-01,22.8,5.4331,1362.0,"TAMANRASSET, AG",1107.9,G,312.9,",G",4.0,"4,I",2.0,"4,I",1.0,"4,I",0.0,",G",0.0,",G",0.0,",G",31.0,",G",31.0,",G",19900717.0,",,G",19900711.0,",4,I",19900725.0,",,G",18.9,",G,17,",26.0,"4,,I,11,",36.4,",G,25,",0.0,G,0.0,",G",34.0,"4,,,I",2.843,",G",3.4579999999999997,",,,G",2.227,",,,G"
AG000060680,1990-08-01,22.8,5.4331,1362.0,"TAMANRASSET, AG",1413.3,G,305.4,",G",0.0,",I",0.0,",I",0.0,",I",0.0,",G",0.0,",G",0.0,",G",31.0,",G",31.0,",G",19900824.0,",,G",19900831.0,"+,,I",19900830.0,",,G",19.0,",G,24,",0.0,",,I,31,+",36.3,",G,30,",0.0,G,0.0,",G",0.0,",,,I",2.819,",G",3.4509999999999996,",,,G",2.186,",,,G"
AG000060680,1990-09-01,22.8,5.4331,1362.0,"TAMANRASSET, AG",1667.5,G,254.2,",G",1.0,"2,I",0.0,"2,I",0.0,"2,I",0.0,",G",0.0,",G",0.0,",G",30.0,",G",15.0,",G",19900921.0,",,G",19900915.0,",2,I",19900906.0,",,G",17.7,",G,21,",1.0,"2,,I,15,",35.6,",G,06,",0.0,G,0.0,",G",1.0,"2,,,I",2.681,",G",3.2560000000000002,",,,G",2.106,",,,G"
AG000060680,1990-10-01,22.8,5.4331,1362.0,"TAMANRASSET, AG",1833.8,G,166.3,",G",1.0,"1,I",0.0,"1,I",0.0,"1,I",0.0,",G",0.0,",G",0.0,",G",31.0,",G",4.0,",G",19901030.0,",,G",19901003.0,",1,I",19901004.0,",,G",12.1,",G,30,",1.0,"1,,I,03,",32.5,",G,04,",0.0,G,0.0,",G",1.0,"1,,,I",2.37,",G",3.029,",,,G",1.7100000000000002,",,,G"
AG000060680,1990-11-01,22.8,5.4331,1362.0,"TAMANRASSET, AG",1863.9,G,30.1,",G",0.0,",I",0.0,",I",0.0,",I",0.0,",G",0.0,",G",0.0,",G",30.0,",G",0.0,",G",19901117.0,",,G",19901130.0,"+,,I",19901107.0,",,G",3.9,",G,17,",0.0,",,I,30,+",30.5,",G,07,",37.1,G,37.1,",G",0.0,",,,I",1.81,",G",2.589,",,,G",1.0310000000000001,",,,G"
AG000060680,1990-12-01,22.8,5.4331,1362.0,"TAMANRASSET, AG",1868.2,G,4.3,",G",1.0,"1,I",1.0,"1,I",0.0,"1,I",0.0,",G",1.0,",G",0.0,",G",20.0,",G",0.0,",G",19901224.0,",,G",19901222.0,",1,I",19901219.0,",,G",0.0,",G,24,",3.0,"1,,I,22,",26.1,",G,19,",163.6,G,126.5,",G",3.0,"1,,,I",1.439,",G",2.191,",,,G",0.687,",,,G"
AG000060680,1991-01-01,22.8,5.4331,1362.0,"TAMANRASSET, AG",0.7,G,0.7,",G",0.0,",I",0.0,",I",0.0,",I",0.0,",G",1.0,",G",0.0,",G",8.0,",G",0.0,",G",19910114.0,",,G",19910131.0,"+,,I",19910127.0,",,G",-1.4,",G,14,",0.0,",,I,31,+",23.7,",G,27,",359.0,G,195.4,",G",0.0,",,,I",1.205,",G",1.934,",,,G",0.476,",,,G"
AG000060680,1991-02-01,22.8,5.4331,1362.0,"TAMANRASSET, AG",1.6,G,0.9,",G",1.0,",I",0.0,",I",0.0,",I",0.0,",G",2.0,",G",0.0,",G",19.0,",G",0.0,",G",19910205.0,",,G",19910215.0,",,I",19910222.0,",,G",-1.2,",G,05,",1.0,",,I,15,",25.5,",G,22,",472.2,G,113.2,",G",1.0,",,,I",1.432,",G",2.183,",,,G",0.6809999999999999,",,,G"
AG000060680,1991-03-01,22.8,5.4331,1362.0,"TAMANRASSET, AG",35.0,G,33.4,",G",0.0,",I",0.0,",I",0.0,",I",0.0,",G",0.0,",G",0.0,",G",30.0,",G",0.0,",G",19910320.0,",,G",19910331.0,"+,,I",19910330.0,",,G",4.7,",G,20,",0.0,",,I,31,+",30.9,",G,30,",511.8,G,39.6,",G",0.0,",,,I",1.813,",G",2.575,",,,G",1.051,",,,G"
AG000060680,1991-04-01,22.8,5.4331,1362.0,"TAMANRASSET, AG",165.7,G,130.7,",G",0.0,",I",0.0,",I",0.0,",I",0.0,",G",0.0,",G",0.0,",G",30.0,",G",12.0,",G",19910404.0,",,G",19910430.0,"+,,I",19910424.0,",,G",8.0,",G,04,",0.0,",,I,30,+",34.5,",G,24,",515.6,G,3.8,",G",0.0,",,,I",2.256,",G",3.023,",,,G",1.49,",,,G"
AG000060680,1991-05-01,22.8,5.4331,1362.0,"TAMANRASSET, AG",383.7,G,218.0,",G",6.0,"1,I",4.0,"1,I",0.0,"1,I",0.0,",G",0.0,",G",0.0,",G",31.0,",G",16.0,",G",19910525.0,",,G",19910521.0,",1,I",19910511.0,"+,,G",14.0,",G,25,",12.0,"1,,I,21,",35.5,",G,11,+",515.6,G,0.0,",G",44.0,"1,,,I",2.536,",G",3.147,",,,G",1.9260000000000002,",,,G"
AG000060680,1991-06-01,22.8,5.4331,1362.0,"TAMANRASSET, AG",723.5,G,339.8,",G",5.0,"3,I",0.0,"3,I",0.0,"3,I",0.0,",G",0.0,",G",0.0,",G",30.0,",G",30.0,",G",19910604.0,",,G",19910611.0,"+,3,I",19910620.0,"+,,G",20.6,",G,04,",2.0,"3,,I,11,+",38.6,",G,20,+",515.6,G,0.0,",G",7.0,"3,,,I",2.966,",G",3.5789999999999997,",,,G",2.353,",,,G"
AG000060680,1991-07-01,22.8,5.4331,1362.0,"TAMANRASSET, AG",1066.2,G,342.7,",G",4.0,",I",0.0,",I",0.0,",I",0.0,",G",0.0,",G",0.0,",G",31.0,",G",31.0,",G",19910719.0,",,G",19910731.0,"+,,I",19910730.0,",,G",20.0,",G,19,",1.0,",,I,31,+",37.8,",G,30,",0.0,G,0.0,",G",4.0,",,,I",2.939,",G",3.537,",,,G",2.34,",,,G"
AG000060680,1991-08-01,22.8,5.4331,1362.0,"TAMANRASSET, AG",1376.4,G,310.2,",G",2.0,"1,I",2.0,"1,I",0.0,"1,I",0.0,",G",0.0,",G",0.0,",G",31.0,",G",31.0,",G",19910829.0,",,G",19910811.0,",1,I",19910802.0,"+,,G",18.4,",G,29,",12.0,"1,,I,11,",37.3,",G,02,+",0.0,G,0.0,",G",17.0,"1,,,I",2.834,",G",3.432,",,,G",2.2359999999999998,",,,G"
AG000060680,1991-09-01,22.8,5.4331,1362.0,"TAMANRASSET, AG",1636.0,G,259.6,",G",1.0,"2,I",0.0,"2,I",0.0,"2,I",0.0,",G",0.0,",G",0.0,",G",30.0,",G",25.0,",G",19910908.0,",,G",19910918.0,",2,I",19910909.0,",,G",17.3,",G,08,",1.0,"2,,I,18,",35.7,",G,09,",0.0,G,0.0,",G",1.0,"2,,,I",2.699,",G",3.3299999999999996,",,,G",2.067,",,,G"
AG000060680,1991-10-01,22.8,5.4331,1362.0,"TAMANRASSET, AG",1777.3,G,141.3,",G",0.0,"1,I",0.0,"1,I",0.0,"1,I",0.0,",G",0.0,",G",0.0,",G",31.0,",G",2.0,",G",19911031.0,",,G",19911031.0,"+,1,I",19911001.0,",,G",10.5,",G,31,",0.0,"1,,I,31,+",34.6,",G,01,",0.0,G,0.0,",G",0.0,"1,,,I",2.289,",G",3.023,",,,G",1.5550000000000002,",,,G"
AG000060680,1991-11-01,22.8,5.4331,1362.0,"TAMANRASSET, AG",1793.5,G,16.2,",G",0.0,",I",0.0,",I",0.0,",I",0.0,",G",0.0,",G",0.0,",G",30.0,",G",0.0,",G",19911117.0,",,G",19911130.0,"+,,I",19911101.0,",,G",6.2,",G,17,",0.0,",,I,30,+",28.0,",G,01,",32.7,G,32.7,",G",0.0,",,,I",1.778,",G",2.536,",,,G",1.02,",,,G"
AG000060680,1991-12-01,22.8,5.4331,1362.0,"TAMANRASSET, AG",1793.5,G,0.0,",G",0.0,",I",0.0,",I",0.0,",I",0.0,",G",1.0,",G",0.0,",G",13.0,",G",0.0,",G",19911223.0,",,G",19911231.0,"+,,I",19911206.0,",,G",-0.2,",G,23,",0.0,",,I,31,+",25.1,",G,06,",209.6,G,176.9,",G",0.0,",,,I",1.2630000000000001,",G",2.051,",,,G",0.47400000000000003,",,,G"
AG000060680,1992-01-01,22.8,5.4331,1362.0,"TAMANRASSET, AG",0.0,G,0.0,",G",3.0,",I",2.0,",I",0.0,",I",0.0,",G",1.0,",G",0.0,",G",2.0,",G",0.0,",G",19920127.0,",,G",19920122.0,",,I",19920117.0,",,G",-0.6,",G,27,",11.0,",,I,22,",21.6,",G,17,",433.9,G,224.3,",G",18.0,",,,I",1.1099999999999999,",G",1.811,",,,G",0.409,",,,G"
AG000060680,1992-02-01,22.8,5.4331,1362.0,"TAMANRASSET, AG",0.0,G,0.0,",G",1.0,"1,I",0.0,"1,I",0.0,"1,I",0.0,",G",0.0,",G",0.0,",G",21.0,",G",0.0,",G",19920201.0,",,G",19920210.0,",1,I",19920221.0,",,G",2.0,",G,01,",1.0,"1,,I,10,",26.4,",G,21,",524.4,G,90.5,",G",1.0,"1,,,I",1.5210000000000001,",G",2.227,",,,G",0.8150000000000001,",,,G"
AG000060680,1992-03-01,22.8,5.4331,1362.0,"TAMANRASSET, AG",10.3,G,10.3,",G",2.0,"1,I",0.0,"1,I",0.0,"1,I",0.0,",G",0.0,",G",0.0,",G",30.0,",G",0.0,",G",19920308.0,",,G",19920305.0,"+,1,I",19920330.0,",,G",4.9,",G,08,",1.0,"1,,I,05,+",27.8,",G,30,",568.9,G,44.5,",G",2.0,"1,,,I",1.723,",G",2.37,",,,G",1.076,",,,G"
AG000060680,1992-04-01,22.8,5.4331,1362.0,"TAMANRASSET, AG",81.1,G,70.8,",G",0.0,"1,I",0.0,"1,I",0.0,"1,I",0.0,",G",0.0,",G",0.0,",G",30.0,",G",1.0,",G",19920409.0,"+,,G",19920430.0,"+,1,I",19920416.0,",,G",6.0,",G,09,+",0.0,"1,,I,30,+",32.4,",G,16,",580.0,G,11.1,",G",0.0,"1,,,I",2.032,",G",2.827,",,,G",1.2369999999999999,",,,G"
AG000060680,1992-05-01,22.8,5.4331,1362.0,"TAMANRASSET, AG",260.0,G,178.9,",G",0.0,",I",0.0,",I",0.0,",I",0.0,",G",0.0,",G",0.0,",G",31.0,",G",15.0,",G",19920506.0,",,G",19920531.0,"+,,I",19920531.0,",,G",10.6,",G,06,",0.0,",,I,31,+",35.3,",G,31,",580.0,G,0.0,",G",0.0,",,,I",2.41,",G",3.179,",,,G",1.6420000000000001,",,,G"
AG000060680,1992-06-01,22.8,5.4331,1362.0,"TAMANRASSET, AG",608.4,G,348.4,",G",0.0,",I",0.0,",I",0.0,",I",0.0,",G",0.0,",G",0.0,",G",30.0,",G",30.0,",G",19920601.0,",,G",19920630.0,"+,,I",19920628.0,",,G",18.2,",G,01,",0.0,",,I,30,+",38.8,",G,28,",580.0,G,0.0,",G",0.0,",,,I",2.995,",G",3.696,",,,G",2.293,",,,G"
AG000060680,1992-07-01,22.8,5.4331,1362.0,"TAMANRASSET, AG",937.0,G,328.6,",G",3.0,"3,I",2.0,"3,I",0.0,"3,I",0.0,",G",0.0,",G",0.0,",G",31.0,",G",31.0,",G",19920730.0,",,G",19920702.0,",3,I",19920710.0,",,G",18.1,",G,30,",13.0,"3,,I,02,",37.7,",G,10,",0.0,G,0.0,",G",23.0,"3,,,I",2.893,",G",3.5159999999999996,",,,G",2.271,",,,G"
AG000060680,1992-08-01,22.8,5.4331,1362.0,"TAMANRASSET, AG",1221.4,G,284.4,",G",0.0,",I",0.0,",I",0.0,",I",0.0,",G",0.0,",G",0.0,",G",31.0,",G",31.0,",G",19920827.0,",,G",19920831.0,"+,,I",19920821.0,",,G",17.8,",G,27,",0.0,",,I,31,+",36.0,",G,21,",0.0,G,0.0,",G",0.0,",,,I",2.7510000000000003,",G",3.3920000000000003,",,,G",2.109,",,,G"
AG000060680,1992-09-01,22.8,5.4331,1362.0,"TAMANRASSET, AG",1422.6,G,201.2,",G",1.0,"1,I",1.0,"1,I",0.0,"1,I",0.0,",G",0.0,",G",0.0,",G",30.0,",G",8.0,",G",19920930.0,",,G",19920922.0,",1,I",19920903.0,",,G",15.5,",G,30,",4.0,"1,,I,22,",35.0,",G,03,",0.0,G,0.0,",G",4.0,"1,,,I",2.504,",G",3.152,",,,G",1.8559999999999999,",,,G"
AG000060680,1992-10-01,22.8,5.4331,1362.0,"TAMANRASSET, AG",1533.0,G,110.4,",G",0.0,",I",0.0,",I",0.0,",I",0.0,",G",0.0,",G",0.0,",G",31.0,",G",0.0,",G",19921029.0,",,G",19921031.0,"+,,I",19921021.0,",,G",9.3,",G,29,",0.0,",,I,31,+",31.7,",G,21,",0.0,G,0.0,",G",0.0,",,,I",2.19,",G",2.978,",,,G",1.401,",,,G"
AG000060680,1992-11-01,22.8,5.4331,1362.0,"TAMANRASSET, AG",1538.8,G,5.8,",G",0.0,",I",0.0,",I",0.0,",I",0.0,",G",0.0,",G",0.0,",G",26.0,",G",0.0,",G",19921104.0,",,G",19921130.0,"+,,I",19921101.0,",,G",5.6,",G,04,",0.0,",,I,30,+",27.6,",G,01,",67.3,G,67.3,",G",0.0,",,,I",1.6280000000000001,",G",2.31,",,,G",0.9460000000000001,",,,G"
AG000060680,1992-12-01,22.8,5.4331,1362.0,"TAMANRASSET, AG",1538.8,G,0.0,",G",0.0,",I",0.0,",I",0.0,",I",0.0,",G",0.0,",G",0.0,",G",19.0,",G",0.0,",G",19921220.0,"+,,G",19921231.0,"+,,I",19921213.0,",,G",2.9,",G,20,+",0.0,",,I,31,+",25.6,",G,13,",205.6,G,138.3,",G",0.0,",,,I",1.387,",G",2.174,",,,G",0.6,",,,G"
AG000060680,1993-01-01,22.8,5.4331,1362.0,"TAMANRASSET, AG",0.0,G,0.0,",G",0.0,"1,I",0.0,"1,I",0.0,"1,I",0.0,",G",3.0,",G",0.0,",G",0.0,",G",0.0,",G",19930106.0,"+,,G",19930131.0,"+,1,I",19930124.0,",,G",-2.0,",G,06,+",0.0,"1,,I,31,+",21.0,",G,24,",441.7,G,236.1,",G",0.0,"1,,,I",1.072,",G",1.73,",,,G",0.413,",,,G"
AG000060680,1993-02-01,22.8,5.4331,1362.0,"TAMANRASSET, AG",3.8,G,3.8,",G",0.0,"1,I",0.0,"1,I",0.0,"1,I",0.0,",G",1.0,",G",0.0,",G",13.0,",G",0.0,",G",19930221.0,",,G",19930228.0,"+,1,I",19930209.0,",,G",-1.6,",G,21,",0.0,"1,,I,28,+",26.3,",G,09,",568.2,G,126.5,",G",0.0,"1,,,I",1.395,",G",2.109,",,,G",0.6809999999999999,",,,G"
AG000060680,1993-03-01,22.8,5.4331,1362.0,"TAMANRASSET, AG",18.4,G,14.6,",G",0.0,",I",0.0,",I",0.0,",I",0.0,",G",0.0,",G",0.0,",G",31.0,",G",0.0,",G",19930313.0,",,G",19930331.0,"+,,I",19930305.0,",,G",3.8,",G,13,",0.0,",,I,31,+",29.5,",G,05,",610.0,G,41.8,",G",0.0,",,,I",1.746,",G",2.5949999999999998,",,,G",0.897,",,,G"
AG000060680,1993-04-01,22.8,5.4331,1362.0,"TAMANRASSET, AG",128.5,G,110.1,",G",0.0,"1,I",0.0,"1,I",0.0,"1,I",0.0,",G",0.0,",G",0.0,",G",30.0,",G",4.0,",G",19930401.0,",,G",19930430.0,"+,1,I",19930416.0,",,G",6.0,",G,01,",0.0,"1,,I,30,+",33.2,",G,16,",613.1,G,3.1,",G",0.0,"1,,,I",2.19,",G",2.971,",,,G",1.409,",,,G"
AG000060680,1993-05-01,22.8,5.4331,1362.0,"TAMANRASSET, AG",345.2,G,216.7,",G",0.0,"1,I",0.0,"1,I",0.0,"1,I",0.0,",G",0.0,",G",0.0,",G",31.0,",G",23.0,",G",19930507.0,",,G",19930531.0,"+,1,I",19930531.0,",,G",9.6,",G,07,",0.0,"1,,I,31,+",35.7,",G,31,",613.1,G,0.0,",G",0.0,"1,,,I",2.532,",G",3.336,",,,G",1.7289999999999999,",,,G"
AG000060680,1993-06-01,22.8,5.4331,1362.0,"TAMANRASSET, AG",679.6,G,334.4,",G",1.0,",I",0.0,",I",0.0,",I",0.0,",G",0.0,",G",0.0,",G",30.0,",G",30.0,",G",19930630.0,",,G",19930606.0,",,I",19930616.0,",,G",18.0,",G,30,",1.0,",,I,06,",38.1,",G,16,",613.1,G,0.0,",G",1.0,",,,I",2.948,",G",3.6369999999999996,",,,G",2.259,",,,G"
AG000060680,1993-07-01,22.8,5.4331,1362.0,"TAMANRASSET, AG",993.3,G,313.7,",G",0.0,",I",0.0,",I",0.0,",I",0.0,",G",0.0,",G",0.0,",G",31.0,",G",31.0,",G",19930704.0,",,G",19930731.0,"+,,I",19930712.0,",,G",18.8,",G,04,",0.0,",,I,31,+",36.9,",G,12,",0.0,G,0.0,",G",0.0,",,,I",2.8449999999999998,",G",3.5159999999999996,",,,G",2.175,",,,G"
AG000060680,1993-08-01,22.8,5.4331,1362.0,"TAMANRASSET, AG",1287.0,G,293.7,",G",2.0,"3,I",1.0,"3,I",0.0,"3,I",0.0,",G",0.0,",G",0.0,",G",31.0,",G",29.0,",G",19930831.0,",,G",19930830.0,",3,I",19930826.0,",,G",16.8,",G,31,",13.0,"3,,I,30,",36.9,",G,26,",0.0,G,0.0,",G",14.0,"3,,,I",2.7809999999999997,",G",3.4479999999999995,",,,G",2.113,",,,G"
AG000060680,1993-09-01,22.8,5.4331,1362.0,"TAMANRASSET, AG",1571.9,G,284.9,",G",0.0,"2,I",0.0,"2,I",0.0,"2,I",0.0,",G",0.0,",G",0.0,",G",30.0,",G",30.0,",G",19930923.0,",,G",19930930.0,"+,2,I",19930910.0,",,G",16.2,",G,23,",0.0,"2,,I,30,+",36.3,",G,10,",0.0,G,0.0,",G",0.0,"2,,,I",2.783,",G",3.4259999999999997,",,,G",2.1399999999999997,",,,G"
AG000060680,1993-10-01,22.8,5.4331,1362.0,"TAMANRASSET, AG",1710.7,G,138.8,",G",1.0,",I",0.0,",I",0.0,",I",0.0,",G",0.0,",G",0.0,",G",31.0,",G",6.0,",G",19931021.0,",,G",19931027.0,",,I",19931004.0,"+,,G",10.5,",G,21,",2.0,",,I,27,",32.6,",G,04,+",0.0,G,0.0,",G",2.0,",,,I",2.2809999999999997,",G",3.02,",,,G",1.542,",,,G"
AG000060680,1993-11-01,22.8,5.4331,1362.0,"TAMANRASSET, AG",1743.9,G,33.2,",G",3.0,"3,I",0.0,"3,I",0.0,"3,I",0.0,",G",0.0,",G",0.0,",G",27.0,",G",0.0,",G",19931129.0,",,G",19931125.0,",3,I",19931103.0,"+,,G",5.2,",G,29,",2.0,"3,,I,25,",29.8,",G,03,+",28.2,G,28.2,",G",4.0,"3,,,I",1.85,",G",2.5100000000000002,",,,G",1.19,",,,G"
AG000060680,1993-12-01,22.8,5.4331,1362.0,"TAMANRASSET, AG",1743.9,G,0.0,",G",0.0,",I",0.0,",I",0.0,",I",0.0,",G",2.0,",G",0.0,",G",14.0,",G",0.0,",G",19931229.0,",,G",19931231.0,"+,,I",19931212.0,",,G",-0.8,",G,29,",0.0,",,I,31,+",23.7,",G,12,",195.6,G,167.4,",G",0.0,",,,I",1.293,",G",2.024,",,,G",0.563,",,,G"
AG000060680,1994-01-01,22.8,5.4331,1362.0,"TAMANRASSET, AG",0.1,G,0.1,",G",2.0,",I",2.0,",I",0.0,",I",0.0,",G",4.0,",G",0.0,",G",12.0,",G",0.0,",G",19940116.0,",,G",19940120.0,",,I",19940123.0,",,G",-0.9,",G,16,",4.0,",,I,20,",24.9,",G,23,",381.5,G,185.9,",G",7.0,",,,I",1.234,",G",2.041,",,,G",0.426,",,,G"
AG000060680,1994-02-01,22.8,5.4331,1362.0,"TAMANRASSET, AG",0.1,G,0.0,",G",0.0,",I",0.0,",I",0.0,",I",0.0,",G",0.0,",G",0.0,",G",18.0,",G",0.0,",G",19940212.0,"+,,G",19940228.0,"+,,I",19940225.0,",,G",1.0,",G,12,+",0.0,",,I,28,+",26.0,",G,25,",527.4,G,145.9,",G",0.0,",,,I",1.3119999999999998,",G",2.213,",,,G",0.41200000000000003,",,,G"
AG000060680,1994-03-01,22.8,5.4331,1362.0,"TAMANRASSET, AG",55.5,G,55.4,",G",2.0,",I",0.0,",I",0.0,",I",0.0,",G",0.0,",G",0.0,",G",29.0,",G",0.0,",G",19940306.0,",,G",19940315.0,"+,,I",19940324.0,",,G",3.0,",G,06,",1.0,",,I,15,+",31.2,",G,24,",559.7,G,32.3,",G",2.0,",,,I",1.908,",G",2.62,",,,G",1.1949999999999998,",,,G"
AG000060680,1994-04-01,22.8,5.4331,1362.0,"TAMANRASSET, AG",137.8,G,82.3,",G",0.0,",I",0.0,",I",0.0,",I",0.0,",G",0.0,",G",0.0,",G",30.0,",G",8.0,",G",19940407.0,"+,,G",19940430.0,"+,,I",19940424.0,",,G",7.3,",G,07,+",0.0,",,I,30,+",33.2,",G,24,",569.6,G,9.9,",G",0.0,",,,I",2.075,",G",2.907,",,,G",1.2429999999999999,",,,G"
AG000060680,1994-05-01,22.8,5.4331,1362.0,"TAMANRASSET, AG",374.0,G,236.2,",G",0.0,",I",0.0,",I",0.0,",I",0.0,",G",0.0,",G",0.0,",G",31.0,",G",24.0,",G",19940502.0,",,G",19940531.0,"+,,I",19940523.0,",,G",9.0,",G,02,",0.0,",,I,31,+",36.7,",G,23,",572.3,G,2.7,",G",0.0,",,,I",2.587,",G",3.3409999999999997,",,,G",1.8329999999999997,",,,G"
AG000060680,1994-06-01,22.8,5.4331,1362.0,"TAMANRASSET, AG",677.5,G,303.5,",G",0.0,"2,I",0.0,"2,I",0.0,"2,I",0.0,",G",0.0,",G",0.0,",G",30.0,",G",30.0,",G",19940630.0,",,G",19940630.0,"+,2,I",19940604.0,",,G",17.0,",G,30,",0.0,"2,,I,30,+",36.9,",G,04,",572.3,G,0.0,",G",0.0,"2,,,I",2.8449999999999998,",G",3.524,",,,G",2.166,",,,G"
AG000060680,1994-07-01,22.8,5.4331,1362.0,"TAMANRASSET, AG",994.9,G,317.4,",G",1.0,"2,I",1.0,"2,I",0.0,"2,I",0.0,",G",0.0,",G",0.0,",G",31.0,",G",31.0,",G",19940702.0,",,G",19940715.0,",2,I",19940724.0,",,G",18.7,",G,02,",3.0,"2,,I,15,",37.0,",G,24,",0.0,G,0.0,",G",3.0,"2,,,I",2.857,",G",3.522,",,,G",2.193,",,,G"
AG000060680,1994-08-01,22.8,5.4331,1362.0,"TAMANRASSET, AG",1297.5,G,302.6,",G",3.0,"3,I",2.0,"3,I",1.0,"3,I",0.0,",G",0.0,",G",0.0,",G",31.0,",G",31.0,",G",19940826.0,",,G",19940829.0,",3,I",19940817.0,",,G",17.2,",G,26,",26.0,"3,,I,29,",36.0,",G,17,",0.0,G,0.0,",G",31.0,"3,,,I",2.81,",G",3.4549999999999996,",,,G",2.164,",,,G"
AG000060680,1994-09-01,22.8,5.4331,1362.0,"TAMANRASSET, AG",1545.3,G,247.8,",G",,,,,,,0.0,",G",0.0,",G",0.0,",G",30.0,",G",18.0,",G",19940918.0,",,G",,,19940902.0,",,G",17.6,",G,18,",,,36.2,",G,02,",0.0,G,0.0,",G",,,2.659,",G",3.2369999999999997,",,,G",2.081,",,,G"
AG000060680,1994-10-01,22.8,5.4331,1362.0,"TAMANRASSET, AG",1674.7,G,129.4,",G",5.0,"3,I",3.0,"3,I",1.0,"3,I",0.0,",G",0.0,",G",0.0,",G",31.0,",G",0.0,",G",19941023.0,"+,,G",19941016.0,",3,I",19941001.0,",,G",13.2,",G,23,+",33.0,"3,,I,16,",31.7,",G,01,",0.0,G,0.0,",G",47.0,"3,,,I",2.2510000000000003,",G",2.842,",,,G",1.6600000000000001,",,,G"
AG000060680,1994-11-01,22.8,5.4331,1362.0,"TAMANRASSET, AG",1692.0,G,17.3,",G",0.0,",I",0.0,",I",0.0,",I",0.0,",G",0.0,",G",0.0,",G",26.0,",G",0.0,",G",19941128.0,",,G",19941130.0,"+,,I",19941101.0,",,G",4.5,",G,28,",0.0,",,I,30,+",28.8,",G,01,",49.2,G,49.2,",G",0.0,",,,I",1.7269999999999999,",G",2.448,",,,G",1.006,",,,G"
AG000060680,1994-12-01,22.8,5.4331,1362.0,"TAMANRASSET, AG",1692.0,G,0.0,",G",0.0,",I",0.0,",I",0.0,",I",0.0,",G",0.0,",G",0.0,",G",12.0,",G",0.0,",G",19941215.0,",,G",19941231.0,"+,,I",19941225.0,",,G",0.6,",G,15,",0.0,",,I,31,+",23.7,",G,25,",216.7,G,167.5,",G",0.0,",,,I",1.293,",G",2.033,",,,G",0.553,",,,G"
AG000060680,1995-01-01,22.8,5.4331,1362.0,"TAMANRASSET, AG",0.0,G,0.0,",G",0.0,",I",0.0,",I",0.0,",I",0.0,",G",12.0,",G",0.0,",G",2.0,",G",0.0,",G",19950109.0,",,G",19950131.0,"+,,I",19950103.0,",,G",-3.3,",G,09,",0.0,",,I,31,+",21.6,",G,03,",483.0,G,266.3,",G",0.0,",,,I",0.974,",G",1.8,",,,G",0.148,",,,G"
AG000060680,1995-02-01,22.8,5.4331,1362.0,"TAMANRASSET, AG",0.0,G,0.0,",G",0.0,",I",0.0,",I",0.0,",I",0.0,",G",0.0,",G",0.0,",G",15.0,",G",0.0,",G",19950204.0,",,G",19950228.0,"+,,I",19950228.0,",,G",1.4,",G,04,",0.0,",,I,28,+",25.9,",G,28,",615.8,G,132.8,",G",0.0,",,,I",1.359,",G",2.138,",,,G",0.581,",,,G"
AG000060680,1995-03-01,22.8,5.4331,1362.0,"TAMANRASSET, AG",24.4,G,24.4,",G",3.0,",I",2.0,",I",0.0,",I",0.0,",G",0.0,",G",0.0,",G",27.0,",G",0.0,",G",19950307.0,",,G",19950316.0,",,I",19950331.0,",,G",5.9,",G,07,",20.0,",,I,16,",30.4,",G,31,",644.5,G,28.7,",G",27.0,",,,I",1.8199999999999998,",G",2.407,",,,G",1.232,",,,G"
AG000060680,1995-04-01,22.8,5.4331,1362.0,"TAMANRASSET, AG",133.9,G,109.5,",G",0.0,"1,I",0.0,"1,I",0.0,"1,I",0.0,",G",0.0,",G",0.0,",G",30.0,",G",0.0,",G",19950408.0,",,G",19950430.0,"+,1,I",19950416.0,",,G",10.1,",G,08,",0.0,"1,,I,30,+",31.0,",G,16,",644.5,G,0.0,",G",0.0,"1,,,I",2.198,",G",2.919,",,,G",1.478,",,,G"
AG000060680,1995-05-01,22.8,5.4331,1362.0,"TAMANRASSET, AG",392.8,G,258.9,",G",1.0,",I",0.0,",I",0.0,",I",0.0,",G",0.0,",G",0.0,",G",31.0,",G",22.0,",G",19950505.0,",,G",19950530.0,",,I",19950520.0,",,G",14.7,",G,05,",1.0,",,I,30,",36.4,",G,20,",644.5,G,0.0,",G",1.0,",,,I",2.668,",G",3.3240000000000003,",,,G",2.013,",,,G"
AG000060680,1995-06-01,22.8,5.4331,1362.0,"TAMANRASSET, AG",719.2,G,326.4,",G",3.0,",I",0.0,",I",0.0,",I",0.0,",G",0.0,",G",0.0,",G",30.0,",G",30.0,",G",19950622.0,",,G",19950621.0,",,I",19950617.0,",,G",18.5,",G,22,",2.0,",,I,21,",38.6,",G,17,",644.5,G,0.0,",G",4.0,",,,I",2.9210000000000003,",G",3.5869999999999997,",,,G",2.255,",,,G"
AG000060680,1995-07-01,22.8,5.4331,1362.0,"TAMANRASSET, AG",1070.8,G,351.6,",G",1.0,",I",0.0,",I",0.0,",I",0.0,",G",0.0,",G",0.0,",G",31.0,",G",31.0,",G",19950731.0,",,G",19950725.0,",,I",19950713.0,",,G",21.3,",G,31,",1.0,",,I,25,",38.6,",G,13,",0.0,G,0.0,",G",1.0,",,,I",2.968,",G",3.5840000000000005,",,,G",2.351,",,,G"
AG000060680,1995-08-01,22.8,5.4331,1362.0,"TAMANRASSET, AG",1432.5,G,361.7,",G",0.0,",I",0.0,",I",0.0,",I",0.0,",G",0.0,",G",0.0,",G",31.0,",G",31.0,",G",19950809.0,",,G",19950831.0,"+,,I",19950821.0,",,G",21.2,",G,09,",0.0,",,I,31,+",37.5,",G,21,",0.0,G,0.0,",G",0.0,",,,I",3.0,",G",3.603,",,,G",2.397,",,,G"
AG000060680,1995-09-01,22.8,5.4331,1362.0,"TAMANRASSET, AG",1738.5,G,306.0,",G",0.0,",I",0.0,",I",0.0,",I",0.0,",G",0.0,",G",0.0,",G",30.0,",G",29.0,",G",19950929.0,",,G",19950930.0,"+,,I",19950906.0,",,G",18.7,",G,29,",0.0,",,I,30,+",36.8,",G,06,",0.0,G,0.0,",G",0.0,",,,I",2.853,",G",3.4840000000000004,",,,G",2.223,",,,G"
AG000060680,1995-10-01,22.8,5.4331,1362.0,"TAMANRASSET, AG",1885.4,G,146.9,",G",3.0,",I",1.0,",I",0.0,",I",0.0,",G",0.0,",G",0.0,",G",31.0,",G",3.0,",G",19951024.0,",,G",19951005.0,",,I",19951001.0,",,G",10.5,",G,24,",4.0,",,I,05,",34.6,",G,01,",0.0,G,0.0,",G",7.0,",,,I",2.307,",G",2.976,",,,G",1.639,",,,G"
AG000060680,1995-11-01,22.8,5.4331,1362.0,"TAMANRASSET, AG",1898.8,G,13.4,",G",0.0,",I",0.0,",I",0.0,",I",0.0,",G",0.0,",G",0.0,",G",30.0,",G",0.0,",G",19951125.0,",,G",19951130.0,"+,,I",19951112.0,",,G",4.6,",G,25,",0.0,",,I,30,+",29.0,",G,12,",31.6,G,31.6,",G",0.0,",,,I",1.7730000000000001,",G",2.523,",,,G",1.022,",,,G"
AG000060680,1995-12-01,22.8,5.4331,1362.0,"TAMANRASSET, AG",1900.1,G,1.3,",G",1.0,",I",0.0,",I",0.0,",I",0.0,",G",0.0,",G",0.0,",G",21.0,",G",0.0,",G",19951221.0,",,G",19951214.0,",,I",19951230.0,",,G",3.4,",G,21,",1.0,",,I,14,",24.4,",G,30,",139.3,G,107.7,",G",1.0,",,,I",1.49,",G",2.196,",,,G",0.784,",,,G"
AG000060680,1996-01-01,22.8,5.4331,1362.0,"TAMANRASSET, AG",0.0,G,0.0,",G",0.0,",I",0.0,",I",0.0,",I",0.0,",G",0.0,",G",0.0,",G",21.0,",G",0.0,",G",19960114.0,",,G",19960131.0,"+,,I",19960103.0,",,G",1.4,",G,14,",0.0,",,I,31,+",28.2,",G,03,",260.2,G,120.9,",G",0.0,",,,I",1.443,",G",2.268,",,,G",0.618,",,,G"
AG000060680,1996-02-01,22.8,5.4331,1362.0,"TAMANRASSET, AG",3.8,G,3.8,",G",0.0,",I",0.0,",I",0.0,",I",0.0,",G",0.0,",G",0.0,",G",25.0,",G",0.0,",G",19960229.0,",,G",19960229.0,"+,,I",19960226.0,",,G",1.6,",G,29,",0.0,",,I,29,+",27.9,",G,26,",335.0,G,74.8,",G",0.0,",,,I",1.588,",G",2.3899999999999997,",,,G",0.787,",,,G"
AG000060680,1996-03-01,22.8,5.4331,1362.0,"TAMANRASSET, AG",46.2,G,42.4,",G",2.0,",I",1.0,",I",0.0,",I",0.0,",G",0.0,",G",0.0,",G",27.0,",G",0.0,",G",19960302.0,"+,,G",19960312.0,",,I",19960331.0,",,G",3.4,",G,02,+",14.0,",,I,12,",31.3,",G,31,",381.4,G,46.4,",G",15.0,",,,I",1.8199999999999998,",G",2.503,",,,G",1.137,",,,G"
AG000060680,1996-04-01,22.8,5.4331,1362.0,"TAMANRASSET, AG",142.3,G,96.1,",G",3.0,",I",3.0,",I",0.0,",I",0.0,",G",0.0,",G",0.0,",G",29.0,",G",0.0,",G",19960410.0,",,G",19960416.0,",,I",19960424.0,",,G",8.6,",G,10,",11.0,",,I,16,",31.7,",G,24,",387.3,G,5.9,",G",20.0,",,,I",2.134,",G",2.8280000000000003,",,,G",1.44,",,,G"
AG000060680,1996-05-01,22.8,5.4331,1362.0,"TAMANRASSET, AG",433.6,G,291.3,",G",1.0,",I",0.0,",I",0.0,",I",0.0,",G",0.0,",G",0.0,",G",31.0,",G",28.0,",G",19960501.0,",,G",19960531.0,",,I",19960510.0,",,G",13.6,",G,01,",2.0,",,I,31,",37.0,",G,10,",387.3,G,0.0,",G",2.0,",,,I",2.773,",G",3.4810000000000003,",,,G",2.065,",,,G"
AG000060680,1996-06-01,22.8,5.4331,1362.0,"TAMANRASSET, AG",721.8,G,288.2,",G",4.0,",I",3.0,",I",0.0,",I",0.0,",G",0.0,",G",0.0,",G",30.0,",G",26.0,",G",19960604.0,",,G",19960604.0,"+,,I",19960623.0,",,G",16.5,",G,04,",5.0,",,I,04,+",38.2,",G,23,",387.3,G,0.0,",G",14.0,",,,I",2.794,",G",3.412,",,,G",2.176,",,,G"
AG000060680,1996-07-01,22.8,5.4331,1362.0,"TAMANRASSET, AG",1051.4,G,329.6,",G",0.0,",I",0.0,",I",0.0,",I",0.0,",G",0.0,",G",0.0,",G",31.0,",G",31.0,",G",19960708.0,",,G",19960731.0,"+,,I",19960719.0,"+,,G",17.6,",G,08,",0.0,",,I,31,+",37.2,",G,19,+",0.0,G,0.0,",G",0.0,",,,I",2.897,",G",3.5380000000000003,",,,G",2.255,",,,G"
AG000060680,1996-08-01,22.8,5.4331,1362.0,"TAMANRASSET, AG",1389.5,G,338.1,",G",1.0,",I",1.0,",I",0.0,",I",0.0,",G",0.0,",G",0.0,",G",31.0,",G",30.0,",G",19960810.0,",,G",19960803.0,",,I",19960816.0,",,G",19.4,",G,10,",4.0,",,I,03,",37.0,",G,16,",0.0,G,0.0,",G",4.0,",,,I",2.924,",G",3.556,",,,G",2.2920000000000003,",,,G"
AG000060680,1996-09-01,22.8,5.4331,1362.0,"TAMANRASSET, AG",1685.0,G,295.5,",G",2.0,",I",0.0,",I",0.0,",I",0.0,",G",0.0,",G",0.0,",G",30.0,",G",28.0,",G",19960926.0,",,G",19960930.0,",,I",19960904.0,",,G",18.8,",G,26,",2.0,",,I,30,",36.0,",G,04,",0.0,G,0.0,",G",3.0,",,,I",2.818,",G",3.4579999999999997,",,,G",2.178,",,,G"
AG000060680,1996-10-01,22.8,5.4331,1362.0,"TAMANRASSET, AG",1823.3,G,138.3,",G",0.0,",I",0.0,",I",0.0,",I",0.0,",G",0.0,",G",0.0,",G",31.0,",G",6.0,",G",19961031.0,",,G",19961031.0,"+,,I",19961008.0,"+,,G",9.8,",G,31,",0.0,",,I,31,+",34.0,",G,08,+",0.0,G,0.0,",G",0.0,",,,I",2.2800000000000002,",G",3.045,",,,G",1.514,",,,G"
AG000060680,1996-11-01,22.8,5.4331,1362.0,"TAMANRASSET, AG",1834.8,G,11.5,",G",0.0,",I",0.0,",I",0.0,",I",0.0,",G",0.0,",G",0.0,",G",30.0,",G",0.0,",G",19961130.0,",,G",19961130.0,"+,,I",19961116.0,"+,,G",5.6,",G,30,",0.0,",,I,30,+",27.8,",G,16,+",32.4,G,32.4,",G",0.0,",,,I",1.764,",G",2.479,",,,G",1.048,",,,G"
AG000060680,1996-12-01,22.8,5.4331,1362.0,"TAMANRASSET, AG",1834.8,G,0.0,",G",2.0,",I",0.0,",I",0.0,",I",0.0,",G",0.0,",G",0.0,",G",26.0,",G",0.0,",G",19961215.0,",,G",19961207.0,"+,,I",19961222.0,",,G",2.6,",G,15,",1.0,",,I,07,+",26.0,",G,22,",148.3,G,115.9,",G",2.0,",,,I",1.46,",G",2.2649999999999997,",,,G",0.654,",,,G"
AG000060680,1997-01-01,22.8,5.4331,1362.0,"TAMANRASSET, AG",0.9,G,0.9,",G",1.0,",I",0.0,",I",0.0,",I",0.0,",G",0.0,",G",0.0,",G",14.0,",G",0.0,",G",19970126.0,",,G",19970105.0,",,I",19970103.0,",,G",0.8,",G,26,",1.0,",,I,05,",24.5,",G,03,",286.8,G,138.5,",G",1.0,",,,I",1.389,",G",2.1149999999999998,",,,G",0.663,",,,G"
AG000060680,1997-02-01,22.8,5.4331,1362.0,"TAMANRASSET, AG",0.9,G,0.0,",G",1.0,"1,I",0.0,"1,I",0.0,"1,I",0.0,",G",0.0,",G",0.0,",G",15.0,",G",0.0,",G",19970215.0,",,G",19970228.0,",1,I",19970221.0,",,G",2.5,",G,15,",1.0,"1,,I,28,",24.2,",G,21,",403.1,G,116.3,",G",1.0,"1,,,I",1.418,",G",2.132,",,,G",0.704,",,,G"
AG000060680,1997-03-01,22.8,5.4331,1362.0,"TAMANRASSET, AG",12.0,G,11.1,",G",0.0,",I",0.0,",I",0.0,",I",0.0,",G",0.0,",G",0.0,",G",26.0,",G",0.0,",G",19970309.0,",,G",19970331.0,"+,,I",19970323.0,",,G",3.0,",G,09,",0.0,",,I,31,+",27.6,",G,23,",480.8,G,77.7,",G",0.0,",,,I",1.6190000000000002,",G",2.359,",,,G",0.8779999999999999,",,,G"
AG000060680,1997-04-01,22.8,5.4331,1362.0,"TAMANRASSET, AG",104.2,G,92.2,",G",0.0,",I",0.0,",I",0.0,",I",0.0,",G",0.0,",G",0.0,",G",30.0,",G",0.0,",G",19970401.0,",,G",19970430.0,"+,,I",19970420.0,",,G",7.6,",G,01,",0.0,",,I,30,+",31.7,",G,20,",486.1,G,5.3,",G",0.0,",,,I",2.123,",G",2.882,",,,G",1.364,",,,G"
AG000060680,1997-05-01,22.8,5.4331,1362.0,"TAMANRASSET, AG",369.4,G,265.2,",G",3.0,",I",0.0,",I",0.0,",I",0.0,",G",0.0,",G",0.0,",G",31.0,",G",20.0,",G",19970501.0,",,G",19970524.0,",,I",19970526.0,",,G",14.8,",G,01,",2.0,",,I,24,",37.0,",G,26,",486.1,G,0.0,",G",4.0,",,,I",2.689,",G",3.313,",,,G",2.065,",,,G"
AG000060680,1997-06-01,22.8,5.4331,1362.0,"TAMANRASSET, AG",698.2,G,328.8,",G",3.0,",I",2.0,",I",0.0,",I",0.0,",G",0.0,",G",0.0,",G",30.0,",G",30.0,",G",19970609.0,",,G",19970606.0,",,I",19970630.0,",,G",18.5,",G,09,",14.0,",,I,06,",38.7,",G,30,",486.1,G,0.0,",G",22.0,",,,I",2.929,",G",3.5780000000000003,",,,G",2.2800000000000002,",,,G"
AG000060680,1997-07-01,22.8,5.4331,1362.0,"TAMANRASSET, AG",1057.7,G,359.5,",G",0.0,",I",0.0,",I",0.0,",I",0.0,",G",0.0,",G",0.0,",G",31.0,",G",31.0,",G",19970723.0,",,G",19970731.0,"+,,I",19970701.0,",,G",19.9,",G,23,",0.0,",,I,31,+",38.6,",G,01,",0.0,G,0.0,",G",0.0,",,,I",2.993,",G",3.6,",,,G",2.386,",,,G"
AG000060680,1997-08-01,22.8,5.4331,1362.0,"TAMANRASSET, AG",1378.5,G,320.8,",G",10.0,"1,I",4.0,"1,I",0.0,"1,I",0.0,",G",0.0,",G",0.0,",G",31.0,",G",29.0,",G",19970807.0,",,G",19970808.0,",1,I",19970804.0,"+,,G",18.5,",G,07,",8.0,"1,,I,08,",37.5,",G,04,+",0.0,G,0.0,",G",30.0,"1,,,I",2.868,",G",3.446,",,,G",2.29,",,,G"
AG000060680,1997-09-01,22.8,5.4331,1362.0,"TAMANRASSET, AG",1634.0,G,255.5,",G",3.0,",I",1.0,",I",0.0,",I",0.0,",G",0.0,",G",0.0,",G",30.0,",G",23.0,",G",19970928.0,",,G",19970902.0,",,I",19970919.0,",,G",17.2,",G,28,",5.0,",,I,02,",35.0,",G,19,",0.0,G,0.0,",G",8.0,",,,I",2.685,",G",3.293,",,,G",2.077,",,,G"
AG000060680,1997-10-01,22.8,5.4331,1362.0,"TAMANRASSET, AG",1814.7,G,180.7,",G",1.0,",I",0.0,",I",0.0,",I",0.0,",G",0.0,",G",0.0,",G",31.0,",G",5.0,",G",19971031.0,",,G",19971002.0,",,I",19971005.0,",,G",12.7,",G,31,",1.0,",,I,02,",34.3,",G,05,",0.0,G,0.0,",G",1.0,",,,I",2.416,",G",3.104,",,,G",1.7280000000000002,",,,G"
AG000060680,1997-11-01,22.8,5.4331,1362.0,"TAMANRASSET, AG",1850.3,G,35.6,",G",0.0,",I",0.0,",I",0.0,",I",0.0,",G",0.0,",G",0.0,",G",30.0,",G",0.0,",G",19971124.0,"+,,G",19971130.0,"+,,I",19971109.0,",,G",6.0,",G,24,+",0.0,",,I,30,+",30.1,",G,09,",26.4,G,26.4,",G",0.0,",,,I",1.864,",G",2.691,",,,G",1.037,",,,G"
AG000060680,1997-12-01,22.8,5.4331,1362.0,"TAMANRASSET, AG",1851.4,G,1.1,",G",0.0,",I",0.0,",I",0.0,",I",0.0,",G",0.0,",G",0.0,",G",19.0,",G",0.0,",G",19971214.0,",,G",19971231.0,"+,,I",19971221.0,",,G",1.2,",G,14,",0.0,",,I,31,+",26.2,",G,21,",168.7,G,142.3,",G",0.0,",,,I",1.378,",G",2.226,",,,G",0.53,",,,G"
AG000060680,1998-01-01,22.8,5.4331,1362.0,"TAMANRASSET, AG",0.0,G,0.0,",G",0.0,",I",0.0,",I",0.0,",I",0.0,",G",0.0,",G",0.0,",G",22.0,",G",0.0,",G",19980120.0,",,G",19980131.0,"+,,I",19980128.0,",,G",1.2,",G,20,",0.0,",,I,31,+",26.5,",G,28,",310.1,G,141.4,",G",0.0,",,,I",1.377,",G",2.206,",,,G",0.548,",,,G"
AG000060680,1998-02-01,22.8,5.4331,1362.0,"TAMANRASSET, AG",6.7,G,6.7,",G",0.0,",I",0.0,",I",0.0,",I",0.0,",G",0.0,",G",0.0,",G",24.0,",G",0.0,",G",19980223.0,",,G",19980228.0,"+,,I",19980203.0,",,G",3.1,",G,23,",0.0,",,I,28,+",29.4,",G,03,",376.0,G,65.9,",G",0.0,",,,I",1.6219999999999999,",G",2.386,",,,G",0.858,",,,G"
AG000060680,1998-03-01,22.8,5.4331,1362.0,"TAMANRASSET, AG",14.7,G,8.0,",G",0.0,",I",0.0,",I",0.0,",I",0.0,",G",0.0,",G",0.0,",G",29.0,",G",0.0,",G",19980315.0,",,G",19980331.0,"+,,I",19980331.0,",,G",3.0,",G,15,",0.0,",,I,31,+",30.0,",G,31,",442.9,G,66.9,",G",0.0,",,,I",1.643,",G",2.4050000000000002,",,,G",0.881,",,,G"
AG000060680,1998-04-01,22.8,5.4331,1362.0,"TAMANRASSET, AG",213.0,G,198.3,",G",0.0,",I",0.0,",I",0.0,",I",0.0,",G",0.0,",G",0.0,",G",30.0,",G",19.0,",G",19980425.0,",,G",19980430.0,"+,,I",19980416.0,",,G",12.1,",G,25,",0.0,",,I,30,+",35.8,",G,16,",442.9,G,0.0,",G",0.0,",,,I",2.494,",G",3.285,",,,G",1.704,",,,G"
AG000060680,1998-05-01,22.8,5.4331,1362.0,"TAMANRASSET, AG",507.1,G,294.1,",G",1.0,",I",1.0,",I",0.0,",I",0.0,",G",0.0,",G",0.0,",G",31.0,",G",28.0,",G",19980507.0,",,G",19980531.0,",,I",19980527.0,",,G",14.5,",G,07,",3.0,",,I,31,",37.8,",G,27,",442.9,G,0.0,",G",3.0,",,,I",2.782,",G",3.4219999999999997,",,,G",2.1420000000000003,",,,G"
AG000060680,1998-06-01,22.8,5.4331,1362.0,"TAMANRASSET, AG",836.2,G,329.1,",G",5.0,",I",2.0,",I",0.0,",I",0.0,",G",0.0,",G",0.0,",G",30.0,",G",28.0,",G",19980602.0,",,G",19980626.0,",,I",19980613.0,"+,,G",17.8,",G,02,",5.0,",,I,26,",38.6,",G,13,+",442.9,G,0.0,",G",12.0,",,,I",2.93,",G",3.5380000000000003,",,,G",2.323,",,,G"
AG000060680,1998-07-01,22.8,5.4331,1362.0,"TAMANRASSET, AG",1193.6,G,357.4,",G",1.0,",I",1.0,",I",0.0,",I",0.0,",G",0.0,",G",0.0,",G",31.0,",G",31.0,",G",19980722.0,",,G",19980721.0,",,I",19980718.0,",,G",18.4,",G,22,",11.0,",,I,21,",38.4,",G,18,",0.0,G,0.0,",G",11.0,",,,I",2.9859999999999998,",G",3.6079999999999997,",,,G",2.364,",,,G"
AG000060680,1998-08-01,22.8,5.4331,1362.0,"TAMANRASSET, AG",1550.4,G,356.8,",G",2.0,",I",0.0,",I",0.0,",I",0.0,",G",0.0,",G",0.0,",G",31.0,",G",31.0,",G",19980803.0,",,G",19980802.0,",,I",19980827.0,",,G",20.0,",G,03,",2.0,",,I,02,",37.7,",G,27,",0.0,G,0.0,",G",3.0,",,,I",2.984,",G",3.5729999999999995,",,,G",2.395,",,,G"
AG000060680,1998-09-01,22.8,5.4331,1362.0,"TAMANRASSET, AG",1871.8,G,321.4,",G",1.0,",I",0.0,",I",0.0,",I",0.0,",G",0.0,",G",0.0,",G",30.0,",G",27.0,",G",19980925.0,",,G",19980929.0,",,I",19980916.0,"+,,G",19.8,",G,25,",1.0,",,I,29,",36.5,",G,16,+",0.0,G,0.0,",G",1.0,",,,I",2.9050000000000002,",G",3.4549999999999996,",,,G",2.354,",,,G"
AG000060680,1998-10-01,22.8,5.4331,1362.0,"TAMANRASSET, AG",2051.5,G,179.7,",G",0.0,",I",0.0,",I",0.0,",I",0.0,",G",0.0,",G",0.0,",G",31.0,",G",12.0,",G",19981022.0,",,G",19981031.0,"+,,I",19981003.0,",,G",7.4,",G,22,",0.0,",,I,31,+",35.5,",G,03,",1.2,G,1.2,",G",0.0,",,,I",2.409,",G",3.097,",,,G",1.721,",,,G"
AG000060680,1998-11-01,22.8,5.4331,1362.0,"TAMANRASSET, AG",2052.9,G,1.4,",G",0.0,",I",0.0,",I",0.0,",I",0.0,",G",1.0,",G",0.0,",G",26.0,",G",0.0,",G",19981128.0,",,G",19981130.0,"+,,I",19981106.0,",,G",-1.0,",G,28,",0.0,",,I,30,+",27.7,",G,06,",82.4,G,81.2,",G",0.0,",,,I",1.567,",G",2.396,",,,G",0.738,",,,G"
AG000060680,1998-12-01,22.8,5.4331,1362.0,"TAMANRASSET, AG",2057.9,G,5.0,",G",1.0,",I",1.0,",I",0.0,",I",0.0,",G",0.0,",G",0.0,",G",17.0,",G",0.0,",G",19981221.0,"+,,G",19981231.0,",,I",19981204.0,",,G",2.2,",G,21,+",3.0,",,I,31,",26.2,",G,04,",196.9,G,114.5,",G",3.0,",,,I",1.48,",G",2.147,",,,G",0.8130000000000001,",,,G"
AG000060680,1999-02-01,22.8,5.4331,1362.0,"TAMANRASSET, AG",,,,,,,,,,,0.0,"3,S",5.0,"3,S",0.0,"5,S",9.0,"5,S",0.0,"5,S",19990206.0,",3,S",,,19990228.0,"+,5,S",-1.5,"3,S,06,",,,25.0,"5,S,28,+",,,,,,,1.19,"7,S",2.023,"5,,,S",0.356,"3,,,S"
AG000060680,1999-03-01,22.8,5.4331,1362.0,"TAMANRASSET, AG",,,,,,,,,,,0.0,"4,S",0.0,"4,S",0.0,"3,S",28.0,"3,S",0.0,"3,S",19990305.0,",4,S",,,19990325.0,",3,S",2.5,"4,S,05,",,,30.5,"3,S,25,",,,,,,,1.8210000000000002,"6,S",2.658,"3,,,S",0.983,"4,,,S"
AG000060680,1999-04-01,22.8,5.4331,1362.0,"TAMANRASSET, AG",,,,,,,,,,,0.0,"4,S",0.0,"4,S",0.0,"5,S",25.0,"5,S",12.0,"5,S",19990402.0,",4,S",,,19990430.0,"+,5,S",12.0,"4,S,02,",,,35.5,"5,S,30,+",,,,,,,2.452,"9,S",3.1670000000000003,"5,,,S",1.737,"4,,,S"
AG000060680,1999-10-01,22.8,5.4331,1362.0,"TAMANRASSET, AG",,,143.8,"5,S",,,,,,,0.0,"3,S",0.0,"3,S",0.0,"2,S",29.0,"2,S",8.0,"2,S",19991031.0,",3,S",,,19991007.0,",2,S",12.2,"3,S,31,",,,40.3,"2,S,07,",,,0.0,"2,S",,,2.41,"5,S",3.074,"2,,,S",1.7469999999999999,"3,,,S"
AG000060680,1999-11-01,22.8,5.4331,1362.0,"TAMANRASSET, AG",,,16.9,"5,S",,,,,,,0.0,"4,S",0.0,"4,S",0.0,"3,S",27.0,"3,S",0.0,"3,S",19991111.0,",4,S",,,19991119.0,",3,S",8.6,"4,S,11,",,,28.4,"3,S,19,",,,7.6,"3,S",,,1.8670000000000002,"5,S",2.554,"3,,,S",1.181,"4,,,S"
AG000060680,2000-01-01,22.8,5.4331,1362.0,"TAMANRASSET, AG",,,,,,,,,,,0.0,"5,S",1.0,"5,S",0.0,"4,S",12.0,"4,S",0.0,"4,S",20000108.0,",5,S",,,20000127.0,",4,S",0.0,"5,S,08,",,,26.6,"4,S,27,",,,,,,,1.286,"9,S",1.985,"4,,,S",0.587,"5,,,S"
AG000060680,2000-03-01,22.8,5.4331,1362.0,"TAMANRASSET, AG",,,,,,,,,,,0.0,"3,S",0.0,"3,S",0.0,"4,S",26.0,"4,S",2.0,"4,S",20000320.0,",3,S",,,20000330.0,",4,S",5.4,"3,S,20,",,,33.0,"4,S,30,",,,,,,,1.834,"7,S",2.647,"4,,,S",1.0210000000000001,"3,,,S"
AG000060680,2000-06-01,22.8,5.4331,1362.0,"TAMANRASSET, AG",,,,,,,,,,,0.0,"2,S",0.0,"2,S",0.0,"5,S",25.0,"5,S",22.0,"5,S",20000608.0,",2,S",,,20000611.0,",5,S",16.0,"2,S,08,",,,36.5,"5,S,11,",,,,,,,2.799,"7,S",3.429,"5,,,S",2.169,"2,,,S"
AG000060680,2000-07-01,22.8,5.4331,1362.0,"TAMANRASSET, AG",,,276.1,"5,S",,,,,,,0.0,"4,S",0.0,"4,S",0.0,"2,S",29.0,"2,S",28.0,"2,S",20000706.0,",4,S",,,20000713.0,",2,S",19.0,"4,S,06,",,,39.6,"2,S,13,",0.0,S,0.0,"2,S",,,2.893,"5,S",3.5450000000000004,"2,,,S",2.241,"4,,,S"
AG000060680,2000-08-01,22.8,5.4331,1362.0,"TAMANRASSET, AG",,,,,,,,,,,0.0,"5,S",0.0,"5,S",0.0,"2,S",29.0,"2,S",29.0,"2,S",20000829.0,",5,S",,,20000814.0,",2,S",19.2,"5,S,29,",,,36.5,"2,S,14,",,,,,,,2.831,"7,S",3.4530000000000003,"2,,,S",2.209,"5,,,S"
AG000060680,2000-09-01,22.8,5.4331,1362.0,"TAMANRASSET, AG",,,,,,,,,,,0.0,"3,S",0.0,"3,S",0.0,"3,S",27.0,"3,S",25.0,"3,S",20000925.0,",3,S",,,20000911.0,",3,S",15.9,"3,S,25,",,,36.0,"3,S,11,",,,,,,,2.674,"6,S",3.3770000000000002,"3,,,S",1.971,"3,,,S"
AG000060680,2000-10-01,22.8,5.4331,1362.0,"TAMANRASSET, AG",,,,,,,,,,,0.0,"5,S",0.0,"5,S",0.0,"4,S",27.0,"4,S",4.0,"4,S",20001021.0,",5,S",,,20001011.0,",4,S",8.0,"5,S,21,",,,33.4,"4,S,11,",,,,,,,2.298,"8,S",2.935,"4,,,S",1.661,"5,,,S"
AG000060680,2000-11-01,22.8,5.4331,1362.0,"TAMANRASSET, AG",,,,,,,,,,,0.0,"4,S",0.0,"4,S",0.0,"3,S",27.0,"3,S",0.0,"3,S",20001126.0,",4,S",,,20001111.0,",3,S",4.0,"4,S,26,",,,27.8,"3,S,11,",,,,,,,1.7489999999999999,"7,S",2.524,"3,,,S",0.974,"4,,,S"
AG000060680,2001-01-01,22.8,5.4331,1362.0,"TAMANRASSET, AG",,,,,,,,,,,0.0,"3,S",0.0,"3,S",0.0,"5,S",22.0,"5,S",0.0,"5,S",20010126.0,",3,S",,,20010111.0,",5,S",1.1,"3,S,26,",,,25.9,"5,S,11,",,,,,,,1.322,"7,S",2.262,"5,,,S",0.383,"3,,,S"
AG000060680,2001-02-01,22.8,5.4331,1362.0,"TAMANRASSET, AG",,,,,,,,,,,0.0,"3,S",0.0,"3,S",0.0,"3,S",22.0,"3,S",0.0,"3,S",20010202.0,",3,S",,,20010226.0,",3,S",0.7,"3,S,02,",,,27.4,"3,S,26,",,,,,,,1.378,"6,S",2.3,"3,,,S",0.45599999999999996,"3,,,S"
AG000060680,2001-03-01,22.8,5.4331,1362.0,"TAMANRASSET, AG",,,,,,,,,,,0.0,"5,S",0.0,"5,S",0.0,"1,S",30.0,"1,S",1.0,"1,S",20010304.0,",5,S",,,20010313.0,",1,S",6.5,"5,S,04,",,,32.8,"1,S,13,",,,,,,,2.0,"6,S",2.873,"1,,,S",1.127,"5,,,S"
AG000060680,2001-07-01,22.8,5.4331,1362.0,"TAMANRASSET, AG",,,314.6,"3,S",,,,,,,0.0,"2,S",0.0,"2,S",0.0,"1,S",30.0,"1,S",30.0,"1,S",20010718.0,",2,S",,,20010728.0,",1,S",18.0,"2,S,18,",,,39.2,"1,S,28,",0.0,S,0.0,"1,S",,,2.957,"3,S",3.6189999999999998,"1,,,S",2.2960000000000003,"2,,,S"
AG000060680,2001-09-01,22.8,5.4331,1362.0,"TAMANRASSET, AG",,,,,,,,,,,0.0,"3,S",0.0,"3,S",0.0,"5,S",25.0,"5,S",25.0,"5,S",20010929.0,",3,S",,,20010914.0,",5,S",16.4,"3,S,29,",,,36.6,"5,S,14,",,,,,,,2.838,"6,S",3.504,"5,,,S",2.1710000000000003,"3,,,S"
AG000060680,2001-12-01,22.8,5.4331,1362.0,"TAMANRASSET, AG",,,1.0,"4,S",,,,,,,0.0,"2,S",0.0,"2,S",0.0,"3,S",21.0,"3,S",0.0,"3,S",20011219.0,",2,S",,,20011207.0,",3,S",3.0,"2,S,19,",,,31.7,"3,S,07,",,,83.5,"3,S",,,1.538,"4,S",2.316,"3,,,S",0.759,"2,,,S"
AG000060680,2002-01-01,22.8,5.4331,1362.0,"TAMANRASSET, AG",,,,,,,,,,,0.0,"3,S",2.0,"3,S",0.0,"3,S",11.0,"3,S",0.0,"3,S",20020125.0,",3,S",,,20020109.0,",3,S",-3.8,"3,S,25,",,,23.6,"3,S,09,",,,,,,,1.274,"6,S",2.007,"3,,,S",0.54,"3,,,S"
AG000060680,2002-02-01,22.8,5.4331,1362.0,"TAMANRASSET, AG",,,,,,,,,,,0.0,"4,S",0.0,"4,S",0.0,"2,S",19.0,"2,S",0.0,"2,S",20020210.0,",4,S",,,20020215.0,",2,S",1.7,"4,S,10,",,,25.1,"2,S,15,",,,,,,,1.456,"6,S",2.2399999999999998,"2,,,S",0.671,"4,,,S"
AG000060680,2002-03-01,22.8,5.4331,1362.0,"TAMANRASSET, AG",,,33.4,"4,S",,,,,,,0.0,"1,S",0.0,"1,S",0.0,"4,S",27.0,"4,S",0.0,"4,S",20020309.0,",1,S",,,20020330.0,",4,S",7.0,"1,S,09,",,,30.0,"4,S,30,",,,8.3,"4,S",,,1.9149999999999998,"4,S",2.666,"4,,,S",1.165,"1,,,S"
AG000060680,2002-04-01,22.8,5.4331,1362.0,"TAMANRASSET, AG",,,,,,,,,,,0.0,"2,S",0.0,"2,S",0.0,"4,S",26.0,"4,S",2.0,"4,S",20020417.0,",2,S",,,20020411.0,",4,S",6.5,"2,S,17,",,,33.3,"4,S,11,",,,,,,,2.301,"6,S",3.035,"4,,,S",1.568,"2,,,S"
AG000060680,2002-05-01,22.8,5.4331,1362.0,"TAMANRASSET, AG",,,252.8,"5,S",,,,,,,0.0,"1,S",0.0,"1,S",0.0,"4,S",27.0,"4,S",25.0,"4,S",20020508.0,",1,S",,,20020531.0,",4,S",12.5,"1,S,08,",,,37.1,"4,S,31,",,,0.0,"4,S",,,2.799,"5,S",3.4549999999999996,"4,,,S",2.143,"1,,,S"
AG000060680,2002-06-01,22.8,5.4331,1362.0,"TAMANRASSET, AG",,,290.7,"4,S",,,,,,,0.0,",S",0.0,",S",0.0,"4,S",26.0,"4,S",26.0,"4,S",20020603.0,",,S",,,20020603.0,",4,S",18.8,",S,03,",,,37.8,"4,S,03,",,,0.0,"4,S",,,2.951,"4,S",3.597,"4,,,S",2.305,",,,S"
AG000060680,2002-07-01,22.8,5.4331,1362.0,"TAMANRASSET, AG",,,,,,,,,,,0.0,"5,S",0.0,"5,S",0.0,"2,S",29.0,"2,S",29.0,"2,S",20020728.0,",5,S",,,20020722.0,"+,2,S",20.2,"5,S,28,",,,38.5,"2,S,22,+",,,,,,,3.037,"7,S",3.7009999999999996,"2,,,S",2.3739999999999997,"5,,,S"
AG000060680,2002-08-01,22.8,5.4331,1362.0,"TAMANRASSET, AG",,,,,,,,,,,0.0,"4,S",0.0,"4,S",0.0,"4,S",27.0,"4,S",27.0,"4,S",20020807.0,"+,4,S",,,20020813.0,"+,4,S",21.0,"4,S,07,+",,,37.5,"4,S,13,+",,,,,,,3.002,"7,S",3.6109999999999998,"4,,,S",2.394,"4,,,S"
AG000060680,2002-09-01,22.8,5.4331,1362.0,"TAMANRASSET, AG",,,308.1,"1,S",1.0,"3,S",0.0,"3,S",0.0,"3,S",0.0,",S",0.0,",S",0.0,"1,S",29.0,"1,S",29.0,"1,S",20020929.0,",,S",20020925.0,",3,S",20020903.0,",1,S",18.5,",S,29,",0.8,"3,,S,25,",37.3,"1,S,03,",,,0.0,"1,S",0.8,"3,,,S",2.895,"1,S",3.5060000000000002,"1,,,S",2.283,",,,S"
AG000060680,2002-11-01,22.8,5.4331,1362.0,"TAMANRASSET, AG",,,7.3,"1,S",0.0,"1,S",0.0,"1,S",0.0,"1,S",0.0,"1,S",0.0,"1,S",0.0,",S",30.0,",S",0.0,",S",20021107.0,",1,S",20021130.0,"+,1,S",20021107.0,",,S",7.1,"1,S,07,",0.0,"1,,S,30,+",28.6,",S,07,",,,26.7,",S",0.0,"1,,,S",1.7690000000000001,"1,S",2.5149999999999997,",,,S",1.022,"1,,,S"
AG000060680,2002-12-01,22.8,5.4331,1362.0,"TAMANRASSET, AG",,,2.1,"5,S",0.0,"2,S",0.0,"2,S",0.0,"2,S",0.0,"3,S",0.0,"3,S",0.0,"2,S",26.0,"2,S",0.0,"2,S",20021228.0,",3,S",20021231.0,"+,2,S",20021214.0,",2,S",2.0,"3,S,28,",0.0,"2,,S,31,+",26.6,"2,S,14,",,,79.4,"2,S",0.0,"2,,,S",1.545,"5,S",2.272,"2,,,S",0.819,"3,,,S"
AG000060680,2003-01-01,22.8,5.4331,1362.0,"TAMANRASSET, AG",2.0,S,2.0,"4,S",0.0,"3,S",0.0,"3,S",0.0,"3,S",0.0,"2,S",2.0,"2,S",0.0,"2,S",17.0,"2,S",0.0,"2,S",20030126.0,",2,S",20030131.0,"+,3,S",20030108.0,",2,S",-5.0,"2,S,26,",0.0,"3,,S,31,+",25.0,"2,S,08,",,,123.8,"2,S",0.0,"3,,,S",1.392,"4,S",2.116,"2,,,S",0.6679999999999999,"2,,,S"
AG000060680,2003-02-01,22.8,5.4331,1362.0,"TAMANRASSET, AG",,,,,0.0,"5,S",0.0,"5,S",0.0,"5,S",0.0,"2,S",0.0,"2,S",0.0,"4,S",20.0,"4,S",0.0,"4,S",20030219.0,",2,S",20030228.0,"+,5,S",20030226.0,",4,S",2.0,"2,S,19,",0.0,"5,,S,28,+",26.0,"4,S,26,",,,,,0.0,"5,,,S",1.517,"6,S",2.295,"4,,,S",0.74,"2,,,S"
AG000060680,2003-03-01,22.8,5.4331,1362.0,"TAMANRASSET, AG",,,21.1,"3,S",0.0,"4,S",0.0,"4,S",0.0,"4,S",0.0,"1,S",0.0,"1,S",0.0,"2,S",29.0,"2,S",0.0,"2,S",20030304.0,",1,S",20030331.0,"+,4,S",20030331.0,",2,S",4.8,"1,S,04,",0.0,"4,,S,31,+",30.5,"2,S,31,",,,27.4,"2,S",0.0,"4,,,S",1.8190000000000002,"3,S",2.622,"2,,,S",1.016,"1,,,S"
AG000060680,2003-04-01,22.8,5.4331,1362.0,"TAMANRASSET, AG",,,125.5,"5,S",0.0,"3,S",0.0,"3,S",0.0,"3,S",0.0,"2,S",0.0,"2,S",0.0,"3,S",27.0,"3,S",9.0,"3,S",20030407.0,"+,2,S",20030430.0,"+,3,S",20030412.0,",3,S",10.0,"2,S,07,+",0.0,"3,,S,30,+",35.0,"3,S,12,",,,0.1,"3,S",0.0,"3,,,S",2.35,"5,S",3.096,"3,,,S",1.605,"2,,,S"
AG000060680,2003-05-01,22.8,5.4331,1362.0,"TAMANRASSET, AG",,,227.5,"5,S",0.0,"3,S",0.0,"3,S",0.0,"3,S",0.0,"4,S",0.0,"4,S",0.0,"3,S",28.0,"3,S",27.0,"3,S",20030512.0,"+,4,S",20030531.0,"+,3,S",20030518.0,",3,S",16.5,"4,S,12,+",0.0,"3,,S,31,+",36.5,"3,S,18,",,,0.0,"3,S",0.0,"3,,,S",2.711,"5,S",3.4560000000000004,"3,,,S",1.967,"4,,,S"
AG000060680,2003-06-01,22.8,5.4331,1362.0,"TAMANRASSET, AG",,,267.3,"4,S",,,,,,,0.0,"3,S",0.0,"3,S",0.0,"3,S",27.0,"3,S",27.0,"3,S",20030604.0,",3,S",,,20030615.0,",3,S",17.4,"3,S,04,",,,38.0,"3,S,15,",,,0.0,"3,S",,,2.8600000000000003,"4,S",3.4909999999999997,"3,,,S",2.229,"3,,,S"
AG000060680,2003-07-01,22.8,5.4331,1362.0,"TAMANRASSET, AG",,,307.0,"5,S",0.0,"4,S",0.0,"4,S",0.0,"4,S",0.0,"2,S",0.0,"2,S",0.0,"3,S",28.0,"3,S",28.0,"3,S",20030724.0,",2,S",20030731.0,"+,4,S",20030710.0,",3,S",19.5,"2,S,24,",0.0,"4,,S,31,+",38.2,"3,S,10,",0.0,S,0.0,"3,S",0.0,"4,,,S",3.005,"5,S",3.595,"3,,,S",2.414,"2,,,S"
AG000060680,2003-08-01,22.8,5.4331,1362.0,"TAMANRASSET, AG",,,,,,,,,,,0.0,"3,S",0.0,"3,S",0.0,"3,S",28.0,"3,S",25.0,"3,S",20030809.0,"+,3,S",,,20030805.0,",3,S",18.1,"3,S,09,+",,,36.5,"3,S,05,",,,,,,,2.852,"6,S",3.431,"3,,,S",2.273,"3,,,S"
AG000060680,2003-09-01,22.8,5.4331,1362.0,"TAMANRASSET, AG",,,242.4,"5,S",,,,,,,0.0,"1,S",0.0,"1,S",0.0,"5,S",25.0,"5,S",24.0,"5,S",20030929.0,",1,S",,,20030913.0,"+,5,S",17.5,"1,S,29,",,,35.2,"5,S,13,+",,,0.0,"5,S",,,2.7969999999999997,"5,S",3.3950000000000005,"5,,,S",2.198,"1,,,S"
AG000060680,2003-11-01,22.8,5.4331,1362.0,"TAMANRASSET, AG",,,,,1.0,"4,S",0.0,"4,S",0.0,"4,S",0.0,"5,S",0.0,"5,S",0.0,"1,S",29.0,"1,S",0.0,"1,S",20031114.0,",5,S",20031113.0,",4,S",20031102.0,",1,S",7.4,"5,S,14,",2.0,"4,,S,13,",30.4,"1,S,02,",,,,,2.0,"4,,,S",1.906,"6,S",2.6350000000000002,"1,,,S",1.178,"5,,,S"
AG000060680,2004-02-01,22.8,5.4331,1362.0,"TAMANRASSET, AG",,,11.4,"5,S",0.0,"3,S",0.0,"3,S",0.0,"3,S",0.0,"2,S",1.0,"2,S",0.0,"3,S",18.0,"3,S",0.0,"3,S",20040217.0,",2,S",20040229.0,"+,3,S",20040225.0,",3,S",0.0,"2,S,17,",0.0,"3,,S,29,+",29.7,"3,S,25,",,,71.1,"3,S",0.0,"3,,,S",1.596,"5,S",2.347,"3,,,S",0.8460000000000001,"2,,,S"
AG000060680,2004-03-01,22.8,5.4331,1362.0,"TAMANRASSET, AG",,,44.7,"3,S",0.0,"1,S",0.0,"1,S",0.0,"1,S",0.0,"2,S",2.0,"2,S",0.0,"1,S",27.0,"1,S",0.0,"1,S",20040304.0,",2,S",20040331.0,"+,1,S",20040329.0,",1,S",-1.0,"2,S,04,",0.0,"1,,S,31,+",31.5,"1,S,29,",,,35.2,"1,S",0.0,"1,,,S",1.845,"3,S",2.555,"1,,,S",1.135,"2,,,S"
AG000060680,2004-04-01,22.8,5.4331,1362.0,"TAMANRASSET, AG",,,163.1,"3,S",0.0,"1,S",0.0,"1,S",0.0,"1,S",0.0,"2,S",0.0,"2,S",0.0,"1,S",29.0,"1,S",13.0,"1,S",20040402.0,",2,S",20040430.0,"+,1,S",20040418.0,",1,S",10.0,"2,S,02,",0.0,"1,,S,30,+",33.7,"1,S,18,",,,0.0,"1,S",0.0,"1,,,S",2.42,"3,S",3.125,"1,,,S",1.7149999999999999,"2,,,S"
AG000060680,2004-05-01,22.8,5.4331,1362.0,"TAMANRASSET, AG",,,215.7,"4,S",0.0,",S",0.0,",S",0.0,",S",0.0,"1,S",0.0,"1,S",0.0,"3,S",28.0,"3,S",23.0,"3,S",20040507.0,"+,1,S",20040531.0,"+,,S",20040515.0,",3,S",12.0,"1,S,07,+",0.0,",,S,31,+",36.0,"3,S,15,",,,0.0,"3,S",0.0,",,,S",2.647,"4,S",3.383,"3,,,S",1.9100000000000001,"1,,,S"
AG000060680,2004-06-01,22.8,5.4331,1362.0,"TAMANRASSET, AG",,,263.8,"5,S",2.0,"1,S",0.0,"1,S",0.0,"1,S",0.0,"3,S",0.0,"3,S",0.0,"2,S",28.0,"2,S",27.0,"2,S",20040621.0,"+,3,S",20040613.0,"+,1,S",20040617.0,",2,S",17.0,"3,S,21,+",1.0,"1,,S,13,+",37.4,"2,S,17,",,,0.0,"2,S",2.0,"1,,,S",2.8850000000000002,"5,S",3.5229999999999997,"2,,,S",2.247,"3,,,S"
AG000060680,2004-07-01,22.8,5.4331,1362.0,"TAMANRASSET, AG",,,278.1,"4,S",4.0,"2,S",3.0,"2,S",0.0,"2,S",0.0,"3,S",0.0,"3,S",0.0,"1,S",30.0,"1,S",30.0,"1,S",20040724.0,"+,3,S",20040729.0,"+,2,S",20040713.0,",1,S",19.0,"3,S,24,+",4.1,"2,,S,29,+",38.0,"1,S,13,",0.0,S,0.0,"1,S",12.8,"2,,,S",2.869,"4,S",3.493,"1,,,S",2.245,"3,,,S"
AG000060680,2004-08-01,22.8,5.4331,1362.0,"TAMANRASSET, AG",,,300.1,"4,S",2.0,",S",1.0,",S",0.0,",S",0.0,"3,S",0.0,"3,S",0.0,"1,S",30.0,"1,S",30.0,"1,S",20040829.0,",3,S",20040808.0,",,S",20040814.0,",1,S",19.1,"3,S,29,",3.0,",,S,08,",37.6,"1,S,14,",0.0,S,0.0,"1,S",5.0,",,,S",2.942,"4,S",3.569,"1,,,S",2.315,"3,,,S"
AG000060680,2004-09-01,22.8,5.4331,1362.0,"TAMANRASSET, AG",,,224.0,"3,S",0.0,",S",0.0,",S",0.0,",S",0.0,"1,S",0.0,"1,S",0.0,"2,S",28.0,"2,S",23.0,"2,S",20040929.0,",1,S",20040930.0,"+,,S",20040903.0,",2,S",15.5,"1,S,29,",0.0,",,S,30,+",35.8,"2,S,03,",0.0,S,0.0,"2,S",0.0,",,,S",2.677,"3,S",3.339,"2,,,S",2.0149999999999997,"1,,,S"
AG000060680,2004-10-01,22.8,5.4331,1362.0,"TAMANRASSET, AG",,,136.2,"5,S",0.0,"1,S",0.0,"1,S",0.0,"1,S",0.0,"3,S",0.0,"3,S",0.0,"2,S",29.0,"2,S",6.0,"2,S",20041030.0,",3,S",20041031.0,"+,1,S",20041005.0,",2,S",12.8,"3,S,30,",0.0,"1,,S,31,+",32.8,"2,S,05,",0.0,S,0.0,"2,S",0.0,"1,,,S",2.355,"5,S",3.024,"2,,,S",1.685,"3,,,S"
AG000060680,2004-11-01,22.8,5.4331,1362.0,"TAMANRASSET, AG",,,14.7,",S",0.0,",S",0.0,",S",0.0,",S",0.0,",S",0.0,",S",0.0,",S",30.0,",S",0.0,",S",20041103.0,",,S",20041130.0,"+,,S",20041106.0,",,S",7.1,",S,03,",0.0,",,S,30,+",28.5,",S,06,",24.5,S,24.5,",S",0.0,",,,S",1.8010000000000002,",S",2.5469999999999997,",,,S",1.0539999999999998,",,,S"
AG000060680,2004-12-01,22.8,5.4331,1362.0,"TAMANRASSET, AG",,,0.7,",S",2.0,",S",0.0,",S",0.0,",S",0.0,",S",0.0,",S",0.0,",S",25.0,",S",0.0,",S",20041230.0,",,S",20041227.0,"+,,S",20041204.0,",,S",1.1,",S,30,",0.3,",,S,27,+",27.3,",S,04,",107.4,S,82.9,",S",0.6,",,,S",1.568,",S",2.2800000000000002,",,,S",0.8550000000000001,",,,S"
