STATION,DATE,LATITUDE,LONGITUDE,ELEVATION,NAME,CDSD,CDSD_ATTRIBUTES,CLDD,CLDD_ATTRIBUTES,DP01,DP01_ATTRIBUTES,DP10,DP10_ATTRIBUTES,DP1X,DP1X_ATTRIBUTES,DT00,DT00_ATTRIBUTES,DT32,DT32_ATTRIBUTES,DX32,DX32_ATTRIBUTES,DX70,DX70_ATTRIBUTES,DX90,DX90_ATTRIBUTES,DYNT,DYNT_ATTRIBUTES,DYXP,DYXP_ATTRIBUTES,DYXT,DYXT_ATTRIBUTES,EMNT,EMNT_ATTRIBUTES,EMXP,EMXP_ATTRIBUTES,EMXT,EMXT_ATTRIBUTES,HDSD,HDSD_ATTRIBUTES,HTDD,HTDD_ATTRIBUTES,PRCP,PRCP_ATTRIBUTES,TAVG,TAVG_ATTRIBUTES,TMAX,TMAX_ATTRIBUTES,TMIN,TMIN_ATTRIBUTES
AGE00147716,1878-01-01,35.1,-1.85,83.0,"NEMOURS GHAZAOUET, AG",0.0,,0.0,",E",4.0,",E",4.0,",E",1.0,",E",0.0,",E",0.0,",E",0.0,",E",0.0,",E",0.0,",E",18780115.0,"+,,E",18780111.0,",,E",18780125.0,",,E",0.4,",E,15,+",27.5,",,E,11,",20.3,",E,25,",,,249.2,",E",52.2,",,,E",1.029,",E",1.585,",,,E",0.47400000000000003,",,,E"
AGE00147716,1881-10-01,35.1,-1.85,83.0,"NEMOURS GHAZAOUET, AG",,,1.3,"3,E",9.0,",E",7.0,",E",1.0,",E",0.0,",E",0.0,",E",0.0,"3,E",24.0,"3,E",0.0,"3,E",18811026.0,",,E",18811010.0,",,E",18811015.0,",3,E",8.8,",E,26,",39.5,",,E,10,",27.0,"3,E,15,",,,46.0,"3,E",95.4,",,,E",1.6800000000000002,"3,E",2.291,"3,,,E",1.068,",,,E"
AGE00147716,1881-11-01,35.1,-1.85,83.0,"NEMOURS GHAZAOUET, AG",,,2.7,",E",1.0,",E",0.0,",E",0.0,",E",0.0,",E",0.0,",E",0.0,",E",11.0,",E",0.0,",E",18811126.0,",,E",18811129.0,",,E",18811107.0,",,E",6.2,",E,26,",1.3,",,E,29,",28.6,",E,07,",,,106.9,",E",1.3,",,,E",1.486,",E",2.1260000000000003,",,,E",0.8460000000000001,",,,E"
AGE00147716,1881-12-01,35.1,-1.85,83.0,"NEMOURS GHAZAOUET, AG",,,0.0,",E",15.0,",E",12.0,",E",1.0,",E",0.0,",E",0.0,",E",0.0,",E",1.0,",E",0.0,",E",18811219.0,",,E",18811209.0,",,E",18811203.0,",,E",3.4,",E,19,",28.0,",,E,09,",21.4,",E,03,",,,195.2,",E",92.3,",,,E",1.204,",E",1.845,",,,E",0.562,",,,E"
AGE00147716,1882-01-01,35.1,-1.85,83.0,"NEMOURS GHAZAOUET, AG",0.0,E,0.0,",E",4.0,",E",2.0,",E",0.0,",E",0.0,",E",0.0,",E",0.0,",E",2.0,",E",0.0,",E",18820123.0,",,E",18820104.0,",,E",18820127.0,",,E",2.8,",E,23,",17.4,",,E,04,",22.2,",E,27,",,,194.1,",E",29.2,",,,E",1.207,",E",1.8050000000000002,",,,E",0.609,",,,E"
AGE00147716,1882-02-01,35.1,-1.85,83.0,"NEMOURS GHAZAOUET, AG",0.0,E,0.0,",E",8.0,",E",5.0,",E",0.0,",E",0.0,",E",0.0,",E",0.0,",E",4.0,",E",0.0,",E",18820209.0,",,E",18820216.0,",,E",18820228.0,",,E",1.8,",E,09,",20.0,",,E,16,",22.8,",E,28,",,,166.1,",E",52.4,",,,E",1.24,",E",1.873,",,,E",0.607,",,,E"
AGE00147716,1882-03-01,35.1,-1.85,83.0,"NEMOURS GHAZAOUET, AG",0.0,E,0.0,",E",4.0,",E",4.0,",E",0.0,",E",0.0,",E",0.0,",E",0.0,",E",4.0,",E",0.0,",E",18820329.0,"+,,E",18820324.0,",,E",18820303.0,"+,,E",1.2,",E,29,+",9.3,",,E,24,",21.8,",E,03,+",,,193.3,",E",25.5,",,,E",1.21,",E",1.832,",,,E",0.587,",,,E"
AGE00147716,1882-04-01,35.1,-1.85,83.0,"NEMOURS GHAZAOUET, AG",0.0,E,0.0,",E",3.0,",E",3.0,",E",0.0,",E",0.0,",E",0.0,",E",0.0,",E",21.0,",E",0.0,",E",18820407.0,",,E",18820408.0,",,E",18820413.0,",,E",5.0,",E,07,",11.0,",,E,08,",26.0,",E,13,",,,95.6,",E",18.5,",,,E",1.5150000000000001,",E",2.1719999999999997,",,,E",0.858,",,,E"
AGE00147716,1882-05-01,35.1,-1.85,83.0,"NEMOURS GHAZAOUET, AG",3.1,E,3.1,",E",3.0,",E",0.0,",E",0.0,",E",0.0,",E",0.0,",E",0.0,",E",27.0,",E",0.0,",E",18820504.0,",,E",18820518.0,",,E",18820531.0,",,E",8.4,",E,04,",1.5,",,E,18,",25.2,",E,31,",,,41.6,",E",3.4,",,,E",1.709,",E",2.285,",,,E",1.133,",,,E"
AGE00147716,1882-06-01,35.1,-1.85,83.0,"NEMOURS GHAZAOUET, AG",91.6,E,88.5,",E",1.0,",E",1.0,",E",0.0,",E",0.0,",E",0.0,",E",0.0,",E",30.0,",E",0.0,",E",18820623.0,",,E",18820606.0,",,E",18820609.0,"+,,E",11.5,",E,23,",4.0,",,E,06,",30.5,",E,09,+",,,0.0,",E",4.0,",,,E",2.128,",E",2.7760000000000002,",,,E",1.48,",,,E"
AGE00147716,1882-07-01,35.1,-1.85,83.0,"NEMOURS GHAZAOUET, AG",205.2,E,113.6,",E",0.0,",E",0.0,",E",0.0,",E",0.0,",E",0.0,",E",0.0,",E",31.0,",E",0.0,",E",18820710.0,",,E",18820731.0,"+,,E",18820712.0,",,E",10.0,",E,10,",0.0,",,E,31,+",32.0,",E,12,",0.3,E,0.3,",E",0.0,",,,E",2.199,",E",2.83,",,,E",1.567,",,,E"
AGE00147716,1882-08-01,35.1,-1.85,83.0,"NEMOURS GHAZAOUET, AG",338.3,E,133.1,",E",0.0,",E",0.0,",E",0.0,",E",0.0,",E",0.0,",E",0.0,",E",31.0,",E",0.0,",E",18820811.0,"+,,E",18820831.0,"+,,E",18820807.0,",,E",14.6,",E,11,+",0.0,",,E,31,+",31.5,",E,07,",0.3,E,0.0,",E",0.0,",,,E",2.263,",E",2.8579999999999997,",,,E",1.668,",,,E"
AGE00147716,1882-10-01,35.1,-1.85,83.0,"NEMOURS GHAZAOUET, AG",,,4.7,"5,E",1.0,",E",1.0,",E",0.0,",E",0.0,",E",0.0,",E",0.0,"5,E",26.0,"5,E",0.0,"5,E",18821031.0,",,E",18821027.0,",,E",18821003.0,",5,E",6.2,",E,31,",4.2,",,E,27,",25.2,"5,E,03,",,,38.4,"5,E",4.2,",,,E",1.701,"5,E",2.3489999999999998,"5,,,E",1.052,",,,E"
AGE00147716,1882-11-01,35.1,-1.85,83.0,"NEMOURS GHAZAOUET, AG",,,2.3,"1,E",1.0,",E",0.0,",E",0.0,",E",0.0,",E",0.0,",E",0.0,"1,E",12.0,"1,E",0.0,"1,E",18821123.0,",,E",18821106.0,",,E",18821114.0,"+,1,E",3.2,",E,23,",1.2,",,E,06,",26.4,"1,E,14,+",,,127.9,"1,E",1.2,",,,E",1.401,"1,E",2.073,"1,,,E",0.728,",,,E"
AGE00147716,1882-12-01,35.1,-1.85,83.0,"NEMOURS GHAZAOUET, AG",,,0.0,",E",5.0,",E",4.0,",E",0.0,",E",0.0,",E",0.0,",E",0.0,",E",1.0,",E",0.0,",E",18821204.0,",,E",18821214.0,",,E",18821212.0,",,E",2.4,",E,04,",25.0,",,E,14,",22.4,",E,12,",,,212.8,",E",64.1,",,,E",1.147,",E",1.746,",,,E",0.5469999999999999,",,,E"
AGE00147716,1883-02-01,35.1,-1.85,83.0,"NEMOURS GHAZAOUET, AG",,,0.0,"3,E",0.0,",E",0.0,",E",0.0,",E",0.0,"2,E",0.0,"2,E",0.0,"1,E",0.0,"1,E",0.0,"1,E",18830218.0,"+,2,E",18830228.0,"+,,E",18830204.0,",1,E",3.0,"2,E,18,+",0.0,",,E,28,+",20.8,"1,E,04,",,,176.3,"1,E",0.0,",,,E",1.133,"3,E",1.781,"1,,,E",0.48600000000000004,"2,,,E"
AGE00147716,1883-03-01,35.1,-1.85,83.0,"NEMOURS GHAZAOUET, AG",,,0.0,"1,E",4.0,",E",4.0,",E",0.0,",E",0.0,",E",0.0,",E",0.0,"1,E",8.0,"1,E",0.0,"1,E",18830314.0,"+,,E",18830312.0,",,E",18830331.0,",1,E",2.0,",E,14,+",13.4,",,E,12,",24.6,"1,E,31,",,,175.5,"1,E",39.8,",,,E",1.244,"1,E",1.9140000000000001,"1,,,E",0.5740000000000001,",,,E"
AGE00147716,1883-04-01,35.1,-1.85,83.0,"NEMOURS GHAZAOUET, AG",,,0.0,"1,E",5.0,",E",3.0,",E",0.0,",E",0.0,",E",0.0,",E",0.0,"1,E",10.0,"1,E",0.0,"1,E",18830410.0,",,E",18830427.0,",,E",18830425.0,",1,E",5.0,",E,10,",9.8,",,E,27,",27.0,"1,E,25,",,,110.6,"1,E",22.1,",,,E",1.447,"1,E",2.09,"1,,,E",0.8029999999999999,",,,E"
AGE00147716,1883-05-01,35.1,-1.85,83.0,"NEMOURS GHAZAOUET, AG",,,15.3,"1,E",5.0,",E",2.0,",E",0.0,",E",0.0,",E",0.0,",E",0.0,"1,E",20.0,"1,E",0.0,"1,E",18830506.0,",,E",18830512.0,",,E",18830520.0,",1,E",6.8,",E,06,",20.5,",,E,12,",30.0,"1,E,20,",,,54.1,"1,E",31.8,",,,E",1.707,"1,E",2.269,"1,,,E",1.145,",,,E"
AGE00147716,1883-06-01,35.1,-1.85,83.0,"NEMOURS GHAZAOUET, AG",,,41.8,",E",0.0,",E",0.0,",E",0.0,",E",0.0,",E",0.0,",E",0.0,",E",30.0,",E",0.0,",E",18830609.0,"+,,E",18830630.0,"+,,E",18830623.0,"+,,E",10.0,",E,09,+",0.0,",,E,30,+",30.8,",E,23,+",,,3.4,",E",0.0,",,,E",1.9609999999999999,",E",2.705,",,,E",1.217,",,,E"
AGE00147716,1883-08-01,35.1,-1.85,83.0,"NEMOURS GHAZAOUET, AG",,,115.9,",E",0.0,",E",0.0,",E",0.0,",E",0.0,",E",0.0,",E",0.0,",E",31.0,",E",1.0,",E",18830808.0,",,E",18830831.0,"+,,E",18830815.0,",,E",13.4,",E,08,",0.0,",,E,31,+",34.6,",E,15,",,,0.0,",E",0.0,",,,E",2.207,",E",2.832,",,,E",1.583,",,,E"
AGE00147716,1883-09-01,35.1,-1.85,83.0,"NEMOURS GHAZAOUET, AG",,,63.7,"1,E",0.0,",E",0.0,",E",0.0,",E",0.0,",E",0.0,",E",0.0,"1,E",29.0,"1,E",0.0,"1,E",18830906.0,"+,,E",18830930.0,"+,,E",18830928.0,"+,1,E",12.0,",E,06,+",0.0,",,E,30,+",30.6,"1,E,28,+",,,0.0,"1,E",0.0,",,,E",2.051,"1,E",2.7190000000000003,"1,,,E",1.383,",,,E"
AGE00147716,1883-10-01,35.1,-1.85,83.0,"NEMOURS GHAZAOUET, AG",,,10.2,"1,E",2.0,",E",1.0,",E",0.0,",E",0.0,",E",0.0,",E",0.0,"1,E",30.0,"1,E",0.0,"1,E",18831024.0,"+,,E",18831003.0,",,E",18831008.0,",1,E",7.4,",E,24,+",6.0,",,E,03,",30.2,"1,E,08,",,,50.7,"1,E",7.0,",,,E",1.7,"1,E",2.366,"1,,,E",1.034,",,,E"
AGE00147716,1883-11-01,35.1,-1.85,83.0,"NEMOURS GHAZAOUET, AG",,,0.0,",E",1.0,",E",0.0,",E",0.0,",E",0.0,",E",0.0,",E",0.0,",E",11.0,",E",0.0,",E",18831130.0,",,E",18831102.0,",,E",18831107.0,",,E",0.6,",E,30,",2.4,",,E,02,",25.2,",E,07,",,,135.8,",E",2.4,",,,E",1.381,",E",2.114,",,,E",0.647,",,,E"
AGE00147716,1883-12-01,35.1,-1.85,83.0,"NEMOURS GHAZAOUET, AG",,,0.0,",E",5.0,",E",3.0,",E",0.0,",E",0.0,",E",0.0,",E",0.0,",E",3.0,",E",0.0,",E",18831229.0,"+,,E",18831208.0,",,E",18831216.0,",,E",0.6,",E,29,+",11.5,",,E,08,",21.6,",E,16,",,,232.6,",E",24.7,",,,E",1.083,",E",1.794,",,,E",0.372,",,,E"
AGE00147716,1884-01-01,35.1,-1.85,83.0,"NEMOURS GHAZAOUET, AG",0.0,E,0.0,",E",2.0,",E",1.0,",E",0.0,",E",0.0,",E",0.0,",E",0.0,",E",1.0,",E",0.0,",E",18840115.0,",,E",18840112.0,",,E",18840106.0,",,E",0.5,",E,15,",9.2,",,E,12,",22.0,",E,06,",,,247.7,",E",11.4,",,,E",1.034,",E",1.7129999999999999,",,,E",0.356,",,,E"
AGE00147716,1884-02-01,35.1,-1.85,83.0,"NEMOURS GHAZAOUET, AG",2.4,E,2.4,",E",5.0,",E",3.0,",E",0.0,",E",0.0,",E",0.0,",E",0.0,",E",10.0,",E",0.0,",E",18840209.0,",,E",18840229.0,",,E",18840217.0,",,E",2.2,",E,09,",6.0,",,E,29,",28.8,",E,17,",,,135.4,",E",17.0,",,,E",1.375,",E",2.0469999999999997,",,,E",0.7030000000000001,",,,E"
AGE00147716,1884-03-01,35.1,-1.85,83.0,"NEMOURS GHAZAOUET, AG",2.8,E,0.4,",E",13.0,",E",10.0,",E",2.0,",E",0.0,",E",0.0,",E",0.0,",E",4.0,",E",0.0,",E",18840305.0,",,E",18840328.0,",,E",18840311.0,",,E",5.2,",E,05,",34.0,",,E,28,",24.2,",E,11,",,,136.8,",E",131.4,",,,E",1.393,",E",1.844,",,,E",0.943,",,,E"
AGE00147716,1884-04-01,35.1,-1.85,83.0,"NEMOURS GHAZAOUET, AG",5.0,E,2.2,",E",11.0,",E",8.0,",E",0.0,",E",0.0,",E",0.0,",E",0.0,",E",4.0,",E",0.0,",E",18840430.0,",,E",18840413.0,",,E",18840406.0,",,E",8.2,",E,30,",13.0,",,E,13,",29.6,",E,06,",,,96.3,",E",58.9,",,,E",1.52,",E",1.938,",,,E",1.101,",,,E"
AGE00147716,1884-05-01,35.1,-1.85,83.0,"NEMOURS GHAZAOUET, AG",17.7,E,12.7,",E",8.0,",E",7.0,",E",1.0,",E",0.0,",E",0.0,",E",0.0,",E",17.0,",E",0.0,",E",18840501.0,",,E",18840521.0,",,E",18840530.0,",,E",8.4,",E,01,",88.4,",,E,21,",26.8,",E,30,",,,42.7,",E",128.2,",,,E",1.737,",E",2.13,",,,E",1.343,",,,E"
AGE00147716,1884-06-01,35.1,-1.85,83.0,"NEMOURS GHAZAOUET, AG",67.9,E,50.2,",E",1.0,",E",1.0,",E",0.0,",E",0.0,",E",0.0,",E",0.0,",E",30.0,",E",0.0,",E",18840612.0,",,E",18840624.0,",,E",18840630.0,",,E",12.4,",E,12,",2.5,",,E,24,",28.8,",E,30,",,,1.4,",E",2.5,",,,E",1.996,",E",2.451,",,,E",1.541,",,,E"
AGE00147716,1884-07-01,35.1,-1.85,83.0,"NEMOURS GHAZAOUET, AG",238.8,E,170.9,",E",0.0,",E",0.0,",E",0.0,",E",0.0,",E",0.0,",E",0.0,",E",31.0,",E",0.0,",E",18840711.0,"+,,E",18840731.0,"+,,E",18840715.0,",,E",17.0,",E,11,+",0.0,",,E,31,+",31.6,",E,15,",0.0,E,0.0,",E",0.0,",,,E",2.3850000000000002,",E",2.842,",,,E",1.927,",,,E"
AGE00147716,1884-08-01,35.1,-1.85,83.0,"NEMOURS GHAZAOUET, AG",447.1,E,208.3,"1,E",0.0,",E",0.0,",E",0.0,",E",0.0,",E",0.0,",E",0.0,"1,E",30.0,"1,E",1.0,"1,E",18840802.0,",,E",18840831.0,"+,,E",18840815.0,",1,E",17.0,",E,02,",0.0,",,E,31,+",35.2,"1,E,15,",0.0,E,0.0,"1,E",0.0,",,,E",2.527,"1,E",2.912,"1,,,E",2.1420000000000003,",,,E"
AGE00147716,1884-09-01,35.1,-1.85,83.0,"NEMOURS GHAZAOUET, AG",570.5,E,123.4,",E",6.0,",E",3.0,",E",0.0,",E",0.0,",E",0.0,",E",0.0,",E",30.0,",E",0.0,",E",18840904.0,",,E",18840923.0,",,E",18840901.0,",,E",13.2,",E,04,",10.2,",,E,23,",30.4,",E,01,",0.0,E,0.0,",E",21.7,",,,E",2.245,",E",2.645,",,,E",1.844,",,,E"
AGE00147716,1884-10-01,35.1,-1.85,83.0,"NEMOURS GHAZAOUET, AG",598.1,E,27.6,",E",10.0,",E",7.0,",E",0.0,",E",0.0,",E",0.0,",E",0.0,",E",19.0,",E",0.0,",E",18841014.0,",,E",18841011.0,",,E",18841002.0,",,E",8.2,",E,14,",18.2,",,E,11,",26.0,",E,02,",34.0,E,34.0,",E",52.8,",,,E",1.813,",E",2.211,",,,E",1.415,",,,E"
AGE00147716,1884-11-01,35.1,-1.85,83.0,"NEMOURS GHAZAOUET, AG",598.2,E,0.1,",E",8.0,",E",6.0,",E",1.0,",E",0.0,",E",0.0,",E",0.0,",E",3.0,",E",0.0,",E",18841123.0,",,E",18841116.0,",,E",18841109.0,",,E",6.0,",E,23,",26.6,",,E,16,",22.4,",E,09,",115.5,E,81.5,",E",70.4,",,,E",1.5619999999999998,",E",1.8989999999999998,",,,E",1.225,",,,E"
AGE00147716,1884-12-01,35.1,-1.85,83.0,"NEMOURS GHAZAOUET, AG",598.2,E,0.0,",E",10.0,",E",9.0,",E",1.0,",E",0.0,",E",0.0,",E",0.0,",E",0.0,",E",0.0,",E",18841230.0,",,E",18841202.0,",,E",18841220.0,",,E",5.0,",E,30,",43.5,",,E,02,",19.2,",E,20,",307.5,E,192.0,",E",124.9,",,,E",1.214,",E",1.614,",,,E",0.8140000000000001,",,,E"
AGE00147716,1885-03-01,35.1,-1.85,83.0,"NEMOURS GHAZAOUET, AG",,,9.2,",E",6.0,",E",5.0,",E",0.0,",E",0.0,",E",0.0,",E",0.0,",E",6.0,",E",0.0,",E",18850328.0,",,E",18850311.0,",,E",18850305.0,",,E",4.4,",E,28,",10.2,",,E,11,",31.2,",E,05,",,,127.5,",E",33.5,",,,E",1.452,",E",1.988,",,,E",0.915,",,,E"
AGE00147716,1885-04-01,35.1,-1.85,83.0,"NEMOURS GHAZAOUET, AG",,,0.0,",E",10.0,",E",8.0,",E",2.0,",E",0.0,",E",0.0,",E",0.0,",E",5.0,",E",0.0,",E",18850401.0,",,E",18850402.0,",,E",18850424.0,",,E",7.5,",E,01,",30.7,",,E,02,",22.2,",E,24,",,,116.2,",E",141.5,",,,E",1.4460000000000002,",E",1.879,",,,E",1.0130000000000001,",,,E"
AGE00147716,1885-05-01,35.1,-1.85,83.0,"NEMOURS GHAZAOUET, AG",,,23.5,",E",0.0,",E",0.0,",E",0.0,",E",0.0,",E",0.0,",E",0.0,",E",28.0,",E",0.0,",E",18850503.0,"+,,E",18850531.0,"+,,E",18850528.0,",,E",9.0,",E,03,+",0.0,",,E,31,+",27.2,",E,28,",,,25.9,",E",0.0,",,,E",1.825,",E",2.33,",,,E",1.3210000000000002,",,,E"
AGE00147716,1885-06-01,35.1,-1.85,83.0,"NEMOURS GHAZAOUET, AG",,,75.1,",E",3.0,",E",2.0,",E",0.0,",E",0.0,",E",0.0,",E",0.0,",E",30.0,",E",0.0,",E",18850610.0,",,E",18850624.0,"+,,E",18850621.0,",,E",13.8,",E,10,",6.2,",,E,24,+",28.8,",E,21,",,,0.0,",E",13.4,",,,E",2.084,",E",2.5300000000000002,",,,E",1.637,",,,E"
AGE00147716,1885-07-01,35.1,-1.85,83.0,"NEMOURS GHAZAOUET, AG",,,148.3,",E",0.0,",E",0.0,",E",0.0,",E",0.0,",E",0.0,",E",0.0,",E",31.0,",E",0.0,",E",18850705.0,"+,,E",18850731.0,"+,,E",18850727.0,",,E",15.0,",E,05,+",0.0,",,E,31,+",29.8,",E,27,",0.0,E,0.0,",E",0.0,",,,E",2.3120000000000003,",E",2.737,",,,E",1.886,",,,E"
AGE00147716,1885-08-01,35.1,-1.85,83.0,"NEMOURS GHAZAOUET, AG",,,202.2,",E",0.0,",E",0.0,",E",0.0,",E",0.0,",E",0.0,",E",0.0,",E",31.0,",E",1.0,",E",18850831.0,",,E",18850831.0,"+,,E",18850822.0,",,E",16.0,",E,31,",0.0,",,E,31,+",33.0,",E,22,",0.0,E,0.0,",E",0.0,",,,E",2.4859999999999998,",E",2.9699999999999998,",,,E",2.0010000000000003,",,,E"
AGE00147716,1885-09-01,35.1,-1.85,83.0,"NEMOURS GHAZAOUET, AG",,,111.6,",E",4.0,",E",4.0,",E",0.0,",E",0.0,",E",0.0,",E",0.0,",E",30.0,",E",0.0,",E",18850930.0,",,E",18850927.0,",,E",18850907.0,",,E",13.4,",E,30,",11.6,",,E,27,",30.4,",E,07,",0.0,E,0.0,",E",26.4,",,,E",2.205,",E",2.7,",,,E",1.7100000000000002,",,,E"
AGE00147716,1885-10-01,35.1,-1.85,83.0,"NEMOURS GHAZAOUET, AG",,,30.3,",E",6.0,",E",6.0,",E",0.0,",E",0.0,",E",0.0,",E",0.0,",E",23.0,",E",0.0,",E",18851014.0,",,E",18851014.0,",,E",18851011.0,",,E",8.0,",E,14,",10.8,",,E,14,",27.4,",E,11,",38.6,E,38.6,",E",28.7,",,,E",1.807,",E",2.259,",,,E",1.3539999999999999,",,,E"
AGE00147716,1885-11-01,35.1,-1.85,83.0,"NEMOURS GHAZAOUET, AG",,,4.3,",E",3.0,",E",2.0,",E",0.0,",E",0.0,",E",0.0,",E",0.0,",E",14.0,",E",0.0,",E",18851103.0,",,E",18851122.0,",,E",18851118.0,",,E",5.2,",E,03,",11.3,",,E,22,",26.2,",E,18,",129.7,E,91.1,",E",22.4,",,,E",1.544,",E",2.0780000000000003,",,,E",1.01,",,,E"
AGE00147716,1885-12-01,35.1,-1.85,83.0,"NEMOURS GHAZAOUET, AG",,,0.0,",E",0.0,",E",0.0,",E",0.0,",E",0.0,",E",0.0,",E",0.0,",E",5.0,",E",0.0,",E",18851231.0,",,E",18851231.0,"+,,E",18851208.0,",,E",3.4,",E,31,",0.0,",,E,31,+",25.0,",E,08,",310.4,E,180.7,",E",0.0,",,,E",1.25,",E",1.8030000000000002,",,,E",0.6980000000000001,",,,E"
AGE00147716,1886-01-01,35.1,-1.85,83.0,"NEMOURS GHAZAOUET, AG",0.0,E,0.0,",E",12.0,",E",11.0,",E",1.0,",E",0.0,",E",0.0,",E",0.0,",E",1.0,",E",0.0,",E",18860102.0,",,E",18860115.0,",,E",18860125.0,",,E",2.6,",E,02,",28.1,",,E,15,",22.2,",E,25,",523.5,E,213.1,",E",128.0,",,,E",1.1460000000000001,",E",1.6019999999999999,",,,E",0.6900000000000001,",,,E"
AGE00147716,1886-02-01,35.1,-1.85,83.0,"NEMOURS GHAZAOUET, AG",0.0,E,0.0,"3,E",10.0,",E",7.0,",E",4.0,",E",0.0,"2,E",0.0,"2,E",0.0,"1,E",2.0,"1,E",0.0,"1,E",18860208.0,",2,E",18860209.0,",,E",18860214.0,",1,E",0.6,"2,E,08,",50.3,",,E,09,",23.4,"1,E,14,",690.0,E,166.5,"1,E",204.7,",,,E",1.1720000000000002,"3,E",1.6350000000000002,"1,,,E",0.709,"2,,,E"
AGE00147716,1886-03-01,35.1,-1.85,83.0,"NEMOURS GHAZAOUET, AG",1.0,E,1.0,",E",5.0,",E",4.0,",E",0.0,",E",0.0,",E",0.0,",E",0.0,",E",5.0,",E",0.0,",E",18860315.0,",,E",18860329.0,",,E",18860322.0,",,E",8.6,",E,15,",14.1,",,E,29,",24.6,",E,22,",776.7,E,86.7,",E",33.7,",,,E",1.557,",E",1.9620000000000002,",,,E",1.152,",,,E"
AGE00147716,1886-04-01,35.1,-1.85,83.0,"NEMOURS GHAZAOUET, AG",2.1,E,1.1,",E",10.0,",E",7.0,",E",0.0,",E",0.0,",E",0.0,",E",0.0,",E",7.0,",E",0.0,",E",18860414.0,",,E",18860419.0,",,E",18860405.0,",,E",6.4,",E,14,",13.5,",,E,19,",25.0,",E,05,",843.0,E,66.3,",E",57.1,",,,E",1.616,",E",1.9969999999999999,",,,E",1.2349999999999999,",,,E"
AGE00147716,1886-05-01,35.1,-1.85,83.0,"NEMOURS GHAZAOUET, AG",24.0,E,21.9,"1,E",3.0,",E",3.0,",E",0.0,",E",0.0,"1,E",0.0,"1,E",0.0,",E",26.0,",E",0.0,",E",18860506.0,",1,E",18860514.0,",,E",18860511.0,",,E",9.2,"1,E,06,",7.1,",,E,14,",30.0,",E,11,",866.0,E,23.0,",E",17.5,",,,E",1.8329999999999997,"1,E",2.283,",,,E",1.383,"1,,,E"
AGE00147716,1886-06-01,35.1,-1.85,83.0,"NEMOURS GHAZAOUET, AG",99.1,E,75.1,",E",1.0,",E",1.0,",E",0.0,",E",0.0,",E",0.0,",E",0.0,",E",30.0,",E",0.0,",E",18860602.0,",,E",18860608.0,",,E",18860627.0,",,E",13.0,",E,02,",7.2,",,E,08,",30.2,",E,27,",866.5,E,0.5,",E",7.2,",,,E",2.082,",E",2.56,",,,E",1.6039999999999999,",,,E"
AGE00147716,1886-08-01,35.1,-1.85,83.0,"NEMOURS GHAZAOUET, AG",,,174.0,",E",0.0,",E",0.0,",E",0.0,",E",0.0,",E",0.0,",E",0.0,",E",31.0,",E",1.0,",E",18860825.0,",,E",18860831.0,"+,,E",18860811.0,",,E",16.0,",E,25,",0.0,",,E,31,+",32.2,",E,11,",,,0.0,",E",0.0,",,,E",2.395,",E",2.847,",,,E",1.9420000000000002,",,,E"
AGE00147716,1886-09-01,35.1,-1.85,83.0,"NEMOURS GHAZAOUET, AG",,,136.0,",E",4.0,",E",4.0,",E",0.0,",E",0.0,",E",0.0,",E",0.0,",E",30.0,",E",0.0,",E",18860928.0,",,E",18860924.0,",,E",18860911.0,",,E",14.2,",E,28,",18.6,",,E,24,",30.0,",E,11,",,,0.0,",E",41.8,",,,E",2.287,",E",2.725,",,,E",1.848,",,,E"
AGE00147716,1886-10-01,35.1,-1.85,83.0,"NEMOURS GHAZAOUET, AG",,,25.5,"2,E",6.0,",E",5.0,",E",0.0,",E",0.0,"1,E",0.0,"1,E",0.0,"1,E",25.0,"1,E",0.0,"1,E",18861028.0,",1,E",18861025.0,",,E",18861015.0,",1,E",10.4,"1,E,28,",18.0,",,E,25,",28.2,"1,E,15,",,,23.0,"1,E",58.8,",,,E",1.848,"2,E",2.303,"1,,,E",1.393,"1,,,E"
AGE00147716,1886-11-01,35.1,-1.85,83.0,"NEMOURS GHAZAOUET, AG",,,1.1,"1,E",7.0,",E",7.0,",E",1.0,",E",0.0,"1,E",0.0,"1,E",0.0,",E",9.0,",E",0.0,",E",18861124.0,"+,1,E",18861118.0,",,E",18861107.0,",,E",6.8,"1,E,24,+",30.5,",,E,18,",26.0,",E,07,",,,87.7,",E",71.0,",,,E",1.528,"1,E",2.0149999999999997,",,,E",1.041,"1,,,E"
AGE00147716,1887-01-01,35.1,-1.85,83.0,"NEMOURS GHAZAOUET, AG",0.0,E,0.0,"3,E",7.0,"1,E",5.0,"1,E",1.0,"1,E",0.0,"1,E",0.0,"1,E",0.0,"2,E",1.0,"2,E",0.0,"2,E",18870103.0,",1,E",18870114.0,",1,E",18870122.0,",2,E",1.0,"1,E,03,",30.2,"1,,E,14,",22.0,"2,E,22,",,,184.3,"2,E",61.3,"1,,,E",1.167,"3,E",1.6309999999999998,"2,,,E",0.7030000000000001,"1,,,E"
AGE00147716,1887-02-01,35.1,-1.85,83.0,"NEMOURS GHAZAOUET, AG",0.0,E,0.0,"2,E",10.0,"1,E",10.0,"1,E",2.0,"1,E",0.0,"1,E",0.0,"1,E",0.0,"1,E",0.0,"1,E",0.0,"1,E",18870216.0,"+,1,E",18870217.0,",1,E",18870224.0,",1,E",3.0,"1,E,16,+",67.0,"1,,E,17,",18.0,"1,E,24,",,,212.2,"1,E",206.5,"1,,,E",1.022,"2,E",1.537,"1,,,E",0.507,"1,,,E"
AGE00147716,1887-03-01,35.1,-1.85,83.0,"NEMOURS GHAZAOUET, AG",0.2,E,0.2,"2,E",5.0,"1,E",5.0,"1,E",0.0,"1,E",0.0,"1,E",0.0,"1,E",0.0,"1,E",6.0,"1,E",0.0,"1,E",18870317.0,",1,E",18870313.0,",1,E",18870325.0,",1,E",5.0,"1,E,17,",8.3,"1,,E,13,",25.0,"1,E,25,",,,97.8,"1,E",27.3,"1,,,E",1.4929999999999999,"2,E",1.9170000000000003,"1,,,E",1.0699999999999998,"1,,,E"
AGE00147716,1887-04-01,35.1,-1.85,83.0,"NEMOURS GHAZAOUET, AG",1.4,E,1.2,"4,E",8.0,"2,E",8.0,"2,E",1.0,"2,E",0.0,"2,E",0.0,"2,E",0.0,"2,E",5.0,"2,E",0.0,"2,E",18870418.0,",2,E",18870402.0,",2,E",18870430.0,",2,E",6.0,"2,E,18,",30.0,"2,,E,02,",30.0,"2,E,30,",,,94.8,"2,E",76.8,"2,,,E",1.4769999999999999,"4,E",1.968,"2,,,E",0.986,"2,,,E"
AGE00147716,1887-06-01,35.1,-1.85,83.0,"NEMOURS GHAZAOUET, AG",,,92.8,"2,E",5.0,"1,E",2.0,"1,E",0.0,"1,E",0.0,"1,E",0.0,"1,E",0.0,"1,E",28.0,"1,E",1.0,"1,E",18870603.0,",1,E",18870604.0,",1,E",18870630.0,",1,E",12.0,"1,E,03,",6.0,"1,,E,04,",35.0,"1,E,30,",,,1.7,"1,E",15.0,"1,,,E",2.152,"2,E",2.569,"1,,,E",1.734,"1,,,E"
AGE00147716,1887-07-01,35.1,-1.85,83.0,"NEMOURS GHAZAOUET, AG",,,176.3,"2,E",2.0,",E",0.0,",E",0.0,",E",0.0,"1,E",0.0,"1,E",0.0,"1,E",30.0,"1,E",2.0,"1,E",18870720.0,",1,E",18870703.0,"+,,E",18870702.0,",1,E",17.0,"1,E,20,",2.0,",,E,03,+",37.0,"1,E,02,",0.0,E,0.0,"1,E",4.0,",,,E",2.442,"2,E",2.867,"1,,,E",2.0170000000000003,"1,,,E"
AGE00147716,1887-08-01,35.1,-1.85,83.0,"NEMOURS GHAZAOUET, AG",,,206.7,",E",3.0,",E",1.0,",E",0.0,",E",0.0,",E",0.0,",E",0.0,",E",31.0,",E",1.0,",E",18870830.0,",,E",18870824.0,",,E",18870811.0,",,E",12.0,",E,30,",3.0,",,E,24,",33.0,",E,11,",0.0,E,0.0,",E",7.0,",,,E",2.5,",E",2.897,",,,E",2.103,",,,E"
AGE00147716,1887-09-01,35.1,-1.85,83.0,"NEMOURS GHAZAOUET, AG",,,135.7,"2,E",9.0,"1,E",8.0,"1,E",0.0,"1,E",0.0,"1,E",0.0,"1,E",0.0,"1,E",28.0,"1,E",0.0,"1,E",18870929.0,"+,1,E",18870920.0,",1,E",18870917.0,",1,E",16.0,"1,E,29,+",21.0,"1,,E,20,",32.0,"1,E,17,",0.0,E,0.0,"1,E",56.2,"1,,,E",2.3120000000000003,"2,E",2.7030000000000003,"1,,,E",1.921,"1,,,E"
AGE00147716,1887-10-01,35.1,-1.85,83.0,"NEMOURS GHAZAOUET, AG",,,22.5,"2,E",4.0,"1,E",0.0,"1,E",0.0,"1,E",0.0,"1,E",0.0,"1,E",0.0,"1,E",14.0,"1,E",0.0,"1,E",18871028.0,"+,1,E",18871003.0,",1,E",18871008.0,"+,1,E",6.0,"1,E,28,+",2.0,"1,,E,03,",29.0,"1,E,08,+",61.3,E,61.3,"1,E",5.8,"1,,,E",1.6949999999999998,"2,E",2.183,"1,,,E",1.206,"1,,,E"
AGE00147716,1887-11-01,35.1,-1.85,83.0,"NEMOURS GHAZAOUET, AG",,,6.7,"2,E",8.0,"1,E",8.0,"1,E",1.0,"1,E",0.0,"1,E",0.0,"1,E",0.0,"1,E",9.0,"1,E",1.0,"1,E",18871129.0,"+,1,E",18871130.0,",1,E",18871116.0,",1,E",8.0,"1,E,29,+",34.0,"1,,E,30,",33.0,"1,E,16,",121.8,E,60.5,"1,E",110.5,"1,,,E",1.6469999999999998,"2,E",2.09,"1,,,E",1.2029999999999998,"1,,,E"
AGE00147716,1888-01-01,35.1,-1.85,83.0,"NEMOURS GHAZAOUET, AG",0.7,E,0.7,"2,E",8.0,"1,E",6.0,"1,E",0.0,"1,E",0.0,"1,E",0.0,"1,E",0.0,"1,E",1.0,"1,E",0.0,"1,E",18880123.0,"+,1,E",18880129.0,",1,E",18880101.0,",1,E",4.0,"1,E,23,+",20.0,"1,,E,29,",28.0,"1,E,01,",,,181.8,"1,E",51.0,"1,,,E",1.213,"2,E",1.677,"1,,,E",0.75,"1,,,E"
AGE00147716,1888-02-01,35.1,-1.85,83.0,"NEMOURS GHAZAOUET, AG",0.7,E,0.0,"2,E",10.0,"1,E",9.0,"1,E",1.0,"1,E",0.0,"1,E",0.0,"1,E",0.0,"1,E",1.0,"1,E",0.0,"1,E",18880218.0,"+,1,E",18880221.0,",1,E",18880214.0,",1,E",4.0,"1,E,18,+",30.0,"1,,E,21,",22.0,"1,E,14,",,,189.5,"1,E",97.0,"1,,,E",1.121,"2,E",1.589,"1,,,E",0.654,"1,,,E"
AGE00147716,1888-03-01,35.1,-1.85,83.0,"NEMOURS GHAZAOUET, AG",0.7,E,0.0,"3,E",14.0,"2,E",13.0,"2,E",1.0,"2,E",0.0,"2,E",0.0,"2,E",0.0,"2,E",7.0,"2,E",0.0,"2,E",18880306.0,",2,E",18880302.0,",2,E",18880327.0,",2,E",1.0,"2,E,06,",30.0,"2,,E,02,",28.0,"2,E,27,",,,141.8,"2,E",109.5,"2,,,E",1.345,"3,E",1.841,"2,,,E",0.8480000000000001,"2,,,E"
AGE00147716,1888-04-01,35.1,-1.85,83.0,"NEMOURS GHAZAOUET, AG",0.9,E,0.2,"2,E",8.0,"1,E",6.0,"1,E",0.0,"1,E",0.0,"1,E",0.0,"1,E",0.0,"1,E",11.0,"1,E",0.0,"1,E",18880421.0,"+,1,E",18880409.0,",1,E",18880425.0,"+,1,E",8.0,"1,E,21,+",8.0,"1,,E,09,",23.0,"1,E,25,+",,,69.5,"1,E",31.5,"1,,,E",1.595,"2,E",2.072,"1,,,E",1.117,"1,,,E"
AGE00147716,1888-06-01,35.1,-1.85,83.0,"NEMOURS GHAZAOUET, AG",,,70.8,",E",5.0,",E",3.0,",E",0.0,",E",0.0,",E",0.0,",E",0.0,",E",28.0,",E",0.0,",E",18880608.0,",,E",18880623.0,",,E",18880629.0,"+,,E",13.0,",E,08,",18.0,",,E,23,",28.0,",E,29,+",,,0.3,",E",28.0,",,,E",2.068,",E",2.45,",,,E",1.687,",,,E"
AGE00147716,1888-07-01,35.1,-1.85,83.0,"NEMOURS GHAZAOUET, AG",,,167.7,",E",1.0,",E",1.0,",E",0.0,",E",0.0,",E",0.0,",E",0.0,",E",31.0,",E",2.0,",E",18880720.0,",,E",18880709.0,",,E",18880727.0,"+,,E",16.0,",E,20,",5.0,",,E,09,",36.0,",E,27,+",0.0,E,0.0,",E",5.0,",,,E",2.3739999999999997,",E",2.79,",,,E",1.9579999999999997,",,,E"
AGE00147716,1888-08-01,35.1,-1.85,83.0,"NEMOURS GHAZAOUET, AG",,,124.7,",E",0.0,",E",0.0,",E",0.0,",E",0.0,",E",0.0,",E",0.0,",E",31.0,",E",0.0,",E",18880819.0,",,E",18880831.0,"+,,E",18880822.0,",,E",15.0,",E,19,",0.0,",,E,31,+",31.0,",E,22,",0.0,E,0.0,",E",0.0,",,,E",2.2350000000000003,",E",2.694,",,,E",1.777,",,,E"
AGE00147716,1888-09-01,35.1,-1.85,83.0,"NEMOURS GHAZAOUET, AG",,,113.5,",E",7.0,",E",5.0,",E",0.0,",E",0.0,",E",0.0,",E",0.0,",E",30.0,",E",0.0,",E",18880925.0,"+,,E",18880905.0,",,E",18880902.0,",,E",16.0,",E,25,+",10.0,",,E,05,",32.0,",E,02,",0.0,E,0.0,",E",37.0,",,,E",2.212,",E",2.5629999999999997,",,,E",1.86,",,,E"
AGE00147716,1888-10-01,35.1,-1.85,83.0,"NEMOURS GHAZAOUET, AG",,,39.2,",E",3.0,",E",3.0,",E",0.0,",E",0.0,",E",0.0,",E",0.0,",E",28.0,",E",0.0,",E",18881009.0,",,E",18881010.0,",,E",18881001.0,",,E",9.0,",E,09,",14.0,",,E,10,",30.0,",E,01,",16.5,E,16.5,",E",21.0,",,,E",1.906,",E",2.3579999999999997,",,,E",1.455,",,,E"
AGE00147716,1888-12-01,35.1,-1.85,83.0,"NEMOURS GHAZAOUET, AG",,,0.0,"2,E",7.0,"1,E",6.0,"1,E",0.0,"1,E",0.0,"1,E",0.0,"1,E",0.0,"1,E",1.0,"1,E",0.0,"1,E",18881231.0,",1,E",18881203.0,",1,E",18881201.0,",1,E",7.0,"1,E,31,",18.0,"1,,E,03,",23.0,"1,E,01,",,,119.7,"1,E",57.0,"1,,,E",1.413,"2,E",1.8,"1,,,E",1.027,"1,,,E"
AGE00147716,1889-02-01,35.1,-1.85,83.0,"NEMOURS GHAZAOUET, AG",,,,,8.0,"3,E",7.0,"3,E",1.0,"3,E",0.0,"3,E",0.0,"3,E",0.0,"3,E",3.0,"3,E",0.0,"3,E",18890228.0,",3,E",18890206.0,",3,E",18890225.0,",3,E",2.0,"3,E,28,",55.0,"3,,E,06,",27.0,"3,E,25,",,,,,78.0,"3,,,E",1.186,"6,E",1.704,"3,,,E",0.6679999999999999,"3,,,E"
AGE00147716,1889-03-01,35.1,-1.85,83.0,"NEMOURS GHAZAOUET, AG",,,,,8.0,"5,E",7.0,"5,E",0.0,"5,E",0.0,"2,E",0.0,"2,E",0.0,"3,E",2.0,"3,E",0.0,"3,E",18890331.0,",2,E",18890321.0,",5,E",18890310.0,"+,3,E",3.0,"2,E,31,",15.0,"5,,E,21,",22.0,"3,E,10,+",,,,,55.5,"5,,,E",1.282,"5,E",1.7710000000000001,"3,,,E",0.7929999999999999,"2,,,E"
AGE00147716,1889-04-01,35.1,-1.85,83.0,"NEMOURS GHAZAOUET, AG",,,,,7.0,"2,E",6.0,"2,E",0.0,"2,E",0.0,"2,E",0.0,"2,E",0.0,"2,E",3.0,"2,E",0.0,"2,E",18890403.0,",2,E",18890422.0,",2,E",18890415.0,"+,2,E",6.0,"2,E,03,",11.0,"2,,E,22,",24.0,"2,E,15,+",,,,,40.0,"2,,,E",1.488,"4,E",2.0,"2,,,E",0.975,"2,,,E"
AGE00147716,1889-05-01,35.1,-1.85,83.0,"NEMOURS GHAZAOUET, AG",,,6.8,"2,E",11.0,"1,E",7.0,"1,E",2.0,"1,E",0.0,"1,E",0.0,"1,E",0.0,"1,E",19.0,"1,E",0.0,"1,E",18890510.0,"+,1,E",18890519.0,",1,E",18890518.0,",1,E",10.0,"1,E,10,+",42.0,"1,,E,19,",25.0,"1,E,18,",,,26.5,"1,E",123.0,"1,,,E",1.7579999999999998,"2,E",2.1670000000000003,"1,,,E",1.35,"1,,,E"
AGE00147716,1889-06-01,35.1,-1.85,83.0,"NEMOURS GHAZAOUET, AG",,,29.8,"4,E",1.0,"2,E",1.0,"2,E",0.0,"2,E",0.0,"2,E",0.0,"2,E",0.0,"2,E",25.0,"2,E",0.0,"2,E",18890625.0,",2,E",18890618.0,",2,E",18890619.0,",2,E",10.0,"2,E,25,",6.0,"2,,E,18,",31.0,"2,E,19,",,,9.5,"2,E",6.0,"2,,,E",1.916,"4,E",2.379,"2,,,E",1.454,"2,,,E"
AGE00147716,1889-07-01,35.1,-1.85,83.0,"NEMOURS GHAZAOUET, AG",,,146.0,"4,E",1.0,"2,E",0.0,"2,E",0.0,"2,E",0.0,"2,E",0.0,"2,E",0.0,"2,E",29.0,"2,E",0.0,"2,E",18890708.0,"+,2,E",18890710.0,",2,E",18890718.0,"+,2,E",16.0,"2,E,08,+",1.0,"2,,E,10,",32.0,"2,E,18,+",0.0,E,0.0,"2,E",1.0,"2,,,E",2.384,"4,E",2.824,"2,,,E",1.9449999999999998,"2,,,E"
AGE00147716,1889-08-01,35.1,-1.85,83.0,"NEMOURS GHAZAOUET, AG",,,178.3,"2,E",2.0,"1,E",1.0,"1,E",0.0,"1,E",0.0,"1,E",0.0,"1,E",0.0,"1,E",30.0,"1,E",2.0,"1,E",18890824.0,",1,E",18890817.0,",1,E",18890810.0,",1,E",17.0,"1,E,24,",3.0,"1,,E,17,",34.0,"1,E,10,",0.0,E,0.0,"1,E",5.0,"1,,,E",2.442,"2,E",2.83,"1,,,E",2.053,"1,,,E"
AGE00147716,1889-09-01,35.1,-1.85,83.0,"NEMOURS GHAZAOUET, AG",,,93.0,"3,E",2.0,"1,E",1.0,"1,E",0.0,"1,E",0.0,"1,E",0.0,"1,E",0.0,"2,E",28.0,"2,E",0.0,"2,E",18890915.0,",1,E",18890922.0,",1,E",18890921.0,",2,E",14.0,"1,E,15,",6.0,"1,,E,22,",30.0,"2,E,21,",0.0,E,0.0,"2,E",7.0,"1,,,E",2.1879999999999997,"3,E",2.604,"2,,,E",1.7719999999999998,"1,,,E"
AGE00147716,1889-12-01,35.1,-1.85,83.0,"NEMOURS GHAZAOUET, AG",,,0.0,"2,E",10.0,"1,E",9.0,"1,E",1.0,"1,E",0.0,"1,E",0.0,"1,E",0.0,"1,E",0.0,"1,E",0.0,"1,E",18891228.0,"+,1,E",18891219.0,",1,E",18891231.0,",1,E",3.0,"1,E,28,+",29.0,"1,,E,19,",18.0,"1,E,31,",,,228.7,"1,E",101.0,"1,,,E",1.042,"2,E",1.5230000000000001,"1,,,E",0.5599999999999999,"1,,,E"
AGE00147716,1890-01-01,35.1,-1.85,83.0,"NEMOURS GHAZAOUET, AG",0.0,E,0.0,",E",5.0,",E",4.0,",E",0.0,",E",0.0,",E",0.0,",E",0.0,",E",0.0,",E",0.0,",E",18900112.0,"+,,E",18900109.0,"+,,E",18900125.0,"+,,E",4.0,",E,12,+",9.0,",,E,09,+",21.0,",E,25,+",,,209.3,",E",33.0,",,,E",1.158,",E",1.658,",,,E",0.658,",,,E"
AGE00147716,1890-03-01,35.1,-1.85,83.0,"NEMOURS GHAZAOUET, AG",,,0.0,",E",17.0,",E",15.0,",E",1.0,",E",0.0,",E",0.0,",E",0.0,",E",1.0,",E",0.0,",E",18900327.0,"+,,E",18900309.0,",,E",18900310.0,",,E",5.0,",E,27,+",37.0,",,E,09,",22.0,",E,10,",,,174.8,",E",201.0,",,,E",1.269,",E",1.7129999999999999,",,,E",0.826,",,,E"
AGE00147716,1890-04-01,35.1,-1.85,83.0,"NEMOURS GHAZAOUET, AG",,,4.2,",E",11.0,",E",10.0,",E",0.0,",E",0.0,",E",0.0,",E",0.0,",E",8.0,",E",0.0,",E",18900429.0,"+,,E",18900417.0,"+,,E",18900425.0,"+,,E",8.0,",E,29,+",18.0,",,E,17,+",27.0,",E,25,+",,,80.2,",E",90.0,",,,E",1.58,",E",2.037,",,,E",1.123,",,,E"
AGE00147716,1890-05-01,35.1,-1.85,83.0,"NEMOURS GHAZAOUET, AG",,,0.7,",E",10.0,",E",8.0,",E",0.0,",E",0.0,",E",0.0,",E",0.0,",E",8.0,",E",0.0,",E",18900516.0,",,E",18900510.0,",,E",18900509.0,",,E",4.0,",E,16,",18.0,",,E,10,",24.0,",E,09,",,,59.5,",E",56.0,",,,E",1.6440000000000001,",E",2.055,",,,E",1.232,",,,E"
AGE00147716,1890-06-01,35.1,-1.85,83.0,"NEMOURS GHAZAOUET, AG",,,92.7,",E",1.0,",E",1.0,",E",0.0,",E",0.0,",E",0.0,",E",0.0,",E",28.0,",E",1.0,",E",18900601.0,",,E",18900603.0,",,E",18900628.0,",,E",11.0,",E,01,",19.0,",,E,03,",34.0,",E,28,",,,4.7,",E",19.0,",,,E",2.127,",E",2.55,",,,E",1.703,",,,E"
AGE00147716,1890-07-01,35.1,-1.85,83.0,"NEMOURS GHAZAOUET, AG",,,150.7,",E",3.0,",E",3.0,",E",0.0,",E",0.0,",E",0.0,",E",0.0,",E",31.0,",E",1.0,",E",18900714.0,",,E",18900723.0,",,E",18900728.0,",,E",14.0,",E,14,",9.0,",,E,23,",36.0,",E,28,",0.0,E,0.0,",E",24.0,",,,E",2.319,",E",2.706,",,,E",1.932,",,,E"
AGE00147716,1890-08-01,35.1,-1.85,83.0,"NEMOURS GHAZAOUET, AG",,,179.2,",E",1.0,",E",1.0,",E",0.0,",E",0.0,",E",0.0,",E",0.0,",E",31.0,",E",1.0,",E",18900831.0,"+,,E",18900814.0,",,E",18900802.0,",,E",15.0,",E,31,+",4.0,",,E,14,",36.0,",E,02,",0.0,E,0.0,",E",4.0,",,,E",2.411,",E",2.816,",,,E",2.006,",,,E"
AGE00147716,1890-09-01,35.1,-1.85,83.0,"NEMOURS GHAZAOUET, AG",,,75.0,",E",3.0,",E",3.0,",E",1.0,",E",0.0,",E",0.0,",E",0.0,",E",30.0,",E",0.0,",E",18900909.0,"+,,E",18900923.0,",,E",18900914.0,",,E",14.0,",E,09,+",27.0,",,E,23,",28.0,",E,14,",0.0,E,0.0,",E",61.0,",,,E",2.0829999999999997,",E",2.543,",,,E",1.623,",,,E"
AGE00147716,1890-11-01,35.1,-1.85,83.0,"NEMOURS GHAZAOUET, AG",,,0.0,"2,E",5.0,"1,E",4.0,"1,E",1.0,"1,E",0.0,"1,E",0.0,"1,E",0.0,"1,E",3.0,"1,E",0.0,"1,E",18901130.0,",1,E",18901127.0,",1,E",18901112.0,"+,1,E",3.0,"1,E,30,",31.0,"1,,E,27,",22.0,"1,E,12,+",,,126.3,"1,E",49.0,"1,,,E",1.3980000000000001,"2,E",1.8379999999999999,"1,,,E",0.959,"1,,,E"
AGE00147716,1890-12-01,35.1,-1.85,83.0,"NEMOURS GHAZAOUET, AG",,,0.0,"3,E",14.0,"2,E",12.0,"2,E",1.0,"2,E",0.0,"1,E",0.0,"1,E",0.0,"2,E",1.0,"2,E",0.0,"2,E",18901202.0,"+,1,E",18901221.0,",2,E",18901204.0,",2,E",4.0,"1,E,02,+",52.0,"2,,E,21,",22.0,"2,E,04,",,,178.8,"2,E",169.6,"2,,,E",1.1869999999999998,"3,E",1.6,"2,,,E",0.773,"1,,,E"
AGE00147716,1892-02-01,35.1,-1.85,83.0,"NEMOURS GHAZAOUET, AG",,,0.2,",E",7.0,",E",7.0,",E",0.0,",E",0.0,",E",0.0,",E",0.0,",E",3.0,",E",0.0,",E",18920212.0,",,E",18920224.0,"+,,E",18920219.0,",,E",2.0,",E,12,",10.0,",,E,24,+",25.0,",E,19,",,,147.8,",E",45.0,",,,E",1.324,",E",1.841,",,,E",0.807,",,,E"
AGE00147716,1892-04-01,35.1,-1.85,83.0,"NEMOURS GHAZAOUET, AG",,,0.0,"1,E",11.0,",E",6.0,",E",1.0,",E",0.0,"1,E",0.0,"1,E",0.0,",E",3.0,",E",0.0,",E",18920418.0,",1,E",18920402.0,",,E",18920430.0,"+,,E",8.0,"1,E,18,",48.0,",,E,02,",23.0,",E,30,+",,,83.7,",E",84.0,",,,E",1.542,"1,E",1.9629999999999999,",,,E",1.121,"1,,,E"
AGE00147716,1892-05-01,35.1,-1.85,83.0,"NEMOURS GHAZAOUET, AG",,,21.7,",E",7.0,",E",5.0,",E",0.0,",E",0.0,",E",0.0,",E",0.0,",E",20.0,",E",0.0,",E",18920501.0,",,E",18920501.0,",,E",18920505.0,",,E",11.0,",E,01,",11.0,",,E,01,",31.0,",E,05,",,,22.0,",E",35.2,",,,E",1.832,",E",2.242,",,,E",1.423,",,,E"
AGE00147716,1892-06-01,35.1,-1.85,83.0,"NEMOURS GHAZAOUET, AG",,,111.5,",E",2.0,",E",1.0,",E",0.0,",E",0.0,",E",0.0,",E",0.0,",E",30.0,",E",0.0,",E",18920615.0,",,E",18920610.0,",,E",18920630.0,"+,,E",15.0,",E,15,",7.0,",,E,10,",29.0,",E,30,+",,,0.0,",E",8.0,",,,E",2.205,",E",2.5829999999999997,",,,E",1.827,",,,E"
AGE00147716,1892-07-01,35.1,-1.85,83.0,"NEMOURS GHAZAOUET, AG",,,192.7,",E",1.0,",E",0.0,",E",0.0,",E",0.0,",E",0.0,",E",0.0,",E",31.0,",E",4.0,",E",18920729.0,"+,,E",18920703.0,",,E",18920730.0,",,E",18.0,",E,29,+",2.0,",,E,03,",36.0,",E,30,",0.0,E,0.0,",E",2.0,",,,E",2.455,",E",2.8899999999999997,",,,E",2.019,",,,E"
AGE00147716,1892-08-01,35.1,-1.85,83.0,"NEMOURS GHAZAOUET, AG",,,171.8,"2,E",0.0,"1,E",0.0,"1,E",0.0,"1,E",0.0,"1,E",0.0,"1,E",0.0,"1,E",30.0,"1,E",1.0,"1,E",18920825.0,",1,E",18920831.0,"+,1,E",18920801.0,",1,E",15.0,"1,E,25,",0.0,"1,,E,31,+",35.0,"1,E,01,",0.0,E,0.0,"1,E",0.0,"1,,,E",2.42,"2,E",2.84,"1,,,E",2.0,"1,,,E"
AGE00147716,1892-09-01,35.1,-1.85,83.0,"NEMOURS GHAZAOUET, AG",,,120.3,",E",8.0,",E",4.0,",E",1.0,",E",0.0,",E",0.0,",E",0.0,",E",30.0,",E",1.0,",E",18920909.0,",,E",18920927.0,",,E",18920918.0,",,E",10.0,",E,09,",60.0,",,E,27,",36.0,",E,18,",0.3,E,0.3,",E",78.0,",,,E",2.2329999999999997,",E",2.657,",,,E",1.81,",,,E"
AGE00147716,1892-12-01,35.1,-1.85,83.0,"NEMOURS GHAZAOUET, AG",,,0.0,",E",15.0,",E",13.0,",E",1.0,",E",0.0,",E",0.0,",E",0.0,",E",0.0,",E",0.0,",E",18921228.0,"+,,E",18921217.0,",,E",18921206.0,",,E",6.0,",E,28,+",39.0,",,E,17,",21.0,",E,06,",,,174.3,",E",140.0,",,,E",1.2710000000000001,",E",1.661,",,,E",0.881,",,,E"
AGE00147716,1893-01-01,35.1,-1.85,83.0,"NEMOURS GHAZAOUET, AG",0.0,E,0.0,"2,E",8.0,"1,E",7.0,"1,E",0.0,"1,E",0.0,"1,E",0.0,"1,E",0.0,"1,E",0.0,"1,E",0.0,"1,E",18930123.0,",1,E",18930102.0,",1,E",18930112.0,",1,E",2.0,"1,E,23,",15.0,"1,,E,02,",21.0,"1,E,12,",,,202.7,"1,E",62.0,"1,,,E",1.128,"2,E",1.577,"1,,,E",0.6799999999999999,"1,,,E"
AGE00147716,1893-02-01,35.1,-1.85,83.0,"NEMOURS GHAZAOUET, AG",0.0,E,0.0,",E",5.0,",E",2.0,",E",0.0,",E",0.0,",E",0.0,",E",0.0,",E",1.0,",E",0.0,",E",18930214.0,"+,,E",18930222.0,",,E",18930224.0,",,E",3.0,",E,14,+",18.0,",,E,22,",23.0,",E,24,",,,176.8,",E",27.0,",,,E",1.202,",E",1.761,",,,E",0.643,",,,E"
AGE00147716,1893-03-01,35.1,-1.85,83.0,"NEMOURS GHAZAOUET, AG",0.0,E,0.0,",E",16.0,",E",9.0,",E",0.0,",E",0.0,",E",0.0,",E",0.0,",E",2.0,",E",0.0,",E",18930327.0,"+,,E",18930330.0,",,E",18930327.0,"+,,E",9.0,",E,27,+",18.0,",,E,30,",22.0,",E,27,+",,,104.8,",E",90.5,",,,E",1.4949999999999999,",E",1.8940000000000001,",,,E",1.097,",,,E"
AGE00147716,1893-04-01,35.1,-1.85,83.0,"NEMOURS GHAZAOUET, AG",9.5,E,9.5,",E",11.0,",E",6.0,",E",1.0,",E",0.0,",E",0.0,",E",0.0,",E",9.0,",E",1.0,",E",18930416.0,"+,,E",18930405.0,",,E",18930421.0,",,E",9.0,",E,16,+",32.0,",,E,05,",33.0,",E,21,",,,64.5,",E",79.0,",,,E",1.65,",E",2.1,",,,E",1.2,",,,E"
AGE00147716,1893-05-01,35.1,-1.85,83.0,"NEMOURS GHAZAOUET, AG",43.7,E,34.2,",E",2.0,",E",0.0,",E",0.0,",E",0.0,",E",0.0,",E",0.0,",E",25.0,",E",0.0,",E",18930524.0,"+,,E",18930513.0,"+,,E",18930531.0,"+,,E",12.0,",E,24,+",1.0,",,E,13,+",27.0,",E,31,+",,,4.5,",E",2.0,",,,E",1.9289999999999998,",E",2.352,",,,E",1.506,",,,E"
AGE00147716,1893-07-01,35.1,-1.85,83.0,"NEMOURS GHAZAOUET, AG",,,176.7,",E",0.0,",E",0.0,",E",0.0,",E",0.0,",E",0.0,",E",0.0,",E",31.0,",E",1.0,",E",18930721.0,",,E",18930731.0,"+,,E",18930705.0,",,E",15.0,",E,21,",0.0,",,E,31,+",33.0,",E,05,",0.0,E,0.0,",E",0.0,",,,E",2.403,",E",2.8579999999999997,",,,E",1.948,",,,E"
AGE00147716,1893-08-01,35.1,-1.85,83.0,"NEMOURS GHAZAOUET, AG",,,195.7,",E",0.0,",E",0.0,",E",0.0,",E",0.0,",E",0.0,",E",0.0,",E",31.0,",E",0.0,",E",18930831.0,"+,,E",18930831.0,"+,,E",18930802.0,",,E",19.0,",E,31,+",0.0,",,E,31,+",31.0,",E,02,",0.0,E,0.0,",E",0.0,",,,E",2.465,",E",2.826,",,,E",2.103,",,,E"
AGE00147716,1893-09-01,35.1,-1.85,83.0,"NEMOURS GHAZAOUET, AG",,,128.5,"3,E",2.0,"1,E",0.0,"1,E",0.0,"1,E",0.0,"1,E",0.0,"1,E",0.0,"2,E",28.0,"2,E",0.0,"2,E",18930926.0,"+,1,E",18930924.0,"+,1,E",18930909.0,",2,E",15.0,"1,E,26,+",1.0,"1,,E,24,+",31.0,"2,E,09,",0.0,E,0.0,"2,E",2.0,"1,,,E",2.309,"3,E",2.725,"2,,,E",1.893,"1,,,E"
AGE00147716,1893-11-01,35.1,-1.85,83.0,"NEMOURS GHAZAOUET, AG",,,10.7,"2,E",7.0,"1,E",4.0,"1,E",0.0,"1,E",0.0,"1,E",0.0,"1,E",0.0,"1,E",12.0,"1,E",0.0,"1,E",18931127.0,"+,1,E",18931123.0,",1,E",18931108.0,"+,1,E",3.0,"1,E,27,+",12.0,"1,,E,23,",25.0,"1,E,08,+",,,89.5,"1,E",39.0,"1,,,E",1.5619999999999998,"2,E",1.9829999999999999,"1,,,E",1.141,"1,,,E"
AGE00147716,1893-12-01,35.1,-1.85,83.0,"NEMOURS GHAZAOUET, AG",,,0.0,"1,E",8.0,"1,E",6.0,"1,E",0.0,"1,E",0.0,",E",0.0,",E",0.0,"1,E",0.0,"1,E",0.0,"1,E",18931222.0,",,E",18931216.0,",1,E",18931214.0,"+,1,E",3.0,",E,22,",21.0,"1,,E,16,",20.0,"1,E,14,+",,,184.5,"1,E",92.6,"1,,,E",1.212,"1,E",1.653,"1,,,E",0.771,",,,E"
AGE00147716,1895-01-01,35.1,-1.85,83.0,"NEMOURS GHAZAOUET, AG",0.0,E,0.0,",E",17.0,",E",9.0,",E",2.0,",E",0.0,",E",0.0,",E",0.0,",E",3.0,",E",0.0,",E",18950103.0,",,E",18950107.0,",,E",18950120.0,",,E",3.0,",E,03,",31.0,",,E,07,",23.0,",E,20,",,,198.3,",E",107.4,",,,E",1.194,",E",1.587,",,,E",0.8,",,,E"
AGE00147716,1895-02-01,35.1,-1.85,83.0,"NEMOURS GHAZAOUET, AG",0.2,E,0.2,"2,E",8.0,"1,E",4.0,"1,E",0.0,"1,E",0.0,"1,E",0.0,"1,E",0.0,"1,E",7.0,"1,E",0.0,"1,E",18950220.0,"+,1,E",18950206.0,",1,E",18950223.0,"+,1,E",7.0,"1,E,20,+",16.0,"1,,E,06,",26.0,"1,E,23,+",,,92.3,"1,E",35.0,"1,,,E",1.4689999999999999,"2,E",1.9780000000000002,"1,,,E",0.959,"1,,,E"
AGE00147716,1895-03-01,35.1,-1.85,83.0,"NEMOURS GHAZAOUET, AG",0.2,E,0.0,",E",11.0,",E",10.0,",E",0.0,",E",0.0,",E",0.0,",E",0.0,",E",5.0,",E",0.0,",E",18950307.0,",,E",18950312.0,"+,,E",18950328.0,",,E",4.0,",E,07,",15.0,",,E,12,+",25.0,",E,28,",,,139.8,",E",71.3,",,,E",1.3820000000000001,",E",1.884,",,,E",0.881,",,,E"
AGE00147716,1895-04-01,35.1,-1.85,83.0,"NEMOURS GHAZAOUET, AG",3.2,E,3.0,"2,E",8.0,",E",5.0,",E",0.0,",E",0.0,",E",0.0,",E",0.0,"2,E",11.0,"2,E",0.0,"2,E",18950402.0,"+,,E",18950408.0,",,E",18950426.0,",2,E",9.0,",E,02,+",16.0,",,E,08,",27.0,"2,E,26,",,,61.8,"2,E",43.0,",,,E",1.627,"2,E",2.068,"2,,,E",1.1869999999999998,",,,E"
AGE00147716,1895-06-01,35.1,-1.85,83.0,"NEMOURS GHAZAOUET, AG",,,75.5,",E",3.0,",E",0.0,",E",0.0,",E",0.0,",E",0.0,",E",0.0,",E",30.0,",E",0.0,",E",18950627.0,",,E",18950609.0,",,E",18950628.0,",,E",12.0,",E,27,",2.0,",,E,09,",31.0,",E,28,",,,0.0,",E",4.0,",,,E",2.085,",E",2.493,",,,E",1.677,",,,E"
AGE00147716,1895-07-01,35.1,-1.85,83.0,"NEMOURS GHAZAOUET, AG",,,205.7,",E",0.0,",E",0.0,",E",0.0,",E",0.0,",E",0.0,",E",0.0,",E",31.0,",E",3.0,",E",18950709.0,"+,,E",18950731.0,"+,,E",18950722.0,",,E",18.0,",E,09,+",0.0,",,E,31,+",38.0,",E,22,",0.0,E,0.0,",E",0.0,",,,E",2.497,",E",2.91,",,,E",2.084,",,,E"
AGE00147716,1895-09-01,35.1,-1.85,83.0,"NEMOURS GHAZAOUET, AG",,,148.8,"1,E",6.0,",E",2.0,",E",0.0,",E",0.0,",E",0.0,",E",0.0,"1,E",29.0,"1,E",1.0,"1,E",18950920.0,",,E",18950919.0,",,E",18950924.0,",1,E",11.0,",E,20,",8.0,",,E,19,",33.0,"1,E,24,",,,0.0,"1,E",16.0,",,,E",2.351,"1,E",2.786,"1,,,E",1.9170000000000003,",,,E"
AGE00147716,1895-10-01,35.1,-1.85,83.0,"NEMOURS GHAZAOUET, AG",,,84.0,"2,E",3.0,"1,E",3.0,"1,E",1.0,"1,E",0.0,"1,E",0.0,"1,E",0.0,"1,E",29.0,"1,E",0.0,"1,E",18951030.0,",1,E",18951030.0,",1,E",18951024.0,",1,E",13.0,"1,E,30,",27.0,"1,,E,30,",31.0,"1,E,24,",,,2.7,"1,E",40.0,"1,,,E",2.112,"2,E",2.553,"1,,,E",1.67,"1,,,E"
AGE00147716,1895-11-01,35.1,-1.85,83.0,"NEMOURS GHAZAOUET, AG",,,4.8,",E",3.0,",E",3.0,",E",0.0,",E",0.0,",E",0.0,",E",0.0,",E",13.0,",E",0.0,",E",18951120.0,"+,,E",18951125.0,",,E",18951126.0,"+,,E",11.0,",E,20,+",4.0,",,E,25,",25.0,",E,26,+",,,36.8,",E",10.0,",,,E",1.7269999999999999,",E",2.1670000000000003,",,,E",1.287,",,,E"
AGE00147716,1895-12-01,35.1,-1.85,83.0,"NEMOURS GHAZAOUET, AG",,,1.2,"1,E",6.0,"1,E",6.0,"1,E",0.0,"1,E",0.0,",E",0.0,",E",0.0,"1,E",2.0,"1,E",0.0,"1,E",18951207.0,"+,,E",18951216.0,",1,E",18951224.0,",1,E",6.0,",E,07,+",20.0,"1,,E,16,",25.0,"1,E,24,",,,114.2,"1,E",46.0,"1,,,E",1.458,"1,E",1.92,"1,,,E",0.9970000000000001,",,,E"
AGE00147716,1897-01-01,35.1,-1.85,83.0,"NEMOURS GHAZAOUET, AG",2.2,E,2.2,"2,E",9.0,"1,E",6.0,"1,E",2.0,"1,E",0.0,"1,E",1.0,"1,E",0.0,"1,E",2.0,"1,E",0.0,"1,E",18970115.0,",1,E",18970114.0,",1,E",18970107.0,",1,E",0.0,"1,E,15,",35.0,"1,,E,14,",28.0,"1,E,07,",,,190.8,"1,E",101.0,"1,,,E",1.165,"2,E",1.6329999999999998,"1,,,E",0.697,"1,,,E"
AGE00147716,1897-03-01,35.1,-1.85,83.0,"NEMOURS GHAZAOUET, AG",,,0.2,"2,E",1.0,"1,E",1.0,"1,E",0.0,"1,E",0.0,"1,E",0.0,"1,E",0.0,"1,E",9.0,"1,E",0.0,"1,E",18970312.0,"+,1,E",18970330.0,",1,E",18970324.0,",1,E",7.0,"1,E,12,+",3.0,"1,,E,30,",26.0,"1,E,24,",,,87.3,"1,E",3.0,"1,,,E",1.525,"2,E",2.06,"1,,,E",0.99,"1,,,E"
AGE00147716,1897-04-01,35.1,-1.85,83.0,"NEMOURS GHAZAOUET, AG",,,1.3,",E",5.0,",E",3.0,",E",0.0,",E",0.0,",E",0.0,",E",0.0,",E",14.0,",E",0.0,",E",18970410.0,"+,,E",18970426.0,",,E",18970406.0,",,E",8.0,",E,10,+",20.0,",,E,26,",25.0,",E,06,",,,60.3,",E",39.0,",,,E",1.637,",E",2.123,",,,E",1.15,",,,E"
AGE00147716,1897-05-01,35.1,-1.85,83.0,"NEMOURS GHAZAOUET, AG",,,12.8,",E",3.0,",E",3.0,",E",0.0,",E",0.0,",E",0.0,",E",0.0,",E",26.0,",E",0.0,",E",18970514.0,"+,,E",18970502.0,",,E",18970525.0,"+,,E",12.0,",E,14,+",10.0,",,E,02,",24.0,",E,25,+",,,13.2,",E",17.0,",,,E",1.832,",E",2.242,",,,E",1.423,",,,E"
AGE00147716,1897-07-01,35.1,-1.85,83.0,"NEMOURS GHAZAOUET, AG",,,199.8,"2,E",0.0,"1,E",0.0,"1,E",0.0,"1,E",0.0,"1,E",0.0,"1,E",0.0,"1,E",30.0,"1,E",4.0,"1,E",18970705.0,",1,E",18970731.0,"+,1,E",18970719.0,",1,E",17.0,"1,E,05,",0.0,"1,,E,31,+",37.0,"1,E,19,",0.0,E,0.0,"1,E",0.0,"1,,,E",2.5170000000000003,"2,E",2.943,"1,,,E",2.09,"1,,,E"
AGE00147716,1897-09-01,35.1,-1.85,83.0,"NEMOURS GHAZAOUET, AG",,,82.7,"2,E",2.0,",E",0.0,",E",0.0,",E",0.0,"2,E",0.0,"2,E",0.0,",E",30.0,",E",0.0,",E",18970923.0,"+,2,E",18970915.0,"+,,E",18970908.0,"+,,E",13.0,"2,E,23,+",2.0,",,E,15,+",30.0,",E,08,+",,,0.0,",E",4.0,",,,E",2.141,"2,E",2.603,",,,E",1.6789999999999998,"2,,,E"
AGE00147716,1897-10-01,35.1,-1.85,83.0,"NEMOURS GHAZAOUET, AG",,,33.2,",E",2.0,",E",2.0,",E",0.0,",E",0.0,",E",0.0,",E",0.0,",E",25.0,",E",0.0,",E",18971031.0,",,E",18971022.0,",,E",18971020.0,"+,,E",11.0,",E,31,",9.0,",,E,22,",28.0,",E,20,+",,,4.5,",E",15.0,",,,E",1.9260000000000002,",E",2.352,",,,E",1.5,",,,E"
AGE00147716,1897-11-01,35.1,-1.85,83.0,"NEMOURS GHAZAOUET, AG",,,3.8,",E",7.0,",E",6.0,",E",1.0,",E",0.0,",E",0.0,",E",0.0,",E",7.0,",E",0.0,",E",18971130.0,",,E",18971109.0,",,E",18971114.0,",,E",5.0,",E,30,",30.0,",,E,09,",24.0,",E,14,",,,70.8,",E",58.0,",,,E",1.61,",E",2.053,",,,E",1.167,",,,E"
AGE00147716,1898-01-01,35.1,-1.85,83.0,"NEMOURS GHAZAOUET, AG",1.8,E,1.8,",E",17.0,",E",14.0,",E",1.0,",E",0.0,",E",0.0,",E",0.0,",E",3.0,",E",0.0,",E",18980124.0,",,E",18980121.0,",,E",18980104.0,",,E",5.0,",E,24,",30.0,",,E,21,",26.0,",E,04,",,,165.2,",E",181.0,",,,E",1.306,",E",1.687,",,,E",0.9259999999999999,",,,E"
AGE00147716,1898-03-01,35.1,-1.85,83.0,"NEMOURS GHAZAOUET, AG",,,0.0,"2,E",14.0,"1,E",8.0,"1,E",0.0,"1,E",0.0,"1,E",0.0,"1,E",0.0,"1,E",0.0,"1,E",0.0,"1,E",18980326.0,",1,E",18980331.0,",1,E",18980320.0,",1,E",4.0,"1,E,26,",18.0,"1,,E,31,",21.0,"1,E,20,",,,153.7,"1,E",75.0,"1,,,E",1.307,"2,E",1.7469999999999999,"1,,,E",0.867,"1,,,E"
AGE00147716,1898-04-01,35.1,-1.85,83.0,"NEMOURS GHAZAOUET, AG",,,0.0,",E",5.0,",E",3.0,",E",0.0,",E",0.0,",E",0.0,",E",0.0,",E",6.0,",E",0.0,",E",18980418.0,"+,,E",18980424.0,",,E",18980412.0,",,E",8.0,",E,18,+",16.0,",,E,24,",25.0,",E,12,",,,90.0,",E",32.0,",,,E",1.533,",E",2.007,",,,E",1.06,",,,E"
AGE00147716,1898-08-01,35.1,-1.85,83.0,"NEMOURS GHAZAOUET, AG",,,191.2,",E",1.0,",E",0.0,",E",0.0,",E",0.0,",E",0.0,",E",0.0,",E",31.0,",E",1.0,",E",18980812.0,",,E",18980821.0,",,E",18980808.0,",,E",17.0,",E,12,",2.0,",,E,21,",35.0,",E,08,",,,0.0,",E",2.0,",,,E",2.45,",E",2.887,",,,E",2.013,",,,E"
AGE00147716,1898-09-01,35.1,-1.85,83.0,"NEMOURS GHAZAOUET, AG",,,143.0,",E",7.0,",E",2.0,",E",0.0,",E",0.0,",E",0.0,",E",0.0,",E",30.0,",E",0.0,",E",18980930.0,",,E",18980921.0,",,E",18980913.0,"+,,E",16.0,",E,30,",6.0,",,E,21,",29.0,",E,13,+",,,0.0,",E",17.0,",,,E",2.31,",E",2.6870000000000003,",,,E",1.9329999999999998,",,,E"
AGE00147716,1898-11-01,35.1,-1.85,83.0,"NEMOURS GHAZAOUET, AG",,,6.0,",E",14.0,",E",8.0,",E",3.0,",E",0.0,",E",0.0,",E",0.0,",E",4.0,",E",0.0,",E",18981124.0,",,E",18981102.0,",,E",18981110.0,",,E",7.0,",E,24,",57.0,",,E,02,",29.0,",E,10,",,,88.0,",E",172.0,",,,E",1.56,",E",1.957,",,,E",1.163,",,,E"
AGE00147716,1898-12-01,35.1,-1.85,83.0,"NEMOURS GHAZAOUET, AG",,,0.0,",E",5.0,",E",1.0,",E",0.0,",E",0.0,",E",0.0,",E",0.0,",E",0.0,",E",0.0,",E",18981228.0,"+,,E",18981201.0,",,E",18981231.0,"+,,E",2.0,",E,28,+",7.0,",,E,01,",18.0,",E,31,+",,,206.3,",E",12.0,",,,E",1.168,",E",1.687,",,,E",0.648,",,,E"
AGE00147716,1899-02-01,35.1,-1.85,83.0,"NEMOURS GHAZAOUET, AG",,,11.3,",E",11.0,",E",9.0,",E",1.0,",E",0.0,",E",0.0,",E",0.0,",E",7.0,",E",0.0,",E",18990225.0,"+,,E",18990227.0,",,E",18990209.0,",,E",7.0,",E,25,+",28.0,",,E,27,",31.0,",E,09,",,,104.7,",E",105.0,",,,E",1.5,",E",2.0140000000000002,",,,E",0.986,",,,E"
AGE00147716,1899-04-01,35.1,-1.85,83.0,"NEMOURS GHAZAOUET, AG",,,5.3,",E",2.0,",E",0.0,",E",0.0,",E",0.0,",E",0.0,",E",0.0,",E",12.0,",E",0.0,",E",18990419.0,",,E",18990417.0,",,E",18990425.0,",,E",8.0,",E,19,",1.0,",,E,17,",27.0,",E,25,",,,61.3,",E",1.5,",,,E",1.6469999999999998,",E",2.12,",,,E",1.173,",,,E"
AGE00147716,1899-05-01,35.1,-1.85,83.0,"NEMOURS GHAZAOUET, AG",,,31.3,",E",5.0,",E",3.0,",E",0.0,",E",0.0,",E",0.0,",E",0.0,",E",25.0,",E",0.0,",E",18990529.0,"+,,E",18990531.0,",,E",18990522.0,",,E",12.0,",E,29,+",7.0,",,E,31,",30.0,",E,22,",,,10.2,",E",15.0,",,,E",1.902,",E",2.3289999999999997,",,,E",1.474,",,,E"
AGE00147716,1899-06-01,35.1,-1.85,83.0,"NEMOURS GHAZAOUET, AG",,,55.5,",E",9.0,",E",6.0,",E",2.0,",E",0.0,",E",0.0,",E",0.0,",E",25.0,",E",0.0,",E",18990618.0,",,E",18990603.0,",,E",18990612.0,",,E",10.0,",E,18,",50.0,",,E,03,",28.0,",E,12,",,,2.5,",E",119.5,",,,E",2.0100000000000002,",E",2.363,",,,E",1.657,",,,E"
AGE00147716,1899-07-01,35.1,-1.85,83.0,"NEMOURS GHAZAOUET, AG",,,154.2,",E",3.0,",E",0.0,",E",0.0,",E",0.0,",E",0.0,",E",0.0,",E",31.0,",E",1.0,",E",18990710.0,",,E",18990721.0,"+,,E",18990717.0,",,E",15.0,",E,10,",2.0,",,E,21,+",35.0,",E,17,",0.0,E,0.0,",E",4.5,",,,E",2.331,",E",2.7190000000000003,",,,E",1.9420000000000002,",,,E"
AGE00147716,1899-08-01,35.1,-1.85,83.0,"NEMOURS GHAZAOUET, AG",,,200.7,",E",6.0,",E",0.0,",E",0.0,",E",0.0,",E",0.0,",E",0.0,",E",31.0,",E",2.0,",E",18990810.0,"+,,E",18990815.0,"+,,E",18990815.0,",,E",15.0,",E,10,+",2.0,",,E,15,+",36.0,",E,15,",0.0,E,0.0,",E",8.2,",,,E",2.481,",E",2.916,",,,E",2.045,",,,E"
AGE00147716,1899-09-01,35.1,-1.85,83.0,"NEMOURS GHAZAOUET, AG",,,155.5,",E",2.0,",E",2.0,",E",0.0,",E",0.0,",E",0.0,",E",0.0,",E",30.0,",E",0.0,",E",18990928.0,"+,,E",18990921.0,",,E",18990913.0,",,E",14.0,",E,28,+",20.0,",,E,21,",32.0,",E,13,",0.0,E,0.0,",E",25.0,",,,E",2.352,",E",2.793,",,,E",1.9100000000000001,",,,E"
AGE00147716,1899-10-01,35.1,-1.85,83.0,"NEMOURS GHAZAOUET, AG",,,85.5,",E",5.0,",E",3.0,",E",1.0,",E",0.0,",E",0.0,",E",0.0,",E",30.0,",E",0.0,",E",18991003.0,",,E",18991018.0,",,E",18991008.0,",,E",13.0,",E,03,",40.0,",,E,18,",29.0,",E,08,",0.8,E,0.8,",E",61.0,",,,E",2.106,",E",2.5100000000000002,",,,E",1.703,",,,E"
AGE00147716,1899-12-01,35.1,-1.85,83.0,"NEMOURS GHAZAOUET, AG",,,0.0,",E",8.0,",E",4.0,",E",1.0,",E",0.0,",E",0.0,",E",0.0,",E",1.0,",E",0.0,",E",18991225.0,"+,,E",18991209.0,",,E",18991231.0,",,E",6.0,",E,25,+",28.0,",,E,09,",23.0,",E,31,",,,150.8,",E",63.0,",,,E",1.347,",E",1.768,",,,E",0.9259999999999999,",,,E"
AGE00147716,1900-01-01,35.1,-1.85,83.0,"NEMOURS GHAZAOUET, AG",0.2,E,0.2,"2,E",6.0,"1,E",4.0,"1,E",0.0,"1,E",0.0,"1,E",0.0,"1,E",0.0,"1,E",2.0,"1,E",0.0,"1,E",19000121.0,",1,E",19000105.0,",1,E",19000101.0,",1,E",4.0,"1,E,21,",20.0,"1,,E,05,",25.0,"1,E,01,",,,175.3,"1,E",57.0,"1,,,E",1.225,"2,E",1.72,"1,,,E",0.73,"1,,,E"
AGE00147716,1900-02-01,35.1,-1.85,83.0,"NEMOURS GHAZAOUET, AG",5.4,E,5.2,"2,E",3.0,"1,E",2.0,"1,E",0.0,"1,E",0.0,"1,E",0.0,"1,E",0.0,"1,E",11.0,"1,E",0.0,"1,E",19000227.0,"+,1,E",19000207.0,",1,E",19000212.0,",1,E",7.0,"1,E,27,+",8.0,"1,,E,07,",28.0,"1,E,12,",,,77.8,"1,E",11.5,"1,,,E",1.557,"2,E",2.0629999999999997,"1,,,E",1.052,"1,,,E"
AGE00147716,1900-03-01,35.1,-1.85,83.0,"NEMOURS GHAZAOUET, AG",,,,,5.0,"3,E",3.0,"3,E",0.0,"3,E",0.0,"3,E",0.0,"3,E",0.0,"3,E",1.0,"3,E",0.0,"3,E",19000308.0,"+,3,E",19000328.0,",3,E",19000325.0,",3,E",4.0,"3,E,08,+",4.0,"3,,E,28,",22.0,"3,E,25,",,,,,13.0,"3,,,E",1.2710000000000001,"6,E",1.732,"3,,,E",0.8109999999999999,"3,,,E"
AGE00147716,1900-04-01,35.1,-1.85,83.0,"NEMOURS GHAZAOUET, AG",,,0.0,",E",6.0,",E",5.0,",E",0.0,",E",0.0,",E",0.0,",E",0.0,",E",3.0,",E",0.0,",E",19000411.0,"+,,E",19000423.0,",,E",19000427.0,",,E",9.0,",E,11,+",22.0,",,E,23,",23.0,",E,27,",,,91.0,",E",55.0,",,,E",1.53,",E",1.923,",,,E",1.137,",,,E"
AGE00147716,1900-10-01,35.1,-1.85,83.0,"NEMOURS GHAZAOUET, AG",,,98.7,",E",5.0,",E",5.0,",E",2.0,",E",0.0,",E",0.0,",E",0.0,",E",31.0,",E",0.0,",E",19001024.0,",,E",19001026.0,",,E",19001014.0,"+,,E",13.0,",E,24,",41.0,",,E,26,",29.0,",E,14,+",,,0.0,",E",120.0,",,,E",2.152,",E",2.577,",,,E",1.7260000000000002,",,,E"
AGE00147716,1901-07-01,35.1,-1.85,83.0,"NEMOURS GHAZAOUET, AG",,,,,3.0,"3,E",2.0,"3,E",0.0,"3,E",0.0,"3,E",0.0,"3,E",0.0,"3,E",28.0,"3,E",1.0,"3,E",19010720.0,"+,3,E",19010714.0,",3,E",19010728.0,",3,E",16.0,"3,E,20,+",5.0,"3,,E,14,",34.0,"3,E,28,",,,,,11.0,"3,,,E",2.332,"6,E",2.8890000000000002,"3,,,E",1.775,"3,,,E"
AGE00147716,1901-10-01,35.1,-1.85,83.0,"NEMOURS GHAZAOUET, AG",,,13.0,"1,E",18.0,",E",15.0,",E",3.0,",E",0.0,"1,E",0.0,"1,E",0.0,",E",18.0,",E",0.0,",E",19011024.0,",1,E",19011027.0,",,E",19011002.0,"+,,E",7.0,"1,E,24,",32.0,",,E,27,",25.0,",E,02,+",,,59.5,",E",181.5,",,,E",1.6789999999999998,"1,E",2.148,",,,E",1.21,"1,,,E"
AGE00147716,1901-11-01,35.1,-1.85,83.0,"NEMOURS GHAZAOUET, AG",,,0.7,"2,E",7.0,"1,E",7.0,"1,E",1.0,"1,E",0.0,"1,E",0.0,"1,E",0.0,"1,E",1.0,"1,E",0.0,"1,E",19011123.0,",1,E",19011107.0,",1,E",19011130.0,",1,E",4.0,"1,E,23,",48.0,"1,,E,07,",23.0,"1,E,30,",,,105.0,"1,E",111.0,"1,,,E",1.471,"2,E",1.8829999999999998,"1,,,E",1.059,"1,,,E"
AGE00147716,1902-02-01,35.1,-1.85,83.0,"NEMOURS GHAZAOUET, AG",,,0.8,",E",7.0,",E",7.0,",E",1.0,",E",0.0,",E",0.0,",E",0.0,",E",4.0,",E",0.0,",E",19020203.0,"+,,E",19020220.0,",,E",19020228.0,"+,,E",3.0,",E,03,+",36.0,",,E,20,",23.0,",E,28,+",,,109.7,",E",71.0,",,,E",1.4449999999999998,",E",1.875,",,,E",1.014,",,,E"
AGE00147716,1902-03-01,35.1,-1.85,83.0,"NEMOURS GHAZAOUET, AG",,,,,8.0,"3,E",8.0,"3,E",0.0,"3,E",0.0,"3,E",0.0,"3,E",0.0,"3,E",4.0,"3,E",0.0,"3,E",19020322.0,",3,E",19020313.0,",3,E",19020329.0,"+,3,E",6.0,"3,E,22,",22.0,"3,,E,13,",22.0,"3,E,29,+",,,,,91.5,"3,,,E",1.4789999999999999,"6,E",1.971,"3,,,E",0.986,"3,,,E"
AGE00147716,1902-08-01,35.1,-1.85,83.0,"NEMOURS GHAZAOUET, AG",,,176.2,"3,E",2.0,",E",2.0,",E",0.0,",E",0.0,"1,E",0.0,"1,E",0.0,"2,E",29.0,"2,E",5.0,"2,E",19020831.0,",1,E",19020829.0,",,E",19020818.0,",2,E",16.0,"1,E,31,",9.0,",,E,29,",36.0,"2,E,18,",,,0.0,"2,E",12.0,",,,E",2.459,"3,E",2.9690000000000003,"2,,,E",1.95,"1,,,E"
AGE00147716,1902-10-01,35.1,-1.85,83.0,"NEMOURS GHAZAOUET, AG",,,7.2,"2,E",6.0,"1,E",5.0,"1,E",0.0,"1,E",0.0,"1,E",0.0,"1,E",0.0,"1,E",24.0,"1,E",0.0,"1,E",19021031.0,"+,1,E",19021010.0,",1,E",19021008.0,",1,E",10.0,"1,E,31,+",17.0,"1,,E,10,",27.0,"1,E,08,",,,29.3,"1,E",33.5,"1,,,E",1.748,"2,E",2.227,"1,,,E",1.27,"1,,,E"
AGE00147716,1902-11-01,35.1,-1.85,83.0,"NEMOURS GHAZAOUET, AG",,,5.0,"3,E",7.0,",E",5.0,",E",0.0,",E",0.0,",E",0.0,",E",0.0,"3,E",12.0,"3,E",0.0,"3,E",19021128.0,",,E",19021111.0,",,E",19021106.0,",3,E",8.0,",E,28,",25.0,",,E,11,",26.0,"3,E,06,",,,59.5,"3,E",79.7,",,,E",1.623,"3,E",2.13,"3,,,E",1.117,",,,E"
AGE00147716,1903-03-01,35.1,-1.85,83.0,"NEMOURS GHAZAOUET, AG",,,0.0,",E",3.0,",E",3.0,",E",0.0,",E",0.0,",E",0.0,",E",0.0,",E",3.0,",E",0.0,",E",19030310.0,",,E",19030314.0,",,E",19030306.0,",,E",4.0,",E,10,",20.0,",,E,14,",23.0,",E,06,",,,123.8,",E",33.0,",,,E",1.434,",E",1.9449999999999998,",,,E",0.923,",,,E"
AGE00147716,1903-04-01,35.1,-1.85,83.0,"NEMOURS GHAZAOUET, AG",,,0.8,",E",1.0,",E",1.0,",E",0.0,",E",0.0,",E",0.0,",E",0.0,",E",3.0,",E",0.0,",E",19030401.0,",,E",19030423.0,",,E",19030402.0,",,E",7.0,",E,01,",2.5,",,E,23,",25.0,",E,02,",,,88.8,",E",2.5,",,,E",1.54,",E",1.9899999999999998,",,,E",1.09,",,,E"
AGE00147716,1903-05-01,35.1,-1.85,83.0,"NEMOURS GHAZAOUET, AG",,,8.2,",E",10.0,",E",6.0,",E",0.0,",E",0.0,",E",0.0,",E",0.0,",E",11.0,",E",0.0,",E",19030515.0,"+,,E",19030522.0,",,E",19030520.0,",,E",8.0,",E,15,+",8.0,",,E,22,",25.0,",E,20,",,,50.0,",E",31.5,",,,E",1.698,",E",2.09,",,,E",1.306,",,,E"
AGE00147716,1903-07-01,35.1,-1.85,83.0,"NEMOURS GHAZAOUET, AG",,,132.0,"4,E",0.0,"2,E",0.0,"2,E",0.0,"2,E",0.0,"2,E",0.0,"2,E",0.0,"2,E",29.0,"2,E",0.0,"2,E",19030721.0,"+,2,E",19030731.0,"+,2,E",19030727.0,",2,E",17.0,"2,E,21,+",0.0,"2,,E,31,+",32.0,"2,E,27,",0.0,E,0.0,"2,E",0.0,"2,,,E",2.321,"4,E",2.731,"2,,,E",1.9100000000000001,"2,,,E"
AGE00147716,1903-11-01,35.1,-1.85,83.0,"NEMOURS GHAZAOUET, AG",,,0.0,"2,E",3.0,"1,E",2.0,"1,E",1.0,"1,E",0.0,"1,E",0.0,"1,E",0.0,"1,E",3.0,"1,E",0.0,"1,E",19031122.0,"+,1,E",19031130.0,",1,E",19031101.0,",1,E",6.0,"1,E,22,+",52.0,"1,,E,30,",25.0,"1,E,01,",,,101.8,"1,E",56.0,"1,,,E",1.4689999999999999,"2,E",1.948,"1,,,E",0.99,"1,,,E"
AGE00147716,1904-02-01,35.1,-1.85,83.0,"NEMOURS GHAZAOUET, AG",,,0.2,",E",13.0,",E",12.0,",E",3.0,",E",0.0,",E",0.0,",E",0.0,",E",9.0,",E",0.0,",E",19040227.0,"+,,E",19040228.0,",,E",19040216.0,",,E",5.0,",E,27,+",43.0,",,E,28,",25.0,",E,16,",,,117.3,",E",157.0,",,,E",1.4289999999999998,",E",1.941,",,,E",0.917,",,,E"
AGE00147716,1904-04-01,35.1,-1.85,83.0,"NEMOURS GHAZAOUET, AG",,,0.2,",E",9.0,",E",9.0,",E",4.0,",E",0.0,",E",0.0,",E",0.0,",E",8.0,",E",0.0,",E",19040425.0,",,E",19040423.0,",,E",19040421.0,",,E",8.0,",E,25,",39.0,",,E,23,",25.0,",E,21,",,,70.2,",E",184.0,",,,E",1.6,",E",2.053,",,,E",1.147,",,,E"
AGE00147716,1904-06-01,35.1,-1.85,83.0,"NEMOURS GHAZAOUET, AG",,,95.8,",E",2.0,",E",2.0,",E",0.0,",E",0.0,",E",0.0,",E",0.0,",E",29.0,",E",0.0,",E",19040601.0,",,E",19040607.0,",,E",19040630.0,",,E",11.0,",E,01,",10.0,",,E,07,",29.0,",E,30,",,,0.3,",E",13.0,",,,E",2.152,",E",2.52,",,,E",1.783,",,,E"
AGE00147716,1904-07-01,35.1,-1.85,83.0,"NEMOURS GHAZAOUET, AG",,,220.2,",E",0.0,",E",0.0,",E",0.0,",E",0.0,",E",0.0,",E",0.0,",E",31.0,",E",4.0,",E",19040715.0,",,E",19040731.0,"+,,E",19040723.0,"+,,E",18.0,",E,15,",0.0,",,E,31,+",34.0,",E,23,+",0.0,E,0.0,",E",0.0,",,,E",2.544,",E",2.987,",,,E",2.1,",,,E"
AGE00147716,1904-08-01,35.1,-1.85,83.0,"NEMOURS GHAZAOUET, AG",,,207.7,",E",0.0,",E",0.0,",E",0.0,",E",0.0,",E",0.0,",E",0.0,",E",31.0,",E",4.0,",E",19040831.0,"+,,E",19040831.0,"+,,E",19040819.0,",,E",17.0,",E,31,+",0.0,",,E,31,+",34.0,",E,19,",0.0,E,0.0,",E",0.0,",,,E",2.503,",E",3.055,",,,E",1.952,",,,E"
AGE00147716,1904-09-01,35.1,-1.85,83.0,"NEMOURS GHAZAOUET, AG",,,103.5,",E",3.0,",E",2.0,",E",0.0,",E",0.0,",E",0.0,",E",0.0,",E",30.0,",E",0.0,",E",19040930.0,"+,,E",19040924.0,",,E",19040902.0,",,E",13.0,",E,30,+",9.0,",,E,24,",30.0,",E,02,",0.0,E,0.0,",E",13.5,",,,E",2.178,",E",2.7030000000000003,",,,E",1.653,",,,E"
AGE00147716,1905-02-01,35.1,-1.85,83.0,"NEMOURS GHAZAOUET, AG",,,0.0,"1,E",5.0,",E",4.0,",E",0.0,",E",0.0,"1,E",0.0,"1,E",0.0,",E",0.0,",E",0.0,",E",19050226.0,"+,1,E",19050220.0,"+,,E",19050220.0,",,E",4.0,"1,E,26,+",5.0,",,E,20,+",20.0,",E,20,",,,199.5,",E",17.0,",,,E",1.096,"1,E",1.629,",,,E",0.563,"1,,,E"
AGE00147716,1905-06-01,35.1,-1.85,83.0,"NEMOURS GHAZAOUET, AG",,,37.5,"2,E",2.0,"1,E",2.0,"1,E",0.0,"1,E",0.0,"1,E",0.0,"1,E",0.0,"1,E",28.0,"1,E",0.0,"1,E",19050622.0,"+,1,E",19050605.0,",1,E",19050628.0,",1,E",10.0,"1,E,22,+",11.0,"1,,E,05,",30.0,"1,E,28,",,,12.3,"1,E",19.0,"1,,,E",1.934,"2,E",2.503,"1,,,E",1.366,"1,,,E"
AGE00147716,1905-07-01,35.1,-1.85,83.0,"NEMOURS GHAZAOUET, AG",,,154.2,",E",2.0,",E",0.0,",E",0.0,",E",0.0,",E",0.0,",E",0.0,",E",31.0,",E",0.0,",E",19050704.0,",,E",19050726.0,"+,,E",19050731.0,"+,,E",10.0,",E,04,",2.0,",,E,26,+",30.0,",E,31,+",0.0,E,0.0,",E",4.0,",,,E",2.331,",E",2.819,",,,E",1.842,",,,E"
AGE00147716,1905-09-01,35.1,-1.85,83.0,"NEMOURS GHAZAOUET, AG",,,98.5,"3,E",0.0,"2,E",0.0,"2,E",0.0,"2,E",0.0,"1,E",0.0,"1,E",0.0,"2,E",28.0,"2,E",0.0,"2,E",19050906.0,",1,E",19050930.0,"+,2,E",19050905.0,",2,E",12.0,"1,E,06,",0.0,"2,,E,30,+",32.0,"2,E,05,",,,0.0,"2,E",0.0,"2,,,E",2.2030000000000003,"3,E",2.696,"2,,,E",1.7100000000000002,"1,,,E"
AGE00147716,1905-10-01,35.1,-1.85,83.0,"NEMOURS GHAZAOUET, AG",,,27.7,"1,E",4.0,",E",2.0,",E",0.0,",E",0.0,"1,E",0.0,"1,E",0.0,",E",23.0,",E",0.0,",E",19051030.0,"+,1,E",19051025.0,"+,,E",19051023.0,",,E",10.0,"1,E,30,+",3.0,",,E,25,+",32.0,",E,23,",,,18.2,",E",9.0,",,,E",1.866,"1,E",2.339,",,,E",1.393,"1,,,E"
AGE00147716,1905-11-01,35.1,-1.85,83.0,"NEMOURS GHAZAOUET, AG",,,1.7,",E",7.0,",E",4.0,",E",0.0,",E",0.0,",E",0.0,",E",0.0,",E",11.0,",E",0.0,",E",19051124.0,"+,,E",19051106.0,"+,,E",19051118.0,",,E",6.0,",E,24,+",5.0,",,E,06,+",27.0,",E,18,",,,81.2,",E",20.0,",,,E",1.568,",E",2.053,",,,E",1.083,",,,E"
AGE00147716,1906-01-01,35.1,-1.85,83.0,"NEMOURS GHAZAOUET, AG",0.0,E,0.0,",E",8.0,",E",8.0,",E",0.0,",E",0.0,",E",0.0,",E",0.0,",E",1.0,",E",0.0,",E",19060127.0,"+,,E",19060122.0,",,E",19060106.0,",,E",2.0,",E,27,+",19.0,",,E,22,",22.0,",E,06,",,,201.3,",E",93.0,",,,E",1.184,",E",1.6420000000000001,",,,E",0.726,",,,E"
AGE00147716,1906-02-01,35.1,-1.85,83.0,"NEMOURS GHAZAOUET, AG",0.0,E,0.0,"2,E",10.0,",E",5.0,",E",1.0,",E",0.0,"1,E",1.0,"1,E",0.0,"1,E",0.0,"1,E",0.0,"1,E",19060206.0,",1,E",19060212.0,",,E",19060227.0,",1,E",0.0,"1,E,06,",31.0,",,E,12,",20.0,"1,E,27,",,,164.2,"1,E",79.0,",,,E",1.193,"2,E",1.6190000000000002,"1,,,E",0.767,"1,,,E"
AGE00147716,1906-03-01,35.1,-1.85,83.0,"NEMOURS GHAZAOUET, AG",1.2,E,1.2,",E",7.0,",E",5.0,",E",0.0,",E",0.0,",E",0.0,",E",0.0,",E",6.0,",E",0.0,",E",19060324.0,"+,,E",19060322.0,",,E",19060319.0,",,E",6.0,",E,24,+",9.0,",,E,22,",27.0,",E,19,",,,134.0,",E",32.5,",,,E",1.405,",E",1.9129999999999998,",,,E",0.897,",,,E"
AGE00147716,1906-04-01,35.1,-1.85,83.0,"NEMOURS GHAZAOUET, AG",1.2,E,0.0,",E",12.0,",E",8.0,",E",0.0,",E",0.0,",E",0.0,",E",0.0,",E",2.0,",E",0.0,",E",19060422.0,",,E",19060404.0,",,E",19060427.0,"+,,E",5.0,",E,22,",7.0,",,E,04,",22.0,",E,27,+",,,111.5,",E",42.0,",,,E",1.462,",E",1.86,",,,E",1.0630000000000002,",,,E"
AGE00147716,1906-05-01,35.1,-1.85,83.0,"NEMOURS GHAZAOUET, AG",7.7,E,6.5,"1,E",5.0,",E",4.0,",E",0.0,",E",0.0,",E",0.0,",E",0.0,"1,E",9.0,"1,E",0.0,"1,E",19060502.0,",,E",19060510.0,",,E",19060514.0,",1,E",8.0,",E,02,",17.0,",,E,10,",26.0,"1,E,14,",,,53.5,"1,E",33.5,",,,E",1.674,"1,E",2.073,"1,,,E",1.274,",,,E"
AGE00147716,1906-06-01,35.1,-1.85,83.0,"NEMOURS GHAZAOUET, AG",88.0,E,80.3,"2,E",2.0,"1,E",1.0,"1,E",0.0,"1,E",0.0,"1,E",0.0,"1,E",0.0,"1,E",29.0,"1,E",1.0,"1,E",19060610.0,",1,E",19060606.0,",1,E",19060602.0,",1,E",12.0,"1,E,10,",4.0,"1,,E,06,",34.0,"1,E,02,",,,1.2,"1,E",5.5,"1,,,E",2.122,"2,E",2.593,"1,,,E",1.652,"1,,,E"
AGE00147716,1906-07-01,35.1,-1.85,83.0,"NEMOURS GHAZAOUET, AG",250.7,E,162.7,",E",1.0,",E",0.0,",E",0.0,",E",0.0,",E",0.0,",E",0.0,",E",31.0,",E",3.0,",E",19060706.0,"+,,E",19060721.0,",,E",19060727.0,",,E",16.0,",E,06,+",0.5,",,E,21,",36.0,",E,27,",0.0,E,0.0,",E",0.5,",,,E",2.3579999999999997,",E",2.81,",,,E",1.906,",,,E"
AGE00147716,1906-08-01,35.1,-1.85,83.0,"NEMOURS GHAZAOUET, AG",,,,,0.0,"3,E",0.0,"3,E",0.0,"3,E",0.0,"3,E",0.0,"3,E",0.0,"3,E",28.0,"3,E",2.0,"3,E",19060822.0,"+,3,E",19060831.0,"+,3,E",19060809.0,",3,E",16.0,"3,E,22,+",0.0,"3,,E,31,+",35.0,"3,E,09,",,,,,0.0,"3,,,E",2.523,"6,E",3.0,"3,,,E",2.0460000000000003,"3,,,E"
AGE00147716,1906-10-01,35.1,-1.85,83.0,"NEMOURS GHAZAOUET, AG",,,40.3,"2,E",8.0,",E",3.0,",E",1.0,",E",0.0,"2,E",0.0,"2,E",0.0,",E",28.0,",E",0.0,",E",19061028.0,"+,2,E",19061031.0,",,E",19061005.0,",,E",12.0,"2,E,28,+",40.0,",,E,31,",28.0,",E,05,",,,7.5,",E",58.0,",,,E",1.9489999999999998,"2,E",2.371,",,,E",1.528,"2,,,E"
AGE00147716,1906-12-01,35.1,-1.85,83.0,"NEMOURS GHAZAOUET, AG",,,0.0,"2,E",9.0,"1,E",7.0,"1,E",1.0,"1,E",0.0,"1,E",0.0,"1,E",0.0,"1,E",0.0,"1,E",0.0,"1,E",19061229.0,"+,1,E",19061224.0,",1,E",19061215.0,"+,1,E",4.0,"1,E,29,+",53.0,"1,,E,24,",20.0,"1,E,15,+",,,181.2,"1,E",126.0,"1,,,E",1.212,"2,E",1.6600000000000001,"1,,,E",0.763,"1,,,E"
AGE00147716,1907-02-01,35.1,-1.85,83.0,"NEMOURS GHAZAOUET, AG",,,0.0,",E",10.0,",E",8.0,",E",0.0,",E",0.0,",E",1.0,",E",0.0,",E",0.0,",E",0.0,",E",19070203.0,",,E",19070207.0,",,E",19070218.0,"+,,E",0.0,",E,03,",17.0,",,E,07,",21.0,",E,18,+",,,192.8,",E",64.7,",,,E",1.145,",E",1.668,",,,E",0.621,",,,E"
AGE00147716,1907-03-01,35.1,-1.85,83.0,"NEMOURS GHAZAOUET, AG",,,0.0,",E",8.0,",E",5.0,",E",0.0,",E",0.0,",E",0.0,",E",0.0,",E",3.0,",E",0.0,",E",19070314.0,",,E",19070307.0,",,E",19070311.0,",,E",3.0,",E,14,",11.0,",,E,07,",25.0,",E,11,",,,168.3,",E",33.0,",,,E",1.29,",E",1.761,",,,E",0.819,",,,E"
AGE00147716,1907-04-01,35.1,-1.85,83.0,"NEMOURS GHAZAOUET, AG",,,0.3,"2,E",6.0,"1,E",5.0,"1,E",0.0,"1,E",0.0,"1,E",0.0,"1,E",0.0,"1,E",8.0,"1,E",0.0,"1,E",19070424.0,"+,1,E",19070404.0,",1,E",19070410.0,",1,E",7.0,"1,E,24,+",6.0,"1,,E,04,",25.0,"1,E,10,",,,68.7,"1,E",22.5,"1,,,E",1.584,"2,E",2.059,"1,,,E",1.1099999999999999,"1,,,E"
AGE00147716,1907-05-01,35.1,-1.85,83.0,"NEMOURS GHAZAOUET, AG",,,4.2,",E",5.0,",E",4.0,",E",0.0,",E",0.0,",E",0.0,",E",0.0,",E",17.0,",E",0.0,",E",19070502.0,"+,,E",19070505.0,",,E",19070531.0,",,E",9.0,",E,02,+",18.0,",,E,05,",25.0,",E,31,",,,48.0,",E",36.6,",,,E",1.6920000000000002,",E",2.145,",,,E",1.239,",,,E"
AGE00147716,1907-07-01,35.1,-1.85,83.0,"NEMOURS GHAZAOUET, AG",,,106.5,"4,E",0.0,"2,E",0.0,"2,E",0.0,"2,E",0.0,"2,E",0.0,"2,E",0.0,"2,E",29.0,"2,E",0.0,"2,E",19070702.0,",2,E",19070731.0,"+,2,E",19070707.0,",2,E",15.0,"2,E,02,",0.0,"2,,E,31,+",30.0,"2,E,07,",0.0,E,0.0,"2,E",0.0,"2,,,E",2.229,"4,E",2.641,"2,,,E",1.8170000000000002,"2,,,E"
AGE00147716,1907-08-01,35.1,-1.85,83.0,"NEMOURS GHAZAOUET, AG",,,191.7,",E",0.0,",E",0.0,",E",0.0,",E",0.0,",E",0.0,",E",0.0,",E",31.0,",E",0.0,",E",19070824.0,"+,,E",19070831.0,"+,,E",19070816.0,",,E",17.0,",E,24,+",0.0,",,E,31,+",32.0,",E,16,",0.0,E,0.0,",E",0.0,",,,E",2.452,",E",2.823,",,,E",2.081,",,,E"
AGE00147716,1907-09-01,35.1,-1.85,83.0,"NEMOURS GHAZAOUET, AG",,,119.0,",E",5.0,",E",4.0,",E",0.0,",E",0.0,",E",0.0,",E",0.0,",E",29.0,",E",0.0,",E",19070929.0,"+,,E",19070902.0,",,E",19070929.0,"+,,E",16.0,",E,29,+",20.5,",,E,02,",28.0,",E,29,+",0.0,E,0.0,",E",34.3,",,,E",2.23,",E",2.627,",,,E",1.8329999999999997,",,,E"
AGE00147716,1907-11-01,35.1,-1.85,83.0,"NEMOURS GHAZAOUET, AG",,,5.2,"2,E",11.0,"1,E",5.0,"1,E",0.0,"1,E",0.0,"1,E",0.0,"1,E",0.0,"1,E",7.0,"1,E",0.0,"1,E",19071127.0,"+,1,E",19071101.0,",1,E",19071101.0,",1,E",8.0,"1,E,27,+",8.5,"1,,E,01,",26.0,"1,E,01,",,,67.5,"1,E",33.7,"1,,,E",1.612,"2,E",2.021,"1,,,E",1.2029999999999998,"1,,,E"
AGE00147716,1908-01-01,35.1,-1.85,83.0,"NEMOURS GHAZAOUET, AG",0.0,E,0.0,",E",11.0,",E",6.0,",E",1.0,",E",0.0,",E",0.0,",E",0.0,",E",1.0,",E",0.0,",E",19080131.0,"+,,E",19080105.0,",,E",19080118.0,",,E",4.0,",E,31,+",47.0,",,E,05,",22.0,",E,18,",,,172.3,",E",107.9,",,,E",1.277,",E",1.723,",,,E",0.8320000000000001,",,,E"
AGE00147716,1908-02-01,35.1,-1.85,83.0,"NEMOURS GHAZAOUET, AG",0.0,E,0.0,"2,E",8.0,"1,E",5.0,"1,E",1.0,"1,E",0.0,"1,E",0.0,"1,E",0.0,"1,E",0.0,"1,E",0.0,"1,E",19080206.0,",1,E",19080214.0,",1,E",19080224.0,",1,E",3.0,"1,E,06,",33.0,"1,,E,14,",21.0,"1,E,24,",,,164.5,"1,E",73.4,"1,,,E",1.234,"2,E",1.682,"1,,,E",0.786,"1,,,E"
AGE00147716,1908-03-01,35.1,-1.85,83.0,"NEMOURS GHAZAOUET, AG",0.0,E,0.0,"2,E",10.0,"1,E",9.0,"1,E",0.0,"1,E",0.0,"1,E",0.0,"1,E",0.0,"1,E",1.0,"1,E",0.0,"1,E",19080325.0,"+,1,E",19080315.0,",1,E",19080322.0,",1,E",5.0,"1,E,25,+",21.0,"1,,E,15,",22.0,"1,E,22,",,,163.7,"1,E",83.2,"1,,,E",1.268,"2,E",1.687,"1,,,E",0.85,"1,,,E"
AGE00147716,1908-04-01,35.1,-1.85,83.0,"NEMOURS GHAZAOUET, AG",0.0,E,0.0,",E",8.0,",E",5.0,",E",0.0,",E",0.0,",E",0.0,",E",0.0,",E",1.0,",E",0.0,",E",19080407.0,",,E",19080414.0,",,E",19080412.0,",,E",5.0,",E,07,",25.0,",,E,14,",22.0,",E,12,",,,111.0,",E",64.3,",,,E",1.463,",E",1.9129999999999998,",,,E",1.0130000000000001,",,,E"
AGE00147716,1908-06-01,35.1,-1.85,83.0,"NEMOURS GHAZAOUET, AG",,,24.2,",E",2.0,",E",2.0,",E",0.0,",E",0.0,",E",0.0,",E",0.0,",E",27.0,",E",0.0,",E",19080621.0,"+,,E",19080603.0,",,E",19080615.0,",,E",9.0,",E,21,+",14.0,",,E,03,",31.0,",E,15,",,,32.2,",E",24.0,",,,E",1.807,",E",2.357,",,,E",1.2570000000000001,",,,E"
AGE00147716,1908-07-01,35.1,-1.85,83.0,"NEMOURS GHAZAOUET, AG",,,149.2,",E",2.0,",E",1.0,",E",0.0,",E",0.0,",E",0.0,",E",0.0,",E",31.0,",E",2.0,",E",19080725.0,",,E",19080721.0,",,E",19080706.0,",,E",15.0,",E,25,",5.3,",,E,21,",34.0,",E,06,",0.0,E,0.0,",E",6.6,",,,E",2.315,",E",2.7190000000000003,",,,E",1.9100000000000001,",,,E"
AGE00147716,1908-09-01,35.1,-1.85,83.0,"NEMOURS GHAZAOUET, AG",,,138.5,",E",4.0,",E",3.0,",E",0.0,",E",0.0,",E",0.0,",E",0.0,",E",30.0,",E",0.0,",E",19080924.0,",,E",19080911.0,",,E",19080917.0,"+,,E",16.0,",E,24,",4.2,",,E,11,",29.0,",E,17,+",,,0.0,",E",13.7,",,,E",2.295,",E",2.677,",,,E",1.9129999999999998,",,,E"
AGE00147716,1908-12-01,35.1,-1.85,83.0,"NEMOURS GHAZAOUET, AG",,,0.0,"2,E",8.0,",E",5.0,",E",0.0,",E",0.0,"2,E",0.0,"2,E",0.0,",E",0.0,",E",0.0,",E",19081231.0,"+,2,E",19081209.0,",,E",19081227.0,"+,,E",5.0,"2,E,31,+",25.0,",,E,09,",19.0,",E,27,+",,,136.2,",E",50.1,",,,E",1.369,"2,E",1.761,",,,E",0.976,"2,,,E"
AGE00147716,1909-01-01,35.1,-1.85,83.0,"NEMOURS GHAZAOUET, AG",0.0,E,0.0,",E",5.0,",E",4.0,",E",0.0,",E",0.0,",E",0.0,",E",0.0,",E",0.0,",E",0.0,",E",19090130.0,",,E",19090109.0,",,E",19090116.0,"+,,E",1.0,",E,30,",18.0,",,E,09,",18.0,",E,16,+",,,263.3,",E",36.2,",,,E",0.984,",E",1.5390000000000001,",,,E",0.429,",,,E"
AGE00147716,1909-02-01,35.1,-1.85,83.0,"NEMOURS GHAZAOUET, AG",0.0,E,0.0,",E",12.0,",E",9.0,",E",0.0,",E",0.0,",E",0.0,",E",0.0,",E",0.0,",E",0.0,",E",19090217.0,"+,,E",19090225.0,",,E",19090224.0,",,E",2.0,",E,17,+",14.0,",,E,25,",20.0,",E,24,",,,207.8,",E",56.9,",,,E",1.091,",E",1.6039999999999999,",,,E",0.579,",,,E"
AGE00147716,1909-03-01,35.1,-1.85,83.0,"NEMOURS GHAZAOUET, AG",0.2,E,0.2,",E",8.0,",E",5.0,",E",0.0,",E",0.0,",E",0.0,",E",0.0,",E",8.0,",E",0.0,",E",19090311.0,"+,,E",19090319.0,",,E",19090325.0,"+,,E",6.0,",E,11,+",19.0,",,E,19,",23.0,",E,25,+",,,120.5,",E",41.8,",,,E",1.4449999999999998,",E",1.932,",,,E",0.958,",,,E"
AGE00147716,1909-04-01,35.1,-1.85,83.0,"NEMOURS GHAZAOUET, AG",0.2,E,0.0,",E",5.0,",E",2.0,",E",0.0,",E",0.0,",E",0.0,",E",0.0,",E",9.0,",E",0.0,",E",19090411.0,",,E",19090427.0,",,E",19090420.0,",,E",7.0,",E,11,",19.0,",,E,27,",23.0,",E,20,",,,84.5,",E",37.0,",,,E",1.552,",E",1.9969999999999999,",,,E",1.107,",,,E"
AGE00147716,1909-06-01,35.1,-1.85,83.0,"NEMOURS GHAZAOUET, AG",,,37.2,"2,E",2.0,"1,E",1.0,"1,E",1.0,"1,E",0.0,"1,E",0.0,"1,E",0.0,"1,E",29.0,"1,E",0.0,"1,E",19090607.0,"+,1,E",19090602.0,",1,E",19090625.0,",1,E",12.0,"1,E,07,+",29.0,"1,,E,02,",28.0,"1,E,25,",,,4.5,"1,E",30.5,"1,,,E",1.95,"2,E",2.424,"1,,,E",1.476,"1,,,E"
AGE00147716,1909-09-01,35.1,-1.85,83.0,"NEMOURS GHAZAOUET, AG",,,72.0,",E",2.0,",E",2.0,",E",1.0,",E",0.0,",E",0.0,",E",0.0,",E",30.0,",E",0.0,",E",19090918.0,"+,,E",19090915.0,",,E",19090929.0,",,E",13.0,",E,18,+",28.0,",,E,15,",30.0,",E,29,",,,0.0,",E",44.0,",,,E",2.073,",E",2.52,",,,E",1.627,",,,E"
AGE00147716,1909-10-01,35.1,-1.85,83.0,"NEMOURS GHAZAOUET, AG",,,37.5,"1,E",6.0,",E",5.0,",E",1.0,",E",0.0,",E",0.0,",E",0.0,"1,E",19.0,"1,E",0.0,"1,E",19091030.0,",,E",19091021.0,",,E",19091002.0,",1,E",10.0,",E,30,",27.0,",,E,21,",30.0,"1,E,02,",,,27.5,"1,E",92.3,",,,E",1.864,"1,E",2.293,"1,,,E",1.435,",,,E"
AGE00147716,1909-12-01,35.1,-1.85,83.0,"NEMOURS GHAZAOUET, AG",,,5.2,",E",4.0,",E",2.0,",E",0.0,",E",0.0,",E",0.0,",E",0.0,",E",5.0,",E",0.0,",E",19091230.0,"+,,E",19091212.0,",,E",19091222.0,",,E",5.0,",E,30,+",17.7,",,E,12,",29.0,",E,22,",,,125.5,",E",34.0,",,,E",1.4449999999999998,",E",1.8940000000000001,",,,E",0.9970000000000001,",,,E"
AGE00147716,1910-01-01,35.1,-1.85,83.0,"NEMOURS GHAZAOUET, AG",0.0,E,0.0,",E",9.0,",E",7.0,",E",0.0,",E",0.0,",E",0.0,",E",0.0,",E",0.0,",E",0.0,",E",19100116.0,"+,,E",19100130.0,",,E",19100105.0,"+,,E",4.0,",E,16,+",18.7,",,E,30,",20.0,",E,05,+",,,204.8,",E",51.1,",,,E",1.173,",E",1.655,",,,E",0.6900000000000001,",,,E"
AGE00147716,1910-02-01,35.1,-1.85,83.0,"NEMOURS GHAZAOUET, AG",0.0,E,0.0,",E",3.0,",E",1.0,",E",0.0,",E",0.0,",E",0.0,",E",0.0,",E",1.0,",E",0.0,",E",19100213.0,",,E",19100209.0,",,E",19100219.0,",,E",3.0,",E,13,",2.6,",,E,09,",23.0,",E,19,",,,156.8,",E",3.8,",,,E",1.2730000000000001,",E",1.7710000000000001,",,,E",0.775,",,,E"
AGE00147716,1910-03-01,35.1,-1.85,83.0,"NEMOURS GHAZAOUET, AG",0.0,E,0.0,",E",11.0,",E",10.0,",E",0.0,",E",0.0,",E",0.0,",E",0.0,",E",0.0,",E",0.0,",E",19100322.0,"+,,E",19100319.0,",,E",19100319.0,",,E",4.0,",E,22,+",24.0,",,E,19,",20.0,",E,19,",,,194.3,",E",122.0,",,,E",1.206,",E",1.687,",,,E",0.726,",,,E"
AGE00147716,1910-04-01,35.1,-1.85,83.0,"NEMOURS GHAZAOUET, AG",0.0,E,0.0,",E",7.0,",E",5.0,",E",0.0,",E",0.0,",E",0.0,",E",0.0,",E",8.0,",E",0.0,",E",19100402.0,",,E",19100430.0,",,E",19100423.0,",,E",3.0,",E,02,",20.0,",,E,30,",25.0,",E,23,",,,112.0,",E",59.0,",,,E",1.46,",E",1.94,",,,E",0.9800000000000001,",,,E"
AGE00147716,1910-05-01,35.1,-1.85,83.0,"NEMOURS GHAZAOUET, AG",4.3,E,4.3,"2,E",8.0,"1,E",7.0,"1,E",1.0,"1,E",0.0,"1,E",0.0,"1,E",0.0,"1,E",16.0,"1,E",0.0,"1,E",19100511.0,",1,E",19100501.0,",1,E",19100531.0,",1,E",6.0,"1,E,11,",29.5,"1,,E,01,",27.0,"1,E,31,",,,43.0,"1,E",77.2,"1,,,E",1.6969999999999998,"2,E",2.143,"1,,,E",1.25,"1,,,E"
AGE00147716,1910-06-01,35.1,-1.85,83.0,"NEMOURS GHAZAOUET, AG",61.5,E,57.2,",E",0.0,",E",0.0,",E",0.0,",E",0.0,",E",0.0,",E",0.0,",E",29.0,",E",0.0,",E",19100610.0,"+,,E",19100630.0,"+,,E",19100626.0,",,E",13.0,",E,10,+",0.0,",,E,30,+",32.0,",E,26,",,,4.7,",E",0.0,",,,E",2.008,",E",2.443,",,,E",1.573,",,,E"
AGE00147716,1910-07-01,35.1,-1.85,83.0,"NEMOURS GHAZAOUET, AG",215.2,E,153.7,",E",0.0,",E",0.0,",E",0.0,",E",0.0,",E",0.0,",E",0.0,",E",31.0,",E",1.0,",E",19100702.0,",,E",19100731.0,"+,,E",19100723.0,",,E",12.0,",E,02,",0.0,",,E,31,+",33.0,",E,23,",0.0,E,0.0,",E",0.0,",,,E",2.3289999999999997,",E",2.761,",,,E",1.8969999999999998,",,,E"
AGE00147716,1910-08-01,35.1,-1.85,83.0,"NEMOURS GHAZAOUET, AG",360.0,E,144.8,"2,E",0.0,"1,E",0.0,"1,E",0.0,"1,E",0.0,"1,E",0.0,"1,E",0.0,"1,E",30.0,"1,E",0.0,"1,E",19100813.0,"+,1,E",19100831.0,"+,1,E",19100829.0,"+,1,E",16.0,"1,E,13,+",0.0,"1,,E,31,+",32.0,"1,E,29,+",0.0,E,0.0,"1,E",0.0,"1,,,E",2.327,"2,E",2.783,"1,,,E",1.8699999999999999,"1,,,E"
AGE00147716,1910-11-01,35.1,-1.85,83.0,"NEMOURS GHAZAOUET, AG",,,5.5,",E",2.0,",E",2.0,",E",0.0,",E",0.0,",E",0.0,",E",0.0,",E",11.0,",E",0.0,",E",19101121.0,",,E",19101105.0,",,E",19101106.0,"+,,E",6.0,",E,21,",3.4,",,E,05,",25.0,",E,06,+",,,72.5,",E",6.0,",,,E",1.61,",E",2.087,",,,E",1.133,",,,E"
AGE00147716,1910-12-01,35.1,-1.85,83.0,"NEMOURS GHAZAOUET, AG",,,2.7,",E",7.0,",E",6.0,",E",0.0,",E",0.0,",E",0.0,",E",0.0,",E",3.0,",E",0.0,",E",19101231.0,",,E",19101208.0,",,E",19101208.0,",,E",3.0,",E,31,",14.7,",,E,08,",26.0,",E,08,",,,142.5,",E",52.6,",,,E",1.3820000000000001,",E",1.761,",,,E",1.003,",,,E"
AGE00147716,1911-01-01,35.1,-1.85,83.0,"NEMOURS GHAZAOUET, AG",0.0,E,0.0,",E",13.0,",E",12.0,",E",3.0,",E",0.0,",E",0.0,",E",0.0,",E",0.0,",E",0.0,",E",19110127.0,"+,,E",19110116.0,",,E",19110130.0,"+,,E",3.0,",E,27,+",58.9,",,E,16,",17.0,",E,30,+",,,253.8,",E",209.7,",,,E",1.0150000000000001,",E",1.384,",,,E",0.645,",,,E"
AGE00147716,1911-02-01,35.1,-1.85,83.0,"NEMOURS GHAZAOUET, AG",0.0,E,0.0,",E",4.0,",E",3.0,",E",0.0,",E",0.0,",E",0.0,",E",0.0,",E",3.0,",E",0.0,",E",19110209.0,"+,,E",19110204.0,",,E",19110228.0,"+,,E",4.0,",E,09,+",21.2,",,E,04,",23.0,",E,28,+",,,167.3,",E",43.1,",,,E",1.236,",E",1.657,",,,E",0.8140000000000001,",,,E"
AGE00147716,1911-03-01,35.1,-1.85,83.0,"NEMOURS GHAZAOUET, AG",0.0,E,0.0,",E",7.0,",E",4.0,",E",1.0,",E",0.0,",E",0.0,",E",0.0,",E",0.0,",E",0.0,",E",19110309.0,"+,,E",19110309.0,",,E",19110320.0,"+,,E",6.0,",E,09,+",37.0,",,E,09,",21.0,",E,20,+",,,145.8,",E",81.1,",,,E",1.363,",E",1.765,",,,E",0.961,",,,E"
AGE00147716,1911-04-01,35.1,-1.85,83.0,"NEMOURS GHAZAOUET, AG",5.5,E,5.5,",E",8.0,",E",6.0,",E",0.0,",E",0.0,",E",0.0,",E",0.0,",E",6.0,",E",0.0,",E",19110408.0,",,E",19110414.0,",,E",19110429.0,"+,,E",7.0,",E,08,",23.4,",,E,14,",27.0,",E,29,+",,,98.5,",E",62.1,",,,E",1.5230000000000001,",E",1.9300000000000002,",,,E",1.117,",,,E"
AGE00147716,1911-06-01,35.1,-1.85,83.0,"NEMOURS GHAZAOUET, AG",,,54.3,"2,E",1.0,"1,E",1.0,"1,E",0.0,"1,E",0.0,"1,E",0.0,"1,E",0.0,"1,E",26.0,"1,E",0.0,"1,E",19110615.0,"+,1,E",19110604.0,",1,E",19110619.0,",1,E",14.0,"1,E,15,+",9.6,"1,,E,04,",30.0,"1,E,19,",,,0.7,"1,E",9.6,"1,,,E",2.022,"2,E",2.407,"1,,,E",1.638,"1,,,E"
AGE00147716,1911-07-01,35.1,-1.85,83.0,"NEMOURS GHAZAOUET, AG",,,132.7,"3,E",2.0,",E",2.0,",E",0.0,",E",0.0,"3,E",0.0,"3,E",0.0,"1,E",30.0,"1,E",0.0,"1,E",19110711.0,"+,3,E",19110728.0,",,E",19110728.0,"+,1,E",16.0,"3,E,11,+",7.4,",,E,28,",31.0,"1,E,28,+",0.0,E,0.0,"1,E",13.9,",,,E",2.315,"3,E",2.677,"1,,,E",1.954,"3,,,E"
AGE00147716,1911-10-01,35.1,-1.85,83.0,"NEMOURS GHAZAOUET, AG",,,48.7,",E",8.0,",E",7.0,",E",0.0,",E",0.0,",E",0.0,",E",0.0,",E",27.0,",E",0.0,",E",19111031.0,",,E",19111028.0,",,E",19111007.0,",,E",8.0,",E,31,",10.3,",,E,28,",30.0,",E,07,",,,10.5,",E",35.4,",,,E",1.956,",E",2.3609999999999998,",,,E",1.552,",,,E"
AGE00147716,1911-12-01,35.1,-1.85,83.0,"NEMOURS GHAZAOUET, AG",,,0.0,",E",3.0,",E",2.0,",E",0.0,",E",0.0,",E",0.0,",E",0.0,",E",3.0,",E",0.0,",E",19111230.0,"+,,E",19111206.0,",,E",19111213.0,",,E",6.0,",E,30,+",18.3,",,E,06,",25.0,",E,13,",,,130.3,",E",35.5,",,,E",1.413,",E",1.8940000000000001,",,,E",0.932,",,,E"
AGE00147716,1912-01-01,35.1,-1.85,83.0,"NEMOURS GHAZAOUET, AG",0.0,E,0.0,",E",8.0,",E",5.0,",E",0.0,",E",0.0,",E",0.0,",E",0.0,",E",2.0,",E",0.0,",E",19120131.0,",,E",19120130.0,",,E",19120111.0,",,E",5.0,",E,31,",21.0,",,E,30,",24.0,",E,11,",,,162.3,",E",41.9,",,,E",1.31,",E",1.732,",,,E",0.8869999999999999,",,,E"
AGE00147716,1912-02-01,35.1,-1.85,83.0,"NEMOURS GHAZAOUET, AG",0.7,E,0.7,",E",5.0,",E",3.0,",E",0.0,",E",0.0,",E",0.0,",E",0.0,",E",6.0,",E",0.0,",E",19120220.0,"+,,E",19120203.0,",,E",19120216.0,",,E",7.0,",E,20,+",10.7,",,E,03,",26.0,",E,16,",,,94.3,",E",21.0,",,,E",1.51,",E",1.972,",,,E",1.048,",,,E"
AGE00147716,1912-03-01,35.1,-1.85,83.0,"NEMOURS GHAZAOUET, AG",0.7,E,0.0,",E",4.0,",E",4.0,",E",0.0,",E",0.0,",E",0.0,",E",0.0,",E",5.0,",E",0.0,",E",19120312.0,",,E",19120315.0,",,E",19120309.0,",,E",7.0,",E,12,",14.6,",,E,15,",24.0,",E,09,",,,97.3,",E",40.7,",,,E",1.519,",E",1.955,",,,E",1.084,",,,E"
AGE00147716,1912-04-01,35.1,-1.85,83.0,"NEMOURS GHAZAOUET, AG",0.7,E,0.0,",E",8.0,",E",7.0,",E",1.0,",E",0.0,",E",0.0,",E",0.0,",E",2.0,",E",0.0,",E",19120415.0,"+,,E",19120426.0,",,E",19120409.0,",,E",7.0,",E,15,+",26.8,",,E,26,",24.0,",E,09,",,,93.5,",E",73.3,",,,E",1.522,",E",1.92,",,,E",1.123,",,,E"
AGE00147716,1912-05-01,35.1,-1.85,83.0,"NEMOURS GHAZAOUET, AG",28.4,E,27.7,",E",1.0,",E",0.0,",E",0.0,",E",0.0,",E",0.0,",E",0.0,",E",26.0,",E",1.0,",E",19120502.0,",,E",19120528.0,",,E",19120511.0,",,E",9.0,",E,02,",0.7,",,E,28,",33.0,",E,11,",,,21.5,",E",0.7,",,,E",1.8530000000000002,",E",2.3,",,,E",1.4060000000000001,",,,E"
AGE00147716,1912-07-01,35.1,-1.85,83.0,"NEMOURS GHAZAOUET, AG",,,123.3,"1,E",0.0,",E",0.0,",E",0.0,",E",0.0,",E",0.0,",E",0.0,"1,E",29.0,"1,E",0.0,"1,E",19120716.0,",,E",19120731.0,"+,,E",19120718.0,",1,E",10.0,",E,16,",0.0,",,E,31,+",29.0,"1,E,18,",0.3,E,0.3,"1,E",0.0,",,,E",2.246,"1,E",2.643,"1,,,E",1.848,",,,E"
AGE00147716,1912-08-01,35.1,-1.85,83.0,"NEMOURS GHAZAOUET, AG",,,163.7,",E",0.0,",E",0.0,",E",0.0,",E",0.0,",E",0.0,",E",0.0,",E",31.0,",E",0.0,",E",19120803.0,",,E",19120831.0,"+,,E",19120806.0,"+,,E",17.0,",E,03,",0.0,",,E,31,+",31.0,",E,06,+",0.3,E,0.0,",E",0.0,",,,E",2.3609999999999998,",E",2.777,",,,E",1.9449999999999998,",,,E"
AGE00147716,1912-11-01,35.1,-1.85,83.0,"NEMOURS GHAZAOUET, AG",,,0.7,"2,E",5.0,"1,E",4.0,"1,E",0.0,"1,E",0.0,"1,E",0.0,"1,E",0.0,"1,E",2.0,"1,E",0.0,"1,E",19121127.0,"+,1,E",19121130.0,",1,E",19121101.0,",1,E",5.0,"1,E,27,+",16.8,"1,,E,30,",23.0,"1,E,01,",,,112.0,"1,E",47.2,"1,,,E",1.433,"2,E",1.89,"1,,,E",0.976,"1,,,E"
AGE00147716,1912-12-01,35.1,-1.85,83.0,"NEMOURS GHAZAOUET, AG",,,0.0,"2,E",5.0,"1,E",2.0,"1,E",0.0,"1,E",0.0,"1,E",0.0,"1,E",0.0,"1,E",0.0,"1,E",0.0,"1,E",19121229.0,"+,1,E",19121212.0,",1,E",19121222.0,"+,1,E",5.0,"1,E,29,+",6.1,"1,,E,12,",18.0,"1,E,22,+",,,204.7,"1,E",15.0,"1,,,E",1.128,"2,E",1.573,"1,,,E",0.683,"1,,,E"
AGE00147716,1913-03-01,35.1,-1.85,83.0,"NEMOURS GHAZAOUET, AG",,,1.7,",E",4.0,",E",4.0,",E",0.0,",E",0.0,",E",0.0,",E",0.0,",E",3.0,",E",0.0,",E",19130307.0,",,E",19130322.0,",,E",19130329.0,",,E",4.0,",E,07,",14.0,",,E,22,",25.0,",E,29,",,,154.5,",E",32.9,",,,E",1.34,",E",1.8190000000000002,",,,E",0.861,",,,E"
AGE00147716,1913-04-01,35.1,-1.85,83.0,"NEMOURS GHAZAOUET, AG",,,0.0,"4,E",5.0,"3,E",0.0,"3,E",0.0,"3,E",0.0,"2,E",0.0,"2,E",0.0,"2,E",3.0,"2,E",0.0,"2,E",19130415.0,"+,2,E",19130411.0,",3,E",19130421.0,",2,E",7.0,"2,E,15,+",2.4,"3,,E,11,",25.0,"2,E,21,",,,99.7,"2,E",7.3,"3,,,E",1.4609999999999999,"4,E",1.921,"2,,,E",1.0,"2,,,E"
AGE00147716,1913-05-01,35.1,-1.85,83.0,"NEMOURS GHAZAOUET, AG",,,13.8,",E",2.0,",E",1.0,",E",0.0,",E",0.0,",E",0.0,",E",0.0,",E",19.0,",E",1.0,",E",19130513.0,"+,,E",19130515.0,",,E",19130529.0,",,E",9.0,",E,13,+",8.2,",,E,15,",34.0,",E,29,",,,35.7,",E",9.9,",,,E",1.763,",E",2.216,",,,E",1.31,",,,E"
AGE00147716,1913-06-01,35.1,-1.85,83.0,"NEMOURS GHAZAOUET, AG",,,88.0,",E",2.0,",E",0.0,",E",0.0,",E",0.0,",E",0.0,",E",0.0,",E",30.0,",E",1.0,",E",19130603.0,",,E",19130620.0,",,E",19130625.0,",,E",10.0,",E,03,",1.4,",,E,20,",33.0,",E,25,",,,4.0,",E",2.0,",,,E",2.113,",E",2.543,",,,E",1.6829999999999998,",,,E"
AGE00147716,1913-07-01,35.1,-1.85,83.0,"NEMOURS GHAZAOUET, AG",,,170.2,",E",0.0,",E",0.0,",E",0.0,",E",0.0,",E",0.0,",E",0.0,",E",31.0,",E",1.0,",E",19130708.0,",,E",19130731.0,"+,,E",19130723.0,",,E",16.0,",E,08,",0.0,",,E,31,+",34.0,",E,23,",0.0,E,0.0,",E",0.0,",,,E",2.382,",E",2.806,",,,E",1.9579999999999997,",,,E"
AGE00147716,1913-08-01,35.1,-1.85,83.0,"NEMOURS GHAZAOUET, AG",,,151.2,",E",1.0,",E",1.0,",E",0.0,",E",0.0,",E",0.0,",E",0.0,",E",31.0,",E",1.0,",E",19130803.0,",,E",19130810.0,",,E",19130826.0,",,E",15.0,",E,03,",6.7,",,E,10,",33.0,",E,26,",0.0,E,0.0,",E",6.7,",,,E",2.321,",E",2.732,",,,E",1.9100000000000001,",,,E"
AGE00147716,1913-09-01,35.1,-1.85,83.0,"NEMOURS GHAZAOUET, AG",,,80.3,",E",2.0,",E",0.0,",E",0.0,",E",0.0,",E",0.0,",E",0.0,",E",30.0,",E",0.0,",E",19130919.0,",,E",19130912.0,",,E",19130901.0,",,E",12.0,",E,19,",1.6,",,E,12,",32.0,",E,01,",0.8,E,0.8,",E",2.9,",,,E",2.098,",E",2.5170000000000003,",,,E",1.6800000000000002,",,,E"
AGE00147716,1913-10-01,35.1,-1.85,83.0,"NEMOURS GHAZAOUET, AG",,,32.2,",E",2.0,",E",1.0,",E",0.0,",E",0.0,",E",0.0,",E",0.0,",E",25.0,",E",0.0,",E",19131016.0,",,E",19131003.0,",,E",19131021.0,",,E",10.0,",E,16,",6.9,",,E,03,",30.0,",E,21,",21.3,E,20.5,",E",8.2,",,,E",1.871,",E",2.339,",,,E",1.403,",,,E"
AGE00147716,1913-11-01,35.1,-1.85,83.0,"NEMOURS GHAZAOUET, AG",,,15.5,"4,E",3.0,"2,E",3.0,"2,E",0.0,"2,E",0.0,"2,E",0.0,"2,E",0.0,"2,E",9.0,"2,E",0.0,"2,E",19131130.0,"+,2,E",19131127.0,",2,E",19131112.0,"+,2,E",7.0,"2,E,30,+",8.7,"2,,E,27,",29.0,"2,E,12,+",92.0,E,70.7,"2,E",23.3,"2,,,E",1.616,"4,E",2.104,"2,,,E",1.129,"2,,,E"
AGE00147716,1913-12-01,35.1,-1.85,83.0,"NEMOURS GHAZAOUET, AG",,,0.0,",E",3.0,",E",2.0,",E",0.0,",E",0.0,",E",0.0,",E",0.0,",E",0.0,",E",0.0,",E",19131228.0,"+,,E",19131204.0,",,E",19131223.0,",,E",5.0,",E,28,+",6.4,",,E,04,",21.0,",E,23,",257.3,E,165.3,",E",11.3,",,,E",1.3,",E",1.7579999999999998,",,,E",0.842,",,,E"
AGE00147716,1914-01-01,35.1,-1.85,83.0,"NEMOURS GHAZAOUET, AG",0.0,E,0.0,"2,E",11.0,"1,E",7.0,"1,E",0.0,"1,E",0.0,"1,E",0.0,"1,E",0.0,"1,E",0.0,"1,E",0.0,"1,E",19140103.0,"+,1,E",19140102.0,",1,E",19140122.0,"+,1,E",2.0,"1,E,03,+",17.6,"1,,E,02,",19.0,"1,E,22,+",464.0,E,206.7,"1,E",71.0,"1,,,E",1.115,"2,E",1.517,"1,,,E",0.713,"1,,,E"
AGE00147716,1914-02-01,35.1,-1.85,83.0,"NEMOURS GHAZAOUET, AG",0.0,E,0.0,",E",6.0,",E",6.0,",E",0.0,",E",0.0,",E",0.0,",E",0.0,",E",3.0,",E",0.0,",E",19140214.0,"+,,E",19140216.0,",,E",19140222.0,",,E",6.0,",E,14,+",16.6,",,E,16,",23.0,",E,22,",602.3,E,138.3,",E",59.5,",,,E",1.339,",E",1.779,",,,E",0.9,",,,E"
AGE00147716,1914-03-01,35.1,-1.85,83.0,"NEMOURS GHAZAOUET, AG",0.0,E,0.0,"1,E",5.0,",E",4.0,",E",1.0,",E",0.0,"1,E",0.0,"1,E",0.0,",E",3.0,",E",0.0,",E",19140304.0,",1,E",19140311.0,",,E",19140309.0,",,E",4.0,"1,E,04,",32.8,",,E,11,",24.0,",E,09,",728.3,E,126.0,",E",62.7,",,,E",1.4140000000000001,"1,E",1.884,",,,E",0.943,"1,,,E"
AGE00147716,1914-04-01,35.1,-1.85,83.0,"NEMOURS GHAZAOUET, AG",0.2,E,0.2,"1,E",9.0,",E",5.0,",E",2.0,",E",0.0,",E",0.0,",E",0.0,"1,E",4.0,"1,E",0.0,"1,E",19140415.0,"+,,E",19140420.0,",,E",19140409.0,"+,1,E",8.0,",E,15,+",50.6,",,E,20,",23.0,"1,E,09,+",809.6,E,81.3,"1,E",111.7,",,,E",1.559,"1,E",1.941,"1,,,E",1.177,",,,E"
AGE00147716,1914-05-01,35.1,-1.85,83.0,"NEMOURS GHAZAOUET, AG",15.5,E,15.3,",E",1.0,",E",0.0,",E",0.0,",E",0.0,",E",0.0,",E",0.0,",E",9.0,",E",0.0,",E",19140530.0,"+,,E",19140524.0,",,E",19140524.0,",,E",10.0,",E,30,+",0.5,",,E,24,",29.0,",E,24,",847.8,E,38.2,",E",0.5,",,,E",1.7600000000000002,",E",2.1350000000000002,",,,E",1.384,",,,E"
AGE00147716,1914-06-01,35.1,-1.85,83.0,"NEMOURS GHAZAOUET, AG",47.8,E,32.3,"1,E",1.0,",E",0.0,",E",0.0,",E",0.0,",E",0.0,",E",0.0,"1,E",21.0,"1,E",0.0,"1,E",19140615.0,",,E",19140604.0,",,E",19140607.0,",1,E",12.0,",E,15,",0.5,",,E,04,",26.0,"1,E,07,",857.3,E,9.5,"1,E",0.5,",,,E",1.9140000000000001,"1,E",2.255,"1,,,E",1.573,",,,E"
AGE00147716,1914-07-01,35.1,-1.85,83.0,"NEMOURS GHAZAOUET, AG",202.0,E,154.2,",E",0.0,",E",0.0,",E",0.0,",E",0.0,",E",0.0,",E",0.0,",E",31.0,",E",0.0,",E",19140713.0,"+,,E",19140731.0,"+,,E",19140717.0,",,E",17.0,",E,13,+",0.0,",,E,31,+",32.0,",E,17,",0.0,E,0.0,",E",0.0,",,,E",2.331,",E",2.71,",,,E",1.952,",,,E"
AGE00147716,1914-08-01,35.1,-1.85,83.0,"NEMOURS GHAZAOUET, AG",375.7,E,173.7,",E",0.0,",E",0.0,",E",0.0,",E",0.0,",E",0.0,",E",0.0,",E",31.0,",E",0.0,",E",19140804.0,",,E",19140831.0,"+,,E",19140816.0,"+,,E",15.0,",E,04,",0.0,",,E,31,+",32.0,",E,16,+",0.0,E,0.0,",E",0.0,",,,E",2.394,",E",2.784,",,,E",2.003,",,,E"
AGE00147716,1914-11-01,35.1,-1.85,83.0,"NEMOURS GHAZAOUET, AG",,,0.2,",E",6.0,",E",4.0,",E",0.0,",E",0.0,",E",0.0,",E",0.0,",E",2.0,",E",0.0,",E",19141130.0,",,E",19141101.0,",,E",19141121.0,",,E",7.0,",E,30,",22.0,",,E,01,",25.0,",E,21,",,,88.2,",E",35.0,",,,E",1.54,",E",1.9329999999999998,",,,E",1.147,",,,E"
AGE00147716,1914-12-01,35.1,-1.85,83.0,"NEMOURS GHAZAOUET, AG",,,0.2,",E",7.0,",E",5.0,",E",0.0,",E",0.0,",E",0.0,",E",0.0,",E",3.0,",E",0.0,",E",19141227.0,",,E",19141224.0,",,E",19141213.0,",,E",4.0,",E,27,",17.7,",,E,24,",23.0,",E,13,",,,163.5,",E",50.7,",,,E",1.306,",E",1.797,",,,E",0.8160000000000001,",,,E"
AGE00147716,1915-01-01,35.1,-1.85,83.0,"NEMOURS GHAZAOUET, AG",0.0,E,0.0,"1,E",13.0,"1,E",10.0,"1,E",1.0,"1,E",0.0,",E",0.0,",E",0.0,"1,E",3.0,"1,E",0.0,"1,E",19150120.0,"+,,E",19150130.0,",1,E",19150103.0,",1,E",4.0,",E,20,+",49.5,"1,,E,30,",26.0,"1,E,03,",,,178.5,"1,E",136.0,"1,,,E",1.234,"1,E",1.7100000000000002,"1,,,E",0.758,",,,E"
AGE00147716,1915-02-01,35.1,-1.85,83.0,"NEMOURS GHAZAOUET, AG",0.0,E,0.0,"2,E",4.0,"1,E",3.0,"1,E",0.0,"1,E",0.0,"1,E",0.0,"1,E",0.0,"1,E",2.0,"1,E",0.0,"1,E",19150228.0,"+,1,E",19150212.0,",1,E",19150220.0,",1,E",4.0,"1,E,28,+",5.6,"1,,E,12,",23.0,"1,E,20,",,,139.7,"1,E",17.5,"1,,,E",1.283,"2,E",1.722,"1,,,E",0.844,"1,,,E"
AGE00147716,1915-03-01,35.1,-1.85,83.0,"NEMOURS GHAZAOUET, AG",0.0,E,0.0,"2,E",10.0,"1,E",5.0,"1,E",0.0,"1,E",0.0,"1,E",0.0,"1,E",0.0,"1,E",3.0,"1,E",0.0,"1,E",19150311.0,"+,1,E",19150326.0,",1,E",19150319.0,"+,1,E",3.0,"1,E,11,+",9.6,"1,,E,26,",23.0,"1,E,19,+",,,132.7,"1,E",32.3,"1,,,E",1.375,"2,E",1.7870000000000001,"1,,,E",0.9630000000000001,"1,,,E"
AGE00147716,1915-04-01,35.1,-1.85,83.0,"NEMOURS GHAZAOUET, AG",0.0,E,0.0,"2,E",6.0,"1,E",6.0,"1,E",0.0,"1,E",0.0,"2,E",0.0,"2,E",0.0,"1,E",1.0,"1,E",0.0,"1,E",19150405.0,"+,2,E",19150424.0,",1,E",19150413.0,",1,E",5.0,"2,E,05,+",9.8,"1,,E,24,",22.0,"1,E,13,",,,118.8,"1,E",32.8,"1,,,E",1.404,"2,E",1.855,"1,,,E",0.954,"2,,,E"
AGE00147716,1915-05-01,35.1,-1.85,83.0,"NEMOURS GHAZAOUET, AG",19.2,E,19.2,",E",11.0,",E",5.0,",E",0.0,",E",0.0,",E",0.0,",E",0.0,",E",16.0,",E",0.0,",E",19150520.0,"+,,E",19150510.0,",,E",19150522.0,",,E",12.0,",E,20,+",5.7,",,E,10,",27.0,",E,22,",,,19.5,",E",25.9,",,,E",1.832,",E",2.174,",,,E",1.49,",,,E"
AGE00147716,1915-06-01,35.1,-1.85,83.0,"NEMOURS GHAZAOUET, AG",110.4,E,91.2,",E",6.0,",E",3.0,",E",0.0,",E",0.0,",E",0.0,",E",0.0,",E",30.0,",E",0.0,",E",19150604.0,"+,,E",19150615.0,",,E",19150621.0,",,E",13.0,",E,04,+",9.4,",,E,15,",31.0,",E,21,",,,1.2,",E",25.6,",,,E",2.133,",E",2.59,",,,E",1.677,",,,E"
AGE00147716,1915-07-01,35.1,-1.85,83.0,"NEMOURS GHAZAOUET, AG",305.6,E,195.2,",E",0.0,",E",0.0,",E",0.0,",E",0.0,",E",0.0,",E",0.0,",E",31.0,",E",2.0,",E",19150703.0,",,E",19150731.0,"+,,E",19150725.0,"+,,E",16.0,",E,03,",0.0,",,E,31,+",33.0,",E,25,+",0.0,E,0.0,",E",0.0,",,,E",2.463,",E",2.8609999999999998,",,,E",2.065,",,,E"
AGE00147716,1915-08-01,35.1,-1.85,83.0,"NEMOURS GHAZAOUET, AG",516.4,E,210.8,"2,E",0.0,"1,E",0.0,"1,E",0.0,"1,E",0.0,"1,E",0.0,"1,E",0.0,"1,E",30.0,"1,E",1.0,"1,E",19150826.0,",1,E",19150831.0,"+,1,E",19150810.0,",1,E",17.0,"1,E,26,",0.0,"1,,E,31,+",33.0,"1,E,10,",0.0,E,0.0,"1,E",0.0,"1,,,E",2.555,"2,E",2.973,"1,,,E",2.137,"1,,,E"
AGE00147716,1915-09-01,35.1,-1.85,83.0,"NEMOURS GHAZAOUET, AG",628.6,E,112.2,"2,E",1.0,"1,E",1.0,"1,E",0.0,"1,E",0.0,"1,E",0.0,"1,E",0.0,"1,E",29.0,"1,E",1.0,"1,E",19150929.0,",1,E",19150917.0,",1,E",19150901.0,",1,E",14.0,"1,E,29,",7.0,"1,,E,17,",33.0,"1,E,01,",0.0,E,0.0,"1,E",7.0,"1,,,E",2.2359999999999998,"2,E",2.669,"1,,,E",1.8030000000000002,"1,,,E"
AGE00147716,1915-10-01,35.1,-1.85,83.0,"NEMOURS GHAZAOUET, AG",637.6,E,9.0,"1,E",7.0,"1,E",4.0,"1,E",1.0,"1,E",0.0,",E",0.0,",E",0.0,"1,E",23.0,"1,E",0.0,"1,E",19151031.0,"+,,E",19151013.0,",1,E",19151003.0,"+,1,E",10.0,",E,31,+",32.3,"1,,E,13,",26.0,"1,E,03,+",23.0,E,23.0,"1,E",68.0,"1,,,E",1.781,"1,E",2.23,"1,,,E",1.332,",,,E"
AGE00147716,1915-12-01,35.1,-1.85,83.0,"NEMOURS GHAZAOUET, AG",,,0.2,"4,E",8.0,"1,E",3.0,"1,E",0.0,"1,E",0.0,"4,E",0.0,"4,E",0.0,"1,E",3.0,"1,E",0.0,"1,E",19151215.0,",4,E",19151218.0,",1,E",19151209.0,",1,E",2.0,"4,E,15,",9.6,"1,,E,18,",26.0,"1,E,09,",,,133.7,"1,E",26.7,"1,,,E",1.338,"4,E",1.8530000000000002,"1,,,E",0.8220000000000001,"4,,,E"
AGE00147716,1916-02-01,35.1,-1.85,83.0,"NEMOURS GHAZAOUET, AG",,,0.0,"4,E",3.0,"2,E",1.0,"2,E",0.0,"2,E",0.0,"2,E",0.0,"2,E",0.0,"2,E",4.0,"2,E",0.0,"2,E",19160214.0,",2,E",19160201.0,",2,E",19160229.0,"+,2,E",2.0,"2,E,14,",2.5,"2,,E,01,",23.0,"2,E,29,+",,,150.3,"2,E",5.7,"2,,,E",1.241,"4,E",1.793,"2,,,E",0.689,"2,,,E"
AGE00147716,1916-03-01,35.1,-1.85,83.0,"NEMOURS GHAZAOUET, AG",,,0.0,",E",14.0,",E",5.0,",E",0.0,",E",0.0,",E",0.0,",E",0.0,",E",3.0,",E",0.0,",E",19160331.0,",,E",19160307.0,",,E",19160315.0,",,E",5.0,",E,31,",21.2,",,E,07,",25.0,",E,15,",,,137.3,",E",62.8,",,,E",1.3900000000000001,",E",1.845,",,,E",0.9349999999999999,",,,E"
AGE00147716,1916-04-01,35.1,-1.85,83.0,"NEMOURS GHAZAOUET, AG",,,0.0,"2,E",7.0,"1,E",6.0,"1,E",1.0,"1,E",0.0,"1,E",0.0,"1,E",0.0,"1,E",4.0,"1,E",0.0,"1,E",19160401.0,",1,E",19160410.0,",1,E",19160414.0,",1,E",7.0,"1,E,01,",28.8,"1,,E,10,",23.0,"1,E,14,",,,103.8,"1,E",87.6,"1,,,E",1.466,"2,E",1.9,"1,,,E",1.0310000000000001,"1,,,E"
AGE00147716,1916-05-01,35.1,-1.85,83.0,"NEMOURS GHAZAOUET, AG",,,6.0,",E",5.0,",E",4.0,",E",0.0,",E",0.0,",E",0.0,",E",0.0,",E",15.0,",E",0.0,",E",19160503.0,"+,,E",19160511.0,",,E",19160511.0,",,E",10.0,",E,03,+",24.0,",,E,11,",26.0,",E,11,",,,32.8,",E",58.3,",,,E",1.7469999999999999,",E",2.1550000000000002,",,,E",1.339,",,,E"
AGE00147716,1916-06-01,35.1,-1.85,83.0,"NEMOURS GHAZAOUET, AG",,,54.2,",E",3.0,",E",0.0,",E",0.0,",E",0.0,",E",0.0,",E",0.0,",E",30.0,",E",0.0,",E",19160601.0,",,E",19160620.0,",,E",19160628.0,",,E",12.0,",E,01,",2.0,",,E,20,",31.0,",E,28,",,,1.2,",E",4.0,",,,E",2.0100000000000002,",E",2.383,",,,E",1.637,",,,E"
AGE00147716,1916-07-01,35.1,-1.85,83.0,"NEMOURS GHAZAOUET, AG",,,121.0,"4,E",1.0,"2,E",0.0,"2,E",0.0,"2,E",0.0,"2,E",0.0,"2,E",0.0,"2,E",29.0,"2,E",0.0,"2,E",19160705.0,"+,2,E",19160718.0,",2,E",19160708.0,",2,E",16.0,"2,E,05,+",1.0,"2,,E,18,",30.0,"2,E,08,",0.0,E,0.0,"2,E",1.0,"2,,,E",2.29,"4,E",2.641,"2,,,E",1.938,"2,,,E"
AGE00147716,1916-09-01,35.1,-1.85,83.0,"NEMOURS GHAZAOUET, AG",,,98.8,",E",2.0,",E",0.0,",E",0.0,",E",0.0,",E",0.0,",E",0.0,",E",30.0,",E",0.0,",E",19160924.0,",,E",19160916.0,",,E",19160902.0,",,E",13.0,",E,24,",1.5,",,E,16,",31.0,",E,02,",,,0.3,",E",2.0,",,,E",2.162,",E",2.587,",,,E",1.737,",,,E"
AGE00147716,1916-11-01,35.1,-1.85,83.0,"NEMOURS GHAZAOUET, AG",,,1.2,",E",10.0,",E",8.0,",E",1.0,",E",0.0,",E",0.0,",E",0.0,",E",4.0,",E",0.0,",E",19161111.0,",,E",19161122.0,",,E",19161116.0,"+,,E",6.0,",E,11,",30.0,",,E,22,",23.0,",E,16,+",,,92.2,",E",101.2,",,,E",1.53,",E",1.9300000000000002,",,,E",1.1300000000000001,",,,E"
AGE00147716,1916-12-01,35.1,-1.85,83.0,"NEMOURS GHAZAOUET, AG",,,0.7,"3,E",5.0,"1,E",4.0,"1,E",0.0,"1,E",0.0,"2,E",0.0,"2,E",0.0,"2,E",3.0,"2,E",0.0,"2,E",19161210.0,"+,2,E",19161227.0,",1,E",19161219.0,",2,E",2.0,"2,E,10,+",20.0,"1,,E,27,",24.0,"2,E,19,",,,150.0,"2,E",51.2,"1,,,E",1.295,"3,E",1.7449999999999999,"2,,,E",0.845,"2,,,E"
AGE00147716,1917-01-01,35.1,-1.85,83.0,"NEMOURS GHAZAOUET, AG",0.0,E,0.0,"1,E",13.0,",E",10.0,",E",0.0,",E",0.0,",E",0.0,",E",0.0,"1,E",0.0,"1,E",0.0,"1,E",19170125.0,",,E",19170116.0,",,E",19170128.0,"+,1,E",3.0,",E,25,",23.0,",,E,16,",18.0,"1,E,28,+",,,198.0,"1,E",136.8,",,,E",1.181,"1,E",1.6,"1,,,E",0.761,",,,E"
AGE00147716,1917-02-01,35.1,-1.85,83.0,"NEMOURS GHAZAOUET, AG",0.0,E,0.0,"3,E",7.0,"2,E",6.0,"2,E",2.0,"2,E",0.0,"2,E",0.0,"2,E",0.0,"2,E",0.0,"2,E",0.0,"2,E",19170208.0,",2,E",19170202.0,",2,E",19170215.0,",2,E",2.0,"2,E,08,",54.0,"2,,E,02,",20.0,"2,E,15,",,,193.3,"2,E",118.2,"2,,,E",1.0630000000000002,"3,E",1.6309999999999998,"2,,,E",0.496,"2,,,E"
AGE00147716,1917-03-01,35.1,-1.85,83.0,"NEMOURS GHAZAOUET, AG",0.0,E,0.0,",E",13.0,",E",9.0,",E",0.0,",E",0.0,",E",1.0,",E",0.0,",E",0.0,",E",0.0,",E",19170326.0,",,E",19170301.0,",,E",19170314.0,",,E",0.0,",E,26,",11.7,",,E,01,",19.0,",E,14,",,,228.8,",E",68.0,",,,E",1.095,",E",1.597,",,,E",0.5940000000000001,",,,E"
AGE00147716,1917-04-01,35.1,-1.85,83.0,"NEMOURS GHAZAOUET, AG",0.0,E,0.0,",E",6.0,",E",3.0,",E",0.0,",E",0.0,",E",0.0,",E",0.0,",E",0.0,",E",0.0,",E",19170425.0,"+,,E",19170413.0,",,E",19170408.0,",,E",5.0,",E,25,+",9.0,",,E,13,",21.0,",E,08,",,,168.5,",E",25.2,",,,E",1.272,",E",1.707,",,,E",0.837,",,,E"
AGE00147716,1917-07-01,35.1,-1.85,83.0,"NEMOURS GHAZAOUET, AG",,,120.2,",E",0.0,",E",0.0,",E",0.0,",E",0.0,",E",0.0,",E",0.0,",E",31.0,",E",0.0,",E",19170718.0,",,E",19170731.0,"+,,E",19170730.0,",,E",10.0,",E,18,",0.0,",,E,31,+",32.0,",E,30,",0.0,E,0.0,",E",0.0,",,,E",2.221,",E",2.787,",,,E",1.655,",,,E"
AGE00147716,1917-09-01,35.1,-1.85,83.0,"NEMOURS GHAZAOUET, AG",,,133.0,"3,E",0.0,",E",0.0,",E",0.0,",E",0.0,"1,E",0.0,"1,E",0.0,"2,E",28.0,"2,E",0.0,"2,E",19170906.0,",1,E",19170910.0,",,E",19170924.0,",2,E",13.0,"1,E,06,",0.2,",,E,10,",32.0,"2,E,24,",,,0.0,"2,E",0.2,",,,E",2.323,"3,E",2.732,"2,,,E",1.9140000000000001,"1,,,E"
AGE00147716,1917-10-01,35.1,-1.85,83.0,"NEMOURS GHAZAOUET, AG",,,38.8,"1,E",3.0,",E",2.0,",E",0.0,",E",0.0,",E",0.0,",E",0.0,"1,E",17.0,"1,E",0.0,"1,E",19171030.0,",,E",19171020.0,",,E",19171001.0,",1,E",7.0,",E,30,",6.2,",,E,20,",28.0,"1,E,01,",,,25.3,"1,E",10.8,",,,E",1.8719999999999999,"1,E",2.25,"1,,,E",1.494,",,,E"
AGE00147716,1917-12-01,35.1,-1.85,83.0,"NEMOURS GHAZAOUET, AG",,,0.0,",E",9.0,",E",6.0,",E",1.0,",E",0.0,",E",0.0,",E",0.0,",E",0.0,",E",0.0,",E",19171229.0,",,E",19171210.0,",,E",19171222.0,",,E",2.0,",E,29,",26.5,",,E,10,",20.0,",E,22,",,,236.3,",E",79.6,",,,E",1.0710000000000002,",E",1.49,",,,E",0.6519999999999999,",,,E"
AGE00147716,1919-01-01,35.1,-1.85,83.0,"NEMOURS GHAZAOUET, AG",0.0,E,0.0,",E",11.0,",E",9.0,",E",1.0,",E",0.0,",E",1.0,",E",0.0,",E",0.0,",E",0.0,",E",19190127.0,",,E",19190124.0,",,E",19190104.0,",,E",-1.0,",E,27,",39.0,",,E,24,",20.0,",E,04,",,,211.3,",E",92.1,",,,E",1.152,",E",1.577,",,,E",0.726,",,,E"
AGE00147716,1919-02-01,35.1,-1.85,83.0,"NEMOURS GHAZAOUET, AG",0.0,E,0.0,",E",8.0,",E",5.0,",E",0.0,",E",0.0,",E",0.0,",E",0.0,",E",3.0,",E",0.0,",E",19190213.0,",,E",19190226.0,",,E",19190213.0,",,E",3.0,",E,13,",9.6,",,E,26,",25.0,",E,13,",,,115.3,",E",38.3,",,,E",1.421,",E",1.904,",,,E",0.9390000000000001,",,,E"
AGE00147716,1919-10-01,35.1,-1.85,83.0,"NEMOURS GHAZAOUET, AG",,,,,7.0,"4,E",3.0,"4,E",0.0,"4,E",0.0,"5,E",0.0,"5,E",0.0,"5,E",23.0,"5,E",0.0,"5,E",19191029.0,"+,5,E",19191015.0,",4,E",19191012.0,",5,E",10.0,"5,E,29,+",8.7,"4,,E,15,",26.0,"5,E,12,",,,,,24.4,"4,,,E",1.8519999999999999,"9,E",2.3,"5,,,E",1.404,"5,,,E"
AGE00147716,1920-08-01,35.1,-1.85,83.0,"NEMOURS GHAZAOUET, AG",,,216.3,"2,E",0.0,",E",0.0,",E",0.0,",E",0.0,",E",0.0,",E",0.0,"2,E",29.0,"2,E",3.0,"2,E",19200804.0,",,E",19200831.0,"+,,E",19200806.0,",2,E",15.0,",E,04,",0.0,",,E,31,+",35.0,"2,E,06,",,,0.0,"2,E",0.0,",,,E",2.581,"2,E",2.962,"2,,,E",2.2,",,,E"
AGE00147716,1920-12-01,35.1,-1.85,83.0,"NEMOURS GHAZAOUET, AG",,,0.0,"2,E",9.0,",E",7.0,",E",0.0,",E",0.0,",E",0.0,",E",0.0,"2,E",2.0,"2,E",0.0,"2,E",19201221.0,"+,,E",19201219.0,",,E",19201230.0,",2,E",5.0,",E,21,+",16.5,",,E,19,",24.0,"2,E,30,",,,149.2,"2,E",45.7,",,,E",1.319,"2,E",1.7280000000000002,"2,,,E",0.9099999999999999,",,,E"
AGE00147716,1921-01-01,35.1,-1.85,83.0,"NEMOURS GHAZAOUET, AG",0.0,E,0.0,",E",3.0,",E",3.0,",E",0.0,",E",0.0,",E",0.0,",E",0.0,",E",0.0,",E",0.0,",E",19210124.0,"+,,E",19210131.0,",,E",19210113.0,"+,,E",5.0,",E,24,+",19.9,",,E,31,",20.0,",E,13,+",,,194.8,",E",27.9,",,,E",1.205,",E",1.677,",,,E",0.732,",,,E"
AGE00147716,1921-02-01,35.1,-1.85,83.0,"NEMOURS GHAZAOUET, AG",0.0,E,0.0,"3,E",7.0,"2,E",4.0,"2,E",0.0,"2,E",0.0,"2,E",0.0,"2,E",0.0,"2,E",0.0,"2,E",0.0,"2,E",19210208.0,",2,E",19210223.0,",2,E",19210204.0,"+,2,E",4.0,"2,E,08,",19.0,"2,,E,23,",21.0,"2,E,04,+",,,137.3,"2,E",46.8,"2,,,E",1.283,"3,E",1.6649999999999998,"2,,,E",0.9,"2,,,E"
AGE00147716,1921-03-01,35.1,-1.85,83.0,"NEMOURS GHAZAOUET, AG",0.0,E,0.0,"5,E",7.0,"2,E",6.0,"2,E",0.0,"2,E",0.0,"3,E",0.0,"3,E",0.0,"3,E",0.0,"3,E",0.0,"3,E",19210310.0,",3,E",19210330.0,",2,E",19210329.0,"+,3,E",5.0,"3,E,10,",17.0,"2,,E,30,",19.0,"3,E,29,+",,,135.7,"3,E",47.0,"2,,,E",1.314,"5,E",1.761,"3,,,E",0.868,"3,,,E"
AGE00147716,1921-05-01,35.1,-1.85,83.0,"NEMOURS GHAZAOUET, AG",,,4.5,",E",10.0,",E",7.0,",E",2.0,",E",0.0,",E",0.0,",E",0.0,",E",18.0,",E",0.0,",E",19210507.0,"+,,E",19210519.0,",,E",19210504.0,",,E",10.0,",E,07,+",72.0,",,E,19,",26.0,",E,04,",,,27.3,",E",153.0,",,,E",1.7600000000000002,",E",2.177,",,,E",1.342,",,,E"
AGE00147716,1921-06-01,35.1,-1.85,83.0,"NEMOURS GHAZAOUET, AG",,,71.3,"4,E",2.0,"2,E",1.0,"2,E",0.0,"2,E",0.0,"2,E",0.0,"2,E",0.0,"2,E",28.0,"2,E",0.0,"2,E",19210606.0,"+,2,E",19210605.0,",2,E",19210620.0,",2,E",13.0,"2,E,06,+",21.0,"2,,E,05,",31.0,"2,E,20,",,,1.0,"2,E",23.0,"2,,,E",2.109,"4,E",2.564,"2,,,E",1.654,"2,,,E"
AGE00147716,1921-07-01,35.1,-1.85,83.0,"NEMOURS GHAZAOUET, AG",,,,,0.0,"3,E",0.0,"3,E",0.0,"3,E",0.0,"3,E",0.0,"3,E",0.0,"3,E",28.0,"3,E",0.0,"3,E",19210715.0,"+,3,E",19210731.0,"+,3,E",19210729.0,",3,E",17.0,"3,E,15,+",0.0,"3,,E,31,+",32.0,"3,E,29,",,,,,0.0,"3,,,E",2.425,"6,E",2.8,"3,,,E",2.05,"3,,,E"
AGE00147716,1921-08-01,35.1,-1.85,83.0,"NEMOURS GHAZAOUET, AG",,,168.2,",E",0.0,",E",0.0,",E",0.0,",E",0.0,",E",0.0,",E",0.0,",E",31.0,",E",3.0,",E",19210816.0,",,E",19210831.0,"+,,E",19210803.0,"+,,E",14.0,",E,16,",0.0,",,E,31,+",34.0,",E,03,+",,,0.0,",E",0.0,",,,E",2.3760000000000003,",E",2.852,",,,E",1.9,",,,E"
AGE00147716,1921-09-01,35.1,-1.85,83.0,"NEMOURS GHAZAOUET, AG",,,121.8,"1,E",3.0,",E",1.0,",E",0.0,",E",0.0,"1,E",0.0,"1,E",0.0,",E",30.0,",E",3.0,",E",19210929.0,",1,E",19210910.0,",,E",19210922.0,",,E",14.0,"1,E,29,",2.5,",,E,10,",36.0,",E,22,",,,0.0,",E",5.5,",,,E",2.252,"1,E",2.69,",,,E",1.814,"1,,,E"
AGE00147716,1921-11-01,35.1,-1.85,83.0,"NEMOURS GHAZAOUET, AG",,,0.0,"3,E",11.0,"1,E",8.0,"1,E",3.0,"1,E",0.0,"2,E",0.0,"2,E",0.0,"1,E",3.0,"1,E",0.0,"1,E",19211130.0,"+,2,E",19211118.0,"+,1,E",19211104.0,",1,E",8.0,"2,E,30,+",31.0,"1,,E,18,+",23.0,"1,E,04,",,,94.0,"1,E",134.9,"1,,,E",1.489,"3,E",1.9100000000000001,"1,,,E",1.068,"2,,,E"
AGE00147716,1921-12-01,35.1,-1.85,83.0,"NEMOURS GHAZAOUET, AG",,,0.0,"2,E",8.0,",E",6.0,",E",0.0,",E",0.0,"2,E",0.0,"2,E",0.0,",E",1.0,",E",0.0,",E",19211226.0,",2,E",19211203.0,",,E",19211201.0,",,E",4.0,"2,E,26,",23.0,",,E,03,",22.0,",E,01,",,,182.2,",E",63.5,",,,E",1.207,"2,E",1.684,",,,E",0.731,"2,,,E"
AGE00147716,1922-02-01,35.1,-1.85,83.0,"NEMOURS GHAZAOUET, AG",,,0.0,"1,E",6.0,",E",5.0,",E",0.0,",E",0.0,"1,E",0.0,"1,E",0.0,",E",2.0,",E",0.0,",E",19220218.0,"+,1,E",19220206.0,",,E",19220228.0,"+,,E",6.0,"1,E,18,+",20.0,",,E,06,",22.0,",E,28,+",,,136.5,",E",58.5,",,,E",1.3279999999999998,"1,E",1.782,",,,E",0.874,"1,,,E"
AGE00147716,1922-07-01,35.1,-1.85,83.0,"NEMOURS GHAZAOUET, AG",,,116.2,"3,E",0.0,",E",0.0,",E",0.0,",E",0.0,"1,E",0.0,"1,E",0.0,"3,E",28.0,"3,E",0.0,"3,E",19220728.0,"+,1,E",19220731.0,"+,,E",19220723.0,"+,3,E",16.0,"1,E,28,+",0.0,",,E,31,+",28.0,"3,E,23,+",0.0,E,0.0,"3,E",0.0,",,,E",2.252,"3,E",2.55,"3,,,E",1.953,"1,,,E"
AGE00147716,1922-09-01,35.1,-1.85,83.0,"NEMOURS GHAZAOUET, AG",,,22.3,"4,E",1.0,",E",1.0,",E",0.0,",E",0.0,"3,E",0.0,"3,E",0.0,"1,E",25.0,"1,E",0.0,"1,E",19220930.0,"+,3,E",19220909.0,",,E",19220904.0,",1,E",12.0,"3,E,30,+",5.7,",,E,09,",25.0,"1,E,04,",,,5.5,"1,E",5.7,",,,E",1.8989999999999998,"4,E",2.234,"1,,,E",1.5630000000000002,"3,,,E"
AGE00147716,1922-10-01,35.1,-1.85,83.0,"NEMOURS GHAZAOUET, AG",,,3.0,"4,E",10.0,",E",6.0,",E",0.0,",E",0.0,"1,E",0.0,"1,E",0.0,"3,E",9.0,"3,E",0.0,"3,E",19221030.0,"+,1,E",19221014.0,",,E",19221020.0,",3,E",10.0,"1,E,30,+",13.1,",,E,14,",26.0,"3,E,20,",,,40.5,"3,E",53.9,",,,E",1.6969999999999998,"4,E",2.061,"3,,,E",1.333,"1,,,E"
AGE00147716,1922-11-01,35.1,-1.85,83.0,"NEMOURS GHAZAOUET, AG",,,0.3,"3,E",5.0,",E",2.0,",E",1.0,",E",0.0,"3,E",0.0,"3,E",0.0,"2,E",0.0,"2,E",0.0,"2,E",19221130.0,",3,E",19221112.0,",,E",19221103.0,"+,2,E",4.0,"3,E,30,",29.0,",,E,12,",21.0,"2,E,03,+",,,130.8,"2,E",36.7,",,,E",1.35,"3,E",1.7,"2,,,E",1.0,"3,,,E"
AGE00147716,1922-12-01,35.1,-1.85,83.0,"NEMOURS GHAZAOUET, AG",,,0.0,",E",5.0,",E",3.0,",E",0.0,",E",0.0,",E",0.0,",E",0.0,",E",0.0,",E",0.0,",E",19221230.0,"+,,E",19221202.0,",,E",19221220.0,",,E",3.0,",E,30,+",16.4,",,E,02,",21.0,",E,20,",,,246.8,",E",46.8,",,,E",1.037,",E",1.4060000000000001,",,,E",0.6679999999999999,",,,E"
AGE00147716,1923-01-01,35.1,-1.85,83.0,"NEMOURS GHAZAOUET, AG",0.0,E,0.0,",E",12.0,",E",8.0,",E",1.0,",E",0.0,",E",0.0,",E",0.0,",E",0.0,",E",0.0,",E",19230122.0,"+,,E",19230112.0,",,E",19230101.0,",,E",1.0,",E,22,+",25.4,",,E,12,",17.0,",E,01,",,,304.3,",E",94.2,",,,E",0.852,",E",1.194,",,,E",0.51,",,,E"
AGE00147716,1923-02-01,35.1,-1.85,83.0,"NEMOURS GHAZAOUET, AG",0.0,E,0.0,"1,E",4.0,",E",2.0,",E",1.0,",E",0.0,"1,E",0.0,"1,E",0.0,",E",0.0,",E",0.0,",E",19230214.0,",1,E",19230219.0,",,E",19230223.0,",,E",1.0,"1,E,14,",40.0,",,E,19,",19.0,",E,23,",,,217.5,",E",58.0,",,,E",1.028,"1,E",1.504,",,,E",0.5519999999999999,"1,,,E"
AGE00147716,1923-03-01,35.1,-1.85,83.0,"NEMOURS GHAZAOUET, AG",,,,,5.0,"1,E",4.0,"1,E",0.0,"1,E",0.0,"4,E",0.0,"4,E",0.0,"3,E",0.0,"3,E",0.0,"3,E",19230308.0,"+,4,E",19230316.0,",1,E",19230320.0,"+,3,E",1.0,"4,E,08,+",11.0,"1,,E,16,",19.0,"3,E,20,+",,,,,30.3,"1,,,E",1.131,"7,E",1.625,"3,,,E",0.637,"4,,,E"
AGE00147716,1923-06-01,35.1,-1.85,83.0,"NEMOURS GHAZAOUET, AG",,,7.3,"4,E",3.0,",E",3.0,",E",0.0,",E",0.0,",E",0.0,",E",0.0,"4,E",5.0,"4,E",0.0,"4,E",19230612.0,"+,,E",19230601.0,",,E",19230624.0,"+,4,E",12.0,",E,12,+",10.4,",,E,01,",22.0,"4,E,24,+",,,26.5,"4,E",20.0,",,,E",1.7760000000000002,"4,E",2.058,"4,,,E",1.4929999999999999,",,,E"
AGE00147716,1923-10-01,35.1,-1.85,83.0,"NEMOURS GHAZAOUET, AG",,,,,4.0,"1,E",3.0,"1,E",0.0,"1,E",0.0,"2,E",0.0,"2,E",0.0,"5,E",11.0,"5,E",0.0,"5,E",19231031.0,",2,E",19231027.0,",1,E",19231020.0,"+,5,E",11.0,"2,E,31,",14.8,"1,,E,27,",24.0,"5,E,20,+",,,,,29.5,"1,,,E",1.813,"6,E",2.112,"5,,,E",1.514,"2,,,E"
AGE00147716,1923-11-01,35.1,-1.85,83.0,"NEMOURS GHAZAOUET, AG",,,0.0,"1,E",8.0,",E",7.0,",E",2.0,",E",0.0,",E",0.0,",E",0.0,"1,E",1.0,"1,E",0.0,"1,E",19231124.0,"+,,E",19231103.0,",,E",19231127.0,",1,E",8.0,",E,24,+",43.9,",,E,03,",23.0,"1,E,27,",,,125.7,"1,E",113.8,",,,E",1.395,"1,E",1.693,"1,,,E",1.097,",,,E"
AGE00147716,1924-01-01,35.1,-1.85,83.0,"NEMOURS GHAZAOUET, AG",0.0,E,0.0,"5,E",7.0,",E",7.0,",E",0.0,",E",0.0,"2,E",0.0,"2,E",0.0,"4,E",1.0,"4,E",0.0,"4,E",19240131.0,",2,E",19240123.0,",,E",19240115.0,",4,E",4.0,"2,E,31,",20.4,",,E,23,",23.0,"4,E,15,",,,184.7,"4,E",72.4,",,,E",1.119,"5,E",1.415,"4,,,E",0.8240000000000001,"2,,,E"
AGE00147716,1925-08-01,35.1,-1.85,83.0,"NEMOURS GHAZAOUET, AG",,,170.8,"5,E",1.0,"2,E",0.0,"2,E",0.0,"2,E",0.0,"3,E",0.0,"3,E",0.0,"2,E",29.0,"2,E",2.0,"2,E",19250831.0,"+,3,E",19250810.0,",2,E",19250820.0,"+,2,E",17.0,"3,E,31,+",0.4,"2,,E,10,",33.0,"2,E,20,+",,,0.0,"2,E",0.4,"2,,,E",2.489,"5,E",2.924,"2,,,E",2.054,"3,,,E"
AGE00147716,1925-12-01,35.1,-1.85,83.0,"NEMOURS GHAZAOUET, AG",,,2.7,"2,E",3.0,"1,E",3.0,"1,E",0.0,"1,E",0.0,"1,E",0.0,"1,E",0.0,"1,E",13.0,"1,E",0.0,"1,E",19251218.0,"+,1,E",19251214.0,",1,E",19251222.0,",1,E",2.0,"1,E,18,+",14.0,"1,,E,14,",26.0,"1,E,22,",,,126.8,"1,E",25.7,"1,,,E",1.407,"2,E",2.053,"1,,,E",0.76,"1,,,E"
AGE00147716,1926-04-01,35.1,-1.85,83.0,"NEMOURS GHAZAOUET, AG",,,0.0,",E",5.0,",E",5.0,",E",1.0,",E",0.0,",E",0.0,",E",0.0,",E",8.0,",E",0.0,",E",19260418.0,"+,,E",19260429.0,",,E",19260404.0,",,E",7.0,",E,18,+",25.6,",,E,29,",28.0,",E,04,",,,104.0,",E",48.9,",,,E",1.4869999999999999,",E",2.0469999999999997,",,,E",0.9269999999999999,",,,E"
AGE00147716,1926-05-01,35.1,-1.85,83.0,"NEMOURS GHAZAOUET, AG",,,4.3,"2,E",2.0,",E",1.0,",E",0.0,",E",0.0,",E",0.0,",E",0.0,"2,E",12.0,"2,E",0.0,"2,E",19260519.0,",,E",19260509.0,",,E",19260530.0,",2,E",7.0,",E,19,",4.0,",,E,09,",28.0,"2,E,30,",,,65.5,"2,E",6.2,",,,E",1.613,"2,E",2.145,"2,,,E",1.081,",,,E"
AGE00147716,1926-06-01,35.1,-1.85,83.0,"NEMOURS GHAZAOUET, AG",,,33.5,"4,E",0.0,"1,E",0.0,"1,E",0.0,"1,E",0.0,"1,E",0.0,"1,E",0.0,"3,E",23.0,"3,E",0.0,"3,E",19260622.0,"+,1,E",19260630.0,"+,1,E",19260612.0,"+,3,E",12.0,"1,E,22,+",0.0,"1,,E,30,+",28.0,"3,E,12,+",,,3.2,"3,E",0.0,"1,,,E",1.957,"4,E",2.444,"3,,,E",1.4689999999999999,"1,,,E"
AGE00147716,1926-08-01,35.1,-1.85,83.0,"NEMOURS GHAZAOUET, AG",,,135.2,",E",3.0,",E",2.0,",E",0.0,",E",0.0,",E",0.0,",E",0.0,",E",31.0,",E",0.0,",E",19260809.0,"+,,E",19260831.0,",,E",19260803.0,",,E",13.0,",E,09,+",20.7,",,E,31,",30.0,",E,03,",,,0.0,",E",25.4,",,,E",2.269,",E",2.723,",,,E",1.816,",,,E"
AGE00147716,1926-09-01,35.1,-1.85,83.0,"NEMOURS GHAZAOUET, AG",,,110.3,"1,E",0.0,",E",0.0,",E",0.0,",E",0.0,",E",0.0,",E",0.0,"1,E",29.0,"1,E",0.0,"1,E",19260928.0,",,E",19260930.0,"+,,E",19260905.0,"+,1,E",13.0,",E,28,",0.0,",,E,30,+",30.0,"1,E,05,+",,,0.0,"1,E",0.0,",,,E",2.212,"1,E",2.714,"1,,,E",1.7100000000000002,",,,E"
AGE00147716,1926-11-01,35.1,-1.85,83.0,"NEMOURS GHAZAOUET, AG",,,,,10.0,"3,E",10.0,"3,E",0.0,"3,E",0.0,"3,E",0.0,"3,E",0.0,"4,E",1.0,"4,E",0.0,"4,E",19261128.0,"+,3,E",19261124.0,"+,3,E",19261107.0,",4,E",8.0,"3,E,28,+",15.0,"3,,E,24,+",23.0,"4,E,07,",,,,,87.4,"3,,,E",1.418,"6,E",1.6920000000000002,"4,,,E",1.144,"3,,,E"
AGE00147716,1926-12-01,35.1,-1.85,83.0,"NEMOURS GHAZAOUET, AG",,,0.0,"4,E",7.0,",E",7.0,",E",0.0,",E",0.0,"2,E",1.0,"2,E",0.0,"2,E",0.0,"2,E",0.0,"2,E",19261228.0,",2,E",19261222.0,",,E",19261220.0,",2,E",0.0,"2,E,28,",14.6,",,E,22,",19.0,"2,E,20,",,,204.0,"2,E",56.9,",,,E",1.084,"4,E",1.372,"2,,,E",0.7969999999999999,"2,,,E"
AGE00147716,1927-02-01,35.1,-1.85,83.0,"NEMOURS GHAZAOUET, AG",,,0.0,"1,E",9.0,",E",6.0,",E",0.0,",E",0.0,",E",0.0,",E",0.0,"1,E",0.0,"1,E",0.0,"1,E",19270218.0,"+,,E",19270207.0,",,E",19270228.0,"+,1,E",5.0,",E,18,+",8.9,",,E,07,",19.0,"1,E,28,+",,,188.0,"1,E",42.3,",,,E",1.137,"1,E",1.448,"1,,,E",0.825,",,,E"
AGE00147716,1927-03-01,35.1,-1.85,83.0,"NEMOURS GHAZAOUET, AG",,,,,4.0,"2,E",4.0,"2,E",0.0,"2,E",0.0,"3,E",0.0,"3,E",0.0,"4,E",0.0,"4,E",0.0,"4,E",19270314.0,",3,E",19270306.0,",2,E",19270324.0,",4,E",4.0,"3,E,14,",9.2,"2,,E,06,",19.0,"4,E,24,",,,,,20.5,"2,,,E",1.2269999999999999,"7,E",1.496,"4,,,E",0.9570000000000001,"3,,,E"
AGE00147716,1927-04-01,35.1,-1.85,83.0,"NEMOURS GHAZAOUET, AG",,,,,1.0,"4,E",1.0,"4,E",0.0,"4,E",0.0,"4,E",0.0,"4,E",0.0,"4,E",4.0,"4,E",0.0,"4,E",19270420.0,",4,E",19270411.0,",4,E",19270426.0,",4,E",6.0,"4,E,20,",2.6,"4,,E,11,",24.0,"4,E,26,",,,,,2.6,"4,,,E",1.471,"6,E",1.8190000000000002,"4,,,E",1.123,"4,,,E"
AGE00147716,1927-09-01,35.1,-1.85,83.0,"NEMOURS GHAZAOUET, AG",,,87.5,"2,E",4.0,"1,E",1.0,"1,E",0.0,"1,E",0.0,"1,E",0.0,"1,E",0.0,"1,E",27.0,"1,E",0.0,"1,E",19270930.0,"+,1,E",19270908.0,",1,E",19270903.0,",1,E",12.0,"1,E,30,+",9.2,"1,,E,08,",31.0,"1,E,03,",,,3.8,"1,E",11.9,"1,,,E",2.133,"2,E",2.459,"1,,,E",1.807,"1,,,E"
AGE00147716,1927-12-01,35.1,-1.85,83.0,"NEMOURS GHAZAOUET, AG",,,0.0,"3,E",11.0,"1,E",6.0,"1,E",0.0,"1,E",0.0,"1,E",0.0,"1,E",0.0,"2,E",1.0,"2,E",0.0,"2,E",19271228.0,",1,E",19271228.0,",1,E",19271224.0,",2,E",4.0,"1,E,28,",20.0,"1,,E,28,",22.0,"2,E,24,",,,119.3,"2,E",64.1,"1,,,E",1.394,"3,E",1.734,"2,,,E",1.053,"1,,,E"
AGE00147716,1928-03-01,35.1,-1.85,83.0,"NEMOURS GHAZAOUET, AG",,,1.2,"1,E",7.0,",E",4.0,",E",0.0,",E",0.0,",E",0.0,",E",0.0,"1,E",4.0,"1,E",0.0,"1,E",19280315.0,",,E",19280309.0,",,E",19280324.0,",1,E",6.0,",E,15,",5.8,",,E,09,",25.0,"1,E,24,",,,134.2,"1,E",21.1,",,,E",1.3900000000000001,"1,E",1.7600000000000002,"1,,,E",1.019,",,,E"
AGE00147716,1928-08-01,35.1,-1.85,83.0,"NEMOURS GHAZAOUET, AG",,,177.3,"2,E",1.0,"1,E",0.0,"1,E",0.0,"1,E",0.0,"1,E",0.0,"1,E",0.0,"1,E",30.0,"1,E",1.0,"1,E",19280823.0,",1,E",19280827.0,",1,E",19280815.0,",1,E",12.0,"1,E,23,",0.9,"1,,E,27,",37.0,"1,E,15,",,,0.0,"1,E",0.9,"1,,,E",2.45,"2,E",2.963,"1,,,E",1.937,"1,,,E"
AGE00147716,1928-09-01,35.1,-1.85,83.0,"NEMOURS GHAZAOUET, AG",,,128.0,",E",5.0,",E",2.0,",E",2.0,",E",0.0,",E",0.0,",E",0.0,",E",30.0,",E",0.0,",E",19280925.0,"+,,E",19280913.0,",,E",19280929.0,",,E",16.0,",E,25,+",30.4,",,E,13,",31.0,",E,29,",,,0.0,",E",64.2,",,,E",2.2600000000000002,",E",2.63,",,,E",1.89,",,,E"
AGE00147716,1928-10-01,35.1,-1.85,83.0,"NEMOURS GHAZAOUET, AG",,,23.7,"2,E",5.0,"1,E",4.0,"1,E",2.0,"1,E",0.0,"1,E",0.0,"1,E",0.0,"1,E",16.0,"1,E",0.0,"1,E",19281028.0,",1,E",19281030.0,",1,E",19281013.0,"+,1,E",10.0,"1,E,28,",46.6,"1,,E,30,",25.0,"1,E,13,+",,,21.3,"1,E",102.2,"1,,,E",1.825,"2,E",2.1670000000000003,"1,,,E",1.483,"1,,,E"
AGE00147716,1928-12-01,35.1,-1.85,83.0,"NEMOURS GHAZAOUET, AG",,,0.0,"4,E",4.0,"1,E",4.0,"1,E",2.0,"1,E",0.0,"2,E",0.0,"2,E",0.0,"2,E",0.0,"2,E",0.0,"2,E",19281220.0,"+,2,E",19281222.0,",1,E",19281202.0,",2,E",2.0,"2,E,20,+",60.0,"1,,E,22,",19.0,"2,E,02,",,,205.5,"2,E",107.6,"1,,,E",1.0779999999999998,"4,E",1.528,"2,,,E",0.628,"2,,,E"
AGE00147716,1929-01-01,35.1,-1.85,83.0,"NEMOURS GHAZAOUET, AG",,,,,4.0,"3,E",2.0,"3,E",0.0,"3,E",0.0,"3,E",0.0,"3,E",0.0,"3,E",0.0,"3,E",0.0,"3,E",19290109.0,"+,3,E",19290127.0,",3,E",19290128.0,",3,E",3.0,"3,E,09,+",4.6,"3,,E,27,",18.0,"3,E,28,",,,,,10.8,"3,,,E",1.0699999999999998,"6,E",1.3820000000000001,"3,,,E",0.757,"3,,,E"
AGE00147716,1929-02-01,35.1,-1.85,83.0,"NEMOURS GHAZAOUET, AG",,,0.0,",E",5.0,",E",5.0,",E",0.0,",E",0.0,",E",0.0,",E",0.0,",E",1.0,",E",0.0,",E",19290208.0,",,E",19290204.0,",,E",19290223.0,",,E",5.0,",E,08,",18.0,",,E,04,",24.0,",E,23,",,,157.3,",E",44.0,",,,E",1.2710000000000001,",E",1.6460000000000001,",,,E",0.8960000000000001,",,,E"
AGE00147716,1929-04-01,35.1,-1.85,83.0,"NEMOURS GHAZAOUET, AG",,,4.2,",E",5.0,",E",3.0,",E",0.0,",E",0.0,",E",0.0,",E",0.0,",E",3.0,",E",0.0,",E",19290408.0,"+,,E",19290404.0,",,E",19290420.0,",,E",7.0,",E,08,+",7.2,",,E,04,",32.0,",E,20,",,,106.7,",E",17.0,",,,E",1.492,",E",1.9100000000000001,",,,E",1.073,",,,E"
AGE00147716,1929-05-01,35.1,-1.85,83.0,"NEMOURS GHAZAOUET, AG",,,2.5,"2,E",3.0,",E",2.0,",E",1.0,",E",0.0,"1,E",0.0,"1,E",0.0,"1,E",17.0,"1,E",0.0,"1,E",19290502.0,",1,E",19290525.0,",,E",19290531.0,",1,E",7.0,"1,E,02,",55.0,",,E,25,",25.0,"1,E,31,",,,42.7,"1,E",66.8,",,,E",1.693,"2,E",2.1670000000000003,"1,,,E",1.22,"1,,,E"
AGE00147716,1929-08-01,35.1,-1.85,83.0,"NEMOURS GHAZAOUET, AG",,,173.2,",E",0.0,",E",0.0,",E",0.0,",E",0.0,",E",0.0,",E",0.0,",E",31.0,",E",0.0,",E",19290825.0,"+,,E",19290831.0,"+,,E",19290802.0,",,E",16.0,",E,25,+",0.0,",,E,31,+",32.0,",E,02,",,,0.0,",E",0.0,",,,E",2.3920000000000003,",E",2.871,",,,E",1.9129999999999998,",,,E"
AGE00147716,1929-09-01,35.1,-1.85,83.0,"NEMOURS GHAZAOUET, AG",,,122.8,"1,E",9.0,",E",7.0,",E",0.0,",E",0.0,",E",0.0,",E",0.0,"1,E",29.0,"1,E",0.0,"1,E",19290928.0,",,E",19290924.0,",,E",19290915.0,"+,1,E",13.0,",E,28,",13.4,",,E,24,",30.0,"1,E,15,+",,,0.0,"1,E",62.5,",,,E",2.252,"1,E",2.645,"1,,,E",1.86,",,,E"
AGE00147716,1929-11-01,35.1,-1.85,83.0,"NEMOURS GHAZAOUET, AG",,,0.0,"3,E",7.0,"2,E",7.0,"2,E",0.0,"2,E",0.0,"2,E",0.0,"2,E",0.0,"2,E",4.0,"2,E",0.0,"2,E",19291128.0,"+,2,E",19291111.0,",2,E",19291129.0,",2,E",6.0,"2,E,28,+",24.0,"2,,E,11,",24.0,"2,E,29,",,,106.0,"2,E",81.4,"2,,,E",1.432,"3,E",1.8820000000000001,"2,,,E",0.982,"2,,,E"
AGE00147716,1929-12-01,35.1,-1.85,83.0,"NEMOURS GHAZAOUET, AG",,,0.0,",E",0.0,",E",0.0,",E",0.0,",E",0.0,",E",0.0,",E",0.0,",E",0.0,",E",0.0,",E",19291228.0,"+,,E",19291231.0,"+,,E",19291207.0,"+,,E",5.0,",E,28,+",0.0,",,E,31,+",21.0,",E,07,+",,,159.8,",E",0.0,",,,E",1.318,",E",1.781,",,,E",0.8550000000000001,",,,E"
AGE00147716,1930-01-01,35.1,-1.85,83.0,"NEMOURS GHAZAOUET, AG",,,,,10.0,"3,E",7.0,"3,E",1.0,"3,E",0.0,"4,E",0.0,"4,E",0.0,"3,E",0.0,"3,E",0.0,"3,E",19300119.0,",4,E",19300101.0,",3,E",19300117.0,"+,3,E",5.0,"4,E,19,",30.0,"3,,E,01,",20.0,"3,E,17,+",,,,,77.7,"3,,,E",1.215,"6,E",1.593,"3,,,E",0.837,"4,,,E"
AGE00147716,1930-02-01,35.1,-1.85,83.0,"NEMOURS GHAZAOUET, AG",,,0.0,"3,E",8.0,"2,E",6.0,"2,E",0.0,"2,E",0.0,"2,E",0.0,"2,E",0.0,"2,E",0.0,"2,E",0.0,"2,E",19300223.0,",2,E",19300205.0,",2,E",19300204.0,",2,E",3.0,"2,E,23,",13.0,"2,,E,05,",20.0,"2,E,04,",,,209.3,"2,E",52.5,"2,,,E",1.017,"3,E",1.415,"2,,,E",0.619,"2,,,E"
AGE00147716,1930-03-01,35.1,-1.85,83.0,"NEMOURS GHAZAOUET, AG",,,0.0,",E",0.0,",E",0.0,",E",0.0,",E",0.0,",E",0.0,",E",0.0,",E",6.0,",E",0.0,",E",19300305.0,"+,,E",19300331.0,"+,,E",19300307.0,",,E",5.0,",E,05,+",0.0,",,E,31,+",27.0,",E,07,",,,143.8,",E",0.0,",,,E",1.369,",E",1.8649999999999998,",,,E",0.874,",,,E"
AGE00147716,1930-05-01,35.1,-1.85,83.0,"NEMOURS GHAZAOUET, AG",,,9.7,",E",2.0,",E",2.0,",E",1.0,",E",0.0,",E",0.0,",E",0.0,",E",15.0,",E",0.0,",E",19300510.0,"+,,E",19300528.0,",,E",19300516.0,"+,,E",10.0,",E,10,+",36.0,",,E,28,",27.0,",E,16,+",,,36.0,",E",44.9,",,,E",1.748,",E",2.181,",,,E",1.316,",,,E"
AGE00147716,1930-06-01,35.1,-1.85,83.0,"NEMOURS GHAZAOUET, AG",,,51.5,",E",2.0,",E",1.0,",E",0.0,",E",0.0,",E",0.0,",E",0.0,",E",26.0,",E",0.0,",E",19300604.0,",,E",19300604.0,",,E",19300630.0,"+,,E",12.0,",E,04,",12.0,",,E,04,",27.0,",E,30,+",,,9.5,",E",14.0,",,,E",1.973,",E",2.393,",,,E",1.553,",,,E"
AGE00147716,1930-09-01,35.1,-1.85,83.0,"NEMOURS GHAZAOUET, AG",,,109.3,"1,E",1.0,",E",0.0,",E",0.0,",E",0.0,",E",0.0,",E",0.0,"1,E",29.0,"1,E",2.0,"1,E",19300915.0,"+,,E",19300901.0,",,E",19300910.0,"+,1,E",14.0,",E,15,+",1.4,",,E,01,",34.0,"1,E,10,+",,,0.0,"1,E",1.4,",,,E",2.2079999999999997,"1,E",2.7,"1,,,E",1.717,",,,E"
AGE00147716,1930-12-01,35.1,-1.85,83.0,"NEMOURS GHAZAOUET, AG",,,0.0,"2,E",4.0,"1,E",4.0,"1,E",1.0,"1,E",0.0,"1,E",0.0,"1,E",0.0,"1,E",1.0,"1,E",0.0,"1,E",19301225.0,"+,1,E",19301221.0,",1,E",19301207.0,",1,E",6.0,"1,E,25,+",48.0,"1,,E,21,",22.0,"1,E,07,",,,144.7,"1,E",88.7,"1,,,E",1.33,"2,E",1.723,"1,,,E",0.9369999999999999,"1,,,E"
AGE00147716,1931-01-01,35.1,-1.85,83.0,"NEMOURS GHAZAOUET, AG",0.0,E,0.0,"2,E",4.0,"1,E",4.0,"1,E",0.0,"1,E",0.0,"1,E",0.0,"1,E",0.0,"1,E",0.0,"1,E",0.0,"1,E",19310117.0,"+,1,E",19310116.0,",1,E",19310101.0,",1,E",3.0,"1,E,17,+",8.4,"1,,E,16,",20.0,"1,E,01,",,,198.7,"1,E",26.4,"1,,,E",1.133,"2,E",1.587,"1,,,E",0.6799999999999999,"1,,,E"
AGE00147716,1931-02-01,35.1,-1.85,83.0,"NEMOURS GHAZAOUET, AG",0.0,E,0.0,"4,E",7.0,"1,E",6.0,"1,E",0.0,"1,E",0.0,"2,E",0.0,"2,E",0.0,"2,E",0.0,"2,E",0.0,"2,E",19310227.0,"+,2,E",19310204.0,",1,E",19310228.0,",2,E",3.0,"2,E,27,+",4.6,"1,,E,04,",20.0,"2,E,28,",,,184.5,"2,E",24.8,"1,,,E",1.056,"4,E",1.5,"2,,,E",0.612,"2,,,E"
AGE00147716,1931-03-01,35.1,-1.85,83.0,"NEMOURS GHAZAOUET, AG",0.0,E,0.0,",E",2.0,",E",2.0,",E",0.0,",E",0.0,",E",0.0,",E",0.0,",E",6.0,",E",0.0,",E",19310328.0,"+,,E",19310314.0,",,E",19310306.0,"+,,E",7.0,",E,28,+",8.2,",,E,14,",24.0,",E,06,+",,,113.8,",E",12.2,",,,E",1.466,",E",1.9809999999999999,",,,E",0.952,",,,E"
AGE00147716,1931-04-01,35.1,-1.85,83.0,"NEMOURS GHAZAOUET, AG",0.0,E,0.0,"2,E",6.0,",E",5.0,",E",0.0,",E",0.0,"1,E",0.0,"1,E",0.0,"1,E",1.0,"1,E",0.0,"1,E",19310404.0,",1,E",19310407.0,",,E",19310427.0,",1,E",6.0,"1,E,04,",22.0,",,E,07,",22.0,"1,E,27,",,,96.8,"1,E",50.9,",,,E",1.484,"2,E",1.9,"1,,,E",1.069,"1,,,E"
AGE00147716,1931-06-01,35.1,-1.85,83.0,"NEMOURS GHAZAOUET, AG",,,106.8,",E",2.0,",E",0.0,",E",0.0,",E",0.0,",E",0.0,",E",0.0,",E",30.0,",E",1.0,",E",19310601.0,",,E",19310627.0,",,E",19310630.0,",,E",13.0,",E,01,",1.9,",,E,27,",39.0,",E,30,",,,0.8,",E",2.9,",,,E",2.1870000000000003,",E",2.597,",,,E",1.777,",,,E"
AGE00147716,1931-07-01,35.1,-1.85,83.0,"NEMOURS GHAZAOUET, AG",,,159.7,",E",1.0,",E",1.0,",E",0.0,",E",0.0,",E",0.0,",E",0.0,",E",31.0,",E",2.0,",E",19310708.0,",,E",19310724.0,",,E",19310728.0,"+,,E",15.0,",E,08,",2.6,",,E,24,",33.0,",E,28,+",0.0,E,0.0,",E",2.6,",,,E",2.348,",E",2.8129999999999997,",,,E",1.884,",,,E"
AGE00147716,1931-08-01,35.1,-1.85,83.0,"NEMOURS GHAZAOUET, AG",,,137.0,"4,E",0.0,"2,E",0.0,"2,E",0.0,"2,E",0.0,"2,E",0.0,"2,E",0.0,"2,E",29.0,"2,E",0.0,"2,E",19310831.0,",2,E",19310831.0,"+,2,E",19310820.0,",2,E",14.0,"2,E,31,",0.0,"2,,E,31,+",31.0,"2,E,20,",0.0,E,0.0,"2,E",0.0,"2,,,E",2.336,"4,E",2.79,"2,,,E",1.8829999999999998,"2,,,E"
AGE00147716,1931-09-01,35.1,-1.85,83.0,"NEMOURS GHAZAOUET, AG",,,,,3.0,"4,E",1.0,"4,E",0.0,"4,E",0.0,"4,E",0.0,"4,E",0.0,"4,E",26.0,"4,E",0.0,"4,E",19310914.0,",4,E",19310928.0,",4,E",19310908.0,"+,4,E",13.0,"4,E,14,",6.8,"4,,E,28,",29.0,"4,E,08,+",,,,,9.7,"4,,,E",2.1,"6,E",2.55,"4,,,E",1.65,"4,,,E"
AGE00147716,1931-10-01,35.1,-1.85,83.0,"NEMOURS GHAZAOUET, AG",,,26.8,"4,E",1.0,"2,E",1.0,"2,E",0.0,"2,E",0.0,"2,E",0.0,"2,E",0.0,"2,E",24.0,"2,E",0.0,"2,E",19311030.0,",2,E",19311027.0,",2,E",19311023.0,"+,2,E",7.0,"2,E,30,",4.4,"2,,E,27,",27.0,"2,E,23,+",,,20.8,"2,E",4.4,"2,,,E",1.85,"4,E",2.2969999999999997,"2,,,E",1.403,"2,,,E"
AGE00147716,1931-11-01,35.1,-1.85,83.0,"NEMOURS GHAZAOUET, AG",,,4.7,"3,E",6.0,",E",6.0,",E",0.0,",E",0.0,"3,E",0.0,"3,E",0.0,",E",7.0,",E",0.0,",E",19311125.0,"+,3,E",19311112.0,",,E",19311109.0,",,E",7.0,"3,E,25,+",18.0,",,E,12,",28.0,",E,09,",,,85.7,",E",40.1,",,,E",1.525,"3,E",1.9769999999999999,",,,E",1.074,"3,,,E"
AGE00147716,1932-01-01,35.1,-1.85,83.0,"NEMOURS GHAZAOUET, AG",0.0,E,0.0,"2,E",2.0,"1,E",1.0,"1,E",0.0,"1,E",0.0,"1,E",0.0,"1,E",0.0,"1,E",0.0,"1,E",0.0,"1,E",19320105.0,"+,1,E",19320111.0,",1,E",19320127.0,",1,E",2.0,"1,E,05,+",10.2,"1,,E,11,",21.0,"1,E,27,",,,219.7,"1,E",12.4,"1,,,E",1.073,"2,E",1.5630000000000002,"1,,,E",0.583,"1,,,E"
AGE00147716,1932-02-01,35.1,-1.85,83.0,"NEMOURS GHAZAOUET, AG",0.0,E,0.0,",E",9.0,",E",7.0,",E",0.0,",E",0.0,",E",0.0,",E",0.0,",E",0.0,",E",0.0,",E",19320216.0,",,E",19320220.0,",,E",19320228.0,"+,,E",3.0,",E,16,",16.0,",,E,20,",18.0,",E,28,+",,,223.2,",E",54.5,",,,E",1.064,",E",1.466,",,,E",0.662,",,,E"
AGE00147716,1932-03-01,35.1,-1.85,83.0,"NEMOURS GHAZAOUET, AG",0.0,E,0.0,"3,E",3.0,"2,E",2.0,"2,E",0.0,"2,E",0.0,"2,E",0.0,"2,E",0.0,"2,E",4.0,"2,E",0.0,"2,E",19320329.0,",2,E",19320306.0,",2,E",19320311.0,",2,E",4.0,"2,E,29,",6.4,"2,,E,06,",24.0,"2,E,11,",,,128.3,"2,E",10.1,"2,,,E",1.369,"3,E",1.841,"2,,,E",0.897,"2,,,E"
AGE00147716,1932-04-01,35.1,-1.85,83.0,"NEMOURS GHAZAOUET, AG",0.0,E,0.0,",E",3.0,",E",3.0,",E",0.0,",E",0.0,",E",0.0,",E",0.0,",E",1.0,",E",0.0,",E",19320414.0,"+,,E",19320422.0,",,E",19320415.0,",,E",5.0,",E,14,+",10.2,",,E,22,",22.0,",E,15,",,,115.5,",E",18.4,",,,E",1.448,",E",1.8969999999999998,",,,E",1.0,",,,E"
AGE00147716,1932-06-01,35.1,-1.85,83.0,"NEMOURS GHAZAOUET, AG",,,36.8,"2,E",1.0,"1,E",0.0,"1,E",0.0,"1,E",0.0,"1,E",0.0,"1,E",0.0,"1,E",29.0,"1,E",0.0,"1,E",19320607.0,",1,E",19320613.0,",1,E",19320617.0,",1,E",12.0,"1,E,07,",1.4,"1,,E,13,",27.0,"1,E,17,",,,1.2,"1,E",1.4,"1,,,E",1.9600000000000002,"2,E",2.403,"1,,,E",1.517,"1,,,E"
AGE00147716,1932-08-01,35.1,-1.85,83.0,"NEMOURS GHAZAOUET, AG",,,120.2,"3,E",0.0,"1,E",0.0,"1,E",0.0,"1,E",0.0,"2,E",0.0,"2,E",0.0,"1,E",30.0,"1,E",0.0,"1,E",19320811.0,",2,E",19320831.0,"+,1,E",19320831.0,"+,1,E",12.0,"2,E,11,",0.0,"1,,E,31,+",29.0,"1,E,31,+",,,0.0,"1,E",0.0,"1,,,E",2.257,"3,E",2.67,"1,,,E",1.845,"2,,,E"
AGE00147716,1932-09-01,35.1,-1.85,83.0,"NEMOURS GHAZAOUET, AG",,,96.3,"2,E",4.0,"1,E",2.0,"1,E",0.0,"1,E",0.0,"1,E",0.0,"1,E",0.0,"1,E",28.0,"1,E",0.0,"1,E",19320930.0,",1,E",19320910.0,",1,E",19320923.0,"+,1,E",11.0,"1,E,30,",7.5,"1,,E,10,",28.0,"1,E,23,+",,,1.7,"1,E",14.6,"1,,,E",2.1719999999999997,"2,E",2.586,"1,,,E",1.759,"1,,,E"
AGE00147716,1932-11-01,35.1,-1.85,83.0,"NEMOURS GHAZAOUET, AG",,,1.2,"2,E",9.0,"1,E",8.0,"1,E",0.0,"1,E",0.0,"1,E",0.0,"1,E",0.0,"1,E",5.0,"1,E",0.0,"1,E",19321113.0,",1,E",19321109.0,",1,E",19321119.0,",1,E",3.0,"1,E,13,",25.2,"1,,E,09,",24.0,"1,E,19,",,,98.0,"1,E",73.2,"1,,,E",1.491,"2,E",1.938,"1,,,E",1.045,"1,,,E"
AGE00147716,1933-01-01,35.1,-1.85,83.0,"NEMOURS GHAZAOUET, AG",0.0,E,0.0,"3,E",6.0,"2,E",4.0,"2,E",0.0,"2,E",0.0,"2,E",0.0,"2,E",0.0,"2,E",0.0,"2,E",0.0,"2,E",19330125.0,"+,2,E",19330106.0,",2,E",19330128.0,",2,E",4.0,"2,E,25,+",8.8,"2,,E,06,",21.0,"2,E,28,",,,204.3,"2,E",22.3,"2,,,E",1.1019999999999999,"3,E",1.541,"2,,,E",0.662,"2,,,E"
AGE00147716,1933-02-01,35.1,-1.85,83.0,"NEMOURS GHAZAOUET, AG",0.0,E,0.0,",E",3.0,",E",2.0,",E",0.0,",E",0.0,",E",0.0,",E",0.0,",E",1.0,",E",0.0,",E",19330224.0,",,E",19330219.0,",,E",19330211.0,",,E",4.0,",E,24,",21.0,",,E,19,",22.0,",E,11,",,,183.3,",E",29.5,",,,E",1.1789999999999998,",E",1.6,",,,E",0.757,",,,E"
AGE00147716,1933-04-01,35.1,-1.85,83.0,"NEMOURS GHAZAOUET, AG",,,8.2,",E",3.0,",E",2.0,",E",0.0,",E",0.0,",E",0.0,",E",0.0,",E",11.0,",E",0.0,",E",19330406.0,"+,,E",19330402.0,",,E",19330422.0,",,E",8.0,",E,06,+",22.0,",,E,02,",30.0,",E,22,",,,79.2,",E",38.5,",,,E",1.597,",E",2.0829999999999997,",,,E",1.1099999999999999,",,,E"
AGE00147716,1933-06-01,35.1,-1.85,83.0,"NEMOURS GHAZAOUET, AG",,,55.2,"3,E",1.0,",E",1.0,",E",0.0,",E",0.0,"3,E",0.0,"3,E",0.0,",E",29.0,",E",0.0,",E",19330605.0,",3,E",19330604.0,",,E",19330623.0,"+,,E",12.0,"3,E,05,",9.2,",,E,04,",27.0,",E,23,+",,,2.7,",E",9.2,",,,E",2.0260000000000002,"3,E",2.507,",,,E",1.544,"3,,,E"
AGE00147716,1933-07-01,35.1,-1.85,83.0,"NEMOURS GHAZAOUET, AG",,,136.2,"3,E",0.0,",E",0.0,",E",0.0,",E",0.0,"3,E",0.0,"3,E",0.0,",E",31.0,",E",0.0,",E",19330709.0,"+,3,E",19330731.0,"+,,E",19330730.0,",,E",16.0,"3,E,09,+",0.0,",,E,31,+",31.0,",E,30,",0.0,E,0.0,",E",0.0,",,,E",2.309,"3,E",2.661,",,,E",1.957,"3,,,E"
AGE00147716,1933-11-01,35.1,-1.85,83.0,"NEMOURS GHAZAOUET, AG",,,0.0,",E",15.0,",E",13.0,",E",1.0,",E",0.0,",E",0.0,",E",0.0,",E",1.0,",E",0.0,",E",19331126.0,",,E",19331123.0,",,E",19331116.0,",,E",4.0,",E,26,",29.7,",,E,23,",23.0,",E,16,",,,139.5,",E",127.0,",,,E",1.3679999999999999,",E",1.7730000000000001,",,,E",0.9630000000000001,",,,E"
AGE00147716,1933-12-01,35.1,-1.85,83.0,"NEMOURS GHAZAOUET, AG",,,0.0,"2,E",9.0,"1,E",6.0,"1,E",0.0,"1,E",0.0,"1,E",0.0,"1,E",0.0,"1,E",1.0,"1,E",0.0,"1,E",19331225.0,"+,1,E",19331228.0,",1,E",19331212.0,",1,E",2.0,"1,E,25,+",16.3,"1,,E,28,",22.0,"1,E,12,",,,209.2,"1,E",55.0,"1,,,E",1.113,"2,E",1.54,"1,,,E",0.687,"1,,,E"
AGE00147716,1934-01-01,35.1,-1.85,83.0,"NEMOURS GHAZAOUET, AG",0.0,E,0.0,"2,E",8.0,"1,E",7.0,"1,E",0.0,"1,E",0.0,"1,E",0.0,"1,E",0.0,"1,E",0.0,"1,E",0.0,"1,E",19340122.0,"+,1,E",19340121.0,",1,E",19340129.0,"+,1,E",3.0,"1,E,22,+",25.2,"1,,E,21,",19.0,"1,E,29,+",,,243.2,"1,E",71.2,"1,,,E",1.0,"2,E",1.4769999999999999,"1,,,E",0.523,"1,,,E"
AGE00147716,1934-02-01,35.1,-1.85,83.0,"NEMOURS GHAZAOUET, AG",0.0,E,0.0,"3,E",6.0,"2,E",6.0,"2,E",0.0,"2,E",0.0,"2,E",0.0,"2,E",0.0,"2,E",0.0,"2,E",0.0,"2,E",19340203.0,",2,E",19340205.0,"+,2,E",19340210.0,",2,E",1.0,"2,E,03,",8.2,"2,,E,05,+",19.0,"2,E,10,",,,205.3,"2,E",36.1,"2,,,E",0.99,"3,E",1.431,"2,,,E",0.55,"2,,,E"
AGE00147716,1934-03-01,35.1,-1.85,83.0,"NEMOURS GHAZAOUET, AG",0.0,E,0.0,"2,E",7.0,"1,E",7.0,"1,E",2.0,"1,E",0.0,"1,E",0.0,"1,E",0.0,"1,E",0.0,"1,E",0.0,"1,E",19340303.0,"+,1,E",19340314.0,",1,E",19340312.0,",1,E",4.0,"1,E,03,+",47.2,"1,,E,14,",21.0,"1,E,12,",,,209.2,"1,E",117.1,"1,,,E",1.115,"2,E",1.577,"1,,,E",0.653,"1,,,E"
AGE00147716,1934-04-01,35.1,-1.85,83.0,"NEMOURS GHAZAOUET, AG",0.0,E,0.0,",E",6.0,",E",6.0,",E",1.0,",E",0.0,",E",0.0,",E",0.0,",E",2.0,",E",0.0,",E",19340430.0,"+,,E",19340425.0,",,E",19340430.0,",,E",7.0,",E,30,+",26.0,",,E,25,",28.0,",E,30,",,,131.0,",E",55.5,",,,E",1.397,",E",1.8370000000000002,",,,E",0.9570000000000001,",,,E"
AGE00147716,1934-06-01,35.1,-1.85,83.0,"NEMOURS GHAZAOUET, AG",,,57.5,"2,E",1.0,",E",1.0,",E",0.0,",E",0.0,",E",0.0,",E",0.0,"2,E",26.0,"2,E",0.0,"2,E",19340607.0,"+,,E",19340623.0,",,E",19340620.0,",2,E",12.0,",E,07,+",8.9,",,E,23,",28.0,"2,E,20,",,,3.3,"2,E",8.9,",,,E",2.027,"2,E",2.461,"2,,,E",1.593,",,,E"
AGE00147716,1934-09-01,35.1,-1.85,83.0,"NEMOURS GHAZAOUET, AG",,,107.0,",E",4.0,",E",4.0,",E",1.0,",E",0.0,",E",0.0,",E",0.0,",E",30.0,",E",0.0,",E",19340925.0,"+,,E",19340914.0,",,E",19340908.0,"+,,E",14.0,",E,25,+",28.4,",,E,14,",28.0,",E,08,+",,,0.0,",E",40.1,",,,E",2.19,",E",2.607,",,,E",1.7730000000000001,",,,E"
AGE00147716,1934-10-01,35.1,-1.85,83.0,"NEMOURS GHAZAOUET, AG",,,19.8,"2,E",4.0,"1,E",4.0,"1,E",0.0,"1,E",0.0,"1,E",0.0,"1,E",0.0,"1,E",18.0,"1,E",0.0,"1,E",19341023.0,"+,1,E",19341016.0,",1,E",19341003.0,"+,1,E",10.0,"1,E,23,+",25.0,"1,,E,16,",26.0,"1,E,03,+",,,36.0,"1,E",49.2,"1,,,E",1.7850000000000001,"2,E",2.253,"1,,,E",1.317,"1,,,E"
AGE00147716,1934-11-01,35.1,-1.85,83.0,"NEMOURS GHAZAOUET, AG",,,0.2,"2,E",7.0,"1,E",7.0,"1,E",0.0,"1,E",0.0,"1,E",0.0,"1,E",0.0,"1,E",3.0,"1,E",0.0,"1,E",19341130.0,"+,1,E",19341113.0,",1,E",19341110.0,"+,1,E",6.0,"1,E,30,+",22.4,"1,,E,13,",24.0,"1,E,10,+",,,109.5,"1,E",49.6,"1,,,E",1.434,"2,E",1.8760000000000001,"1,,,E",0.993,"1,,,E"
AGE00147716,1935-01-01,35.1,-1.85,83.0,"NEMOURS GHAZAOUET, AG",0.0,E,0.0,"5,E",5.0,"1,E",5.0,"1,E",0.0,"1,E",0.0,"1,E",4.0,"1,E",0.0,"4,E",0.0,"4,E",0.0,"4,E",19350131.0,"+,1,E",19350126.0,",1,E",19350105.0,",4,E",0.0,"1,E,31,+",25.0,"1,,E,26,",19.0,"4,E,05,",,,246.7,"4,E",66.0,"1,,,E",0.89,"5,E",1.404,"4,,,E",0.377,"1,,,E"
AGE00147716,1935-03-01,35.1,-1.85,83.0,"NEMOURS GHAZAOUET, AG",,,0.0,"5,E",0.0,"2,E",0.0,"2,E",0.0,"2,E",0.0,"2,E",0.0,"2,E",0.0,"3,E",2.0,"3,E",0.0,"3,E",19350313.0,",2,E",19350331.0,"+,2,E",19350324.0,",3,E",5.0,"2,E,13,",0.0,"2,,E,31,+",26.0,"3,E,24,",,,148.2,"3,E",0.0,"2,,,E",1.2730000000000001,"5,E",1.707,"3,,,E",0.8380000000000001,"2,,,E"
AGE00147716,1935-05-01,35.1,-1.85,83.0,"NEMOURS GHAZAOUET, AG",,,0.0,",E",5.0,",E",5.0,",E",0.0,",E",0.0,",E",0.0,",E",0.0,",E",8.0,",E",0.0,",E",19350527.0,"+,,E",19350520.0,",,E",19350502.0,"+,,E",10.0,",E,27,+",19.0,",,E,20,",24.0,",E,02,+",,,65.3,",E",42.8,",,,E",1.623,",E",2.065,",,,E",1.181,",,,E"
AGE00147716,1935-07-01,35.1,-1.85,83.0,"NEMOURS GHAZAOUET, AG",,,134.5,"1,E",0.0,"1,E",0.0,"1,E",0.0,"1,E",0.0,",E",0.0,",E",0.0,"1,E",30.0,"1,E",0.0,"1,E",19350708.0,"+,,E",19350731.0,"+,1,E",19350730.0,",1,E",16.0,",E,08,+",0.0,"1,,E,31,+",30.0,"1,E,30,",0.0,E,0.0,"1,E",0.0,"1,,,E",2.286,"1,E",2.623,"1,,,E",1.948,",,,E"
AGE00147716,1935-10-01,35.1,-1.85,83.0,"NEMOURS GHAZAOUET, AG",,,18.5,",E",5.0,",E",5.0,",E",1.0,",E",0.0,",E",0.0,",E",0.0,",E",17.0,",E",0.0,",E",19351031.0,"+,,E",19351026.0,",,E",19351003.0,"+,,E",10.0,",E,31,+",32.0,",,E,26,",26.0,",E,03,+",,,44.3,",E",73.2,",,,E",1.75,",E",2.1710000000000003,",,,E",1.329,",,,E"
AGE00147716,1935-12-01,35.1,-1.85,83.0,"NEMOURS GHAZAOUET, AG",,,3.2,",E",3.0,",E",3.0,",E",0.0,",E",0.0,",E",0.0,",E",0.0,",E",6.0,",E",0.0,",E",19351214.0,"+,,E",19351210.0,",,E",19351226.0,",,E",3.0,",E,14,+",16.2,",,E,10,",29.0,",E,26,",,,156.0,",E",37.6,",,,E",1.34,",E",1.8350000000000002,",,,E",0.845,",,,E"
AGE00147716,1936-01-01,35.1,-1.85,83.0,"NEMOURS GHAZAOUET, AG",0.0,E,0.0,",E",2.0,",E",2.0,",E",0.0,",E",0.0,",E",0.0,",E",0.0,",E",5.0,",E",0.0,",E",19360114.0,"+,,E",19360126.0,",,E",19360124.0,",,E",4.0,",E,14,+",22.0,",,E,26,",24.0,",E,24,",,,149.8,",E",27.5,",,,E",1.35,",E",1.877,",,,E",0.8230000000000001,",,,E"
AGE00147716,1936-02-01,35.1,-1.85,83.0,"NEMOURS GHAZAOUET, AG",0.7,E,0.7,",E",5.0,",E",5.0,",E",2.0,",E",0.0,",E",0.0,",E",0.0,",E",7.0,",E",0.0,",E",19360207.0,",,E",19360226.0,",,E",19360221.0,",,E",3.0,",E,07,",40.0,",,E,26,",25.0,",E,21,",,,126.8,",E",128.3,",,,E",1.3980000000000001,",E",1.848,",,,E",0.9480000000000001,",,,E"
AGE00147716,1936-03-01,35.1,-1.85,83.0,"NEMOURS GHAZAOUET, AG",1.0,E,0.3,",E",3.0,",E",3.0,",E",1.0,",E",0.0,",E",0.0,",E",0.0,",E",4.0,",E",0.0,",E",19360304.0,",,E",19360304.0,",,E",19360331.0,"+,,E",4.0,",E,04,",31.0,",,E,04,",23.0,",E,31,+",,,152.7,",E",51.0,",,,E",1.342,",E",1.781,",,,E",0.9029999999999999,",,,E"
AGE00147716,1936-04-01,35.1,-1.85,83.0,"NEMOURS GHAZAOUET, AG",1.0,E,0.0,"3,E",4.0,"2,E",4.0,"2,E",0.0,"2,E",0.0,"2,E",0.0,"2,E",0.0,"2,E",3.0,"2,E",0.0,"2,E",19360430.0,",2,E",19360416.0,",2,E",19360415.0,",2,E",8.0,"2,E,30,",13.0,"2,,E,16,",25.0,"2,E,15,",,,76.5,"2,E",32.5,"2,,,E",1.5539999999999998,"3,E",1.975,"2,,,E",1.1320000000000001,"2,,,E"
AGE00147716,1936-05-01,35.1,-1.85,83.0,"NEMOURS GHAZAOUET, AG",1.0,E,0.0,",E",8.0,",E",8.0,",E",0.0,",E",0.0,",E",0.0,",E",0.0,",E",0.0,",E",0.0,",E",19360508.0,",,E",19360517.0,",,E",19360531.0,"+,,E",8.0,",E,08,",20.4,",,E,17,",21.0,",E,31,+",,,81.8,",E",94.6,",,,E",1.569,",E",1.971,",,,E",1.168,",,,E"
AGE00147716,1936-06-01,35.1,-1.85,83.0,"NEMOURS GHAZAOUET, AG",33.8,E,32.8,",E",3.0,",E",3.0,",E",0.0,",E",0.0,",E",0.0,",E",0.0,",E",22.0,",E",0.0,",E",19360606.0,",,E",19360613.0,",,E",19360628.0,",,E",10.0,",E,06,",16.0,",,E,13,",30.0,",E,28,",,,17.3,",E",29.4,",,,E",1.8850000000000002,",E",2.327,",,,E",1.443,",,,E"
AGE00147716,1936-11-01,35.1,-1.85,83.0,"NEMOURS GHAZAOUET, AG",,,,,4.0,"5,E",3.0,"5,E",1.0,"5,E",0.0,"5,E",0.0,"5,E",0.0,"5,E",2.0,"5,E",0.0,"5,E",19361118.0,"+,5,E",19361119.0,",5,E",19361107.0,"+,5,E",6.0,"5,E,18,+",26.4,"5,,E,19,",22.0,"5,E,07,+",,,,,54.8,"5,,,E",1.3960000000000001,"8,E",1.828,"5,,,E",0.9640000000000001,"5,,,E"
AGE00147716,1936-12-01,35.1,-1.85,83.0,"NEMOURS GHAZAOUET, AG",,,0.0,"2,E",4.0,"2,E",4.0,"2,E",0.0,"2,E",0.0,"1,E",0.0,"1,E",0.0,"2,E",0.0,"2,E",0.0,"2,E",19361210.0,",1,E",19361208.0,",2,E",19361229.0,"+,2,E",3.0,"1,E,10,",20.0,"2,,E,08,",18.0,"2,E,29,+",,,223.2,"2,E",35.7,"2,,,E",1.067,"2,E",1.5210000000000001,"2,,,E",0.613,"1,,,E"
AGE00147716,1937-05-01,35.1,-1.85,83.0,"NEMOURS GHAZAOUET, AG",,,1.8,",E",4.0,",E",3.0,",E",0.0,",E",0.0,",E",0.0,",E",0.0,",E",9.0,",E",0.0,",E",19370502.0,",,E",19370519.0,",,E",19370510.0,",,E",9.0,",E,02,",11.0,",,E,19,",24.0,",E,10,",,,61.7,",E",25.0,",,,E",1.64,",E",2.055,",,,E",1.226,",,,E"
AGE00147716,1937-07-01,35.1,-1.85,83.0,"NEMOURS GHAZAOUET, AG",,,81.2,"4,E",0.0,"1,E",0.0,"1,E",0.0,"1,E",0.0,"1,E",0.0,"1,E",0.0,"3,E",26.0,"3,E",0.0,"3,E",19370716.0,"+,1,E",19370731.0,"+,1,E",19370724.0,",3,E",14.0,"1,E,16,+",0.0,"1,,E,31,+",31.0,"3,E,24,",1.2,E,1.2,"3,E",0.0,"1,,,E",2.143,"4,E",2.554,"3,,,E",1.7329999999999999,"1,,,E"
AGE00147716,1937-08-01,35.1,-1.85,83.0,"NEMOURS GHAZAOUET, AG",,,161.2,"3,E",3.0,",E",2.0,",E",0.0,",E",0.0,",E",0.0,",E",0.0,"3,E",28.0,"3,E",0.0,"3,E",19370804.0,",,E",19370827.0,",,E",19370820.0,"+,3,E",13.0,",E,04,",14.0,",,E,27,",32.0,"3,E,20,+",1.2,E,0.0,"3,E",18.0,",,,E",2.394,"3,E",2.868,"3,,,E",1.919,",,,E"
AGE00147716,1937-09-01,35.1,-1.85,83.0,"NEMOURS GHAZAOUET, AG",,,69.5,"5,E",5.0,"3,E",4.0,"3,E",1.0,"3,E",0.0,"3,E",0.0,"3,E",0.0,"3,E",26.0,"3,E",0.0,"3,E",19370913.0,",3,E",19370925.0,",3,E",19370910.0,",3,E",11.0,"3,E,13,",34.0,"3,,E,25,",32.0,"3,E,10,",1.5,E,0.3,"3,E",69.4,"3,,,E",2.117,"5,E",2.567,"3,,,E",1.6670000000000003,"3,,,E"
AGE00147716,1937-10-01,35.1,-1.85,83.0,"NEMOURS GHAZAOUET, AG",,,12.7,"3,E",6.0,"2,E",5.0,"2,E",0.0,"2,E",0.0,"2,E",0.0,"2,E",0.0,"2,E",22.0,"2,E",0.0,"2,E",19371028.0,",2,E",19371026.0,",2,E",19371027.0,",2,E",9.0,"2,E,28,",17.4,"2,,E,26,",29.0,"2,E,27,",37.5,E,36.0,"2,E",42.3,"2,,,E",1.752,"3,E",2.2760000000000002,"2,,,E",1.228,"2,,,E"
AGE00147716,1937-12-01,35.1,-1.85,83.0,"NEMOURS GHAZAOUET, AG",,,,,5.0,"3,E",5.0,"3,E",0.0,"3,E",0.0,"3,E",0.0,"3,E",0.0,"3,E",3.0,"3,E",0.0,"3,E",19371212.0,"+,3,E",19371210.0,",3,E",19371209.0,"+,3,E",3.0,"3,E,12,+",19.5,"3,,E,10,",22.0,"3,E,09,+",,,,,52.5,"3,,,E",1.225,"6,E",1.671,"3,,,E",0.779,"3,,,E"
AGE00147716,1938-01-01,35.1,-1.85,83.0,"NEMOURS GHAZAOUET, AG",0.0,E,0.0,"1,E",5.0,",E",5.0,",E",0.0,",E",0.0,"1,E",0.0,"1,E",0.0,",E",0.0,",E",0.0,",E",19380107.0,",1,E",19380103.0,",,E",19380130.0,"+,,E",2.0,"1,E,07,",22.0,",,E,03,",19.0,",E,30,+",,,218.5,",E",57.7,",,,E",1.099,"1,E",1.558,",,,E",0.64,"1,,,E"
AGE00147716,1938-02-01,35.1,-1.85,83.0,"NEMOURS GHAZAOUET, AG",0.0,E,0.0,"2,E",4.0,"1,E",4.0,"1,E",0.0,"1,E",0.0,"1,E",0.0,"1,E",0.0,"1,E",0.0,"1,E",0.0,"1,E",19380213.0,"+,1,E",19380215.0,",1,E",19380201.0,",1,E",2.0,"1,E,13,+",10.6,"1,,E,15,",19.0,"1,E,01,",,,215.2,"1,E",27.5,"1,,,E",1.006,"2,E",1.444,"1,,,E",0.567,"1,,,E"
AGE00147716,1938-03-01,35.1,-1.85,83.0,"NEMOURS GHAZAOUET, AG",0.0,E,0.0,",E",1.0,",E",1.0,",E",0.0,",E",0.0,",E",0.0,",E",0.0,",E",0.0,",E",0.0,",E",19380316.0,",,E",19380323.0,",,E",19380322.0,",,E",3.0,",E,16,",4.8,",,E,23,",20.0,",E,22,",,,201.8,",E",4.8,",,,E",1.182,",E",1.6480000000000001,",,,E",0.716,",,,E"
AGE00147716,1938-04-01,35.1,-1.85,83.0,"NEMOURS GHAZAOUET, AG",0.0,E,0.0,",E",5.0,",E",4.0,",E",0.0,",E",0.0,",E",0.0,",E",0.0,",E",1.0,",E",0.0,",E",19380412.0,",,E",19380427.0,",,E",19380410.0,",,E",5.0,",E,12,",19.4,",,E,27,",22.0,",E,10,",,,131.0,",E",39.3,",,,E",1.397,",E",1.7670000000000001,",,,E",1.027,",,,E"
AGE00147716,1938-06-01,35.1,-1.85,83.0,"NEMOURS GHAZAOUET, AG",,,99.5,",E",0.0,",E",0.0,",E",0.0,",E",0.0,",E",0.0,",E",0.0,",E",30.0,",E",1.0,",E",19380622.0,",,E",19380630.0,"+,,E",19380628.0,",,E",14.0,",E,22,",0.0,",,E,30,+",34.0,",E,28,",,,0.0,",E",0.0,",,,E",2.165,",E",2.567,",,,E",1.763,",,,E"
AGE00147716,1938-07-01,35.1,-1.85,83.0,"NEMOURS GHAZAOUET, AG",,,189.7,",E",0.0,",E",0.0,",E",0.0,",E",0.0,",E",0.0,",E",0.0,",E",31.0,",E",1.0,",E",19380703.0,",,E",19380731.0,"+,,E",19380722.0,",,E",15.0,",E,03,",0.0,",,E,31,+",37.0,",E,22,",0.0,E,0.0,",E",0.0,",,,E",2.445,",E",2.835,",,,E",2.055,",,,E"
AGE00147716,1938-10-01,35.1,-1.85,83.0,"NEMOURS GHAZAOUET, AG",,,21.3,"3,E",5.0,",E",5.0,",E",0.0,",E",0.0,"1,E",0.0,"1,E",0.0,"3,E",24.0,"3,E",0.0,"3,E",19381031.0,",1,E",19381012.0,",,E",19381021.0,"+,3,E",4.0,"1,E,31,",24.5,",,E,12,",26.0,"3,E,21,+",,,16.2,"3,E",64.0,",,,E",1.828,"3,E",2.354,"3,,,E",1.303,"1,,,E"
AGE00147716,1938-12-01,35.1,-1.85,83.0,"NEMOURS GHAZAOUET, AG",,,0.0,"3,E",9.0,"2,E",8.0,"2,E",0.0,"2,E",0.0,"2,E",2.0,"2,E",0.0,"3,E",0.0,"3,E",0.0,"3,E",19381228.0,"+,2,E",19381202.0,",2,E",19381208.0,"+,3,E",0.0,"2,E,28,+",18.5,"2,,E,02,",21.0,"3,E,08,+",,,210.3,"3,E",63.1,"2,,,E",1.084,"3,E",1.657,"3,,,E",0.51,"2,,,E"
AGE00147716,2001-07-01,35.1,-1.85,83.0,"NEMOURS GHAZAOUET, AG",,,174.0,"5,S",,,,,,,0.0,"3,S",0.0,"3,S",0.0,"5,S",26.0,"5,S",3.0,"5,S",20010720.0,",3,S",,,20010730.0,",5,S",16.7,"3,S,20,",,,34.6,"5,S,30,",0.0,S,0.0,"5,S",,,2.498,"5,S",2.8890000000000002,"5,,,S",2.106,"3,,,S"
AGE00147716,2001-09-01,35.1,-1.85,83.0,"NEMOURS GHAZAOUET, AG",,,,,,,,,,,0.0,"5,S",0.0,"5,S",0.0,"2,S",28.0,"2,S",0.0,"2,S",20010913.0,",5,S",,,20010908.0,",2,S",16.2,"5,S,13,",,,30.0,"2,S,08,",,,,,,,2.41,"6,S",2.753,"2,,,S",2.067,"5,,,S"
AGE00147716,2001-10-01,35.1,-1.85,83.0,"NEMOURS GHAZAOUET, AG",,,,,,,,,,,0.0,"5,S",0.0,"5,S",0.0,"5,S",25.0,"5,S",0.0,"5,S",20011031.0,",5,S",,,20011011.0,",5,S",15.0,"5,S,31,",,,28.5,"5,S,11,",,,,,,,2.157,"8,S",2.5300000000000002,"5,,,S",1.783,"5,,,S"
AGE00147716,2002-01-01,35.1,-1.85,83.0,"NEMOURS GHAZAOUET, AG",0.0,S,0.0,"5,S",,,,,,,0.0,"2,S",0.0,"2,S",0.0,"4,S",1.0,"4,S",0.0,"4,S",20020128.0,"+,2,S",,,20020123.0,",4,S",6.0,"2,S,28,+",,,22.1,"4,S,23,",,,136.6,"4,S",,,1.314,"5,S",1.759,"4,,,S",0.869,"2,,,S"
AGE00147716,2002-03-01,35.1,-1.85,83.0,"NEMOURS GHAZAOUET, AG",,,,,,,,,,,0.0,"5,S",0.0,"5,S",0.0,"5,S",7.0,"5,S",0.0,"5,S",20020303.0,",5,S",,,20020323.0,",5,S",7.4,"5,S,03,",,,24.0,"5,S,23,",,,,,,,1.511,"0,S",1.98,"5,,,S",1.042,"5,,,S"
AGE00147716,2002-06-01,35.1,-1.85,83.0,"NEMOURS GHAZAOUET, AG",,,,,,,,,,,0.0,"4,S",0.0,"4,S",0.0,"4,S",26.0,"4,S",0.0,"4,S",20020609.0,",4,S",,,20020628.0,",4,S",13.6,"4,S,09,",,,32.0,"4,S,28,",,,,,,,2.279,"6,S",2.629,"4,,,S",1.9280000000000002,"4,,,S"
AGE00147716,2002-10-01,35.1,-1.85,83.0,"NEMOURS GHAZAOUET, AG",,,,,,,,,,,0.0,"5,S",0.0,"5,S",0.0,"5,S",25.0,"5,S",0.0,"5,S",20021025.0,",5,S",,,20021021.0,",5,S",13.4,"5,S,25,",,,28.0,"5,S,21,",,,,,,,2.058,"8,S",2.4530000000000003,"5,,,S",1.6620000000000001,"5,,,S"
AGE00147716,2003-07-01,35.1,-1.85,83.0,"NEMOURS GHAZAOUET, AG",,,231.4,"4,S",,,,,,,0.0,"4,S",0.0,"4,S",0.0,"1,S",30.0,"1,S",7.0,"1,S",20030704.0,",4,S",,,20030723.0,",1,S",19.5,"4,S,04,",,,36.0,"1,S,23,",0.0,S,0.0,"1,S",,,2.695,"4,S",3.08,"1,,,S",2.31,"4,,,S"
AGE00147716,2004-04-01,35.1,-1.85,83.0,"NEMOURS GHAZAOUET, AG",,,2.7,"5,S",6.0,"1,S",3.0,"1,S",1.0,"1,S",0.0,"4,S",0.0,"4,S",0.0,"2,S",7.0,"2,S",0.0,"2,S",20040412.0,",4,S",20040411.0,",1,S",20040407.0,",2,S",6.2,"4,S,12,",27.9,"1,,S,11,",26.4,"2,S,07,",,,70.0,"2,S",39.5,"1,,,S",1.56,"5,S",2.003,"2,,,S",1.1179999999999999,"4,,,S"
AGE00147716,2004-05-01,35.1,-1.85,83.0,"NEMOURS GHAZAOUET, AG",,,11.1,"3,S",7.0,",S",3.0,",S",0.0,",S",0.0,"1,S",0.0,"1,S",0.0,"3,S",15.0,"3,S",0.0,"3,S",20040509.0,",1,S",20040511.0,",,S",20040530.0,",3,S",9.8,"1,S,09,",23.1,",,S,11,",26.0,"3,S,30,",,,29.3,"3,S",39.0,",,,S",1.7710000000000001,"3,S",2.144,"3,,,S",1.3980000000000001,"1,,,S"
AGE00147716,2004-06-01,35.1,-1.85,83.0,"NEMOURS GHAZAOUET, AG",,,123.2,"4,S",3.0,",S",1.0,",S",0.0,",S",0.0,"3,S",0.0,"3,S",0.0,"1,S",29.0,"1,S",0.0,"1,S",20040602.0,",3,S",20040619.0,",,S",20040624.0,",1,S",12.6,"3,S,02,",3.0,",,S,19,",32.0,"1,S,24,",,,0.0,"1,S",5.0,",,,S",2.299,"4,S",2.69,"1,,,S",1.908,"3,,,S"
AGE00147716,2004-07-01,35.1,-1.85,83.0,"NEMOURS GHAZAOUET, AG",,,,,0.0,"2,S",0.0,"2,S",0.0,"2,S",0.0,"4,S",0.0,"4,S",0.0,"4,S",27.0,"4,S",2.0,"4,S",20040709.0,",4,S",20040731.0,"+,2,S",20040706.0,",4,S",17.5,"4,S,09,",0.0,"2,,S,31,+",34.2,"4,S,06,",,,,,0.0,"2,,,S",2.551,"7,S",2.91,"4,,,S",2.191,"4,,,S"
AGE00147716,2004-08-01,35.1,-1.85,83.0,"NEMOURS GHAZAOUET, AG",,,212.3,"5,S",1.0,",S",0.0,",S",0.0,",S",0.0,"4,S",0.0,"4,S",0.0,"1,S",30.0,"1,S",0.0,"1,S",20040830.0,",4,S",20040808.0,",,S",20040816.0,",1,S",19.3,"4,S,30,",0.3,",,S,08,",31.6,"1,S,16,",,,0.0,"1,S",0.3,",,,S",2.648,"5,S",3.032,"1,,,S",2.2640000000000002,"4,,,S"
AGE00147716,2004-09-01,35.1,-1.85,83.0,"NEMOURS GHAZAOUET, AG",,,,,0.0,"1,S",0.0,"1,S",0.0,"1,S",0.0,"2,S",0.0,"2,S",0.0,"5,S",25.0,"5,S",1.0,"5,S",20040929.0,",2,S",20040930.0,"+,1,S",20040913.0,",5,S",16.0,"2,S,29,",0.0,"1,,S,30,+",35.4,"5,S,13,",,,,,0.0,"1,,,S",2.46,"7,S",2.9,"5,,,S",2.021,"2,,,S"
AGE00147716,2004-10-01,35.1,-1.85,83.0,"NEMOURS GHAZAOUET, AG",,,97.1,"3,S",6.0,"2,S",4.0,"2,S",0.0,"2,S",0.0,"1,S",0.0,"1,S",0.0,"2,S",26.0,"2,S",1.0,"2,S",20041013.0,",1,S",20041030.0,",2,S",20041007.0,",2,S",13.2,"1,S,13,",15.0,"2,,S,30,",33.5,"2,S,07,",,,1.7,"2,S",47.8,"2,,,S",2.175,"3,S",2.591,"2,,,S",1.759,"1,,,S"
AGE00147716,2004-11-01,35.1,-1.85,83.0,"NEMOURS GHAZAOUET, AG",,,1.1,"3,S",7.0,"3,S",4.0,"3,S",0.0,"3,S",0.0,"3,S",0.0,"3,S",0.0,"3,S",6.0,"3,S",0.0,"3,S",20041117.0,",3,S",20041114.0,",3,S",20041109.0,",3,S",6.8,"3,S,17,",21.1,"3,,S,14,",23.7,"3,S,09,",,,80.4,"3,S",37.2,"3,,,S",1.5390000000000001,"3,S",1.989,"3,,,S",1.09,"3,,,S"
AGE00147716,2004-12-01,35.1,-1.85,83.0,"NEMOURS GHAZAOUET, AG",,,0.2,"5,S",5.0,"3,S",3.0,"3,S",0.0,"3,S",0.0,"4,S",1.0,"4,S",0.0,"4,S",3.0,"4,S",0.0,"4,S",20041231.0,",4,S",20041230.0,",3,S",20041202.0,",4,S",-1.4,"4,S,31,",14.0,"3,,S,30,",23.4,"4,S,02,",,,109.5,"4,S",26.2,"3,,,S",1.4060000000000001,"5,S",1.8579999999999999,"4,,,S",0.953,"4,,,S"
AGE00147716,2005-01-01,35.1,-1.85,83.0,"NEMOURS GHAZAOUET, AG",0.0,S,0.0,"4,S",6.0,"1,S",2.0,"1,S",0.0,"1,S",0.0,"4,S",0.0,"4,S",0.0,"3,S",1.0,"3,S",0.0,"3,S",20050128.0,",4,S",20050128.0,",1,S",20050121.0,",3,S",0.1,"4,S,28,",7.9,"1,,S,28,",21.5,"3,S,21,",,,208.5,"3,S",16.2,"1,,,S",1.053,"4,S",1.6030000000000002,"3,,,S",0.504,"4,,,S"
AGE00147716,2005-02-01,35.1,-1.85,83.0,"NEMOURS GHAZAOUET, AG",0.0,S,0.0,"1,S",6.0,"1,S",5.0,"1,S",0.0,"1,S",0.0,"1,S",0.0,"1,S",0.0,"1,S",0.0,"1,S",0.0,"1,S",20050217.0,",1,S",20050209.0,",1,S",20050221.0,"+,1,S",1.0,"1,S,17,",24.9,"1,,S,09,",18.5,"1,S,21,+",,,200.6,"1,S",55.9,"1,,,S",1.09,"1,S",1.5859999999999999,"1,,,S",0.5940000000000001,"1,,,S"
AGE00147716,2005-03-01,35.1,-1.85,83.0,"NEMOURS GHAZAOUET, AG",3.7,S,3.7,"3,S",11.0,",S",7.0,",S",1.0,",S",0.0,"2,S",0.0,"2,S",0.0,"1,S",7.0,"1,S",0.0,"1,S",20050303.0,",2,S",20050305.0,",,S",20050321.0,",1,S",2.0,"2,S,03,",27.9,",,S,05,",27.2,"1,S,21,",,,104.2,"1,S",78.2,",,,S",1.447,"3,S",1.8059999999999998,"1,,,S",1.088,"2,,,S"
AGE00147716,2005-04-01,35.1,-1.85,83.0,"NEMOURS GHAZAOUET, AG",5.8,S,2.1,"1,S",3.0,",S",2.0,",S",0.0,",S",0.0,"1,S",0.0,"1,S",0.0,",S",12.0,",S",0.0,",S",20050413.0,",1,S",20050409.0,",,S",20050423.0,",,S",5.5,"1,S,13,",10.9,",,S,09,",24.8,",S,23,",,,60.1,",S",19.1,",,,S",1.6239999999999999,"1,S",2.071,",,,S",1.178,"1,,,S"
AGE00147716,2005-05-01,35.1,-1.85,83.0,"NEMOURS GHAZAOUET, AG",66.1,S,60.3,"2,S",1.0,",S",0.0,",S",0.0,",S",0.0,",S",0.0,",S",0.0,"2,S",29.0,"2,S",1.0,"2,S",20050518.0,",,S",20050531.0,",,S",20050509.0,",2,S",12.4,",S,18,",1.0,",,S,31,",33.0,"2,S,09,",,,0.0,"2,S",1.0,",,,S",2.041,"2,S",2.452,"2,,,S",1.629,",,,S"
AGE00147716,2005-06-01,35.1,-1.85,83.0,"NEMOURS GHAZAOUET, AG",199.5,S,133.4,",S",1.0,",S",0.0,",S",0.0,",S",0.0,",S",0.0,",S",0.0,",S",30.0,",S",0.0,",S",20050630.0,",,S",20050602.0,",,S",20050629.0,",,S",15.2,",S,30,",1.0,",,S,02,",30.0,",S,29,",,,0.0,",S",1.0,",,,S",2.278,",S",2.67,",,,S",1.886,",,,S"
AGE00147716,2005-07-01,35.1,-1.85,83.0,"NEMOURS GHAZAOUET, AG",417.9,S,218.4,"4,S",0.0,",S",0.0,",S",0.0,",S",0.0,",S",0.0,",S",0.0,"4,S",27.0,"4,S",4.0,"4,S",20050706.0,",,S",20050731.0,"+,,S",20050722.0,",4,S",17.4,",S,06,",0.0,",,S,31,+",34.8,"4,S,22,",0.0,S,0.0,"4,S",0.0,",,,S",2.623,"4,S",3.005,"4,,,S",2.2399999999999998,",,,S"
AGE00147716,2005-08-01,35.1,-1.85,83.0,"NEMOURS GHAZAOUET, AG",634.2,S,216.3,"2,S",0.0,"1,S",0.0,"1,S",0.0,"1,S",0.0,"1,S",0.0,"1,S",0.0,"2,S",29.0,"2,S",0.0,"2,S",20050812.0,",1,S",20050831.0,"+,1,S",20050826.0,"+,2,S",18.7,"1,S,12,",0.0,"1,,S,31,+",32.0,"2,S,26,+",0.0,S,0.0,"2,S",0.0,"1,,,S",2.5789999999999997,"2,S",2.992,"2,,,S",2.166,"1,,,S"
AGE00147716,2005-09-01,35.1,-1.85,83.0,"NEMOURS GHAZAOUET, AG",784.0,S,149.8,"2,S",3.0,"1,S",0.0,"1,S",0.0,"1,S",0.0,"1,S",0.0,"1,S",0.0,"1,S",29.0,"1,S",2.0,"1,S",20050919.0,",1,S",20050917.0,",1,S",20050905.0,",1,S",14.6,"1,S,19,",1.0,"1,,S,17,",37.2,"1,S,05,",0.0,S,0.0,"1,S",2.6,"1,,,S",2.362,"2,S",2.801,"1,,,S",1.923,"1,,,S"
AGE00147716,2005-10-01,35.1,-1.85,83.0,"NEMOURS GHAZAOUET, AG",848.6,S,64.6,"2,S",4.0,",S",3.0,",S",1.0,",S",0.0,"1,S",0.0,"1,S",0.0,"1,S",30.0,"1,S",0.0,"1,S",20051015.0,",1,S",20051019.0,",,S",20051011.0,",1,S",13.1,"1,S,15,",33.0,",,S,19,",29.5,"1,S,11,",0.0,S,0.0,"1,S",46.9,",,,S",2.054,"2,S",2.48,"1,,,S",1.629,"1,,,S"
AGE00147716,2005-11-01,35.1,-1.85,83.0,"NEMOURS GHAZAOUET, AG",,,,,8.0,"3,S",8.0,"3,S",0.0,"3,S",0.0,"3,S",0.0,"3,S",0.0,"5,S",12.0,"5,S",0.0,"5,S",20051128.0,",3,S",20051130.0,"+,3,S",20051103.0,",5,S",7.6,"3,S,28,",23.1,"3,,S,30,+",23.6,"5,S,03,",,,,,78.4,"3,,,S",1.614,"6,S",2.008,"5,,,S",1.22,"3,,,S"
AGE00147716,2005-12-01,35.1,-1.85,83.0,"NEMOURS GHAZAOUET, AG",,,0.6,"1,S",7.0,",S",3.0,",S",0.0,",S",0.0,",S",0.0,",S",0.0,"1,S",5.0,"1,S",0.0,"1,S",20051215.0,",,S",20051211.0,"+,,S",20051202.0,",1,S",4.5,",S,15,",4.1,",,S,11,+",23.5,"1,S,02,",,,151.2,"1,S",16.2,",,,S",1.333,"1,S",1.802,"1,,,S",0.865,",,,S"
AGE00147716,2006-01-01,35.1,-1.85,83.0,"NEMOURS GHAZAOUET, AG",,,,,11.0,",S",4.0,",S",0.0,",S",0.0,"2,S",0.0,"2,S",0.0,"4,S",1.0,"4,S",0.0,"4,S",20060104.0,",2,S",20060129.0,",,S",20060128.0,",4,S",4.6,"2,S,04,",17.0,",,S,29,",21.5,"4,S,28,",,,,,49.6,",,,S",1.247,"6,S",1.653,"4,,,S",0.841,"2,,,S"
AGE00147716,2006-02-01,35.1,-1.85,83.0,"NEMOURS GHAZAOUET, AG",,,0.0,"1,S",11.0,",S",8.0,",S",0.0,",S",0.0,"1,S",0.0,"1,S",0.0,",S",0.0,",S",0.0,",S",20060209.0,",1,S",20060223.0,",,S",20060218.0,",,S",0.7,"1,S,09,",8.9,",,S,23,",19.6,",S,18,",,,151.6,",S",44.6,",,,S",1.275,"1,S",1.689,",,,S",0.86,"1,,,S"
AGE00147716,2006-03-01,35.1,-1.85,83.0,"NEMOURS GHAZAOUET, AG",,,0.0,"1,S",6.0,",S",4.0,",S",0.0,",S",0.0,"1,S",0.0,"1,S",0.0,",S",6.0,",S",0.0,",S",20060307.0,",1,S",20060322.0,",,S",20060325.0,",,S",6.1,"1,S,07,",9.9,",,S,22,",22.5,",S,25,",,,106.4,",S",24.4,",,,S",1.4769999999999999,"1,S",1.939,",,,S",1.014,"1,,,S"
AGE00147716,2006-04-01,35.1,-1.85,83.0,"NEMOURS GHAZAOUET, AG",,,9.8,"1,S",5.0,",S",3.0,",S",0.0,",S",0.0,"1,S",0.0,"1,S",0.0,",S",20.0,",S",0.0,",S",20060420.0,",1,S",20060425.0,",,S",20060427.0,",,S",9.8,"1,S,20,",18.0,",,S,25,",27.4,",S,27,",,,25.7,",S",41.1,",,,S",1.7760000000000002,"1,S",2.2,",,,S",1.351,"1,,,S"
AGE00147716,2006-05-01,35.1,-1.85,83.0,"NEMOURS GHAZAOUET, AG",,,56.1,"5,S",6.0,"1,S",4.0,"1,S",1.0,"1,S",0.0,"2,S",0.0,"2,S",0.0,"3,S",25.0,"3,S",0.0,"3,S",20060525.0,",2,S",20060503.0,",1,S",20060519.0,",3,S",13.5,"2,S,25,",36.1,"1,,S,03,",30.6,"3,S,19,",,,3.7,"3,S",71.9,"1,,,S",2.025,"5,S",2.33,"3,,,S",1.721,"2,,,S"
AGE00147716,2006-06-01,35.1,-1.85,83.0,"NEMOURS GHAZAOUET, AG",,,110.5,"2,S",1.0,",S",0.0,",S",0.0,",S",0.0,",S",0.0,",S",0.0,"2,S",28.0,"2,S",0.0,"2,S",20060603.0,",,S",20060601.0,",,S",20060620.0,",2,S",12.7,",S,03,",1.0,",,S,01,",29.8,"2,S,20,",,,0.3,"2,S",1.0,",,,S",2.234,"2,S",2.577,"2,,,S",1.8920000000000001,",,,S"
AGE00147716,2006-07-01,35.1,-1.85,83.0,"NEMOURS GHAZAOUET, AG",,,235.4,"1,S",0.0,"1,S",0.0,"1,S",0.0,"1,S",0.0,"1,S",0.0,"1,S",0.0,"1,S",30.0,"1,S",3.0,"1,S",20060701.0,",1,S",20060731.0,"+,1,S",20060727.0,",1,S",18.1,"1,S,01,",0.0,"1,,S,31,+",33.6,"1,S,27,",0.0,S,0.0,"1,S",0.0,"1,,,S",2.618,"1,S",2.984,"1,,,S",2.2510000000000003,"1,,,S"
AGE00147716,2006-08-01,35.1,-1.85,83.0,"NEMOURS GHAZAOUET, AG",,,217.7,"2,S",0.0,"1,S",0.0,"1,S",0.0,"1,S",0.0,"1,S",0.0,"1,S",0.0,"1,S",30.0,"1,S",3.0,"1,S",20060819.0,"+,1,S",20060831.0,"+,1,S",20060803.0,",1,S",18.5,"1,S,19,+",0.0,"1,,S,31,+",35.0,"1,S,03,",0.0,S,0.0,"1,S",0.0,"1,,,S",2.588,"2,S",2.995,"1,,,S",2.181,"1,,,S"
AGE00147716,2006-09-01,35.1,-1.85,83.0,"NEMOURS GHAZAOUET, AG",,,165.0,"2,S",2.0,",S",1.0,",S",0.0,",S",0.0,"1,S",0.0,"1,S",0.0,"1,S",29.0,"1,S",0.0,"1,S",20060917.0,",1,S",20060912.0,",,S",20060910.0,",1,S",15.0,"1,S,17,",4.1,",,S,12,",29.8,"1,S,10,",0.0,S,0.0,"1,S",5.1,",,,S",2.429,"2,S",2.827,"1,,,S",2.0309999999999997,"1,,,S"
AGE00147716,2006-10-01,35.1,-1.85,83.0,"NEMOURS GHAZAOUET, AG",,,101.6,"2,S",2.0,"2,S",1.0,"2,S",0.0,"2,S",0.0,"2,S",0.0,"2,S",0.0,"2,S",29.0,"2,S",0.0,"2,S",20061014.0,",2,S",20061027.0,",2,S",20061003.0,",2,S",14.0,"2,S,14,",9.9,"2,,S,27,",29.2,"2,S,03,",0.0,S,0.0,"2,S",10.4,"2,,,S",2.184,"2,S",2.597,"2,,,S",1.7710000000000001,"2,,,S"
AGE00147716,2006-12-01,35.1,-1.85,83.0,"NEMOURS GHAZAOUET, AG",,,0.1,"4,S",9.0,"2,S",4.0,"2,S",0.0,"2,S",0.0,"2,S",0.0,"2,S",0.0,"2,S",3.0,"2,S",0.0,"2,S",20061204.0,",2,S",20061214.0,",2,S",20061208.0,",2,S",5.0,"2,S,04,",24.9,"2,,S,14,",22.7,"2,S,08,",,,104.9,"2,S",58.1,"2,,,S",1.4380000000000002,"4,S",1.8399999999999999,"2,,,S",1.035,"2,,,S"
AGE00147716,2007-01-01,35.1,-1.85,83.0,"NEMOURS GHAZAOUET, AG",0.0,S,0.0,"4,S",3.0,"1,S",2.0,"1,S",1.0,"1,S",0.0,"4,S",0.0,"4,S",0.0,",S",1.0,",S",0.0,",S",20070127.0,",4,S",20070130.0,",1,S",20070128.0,",,S",5.3,"4,S,27,",27.9,"1,,S,30,",25.0,",S,28,",,,137.6,",S",31.9,"1,,,S",1.317,"4,S",1.8359999999999999,",,,S",0.798,"4,,,S"
AGE00147716,2007-02-01,35.1,-1.85,83.0,"NEMOURS GHAZAOUET, AG",0.2,S,0.2,"4,S",6.0,"1,S",3.0,"1,S",0.0,"1,S",0.0,"2,S",0.0,"2,S",0.0,"3,S",6.0,"3,S",0.0,"3,S",20070201.0,",2,S",20070222.0,",1,S",20070214.0,",3,S",6.6,"2,S,01,",24.9,"1,,S,22,",23.7,"3,S,14,",,,69.2,"3,S",45.8,"1,,,S",1.541,"4,S",1.9100000000000001,"3,,,S",1.171,"2,,,S"
AGE00147716,2007-03-01,35.1,-1.85,83.0,"NEMOURS GHAZAOUET, AG",0.2,S,0.0,"4,S",6.0,"1,S",4.0,"1,S",0.0,"1,S",0.0,"3,S",0.0,"3,S",0.0,"2,S",7.0,"2,S",0.0,"2,S",20070323.0,",3,S",20070327.0,",1,S",20070303.0,",2,S",4.8,"3,S,23,",16.0,"1,,S,27,",22.9,"2,S,03,",,,96.3,"2,S",30.6,"1,,,S",1.465,"4,S",1.9469999999999998,"2,,,S",0.984,"3,,,S"
AGE00147716,2007-04-01,35.1,-1.85,83.0,"NEMOURS GHAZAOUET, AG",0.4,S,0.2,"3,S",13.0,",S",8.0,",S",1.0,",S",0.0,"2,S",0.0,"2,S",0.0,"1,S",3.0,"1,S",0.0,"1,S",20070403.0,",2,S",20070422.0,",,S",20070429.0,",1,S",8.3,"2,S,03,",38.1,",,S,22,",22.0,"1,S,29,",,,60.1,"1,S",86.2,",,,S",1.611,"3,S",1.954,"1,,,S",1.268,"2,,,S"
AGE00147716,2007-05-01,35.1,-1.85,83.0,"NEMOURS GHAZAOUET, AG",36.1,S,35.7,"5,S",3.0,",S",1.0,",S",0.0,",S",0.0,"2,S",0.0,"2,S",0.0,"3,S",24.0,"3,S",0.0,"3,S",20070507.0,",2,S",20070527.0,",,S",20070512.0,",3,S",12.3,"2,S,07,",3.0,",,S,27,",29.0,"3,S,12,",,,4.6,"3,S",5.0,",,,S",1.957,"5,S",2.402,"3,,,S",1.511,"2,,,S"
AGE00147716,2007-06-01,35.1,-1.85,83.0,"NEMOURS GHAZAOUET, AG",145.7,S,109.6,"3,S",0.0,"2,S",0.0,"2,S",0.0,"2,S",0.0,"3,S",0.0,"3,S",0.0,"1,S",29.0,"1,S",0.0,"1,S",20070603.0,",3,S",20070630.0,"+,2,S",20070615.0,",1,S",14.2,"3,S,03,",0.0,"2,,S,30,+",30.6,"1,S,15,",,,0.0,"1,S",0.0,"2,,,S",2.234,"3,S",2.6399999999999997,"1,,,S",1.829,"3,,,S"
AGE00147716,2007-07-01,35.1,-1.85,83.0,"NEMOURS GHAZAOUET, AG",348.1,S,202.4,"3,S",0.0,",S",0.0,",S",0.0,",S",0.0,"1,S",0.0,"1,S",0.0,"2,S",29.0,"2,S",1.0,"2,S",20070703.0,",1,S",20070731.0,"+,,S",20070704.0,",2,S",18.5,"1,S,03,",0.0,",,S,31,+",32.6,"2,S,04,",0.0,S,0.0,"2,S",0.0,",,,S",2.556,"3,S",2.93,"2,,,S",2.183,"1,,,S"
AGE00147716,2007-08-01,35.1,-1.85,83.0,"NEMOURS GHAZAOUET, AG",555.6,S,207.5,"2,S",1.0,"1,S",1.0,"1,S",0.0,"1,S",0.0,"2,S",0.0,"2,S",0.0,"1,S",30.0,"1,S",1.0,"1,S",20070815.0,",2,S",20070825.0,",1,S",20070811.0,",1,S",19.0,"2,S,15,",5.1,"1,,S,25,",32.5,"1,S,11,",0.0,S,0.0,"1,S",5.1,"1,,,S",2.5469999999999997,"2,S",2.9170000000000003,"1,,,S",2.178,"2,,,S"
AGE00147716,2007-10-01,35.1,-1.85,83.0,"NEMOURS GHAZAOUET, AG",,,70.4,"2,S",6.0,",S",4.0,",S",1.0,",S",0.0,"2,S",0.0,"2,S",0.0,",S",30.0,",S",0.0,",S",20071027.0,",2,S",20071029.0,",,S",20071002.0,",,S",12.7,"2,S,27,",30.0,",,S,29,",28.0,",S,02,",,,1.3,",S",49.3,",,,S",2.072,"2,S",2.466,",,,S",1.6780000000000002,"2,,,S"
AGE00147716,2007-11-01,35.1,-1.85,83.0,"NEMOURS GHAZAOUET, AG",,,5.7,"3,S",6.0,",S",4.0,",S",2.0,",S",0.0,"1,S",0.0,"1,S",0.0,"2,S",14.0,"2,S",0.0,"2,S",20071117.0,",1,S",20071128.0,",,S",20071120.0,",2,S",8.2,"1,S,17,",37.1,",,S,28,",27.8,"2,S,20,",,,60.1,"2,S",98.0,",,,S",1.6350000000000002,"3,S",2.101,"2,,,S",1.169,"1,,,S"
AGE00147716,2007-12-01,35.1,-1.85,83.0,"NEMOURS GHAZAOUET, AG",,,2.6,"4,S",3.0,",S",2.0,",S",0.0,",S",0.0,"3,S",0.0,"3,S",0.0,"1,S",8.0,"1,S",0.0,"1,S",20071216.0,"+,3,S",20071225.0,",,S",20071212.0,",1,S",4.5,"3,S,16,+",19.1,",,S,25,",24.0,"1,S,12,",,,115.5,"1,S",26.5,",,,S",1.399,"4,S",1.907,"1,,,S",0.892,"3,,,S"
AGE00147716,2008-01-01,35.1,-1.85,83.0,"NEMOURS GHAZAOUET, AG",0.0,S,0.0,"3,S",2.0,",S",2.0,",S",0.0,",S",0.0,"3,S",0.0,"3,S",0.0,",S",4.0,",S",0.0,",S",20080101.0,",3,S",20080104.0,",,S",20080116.0,",,S",5.8,"3,S,01,",14.0,",,S,04,",22.0,",S,16,",,,130.1,",S",23.9,",,,S",1.372,"3,S",1.8530000000000002,",,,S",0.892,"3,,,S"
AGE00147716,2008-02-01,35.1,-1.85,83.0,"NEMOURS GHAZAOUET, AG",0.5,S,0.5,"2,S",6.0,"2,S",4.0,"2,S",0.0,"2,S",0.0,"1,S",0.0,"1,S",0.0,"1,S",3.0,"1,S",0.0,"1,S",20080211.0,",1,S",20080220.0,",2,S",20080219.0,",1,S",5.8,"1,S,11,",10.9,"2,,S,20,",22.5,"1,S,19,",,,101.2,"1,S",31.9,"2,,,S",1.448,"2,S",1.8510000000000002,"1,,,S",1.045,"1,,,S"
AGE00147716,2008-03-01,35.1,-1.85,83.0,"NEMOURS GHAZAOUET, AG",1.6,S,1.1,"1,S",5.0,",S",2.0,",S",0.0,",S",0.0,"1,S",0.0,"1,S",0.0,",S",10.0,",S",0.0,",S",20080307.0,",1,S",20080323.0,",,S",20080328.0,"+,,S",4.8,"1,S,07,",14.0,",,S,23,",22.5,",S,28,+",,,89.4,",S",21.8,",,,S",1.532,"1,S",1.984,",,,S",1.08,"1,,,S"
AGE00147716,2008-04-01,35.1,-1.85,83.0,"NEMOURS GHAZAOUET, AG",16.8,S,15.2,"1,S",4.0,",S",3.0,",S",0.0,",S",0.0,",S",0.0,",S",0.0,"1,S",23.0,"1,S",0.0,"1,S",20080402.0,",,S",20080421.0,",,S",20080409.0,",1,S",7.5,",S,02,",10.9,",,S,21,",28.2,"1,S,09,",,,40.8,"1,S",17.2,",,,S",1.748,"1,S",2.254,"1,,,S",1.242,",,,S"
AGE00147716,2008-05-01,35.1,-1.85,83.0,"NEMOURS GHAZAOUET, AG",42.6,S,25.8,"4,S",9.0,"1,S",4.0,"1,S",0.0,"1,S",0.0,"4,S",0.0,"4,S",0.0,"1,S",24.0,"1,S",0.0,"1,S",20080501.0,",4,S",20080510.0,",1,S",20080522.0,",1,S",12.0,"4,S,01,",6.1,"1,,S,10,",26.0,"1,S,22,",,,6.0,"1,S",22.7,"1,,,S",1.8989999999999998,"4,S",2.241,"1,,,S",1.557,"4,,,S"
AGE00147716,2008-06-01,35.1,-1.85,83.0,"NEMOURS GHAZAOUET, AG",149.3,S,106.7,"4,S",2.0,"3,S",1.0,"3,S",0.0,"3,S",0.0,"4,S",0.0,"4,S",0.0,"2,S",28.0,"2,S",0.0,"2,S",20080601.0,",4,S",20080601.0,",3,S",20080628.0,",2,S",13.0,"4,S,01,",3.0,"3,,S,01,",28.9,"2,S,28,",,,0.3,"2,S",3.8,"3,,,S",2.238,"4,S",2.6109999999999998,"2,,,S",1.866,"4,,,S"
AGE00147716,2008-07-01,35.1,-1.85,83.0,"NEMOURS GHAZAOUET, AG",379.7,S,230.4,"1,S",1.0,"1,S",1.0,"1,S",0.0,"1,S",0.0,"1,S",0.0,"1,S",0.0,",S",31.0,",S",2.0,",S",20080708.0,",1,S",20080717.0,",1,S",20080728.0,",,S",17.2,"1,S,08,",7.9,"1,,S,17,",32.4,",S,28,",0.0,S,0.0,",S",7.9,"1,,,S",2.601,"1,S",2.9690000000000003,",,,S",2.2329999999999997,"1,,,S"
AGE00147716,2008-10-01,35.1,-1.85,83.0,"NEMOURS GHAZAOUET, AG",,,,,12.0,"2,S",5.0,"2,S",1.0,"2,S",0.0,"5,S",0.0,"5,S",0.0,"4,S",24.0,"4,S",1.0,"4,S",20081031.0,",5,S",20081027.0,",2,S",20081011.0,",4,S",10.1,"5,S,31,",39.9,"2,,S,27,",35.7,"4,S,11,",,,,,71.9,"2,,,S",2.055,"9,S",2.419,"4,,,S",1.691,"5,,,S"
AGE00147716,2008-11-01,35.1,-1.85,83.0,"NEMOURS GHAZAOUET, AG",,,,,8.0,",S",5.0,",S",1.0,",S",0.0,"2,S",0.0,"2,S",0.0,"4,S",4.0,"4,S",0.0,"4,S",20081108.0,",2,S",20081128.0,",,S",20081112.0,",4,S",7.2,"2,S,08,",64.0,",,S,28,",22.5,"4,S,12,",,,,,116.5,",,,S",1.52,"6,S",1.94,"4,,,S",1.1,"2,,,S"
AGE00147716,2009-01-01,35.1,-1.85,83.0,"NEMOURS GHAZAOUET, AG",,,,,16.0,",S",13.0,",S",1.0,",S",0.0,"4,S",0.0,"4,S",0.0,"2,S",1.0,"2,S",0.0,"2,S",20090110.0,",4,S",20090102.0,",,S",20090123.0,",2,S",5.1,"4,S,10,",26.9,",,S,02,",21.7,"2,S,23,",,,,,111.2,",,,S",1.335,"6,S",1.67,"2,,,S",1.0,"4,,,S"
AGE00147716,2009-02-01,35.1,-1.85,83.0,"NEMOURS GHAZAOUET, AG",,,,,6.0,",S",5.0,",S",0.0,",S",0.0,"2,S",0.0,"2,S",0.0,"3,S",1.0,"3,S",0.0,"3,S",20090226.0,",2,S",20090208.0,",,S",20090227.0,",3,S",5.6,"2,S,26,",11.9,",,S,08,",22.6,"3,S,27,",,,,,40.1,",,,S",1.307,"5,S",1.72,"3,,,S",0.8949999999999999,"2,,,S"
AGE00147716,2009-03-01,35.1,-1.85,83.0,"NEMOURS GHAZAOUET, AG",,,0.0,"5,S",3.0,"2,S",2.0,"2,S",0.0,"2,S",0.0,"5,S",0.0,"5,S",0.0,"1,S",1.0,"1,S",0.0,"1,S",20090318.0,",5,S",20090305.0,",2,S",20090307.0,",1,S",6.2,"5,S,18,",5.1,"2,,S,05,",21.1,"1,S,07,",,,91.4,"1,S",8.6,"2,,,S",1.4769999999999999,"5,S",1.818,"1,,,S",1.135,"5,,,S"
AGE00147716,2009-04-01,35.1,-1.85,83.0,"NEMOURS GHAZAOUET, AG",,,1.8,"3,S",6.0,",S",5.0,",S",0.0,",S",0.0,"2,S",0.0,"2,S",0.0,"1,S",11.0,"1,S",0.0,"1,S",20090414.0,",2,S",20090420.0,",,S",20090405.0,",1,S",8.9,"2,S,14,",13.0,",,S,20,",25.6,"1,S,05,",,,58.2,"1,S",39.1,",,,S",1.6170000000000002,"3,S",2.075,"1,,,S",1.159,"2,,,S"
AGE00147716,2009-05-01,35.1,-1.85,83.0,"NEMOURS GHAZAOUET, AG",,,32.5,"4,S",1.0,",S",1.0,",S",0.0,",S",0.0,"2,S",0.0,"2,S",0.0,"2,S",28.0,"2,S",0.0,"2,S",20090516.0,",2,S",20090531.0,",,S",20090510.0,"+,2,S",6.0,"2,S,16,",4.1,",,S,31,",26.4,"2,S,10,+",,,8.8,"2,S",4.1,",,,S",1.9140000000000001,"4,S",2.342,"2,,,S",1.486,"2,,,S"
AGE00147716,2009-06-01,35.1,-1.85,83.0,"NEMOURS GHAZAOUET, AG",,,,,0.0,"2,S",0.0,"2,S",0.0,"2,S",0.0,"4,S",0.0,"4,S",0.0,"3,S",27.0,"3,S",0.0,"3,S",20090608.0,",4,S",20090630.0,"+,2,S",20090624.0,",3,S",15.8,"4,S,08,",0.0,"2,,S,30,+",31.1,"3,S,24,",,,,,0.0,"2,,,S",2.304,"6,S",2.684,"3,,,S",1.923,"4,,,S"
AGE00147716,2009-07-01,35.1,-1.85,83.0,"NEMOURS GHAZAOUET, AG",,,233.5,"3,S",0.0,"1,S",0.0,"1,S",0.0,"1,S",0.0,"2,S",0.0,"2,S",0.0,"1,S",30.0,"1,S",9.0,"1,S",20090710.0,",2,S",20090731.0,"+,1,S",20090705.0,",1,S",17.1,"2,S,10,",0.0,"1,,S,31,+",34.7,"1,S,05,",0.0,S,0.0,"1,S",0.0,"1,,,S",2.66,"3,S",3.09,"1,,,S",2.231,"2,,,S"
AGE00147716,2009-08-01,35.1,-1.85,83.0,"NEMOURS GHAZAOUET, AG",,,230.9,"3,S",3.0,"2,S",0.0,"2,S",0.0,"2,S",0.0,"2,S",0.0,"2,S",0.0,"2,S",29.0,"2,S",4.0,"2,S",20090829.0,",2,S",20090810.0,",2,S",20090801.0,",2,S",19.5,"2,S,29,",1.0,"2,,S,10,",34.5,"2,S,01,",0.0,S,0.0,"2,S",2.0,"2,,,S",2.66,"3,S",3.0309999999999997,"2,,,S",2.289,"2,,,S"
AGE00147716,2009-09-01,35.1,-1.85,83.0,"NEMOURS GHAZAOUET, AG",,,153.4,",S",7.0,"1,S",5.0,"1,S",1.0,"1,S",0.0,",S",0.0,",S",0.0,",S",30.0,",S",0.0,",S",20090913.0,",,S",20090928.0,",1,S",20090903.0,",,S",15.8,",S,13,",29.0,"1,,S,28,",31.1,",S,03,",0.0,S,0.0,",S",60.1,"1,,,S",2.3449999999999998,",S",2.716,",,,S",1.973,",,,S"
AGE00147716,2009-10-01,35.1,-1.85,83.0,"NEMOURS GHAZAOUET, AG",,,90.5,"2,S",1.0,",S",0.0,",S",0.0,",S",0.0,",S",0.0,",S",0.0,"2,S",29.0,"2,S",0.0,"2,S",20091017.0,",,S",20091021.0,",,S",20091022.0,",2,S",10.1,",S,17,",2.0,",,S,21,",29.4,"2,S,22,",0.5,S,0.5,"2,S",2.0,",,,S",2.145,"2,S",2.621,"2,,,S",1.669,",,,S"
AGE00147716,2009-11-01,35.1,-1.85,83.0,"NEMOURS GHAZAOUET, AG",,,37.0,"5,S",3.0,"1,S",1.0,"1,S",0.0,"1,S",0.0,"3,S",0.0,"3,S",0.0,"2,S",19.0,"2,S",0.0,"2,S",20091124.0,",3,S",20091130.0,",1,S",20091117.0,"+,2,S",5.6,"3,S,24,",7.1,"1,,S,30,",32.0,"2,S,17,+",20.9,S,20.4,"2,S",10.1,"1,,,S",1.8850000000000002,"5,S",2.338,"2,,,S",1.433,"3,,,S"
AGE00147716,2010-02-01,35.1,-1.85,83.0,"NEMOURS GHAZAOUET, AG",,,4.5,"4,S",10.0,"1,S",5.0,"1,S",0.0,"1,S",0.0,"3,S",0.0,"3,S",0.0,"1,S",9.0,"1,S",0.0,"1,S",20100202.0,",3,S",20100214.0,",1,S",20100222.0,",1,S",8.8,"3,S,02,",7.9,"1,,S,14,",23.9,"1,S,22,",,,63.0,"1,S",31.9,"1,,,S",1.582,"4,S",1.922,"1,,,S",1.241,"3,,,S"
AGE00147716,2010-03-01,35.1,-1.85,83.0,"NEMOURS GHAZAOUET, AG",,,0.4,"3,S",10.0,",S",5.0,",S",1.0,",S",0.0,"2,S",0.0,"2,S",0.0,"1,S",3.0,"1,S",0.0,"1,S",20100315.0,",2,S",20100309.0,",,S",20100319.0,",1,S",6.2,"2,S,15,",26.9,",,S,09,",23.3,"1,S,19,",,,75.5,"1,S",68.8,",,,S",1.545,"3,S",1.831,"1,,,S",1.259,"2,,,S"
AGE00147716,2010-04-01,35.1,-1.85,83.0,"NEMOURS GHAZAOUET, AG",,,4.8,",S",8.0,",S",4.0,",S",0.0,",S",0.0,",S",0.0,",S",0.0,",S",8.0,",S",0.0,",S",20100402.0,",,S",20100422.0,",,S",20100428.0,",,S",8.5,",S,02,",14.0,",,S,22,",22.1,",S,28,",,,44.8,",S",42.1,",,,S",1.7,",S",1.969,",,,S",1.431,",,,S"
AGE00147716,2010-05-01,35.1,-1.85,83.0,"NEMOURS GHAZAOUET, AG",,,35.7,"4,S",7.0,"2,S",3.0,"2,S",0.0,"2,S",0.0,"3,S",0.0,"3,S",0.0,"3,S",19.0,"3,S",0.0,"3,S",20100506.0,",3,S",20100501.0,",2,S",20100531.0,",3,S",9.9,"3,S,06,",9.9,"2,,S,01,",28.8,"3,S,31,",,,11.4,"3,S",19.0,"2,,,S",1.918,"4,S",2.237,"3,,,S",1.599,"3,,,S"
AGE00147716,2010-06-01,35.1,-1.85,83.0,"NEMOURS GHAZAOUET, AG",,,100.8,"2,S",3.0,",S",1.0,",S",0.0,",S",0.0,"1,S",0.0,"1,S",0.0,"1,S",29.0,"1,S",0.0,"1,S",20100620.0,",1,S",20100614.0,",,S",20100602.0,",1,S",15.8,"1,S,20,",13.0,",,S,14,",32.0,"1,S,02,",,,0.0,"1,S",14.6,",,,S",2.201,"2,S",2.523,"1,,,S",1.879,"1,,,S"
AGE00147716,2010-07-01,35.1,-1.85,83.0,"NEMOURS GHAZAOUET, AG",,,186.7,"5,S",1.0,",S",0.0,",S",0.0,",S",0.0,"2,S",0.0,"2,S",0.0,"3,S",28.0,"3,S",0.0,"3,S",20100715.0,",2,S",20100704.0,",,S",20100713.0,",3,S",21.3,"2,S,15,",0.3,",,S,04,",32.1,"3,S,13,",0.0,S,0.0,"3,S",0.3,",,,S",2.544,"5,S",2.79,"3,,,S",2.299,"2,,,S"
AGE00147716,2010-08-01,35.1,-1.85,83.0,"NEMOURS GHAZAOUET, AG",,,224.4,"3,S",3.0,",S",2.0,",S",1.0,",S",0.0,"1,S",0.0,"1,S",0.0,"2,S",29.0,"2,S",4.0,"2,S",20100805.0,",1,S",20100818.0,",,S",20100812.0,",2,S",21.1,"1,S,05,",27.9,",,S,18,",36.4,"2,S,12,",0.0,S,0.0,"2,S",38.3,",,,S",2.63,"3,S",2.896,"2,,,S",2.3649999999999998,"1,,,S"
AGE00147716,2010-09-01,35.1,-1.85,83.0,"NEMOURS GHAZAOUET, AG",,,134.8,"4,S",6.0,",S",2.0,",S",0.0,",S",0.0,"4,S",0.0,"4,S",0.0,",S",30.0,",S",0.0,",S",20100929.0,",4,S",20100928.0,",,S",20100917.0,",,S",15.7,"4,S,29,",7.1,",,S,28,",30.0,",S,17,",0.0,S,0.0,",S",13.7,",,,S",2.357,"4,S",2.645,",,,S",2.069,"4,,,S"
AGE00147716,2010-10-01,35.1,-1.85,83.0,"NEMOURS GHAZAOUET, AG",,,45.1,"2,S",4.0,",S",3.0,",S",1.0,",S",0.0,"1,S",0.0,"1,S",0.0,"1,S",28.0,"1,S",0.0,"1,S",20101021.0,",1,S",20101011.0,",,S",20101004.0,",1,S",11.6,"1,S,21,",32.0,",,S,11,",27.7,"1,S,04,",8.5,S,8.5,"1,S",64.9,",,,S",1.964,"2,S",2.335,"1,,,S",1.592,"1,,,S"
AGE00147716,2010-11-01,35.1,-1.85,83.0,"NEMOURS GHAZAOUET, AG",,,4.2,"4,S",7.0,",S",6.0,",S",0.0,",S",0.0,"2,S",0.0,"2,S",0.0,"2,S",8.0,"2,S",0.0,"2,S",20101117.0,",2,S",20101110.0,",,S",20101109.0,",2,S",7.3,"2,S,17,",17.0,",,S,10,",24.9,"2,S,09,",54.6,S,46.1,"2,S",37.6,",,,S",1.6629999999999998,"4,S",2.009,"2,,,S",1.318,"2,,,S"
AGE00147716,2010-12-01,35.1,-1.85,83.0,"NEMOURS GHAZAOUET, AG",,,9.5,"5,S",7.0,"1,S",5.0,"1,S",0.0,"1,S",0.0,"4,S",0.0,"4,S",0.0,"1,S",6.0,"1,S",0.0,"1,S",20101217.0,",4,S",20101201.0,",1,S",20101209.0,",1,S",2.6,"4,S,17,",9.9,"1,,S,01,",30.0,"1,S,09,",153.3,S,98.7,"1,S",30.2,"1,,,S",1.516,"5,S",1.8989999999999998,"1,,,S",1.133,"4,,,S"
AGE00147716,2011-01-01,35.1,-1.85,83.0,"NEMOURS GHAZAOUET, AG",0.3,S,0.3,"2,S",7.0,",S",2.0,",S",0.0,",S",0.0,",S",0.0,",S",0.0,"2,S",3.0,"2,S",0.0,"2,S",20110124.0,",,S",20110110.0,",,S",20110121.0,",2,S",6.2,",S,24,",16.0,",,S,10,",25.5,"2,S,21,",277.8,S,124.5,"2,S",33.9,",,,S",1.3980000000000001,"2,S",1.791,"2,,,S",1.0050000000000001,",,,S"
AGE00147716,2011-02-01,35.1,-1.85,83.0,"NEMOURS GHAZAOUET, AG",0.3,S,0.0,"1,S",6.0,"1,S",5.0,"1,S",0.0,"1,S",0.0,"1,S",0.0,"1,S",0.0,"1,S",1.0,"1,S",0.0,"1,S",20110208.0,",1,S",20110217.0,",1,S",20110227.0,",1,S",5.5,"1,S,08,",20.1,"1,,S,17,",21.3,"1,S,27,",418.4,S,140.6,"1,S",55.9,"1,,,S",1.3130000000000002,"1,S",1.714,"1,,,S",0.9109999999999999,"1,,,S"
AGE00147716,2011-04-01,35.1,-1.85,83.0,"NEMOURS GHAZAOUET, AG",,,4.9,"3,S",7.0,",S",6.0,",S",0.0,",S",0.0,"1,S",0.0,"1,S",0.0,"2,S",9.0,"2,S",0.0,"2,S",20110402.0,",1,S",20110430.0,",,S",20110409.0,",2,S",11.7,"1,S,02,",16.0,",,S,30,",27.3,"2,S,09,",,,31.4,"2,S",54.4,",,,S",1.737,"3,S",2.0469999999999997,"2,,,S",1.426,"1,,,S"
AGE00147716,2011-05-01,35.1,-1.85,83.0,"NEMOURS GHAZAOUET, AG",,,52.2,"2,S",9.0,",S",4.0,",S",0.0,",S",0.0,",S",0.0,",S",0.0,"2,S",22.0,"2,S",1.0,"2,S",20110508.0,"+,,S",20110520.0,",,S",20110528.0,",2,S",14.3,",S,08,+",13.0,",,S,20,",33.1,"2,S,28,",,,2.5,"2,S",36.6,",,,S",2.007,"2,S",2.269,"2,,,S",1.7449999999999999,",,,S"
AGE00147716,2011-06-01,35.1,-1.85,83.0,"NEMOURS GHAZAOUET, AG",,,124.3,",S",3.0,"2,S",2.0,"2,S",0.0,"2,S",0.0,",S",0.0,",S",0.0,",S",30.0,",S",0.0,",S",20110604.0,",,S",20110608.0,",2,S",20110618.0,",,S",14.1,",S,04,",5.1,"2,,S,08,",31.8,",S,18,",,,0.7,",S",9.5,"2,,,S",2.245,",S",2.536,",,,S",1.955,",,,S"
AGE00147716,2011-07-01,35.1,-1.85,83.0,"NEMOURS GHAZAOUET, AG",,,198.7,"3,S",0.0,"2,S",0.0,"2,S",0.0,"2,S",0.0,"3,S",0.0,"3,S",0.0,"2,S",29.0,"2,S",3.0,"2,S",20110705.0,",3,S",20110731.0,"+,2,S",20110712.0,",2,S",17.2,"3,S,05,",0.0,"2,,S,31,+",33.9,"2,S,12,",0.0,S,0.0,"2,S",0.0,"2,,,S",2.54,"3,S",2.843,"2,,,S",2.2359999999999998,"3,,,S"
AGE00147716,2011-08-01,35.1,-1.85,83.0,"NEMOURS GHAZAOUET, AG",,,236.2,",S",5.0,",S",2.0,",S",0.0,",S",0.0,",S",0.0,",S",0.0,",S",31.0,",S",2.0,",S",20110814.0,",,S",20110830.0,",,S",20110808.0,",,S",20.8,",S,14,",7.9,",,S,30,",33.5,",S,08,",0.0,S,0.0,",S",14.2,",,,S",2.5949999999999998,",S",2.8739999999999997,",,,S",2.317,",,,S"
AGE00147716,2011-09-01,35.1,-1.85,83.0,"NEMOURS GHAZAOUET, AG",,,161.7,",S",2.0,",S",0.0,",S",0.0,",S",0.0,",S",0.0,",S",0.0,",S",30.0,",S",0.0,",S",20110925.0,",,S",20110924.0,",,S",20110911.0,",,S",16.9,",S,25,",0.5,",,S,24,",29.6,",S,11,",0.0,S,0.0,",S",0.8,",,,S",2.372,",S",2.657,",,,S",2.088,",,,S"
AGE00147716,2011-10-01,35.1,-1.85,83.0,"NEMOURS GHAZAOUET, AG",,,47.0,",S",6.0,",S",5.0,",S",1.0,",S",0.0,",S",0.0,",S",0.0,",S",30.0,",S",0.0,",S",20111026.0,",,S",20111029.0,",,S",20111024.0,",,S",13.0,",S,26,",32.0,",,S,29,",27.3,",S,24,",1.2,S,1.2,",S",87.1,",,,S",1.9809999999999999,",S",2.3329999999999997,",,,S",1.629,",,,S"
AGE00147716,2011-11-01,35.1,-1.85,83.0,"NEMOURS GHAZAOUET, AG",,,5.9,"4,S",8.0,"1,S",6.0,"1,S",1.0,"1,S",0.0,"4,S",0.0,"4,S",0.0,",S",8.0,",S",0.0,",S",20111125.0,",4,S",20111128.0,",1,S",20111113.0,",,S",9.3,"4,S,25,",82.0,"1,,S,28,",27.3,",S,13,",54.6,S,53.4,",S",129.1,"1,,,S",1.672,"4,S",2.055,",,,S",1.2890000000000001,"4,,,S"
AGE00147716,2011-12-01,35.1,-1.85,83.0,"NEMOURS GHAZAOUET, AG",,,0.0,"4,S",5.0,",S",2.0,",S",0.0,",S",0.0,"3,S",0.0,"3,S",0.0,"1,S",0.0,"1,S",0.0,"1,S",20111221.0,",3,S",20111203.0,",,S",20111214.0,",1,S",4.1,"3,S,21,",23.1,",,S,03,",19.7,"1,S,14,",191.1,S,136.5,"1,S",43.3,",,,S",1.329,"4,S",1.7570000000000001,"1,,,S",0.901,"3,,,S"
AGE00147716,2012-01-01,35.1,-1.85,83.0,"NEMOURS GHAZAOUET, AG",0.0,S,0.0,"2,S",6.0,",S",5.0,",S",1.0,",S",0.0,"2,S",0.0,"2,S",0.0,",S",0.0,",S",0.0,",S",20120131.0,",2,S",20120118.0,",,S",20120106.0,",,S",4.1,"2,S,31,",31.0,",,S,18,",20.2,",S,06,",385.7,S,194.6,",S",69.5,",,,S",1.1560000000000001,"2,S",1.583,",,,S",0.73,"2,,,S"
AGE00147716,2012-02-01,35.1,-1.85,83.0,"NEMOURS GHAZAOUET, AG",0.0,S,0.0,"4,S",8.0,",S",7.0,",S",0.0,",S",0.0,"4,S",0.0,"4,S",0.0,",S",0.0,",S",0.0,",S",20120214.0,",4,S",20120212.0,",,S",20120226.0,",,S",2.5,"4,S,14,",13.0,",,S,12,",19.9,",S,26,",572.0,S,186.3,",S",45.5,",,,S",1.079,"4,S",1.48,",,,S",0.678,"4,,,S"
AGE00147716,2012-03-01,35.1,-1.85,83.0,"NEMOURS GHAZAOUET, AG",0.0,S,0.0,"4,S",5.0,",S",2.0,",S",0.0,",S",0.0,"3,S",0.0,"3,S",0.0,"1,S",0.0,"1,S",0.0,"1,S",20120312.0,"+,3,S",20120331.0,",,S",20120305.0,",1,S",5.6,"3,S,12,+",19.1,",,S,31,",19.6,"1,S,05,",706.8,S,134.8,"1,S",25.3,",,,S",1.329,"4,S",1.687,"1,,,S",0.9720000000000001,"3,,,S"
AGE00147716,2012-04-01,35.1,-1.85,83.0,"NEMOURS GHAZAOUET, AG",0.0,S,0.0,"1,S",5.0,",S",4.0,",S",0.0,",S",0.0,"1,S",0.0,"1,S",0.0,",S",3.0,",S",0.0,",S",20120407.0,",1,S",20120415.0,",,S",20120422.0,",,S",8.8,"1,S,07,",7.1,",,S,15,",22.5,",S,22,",776.6,S,69.8,",S",22.3,",,,S",1.592,"1,S",1.9280000000000002,",,,S",1.2570000000000001,"1,,,S"
AGE00147716,2012-05-01,35.1,-1.85,83.0,"NEMOURS GHAZAOUET, AG",41.4,S,41.4,"3,S",1.0,",S",1.0,",S",0.0,",S",0.0,"1,S",0.0,"1,S",0.0,"3,S",21.0,"3,S",0.0,"3,S",20120501.0,",1,S",20120521.0,",,S",20120512.0,",3,S",10.5,"1,S,01,",7.1,",,S,21,",30.5,"3,S,12,",793.9,S,17.3,"3,S",7.1,",,,S",1.911,"3,S",2.234,"3,,,S",1.587,"1,,,S"
AGE00147716,2012-06-01,35.1,-1.85,83.0,"NEMOURS GHAZAOUET, AG",197.7,S,156.3,"1,S",2.0,",S",0.0,",S",0.0,",S",0.0,",S",0.0,",S",0.0,"1,S",29.0,"1,S",0.0,"1,S",20120613.0,",,S",20120619.0,",,S",20120628.0,",1,S",16.8,",S,13,",2.0,",,S,19,",32.0,"1,S,28,",793.9,S,0.0,"1,S",2.5,",,,S",2.371,"1,S",2.657,"1,,,S",2.085,",,,S"
AGE00147716,2012-07-01,35.1,-1.85,83.0,"NEMOURS GHAZAOUET, AG",406.8,S,209.1,"2,S",0.0,"1,S",0.0,"1,S",0.0,"1,S",0.0,"1,S",0.0,"1,S",0.0,"1,S",30.0,"1,S",2.0,"1,S",20120702.0,",1,S",20120731.0,"+,1,S",20120714.0,",1,S",18.6,"1,S,02,",0.0,"1,,S,31,+",36.1,"1,S,14,",0.0,S,0.0,"1,S",0.0,"1,,,S",2.552,"2,S",2.8489999999999998,"1,,,S",2.255,"1,,,S"
AGE00147716,2012-08-01,35.1,-1.85,83.0,"NEMOURS GHAZAOUET, AG",662.1,S,255.3,"2,S",0.0,",S",0.0,",S",0.0,",S",0.0,"1,S",0.0,"1,S",0.0,"1,S",30.0,"1,S",4.0,"1,S",20120827.0,",1,S",20120831.0,"+,,S",20120802.0,",1,S",20.6,"1,S,27,",0.0,",,S,31,+",41.4,"1,S,02,",0.0,S,0.0,"1,S",0.0,",,,S",2.706,"2,S",3.045,"1,,,S",2.368,"1,,,S"
AGE00147716,2012-09-01,35.1,-1.85,83.0,"NEMOURS GHAZAOUET, AG",799.2,S,137.1,"1,S",6.0,",S",5.0,",S",0.0,",S",0.0,"1,S",0.0,"1,S",0.0,",S",30.0,",S",1.0,",S",20120903.0,",1,S",20120907.0,",,S",20120913.0,",,S",16.4,"1,S,03,",16.0,",,S,07,",32.3,",S,13,",0.0,S,0.0,",S",43.2,",,,S",2.301,"1,S",2.619,",,,S",1.984,"1,,,S"
AGE00147716,2012-10-01,35.1,-1.85,83.0,"NEMOURS GHAZAOUET, AG",865.2,S,66.0,"4,S",5.0,",S",4.0,",S",1.0,",S",0.0,"4,S",0.0,"4,S",0.0,",S",26.0,",S",1.0,",S",20121029.0,",4,S",20121020.0,",,S",20121018.0,",,S",12.4,"4,S,29,",34.0,",,S,20,",33.1,",S,18,",2.7,S,2.7,",S",85.1,",,,S",2.055,"4,S",2.37,",,,S",1.7399999999999998,"4,,,S"
AGE00147716,2012-11-01,35.1,-1.85,83.0,"NEMOURS GHAZAOUET, AG",,,,,12.0,"1,S",8.0,"1,S",1.0,"1,S",0.0,"4,S",0.0,"4,S",0.0,"3,S",6.0,"3,S",0.0,"3,S",20121128.0,",4,S",20121113.0,",1,S",20121103.0,",3,S",10.8,"4,S,28,",31.0,"1,,S,13,",31.3,"3,S,03,",,,,,91.6,"1,,,S",1.763,"6,S",2.051,"3,,,S",1.475,"4,,,S"
AGE00147716,2012-12-01,35.1,-1.85,83.0,"NEMOURS GHAZAOUET, AG",,,0.0,"2,S",5.0,",S",3.0,",S",1.0,",S",0.0,"1,S",0.0,"1,S",0.0,"1,S",2.0,"1,S",0.0,"1,S",20121229.0,",1,S",20121202.0,",,S",20121221.0,",1,S",5.2,"1,S,29,",37.1,",,S,02,",21.7,"1,S,21,",,,127.8,"1,S",45.7,",,,S",1.3900000000000001,"2,S",1.795,"1,,,S",0.985,"1,,,S"
AGE00147716,2013-01-01,35.1,-1.85,83.0,"NEMOURS GHAZAOUET, AG",0.0,S,0.0,"3,S",8.0,"2,S",6.0,"2,S",1.0,"2,S",0.0,"2,S",0.0,"2,S",0.0,"2,S",0.0,"2,S",0.0,"2,S",20130107.0,"+,2,S",20130115.0,",2,S",20130130.0,",2,S",7.1,"2,S,07,+",33.0,"2,,S,15,",20.7,"2,S,30,",,,119.0,"2,S",101.5,"2,,,S",1.405,"3,S",1.736,"2,,,S",1.074,"2,,,S"
AGE00147716,2013-02-01,35.1,-1.85,83.0,"NEMOURS GHAZAOUET, AG",0.0,S,0.0,"3,S",10.0,",S",7.0,",S",0.0,",S",0.0,"3,S",0.0,"3,S",0.0,",S",1.0,",S",0.0,",S",20130204.0,",3,S",20130223.0,"+,,S",20130201.0,",,S",3.7,"3,S,04,",8.9,",,S,23,+",22.1,",S,01,",,,135.5,",S",52.3,",,,S",1.2730000000000001,"3,S",1.6440000000000001,",,,S",0.9029999999999999,"3,,,S"
AGE00147716,2013-03-01,35.1,-1.85,83.0,"NEMOURS GHAZAOUET, AG",5.6,S,5.6,"2,S",13.0,",S",4.0,",S",0.0,",S",0.0,"2,S",0.0,"2,S",0.0,",S",9.0,",S",0.0,",S",20130315.0,",2,S",20130324.0,",,S",20130307.0,",,S",6.2,"2,S,15,",20.1,",,S,24,",28.4,",S,07,",,,67.8,",S",48.6,",,,S",1.614,"2,S",2.004,",,,S",1.224,"2,,,S"
AGE00147716,2013-04-01,35.1,-1.85,83.0,"NEMOURS GHAZAOUET, AG",5.6,S,0.0,"2,S",11.0,",S",4.0,",S",0.0,",S",0.0,"1,S",0.0,"1,S",0.0,"1,S",3.0,"1,S",0.0,"1,S",20130408.0,",1,S",20130425.0,",,S",20130426.0,",1,S",7.9,"1,S,08,",19.1,",,S,25,",22.3,"1,S,26,",,,61.6,"1,S",53.0,",,,S",1.621,"2,S",1.911,"1,,,S",1.331,"1,,,S"
AGE00147716,2013-05-01,35.1,-1.85,83.0,"NEMOURS GHAZAOUET, AG",32.6,S,27.0,",S",9.0,",S",4.0,",S",0.0,",S",0.0,",S",0.0,",S",0.0,",S",18.0,",S",0.0,",S",20130501.0,",,S",20130522.0,",,S",20130509.0,",,S",9.8,",S,01,",24.9,",,S,22,",30.6,",S,09,",,,32.4,",S",46.0,",,,S",1.816,",S",2.186,",,,S",1.4460000000000002,",,,S"
AGE00147716,2013-06-01,35.1,-1.85,83.0,"NEMOURS GHAZAOUET, AG",84.6,S,52.0,"3,S",0.0,"2,S",0.0,"2,S",0.0,"2,S",0.0,"3,S",0.0,"3,S",0.0,"2,S",28.0,"2,S",0.0,"2,S",20130610.0,"+,3,S",20130630.0,"+,2,S",20130617.0,",2,S",14.0,"3,S,10,+",0.0,"2,,S,30,+",27.4,"2,S,17,",,,0.0,"2,S",0.0,"2,,,S",2.025,"3,S",2.351,"2,,,S",1.6989999999999998,"3,,,S"
AGE00147716,2013-07-01,35.1,-1.85,83.0,"NEMOURS GHAZAOUET, AG",254.1,S,169.5,"1,S",6.0,",S",0.0,",S",0.0,",S",0.0,"1,S",0.0,"1,S",0.0,",S",31.0,",S",0.0,",S",20130715.0,",1,S",20130724.0,"+,,S",20130726.0,",,S",19.1,"1,S,15,",1.0,",,S,24,+",28.4,",S,26,",0.0,S,0.0,",S",3.6,",,,S",2.399,"1,S",2.632,",,,S",2.166,"1,,,S"
AGE00147716,2013-08-01,35.1,-1.85,83.0,"NEMOURS GHAZAOUET, AG",467.0,S,212.9,"2,S",2.0,",S",0.0,",S",0.0,",S",0.0,"1,S",0.0,"1,S",0.0,"1,S",30.0,"1,S",1.0,"1,S",20130810.0,",1,S",20130828.0,"+,,S",20130807.0,",1,S",18.9,"1,S,10,",2.0,",,S,28,+",33.1,"1,S,07,",0.0,S,0.0,"1,S",4.0,",,,S",2.568,"2,S",2.8289999999999997,"1,,,S",2.306,"1,,,S"
AGE00147716,2013-09-01,35.1,-1.85,83.0,"NEMOURS GHAZAOUET, AG",597.5,S,130.5,"2,S",2.0,",S",1.0,",S",1.0,",S",0.0,"1,S",0.0,"1,S",0.0,"1,S",29.0,"1,S",0.0,"1,S",20130923.0,",1,S",20130910.0,",,S",20130930.0,"+,1,S",17.6,"1,S,23,",50.0,",,S,10,",27.3,"1,S,30,+",0.0,S,0.0,"1,S",50.8,",,,S",2.299,"2,S",2.59,"1,,,S",2.009,"1,,,S"
AGE00147716,2013-10-01,35.1,-1.85,83.0,"NEMOURS GHAZAOUET, AG",686.6,S,89.1,",S",0.0,",S",0.0,",S",0.0,",S",0.0,",S",0.0,",S",0.0,",S",30.0,",S",0.0,",S",20131031.0,",,S",20131031.0,"+,,S",20131005.0,",,S",11.8,",S,31,",0.0,",,S,31,+",27.4,",S,05,",1.9,S,1.9,",S",0.0,",,,S",2.1149999999999998,",S",2.473,",,,S",1.7559999999999998,",,,S"
AGE00147716,2013-11-01,35.1,-1.85,83.0,"NEMOURS GHAZAOUET, AG",690.4,S,3.8,"3,S",7.0,",S",4.0,",S",0.0,",S",0.0,"3,S",0.0,"3,S",0.0,",S",11.0,",S",0.0,",S",20131130.0,",3,S",20131124.0,",,S",20131104.0,",,S",5.4,"3,S,30,",17.0,",,S,24,",23.2,",S,04,",78.7,S,76.8,",S",45.7,",,,S",1.55,"3,S",1.919,",,,S",1.1800000000000002,"3,,,S"
AGE00147716,2013-12-01,35.1,-1.85,83.0,"NEMOURS GHAZAOUET, AG",690.4,S,0.0,"3,S",10.0,",S",7.0,",S",1.0,",S",0.0,"3,S",0.0,"3,S",0.0,",S",2.0,",S",0.0,",S",20131230.0,",3,S",20131222.0,",,S",20131225.0,",,S",6.0,"3,S,30,",34.0,",,S,22,",22.7,",S,25,",222.7,S,144.0,",S",115.2,",,,S",1.314,"3,S",1.6989999999999998,",,,S",0.9289999999999999,"3,,,S"
AGE00147716,2014-02-01,35.1,-1.85,83.0,"NEMOURS GHAZAOUET, AG",,,0.5,"3,S",8.0,",S",5.0,",S",0.0,",S",0.0,"3,S",0.0,"3,S",0.0,",S",5.0,",S",0.0,",S",20140223.0,",3,S",20140219.0,"+,,S",20140209.0,",,S",6.1,"3,S,23,",14.0,",,S,19,+",25.3,",S,09,",,,100.2,",S",56.4,",,,S",1.424,"3,S",1.8079999999999998,",,,S",1.0390000000000001,"3,,,S"
AGE00147716,2014-03-01,35.1,-1.85,83.0,"NEMOURS GHAZAOUET, AG",,,,,4.0,"2,S",3.0,"2,S",2.0,"2,S",0.0,"4,S",0.0,"4,S",0.0,"2,S",1.0,"2,S",0.0,"2,S",20140308.0,",4,S",20140314.0,",2,S",20140331.0,",2,S",7.4,"4,S,08,",41.9,"2,,S,14,",21.3,"2,S,31,",,,,,85.1,"2,,,S",1.399,"6,S",1.7730000000000001,"2,,,S",1.025,"4,,,S"
AGE00147716,2014-04-01,35.1,-1.85,83.0,"NEMOURS GHAZAOUET, AG",,,5.8,",S",2.0,",S",1.0,",S",0.0,",S",0.0,",S",0.0,",S",0.0,",S",11.0,",S",0.0,",S",20140401.0,",,S",20140403.0,",,S",20140428.0,",,S",9.9,",S,01,",9.9,",,S,03,",25.1,",S,28,",,,35.1,",S",10.9,",,,S",1.736,",S",2.072,",,,S",1.399,",,,S"
AGE00147716,2014-05-01,35.1,-1.85,83.0,"NEMOURS GHAZAOUET, AG",,,26.5,",S",5.0,",S",2.0,",S",1.0,",S",0.0,",S",0.0,",S",0.0,",S",24.0,",S",0.0,",S",20140504.0,",,S",20140518.0,",,S",20140530.0,",,S",11.2,",S,04,",35.1,",,S,18,",26.8,",S,30,",,,11.0,",S",41.2,",,,S",1.8829999999999998,",S",2.2079999999999997,",,,S",1.559,",,,S"
AGE00147716,2014-06-01,35.1,-1.85,83.0,"NEMOURS GHAZAOUET, AG",,,100.3,"3,S",3.0,",S",0.0,",S",0.0,",S",0.0,"2,S",0.0,"2,S",0.0,"1,S",29.0,"1,S",0.0,"1,S",20140603.0,",2,S",20140625.0,"+,,S",20140629.0,",1,S",16.2,"2,S,03,",2.0,",,S,25,+",28.8,"1,S,29,",,,0.0,"1,S",4.5,",,,S",2.212,"3,S",2.538,"1,,,S",1.887,"2,,,S"
AGE00147716,2014-07-01,35.1,-1.85,83.0,"NEMOURS GHAZAOUET, AG",,,162.4,"2,S",0.0,"2,S",0.0,"2,S",0.0,"2,S",0.0,"2,S",0.0,"2,S",0.0,"2,S",29.0,"2,S",0.0,"2,S",20140701.0,",2,S",20140731.0,"+,2,S",20140724.0,",2,S",17.3,"2,S,01,",0.0,"2,,S,31,+",30.9,"2,S,24,",0.0,S,0.0,"2,S",0.0,"2,,,S",2.393,"2,S",2.71,"2,,,S",2.077,"2,,,S"
AGE00147716,2014-08-01,35.1,-1.85,83.0,"NEMOURS GHAZAOUET, AG",,,215.0,",S",3.0,",S",0.0,",S",0.0,",S",0.0,",S",0.0,",S",0.0,",S",31.0,",S",2.0,",S",20140803.0,",,S",20140810.0,",,S",20140827.0,"+,,S",19.1,",S,03,",0.8,",,S,10,",32.5,",S,27,+",0.0,S,0.0,",S",1.4,",,,S",2.527,",S",2.857,",,,S",2.197,",,,S"
AGE00147716,2014-09-01,35.1,-1.85,83.0,"NEMOURS GHAZAOUET, AG",,,173.4,",S",7.0,",S",3.0,",S",1.0,",S",0.0,",S",0.0,",S",0.0,",S",30.0,",S",0.0,",S",20140923.0,",,S",20140928.0,",,S",20140905.0,"+,,S",18.3,",S,23,",35.1,",,S,28,",30.6,",S,05,+",0.0,S,0.0,",S",51.3,",,,S",2.411,",S",2.707,",,,S",2.1149999999999998,",,,S"
AGE00147716,2014-10-01,35.1,-1.85,83.0,"NEMOURS GHAZAOUET, AG",,,102.7,"1,S",4.0,",S",2.0,",S",0.0,",S",0.0,"1,S",0.0,"1,S",0.0,",S",31.0,",S",3.0,",S",20141024.0,",1,S",20141015.0,",,S",20141011.0,",,S",13.7,"1,S,24,",6.1,",,S,15,",34.9,",S,11,",0.2,S,0.2,",S",11.8,",,,S",2.17,"1,S",2.553,",,,S",1.786,"1,,,S"
AGE00147716,2014-11-01,35.1,-1.85,83.0,"NEMOURS GHAZAOUET, AG",,,14.3,"3,S",10.0,"1,S",4.0,"1,S",0.0,"1,S",0.0,"3,S",0.0,"3,S",0.0,",S",13.0,",S",0.0,",S",20141118.0,",3,S",20141105.0,",1,S",20141122.0,",,S",10.1,"3,S,18,",18.0,"1,,S,05,",29.7,",S,22,",36.4,S,36.2,",S",38.8,"1,,,S",1.7710000000000001,"3,S",2.1149999999999998,",,,S",1.427,"3,,,S"
AGE00147716,2015-01-01,35.1,-1.85,83.0,"NEMOURS GHAZAOUET, AG",0.0,S,0.0,"4,S",7.0,",S",6.0,",S",1.0,",S",0.0,"4,S",0.0,"4,S",0.0,",S",0.0,",S",0.0,",S",20150101.0,",4,S",20150120.0,",,S",20150111.0,",,S",4.2,"4,S,01,",65.0,",,S,20,",20.3,",S,11,",,,161.0,",S",101.0,",,,S",1.2269999999999999,"4,S",1.6260000000000001,",,,S",0.828,"4,,,S"
AGE00147716,2015-02-01,35.1,-1.85,83.0,"NEMOURS GHAZAOUET, AG",,,,,8.0,",S",3.0,",S",1.0,",S",0.0,"4,S",0.0,"4,S",0.0,"2,S",0.0,"2,S",0.0,"2,S",20150208.0,",4,S",20150205.0,",,S",20150223.0,",2,S",5.2,"4,S,08,",43.9,",,S,05,",19.5,"2,S,23,",,,,,60.2,",,,S",1.316,"6,S",1.583,"2,,,S",1.05,"4,,,S"
AGE00147716,2015-03-01,35.1,-1.85,83.0,"NEMOURS GHAZAOUET, AG",,,3.7,"1,S",4.0,"2,S",2.0,"2,S",0.0,"2,S",0.0,"1,S",0.0,"1,S",0.0,",S",5.0,",S",0.0,",S",20150306.0,",1,S",20150324.0,",2,S",20150329.0,",,S",4.3,"1,S,06,",5.1,"2,,S,24,",25.2,",S,29,",,,124.7,",S",11.0,"2,,,S",1.426,"1,S",1.834,",,,S",1.017,"1,,,S"
AGE00147716,2015-04-01,35.1,-1.85,83.0,"NEMOURS GHAZAOUET, AG",,,0.0,"1,S",4.0,",S",1.0,",S",0.0,",S",0.0,"1,S",0.0,"1,S",0.0,",S",4.0,",S",0.0,",S",20150408.0,",1,S",20150416.0,",,S",20150429.0,",,S",12.1,"1,S,08,",15.0,",,S,16,",22.8,",S,29,",,,50.9,",S",18.8,",,,S",1.6600000000000001,"1,S",1.916,",,,S",1.403,"1,,,S"
AGE00147716,2015-05-01,35.1,-1.85,83.0,"NEMOURS GHAZAOUET, AG",,,45.1,"2,S",4.0,"1,S",3.0,"1,S",0.0,"1,S",0.0,"2,S",0.0,"2,S",0.0,",S",28.0,",S",0.0,",S",20150522.0,",2,S",20150526.0,"+,1,S",20150505.0,",,S",13.2,"2,S,22,",8.9,"1,,S,26,+",26.9,",S,05,",,,2.2,",S",24.2,"1,,,S",1.967,"2,S",2.2920000000000003,",,,S",1.641,"2,,,S"
AGE00147716,2015-06-01,35.1,-1.85,83.0,"NEMOURS GHAZAOUET, AG",,,110.8,"1,S",3.0,"1,S",1.0,"1,S",0.0,"1,S",0.0,"1,S",0.0,"1,S",0.0,",S",30.0,",S",0.0,",S",20150614.0,",1,S",20150612.0,",1,S",20150623.0,",,S",16.0,"1,S,14,",9.9,"1,,S,12,",29.4,",S,23,",,,0.0,",S",10.7,"1,,,S",2.212,"1,S",2.512,",,,S",1.911,"1,,,S"
AGE00147716,2015-07-01,35.1,-1.85,83.0,"NEMOURS GHAZAOUET, AG",,,246.6,"2,S",1.0,"2,S",0.0,"2,S",0.0,"2,S",0.0,"2,S",0.0,"2,S",0.0,"1,S",30.0,"1,S",6.0,"1,S",20150712.0,",2,S",20150718.0,",2,S",20150724.0,",1,S",20.9,"2,S,12,",0.3,"2,,S,18,",33.8,"1,S,24,",0.0,S,0.0,"1,S",0.3,"2,,,S",2.681,"2,S",3.022,"1,,,S",2.341,"2,,,S"
AGE00147716,2015-08-01,35.1,-1.85,83.0,"NEMOURS GHAZAOUET, AG",,,217.7,"5,S",5.0,"3,S",1.0,"3,S",0.0,"3,S",0.0,"3,S",0.0,"3,S",0.0,"2,S",29.0,"2,S",2.0,"2,S",20150815.0,",3,S",20150827.0,",3,S",20150813.0,"+,2,S",19.4,"3,S,15,",3.0,"3,,S,27,",32.9,"2,S,13,+",0.0,S,0.0,"2,S",6.3,"3,,,S",2.669,"5,S",2.928,"2,,,S",2.41,"3,,,S"
AGE00147716,2015-09-01,35.1,-1.85,83.0,"NEMOURS GHAZAOUET, AG",,,134.5,"3,S",2.0,"2,S",1.0,"2,S",0.0,"2,S",0.0,"3,S",0.0,"3,S",0.0,",S",30.0,",S",1.0,",S",20150926.0,",3,S",20150929.0,",2,S",20150922.0,",,S",16.3,"3,S,26,",4.1,"2,,S,29,",32.3,",S,22,",0.0,S,0.0,",S",4.6,"2,,,S",2.3280000000000003,"3,S",2.649,",,,S",2.007,"3,,,S"
AGE00147716,2015-10-01,35.1,-1.85,83.0,"NEMOURS GHAZAOUET, AG",,,82.6,"2,S",9.0,"1,S",4.0,"1,S",1.0,"1,S",0.0,"2,S",0.0,"2,S",0.0,",S",30.0,",S",0.0,",S",20151023.0,",2,S",20151020.0,",1,S",20151005.0,",,S",14.2,"2,S,23,",32.0,"1,,S,20,",31.9,",S,05,",0.1,S,0.1,",S",53.1,"1,,,S",2.112,"2,S",2.431,",,,S",1.7920000000000003,"2,,,S"
AGE00147716,2015-11-01,35.1,-1.85,83.0,"NEMOURS GHAZAOUET, AG",,,2.5,"2,S",5.0,",S",4.0,",S",1.0,",S",0.0,"2,S",0.0,"2,S",0.0,"1,S",9.0,"1,S",0.0,"1,S",20151125.0,",2,S",20151123.0,",,S",20151121.0,",1,S",8.3,"2,S,25,",29.0,",,S,23,",25.2,"1,S,21,",58.1,S,58.0,"1,S",48.3,",,,S",1.6309999999999998,"2,S",2.013,"1,,,S",1.249,"2,,,S"
AGE00147716,2015-12-01,35.1,-1.85,83.0,"NEMOURS GHAZAOUET, AG",,,0.0,"3,S",0.0,"2,S",0.0,"2,S",0.0,"2,S",0.0,"3,S",0.0,"3,S",0.0,"1,S",1.0,"1,S",0.0,"1,S",20151227.0,",3,S",20151231.0,"+,2,S",20151230.0,",1,S",7.8,"3,S,27,",0.0,"2,,S,31,+",21.2,"1,S,30,",173.7,S,115.6,"1,S",0.0,"2,,,S",1.42,"3,S",1.847,"1,,,S",0.994,"3,,,S"
AGE00147716,2016-01-01,35.1,-1.85,83.0,"NEMOURS GHAZAOUET, AG",1.1,S,1.1,"4,S",6.0,",S",3.0,",S",0.0,",S",0.0,"3,S",0.0,"3,S",0.0,"1,S",4.0,"1,S",0.0,"1,S",20160117.0,",3,S",20160128.0,",,S",20160109.0,",1,S",4.9,"3,S,17,",5.1,",,S,28,",23.7,"1,S,09,",270.9,S,97.2,"1,S",14.6,",,,S",1.47,"4,S",1.8530000000000002,"1,,,S",1.088,"3,,,S"
AGE00147716,2016-02-01,35.1,-1.85,83.0,"NEMOURS GHAZAOUET, AG",1.2,S,0.1,"3,S",4.0,"3,S",4.0,"3,S",0.0,"3,S",0.0,"3,S",1.0,"3,S",0.0,"2,S",1.0,"2,S",0.0,"2,S",20160221.0,",3,S",20160228.0,",3,S",20160211.0,",2,S",0.0,"3,S,21,",14.0,"3,,S,28,",22.5,"2,S,11,",370.2,S,99.3,"2,S",34.1,"3,,,S",1.443,"3,S",1.7890000000000001,"2,,,S",1.097,"3,,,S"
AGE00147716,2016-03-01,35.1,-1.85,83.0,"NEMOURS GHAZAOUET, AG",1.2,S,0.0,"2,S",7.0,",S",4.0,",S",0.0,",S",0.0,"2,S",0.0,"2,S",0.0,",S",1.0,",S",0.0,",S",20160312.0,",2,S",20160322.0,",,S",20160302.0,",,S",6.2,"2,S,12,",8.9,",,S,22,",21.4,",S,02,",500.2,S,130.0,",S",27.7,",,,S",1.375,"2,S",1.7710000000000001,",,,S",0.9789999999999999,"2,,,S"
AGE00147716,2016-04-01,35.1,-1.85,83.0,"NEMOURS GHAZAOUET, AG",3.2,S,2.0,",S",4.0,",S",3.0,",S",0.0,",S",0.0,",S",0.0,",S",0.0,",S",4.0,",S",0.0,",S",20160402.0,",,S",20160405.0,",,S",20160408.0,",,S",7.2,",S,02,",9.9,",,S,05,",24.5,",S,08,",555.1,S,54.9,",S",19.0,",,,S",1.657,",S",1.9929999999999999,",,,S",1.3210000000000002,",,,S"
AGE00147716,2016-05-01,35.1,-1.85,83.0,"NEMOURS GHAZAOUET, AG",35.0,S,31.8,",S",5.0,",S",3.0,",S",0.0,",S",0.0,",S",0.0,",S",0.0,",S",23.0,",S",0.0,",S",20160503.0,",,S",20160511.0,"+,,S",20160522.0,",,S",10.8,",S,03,",10.9,",,S,11,+",27.5,",S,22,",566.1,S,11.0,",S",28.4,",,,S",1.9010000000000002,",S",2.227,",,,S",1.575,",,,S"
AGE00147716,2016-06-01,35.1,-1.85,83.0,"NEMOURS GHAZAOUET, AG",164.2,S,129.2,",S",1.0,",S",1.0,",S",0.0,",S",0.0,",S",0.0,",S",0.0,",S",30.0,",S",1.0,",S",20160601.0,",,S",20160629.0,",,S",20160613.0,",,S",14.8,",S,01,",3.0,",,S,29,",32.8,",S,13,",566.1,S,0.0,",S",3.0,",,,S",2.2640000000000002,",S",2.574,",,,S",1.954,",,,S"
AGE00147716,2016-07-01,35.1,-1.85,83.0,"NEMOURS GHAZAOUET, AG",344.2,S,180.0,"2,S",1.0,"1,S",0.0,"1,S",0.0,"1,S",0.0,"2,S",0.0,"2,S",0.0,"1,S",30.0,"1,S",3.0,"1,S",20160717.0,",2,S",20160702.0,",1,S",20160712.0,",1,S",19.1,"2,S,17,",0.3,"1,,S,02,",35.7,"1,S,12,",0.0,S,0.0,"1,S",0.3,"1,,,S",2.467,"2,S",2.727,"1,,,S",2.2079999999999997,"2,,,S"
AGE00147716,2016-08-01,35.1,-1.85,83.0,"NEMOURS GHAZAOUET, AG",554.2,S,210.0,",S",1.0,",S",0.0,",S",0.0,",S",0.0,",S",0.0,",S",0.0,",S",31.0,",S",3.0,",S",20160807.0,",,S",20160816.0,",,S",20160801.0,",,S",18.1,",S,07,",2.0,",,S,16,",32.7,",S,01,",0.0,S,0.0,",S",2.0,",,,S",2.511,",S",2.784,",,,S",2.237,",,,S"
AGE00147716,2016-09-01,35.1,-1.85,83.0,"NEMOURS GHAZAOUET, AG",710.7,S,156.5,"1,S",4.0,",S",3.0,",S",0.0,",S",0.0,"1,S",0.0,"1,S",0.0,",S",30.0,",S",0.0,",S",20160916.0,",1,S",20160920.0,"+,,S",20160908.0,",,S",16.9,"1,S,16,",5.1,",,S,20,+",30.2,",S,08,",0.0,S,0.0,",S",14.2,",,,S",2.369,"1,S",2.666,",,,S",2.073,"1,,,S"
AGE00147716,2016-10-01,35.1,-1.85,83.0,"NEMOURS GHAZAOUET, AG",792.9,S,82.2,"4,S",2.0,"1,S",2.0,"1,S",0.0,"1,S",0.0,"3,S",0.0,"3,S",0.0,"2,S",29.0,"2,S",1.0,"2,S",20161031.0,",3,S",20161014.0,",1,S",20161026.0,",2,S",12.3,"3,S,31,",4.1,"1,,S,14,",32.2,"2,S,26,",2.4,S,2.4,"2,S",7.1,"1,,,S",2.129,"4,S",2.412,"2,,,S",1.847,"3,,,S"
AGE00147716,2022-05-01,35.1,-1.85,83.0,"NEMOURS GHAZAOUET, AG",,,49.6,"1,S",3.0,",S",3.0,",S",0.0,",S",0.0,"1,S",0.0,"1,S",0.0,",S",27.0,",S",0.0,",S",20220501.0,",1,S",20220505.0,",,S",20220524.0,",,S",11.3,"1,S,01,",17.0,",,S,05,",27.1,",S,24,",,,4.9,",S",30.9,",,,S",1.9739999999999998,"1,S",2.273,",,,S",1.674,"1,,,S"
AGE00147716,2022-06-01,35.1,-1.85,83.0,"NEMOURS GHAZAOUET, AG",,,136.5,"1,S",2.0,"2,S",1.0,"2,S",0.0,"2,S",0.0,"1,S",0.0,"1,S",0.0,",S",30.0,",S",0.0,",S",20220628.0,"+,1,S",20220623.0,",2,S",20220609.0,",,S",17.3,"1,S,28,+",4.1,"2,,S,23,",31.9,",S,09,",,,0.0,",S",4.4,"2,,,S",2.299,"1,S",2.56,",,,S",2.037,"1,,,S"
AGE00147716,2022-07-01,35.1,-1.85,83.0,"NEMOURS GHAZAOUET, AG",,,225.0,"2,S",2.0,",S",1.0,",S",0.0,",S",0.0,"1,S",0.0,"1,S",0.0,"1,S",30.0,"1,S",3.0,"1,S",20220710.0,",1,S",20220706.0,",,S",20220726.0,",1,S",19.4,"1,S,10,",5.1,",,S,06,",38.1,"1,S,26,",0.0,S,0.0,"1,S",5.4,",,,S",2.617,"2,S",2.9050000000000002,"1,,,S",2.3289999999999997,"1,,,S"
AGE00147716,2022-08-01,35.1,-1.85,83.0,"NEMOURS GHAZAOUET, AG",,,243.7,"3,S",2.0,"1,S",0.0,"1,S",0.0,"1,S",0.0,"1,S",0.0,"1,S",0.0,"3,S",28.0,"3,S",3.0,"3,S",20220823.0,",1,S",20220809.0,"+,1,S",20220822.0,"+,3,S",18.9,"1,S,23,",0.3,"1,,S,09,+",33.6,"3,S,22,+",0.0,S,0.0,"3,S",0.6,"1,,,S",2.71,"3,S",3.008,"3,,,S",2.412,"1,,,S"
AGE00147716,2022-09-01,35.1,-1.85,83.0,"NEMOURS GHAZAOUET, AG",,,166.6,"3,S",5.0,"2,S",1.0,"2,S",0.0,"2,S",0.0,"3,S",0.0,"3,S",0.0,",S",30.0,",S",2.0,",S",20220928.0,",3,S",20220926.0,",2,S",20220912.0,",,S",16.3,"3,S,28,",4.1,"2,,S,26,",36.0,",S,12,",0.0,S,0.0,",S",6.4,"2,,,S",2.451,"3,S",2.784,",,,S",2.118,"3,,,S"
AGE00147716,2022-10-01,35.1,-1.85,83.0,"NEMOURS GHAZAOUET, AG",,,109.2,"2,S",2.0,"2,S",2.0,"2,S",0.0,"2,S",0.0,",S",0.0,",S",0.0,"2,S",29.0,"2,S",1.0,"2,S",20221002.0,"+,,S",20221001.0,",2,S",20221017.0,",2,S",13.4,",S,02,+",13.0,"2,,S,01,",36.3,"2,S,17,",0.0,S,0.0,"2,S",21.9,"2,,,S",2.213,"2,S",2.565,"2,,,S",1.861,",,,S"
AGE00147716,2022-11-01,35.1,-1.85,83.0,"NEMOURS GHAZAOUET, AG",,,37.8,"3,S",3.0,"2,S",3.0,"2,S",0.0,"2,S",0.0,"1,S",0.0,"1,S",0.0,"2,S",21.0,"2,S",0.0,"2,S",20221130.0,",1,S",20221120.0,",2,S",20221112.0,",2,S",7.4,"1,S,30,",16.0,"2,,S,20,",30.8,"2,S,12,",19.4,S,19.4,"2,S",27.9,"2,,,S",1.888,"3,S",2.286,"2,,,S",1.489,"1,,,S"
AGE00147716,2022-12-01,35.1,-1.85,83.0,"NEMOURS GHAZAOUET, AG",,,11.4,"2,S",7.0,",S",2.0,",S",0.0,",S",0.0,"2,S",0.0,"2,S",0.0,",S",16.0,",S",0.0,",S",20221228.0,",2,S",20221203.0,",,S",20221213.0,",,S",7.8,"2,S,28,",23.9,",,S,03,",27.6,",S,13,",75.9,S,56.5,",S",38.1,",,,S",1.684,"2,S",2.158,",,,S",1.2109999999999999,"2,,,S"
AGE00147716,2023-01-01,35.1,-1.85,83.0,"NEMOURS GHAZAOUET, AG",0.0,S,0.0,"1,S",8.0,",S",6.0,",S",1.0,",S",0.0,"1,S",0.0,"1,S",0.0,",S",2.0,",S",0.0,",S",20230124.0,",1,S",20230122.0,",,S",20230108.0,",,S",3.3,"1,S,24,",29.0,",,S,22,",23.6,",S,08,",230.7,S,154.8,",S",90.2,",,,S",1.318,"1,S",1.72,",,,S",0.916,"1,,,S"
AGE00147716,2023-02-01,35.1,-1.85,83.0,"NEMOURS GHAZAOUET, AG",2.0,S,2.0,"1,S",5.0,",S",3.0,",S",0.0,",S",0.0,"1,S",0.0,"1,S",0.0,",S",5.0,",S",0.0,",S",20230202.0,",1,S",20230226.0,"+,,S",20230220.0,",,S",3.8,"1,S,02,",7.1,",,S,26,+",27.5,",S,20,",348.0,S,117.3,",S",20.1,",,,S",1.401,"1,S",1.7730000000000001,",,,S",1.03,"1,,,S"
AGE00147716,2023-03-01,35.1,-1.85,83.0,"NEMOURS GHAZAOUET, AG",5.0,S,3.0,"3,S",0.0,"1,S",0.0,"1,S",0.0,"1,S",0.0,"1,S",0.0,"1,S",0.0,"2,S",12.0,"2,S",0.0,"2,S",20230304.0,",1,S",20230331.0,"+,1,S",20230331.0,"+,2,S",7.6,"1,S,04,",0.0,"1,,S,31,+",26.5,"2,S,31,+",418.3,S,70.3,"2,S",0.0,"1,,,S",1.582,"3,S",2.052,"2,,,S",1.1119999999999999,"1,,,S"
AGE00147716,2023-04-01,35.1,-1.85,83.0,"NEMOURS GHAZAOUET, AG",26.6,S,21.6,"2,S",0.0,"1,S",0.0,"1,S",0.0,"1,S",0.0,"1,S",0.0,"1,S",0.0,"2,S",16.0,"2,S",0.0,"2,S",20230409.0,",1,S",20230430.0,"+,1,S",20230429.0,",2,S",7.9,"1,S,09,",0.0,"1,,S,30,+",29.2,"2,S,29,",455.9,S,37.6,"2,S",0.0,"1,,,S",1.77,"2,S",2.209,"2,,,S",1.331,"1,,,S"
AGE00147716,2023-05-01,35.1,-1.85,83.0,"NEMOURS GHAZAOUET, AG",72.1,S,45.5,"1,S",3.0,",S",0.0,",S",0.0,",S",0.0,"1,S",0.0,"1,S",0.0,",S",28.0,",S",0.0,",S",20230523.0,",1,S",20230523.0,",,S",20230509.0,",,S",12.1,"1,S,23,",2.0,",,S,23,",29.8,",S,09,",459.8,S,3.9,",S",3.5,",,,S",1.9739999999999998,"1,S",2.326,",,,S",1.623,"1,,,S"
AGE00147716,2023-06-01,35.1,-1.85,83.0,"NEMOURS GHAZAOUET, AG",196.4,S,124.3,"5,S",4.0,"3,S",1.0,"3,S",0.0,"3,S",0.0,"5,S",0.0,"5,S",0.0,"3,S",27.0,"3,S",1.0,"3,S",20230604.0,",5,S",20230609.0,",3,S",20230630.0,",3,S",16.4,"5,S,04,",3.0,"3,,S,09,",33.7,"3,S,30,",459.8,S,0.0,"3,S",7.8,"3,,,S",2.321,"5,S",2.597,"3,,,S",2.044,"5,,,S"
AGE00147716,2023-07-01,35.1,-1.85,83.0,"NEMOURS GHAZAOUET, AG",463.8,S,267.4,"2,S",0.0,",S",0.0,",S",0.0,",S",0.0,"1,S",0.0,"1,S",0.0,"1,S",30.0,"1,S",8.0,"1,S",20230704.0,",1,S",20230731.0,"+,,S",20230712.0,",1,S",21.6,"1,S,04,",0.0,",,S,31,+",35.2,"1,S,12,",0.0,S,0.0,"1,S",0.0,",,,S",2.753,"2,S",3.054,"1,,,S",2.451,"1,,,S"
AGE00147716,2023-08-01,35.1,-1.85,83.0,"NEMOURS GHAZAOUET, AG",691.5,S,227.7,"3,S",0.0,"1,S",0.0,"1,S",0.0,"1,S",0.0,"2,S",0.0,"2,S",0.0,"1,S",30.0,"1,S",6.0,"1,S",20230829.0,",2,S",20230831.0,"+,1,S",20230826.0,"+,1,S",18.3,"2,S,29,",0.0,"1,,S,31,+",34.3,"1,S,26,+",0.0,S,0.0,"1,S",0.0,"1,,,S",2.648,"3,S",3.004,"1,,,S",2.293,"2,,,S"
AGE00147716,2023-09-01,35.1,-1.85,83.0,"NEMOURS GHAZAOUET, AG",851.9,S,160.4,"1,S",4.0,"1,S",1.0,"1,S",1.0,"1,S",0.0,"1,S",0.0,"1,S",0.0,"1,S",29.0,"1,S",0.0,"1,S",20230928.0,",1,S",20230903.0,",1,S",20230915.0,",1,S",16.6,"1,S,28,",27.9,"1,,S,03,",29.6,"1,S,15,",0.0,S,0.0,"1,S",30.9,"1,,,S",2.386,"1,S",2.654,"1,,,S",2.119,"1,,,S"
AGE00147716,2023-10-01,35.1,-1.85,83.0,"NEMOURS GHAZAOUET, AG",953.4,S,101.5,"2,S",2.0,",S",2.0,",S",0.0,",S",0.0,"1,S",0.0,"1,S",0.0,"1,S",30.0,"1,S",0.0,"1,S",20231029.0,",1,S",20231024.0,",,S",20231019.0,",1,S",14.8,"1,S,29,",14.0,",,S,24,",32.0,"1,S,19,",0.0,S,0.0,"1,S",20.1,",,,S",2.183,"2,S",2.525,"1,,,S",1.841,"1,,,S"
AGE00147716,2023-11-01,35.1,-1.85,83.0,"NEMOURS GHAZAOUET, AG",963.1,S,9.7,"5,S",4.0,",S",1.0,",S",0.0,",S",0.0,",S",0.0,",S",0.0,"5,S",13.0,"5,S",0.0,"5,S",20231123.0,",,S",20231122.0,",,S",20231102.0,",5,S",8.2,",S,23,",6.1,",,S,22,",25.5,"5,S,02,",38.2,S,38.2,"5,S",9.4,",,,S",1.7260000000000002,"5,S",2.152,"5,,,S",1.3,",,,S"
AGE00147716,2023-12-01,35.1,-1.85,83.0,"NEMOURS GHAZAOUET, AG",967.5,S,4.4,"3,S",4.0,"2,S",0.0,"2,S",0.0,"2,S",0.0,"3,S",0.0,"3,S",0.0,",S",6.0,",S",0.0,",S",20231226.0,",3,S",20231219.0,",2,S",20231201.0,",,S",5.8,"3,S,26,",2.0,"2,,S,19,",27.7,",S,01,",141.0,S,102.8,",S",3.1,"2,,,S",1.481,"3,S",1.9329999999999998,",,,S",1.028,"3,,,S"
AGE00147716,2024-01-01,35.1,-1.85,83.0,"NEMOURS GHAZAOUET, AG",4.2,S,4.2,"3,S",3.0,"1,S",3.0,"1,S",0.0,"1,S",0.0,"3,S",0.0,"3,S",0.0,",S",5.0,",S",0.0,",S",20240108.0,",3,S",20240106.0,",1,S",20240117.0,",,S",6.6,"3,S,08,",8.9,"1,,S,06,",27.2,",S,17,",242.3,S,101.3,",S",16.0,"1,,,S",1.476,"3,S",1.89,",,,S",1.061,"3,,,S"
AGE00147716,2024-04-01,35.1,-1.85,83.0,"NEMOURS GHAZAOUET, AG",,,,,5.0,"2,S",1.0,"2,S",0.0,"2,S",0.0,"5,S",0.0,"5,S",0.0,"3,S",8.0,"3,S",0.0,"3,S",20240411.0,",5,S",20240421.0,",2,S",20240416.0,",3,S",9.4,"5,S,11,",3.0,"2,,S,21,",29.1,"3,S,16,",,,,,5.1,"2,,,S",1.706,"6,S",2.0620000000000003,"3,,,S",1.35,"5,,,S"
AGE00147716,2024-10-01,35.1,-1.85,83.0,"NEMOURS GHAZAOUET, AG",,,,,3.0,"2,S",1.0,"2,S",0.0,"2,S",0.0,"4,S",0.0,"4,S",0.0,"3,S",27.0,"3,S",0.0,"3,S",20241027.0,",4,S",20241026.0,",2,S",20241002.0,",3,S",13.7,"4,S,27,",13.0,"2,,S,26,",30.3,"3,S,02,",,,,,13.6,"2,,,S",2.137,"6,S",2.476,"3,,,S",1.799,"4,,,S"
AGE00147716,2024-12-01,35.1,-1.85,83.0,"NEMOURS GHAZAOUET, AG",,,0.1,"4,S",1.0,"3,S",0.0,"3,S",0.0,"3,S",0.0,"3,S",0.0,"3,S",0.0,"3,S",3.0,"3,S",0.0,"3,S",20241227.0,",3,S",20241205.0,",3,S",20241207.0,",3,S",5.6,"3,S,27,",0.3,"3,,S,05,",24.6,"3,S,07,",,,122.8,"3,S",0.3,"3,,,S",1.384,"4,S",1.8489999999999998,"3,,,S",0.9189999999999999,"3,,,S"
