STATION,DATE,LATITUDE,LONGITUDE,ELEVATION,NAME,CDSD,CDSD_ATTRIBUTES,CLDD,CLDD_ATTRIBUTES,DP01,DP01_ATTRIBUTES,DP10,DP10_ATTRIBUTES,DP1X,DP1X_ATTRIBUTES,DT00,DT00_ATTRIBUTES,DT32,DT32_ATTRIBUTES,DX32,DX32_ATTRIBUTES,DX70,DX70_ATTRIBUTES,DX90,DX90_ATTRIBUTES,DYNT,DYNT_ATTRIBUTES,DYXP,DYXP_ATTRIBUTES,DYXT,DYXT_ATTRIBUTES,EMNT,EMNT_ATTRIBUTES,EMXP,EMXP_ATTRIBUTES,EMXT,EMXT_ATTRIBUTES,HDSD,HDSD_ATTRIBUTES,HTDD,HTDD_ATTRIBUTES,PRCP,PRCP_ATTRIBUTES,TAVG,TAVG_ATTRIBUTES,TMAX,TMAX_ATTRIBUTES,TMIN,TMIN_ATTRIBUTES
AGE00147717,1880-01-01,35.2,0.63,476.0,"SIDI BEL ABBES, AG",0.0,E,0.0,",E",6,",E",5,",E",0,",E",0.0,",E",24.0,",E",0.0,",E",0.0,",E",0.0,",E",18800114.0,",,E",18800131,",,E",18800119.0,",,E",-8.3,",E,14,",18.0,",,E,31,",19.4,",E,19,",,,393.9,",E",52.0,",,,E",0.563,",E",1.375,",,,E",-0.24900000000000003,",,,E"
AGE00147717,1880-02-01,35.2,0.63,476.0,"SIDI BEL ABBES, AG",0.0,E,0.0,",E",5,",E",2,",E",0,",E",0.0,",E",3.0,",E",0.0,",E",7.0,",E",0.0,",E",18800219.0,",,E",18800213,",,E",18800222.0,",,E",-2.0,",E,19,",7.4,",,E,13,",24.5,",E,22,",,,238.5,",E",16.6,",,,E",1.011,",E",1.706,",,,E",0.316,",,,E"
AGE00147717,1880-03-01,35.2,0.63,476.0,"SIDI BEL ABBES, AG",0.0,E,0.0,",E",8,",E",6,",E",0,",E",0.0,",E",2.0,",E",0.0,",E",8.0,",E",0.0,",E",18800306.0,",,E",18800327,",,E",18800318.0,",,E",-0.2,",E,06,",22.5,",,E,27,",26.3,",E,18,",,,206.1,",E",77.1,",,,E",1.169,",E",1.844,",,,E",0.493,",,,E"
AGE00147717,1880-04-01,35.2,0.63,476.0,"SIDI BEL ABBES, AG",0.0,E,0.0,",E",7,",E",5,",E",0,",E",0.0,",E",0.0,",E",0.0,",E",9.0,",E",0.0,",E",18800422.0,",,E",18800412,",,E",18800422.0,",,E",1.1,",E,22,",12.0,",,E,12,",24.5,",E,22,",,,166.1,",E",41.6,",,,E",1.28,",E",1.9489999999999998,",,,E",0.611,",,,E"
AGE00147717,1880-05-01,35.2,0.63,476.0,"SIDI BEL ABBES, AG",7.4,E,7.4,"1,E",10,",E",5,",E",2,",E",0.0,",E",0.0,",E",0.0,"1,E",20.0,"1,E",1.0,"1,E",18800522.0,",,E",18800507,",,E",18800526.0,",1,E",2.8,",E,22,",51.0,",,E,07,",33.2,"1,E,26,",,,101.5,"1,E",129.2,",,,E",1.5210000000000001,"1,E",2.242,"1,,,E",0.8009999999999999,",,,E"
AGE00147717,1880-06-01,35.2,0.63,476.0,"SIDI BEL ABBES, AG",39.5,E,32.1,",E",0,",E",0,",E",0,",E",0.0,",E",0.0,",E",0.0,",E",30.0,",E",4.0,",E",18800608.0,",,E",18800630,"+,,E",18800609.0,",,E",6.0,",E,08,",0.0,",,E,30,+",33.4,",E,09,",,,14.2,",E",0.0,",,,E",1.893,",E",2.762,",,,E",1.024,",,,E"
AGE00147717,1880-07-01,35.2,0.63,476.0,"SIDI BEL ABBES, AG",263.6,E,224.1,",E",0,",E",0,",E",0,",E",0.0,",E",0.0,",E",0.0,",E",31.0,",E",23.0,",E",18800710.0,",,E",18800731,"+,,E",18800730.0,",,E",10.6,",E,10,",0.0,",,E,31,+",42.8,",E,30,",0.0,E,0.0,",E",0.0,",,,E",2.556,",E",3.5789999999999997,",,,E",1.534,",,,E"
AGE00147717,1880-08-01,35.2,0.63,476.0,"SIDI BEL ABBES, AG",425.8,E,162.2,",E",4,",E",0,",E",0,",E",0.0,",E",0.0,",E",0.0,",E",31.0,",E",15.0,",E",18800831.0,",,E",18800813,",,E",18800819.0,",,E",7.2,",E,31,",2.2,",,E,13,",37.0,",E,19,",1.2,E,1.2,",E",5.0,",,,E",2.352,",E",3.2,",,,E",1.5050000000000001,",,,E"
AGE00147717,1880-09-01,35.2,0.63,476.0,"SIDI BEL ABBES, AG",537.3,E,111.5,",E",2,",E",2,",E",0,",E",0.0,",E",0.0,",E",0.0,",E",30.0,",E",14.0,",E",18800920.0,",,E",18800904,",,E",18800907.0,"+,,E",5.6,",E,20,",2.6,",,E,04,",35.8,",E,07,+",6.3,E,5.1,",E",5.1,",,,E",2.1879999999999997,",E",3.153,",,,E",1.223,",,,E"
AGE00147717,1880-10-01,35.2,0.63,476.0,"SIDI BEL ABBES, AG",551.5,E,14.2,",E",2,",E",1,",E",0,",E",0.0,",E",0.0,",E",0.0,",E",30.0,",E",1.0,",E",18801003.0,",,E",18801011,",,E",18801027.0,",,E",3.5,",E,03,",2.8,",,E,11,",32.8,",E,27,",45.4,E,39.1,",E",4.8,",,,E",1.7530000000000001,",E",2.612,",,,E",0.8939999999999999,",,,E"
AGE00147717,1880-11-01,35.2,0.63,476.0,"SIDI BEL ABBES, AG",551.5,E,0.0,",E",6,",E",4,",E",0,",E",0.0,",E",2.0,",E",0.0,",E",8.0,",E",0.0,",E",18801122.0,"+,,E",18801121,",,E",18801127.0,",,E",0.0,",E,22,+",10.6,",,E,21,",23.2,",E,27,",246.4,E,201.0,",E",35.0,",,,E",1.163,",E",1.831,",,,E",0.496,",,,E"
AGE00147717,1880-12-01,35.2,0.63,476.0,"SIDI BEL ABBES, AG",551.5,E,0.0,",E",3,",E",2,",E",0,",E",0.0,",E",17.0,",E",0.0,",E",1.0,",E",0.0,",E",18801215.0,",,E",18801218,",,E",18801229.0,",,E",-5.5,",E,15,",7.0,",,E,18,",21.8,",E,29,",531.0,E,284.6,",E",13.4,",,,E",0.915,",E",1.794,",,,E",0.037,",,,E"
AGE00147717,1881-01-01,35.2,0.63,476.0,"SIDI BEL ABBES, AG",1.1,E,1.1,",E",2,",E",2,",E",0,",E",0.0,",E",7.0,",E",0.0,",E",17.0,",E",0.0,",E",18810103.0,",,E",18810117,",,E",18810124.0,",,E",-5.4,",E,03,",5.2,",,E,17,",27.0,",E,24,",718.8,E,187.8,",E",10.3,",,,E",1.231,",E",1.9609999999999999,",,,E",0.501,",,,E"
AGE00147717,1881-02-01,35.2,0.63,476.0,"SIDI BEL ABBES, AG",1.1,E,0.0,",E",7,",E",3,",E",0,",E",0.0,",E",2.0,",E",0.0,",E",7.0,",E",0.0,",E",18810214.0,",,E",18810217,",,E",18810210.0,",,E",-1.2,",E,14,",14.7,",,E,17,",24.6,",E,10,",907.2,E,188.4,",E",27.0,",,,E",1.161,",E",1.864,",,,E",0.457,",,,E"
AGE00147717,1881-03-01,35.2,0.63,476.0,"SIDI BEL ABBES, AG",6.1,E,5.0,",E",8,",E",6,",E",0,",E",0.0,",E",0.0,",E",0.0,",E",21.0,",E",1.0,",E",18810316.0,",,E",18810314,",,E",18810313.0,",,E",1.0,",E,16,",13.5,",,E,14,",34.0,",E,13,",1011.7,E,104.5,",E",49.6,",,,E",1.512,",E",2.324,",,,E",0.701,",,,E"
AGE00147717,1881-04-01,35.2,0.63,476.0,"SIDI BEL ABBES, AG",8.6,E,2.5,",E",3,",E",1,",E",0,",E",0.0,",E",1.0,",E",0.0,",E",22.0,",E",1.0,",E",18810426.0,",,E",18810422,",,E",18810417.0,",,E",0.0,",E,26,",6.0,",,E,22,",34.4,",E,17,",1118.2,E,106.5,",E",9.2,",,,E",1.4869999999999999,",E",2.319,",,,E",0.655,",,,E"
AGE00147717,1881-05-01,35.2,0.63,476.0,"SIDI BEL ABBES, AG",17.7,E,9.1,",E",6,",E",3,",E",0,",E",0.0,",E",0.0,",E",0.0,",E",28.0,",E",0.0,",E",18810506.0,",,E",18810513,",,E",18810523.0,",,E",0.8,",E,06,",12.0,",,E,13,",32.1,",E,23,",1170.7,E,52.5,",E",25.9,",,,E",1.693,",E",2.523,",,,E",0.8630000000000001,",,,E"
AGE00147717,1881-06-01,35.2,0.63,476.0,"SIDI BEL ABBES, AG",93.1,E,75.4,",E",3,",E",2,",E",0,",E",0.0,",E",0.0,",E",0.0,",E",30.0,",E",6.0,",E",18810611.0,",,E",18810605,",,E",18810628.0,",,E",4.8,",E,11,",17.3,",,E,05,",36.8,",E,28,",1182.8,E,12.1,",E",21.4,",,,E",2.044,",E",2.843,",,,E",1.246,",,,E"
AGE00147717,1881-07-01,35.2,0.63,476.0,"SIDI BEL ABBES, AG",357.0,E,263.9,",E",1,",E",0,",E",0,",E",0.0,",E",0.0,",E",0.0,",E",31.0,",E",28.0,",E",18810718.0,",,E",18810703,",,E",18810726.0,"+,,E",14.4,",E,18,",0.8,",,E,03,",40.6,",E,26,+",0.0,E,0.0,",E",0.8,",,,E",2.685,",E",3.6130000000000004,",,,E",1.7559999999999998,",,,E"
AGE00147717,1881-08-01,35.2,0.63,476.0,"SIDI BEL ABBES, AG",590.3,E,233.3,",E",0,",E",0,",E",0,",E",0.0,",E",0.0,",E",0.0,",E",31.0,",E",29.0,",E",18810830.0,"+,,E",18810831,"+,,E",18810819.0,",,E",11.2,",E,30,+",0.0,",,E,31,+",42.6,",E,19,",0.0,E,0.0,",E",0.0,",,,E",2.586,",E",3.646,",,,E",1.526,",,,E"
AGE00147717,1881-09-01,35.2,0.63,476.0,"SIDI BEL ABBES, AG",688.0,E,97.7,",E",1,",E",0,",E",0,",E",0.0,",E",0.0,",E",0.0,",E",30.0,",E",8.0,",E",18810912.0,",,E",18810906,",,E",18810917.0,",,E",6.1,",E,12,",0.6,",,E,06,",38.7,",E,17,",4.0,E,4.0,",E",0.6,",,,E",2.146,",E",3.0149999999999997,",,,E",1.276,",,,E"
AGE00147717,1881-10-01,35.2,0.63,476.0,"SIDI BEL ABBES, AG",689.3,E,1.3,",E",11,",E",8,",E",1,",E",0.0,",E",0.0,",E",0.0,",E",21.0,",E",0.0,",E",18811031.0,",,E",18811029,",,E",18811022.0,",,E",5.5,",E,31,",26.0,",,E,29,",28.2,",E,22,",84.8,E,80.8,",E",76.7,",,,E",1.577,",E",2.211,",,,E",0.943,",,,E"
AGE00147717,1881-11-01,35.2,0.63,476.0,"SIDI BEL ABBES, AG",689.3,E,0.0,",E",2,",E",1,",E",0,",E",0.0,",E",5.0,",E",0.0,",E",9.0,",E",0.0,",E",18811125.0,"+,,E",18811129,",,E",18811107.0,"+,,E",-1.2,",E,25,+",3.0,",,E,29,",27.2,",E,07,+",282.3,E,197.5,",E",5.0,",,,E",1.175,",E",2.054,",,,E",0.296,",,,E"
AGE00147717,1881-12-01,35.2,0.63,476.0,"SIDI BEL ABBES, AG",689.3,E,0.0,",E",13,",E",7,",E",1,",E",0.0,",E",8.0,",E",0.0,",E",0.0,",E",0.0,",E",18811224.0,",,E",18811210,",,E",18811219.0,",,E",-3.4,",E,24,",26.0,",,E,10,",19.4,",E,19,",601.7,E,319.4,",E",105.4,",,,E",0.8029999999999999,",E",1.3820000000000001,",,,E",0.22400000000000003,",,,E"
AGE00147717,1882-01-01,35.2,0.63,476.0,"SIDI BEL ABBES, AG",0.0,,0.0,",E",3,",E",2,",E",0,",E",0.0,",E",16.0,",E",0.0,",E",0.0,",E",0.0,",E",18820119.0,",,E",18820104,",,E",18820131.0,"+,,E",-4.0,",E,19,",8.0,",,E,04,",19.4,",E,31,+",922.1,,320.4,",E",15.0,",,,E",0.8,",E",1.5390000000000001,",,,E",0.06,",,,E"
AGE00147717,1882-02-01,35.2,0.63,476.0,"SIDI BEL ABBES, AG",0.0,,0.0,",E",6,",E",2,",E",1,",E",0.0,",E",10.0,",E",0.0,",E",5.0,",E",0.0,",E",18820210.0,",,E",18820213,",,E",18820228.0,"+,,E",-5.8,",E,10,",38.0,",,E,13,",22.4,",E,28,+",1186.3,,264.2,",E",48.0,",,,E",0.89,",E",1.6190000000000002,",,,E",0.161,",,,E"
AGE00147717,1882-03-01,35.2,0.63,476.0,"SIDI BEL ABBES, AG",0.0,,0.0,",E",4,",E",4,",E",0,",E",0.0,",E",16.0,",E",0.0,",E",6.0,",E",0.0,",E",18820325.0,",,E",18820305,",,E",18820326.0,",,E",-3.6,",E,25,",7.0,",,E,05,",23.0,",E,26,",1474.1,,287.8,",E",22.0,",,,E",0.905,",E",1.737,",,,E",0.073,",,,E"
AGE00147717,1882-04-01,35.2,0.63,476.0,"SIDI BEL ABBES, AG",4.2,,4.2,",E",3,",E",2,",E",0,",E",0.0,",E",2.0,",E",0.0,",E",14.0,",E",2.0,",E",18820407.0,",,E",18820409,",,E",18820430.0,",,E",-1.2,",E,07,",10.0,",,E,09,",36.8,",E,30,",1618.9,,144.8,",E",19.0,",,,E",1.365,",E",2.279,",,,E",0.45099999999999996,",,,E"
AGE00147717,1883-07-01,35.2,0.63,476.0,"SIDI BEL ABBES, AG",,,167.6,"1,E",1,",E",0,",E",0,",E",0.0,",E",0.0,",E",0.0,"1,E",30.0,"1,E",21.0,"1,E",18830701.0,",,E",18830711,",,E",18830709.0,",1,E",10.2,",E,01,",0.4,",,E,11,",39.8,"1,E,09,",0.0,E,0.0,"1,E",0.4,",,,E",2.395,"1,E",3.354,"1,,,E",1.4369999999999998,",,,E"
AGE00147717,1883-08-01,35.2,0.63,476.0,"SIDI BEL ABBES, AG",,,174.6,",E",0,",E",0,",E",0,",E",0.0,",E",0.0,",E",0.0,",E",31.0,",E",19.0,",E",18830818.0,",,E",18830831,"+,,E",18830814.0,",,E",9.6,",E,18,",0.0,",,E,31,+",41.4,",E,14,",0.0,E,0.0,",E",0.0,",,,E",2.396,",E",3.3899999999999997,",,,E",1.403,",,,E"
AGE00147717,1883-09-01,35.2,0.63,476.0,"SIDI BEL ABBES, AG",,,62.8,",E",0,",E",0,",E",0,",E",0.0,",E",0.0,",E",0.0,",E",30.0,",E",8.0,",E",18830918.0,",,E",18830930,"+,,E",18830927.0,",,E",6.6,",E,18,",0.0,",,E,30,+",34.6,",E,27,",0.0,E,0.0,",E",0.0,",,,E",2.043,",E",3.024,",,,E",1.061,",,,E"
AGE00147717,1883-10-01,35.2,0.63,476.0,"SIDI BEL ABBES, AG",,,4.8,",E",8,",E",4,",E",0,",E",0.0,",E",0.0,",E",0.0,",E",22.0,",E",0.0,",E",18831025.0,",,E",18831028,",,E",18831008.0,",,E",0.2,",E,25,",8.6,",,E,28,",28.8,",E,08,",108.1,E,108.1,",E",28.8,",,,E",1.5,",E",2.31,",,,E",0.6900000000000001,",,,E"
AGE00147717,1884-02-01,35.2,0.63,476.0,"SIDI BEL ABBES, AG",,,0.0,"1,E",4,",E",2,",E",0,",E",0.0,",E",5.0,",E",0.0,"1,E",3.0,"1,E",0.0,"1,E",18840222.0,",,E",18840224,",,E",18840216.0,",1,E",-2.2,",E,22,",6.1,",,E,24,",26.4,"1,E,16,",,,213.9,"1,E",15.1,",,,E",1.065,"1,E",1.734,"1,,,E",0.396,",,,E"
AGE00147717,1884-03-01,35.2,0.63,476.0,"SIDI BEL ABBES, AG",,,0.0,",E",16,",E",9,",E",1,",E",0.0,",E",2.0,",E",0.0,",E",3.0,",E",0.0,",E",18840323.0,",,E",18840328,",,E",18840316.0,",,E",-0.4,",E,23,",37.0,",,E,28,",22.8,",E,16,",,,245.8,",E",134.2,",,,E",1.04,",E",1.641,",,,E",0.44000000000000006,",,,E"
AGE00147717,1884-04-01,35.2,0.63,476.0,"SIDI BEL ABBES, AG",,,0.0,"4,E",8,",E",4,",E",0,",E",0.0,",E",0.0,",E",0.0,"4,E",4.0,"4,E",0.0,"4,E",18840403.0,",,E",18840427,",,E",18840405.0,",4,E",1.8,",E,03,",6.9,",,E,27,",22.2,"4,E,05,",,,192.4,"4,E",23.3,",,,E",1.093,"4,E",1.682,"4,,,E",0.505,",,,E"
AGE00147717,1884-05-01,35.2,0.63,476.0,"SIDI BEL ABBES, AG",,,4.8,"4,E",15,",E",7,",E",0,",E",0.0,"1,E",0.0,"1,E",0.0,"3,E",14.0,"3,E",0.0,"3,E",18840509.0,",1,E",18840519,",,E",18840529.0,",3,E",2.2,"1,E,09,",25.0,",,E,19,",29.0,"3,E,29,",,,83.0,"3,E",111.9,",,,E",1.5550000000000002,"4,E",2.141,"3,,,E",0.97,"1,,,E"
AGE00147717,1884-06-01,35.2,0.63,476.0,"SIDI BEL ABBES, AG",,,23.4,",E",5,",E",4,",E",0,",E",0.0,",E",0.0,",E",0.0,",E",24.0,",E",2.0,",E",18840613.0,",,E",18840624,",,E",18840617.0,",,E",7.4,",E,13,",6.8,",,E,24,",35.2,",E,17,",,,32.7,",E",25.6,",,,E",1.802,",E",2.519,",,,E",1.0859999999999999,",,,E"
AGE00147717,1884-07-01,35.2,0.63,476.0,"SIDI BEL ABBES, AG",,,194.4,",E",0,",E",0,",E",0,",E",0.0,",E",0.0,",E",0.0,",E",31.0,",E",26.0,",E",18840711.0,",,E",18840731,"+,,E",18840717.0,",,E",11.2,",E,11,",0.0,",,E,31,+",39.4,",E,17,",0.0,E,0.0,",E",0.0,",,,E",2.46,",E",3.4259999999999997,",,,E",1.494,",,,E"
AGE00147717,1884-08-01,35.2,0.63,476.0,"SIDI BEL ABBES, AG",,,209.1,",E",3,",E",3,",E",0,",E",0.0,",E",0.0,",E",0.0,",E",31.0,",E",25.0,",E",18840830.0,",,E",18840820,",,E",18840812.0,",,E",10.0,",E,30,",7.6,",,E,20,",38.8,",E,12,",0.0,E,0.0,",E",16.4,",,,E",2.508,",E",3.493,",,,E",1.5230000000000001,",,,E"
AGE00147717,1884-09-01,35.2,0.63,476.0,"SIDI BEL ABBES, AG",,,99.0,",E",1,",E",1,",E",1,",E",0.0,",E",0.0,",E",0.0,",E",30.0,",E",6.0,",E",18840905.0,",,E",18840922,",,E",18840902.0,",,E",6.6,",E,05,",27.7,",,E,22,",35.0,",E,02,",0.3,E,0.3,",E",27.7,",,,E",2.162,",E",2.891,",,,E",1.434,",,,E"
AGE00147717,1884-10-01,35.2,0.63,476.0,"SIDI BEL ABBES, AG",,,17.9,",E",13,",E",7,",E",0,",E",0.0,",E",0.0,",E",0.0,",E",13.0,",E",0.0,",E",18841015.0,",,E",18841025,",,E",18841001.0,",,E",1.8,",E,15,",10.3,",,E,25,",30.6,",E,01,",109.0,E,108.7,",E",54.6,",,,E",1.54,",E",2.119,",,,E",0.962,",,,E"
AGE00147717,1884-11-01,35.2,0.63,476.0,"SIDI BEL ABBES, AG",,,0.0,"2,E",13,",E",12,",E",0,",E",0.0,"1,E",0.0,"1,E",0.0,"1,E",1.0,"1,E",0.0,"1,E",18841124.0,",1,E",18841120,",,E",18841102.0,",1,E",1.2,"1,E,24,",15.6,",,E,20,",21.2,"1,E,02,",293.7,E,184.7,"1,E",99.3,",,,E",1.19,"2,E",1.623,"1,,,E",0.757,"1,,,E"
AGE00147717,1884-12-01,35.2,0.63,476.0,"SIDI BEL ABBES, AG",,,0.0,"3,E",12,",E",5,",E",1,",E",0.0,"1,E",5.0,"1,E",0.0,"2,E",0.0,"2,E",0.0,"2,E",18841225.0,",1,E",18841202,",,E",18841228.0,",2,E",-3.4,"1,E,25,",34.2,",,E,02,",16.4,"2,E,28,",587.1,E,293.4,"2,E",79.7,",,,E",0.782,"3,E",1.3050000000000002,"2,,,E",0.259,"1,,,E"
AGE00147717,1885-01-01,35.2,0.63,476.0,"SIDI BEL ABBES, AG",0.0,,0.0,"1,E",9,",E",6,",E",0,",E",0.0,"1,E",8.0,"1,E",0.0,",E",0.0,",E",0.0,",E",18850106.0,",1,E",18850126,",,E",18850129.0,",,E",-3.6,"1,E,06,",18.0,",,E,26,",19.2,",E,29,",939.6,,352.5,",E",68.0,",,,E",0.661,"1,E",1.186,",,,E",0.135,"1,,,E"
AGE00147717,1885-02-01,35.2,0.63,476.0,"SIDI BEL ABBES, AG",0.0,,0.0,",E",4,",E",2,",E",0,",E",0.0,",E",4.0,",E",0.0,",E",5.0,",E",0.0,",E",18850212.0,"+,,E",18850225,",,E",18850215.0,",,E",0.0,",E,12,+",12.5,",,E,25,",26.4,",E,15,",1134.0,,194.4,",E",18.0,",,,E",1.139,",E",1.847,",,,E",0.43099999999999994,",,,E"
AGE00147717,1885-03-01,35.2,0.63,476.0,"SIDI BEL ABBES, AG",0.0,,0.0,",E",3,",E",1,",E",0,",E",0.0,",E",2.0,",E",0.0,",E",6.0,",E",0.0,",E",18850321.0,",,E",18850302,",,E",18850308.0,",,E",-1.4,",E,21,",15.0,",,E,02,",26.6,",E,08,",1392.3,,258.3,",E",17.2,",,,E",1.0,",E",1.717,",,,E",0.28300000000000003,",,,E"
AGE00147717,1885-04-01,35.2,0.63,476.0,"SIDI BEL ABBES, AG",0.0,,0.0,",E",11,",E",9,",E",0,",E",0.0,",E",0.0,",E",0.0,",E",6.0,",E",0.0,",E",18850419.0,"+,,E",18850417,",,E",18850422.0,",,E",1.4,",E,19,+",24.0,",,E,17,",25.0,",E,22,",1602.6,,210.3,",E",85.2,",,,E",1.1320000000000001,",E",1.794,",,,E",0.471,",,,E"
AGE00147717,1885-06-01,35.2,0.63,476.0,"SIDI BEL ABBES, AG",,,64.5,",E",8,",E",4,",E",0,",E",0.0,",E",0.0,",E",0.0,",E",30.0,",E",3.0,",E",18850610.0,",,E",18850618,",,E",18850622.0,",,E",5.2,",E,10,",7.0,",,E,18,",36.0,",E,22,",,,4.1,",E",26.0,",,,E",2.035,",E",2.993,",,,E",1.076,",,,E"
AGE00147717,1885-07-01,35.2,0.63,476.0,"SIDI BEL ABBES, AG",,,239.7,",E",4,",E",3,",E",0,",E",0.0,",E",0.0,",E",0.0,",E",31.0,",E",27.0,",E",18850714.0,",,E",18850724,"+,,E",18850716.0,",,E",11.0,",E,14,",3.0,",,E,24,+",45.0,",E,16,",0.0,,0.0,",E",10.8,",,,E",2.606,",E",3.5549999999999997,",,,E",1.658,",,,E"
AGE00147717,1885-08-01,35.2,0.63,476.0,"SIDI BEL ABBES, AG",,,255.4,",E",2,",E",0,",E",0,",E",0.0,",E",0.0,",E",0.0,",E",31.0,",E",27.0,",E",18850831.0,",,E",18850801,",,E",18850811.0,",,E",5.0,",E,31,",1.4,",,E,01,",44.0,",E,11,",0.0,,0.0,",E",1.8,",,,E",2.657,",E",3.6399999999999997,",,,E",1.674,",,,E"
AGE00147717,1885-09-01,35.2,0.63,476.0,"SIDI BEL ABBES, AG",,,60.5,",E",7,",E",4,",E",1,",E",0.0,",E",0.0,",E",0.0,",E",30.0,",E",13.0,",E",18850929.0,",,E",18850921,",,E",18850903.0,",,E",2.0,",E,29,",40.0,",,E,21,",40.0,",E,03,",17.5,,17.5,",E",78.0,",,,E",1.9769999999999999,",E",3.17,",,,E",0.783,",,,E"
AGE00147717,1885-10-01,35.2,0.63,476.0,"SIDI BEL ABBES, AG",,,0.3,",E",8,",E",6,",E",0,",E",0.0,",E",4.0,",E",0.0,",E",20.0,",E",0.0,",E",18851023.0,",,E",18851026,",,E",18851005.0,",,E",-2.0,",E,23,",15.8,",,E,26,",31.0,",E,05,",166.2,,148.7,",E",50.0,",,,E",1.355,",E",2.255,",,,E",0.45499999999999996,",,,E"
AGE00147717,1886-02-01,35.2,0.63,476.0,"SIDI BEL ABBES, AG",,,0.0,"4,E",14,",E",9,",E",1,",E",0.0,"1,E",3.0,"1,E",0.0,"3,E",0.0,"3,E",0.0,"3,E",18860206.0,",1,E",18860209,",,E",18860214.0,",3,E",-2.0,"1,E,06,",30.0,",,E,09,",21.0,"3,E,14,",,,223.0,"3,E",102.5,",,,E",0.9119999999999999,"4,E",1.476,"3,,,E",0.348,"1,,,E"
AGE00147717,1886-04-01,35.2,0.63,476.0,"SIDI BEL ABBES, AG",,,7.8,",E",14,",E",10,",E",0,",E",0.0,",E",1.0,",E",0.0,",E",13.0,",E",0.0,",E",18860414.0,",,E",18860407,",,E",18860422.0,",,E",0.0,",E,14,",17.0,",,E,07,",28.0,",E,22,",,,101.3,",E",52.0,",,,E",1.522,",E",2.113,",,,E",0.93,",,,E"
AGE00147717,1886-05-01,35.2,0.63,476.0,"SIDI BEL ABBES, AG",,,42.7,",E",3,",E",2,",E",0,",E",0.0,",E",0.0,",E",0.0,",E",26.0,",E",7.0,",E",18860507.0,",,E",18860502,",,E",18860512.0,",,E",5.0,",E,07,",12.5,",,E,02,",39.0,",E,12,",,,41.5,",E",24.5,",,,E",1.8370000000000002,",E",2.674,",,,E",1.0,",,,E"
AGE00147717,1886-06-01,35.2,0.63,476.0,"SIDI BEL ABBES, AG",,,126.0,",E",0,",E",0,",E",0,",E",0.0,",E",0.0,",E",0.0,",E",30.0,",E",15.0,",E",18860610.0,",,E",18860630,"+,,E",18860624.0,",,E",9.0,",E,10,",0.0,",,E,30,+",39.0,",E,24,",,,3.5,",E",0.0,",,,E",2.242,",E",3.17,",,,E",1.3130000000000002,",,,E"
AGE00147717,1886-07-01,35.2,0.63,476.0,"SIDI BEL ABBES, AG",,,244.2,",E",0,",E",0,",E",0,",E",0.0,",E",0.0,",E",0.0,",E",31.0,",E",24.0,",E",18860702.0,",,E",18860731,"+,,E",18860706.0,",,E",13.0,",E,02,",0.0,",,E,31,+",44.0,",E,06,",0.0,E,0.0,",E",0.0,",,,E",2.621,",E",3.626,",,,E",1.616,",,,E"
AGE00147717,1886-08-01,35.2,0.63,476.0,"SIDI BEL ABBES, AG",,,202.2,",E",1,",E",1,",E",0,",E",0.0,",E",0.0,",E",0.0,",E",31.0,",E",22.0,",E",18860831.0,"+,,E",18860828,",,E",18860809.0,",,E",13.0,",E,31,+",2.5,",,E,28,",42.0,",E,09,",0.0,E,0.0,",E",2.5,",,,E",2.4850000000000003,",E",3.5130000000000003,",,,E",1.458,",,,E"
AGE00147717,1887-01-01,35.2,0.63,476.0,"SIDI BEL ABBES, AG",0.0,E,0.0,",E",7,",E",2,",E",0,",E",0.0,",E",8.0,",E",0.0,",E",0.0,",E",0.0,",E",18870103.0,",,E",18870116,",,E",18870127.0,"+,,E",-6.0,",E,03,",8.0,",,E,16,",19.0,",E,27,+",,,303.3,",E",19.0,",,,E",0.8550000000000001,",E",1.465,",,,E",0.24500000000000002,",,,E"
AGE00147717,1887-02-01,35.2,0.63,476.0,"SIDI BEL ABBES, AG",0.0,E,0.0,",E",6,"4,E",5,"4,E",0,"4,E",0.0,",E",16.0,",E",0.0,",E",0.0,",E",0.0,",E",18870205.0,"+,,E",18870228,"+,4,E",18870224.0,",,E",-5.0,",E,05,+",8.0,"4,,E,28,+",21.0,",E,24,",,,319.8,",E",30.0,"4,,,E",0.6910000000000001,",E",1.346,",,,E",0.036,",,,E"
AGE00147717,1887-03-01,35.2,0.63,476.0,"SIDI BEL ABBES, AG",0.8,E,0.8,",E",8,"1,E",4,"1,E",0,"1,E",0.0,",E",0.0,",E",0.0,",E",12.0,",E",0.0,",E",18870305.0,"+,,E",18870316,",1,E",18870324.0,",,E",2.0,",E,05,+",8.5,"1,,E,16,",28.0,",E,24,",,,153.2,",E",29.0,"1,,,E",1.342,",E",1.9969999999999999,",,,E",0.687,",,,E"
AGE00147717,1887-04-01,35.2,0.63,476.0,"SIDI BEL ABBES, AG",6.3,E,5.5,"1,E",9,"2,E",6,"2,E",1,"2,E",0.0,",E",0.0,",E",0.0,"1,E",10.0,"1,E",1.0,"1,E",18870423.0,"+,,E",18870419,",2,E",18870430.0,",1,E",2.0,",E,23,+",33.0,"2,,E,19,",33.0,"1,E,30,",,,146.7,"1,E",83.5,"2,,,E",1.355,"1,E",1.9760000000000002,"1,,,E",0.733,",,,E"
AGE00147717,1887-05-01,35.2,0.63,476.0,"SIDI BEL ABBES, AG",29.5,E,23.2,",E",2,",E",1,",E",0,",E",0.0,",E",0.0,",E",0.0,",E",29.0,",E",3.0,",E",18870509.0,",,E",18870514,",,E",18870528.0,",,E",2.0,",E,09,",2.5,",,E,14,",37.0,",E,28,",,,45.5,",E",3.0,",,,E",1.761,",E",2.7190000000000003,",,,E",0.8029999999999999,",,,E"
AGE00147717,1887-06-01,35.2,0.63,476.0,"SIDI BEL ABBES, AG",185.5,E,156.0,",E",1,"3,E",0,"3,E",0,"3,E",0.0,",E",0.0,",E",0.0,",E",30.0,",E",21.0,",E",18870607.0,",,E",18870615,",3,E",18870623.0,"+,,E",7.0,",E,07,",2.0,"3,,E,15,",39.0,",E,23,+",,,0.0,",E",2.0,"3,,,E",2.353,",E",3.3329999999999997,",,,E",1.373,",,,E"
AGE00147717,1887-07-01,35.2,0.63,476.0,"SIDI BEL ABBES, AG",470.2,E,284.7,",E",1,",E",0,",E",0,",E",0.0,",E",0.0,",E",0.0,",E",31.0,",E",28.0,",E",18870728.0,",,E",18870705,",,E",18870703.0,",,E",13.0,",E,28,",1.0,",,E,05,",43.0,",E,03,",0.0,E,0.0,",E",1.0,",,,E",2.752,",E",3.652,",,,E",1.8519999999999999,",,,E"
AGE00147717,1887-08-01,35.2,0.63,476.0,"SIDI BEL ABBES, AG",723.4,E,253.2,",E",2,",E",1,",E",0,",E",0.0,",E",0.0,",E",0.0,",E",31.0,",E",28.0,",E",18870830.0,",,E",18870806,",,E",18870806.0,",,E",12.0,",E,30,",4.0,",,E,06,",41.0,",E,06,",0.0,E,0.0,",E",4.5,",,,E",2.65,",E",3.6450000000000005,",,,E",1.655,",,,E"
AGE00147717,1887-09-01,35.2,0.63,476.0,"SIDI BEL ABBES, AG",855.4,E,132.0,",E",9,"1,E",5,"1,E",0,"1,E",0.0,",E",0.0,",E",0.0,",E",29.0,",E",12.0,",E",18870930.0,"+,,E",18870903,",1,E",18870906.0,",,E",11.0,",E,30,+",7.0,"1,,E,03,",41.0,",E,06,",2.0,E,2.0,",E",32.5,"1,,,E",2.2670000000000003,",E",3.037,",,,E",1.497,",,,E"
AGE00147717,1887-10-01,35.2,0.63,476.0,"SIDI BEL ABBES, AG",863.7,E,8.3,",E",1,",E",0,",E",0,",E",0.0,",E",2.0,",E",0.0,",E",20.0,",E",0.0,",E",18871019.0,"+,,E",18871031,",,E",18871010.0,"+,,E",0.0,",E,19,+",2.0,",,E,31,",30.0,",E,10,+",125.0,E,123.0,",E",2.0,",,,E",1.464,",E",2.335,",,,E",0.592,",,,E"
AGE00147717,1887-11-01,35.2,0.63,476.0,"SIDI BEL ABBES, AG",871.0,E,7.3,",E",8,",E",4,",E",0,",E",0.0,",E",0.0,",E",0.0,",E",11.0,",E",0.0,",E",18871130.0,"+,,E",18871119,",,E",18871115.0,",,E",1.0,",E,30,+",10.0,",,E,19,",29.0,",E,15,",258.3,E,133.3,",E",26.4,",,,E",1.413,",E",2.077,",,,E",0.75,",,,E"
AGE00147717,1887-12-01,35.2,0.63,476.0,"SIDI BEL ABBES, AG",871.0,E,0.0,",E",11,",E",8,",E",0,",E",0.0,",E",9.0,",E",0.0,",E",0.0,",E",0.0,",E",18871226.0,"+,,E",18871202,"+,,E",18871229.0,",,E",-4.0,",E,26,+",23.0,",,E,02,+",21.0,",E,29,",539.9,E,281.6,",E",76.3,",,,E",0.925,",E",1.535,",,,E",0.314,",,,E"
AGE00147717,1888-01-01,35.2,0.63,476.0,"SIDI BEL ABBES, AG",0.0,E,0.0,"2,E",6,"1,E",3,"1,E",0,"1,E",0.0,"1,E",12.0,"1,E",0.0,"1,E",0.0,"1,E",0.0,"1,E",18880121.0,",1,E",18880131,",1,E",18880104.0,",1,E",-5.0,"1,E,21,",7.0,"1,,E,31,",20.0,"1,E,04,",827.1,E,287.2,"1,E",17.5,"1,,,E",0.833,"2,E",1.503,"1,,,E",0.16299999999999998,"1,,,E"
AGE00147717,1888-02-01,35.2,0.63,476.0,"SIDI BEL ABBES, AG",0.0,E,0.0,"2,E",15,"1,E",8,"1,E",0,"1,E",0.0,"1,E",12.0,"1,E",0.0,"1,E",0.0,"1,E",0.0,"1,E",18880217.0,",1,E",18880225,"+,1,E",18880214.0,",1,E",-4.0,"1,E,17,",12.0,"1,,E,25,+",20.0,"1,E,14,",1145.6,E,318.5,"1,E",67.4,"1,,,E",0.65,"2,E",1.214,"1,,,E",0.086,"1,,,E"
AGE00147717,1888-03-01,35.2,0.63,476.0,"SIDI BEL ABBES, AG",0.7,E,0.7,",E",12,",E",10,",E",0,",E",0.0,",E",6.0,",E",0.0,",E",8.0,",E",0.0,",E",18880309.0,",,E",18880317,"+,,E",18880329.0,"+,,E",-2.0,",E,09,",15.0,",,E,17,+",28.0,",E,29,+",1369.1,E,223.5,",E",81.0,",,,E",1.115,",E",1.832,",,,E",0.397,",,,E"
AGE00147717,1888-04-01,35.2,0.63,476.0,"SIDI BEL ABBES, AG",3.4,E,2.7,",E",6,",E",5,",E",0,",E",0.0,",E",1.0,",E",0.0,",E",16.0,",E",0.0,",E",18880412.0,",,E",18880414,",,E",18880428.0,",,E",0.0,",E,12,",14.0,",,E,14,",32.0,",E,28,",1511.3,E,142.2,",E",37.0,",,,E",1.3679999999999999,",E",2.107,",,,E",0.63,",,,E"
AGE00147717,1888-05-01,35.2,0.63,476.0,"SIDI BEL ABBES, AG",29.4,E,26.0,",E",5,",E",3,",E",1,",E",0.0,",E",0.0,",E",0.0,",E",27.0,",E",1.0,",E",18880513.0,"+,,E",18880501,",,E",18880525.0,",,E",5.0,",E,13,+",28.0,",,E,01,",33.0,",E,25,",1555.6,E,44.3,",E",35.5,",,,E",1.7739999999999998,",E",2.548,",,,E",1.0,",,,E"
AGE00147717,1888-06-01,35.2,0.63,476.0,"SIDI BEL ABBES, AG",135.1,E,105.7,",E",7,",E",1,",E",0,",E",0.0,",E",0.0,",E",0.0,",E",28.0,",E",10.0,",E",18880620.0,",,E",18880620,",,E",18880606.0,",,E",3.0,",E,20,",3.0,",,E,20,",38.0,",E,06,",1568.8,E,13.2,",E",11.0,",,,E",2.1420000000000003,",E",3.0469999999999997,",,,E",1.2369999999999999,",,,E"
AGE00147717,1888-07-01,35.2,0.63,476.0,"SIDI BEL ABBES, AG",321.3,E,186.2,",E",1,",E",0,",E",0,",E",0.0,",E",0.0,",E",0.0,",E",31.0,",E",18.0,",E",18880720.0,",,E",18880711,",,E",18880725.0,",,E",10.0,",E,20,",0.5,",,E,11,",45.0,",E,25,",0.0,E,0.0,",E",0.5,",,,E",2.434,",E",3.397,",,,E",1.471,",,,E"
AGE00147717,1888-08-01,35.2,0.63,476.0,"SIDI BEL ABBES, AG",455.0,E,133.7,",E",0,",E",0,",E",0,",E",0.0,",E",0.0,",E",0.0,",E",31.0,",E",19.0,",E",18880829.0,",,E",18880831,"+,,E",18880817.0,",,E",7.0,",E,29,",0.0,",,E,31,+",41.0,",E,17,",0.0,E,0.0,",E",0.0,",,,E",2.2649999999999997,",E",3.3549999999999995,",,,E",1.174,",,,E"
AGE00147717,1888-09-01,35.2,0.63,476.0,"SIDI BEL ABBES, AG",567.3,E,112.3,",E",7,",E",4,",E",0,",E",0.0,",E",0.0,",E",0.0,",E",30.0,",E",10.0,",E",18880924.0,",,E",18880911,",,E",18880930.0,"+,,E",8.0,",E,24,",11.0,",,E,11,",37.0,",E,30,+",0.3,E,0.3,",E",33.0,",,,E",2.207,",E",3.06,",,,E",1.353,",,,E"
AGE00147717,1888-10-01,35.2,0.63,476.0,"SIDI BEL ABBES, AG",588.5,E,21.2,",E",1,",E",0,",E",0,",E",0.0,",E",0.0,",E",0.0,",E",29.0,",E",2.0,",E",18881009.0,",,E",18881003,",,E",18881002.0,",,E",1.0,",E,09,",1.5,",,E,03,",35.0,",E,02,",68.3,E,68.0,",E",1.5,",,,E",1.682,",E",2.513,",,,E",0.852,",,,E"
AGE00147717,1888-11-01,35.2,0.63,476.0,"SIDI BEL ABBES, AG",588.5,E,0.0,"2,E",5,"1,E",5,"1,E",1,"1,E",0.0,"1,E",3.0,"1,E",0.0,"1,E",6.0,"1,E",0.0,"1,E",18881124.0,"+,1,E",18881113,",1,E",18881102.0,",1,E",0.0,"1,E,24,+",29.0,"1,,E,13,",27.0,"1,E,02,",254.6,E,186.3,"1,E",76.0,"1,,,E",1.1640000000000001,"2,E",1.9,"1,,,E",0.42800000000000005,"1,,,E"
AGE00147717,1888-12-01,35.2,0.63,476.0,"SIDI BEL ABBES, AG",588.5,E,0.0,",E",8,",E",8,",E",0,",E",0.0,",E",3.0,",E",0.0,",E",1.0,",E",0.0,",E",18881231.0,"+,,E",18881223,",,E",18881201.0,",,E",0.0,",E,31,+",20.0,",,E,23,",22.0,",E,01,",504.4,E,249.8,",E",73.0,",,,E",1.027,",E",1.629,",,,E",0.426,",,,E"
AGE00147717,1889-02-01,35.2,0.63,476.0,"SIDI BEL ABBES, AG",,,,,11,"4,E",6,"4,E",0,"4,E",0.0,"5,E",7.0,"5,E",0.0,"4,E",2.0,"4,E",0.0,"4,E",18890201.0,",5,E",18890204,",4,E",18890226.0,"+,4,E",-3.0,"5,E,01,",6.3,"4,,E,04,",22.0,"4,E,26,+",,,,,32.3,"4,,,E",0.806,"9,E",1.442,"4,,,E",0.16999999999999998,"5,,,E"
AGE00147717,1889-03-01,35.2,0.63,476.0,"SIDI BEL ABBES, AG",,,0.0,"4,E",5,"5,E",4,"5,E",0,"5,E",0.0,"3,E",7.0,"3,E",0.0,"2,E",3.0,"2,E",0.0,"2,E",18890318.0,",3,E",18890324,",5,E",18890308.0,",2,E",-5.0,"3,E,18,",20.0,"5,,E,24,",25.0,"2,E,08,",,,232.5,"2,E",39.5,"5,,,E",0.962,"4,E",1.6280000000000001,"2,,,E",0.296,"3,,,E"
AGE00147717,1889-04-01,35.2,0.63,476.0,"SIDI BEL ABBES, AG",,,0.0,"2,E",6,"2,E",4,"2,E",0,"2,E",0.0,"1,E",5.0,"1,E",0.0,"1,E",7.0,"1,E",0.0,"1,E",18890403.0,",1,E",18890411,"+,2,E",18890421.0,",1,E",-2.0,"1,E,03,",5.0,"2,,E,11,+",27.0,"1,E,21,",,,180.3,"1,E",17.5,"2,,,E",1.1789999999999998,"2,E",1.9449999999999998,"1,,,E",0.414,"1,,,E"
AGE00147717,1889-05-01,35.2,0.63,476.0,"SIDI BEL ABBES, AG",,,2.2,"4,E",9,"2,E",7,"2,E",1,"2,E",0.0,"2,E",0.0,"2,E",0.0,"2,E",17.0,"2,E",0.0,"2,E",18890509.0,",2,E",18890519,",2,E",18890530.0,",2,E",3.0,"2,E,09,",38.0,"2,,E,19,",31.0,"2,E,30,",,,73.7,"2,E",84.5,"2,,,E",1.572,"4,E",2.238,"2,,,E",0.907,"2,,,E"
AGE00147717,1889-06-01,35.2,0.63,476.0,"SIDI BEL ABBES, AG",,,28.0,"4,E",0,"2,E",0,"2,E",0,"2,E",0.0,"2,E",0.0,"2,E",0.0,"2,E",23.0,"2,E",2.0,"2,E",18890602.0,",2,E",18890630,"+,2,E",18890630.0,"+,2,E",5.0,"2,E,02,",0.0,"2,,E,30,+",33.0,"2,E,30,+",,,25.7,"2,E",0.0,"2,,,E",1.863,"4,E",2.721,"2,,,E",1.004,"2,,,E"
AGE00147717,1889-07-01,35.2,0.63,476.0,"SIDI BEL ABBES, AG",,,187.8,"2,E",2,"1,E",2,"1,E",0,"1,E",0.0,"1,E",0.0,"1,E",0.0,"1,E",30.0,"1,E",22.0,"1,E",18890703.0,"+,1,E",18890716,",1,E",18890710.0,",1,E",10.0,"1,E,03,+",24.0,"1,,E,16,",42.0,"1,E,10,",0.0,E,0.0,"1,E",27.0,"1,,,E",2.475,"2,E",3.4770000000000003,"1,,,E",1.473,"1,,,E"
AGE00147717,1889-08-01,35.2,0.63,476.0,"SIDI BEL ABBES, AG",,,,,1,"3,E",1,"3,E",0,"3,E",0.0,"4,E",0.0,"4,E",0.0,"3,E",28.0,"3,E",22.0,"3,E",18890815.0,",4,E",18890816,",3,E",18890808.0,"+,3,E",12.0,"4,E,15,",4.0,"3,,E,16,",43.0,"3,E,08,+",,,,,4.0,"3,,,E",2.54,"5,E",3.554,"3,,,E",1.526,"4,,,E"
AGE00147717,1889-09-01,35.2,0.63,476.0,"SIDI BEL ABBES, AG",,,70.7,"4,E",1,"2,E",0,"2,E",0,"2,E",0.0,"2,E",0.0,"2,E",0.0,"2,E",28.0,"2,E",9.0,"2,E",18890915.0,",2,E",18890922,",2,E",18890902.0,",2,E",7.0,"2,E,15,",1.0,"2,,E,22,",37.0,"2,E,02,",,,3.3,"2,E",1.0,"2,,,E",2.104,"4,E",3.043,"2,,,E",1.1640000000000001,"2,,,E"
AGE00147717,1889-10-01,35.2,0.63,476.0,"SIDI BEL ABBES, AG",,,7.2,"4,E",4,"2,E",3,"2,E",0,"2,E",0.0,"2,E",0.0,"2,E",0.0,"2,E",21.0,"2,E",1.0,"2,E",18891015.0,"+,2,E",18891005,",2,E",18891024.0,",2,E",4.0,"2,E,15,+",4.0,"2,,E,05,",37.0,"2,E,24,",,,62.7,"2,E",11.0,"2,,,E",1.6280000000000001,"4,E",2.4379999999999997,"2,,,E",0.817,"2,,,E"
AGE00147717,1889-11-01,35.2,0.63,476.0,"SIDI BEL ABBES, AG",,,,,5,"4,E",3,"4,E",0,"4,E",0.0,"4,E",2.0,"4,E",0.0,"4,E",14.0,"4,E",0.0,"4,E",18891130.0,",4,E",18891128,",4,E",18891111.0,",4,E",-5.0,"4,E,30,",19.0,"4,,E,28,",25.0,"4,E,11,",,,,,39.5,"4,,,E",1.285,"7,E",2.0620000000000003,"4,,,E",0.508,"4,,,E"
AGE00147717,1889-12-01,35.2,0.63,476.0,"SIDI BEL ABBES, AG",,,0.0,"2,E",11,"1,E",7,"1,E",0,"1,E",0.0,"1,E",18.0,"1,E",0.0,"1,E",0.0,"1,E",0.0,"1,E",18891227.0,",1,E",18891214,",1,E",18891230.0,"+,1,E",-5.0,"1,E,27,",18.0,"1,,E,14,",16.0,"1,E,30,+",,,341.7,"1,E",63.0,"1,,,E",0.647,"2,E",1.2970000000000002,"1,,,E",-0.003,"1,,,E"
AGE00147717,1890-01-01,35.2,0.63,476.0,"SIDI BEL ABBES, AG",0.0,E,0.0,"4,E",7,"1,E",4,"1,E",0,"1,E",0.0,"2,E",16.0,"2,E",0.0,"2,E",1.0,"2,E",0.0,"2,E",18900128.0,"+,2,E",18900107,",1,E",18900125.0,",2,E",-4.0,"2,E,28,+",6.4,"1,,E,07,",24.0,"2,E,25,",,,281.0,"2,E",24.9,"1,,,E",0.798,"4,E",1.559,"2,,,E",0.038,"2,,,E"
AGE00147717,1890-02-01,35.2,0.63,476.0,"SIDI BEL ABBES, AG",0.0,E,0.0,",E",11,",E",6,",E",0,",E",0.0,",E",11.0,",E",0.0,",E",1.0,",E",0.0,",E",18900207.0,",,E",18900218,",,E",18900224.0,",,E",-5.0,",E,07,",18.0,",,E,18,",22.0,",E,24,",,,278.3,",E",54.0,",,,E",0.8390000000000001,",E",1.529,",,,E",0.15,",,,E"
AGE00147717,1890-03-01,35.2,0.63,476.0,"SIDI BEL ABBES, AG",0.0,E,0.0,",E",19,",E",11,",E",0,",E",0.0,",E",6.0,",E",0.0,",E",3.0,",E",0.0,",E",18900327.0,",,E",18900313,",,E",18900330.0,"+,,E",-2.0,",E,27,",15.0,",,E,13,",25.0,",E,30,+",,,275.8,",E",84.0,",,,E",0.944,",E",1.481,",,,E",0.40599999999999997,",,,E"
AGE00147717,1890-04-01,35.2,0.63,476.0,"SIDI BEL ABBES, AG",0.0,E,0.0,",E",9,",E",5,",E",0,",E",0.0,",E",1.0,",E",0.0,",E",5.0,",E",0.0,",E",18900429.0,",,E",18900406,",,E",18900425.0,",,E",0.0,",E,29,",17.0,",,E,06,",27.0,",E,25,",,,180.5,",E",46.0,",,,E",1.232,",E",1.8530000000000002,",,,E",0.61,",,,E"
AGE00147717,1890-05-01,35.2,0.63,476.0,"SIDI BEL ABBES, AG",0.2,E,0.2,",E",7,",E",4,",E",0,",E",0.0,",E",0.0,",E",0.0,",E",15.0,",E",0.0,",E",18900509.0,"+,,E",18900511,",,E",18900527.0,"+,,E",3.0,",E,09,+",19.0,",,E,11,",26.0,",E,27,+",,,121.5,",E",34.0,",,,E",1.442,",E",2.0940000000000003,",,,E",0.79,",,,E"
AGE00147717,1890-06-01,35.2,0.63,476.0,"SIDI BEL ABBES, AG",125.7,E,125.5,"1,E",5,",E",5,",E",0,",E",0.0,"1,E",0.0,"1,E",0.0,",E",26.0,",E",15.0,",E",18900605.0,"+,1,E",18900603,",,E",18900623.0,",,E",7.0,"1,E,05,+",17.0,",,E,03,",41.0,",E,23,",,,23.2,",E",39.0,",,,E",2.2030000000000003,"1,E",3.113,",,,E",1.293,"1,,,E"
AGE00147717,1890-07-01,35.2,0.63,476.0,"SIDI BEL ABBES, AG",318.7,E,193.0,"1,E",2,",E",1,",E",1,",E",0.0,"1,E",0.0,"1,E",0.0,",E",31.0,",E",17.0,",E",18900727.0,"+,1,E",18900721,",,E",18900728.0,",,E",12.0,"1,E,27,+",48.0,",,E,21,",43.0,",E,28,",0.0,E,0.0,",E",50.0,",,,E",2.471,"1,E",3.3289999999999997,",,,E",1.613,"1,,,E"
AGE00147717,1890-08-01,35.2,0.63,476.0,"SIDI BEL ABBES, AG",549.4,E,230.7,",E",0,",E",0,",E",0,",E",0.0,",E",0.0,",E",0.0,",E",31.0,",E",25.0,",E",18900830.0,",,E",18900831,"+,,E",18900818.0,",,E",8.0,",E,30,",0.0,",,E,31,+",44.0,",E,18,",0.0,E,0.0,",E",0.0,",,,E",2.577,",E",3.561,",,,E",1.5939999999999999,",,,E"
AGE00147717,1890-09-01,35.2,0.63,476.0,"SIDI BEL ABBES, AG",619.6,E,70.2,",E",3,",E",3,",E",0,",E",0.0,",E",0.0,",E",0.0,",E",30.0,",E",8.0,",E",18900904.0,",,E",18900926,",,E",18900923.0,",,E",5.0,",E,04,",8.0,",,E,26,",37.0,",E,23,",4.7,E,4.7,",E",16.0,",,,E",2.052,",E",3.07,",,,E",1.033,",,,E"
AGE00147717,1890-10-01,35.2,0.63,476.0,"SIDI BEL ABBES, AG",630.1,E,10.5,",E",5,",E",4,",E",0,",E",0.0,",E",1.0,",E",0.0,",E",20.0,",E",0.0,",E",18901025.0,",,E",18901028,",,E",18901006.0,"+,,E",0.0,",E,25,",18.0,",,E,28,",31.0,",E,06,+",86.0,E,81.3,",E",33.0,",,,E",1.605,",E",2.41,",,,E",0.8,",,,E"
AGE00147717,1890-12-01,35.2,0.63,476.0,"SIDI BEL ABBES, AG",,,0.0,"3,E",12,"2,E",9,"2,E",1,"2,E",0.0,"1,E",7.0,"1,E",0.0,"2,E",0.0,"2,E",0.0,"2,E",18901225.0,",1,E",18901212,",2,E",18901207.0,",2,E",-3.0,"1,E,25,",35.0,"2,,E,12,",19.0,"2,E,07,",,,294.3,"2,E",126.0,"2,,,E",0.795,"3,E",1.3,"2,,,E",0.29,"1,,,E"
AGE00147717,1892-01-01,35.2,0.63,476.0,"SIDI BEL ABBES, AG",,,,,12,"5,E",9,"5,E",1,"5,E",0.0,"5,E",11.0,"5,E",0.0,"5,E",1.0,"5,E",0.0,"5,E",18920118.0,",5,E",18920124,",5,E",18920112.0,",5,E",-4.0,"5,E,18,",36.0,"5,,E,24,",22.0,"5,E,12,",,,,,113.5,"5,,,E",0.881,"0,E",1.542,"5,,,E",0.219,"5,,,E"
AGE00147717,1892-02-01,35.2,0.63,476.0,"SIDI BEL ABBES, AG",,,0.0,",E",7,",E",3,",E",0,",E",0.0,",E",9.0,",E",0.0,",E",1.0,",E",0.0,",E",18920215.0,"+,,E",18920210,",,E",18920219.0,",,E",-3.0,",E,15,+",8.0,",,E,10,",23.0,",E,19,",,,245.7,",E",20.5,",,,E",0.986,",E",1.6760000000000002,",,,E",0.29700000000000004,",,,E"
AGE00147717,1892-03-01,35.2,0.63,476.0,"SIDI BEL ABBES, AG",,,0.2,"2,E",9,"1,E",5,"1,E",0,"1,E",0.0,"1,E",0.0,"1,E",0.0,"1,E",14.0,"1,E",0.0,"1,E",18920331.0,",1,E",18920329,"+,1,E",18920317.0,"+,1,E",1.0,"1,E,31,",10.0,"1,,E,29,+",28.0,"1,E,17,+",,,143.8,"1,E",44.5,"1,,,E",1.342,"2,E",2.073,"1,,,E",0.61,"1,,,E"
AGE00147717,1892-04-01,35.2,0.63,476.0,"SIDI BEL ABBES, AG",,,0.0,"2,E",7,",E",5,",E",0,",E",0.0,"2,E",0.0,"2,E",0.0,",E",7.0,",E",0.0,",E",18920424.0,",2,E",18920402,",,E",18920426.0,",,E",1.0,"2,E,24,",10.0,",,E,02,",27.0,",E,26,",,,150.3,",E",39.0,",,,E",1.295,"2,E",1.953,",,,E",0.636,"2,,,E"
AGE00147717,1892-05-01,35.2,0.63,476.0,"SIDI BEL ABBES, AG",,,30.8,",E",12,",E",6,",E",1,",E",0.0,",E",0.0,",E",0.0,",E",22.0,",E",2.0,",E",18920508.0,"+,,E",18920510,",,E",18920525.0,",,E",4.0,",E,08,+",34.0,",,E,10,",38.0,",E,25,",,,69.2,",E",91.0,",,,E",1.7100000000000002,",E",2.513,",,,E",0.906,",,,E"
AGE00147717,1892-06-01,35.2,0.63,476.0,"SIDI BEL ABBES, AG",,,147.8,",E",0,",E",0,",E",0,",E",0.0,",E",0.0,",E",0.0,",E",30.0,",E",17.0,",E",18920624.0,"+,,E",18920630,"+,,E",18920630.0,",,E",11.0,",E,24,+",0.0,",,E,30,+",39.0,",E,30,",,,0.3,",E",0.0,",,,E",2.325,",E",3.22,",,,E",1.4300000000000002,",,,E"
AGE00147717,1892-07-01,35.2,0.63,476.0,"SIDI BEL ABBES, AG",,,214.3,"2,E",0,"1,E",0,"1,E",0,"1,E",0.0,"1,E",0.0,"1,E",0.0,"1,E",29.0,"1,E",25.0,"1,E",18920722.0,"+,1,E",18920731,"+,1,E",18920730.0,"+,1,E",11.0,"1,E,22,+",0.0,"1,,E,31,+",46.0,"1,E,30,+",0.0,E,0.0,"1,E",0.0,"1,,,E",2.565,"2,E",3.593,"1,,,E",1.537,"1,,,E"
AGE00147717,1892-08-01,35.2,0.63,476.0,"SIDI BEL ABBES, AG",,,190.3,"2,E",0,"1,E",0,"1,E",0,"1,E",0.0,"1,E",0.0,"1,E",0.0,"1,E",30.0,"1,E",25.0,"1,E",18920826.0,"+,1,E",18920831,"+,1,E",18920801.0,",1,E",11.0,"1,E,26,+",0.0,"1,,E,31,+",43.0,"1,E,01,",0.0,E,0.0,"1,E",0.0,"1,,,E",2.492,"2,E",3.507,"1,,,E",1.4769999999999999,"1,,,E"
AGE00147717,1892-09-01,35.2,0.63,476.0,"SIDI BEL ABBES, AG",,,154.8,",E",2,",E",1,",E",0,",E",0.0,",E",0.0,",E",0.0,",E",30.0,",E",19.0,",E",18920906.0,",,E",18920927,",,E",18920917.0,"+,,E",5.0,",E,06,",8.0,",,E,27,",41.0,",E,17,+",0.3,E,0.3,",E",9.0,",,,E",2.348,",E",3.38,",,,E",1.317,",,,E"
AGE00147717,1892-10-01,35.2,0.63,476.0,"SIDI BEL ABBES, AG",,,18.5,",E",9,",E",5,",E",1,",E",0.0,",E",0.0,",E",0.0,",E",23.0,",E",0.0,",E",18921011.0,",,E",18921020,",,E",18921028.0,"+,,E",5.0,",E,11,",26.0,",,E,20,",31.0,",E,28,+",59.6,E,59.3,",E",65.0,",,,E",1.702,",E",2.4059999999999997,",,,E",0.9970000000000001,",,,E"
AGE00147717,1892-11-01,35.2,0.63,476.0,"SIDI BEL ABBES, AG",,,0.0,"2,E",4,"1,E",2,"1,E",0,"1,E",0.0,"1,E",3.0,"1,E",0.0,"1,E",7.0,"1,E",0.0,"1,E",18921130.0,"+,1,E",18921109,",1,E",18921104.0,",1,E",0.0,"1,E,30,+",15.0,"1,,E,09,",24.0,"1,E,04,",228.9,E,169.3,"1,E",20.5,"1,,,E",1.2289999999999999,"2,E",1.907,"1,,,E",0.5519999999999999,"1,,,E"
AGE00147717,1892-12-01,35.2,0.63,476.0,"SIDI BEL ABBES, AG",,,0.0,",E",12,",E",8,",E",0,",E",0.0,",E",6.0,",E",0.0,",E",0.0,",E",0.0,",E",18921202.0,",,E",18921231,",,E",18921202.0,",,E",-3.0,",E,02,",16.5,",,E,31,",21.0,",E,02,",527.7,E,298.8,",E",70.5,",,,E",0.869,",E",1.4289999999999998,",,,E",0.31,",,,E"
AGE00147717,1893-01-01,35.2,0.63,476.0,"SIDI BEL ABBES, AG",0.0,E,0.0,"2,E",7,"1,E",6,"1,E",0,"1,E",0.0,"1,E",17.0,"1,E",0.0,"1,E",0.0,"1,E",0.0,"1,E",18930125.0,",1,E",18930101,",1,E",18930108.0,",1,E",-7.0,"1,E,25,",22.0,"1,,E,01,",18.0,"1,E,08,",854.9,E,327.2,"1,E",42.0,"1,,,E",0.6950000000000001,"2,E",1.367,"1,,,E",0.023,"1,,,E"
AGE00147717,1893-02-01,35.2,0.63,476.0,"SIDI BEL ABBES, AG",0.0,E,0.0,",E",3,",E",1,",E",0,",E",0.0,",E",12.0,",E",0.0,",E",1.0,",E",0.0,",E",18930219.0,"+,,E",18930222,",,E",18930215.0,",,E",-6.0,",E,19,+",7.0,",,E,22,",23.0,",E,15,",1129.7,E,274.8,",E",9.0,",,,E",0.852,",E",1.6,",,,E",0.10400000000000001,",,,E"
AGE00147717,1893-03-01,35.2,0.63,476.0,"SIDI BEL ABBES, AG",0.8,E,0.8,",E",10,",E",6,",E",0,",E",0.0,",E",1.0,",E",0.0,",E",14.0,",E",0.0,",E",18930303.0,",,E",18930321,",,E",18930316.0,",,E",0.0,",E,03,",23.0,",,E,21,",31.0,",E,16,",1271.9,E,142.2,",E",75.5,",,,E",1.377,",E",2.09,",,,E",0.665,",,,E"
AGE00147717,1893-04-01,35.2,0.63,476.0,"SIDI BEL ABBES, AG",12.0,E,11.2,",E",9,",E",4,",E",0,",E",0.0,",E",0.0,",E",0.0,",E",18.0,",E",1.0,",E",18930413.0,",,E",18930428,",,E",18930424.0,",,E",2.0,",E,13,",16.0,",,E,28,",35.0,",E,24,",1359.1,E,87.2,",E",34.5,",,,E",1.58,",E",2.373,",,,E",0.787,",,,E"
AGE00147717,1893-05-01,35.2,0.63,476.0,"SIDI BEL ABBES, AG",53.8,E,41.8,",E",3,",E",1,",E",0,",E",0.0,",E",0.0,",E",0.0,",E",29.0,",E",5.0,",E",18930524.0,",,E",18930522,",,E",18930531.0,",,E",5.0,",E,24,",3.0,",,E,22,",37.0,",E,31,",1374.3,E,15.2,",E",5.0,",,,E",1.919,",E",2.784,",,,E",1.0550000000000002,",,,E"
AGE00147717,1893-06-01,35.2,0.63,476.0,"SIDI BEL ABBES, AG",182.3,E,128.5,",E",2,",E",1,",E",0,",E",0.0,",E",0.0,",E",0.0,",E",30.0,",E",17.0,",E",18930605.0,"+,,E",18930601,",,E",18930612.0,",,E",8.0,",E,05,+",2.5,",,E,01,",41.0,",E,12,",1378.8,E,4.5,",E",4.0,",,,E",2.247,",E",3.253,",,,E",1.24,",,,E"
AGE00147717,1893-07-01,35.2,0.63,476.0,"SIDI BEL ABBES, AG",373.8,E,191.5,",E",0,",E",0,",E",0,",E",0.0,",E",0.0,",E",0.0,",E",31.0,",E",26.0,",E",18930731.0,"+,,E",18930731,"+,,E",18930704.0,"+,,E",10.0,",E,31,+",0.0,",,E,31,+",42.0,",E,04,+",0.8,E,0.8,",E",0.0,",,,E",2.448,",E",3.5130000000000003,",,,E",1.384,",,,E"
AGE00147717,1893-09-01,35.2,0.63,476.0,"SIDI BEL ABBES, AG",,,139.0,"2,E",1,"1,E",0,"1,E",0,"1,E",0.0,"1,E",0.0,"1,E",0.0,"1,E",29.0,"1,E",16.0,"1,E",18930922.0,",1,E",18930923,",1,E",18930914.0,"+,1,E",7.0,"1,E,22,",1.0,"1,,E,23,",41.0,"1,E,14,+",,,1.3,"1,E",1.0,"1,,,E",2.322,"2,E",3.3,"1,,,E",1.345,"1,,,E"
AGE00147717,1893-10-01,35.2,0.63,476.0,"SIDI BEL ABBES, AG",,,14.3,"1,E",2,",E",2,",E",0,",E",0.0,"1,E",0.0,"1,E",0.0,",E",31.0,",E",4.0,",E",18931024.0,",1,E",18931030,",,E",18931017.0,"+,,E",1.0,"1,E,24,",7.0,",,E,30,",34.0,",E,17,+",,,47.3,",E",13.0,",,,E",1.721,"1,E",2.755,",,,E",0.687,"1,,,E"
AGE00147717,1893-11-01,35.2,0.63,476.0,"SIDI BEL ABBES, AG",,,0.0,"3,E",4,"2,E",1,"2,E",0,"2,E",0.0,"2,E",5.0,"2,E",0.0,"1,E",15.0,"1,E",0.0,"1,E",18931125.0,",2,E",18931122,",2,E",18931112.0,"+,1,E",-4.0,"2,E,25,",7.0,"2,,E,22,",26.0,"1,E,12,+",,,157.0,"1,E",10.5,"2,,,E",1.231,"3,E",1.938,"1,,,E",0.525,"2,,,E"
AGE00147717,1893-12-01,35.2,0.63,476.0,"SIDI BEL ABBES, AG",,,0.0,"1,E",11,"1,E",8,"1,E",1,"1,E",0.0,",E",11.0,",E",0.0,"1,E",0.0,"1,E",0.0,"1,E",18931231.0,"+,,E",18931216,",1,E",18931203.0,",1,E",-5.0,",E,31,+",27.0,"1,,E,16,",21.0,"1,E,03,",,,304.5,"1,E",64.0,"1,,,E",0.807,"1,E",1.417,"1,,,E",0.197,",,,E"
AGE00147717,1895-01-01,35.2,0.63,476.0,"SIDI BEL ABBES, AG",0.0,E,0.0,",E",15,",E",10,",E",2,",E",0.0,",E",9.0,",E",0.0,",E",2.0,",E",0.0,",E",18950103.0,",,E",18950107,",,E",18950120.0,"+,,E",-3.0,",E,03,",32.0,",,E,07,",22.0,",E,20,+",,,328.8,",E",132.0,",,,E",0.773,",E",1.345,",,,E",0.2,",,,E"
AGE00147717,1895-02-01,35.2,0.63,476.0,"SIDI BEL ABBES, AG",0.0,E,0.0,"2,E",5,"1,E",4,"1,E",0,"1,E",0.0,"1,E",1.0,"1,E",0.0,"1,E",6.0,"1,E",0.0,"1,E",18950201.0,",1,E",18950205,",1,E",18950222.0,",1,E",-1.0,"1,E,01,",8.0,"1,,E,05,",25.0,"1,E,22,",,,157.7,"1,E",22.0,"1,,,E",1.233,"2,E",1.8960000000000001,"1,,,E",0.5700000000000001,"1,,,E"
AGE00147717,1895-03-01,35.2,0.63,476.0,"SIDI BEL ABBES, AG",0.0,E,0.0,",E",7,",E",6,",E",0,",E",0.0,",E",2.0,",E",0.0,",E",6.0,",E",0.0,",E",18950306.0,",,E",18950322,",,E",18950328.0,",,E",-3.0,",E,06,",8.0,",,E,22,",30.0,",E,28,",,,220.8,",E",35.5,",,,E",1.121,",E",1.784,",,,E",0.458,",,,E"
AGE00147717,1895-04-01,35.2,0.63,476.0,"SIDI BEL ABBES, AG",5.8,E,5.8,",E",9,",E",6,",E",0,",E",0.0,",E",0.0,",E",0.0,",E",20.0,",E",0.0,",E",18950401.0,",,E",18950409,",,E",18950426.0,"+,,E",3.0,",E,01,",12.0,",,E,09,",31.0,",E,26,+",,,97.3,",E",42.5,",,,E",1.528,",E",2.27,",,,E",0.787,",,,E"
AGE00147717,1895-05-01,35.2,0.63,476.0,"SIDI BEL ABBES, AG",24.5,E,18.7,",E",7,",E",5,",E",1,",E",0.0,",E",0.0,",E",0.0,",E",25.0,",E",1.0,",E",18950527.0,"+,,E",18950502,",,E",18950518.0,",,E",5.0,",E,27,+",40.0,",,E,02,",34.0,",E,18,",,,52.5,",E",76.0,",,,E",1.7239999999999998,",E",2.455,",,,E",0.994,",,,E"
AGE00147717,1895-06-01,35.2,0.63,476.0,"SIDI BEL ABBES, AG",150.0,E,125.5,",E",3,",E",1,",E",0,",E",0.0,",E",0.0,",E",0.0,",E",30.0,",E",10.0,",E",18950621.0,"+,,E",18950609,",,E",18950628.0,",,E",8.0,",E,21,+",10.0,",,E,09,",42.0,",E,28,",,,2.5,",E",12.0,",,,E",2.243,",E",3.1,",,,E",1.387,",,,E"
AGE00147717,1895-07-01,35.2,0.63,476.0,"SIDI BEL ABBES, AG",392.2,E,242.2,",E",0,",E",0,",E",0,",E",0.0,",E",0.0,",E",0.0,",E",31.0,",E",28.0,",E",18950713.0,",,E",18950731,"+,,E",18950725.0,",,E",12.0,",E,13,",0.0,",,E,31,+",42.0,",E,25,",0.0,E,0.0,",E",0.0,",,,E",2.6149999999999998,",E",3.632,",,,E",1.597,",,,E"
AGE00147717,1895-08-01,35.2,0.63,476.0,"SIDI BEL ABBES, AG",628.9,E,236.7,",E",2,",E",1,",E",0,",E",0.0,",E",0.0,",E",0.0,",E",31.0,",E",29.0,",E",18950829.0,"+,,E",18950824,",,E",18950810.0,",,E",11.0,",E,29,+",2.5,",,E,24,",41.0,",E,10,",0.0,E,0.0,",E",3.5,",,,E",2.597,",E",3.6420000000000003,",,,E",1.552,",,,E"
AGE00147717,1895-09-01,35.2,0.63,476.0,"SIDI BEL ABBES, AG",809.4,E,180.5,",E",2,",E",2,",E",0,",E",0.0,",E",0.0,",E",0.0,",E",30.0,",E",24.0,",E",18950916.0,",,E",18950919,",,E",18950908.0,"+,,E",9.0,",E,16,",7.5,",,E,19,",40.0,",E,08,+",0.0,E,0.0,",E",11.5,",,,E",2.435,",E",3.45,",,,E",1.42,",,,E"
AGE00147717,1895-10-01,35.2,0.63,476.0,"SIDI BEL ABBES, AG",868.7,E,59.3,",E",4,",E",2,",E",0,",E",0.0,",E",0.0,",E",0.0,",E",28.0,",E",5.0,",E",18951010.0,",,E",18951030,",,E",18951002.0,",,E",6.0,",E,10,",8.0,",,E,30,",36.0,",E,02,",18.7,E,18.7,",E",13.6,",,,E",1.9649999999999999,",E",2.8899999999999997,",,,E",1.0390000000000001,",,,E"
AGE00147717,1895-11-01,35.2,0.63,476.0,"SIDI BEL ABBES, AG",868.7,E,0.0,",E",1,",E",1,",E",0,",E",0.0,",E",0.0,",E",0.0,",E",18.0,",E",0.0,",E",18951119.0,",,E",18951124,",,E",18951121.0,"+,,E",1.0,",E,19,",9.0,",,E,24,",28.0,",E,21,+",122.2,E,103.5,",E",9.0,",,,E",1.488,",E",2.317,",,,E",0.6599999999999999,",,,E"
AGE00147717,1895-12-01,35.2,0.63,476.0,"SIDI BEL ABBES, AG",868.7,E,0.0,"1,E",9,"1,E",6,"1,E",0,"1,E",0.0,",E",7.0,",E",0.0,"1,E",3.0,"1,E",0.0,"1,E",18951209.0,"+,,E",18951218,",1,E",18951207.0,",1,E",-2.0,",E,09,+",9.0,"1,,E,18,",24.0,"1,E,07,",352.2,E,230.0,"1,E",31.3,"1,,,E",1.064,"1,E",1.7530000000000001,"1,,,E",0.374,",,,E"
AGE00147717,1897-01-01,35.2,0.63,476.0,"SIDI BEL ABBES, AG",0.0,E,0.0,"2,E",8,"1,E",5,"1,E",1,"1,E",0.0,"1,E",11.0,"1,E",0.0,"1,E",4.0,"1,E",0.0,"1,E",18970125.0,",1,E",18970123,",1,E",18970109.0,",1,E",-7.0,"1,E,25,",27.0,"1,,E,23,",26.0,"1,E,09,",,,284.2,"1,E",75.0,"1,,,E",0.865,"2,E",1.53,"1,,,E",0.2,"1,,,E"
AGE00147717,1897-02-01,35.2,0.63,476.0,"SIDI BEL ABBES, AG",0.0,E,0.0,",E",1,",E",0,",E",0,",E",0.0,",E",15.0,",E",0.0,",E",4.0,",E",0.0,",E",18970202.0,",,E",18970216,",,E",18970210.0,"+,,E",-4.0,",E,02,",2.0,",,E,16,",25.0,",E,10,+",,,238.3,",E",2.0,",,,E",0.982,",E",1.8539999999999999,",,,E",0.11100000000000002,",,,E"
AGE00147717,1897-03-01,35.2,0.63,476.0,"SIDI BEL ABBES, AG",5.3,E,5.3,"2,E",1,"1,E",1,"1,E",0,"1,E",0.0,"1,E",2.0,"1,E",0.0,"1,E",17.0,"1,E",0.0,"1,E",18970311.0,"+,1,E",18970330,",1,E",18970329.0,"+,1,E",-1.0,"1,E,11,+",6.5,"1,,E,30,",32.0,"1,E,29,+",,,124.5,"1,E",6.5,"1,,,E",1.412,"2,E",2.347,"1,,,E",0.477,"1,,,E"
AGE00147717,1897-04-01,35.2,0.63,476.0,"SIDI BEL ABBES, AG",6.1,E,0.8,",E",3,",E",1,",E",0,",E",0.0,",E",1.0,",E",0.0,",E",21.0,",E",0.0,",E",18970409.0,",,E",18970413,",,E",18970428.0,"+,,E",-1.0,",E,09,",18.0,",,E,13,",32.0,",E,28,+",,,99.3,",E",21.5,",,,E",1.5050000000000001,",E",2.35,",,,E",0.6599999999999999,",,,E"
AGE00147717,1897-05-01,35.2,0.63,476.0,"SIDI BEL ABBES, AG",17.9,E,11.8,",E",4,",E",1,",E",0,",E",0.0,",E",0.0,",E",0.0,",E",26.0,",E",2.0,",E",18970513.0,"+,,E",18970526,",,E",18970529.0,",,E",3.0,",E,13,+",6.0,",,E,26,",34.0,",E,29,",,,46.2,",E",10.0,",,,E",1.723,",E",2.6550000000000002,",,,E",0.79,",,,E"
AGE00147717,1897-06-01,35.2,0.63,476.0,"SIDI BEL ABBES, AG",162.4,E,144.5,",E",0,",E",0,",E",0,",E",0.0,",E",0.0,",E",0.0,",E",30.0,",E",21.0,",E",18970607.0,"+,,E",18970630,"+,,E",18970613.0,",,E",8.0,",E,07,+",0.0,",,E,30,+",40.0,",E,13,",,,2.0,",E",0.0,",,,E",2.308,",E",3.44,",,,E",1.177,",,,E"
AGE00147717,1897-07-01,35.2,0.63,476.0,"SIDI BEL ABBES, AG",410.2,E,247.8,"2,E",0,"1,E",0,"1,E",0,"1,E",0.0,"1,E",0.0,"1,E",0.0,"1,E",30.0,"1,E",29.0,"1,E",18970705.0,",1,E",18970731,"+,1,E",18970731.0,",1,E",9.0,"1,E,05,",0.0,"1,,E,31,+",45.0,"1,E,31,",0.0,,0.0,"1,E",0.0,"1,,,E",2.683,"2,E",3.85,"1,,,E",1.517,"1,,,E"
AGE00147717,1897-08-01,35.2,0.63,476.0,"SIDI BEL ABBES, AG",654.5,E,244.3,"2,E",0,"1,E",0,"1,E",0,"1,E",0.0,"1,E",0.0,"1,E",0.0,"1,E",30.0,"1,E",27.0,"1,E",18970824.0,",1,E",18970831,"+,1,E",18970821.0,"+,1,E",9.0,"1,E,24,",0.0,"1,,E,31,+",41.0,"1,E,21,+",0.0,,0.0,"1,E",0.0,"1,,,E",2.662,"2,E",3.817,"1,,,E",1.5070000000000001,"1,,,E"
AGE00147717,1897-09-01,35.2,0.63,476.0,"SIDI BEL ABBES, AG",742.0,E,87.5,",E",2,",E",0,",E",0,",E",0.0,",E",0.0,",E",0.0,",E",30.0,",E",9.0,",E",18970923.0,",,E",18970914,",,E",18970901.0,",,E",4.0,",E,23,",2.0,",,E,14,",41.0,",E,01,",5.5,,5.5,",E",3.0,",,,E",2.107,",E",3.057,",,,E",1.157,",,,E"
AGE00147717,1897-10-01,35.2,0.63,476.0,"SIDI BEL ABBES, AG",761.7,E,19.7,",E",3,",E",2,",E",0,",E",0.0,",E",0.0,",E",0.0,",E",30.0,",E",1.0,",E",18971017.0,",,E",18971024,"+,,E",18971014.0,",,E",4.0,",E,17,",6.0,",,E,24,+",34.0,",E,14,",27.5,,22.0,",E",13.5,",,,E",1.826,",E",2.7,",,,E",0.952,",,,E"
AGE00147717,1897-11-01,35.2,0.63,476.0,"SIDI BEL ABBES, AG",763.9,E,2.2,",E",3,",E",3,",E",0,",E",0.0,",E",5.0,",E",0.0,",E",12.0,",E",0.0,",E",18971127.0,",,E",18971110,",,E",18971115.0,"+,,E",-2.0,",E,27,",10.0,",,E,10,",27.0,",E,15,+",180.7,,153.2,",E",20.0,",,,E",1.33,",E",2.133,",,,E",0.5269999999999999,",,,E"
AGE00147717,1898-01-01,35.2,0.63,476.0,"SIDI BEL ABBES, AG",0.0,E,0.0,",E",12,",E",11,",E",0,",E",0.0,",E",7.0,",E",0.0,",E",0.0,",E",0.0,",E",18980126.0,",,E",18980105,",,E",18980104.0,",,E",-3.0,",E,26,",16.0,",,E,05,",21.0,",E,04,",,,278.8,",E",75.5,",,,E",0.9339999999999999,",E",1.484,",,,E",0.384,",,,E"
AGE00147717,1898-02-01,35.2,0.63,476.0,"SIDI BEL ABBES, AG",0.0,E,0.0,",E",7,",E",5,",E",0,",E",0.0,",E",18.0,",E",0.0,",E",3.0,",E",0.0,",E",18980215.0,",,E",18980223,",,E",18980218.0,",,E",-6.0,",E,15,",12.0,",,E,23,",25.0,",E,18,",,,286.8,",E",31.0,",,,E",0.8089999999999999,",E",1.682,",,,E",-0.064,",,,E"
AGE00147717,1898-03-01,35.2,0.63,476.0,"SIDI BEL ABBES, AG",0.0,E,0.0,"4,E",9,"2,E",6,"2,E",0,"2,E",0.0,"2,E",8.0,"2,E",0.0,"2,E",3.0,"2,E",0.0,"2,E",18980307.0,",2,E",18980321,",2,E",18980319.0,",2,E",-2.0,"2,E,07,",18.0,"2,,E,21,",24.0,"2,E,19,",,,223.0,"2,E",73.9,"2,,,E",1.014,"4,E",1.714,"2,,,E",0.314,"2,,,E"
AGE00147717,1898-04-01,35.2,0.63,476.0,"SIDI BEL ABBES, AG",0.0,E,0.0,",E",7,",E",3,",E",0,",E",0.0,",E",2.0,",E",0.0,",E",13.0,",E",0.0,",E",18980418.0,"+,,E",18980403,",,E",18980430.0,",,E",0.0,",E,18,+",19.0,",,E,03,",30.0,",E,30,",,,162.5,",E",44.5,",,,E",1.292,",E",2.06,",,,E",0.523,",,,E"
AGE00147717,1898-05-01,35.2,0.63,476.0,"SIDI BEL ABBES, AG",4.3,E,4.3,",E",1,",E",0,",E",0,",E",0.0,",E",0.0,",E",0.0,",E",30.0,",E",1.0,",E",18980510.0,",,E",18980521,",,E",18980511.0,",,E",3.0,",E,10,",2.0,",,E,21,",33.0,",E,11,",,,50.2,",E",2.0,",,,E",1.685,",E",2.581,",,,E",0.79,",,,E"
AGE00147717,1898-06-01,35.2,0.63,476.0,"SIDI BEL ABBES, AG",122.8,E,118.5,",E",2,",E",1,",E",0,",E",0.0,",E",0.0,",E",0.0,",E",30.0,",E",9.0,",E",18980618.0,"+,,E",18980601,",,E",18980621.0,",,E",7.0,",E,18,+",2.5,",,E,01,",44.0,",E,21,",,,0.0,",E",3.5,",,,E",2.228,",E",3.213,",,,E",1.2429999999999999,",,,E"
AGE00147717,1898-07-01,35.2,0.63,476.0,"SIDI BEL ABBES, AG",369.6,E,246.8,"2,E",0,"1,E",0,"1,E",0,"1,E",0.0,"1,E",0.0,"1,E",0.0,"1,E",30.0,"1,E",27.0,"1,E",18980708.0,"+,1,E",18980731,"+,1,E",18980726.0,"+,1,E",10.0,"1,E,08,+",0.0,"1,,E,31,+",44.0,"1,E,26,+",0.0,E,0.0,"1,E",0.0,"1,,,E",2.673,"2,E",3.8,"1,,,E",1.5470000000000002,"1,,,E"
AGE00147717,1898-09-01,35.2,0.63,476.0,"SIDI BEL ABBES, AG",,,136.0,",E",3,",E",1,",E",0,",E",0.0,",E",0.0,",E",0.0,",E",29.0,",E",18.0,",E",18980904.0,",,E",18980929,",,E",18980915.0,",,E",7.0,",E,04,",3.0,",,E,29,",41.0,",E,15,",,,1.5,",E",5.0,",,,E",2.282,",E",3.2700000000000005,",,,E",1.293,",,,E"
AGE00147717,1898-10-01,35.2,0.63,476.0,"SIDI BEL ABBES, AG",,,11.2,",E",4,",E",2,",E",0,",E",0.0,",E",0.0,",E",0.0,",E",28.0,",E",0.0,",E",18981027.0,"+,,E",18981018,",,E",18981028.0,"+,,E",5.0,",E,27,+",22.0,",,E,18,",31.0,",E,28,+",,,32.5,",E",34.0,",,,E",1.765,",E",2.706,",,,E",0.8230000000000001,",,,E"
AGE00147717,1898-12-01,35.2,0.63,476.0,"SIDI BEL ABBES, AG",,,0.0,",E",5,",E",1,",E",0,",E",0.0,",E",17.0,",E",0.0,",E",0.0,",E",0.0,",E",18981225.0,"+,,E",18981230,",,E",18981209.0,",,E",-5.0,",E,25,+",3.0,",,E,30,",20.0,",E,09,",,,335.8,",E",9.0,",,,E",0.75,",E",1.506,",,,E",-0.006,",,,E"
AGE00147717,1899-01-01,35.2,0.63,476.0,"SIDI BEL ABBES, AG",0.0,E,0.0,",E",1,",E",1,",E",0,",E",0.0,",E",16.0,",E",0.0,",E",2.0,",E",0.0,",E",18990118.0,",,E",18990109,",,E",18990119.0,"+,,E",-6.0,",E,18,",8.0,",,E,09,",22.0,",E,19,+",,,286.3,",E",8.0,",,,E",0.9099999999999999,",E",1.797,",,,E",0.023,",,,E"
AGE00147717,1899-02-01,35.2,0.63,476.0,"SIDI BEL ABBES, AG",0.2,E,0.2,",E",9,",E",9,",E",0,",E",0.0,",E",3.0,",E",0.0,",E",9.0,",E",0.0,",E",18990213.0,",,E",18990216,",,E",18990209.0,",,E",-4.0,",E,13,",21.0,",,E,16,",28.0,",E,09,",,,195.5,",E",74.3,",,,E",1.136,",E",1.918,",,,E",0.354,",,,E"
AGE00147717,1899-03-01,35.2,0.63,476.0,"SIDI BEL ABBES, AG",0.2,E,0.0,",E",7,",E",5,",E",1,",E",0.0,",E",1.0,",E",0.0,",E",10.0,",E",0.0,",E",18990311.0,",,E",18990311,",,E",18990330.0,",,E",0.0,",E,11,",42.0,",,E,11,",28.0,",E,30,",,,210.3,",E",82.0,",,,E",1.155,",E",1.903,",,,E",0.40599999999999997,",,,E"
AGE00147717,1899-04-01,35.2,0.63,476.0,"SIDI BEL ABBES, AG",4.0,E,3.8,",E",2,",E",0,",E",0,",E",0.0,",E",0.0,",E",0.0,",E",26.0,",E",1.0,",E",18990410.0,",,E",18990418,",,E",18990427.0,",,E",1.0,",E,10,",2.0,",,E,18,",33.0,",E,27,",,,87.8,",E",3.0,",,,E",1.553,",E",2.57,",,,E",0.537,",,,E"
AGE00147717,1899-05-01,35.2,0.63,476.0,"SIDI BEL ABBES, AG",52.5,E,48.5,",E",6,",E",3,",E",0,",E",0.0,",E",0.0,",E",0.0,",E",30.0,",E",5.0,",E",18990529.0,",,E",18990531,",,E",18990522.0,",,E",5.0,",E,29,",19.0,",,E,31,",37.0,",E,22,",,,28.8,",E",28.0,",,,E",1.8969999999999998,",E",2.842,",,,E",0.952,",,,E"
AGE00147717,1899-06-01,35.2,0.63,476.0,"SIDI BEL ABBES, AG",127.2,E,74.7,",E",6,",E",5,",E",0,",E",0.0,",E",0.0,",E",0.0,",E",25.0,",E",9.0,",E",18990623.0,",,E",18990605,"+,,E",18990628.0,",,E",6.0,",E,23,",11.0,",,E,05,+",39.0,",E,28,",,,12.2,",E",41.0,",,,E",2.0420000000000003,",E",2.887,",,,E",1.197,",,,E"
AGE00147717,1899-07-01,35.2,0.63,476.0,"SIDI BEL ABBES, AG",350.9,E,223.7,",E",3,",E",1,",E",0,",E",0.0,",E",0.0,",E",0.0,",E",31.0,",E",26.0,",E",18990714.0,",,E",18990711,",,E",18990723.0,",,E",8.0,",E,14,",3.0,",,E,11,",46.0,",E,23,",0.0,E,0.0,",E",5.5,",,,E",2.555,",E",3.6770000000000005,",,,E",1.432,",,,E"
AGE00147717,1899-08-01,35.2,0.63,476.0,"SIDI BEL ABBES, AG",563.7,E,212.8,"2,E",3,",E",1,",E",0,",E",0.0,"1,E",0.0,"1,E",0.0,"1,E",30.0,"1,E",27.0,"1,E",18990828.0,",1,E",18990813,",,E",18990813.0,",1,E",9.0,"1,E,28,",3.0,",,E,13,",44.0,"1,E,13,",0.0,E,0.0,"1,E",6.5,",,,E",2.58,"2,E",3.693,"1,,,E",1.467,"1,,,E"
AGE00147717,1899-09-01,35.2,0.63,476.0,"SIDI BEL ABBES, AG",719.2,E,155.5,",E",2,",E",0,",E",0,",E",0.0,",E",0.0,",E",0.0,",E",30.0,",E",16.0,",E",18990928.0,"+,,E",18990914,",,E",18990904.0,",,E",7.0,",E,28,+",2.0,",,E,14,",40.0,",E,04,",0.0,E,0.0,",E",3.0,",,,E",2.352,",E",3.3630000000000004,",,,E",1.34,",,,E"
AGE00147717,1899-10-01,35.2,0.63,476.0,"SIDI BEL ABBES, AG",799.7,E,80.5,",E",4,",E",1,",E",0,",E",0.0,",E",0.0,",E",0.0,",E",30.0,",E",6.0,",E",18991021.0,",,E",18991031,",,E",18991011.0,"+,,E",6.0,",E,21,",6.0,",,E,31,",36.0,",E,11,+",5.3,E,5.3,",E",12.0,",,,E",2.076,",E",3.048,",,,E",1.103,",,,E"
AGE00147717,1899-11-01,35.2,0.63,476.0,"SIDI BEL ABBES, AG",806.7,E,7.0,",E",3,",E",2,",E",0,",E",0.0,",E",6.0,",E",0.0,",E",17.0,",E",0.0,",E",18991123.0,"+,,E",18991128,",,E",18991109.0,",,E",-2.0,",E,23,+",8.0,",,E,28,",31.0,",E,09,",155.8,E,150.5,",E",12.5,",,,E",1.355,",E",2.293,",,,E",0.417,",,,E"
AGE00147717,1899-12-01,35.2,0.63,476.0,"SIDI BEL ABBES, AG",806.7,E,0.0,",E",14,",E",9,",E",1,",E",0.0,",E",11.0,",E",0.0,",E",2.0,",E",0.0,",E",18991225.0,"+,,E",18991208,",,E",18991231.0,"+,,E",-2.0,",E,25,+",55.0,",,E,08,",22.0,",E,31,+",446.6,E,290.8,",E",162.0,",,,E",0.8949999999999999,",E",1.577,",,,E",0.213,",,,E"
AGE00147717,1900-01-01,35.2,0.63,476.0,"SIDI BEL ABBES, AG",0.0,,0.0,"2,E",10,"1,E",7,"1,E",1,"1,E",0.0,"1,E",16.0,"1,E",0.0,"1,E",2.0,"1,E",0.0,"1,E",19000127.0,"+,1,E",19000105,",1,E",19000102.0,"+,1,E",-3.0,"1,E,27,+",31.0,"1,,E,05,",22.0,"1,E,02,+",741.8,,295.2,"1,E",101.0,"1,,,E",0.8130000000000001,"2,E",1.4929999999999999,"1,,,E",0.133,"1,,,E"
AGE00147717,1900-02-01,35.2,0.63,476.0,"SIDI BEL ABBES, AG",,,,,4,"3,E",3,"3,E",0,"3,E",0.0,"3,E",3.0,"3,E",0.0,"3,E",8.0,"3,E",0.0,"3,E",19000203.0,",3,E",19000202,",3,E",19000224.0,",3,E",-2.0,"3,E,03,",16.0,"3,,E,02,",29.0,"3,E,24,",,,,,33.0,"3,,,E",1.206,"6,E",1.964,"3,,,E",0.44800000000000006,"3,,,E"
AGE00147717,1900-03-01,35.2,0.63,476.0,"SIDI BEL ABBES, AG",,,,,6,"3,E",4,"3,E",0,"3,E",0.0,"3,E",3.0,"3,E",0.0,"3,E",6.0,"3,E",0.0,"3,E",19000309.0,",3,E",19000331,",3,E",19000312.0,"+,3,E",-2.0,"3,E,09,",21.0,"3,,E,31,",26.0,"3,E,12,+",,,,,50.0,"3,,,E",1.1640000000000001,"6,E",1.918,"3,,,E",0.41100000000000003,"3,,,E"
AGE00147717,1901-05-01,35.2,0.63,476.0,"SIDI BEL ABBES, AG",,,10.2,"1,E",8,"1,E",8,"1,E",0,"1,E",0.0,",E",0.0,",E",0.0,"1,E",24.0,"1,E",0.0,"1,E",19010513.0,",,E",19010527,",1,E",19010520.0,",1,E",3.0,",E,13,",21.5,"1,,E,27,",31.0,"1,E,20,",,,53.2,"1,E",84.9,"1,,,E",1.6949999999999998,"1,E",2.503,"1,,,E",0.8869999999999999,",,,E"
AGE00147717,1901-07-01,35.2,0.63,476.0,"SIDI BEL ABBES, AG",,,,,2,"4,E",1,"4,E",0,"4,E",0.0,"4,E",0.0,"4,E",0.0,"4,E",27.0,"4,E",24.0,"4,E",19010731.0,",4,E",19010715,",4,E",19010722.0,"+,4,E",12.0,"4,E,31,",3.5,"4,,E,15,",41.0,"4,E,22,+",,,,,5.5,"4,,,E",2.6149999999999998,"8,E",3.559,"4,,,E",1.67,"4,,,E"
AGE00147717,1901-08-01,35.2,0.63,476.0,"SIDI BEL ABBES, AG",,,262.7,",E",1,",E",1,",E",0,",E",0.0,",E",0.0,",E",0.0,",E",31.0,",E",30.0,",E",19010815.0,"+,,E",19010823,",,E",19010831.0,"+,,E",12.0,",E,15,+",3.5,",,E,23,",41.0,",E,31,+",,,0.0,",E",3.5,",,,E",2.681,",E",3.6770000000000005,",,,E",1.684,",,,E"
AGE00147717,1901-10-01,35.2,0.63,476.0,"SIDI BEL ABBES, AG",,,11.8,",E",18,",E",18,",E",1,",E",0.0,",E",0.0,",E",0.0,",E",15.0,",E",0.0,",E",19011025.0,",,E",19011016,",,E",19011009.0,",,E",3.0,",E,25,",40.0,",,E,16,",30.0,",E,09,",,,101.7,",E",269.2,",,,E",1.544,",E",2.145,",,,E",0.942,",,,E"
AGE00147717,1901-11-01,35.2,0.63,476.0,"SIDI BEL ABBES, AG",,,0.0,",E",9,",E",9,",E",1,",E",0.0,",E",1.0,",E",0.0,",E",5.0,",E",0.0,",E",19011123.0,",,E",19011107,",,E",19011117.0,"+,,E",0.0,",E,23,",50.0,",,E,07,",25.0,",E,17,+",,,180.5,",E",128.3,",,,E",1.232,",E",1.8030000000000002,",,,E",0.6599999999999999,",,,E"
AGE00147717,1901-12-01,35.2,0.63,476.0,"SIDI BEL ABBES, AG",,,0.0,"4,E",13,"1,E",13,"1,E",0,"1,E",0.0,"2,E",2.0,"2,E",0.0,"2,E",0.0,"2,E",0.0,"2,E",19011211.0,"+,2,E",19011218,",1,E",19011231.0,"+,2,E",0.0,"2,E,11,+",20.0,"1,,E,18,",19.0,"2,E,31,+",,,257.2,"2,E",141.5,"1,,,E",0.8630000000000001,"4,E",1.369,"2,,,E",0.357,"2,,,E"
AGE00147717,1902-01-01,35.2,0.63,476.0,"SIDI BEL ABBES, AG",0.0,E,0.0,",E",2,",E",2,",E",0,",E",0.0,",E",16.0,",E",0.0,",E",0.0,",E",0.0,",E",19020129.0,",,E",19020129,",,E",19020123.0,"+,,E",-3.0,",E,29,",5.5,",,E,29,",18.0,",E,23,+",,,321.3,",E",10.0,",,,E",0.7969999999999999,",E",1.5390000000000001,",,,E",0.05500000000000001,",,,E"
AGE00147717,1902-02-01,35.2,0.63,476.0,"SIDI BEL ABBES, AG",0.0,E,0.0,",E",7,",E",7,",E",1,",E",0.0,",E",5.0,",E",0.0,",E",7.0,",E",0.0,",E",19020203.0,",,E",19020221,",,E",19020206.0,"+,,E",-3.0,",E,03,",27.4,",,E,21,",24.0,",E,06,+",,,216.3,",E",74.1,",,,E",1.061,",E",1.714,",,,E",0.40700000000000003,",,,E"
AGE00147717,1902-03-01,35.2,0.63,476.0,"SIDI BEL ABBES, AG",0.0,E,0.0,"2,E",9,"1,E",9,"1,E",1,"1,E",0.0,"1,E",2.0,"1,E",0.0,"1,E",9.0,"1,E",0.0,"1,E",19020325.0,"+,1,E",19020319,",1,E",19020331.0,",1,E",0.0,"1,E,25,+",32.0,"1,,E,19,",31.0,"1,E,31,",,,185.7,"1,E",159.0,"1,,,E",1.1880000000000002,"2,E",1.98,"1,,,E",0.397,"1,,,E"
AGE00147717,1902-04-01,35.2,0.63,476.0,"SIDI BEL ABBES, AG",2.5,E,2.5,",E",4,",E",4,",E",2,",E",0.0,",E",0.0,",E",0.0,",E",19.0,",E",0.0,",E",19020425.0,"+,,E",19020405,",,E",19020401.0,",,E",5.0,",E,25,+",46.0,",,E,05,",29.0,",E,01,",,,91.5,",E",93.5,",,,E",1.537,",E",2.2800000000000002,",,,E",0.7929999999999999,",,,E"
AGE00147717,1902-05-01,35.2,0.63,476.0,"SIDI BEL ABBES, AG",9.3,E,6.8,",E",2,",E",2,",E",0,",E",0.0,",E",0.0,",E",0.0,",E",26.0,",E",1.0,",E",19020523.0,"+,,E",19020514,",,E",19020527.0,",,E",1.0,",E,23,+",16.0,",,E,14,",34.0,",E,27,",,,87.2,",E",29.0,",,,E",1.574,",E",2.487,",,,E",0.661,",,,E"
AGE00147717,1902-06-01,35.2,0.63,476.0,"SIDI BEL ABBES, AG",94.8,E,85.5,",E",0,",E",0,",E",0,",E",0.0,",E",0.0,",E",0.0,",E",30.0,",E",10.0,",E",19020604.0,",,E",19020630,"+,,E",19020622.0,"+,,E",5.0,",E,04,",0.0,",,E,30,+",37.0,",E,22,+",,,8.5,",E",0.0,",,,E",2.09,",E",3.027,",,,E",1.153,",,,E"
AGE00147717,1902-08-01,35.2,0.63,476.0,"SIDI BEL ABBES, AG",,,276.7,",E",0,",E",0,",E",0,",E",0.0,",E",0.0,",E",0.0,",E",31.0,",E",26.0,",E",19020831.0,"+,,E",19020831,"+,,E",19020819.0,"+,,E",10.0,",E,31,+",0.0,",,E,31,+",46.0,",E,19,+",,,0.0,",E",0.0,",,,E",2.726,",E",3.8229999999999995,",,,E",1.629,",,,E"
AGE00147717,1902-09-01,35.2,0.63,476.0,"SIDI BEL ABBES, AG",,,133.2,",E",0,",E",0,",E",0,",E",0.0,",E",0.0,",E",0.0,",E",28.0,",E",10.0,",E",19020929.0,",,E",19020930,"+,,E",19020904.0,",,E",7.0,",E,29,",0.0,",,E,30,+",44.0,",E,04,",,,11.2,",E",0.0,",,,E",2.2399999999999998,",E",3.123,",,,E",1.357,",,,E"
AGE00147717,1902-10-01,35.2,0.63,476.0,"SIDI BEL ABBES, AG",,,11.3,"3,E",8,"1,E",8,"1,E",0,"1,E",0.0,"2,E",0.0,"2,E",0.0,"1,E",22.0,"1,E",1.0,"1,E",19021020.0,",2,E",19021010,",1,E",19021008.0,",1,E",3.0,"2,E,20,",22.0,"1,,E,10,",33.0,"1,E,08,",,,75.2,"1,E",89.5,"1,,,E",1.587,"3,E",2.357,"1,,,E",0.817,"2,,,E"
AGE00147717,1902-11-01,35.2,0.63,476.0,"SIDI BEL ABBES, AG",,,2.5,",E",6,",E",4,",E",2,",E",0.0,",E",0.0,",E",0.0,",E",7.0,",E",0.0,",E",19021129.0,",,E",19021114,",,E",19021105.0,",,E",1.0,",E,29,",40.5,",,E,14,",27.0,",E,05,",,,180.0,",E",104.4,",,,E",1.242,",E",1.873,",,,E",0.61,",,,E"
AGE00147717,1902-12-01,35.2,0.63,476.0,"SIDI BEL ABBES, AG",,,0.0,",E",7,",E",6,",E",0,",E",0.0,",E",12.0,",E",0.0,",E",0.0,",E",0.0,",E",19021228.0,"+,,E",19021231,",,E",19021208.0,"+,,E",-2.0,",E,28,+",7.8,",,E,31,",20.0,",E,08,+",,,286.3,",E",33.0,",,,E",0.9099999999999999,",E",1.558,",,,E",0.261,",,,E"
AGE00147717,1903-01-01,35.2,0.63,476.0,"SIDI BEL ABBES, AG",0.0,E,0.0,"2,E",4,"1,E",4,"1,E",0,"1,E",0.0,"1,E",10.0,"1,E",0.0,"1,E",2.0,"1,E",0.0,"1,E",19030129.0,"+,1,E",19030121,",1,E",19030110.0,",1,E",-1.0,"1,E,29,+",18.3,"1,,E,21,",23.0,"1,E,10,",,,264.7,"1,E",36.1,"1,,,E",0.923,"2,E",1.517,"1,,,E",0.32999999999999996,"1,,,E"
AGE00147717,1903-02-01,35.2,0.63,476.0,"SIDI BEL ABBES, AG",0.0,E,0.0,"2,E",1,"1,E",1,"1,E",0,"1,E",0.0,"1,E",16.0,"1,E",0.0,"1,E",1.0,"1,E",0.0,"1,E",19030222.0,",1,E",19030202,",1,E",19030223.0,",1,E",-4.0,"1,E,22,",15.8,"1,,E,02,",22.0,"1,E,23,",,,253.7,"1,E",15.8,"1,,,E",0.852,"2,E",1.6780000000000002,"1,,,E",0.026000000000000002,"1,,,E"
AGE00147717,1903-05-01,35.2,0.63,476.0,"SIDI BEL ABBES, AG",,,11.0,",E",8,",E",4,",E",0,",E",0.0,",E",0.0,",E",0.0,",E",20.0,",E",1.0,",E",19030515.0,",,E",19030529,",,E",19030525.0,",,E",2.0,",E,15,",12.4,",,E,29,",33.0,",E,25,",,,89.3,",E",35.3,",,,E",1.581,",E",2.3289999999999997,",,,E",0.8320000000000001,",,,E"
AGE00147717,1903-06-01,35.2,0.63,476.0,"SIDI BEL ABBES, AG",,,76.3,",E",2,",E",1,",E",0,",E",0.0,",E",0.0,",E",0.0,",E",25.0,",E",10.0,",E",19030614.0,"+,,E",19030601,",,E",19030625.0,"+,,E",9.0,",E,14,+",12.5,",,E,01,",37.0,",E,25,+",,,19.3,",E",13.5,",,,E",2.023,",E",2.823,",,,E",1.223,",,,E"
AGE00147717,1903-07-01,35.2,0.63,476.0,"SIDI BEL ABBES, AG",,,230.2,",E",0,",E",0,",E",0,",E",0.0,",E",0.0,",E",0.0,",E",31.0,",E",26.0,",E",19030722.0,",,E",19030731,"+,,E",19030730.0,"+,,E",12.0,",E,22,",0.0,",,E,31,+",41.0,",E,30,+",0.0,E,0.0,",E",0.0,",,,E",2.576,",E",3.594,",,,E",1.558,",,,E"
AGE00147717,1903-08-01,35.2,0.63,476.0,"SIDI BEL ABBES, AG",,,260.8,"2,E",0,"1,E",0,"1,E",0,"1,E",0.0,"1,E",0.0,"1,E",0.0,"1,E",30.0,"1,E",28.0,"1,E",19030819.0,",1,E",19030831,"+,1,E",19030805.0,",1,E",12.0,"1,E,19,",0.0,"1,,E,31,+",42.0,"1,E,05,",0.0,E,0.0,"1,E",0.0,"1,,,E",2.73,"2,E",3.79,"1,,,E",1.67,"1,,,E"
AGE00147717,1903-09-01,35.2,0.63,476.0,"SIDI BEL ABBES, AG",,,92.2,"1,E",5,",E",1,",E",0,",E",0.0,",E",0.0,",E",0.0,"1,E",28.0,"1,E",7.0,"1,E",19030916.0,",,E",19030927,",,E",19030901.0,",1,E",5.0,",E,16,",4.8,",,E,27,",39.0,"1,E,01,",9.8,E,9.8,"1,E",9.3,",,,E",2.123,"1,E",3.007,"1,,,E",1.24,",,,E"
AGE00147717,1903-10-01,35.2,0.63,476.0,"SIDI BEL ABBES, AG",,,,,3,"3,E",2,"3,E",0,"3,E",0.0,"3,E",0.0,"3,E",0.0,"3,E",21.0,"3,E",4.0,"3,E",19031024.0,",3,E",19031029,",3,E",19031014.0,"+,3,E",2.0,"3,E,24,",6.0,"3,,E,29,",36.0,"3,E,14,+",,,,,10.3,"3,,,E",1.7449999999999999,"6,E",2.632,"3,,,E",0.857,"3,,,E"
AGE00147717,1903-11-01,35.2,0.63,476.0,"SIDI BEL ABBES, AG",,,0.0,",E",3,",E",3,",E",1,",E",0.0,",E",1.0,",E",0.0,",E",5.0,",E",0.0,",E",19031121.0,",,E",19031130,",,E",19031108.0,"+,,E",-4.0,",E,21,",32.8,",,E,30,",24.0,",E,08,+",,,210.5,",E",56.1,",,,E",1.1320000000000001,",E",1.857,",,,E",0.40700000000000003,",,,E"
AGE00147717,1903-12-01,35.2,0.63,476.0,"SIDI BEL ABBES, AG",,,0.0,"2,E",12,"1,E",10,"1,E",0,"1,E",0.0,"1,E",1.0,"1,E",0.0,"1,E",0.0,"1,E",0.0,"1,E",19031228.0,",1,E",19031219,",1,E",19031215.0,"+,1,E",-1.0,"1,E,28,",17.8,"1,,E,19,",19.0,"1,E,15,+",,,312.2,"1,E",65.9,"1,,,E",0.752,"2,E",1.223,"1,,,E",0.27999999999999997,"1,,,E"
AGE00147717,1904-01-01,35.2,0.63,476.0,"SIDI BEL ABBES, AG",0.0,E,0.0,",E",14,",E",13,",E",2,",E",0.0,",E",4.0,",E",0.0,",E",0.0,",E",0.0,",E",19040119.0,",,E",19040106,",,E",19040128.0,",,E",-6.0,",E,19,",42.0,",,E,06,",17.0,",E,28,",,,362.8,",E",165.9,",,,E",0.663,",E",1.126,",,,E",0.2,",,,E"
AGE00147717,1904-02-01,35.2,0.63,476.0,"SIDI BEL ABBES, AG",0.0,E,0.0,",E",10,",E",10,",E",0,",E",0.0,",E",2.0,",E",0.0,",E",2.0,",E",0.0,",E",19040221.0,"+,,E",19040219,",,E",19040213.0,",,E",0.0,",E,21,+",25.0,",,E,19,",23.0,",E,13,",,,265.2,",E",133.6,",,,E",0.9189999999999999,",E",1.441,",,,E",0.397,",,,E"
AGE00147717,1904-03-01,35.2,0.63,476.0,"SIDI BEL ABBES, AG",0.0,E,0.0,"3,E",6,",E",6,",E",1,",E",0.0,",E",0.0,",E",0.0,"3,E",3.0,"3,E",0.0,"3,E",19040328.0,"+,,E",19040303,",,E",19040311.0,",3,E",1.0,",E,28,+",48.0,",,E,03,",24.0,"3,E,11,",,,223.8,"3,E",73.4,",,,E",1.029,"3,E",1.704,"3,,,E",0.355,",,,E"
AGE00147717,1904-04-01,35.2,0.63,476.0,"SIDI BEL ABBES, AG",4.2,E,4.2,",E",8,",E",8,",E",1,",E",0.0,",E",0.0,",E",0.0,",E",16.0,",E",1.0,",E",19040406.0,"+,,E",19040417,",,E",19040413.0,",,E",3.0,",E,06,+",29.5,",,E,17,",33.0,",E,13,",,,138.2,",E",111.8,",,,E",1.387,",E",2.173,",,,E",0.6,",,,E"
AGE00147717,1904-05-01,35.2,0.63,476.0,"SIDI BEL ABBES, AG",63.7,E,59.5,",E",1,",E",0,",E",0,",E",0.0,",E",0.0,",E",0.0,",E",30.0,",E",7.0,",E",19040503.0,",,E",19040525,",,E",19040518.0,",,E",5.0,",E,03,",2.0,",,E,25,",39.0,",E,18,",,,19.8,",E",2.0,",,,E",1.9609999999999999,",E",2.903,",,,E",1.019,",,,E"
AGE00147717,1904-06-01,35.2,0.63,476.0,"SIDI BEL ABBES, AG",182.7,E,119.0,",E",2,",E",2,",E",0,",E",0.0,",E",0.0,",E",0.0,",E",29.0,",E",13.0,",E",19040611.0,",,E",19040607,",,E",19040626.0,",,E",3.0,",E,11,",8.8,",,E,07,",39.0,",E,26,",,,5.5,",E",11.8,",,,E",2.212,",E",3.127,",,,E",1.2970000000000002,",,,E"
AGE00147717,1904-07-01,35.2,0.63,476.0,"SIDI BEL ABBES, AG",437.9,E,255.2,",E",1,",E",1,",E",0,",E",0.0,",E",0.0,",E",0.0,",E",31.0,",E",28.0,",E",19040701.0,",,E",19040706,",,E",19040729.0,",,E",11.0,",E,01,",4.0,",,E,06,",42.0,",E,29,",0.0,E,0.0,",E",4.0,",,,E",2.6559999999999997,",E",3.71,",,,E",1.6030000000000002,",,,E"
AGE00147717,1904-08-01,35.2,0.63,476.0,"SIDI BEL ABBES, AG",707.6,E,269.7,",E",1,",E",0,",E",0,",E",0.0,",E",0.0,",E",0.0,",E",31.0,",E",30.0,",E",19040821.0,"+,,E",19040814,",,E",19040815.0,",,E",11.0,",E,21,+",1.5,",,E,14,",42.0,",E,15,",0.0,E,0.0,",E",1.5,",,,E",2.7030000000000003,",E",3.7479999999999998,",,,E",1.658,",,,E"
AGE00147717,1904-09-01,35.2,0.63,476.0,"SIDI BEL ABBES, AG",818.6,E,111.0,",E",5,",E",0,",E",0,",E",0.0,",E",0.0,",E",0.0,",E",30.0,",E",11.0,",E",19040930.0,"+,,E",19040924,"+,,E",19040905.0,",,E",8.0,",E,30,+",2.0,",,E,24,+",38.0,",E,05,",9.5,E,9.5,",E",7.7,",,,E",2.1719999999999997,",E",3.02,",,,E",1.323,",,,E"
AGE00147717,1904-10-01,35.2,0.63,476.0,"SIDI BEL ABBES, AG",833.3,E,14.7,",E",3,",E",3,",E",0,",E",0.0,",E",0.0,",E",0.0,",E",30.0,",E",2.0,",E",19041011.0,"+,,E",19041013,",,E",19041005.0,"+,,E",5.0,",E,11,+",9.9,",,E,13,",33.0,",E,05,+",42.5,E,33.0,",E",20.5,",,,E",1.7739999999999998,",E",2.661,",,,E",0.8869999999999999,",,,E"
AGE00147717,1904-11-01,35.2,0.63,476.0,"SIDI BEL ABBES, AG",833.5,E,0.2,",E",3,",E",3,",E",0,",E",0.0,",E",1.0,",E",0.0,",E",13.0,",E",0.0,",E",19041118.0,",,E",19041123,",,E",19041112.0,"+,,E",-1.0,",E,18,",21.3,",,E,23,",25.0,",E,12,+",225.2,E,182.7,",E",42.8,",,,E",1.225,",E",1.9629999999999999,",,,E",0.487,",,,E"
AGE00147717,1904-12-01,35.2,0.63,476.0,"SIDI BEL ABBES, AG",833.5,E,0.0,"3,E",6,",E",5,",E",0,",E",0.0,"3,E",2.0,"3,E",0.0,",E",1.0,",E",0.0,",E",19041220.0,"+,3,E",19041227,",,E",19041220.0,",,E",-1.0,"3,E,20,+",23.0,",,E,27,",22.0,",E,20,",444.0,E,218.8,",E",52.5,",,,E",1.04,"3,E",1.6260000000000001,",,,E",0.454,"3,,,E"
AGE00147717,1905-01-01,35.2,0.63,476.0,"SIDI BEL ABBES, AG",0.0,E,0.0,"2,E",6,",E",4,",E",0,",E",0.0,"2,E",12.0,"2,E",0.0,",E",0.0,",E",0.0,",E",19050104.0,",2,E",19050117,",,E",19050109.0,",,E",-6.0,"2,E,04,",14.8,",,E,17,",19.0,",E,09,",773.7,E,329.7,",E",31.4,",,,E",0.686,"2,E",1.306,",,,E",0.066,"2,,,E"
AGE00147717,1905-02-01,35.2,0.63,476.0,"SIDI BEL ABBES, AG",0.0,E,0.0,",E",6,",E",5,",E",0,",E",0.0,",E",18.0,",E",0.0,",E",0.0,",E",0.0,",E",19050214.0,"+,,E",19050222,",,E",19050207.0,"+,,E",-4.0,",E,14,+",12.0,",,E,22,",18.0,",E,07,+",1101.0,E,327.3,",E",37.5,",,,E",0.6639999999999999,",E",1.3820000000000001,",,,E",-0.054000000000000006,",,,E"
AGE00147717,1905-03-01,35.2,0.63,476.0,"SIDI BEL ABBES, AG",1.2,E,1.2,"2,E",4,"1,E",4,"1,E",0,"1,E",0.0,"1,E",1.0,"1,E",0.0,"1,E",16.0,"1,E",0.0,"1,E",19050304.0,",1,E",19050302,",1,E",19050330.0,",1,E",-1.0,"1,E,04,",14.0,"1,,E,02,",32.0,"1,E,30,",1268.8,E,167.8,"1,E",31.0,"1,,,E",1.2650000000000001,"2,E",2.073,"1,,,E",0.457,"1,,,E"
AGE00147717,1905-04-01,35.2,0.63,476.0,"SIDI BEL ABBES, AG",11.2,E,10.0,",E",3,",E",3,",E",0,",E",0.0,",E",2.0,",E",0.0,",E",18.0,",E",2.0,",E",19050424.0,"+,,E",19050427,",,E",19050404.0,",,E",-1.0,",E,24,+",11.0,",,E,27,",34.0,",E,04,",1356.8,E,88.0,",E",18.0,",,,E",1.573,",E",2.443,",,,E",0.7030000000000001,",,,E"
AGE00147717,1905-05-01,35.2,0.63,476.0,"SIDI BEL ABBES, AG",21.9,E,10.7,"2,E",7,"1,E",4,"1,E",0,"1,E",0.0,"1,E",0.0,"1,E",0.0,"1,E",26.0,"1,E",2.0,"1,E",19050510.0,"+,1,E",19050503,",1,E",19050501.0,",1,E",4.0,"1,E,10,+",11.0,"1,,E,03,",34.0,"1,E,01,",1419.6,E,62.8,"1,E",36.1,"1,,,E",1.6649999999999998,"2,E",2.543,"1,,,E",0.787,"1,,,E"
AGE00147717,1905-07-01,35.2,0.63,476.0,"SIDI BEL ABBES, AG",,,224.2,",E",2,",E",1,",E",0,",E",0.0,",E",0.0,",E",0.0,",E",31.0,",E",25.0,",E",19050704.0,",,E",19050722,",,E",19050721.0,",,E",10.0,",E,04,",14.0,",,E,22,",43.0,",E,21,",0.0,E,0.0,",E",16.0,",,,E",2.556,",E",3.5420000000000003,",,,E",1.5710000000000002,",,,E"
AGE00147717,1905-08-01,35.2,0.63,476.0,"SIDI BEL ABBES, AG",,,218.7,"3,E",1,"2,E",0,"2,E",0,"2,E",0.0,"2,E",0.0,"2,E",0.0,"2,E",29.0,"2,E",23.0,"2,E",19050807.0,"+,2,E",19050825,",2,E",19050810.0,"+,2,E",11.0,"2,E,07,+",1.2,"2,,E,25,",43.0,"2,E,10,+",0.0,E,0.0,"2,E",1.2,"2,,,E",2.616,"3,E",3.593,"2,,,E",1.638,"2,,,E"
AGE00147717,1905-09-01,35.2,0.63,476.0,"SIDI BEL ABBES, AG",,,97.2,"2,E",2,"1,E",0,"1,E",0,"1,E",0.0,"1,E",0.0,"1,E",0.0,"1,E",28.0,"1,E",12.0,"1,E",19050920.0,",1,E",19050929,",1,E",19050916.0,"+,1,E",7.0,"1,E,20,",1.9,"1,,E,29,",39.0,"1,E,16,+",6.0,E,6.0,"1,E",2.3,"1,,,E",2.1670000000000003,"2,E",3.121,"1,,,E",1.214,"1,,,E"
AGE00147717,1905-10-01,35.2,0.63,476.0,"SIDI BEL ABBES, AG",,,16.0,",E",5,",E",2,",E",0,",E",0.0,",E",0.0,",E",0.0,",E",25.0,",E",0.0,",E",19051030.0,",,E",19051012,",,E",19051008.0,"+,,E",6.0,",E,30,",4.3,",,E,12,",31.0,",E,08,+",52.8,E,46.8,",E",12.5,",,,E",1.734,",E",2.4739999999999998,",,,E",0.994,",,,E"
AGE00147717,1905-11-01,35.2,0.63,476.0,"SIDI BEL ABBES, AG",,,0.7,",E",8,",E",5,",E",0,",E",0.0,",E",0.0,",E",0.0,",E",6.0,",E",0.0,",E",19051124.0,"+,,E",19051120,",,E",19051118.0,"+,,E",2.0,",E,24,+",7.8,",,E,20,",25.0,",E,18,+",214.5,E,161.7,",E",31.9,",,,E",1.2970000000000002,",E",1.83,",,,E",0.763,",,,E"
AGE00147717,1906-01-01,35.2,0.63,476.0,"SIDI BEL ABBES, AG",0.0,E,0.0,"2,E",6,"1,E",4,"1,E",0,"1,E",0.0,"1,E",7.0,"1,E",1.0,"1,E",2.0,"1,E",0.0,"1,E",19060124.0,",1,E",19060129,",1,E",19060106.0,",1,E",-7.0,"1,E,24,",17.6,"1,,E,29,",23.0,"1,E,06,",,,276.7,"1,E",31.8,"1,,,E",0.845,"2,E",1.413,"1,,,E",0.277,"1,,,E"
AGE00147717,1906-02-01,35.2,0.63,476.0,"SIDI BEL ABBES, AG",0.0,E,0.0,",E",11,",E",5,",E",0,",E",0.0,",E",9.0,",E",0.0,",E",0.0,",E",0.0,",E",19060207.0,"+,,E",19060212,",,E",19060226.0,",,E",-3.0,",E,07,+",7.8,",,E,12,",21.0,",E,26,",,,311.8,",E",29.6,",,,E",0.72,",E",1.264,",,,E",0.175,",,,E"
AGE00147717,1906-03-01,35.2,0.63,476.0,"SIDI BEL ABBES, AG",0.0,E,0.0,",E",7,",E",3,",E",0,",E",0.0,",E",6.0,",E",0.0,",E",12.0,",E",0.0,",E",19060324.0,"+,,E",19060322,",,E",19060310.0,",,E",-1.0,",E,24,+",18.2,",,E,22,",29.0,",E,10,",,,197.8,",E",27.5,",,,E",1.1949999999999998,",E",1.987,",,,E",0.403,",,,E"
AGE00147717,1906-04-01,35.2,0.63,476.0,"SIDI BEL ABBES, AG",0.0,E,0.0,",E",8,",E",7,",E",0,",E",0.0,",E",1.0,",E",0.0,",E",11.0,",E",0.0,",E",19060422.0,",,E",19060411,",,E",19060402.0,",,E",0.0,",E,22,",8.7,",,E,11,",25.0,",E,02,",,,154.0,",E",38.2,",,,E",1.3199999999999998,",E",1.953,",,,E",0.687,",,,E"
AGE00147717,1906-05-01,35.2,0.63,476.0,"SIDI BEL ABBES, AG",27.0,E,27.0,",E",5,",E",3,",E",1,",E",0.0,",E",0.0,",E",0.0,",E",16.0,",E",4.0,",E",19060502.0,",,E",19060508,",,E",19060531.0,",,E",1.0,",E,02,",27.7,",,E,08,",38.0,",E,31,",,,78.8,",E",57.6,",,,E",1.666,",E",2.4899999999999998,",,,E",0.842,",,,E"
AGE00147717,1906-06-01,35.2,0.63,476.0,"SIDI BEL ABBES, AG",136.2,E,109.2,"2,E",2,"1,E",0,"1,E",0,"1,E",0.0,"1,E",0.0,"1,E",0.0,"1,E",29.0,"1,E",14.0,"1,E",19060610.0,",1,E",19060611,",1,E",19060601.0,",1,E",7.0,"1,E,10,",1.5,"1,,E,11,",41.0,"1,E,01,",,,4.0,"1,E",1.9,"1,,,E",2.226,"2,E",3.2030000000000003,"1,,,E",1.248,"1,,,E"
AGE00147717,1906-07-01,35.2,0.63,476.0,"SIDI BEL ABBES, AG",355.9,E,219.7,",E",2,",E",0,",E",0,",E",0.0,",E",0.0,",E",0.0,",E",31.0,",E",26.0,",E",19060716.0,"+,,E",19060708,",,E",19060723.0,"+,,E",11.0,",E,16,+",2.2,",,E,08,",41.0,",E,23,+",0.0,E,0.0,",E",3.1,",,,E",2.5420000000000003,",E",3.571,",,,E",1.5130000000000001,",,,E"
AGE00147717,1906-08-01,35.2,0.63,476.0,"SIDI BEL ABBES, AG",,,,,0,"3,E",0,"3,E",0,"3,E",0.0,"3,E",0.0,"3,E",0.0,"3,E",28.0,"3,E",28.0,"3,E",19060822.0,",3,E",19060831,"+,3,E",19060811.0,"+,3,E",11.0,"3,E,22,",0.0,"3,,E,31,+",42.0,"3,E,11,+",,,,,0.0,"3,,,E",2.684,"6,E",3.775,"3,,,E",1.593,"3,,,E"
AGE00147717,1906-09-01,35.2,0.63,476.0,"SIDI BEL ABBES, AG",,,149.2,",E",10,",E",7,",E",0,",E",0.0,",E",0.0,",E",0.0,",E",28.0,",E",14.0,",E",19060917.0,",,E",19060928,",,E",19060915.0,"+,,E",10.0,",E,17,",25.2,",,E,28,",39.0,",E,15,+",,,4.2,",E",77.1,",,,E",2.317,",E",3.16,",,,E",1.473,",,,E"
AGE00147717,1906-10-01,35.2,0.63,476.0,"SIDI BEL ABBES, AG",,,25.2,",E",6,",E",5,",E",0,",E",0.0,",E",0.0,",E",0.0,",E",22.0,",E",1.0,",E",19061029.0,",,E",19061024,",,E",19061010.0,",,E",2.0,",E,29,",21.7,",,E,24,",35.0,",E,10,",,,41.0,",E",68.3,",,,E",1.782,",E",2.561,",,,E",1.003,",,,E"
AGE00147717,1906-11-01,35.2,0.63,476.0,"SIDI BEL ABBES, AG",,,0.0,",E",3,",E",1,",E",0,",E",0.0,",E",1.0,",E",0.0,",E",3.0,",E",0.0,",E",19061130.0,",,E",19061108,",,E",19061105.0,",,E",0.0,",E,30,",12.5,",,E,08,",27.0,",E,05,",,,188.5,",E",14.3,",,,E",1.205,",E",1.777,",,,E",0.633,",,,E"
AGE00147717,1906-12-01,35.2,0.63,476.0,"SIDI BEL ABBES, AG",,,0.0,"2,E",6,",E",5,",E",1,",E",0.0,"1,E",9.0,"1,E",0.0,"1,E",0.0,"1,E",0.0,"1,E",19061222.0,"+,1,E",19061224,",,E",19061205.0,",1,E",-3.0,"1,E,22,+",26.6,",,E,24,",21.0,"1,E,05,",,,296.7,"1,E",53.1,",,,E",0.795,"2,E",1.393,"1,,,E",0.197,"1,,,E"
AGE00147717,1907-01-01,35.2,0.63,476.0,"SIDI BEL ABBES, AG",0.0,E,0.0,",E",2,",E",2,",E",0,",E",0.0,",E",23.0,",E",0.0,",E",0.0,",E",0.0,",E",19070122.0,"+,,E",19070130,",,E",19070116.0,"+,,E",-3.0,",E,22,+",7.3,",,E,30,",16.0,",E,16,+",,,364.8,",E",10.7,",,,E",0.6559999999999999,",E",1.3130000000000002,",,,E",0.0,",,,E"
AGE00147717,1907-03-01,35.2,0.63,476.0,"SIDI BEL ABBES, AG",,,0.0,",E",7,",E",5,",E",1,",E",0.0,",E",5.0,",E",0.0,",E",10.0,",E",0.0,",E",19070315.0,"+,,E",19070326,",,E",19070321.0,"+,,E",-4.0,",E,15,+",27.2,",,E,26,",27.0,",E,21,+",,,223.3,",E",54.4,",,,E",1.113,",E",1.955,",,,E",0.271,",,,E"
AGE00147717,1907-04-01,35.2,0.63,476.0,"SIDI BEL ABBES, AG",,,0.0,"2,E",9,"1,E",7,"1,E",1,"1,E",0.0,"1,E",0.0,"1,E",0.0,"1,E",11.0,"1,E",0.0,"1,E",19070430.0,",1,E",19070418,",1,E",19070426.0,",1,E",2.0,"1,E,30,",27.2,"1,,E,18,",29.0,"1,E,26,",,,137.3,"1,E",83.0,"1,,,E",1.35,"2,E",2.0170000000000003,"1,,,E",0.683,"1,,,E"
AGE00147717,1907-05-01,35.2,0.63,476.0,"SIDI BEL ABBES, AG",,,19.5,",E",5,",E",4,",E",0,",E",0.0,",E",0.0,",E",0.0,",E",26.0,",E",3.0,",E",19070501.0,",,E",19070507,",,E",19070530.0,",,E",4.0,",E,01,",14.6,",,E,07,",35.0,",E,30,",,,54.3,",E",29.9,",,,E",1.721,",E",2.587,",,,E",0.8550000000000001,",,,E"
AGE00147717,1907-06-01,35.2,0.63,476.0,"SIDI BEL ABBES, AG",,,142.0,",E",0,",E",0,",E",0,",E",0.0,",E",0.0,",E",0.0,",E",30.0,",E",18.0,",E",19070616.0,"+,,E",19070630,"+,,E",19070620.0,",,E",8.0,",E,16,+",0.0,",,E,30,+",41.0,",E,20,",,,0.0,",E",0.0,",,,E",2.307,",E",3.3270000000000004,",,,E",1.287,",,,E"
AGE00147717,1907-07-01,35.2,0.63,476.0,"SIDI BEL ABBES, AG",,,126.8,"4,E",0,"2,E",0,"2,E",0,"2,E",0.0,"2,E",0.0,"2,E",0.0,"2,E",29.0,"2,E",17.0,"2,E",19070703.0,",2,E",19070731,"+,2,E",19070731.0,",2,E",9.0,"2,E,03,",0.0,"2,,E,31,+",39.0,"2,E,31,",1.3,E,1.3,"2,E",0.0,"2,,,E",2.307,"4,E",3.321,"2,,,E",1.293,"2,,,E"
AGE00147717,1907-08-01,35.2,0.63,476.0,"SIDI BEL ABBES, AG",,,237.7,",E",0,",E",0,",E",0,",E",0.0,",E",0.0,",E",0.0,",E",31.0,",E",27.0,",E",19070824.0,",,E",19070831,"+,,E",19070806.0,"+,,E",11.0,",E,24,",0.0,",,E,31,+",44.0,",E,06,+",1.3,E,0.0,",E",0.0,",,,E",2.6,",E",3.655,",,,E",1.545,",,,E"
AGE00147717,1907-12-01,35.2,0.63,476.0,"SIDI BEL ABBES, AG",,,0.0,",E",5,",E",4,",E",0,",E",0.0,",E",5.0,",E",0.0,",E",0.0,",E",0.0,",E",19071221.0,",,E",19071227,",,E",19071211.0,"+,,E",-3.0,",E,21,",15.6,",,E,27,",21.0,",E,11,+",,,256.3,",E",28.3,",,,E",1.006,",E",1.629,",,,E",0.384,",,,E"
AGE00147717,1908-01-01,35.2,0.63,476.0,"SIDI BEL ABBES, AG",0.0,E,0.0,",E",11,",E",9,",E",0,",E",0.0,",E",5.0,",E",0.0,",E",0.0,",E",0.0,",E",19080131.0,",,E",19080106,",,E",19080119.0,"+,,E",-4.0,",E,31,",14.7,",,E,06,",18.0,",E,19,+",,,303.3,",E",65.5,",,,E",0.8550000000000001,",E",1.4449999999999998,",,,E",0.265,",,,E"
AGE00147717,1908-02-01,35.2,0.63,476.0,"SIDI BEL ABBES, AG",0.0,E,0.0,",E",9,",E",7,",E",0,",E",0.0,",E",6.0,",E",0.0,",E",0.0,",E",0.0,",E",19080211.0,"+,,E",19080202,",,E",19080224.0,"+,,E",-3.0,",E,11,+",22.6,",,E,02,",21.0,",E,24,+",,,279.2,",E",59.6,",,,E",0.8710000000000001,",E",1.528,",,,E",0.21400000000000002,",,,E"
AGE00147717,1908-03-01,35.2,0.63,476.0,"SIDI BEL ABBES, AG",0.0,E,0.0,",E",13,",E",9,",E",0,",E",0.0,",E",0.0,",E",0.0,",E",5.0,",E",0.0,",E",19080325.0,"+,,E",19080321,",,E",19080314.0,"+,,E",1.0,",E,25,+",23.4,",,E,21,",23.0,",E,14,+",,,263.3,",E",104.1,",,,E",0.984,",E",1.6059999999999999,",,,E",0.361,",,,E"
AGE00147717,1908-04-01,35.2,0.63,476.0,"SIDI BEL ABBES, AG",1.3,E,1.3,",E",13,",E",7,",E",1,",E",0.0,",E",0.0,",E",0.0,",E",7.0,",E",0.0,",E",19080407.0,",,E",19080408,",,E",19080430.0,",,E",1.0,",E,07,",38.6,",,E,08,",31.0,",E,30,",,,192.8,",E",89.1,",,,E",1.1949999999999998,",E",1.887,",,,E",0.503,",,,E"
AGE00147717,1908-05-01,35.2,0.63,476.0,"SIDI BEL ABBES, AG",68.1,E,66.8,",E",2,",E",1,",E",0,",E",0.0,",E",0.0,",E",0.0,",E",27.0,",E",9.0,",E",19080517.0,",,E",19080514,",,E",19080511.0,",,E",7.0,",E,17,",4.0,",,E,14,",41.0,",E,11,",,,23.7,",E",6.2,",,,E",1.973,",E",2.855,",,,E",1.09,",,,E"
AGE00147717,1908-06-01,35.2,0.63,476.0,"SIDI BEL ABBES, AG",138.6,E,70.5,",E",5,",E",3,",E",0,",E",0.0,",E",0.0,",E",0.0,",E",29.0,",E",5.0,",E",19080620.0,",,E",19080615,",,E",19080630.0,"+,,E",5.0,",E,20,",8.2,",,E,15,",36.0,",E,30,+",,,10.0,",E",17.9,",,,E",2.035,",E",2.957,",,,E",1.113,",,,E"
AGE00147717,1908-07-01,35.2,0.63,476.0,"SIDI BEL ABBES, AG",352.8,E,214.2,",E",2,",E",0,",E",0,",E",0.0,",E",0.0,",E",0.0,",E",31.0,",E",23.0,",E",19080720.0,"+,,E",19080708,",,E",19080728.0,"+,,E",11.0,",E,20,+",1.5,",,E,08,",40.0,",E,28,+",0.0,E,0.0,",E",2.7,",,,E",2.524,",E",3.5420000000000003,",,,E",1.506,",,,E"
AGE00147717,1908-08-01,35.2,0.63,476.0,"SIDI BEL ABBES, AG",583.5,E,230.7,",E",3,",E",0,",E",0,",E",0.0,",E",0.0,",E",0.0,",E",31.0,",E",26.0,",E",19080831.0,"+,,E",19080824,"+,,E",19080812.0,",,E",11.0,",E,31,+",2.0,",,E,24,+",44.0,",E,12,",0.0,E,0.0,",E",5.2,",,,E",2.577,",E",3.6100000000000003,",,,E",1.545,",,,E"
AGE00147717,1908-09-01,35.2,0.63,476.0,"SIDI BEL ABBES, AG",759.5,E,176.0,",E",4,",E",2,",E",0,",E",0.0,",E",0.0,",E",0.0,",E",30.0,",E",18.0,",E",19080924.0,"+,,E",19080916,",,E",19080909.0,",,E",11.0,",E,24,+",3.0,",,E,16,",38.0,",E,09,",0.0,E,0.0,",E",9.2,",,,E",2.42,",E",3.307,",,,E",1.533,",,,E"
AGE00147717,1908-10-01,35.2,0.63,476.0,"SIDI BEL ABBES, AG",790.7,E,31.2,",E",6,",E",5,",E",0,",E",0.0,",E",0.0,",E",0.0,",E",23.0,",E",0.0,",E",19081027.0,"+,,E",19081023,",,E",19081014.0,"+,,E",6.0,",E,27,+",20.2,",,E,23,",32.0,",E,14,+",52.5,E,52.5,",E",49.7,",,,E",1.765,",E",2.561,",,,E",0.968,",,,E"
AGE00147717,1908-11-01,35.2,0.63,476.0,"SIDI BEL ABBES, AG",793.5,E,2.8,"2,E",5,"1,E",2,"1,E",1,"1,E",0.0,"1,E",0.0,"1,E",0.0,"1,E",12.0,"1,E",0.0,"1,E",19081126.0,"+,1,E",19081119,",1,E",19081102.0,"+,1,E",2.0,"1,E,26,+",27.2,"1,,E,19,",29.0,"1,E,02,+",176.2,E,123.7,"1,E",38.2,"1,,,E",1.395,"2,E",2.121,"1,,,E",0.669,"1,,,E"
AGE00147717,1908-12-01,35.2,0.63,476.0,"SIDI BEL ABBES, AG",793.5,E,0.0,"2,E",13,"1,E",9,"1,E",0,"1,E",0.0,"1,E",0.0,"1,E",0.0,"1,E",0.0,"1,E",0.0,"1,E",19081224.0,"+,1,E",19081209,",1,E",19081201.0,",1,E",1.0,"1,E,24,+",19.5,"1,,E,09,",21.0,"1,E,01,",403.9,E,227.7,"1,E",71.1,"1,,,E",1.0470000000000002,"2,E",1.5230000000000001,"1,,,E",0.5700000000000001,"1,,,E"
AGE00147717,1909-02-01,35.2,0.63,476.0,"SIDI BEL ABBES, AG",,,0.0,",E",9,",E",5,",E",0,",E",0.0,",E",13.0,",E",0.0,",E",0.0,",E",0.0,",E",19090205.0,",,E",19090211,",,E",19090205.0,",,E",-4.0,",E,05,",19.0,",,E,11,",21.0,",E,05,",,,281.8,",E",47.5,",,,E",0.827,",E",1.525,",,,E",0.129,",,,E"
AGE00147717,1909-03-01,35.2,0.63,476.0,"SIDI BEL ABBES, AG",,,0.0,",E",10,",E",4,",E",0,",E",0.0,",E",0.0,",E",0.0,",E",6.0,",E",0.0,",E",19090316.0,"+,,E",19090319,",,E",19090328.0,",,E",1.0,",E,16,+",7.0,",,E,19,",30.0,",E,28,",,,195.3,",E",28.2,",,,E",1.2029999999999998,",E",1.823,",,,E",0.584,",,,E"
AGE00147717,1909-04-01,35.2,0.63,476.0,"SIDI BEL ABBES, AG",,,13.2,",E",8,",E",4,",E",0,",E",0.0,",E",1.0,",E",0.0,",E",25.0,",E",2.0,",E",19090423.0,",,E",19090427,",,E",19090424.0,"+,,E",0.0,",E,23,",14.5,",,E,27,",33.0,",E,24,+",,,81.2,",E",34.5,",,,E",1.607,",E",2.4899999999999998,",,,E",0.7230000000000001,",,,E"
AGE00147717,1909-05-01,35.2,0.63,476.0,"SIDI BEL ABBES, AG",,,12.8,"5,E",5,"3,E",3,"3,E",0,"3,E",0.0,"3,E",0.0,"3,E",0.0,"3,E",23.0,"3,E",2.0,"3,E",19090502.0,"+,3,E",19090510,",3,E",19090530.0,",3,E",6.0,"3,E,02,+",14.0,"3,,E,10,",36.0,"3,E,30,",,,39.0,"3,E",38.0,"3,,,E",1.734,"5,E",2.475,"3,,,E",0.993,"3,,,E"
AGE00147717,1909-06-01,35.2,0.63,476.0,"SIDI BEL ABBES, AG",,,80.0,"2,E",2,"1,E",2,"1,E",0,"1,E",0.0,"1,E",0.0,"1,E",0.0,"1,E",28.0,"1,E",7.0,"1,E",19090619.0,",1,E",19090602,",1,E",19090614.0,",1,E",6.0,"1,E,19,",11.0,"1,,E,02,",40.0,"1,E,14,",,,12.8,"1,E",14.0,"1,,,E",2.064,"2,E",2.993,"1,,,E",1.134,"1,,,E"
AGE00147717,1909-07-01,35.2,0.63,476.0,"SIDI BEL ABBES, AG",,,172.2,",E",0,",E",0,",E",0,",E",0.0,",E",0.0,",E",0.0,",E",31.0,",E",21.0,",E",19090713.0,",,E",19090731,"+,,E",19090725.0,",,E",8.0,",E,13,",0.0,",,E,31,+",42.0,",E,25,",0.0,E,0.0,",E",0.0,",,,E",2.3890000000000002,",E",3.461,",,,E",1.316,",,,E"
AGE00147717,1909-08-01,35.2,0.63,476.0,"SIDI BEL ABBES, AG",,,228.7,",E",2,",E",1,",E",0,",E",0.0,",E",0.0,",E",0.0,",E",31.0,",E",27.0,",E",19090826.0,"+,,E",19090807,",,E",19090815.0,"+,,E",13.0,",E,26,+",5.0,",,E,07,",41.0,",E,15,+",0.0,E,0.0,",E",5.5,",,,E",2.571,",E",3.5740000000000003,",,,E",1.568,",,,E"
AGE00147717,1909-09-01,35.2,0.63,476.0,"SIDI BEL ABBES, AG",,,53.5,",E",1,",E",0,",E",0,",E",0.0,",E",0.0,",E",0.0,",E",29.0,",E",6.0,",E",19090918.0,",,E",19090916,",,E",19090907.0,"+,,E",5.0,",E,18,",1.0,",,E,16,",35.0,",E,07,+",8.0,E,8.0,",E",1.0,",,,E",1.985,",E",2.867,",,,E",1.103,",,,E"
AGE00147717,1909-10-01,35.2,0.63,476.0,"SIDI BEL ABBES, AG",,,22.7,",E",8,",E",5,",E",0,",E",0.0,",E",0.0,",E",0.0,",E",20.0,",E",2.0,",E",19091017.0,",,E",19091021,",,E",19091013.0,"+,,E",2.0,",E,17,",20.0,",,E,21,",33.0,",E,13,+",90.5,E,82.5,",E",64.0,",,,E",1.64,",E",2.468,",,,E",0.8130000000000001,",,,E"
AGE00147717,1909-11-01,35.2,0.63,476.0,"SIDI BEL ABBES, AG",,,0.0,",E",7,",E",5,",E",0,",E",0.0,",E",1.0,",E",0.0,",E",5.0,",E",0.0,",E",19091130.0,",,E",19091109,",,E",19091120.0,",,E",0.0,",E,30,",17.0,",,E,09,",25.0,",E,20,",249.5,E,159.0,",E",53.0,",,,E",1.303,",E",1.8329999999999997,",,,E",0.773,",,,E"
AGE00147717,1909-12-01,35.2,0.63,476.0,"SIDI BEL ABBES, AG",,,0.0,",E",7,",E",6,",E",0,",E",0.0,",E",1.0,",E",0.0,",E",2.0,",E",0.0,",E",19091210.0,",,E",19091212,",,E",19091222.0,",,E",0.0,",E,10,",21.0,",,E,12,",23.0,",E,22,",503.8,E,254.3,",E",57.0,",,,E",1.0130000000000001,",E",1.568,",,,E",0.458,",,,E"
AGE00147717,1910-01-01,35.2,0.63,476.0,"SIDI BEL ABBES, AG",0.0,E,0.0,",E",10,",E",4,",E",1,",E",0.0,",E",12.0,",E",0.0,",E",0.0,",E",0.0,",E",19100116.0,"+,,E",19100129,",,E",19100116.0,",,E",-2.0,",E,16,+",26.5,",,E,29,",17.0,",E,16,",850.6,E,346.8,",E",49.0,",,,E",0.7150000000000001,",E",1.2710000000000001,",,,E",0.158,",,,E"
AGE00147717,1910-02-01,35.2,0.63,476.0,"SIDI BEL ABBES, AG",0.0,E,0.0,",E",3,",E",1,",E",0,",E",0.0,",E",8.0,",E",0.0,",E",3.0,",E",0.0,",E",19100212.0,",,E",19100201,",,E",19100216.0,",,E",-3.0,",E,12,",16.3,",,E,01,",25.0,",E,16,",1094.9,E,244.3,",E",20.3,",,,E",0.961,",E",1.629,",,,E",0.29300000000000004,",,,E"
AGE00147717,1910-03-01,35.2,0.63,476.0,"SIDI BEL ABBES, AG",0.0,E,0.0,",E",10,",E",5,",E",0,",E",0.0,",E",4.0,",E",0.0,",E",5.0,",E",0.0,",E",19100322.0,"+,,E",19100304,",,E",19100317.0,",,E",0.0,",E,22,+",16.0,",,E,04,",27.0,",E,17,",1345.2,E,250.3,",E",61.0,",,,E",1.026,",E",1.706,",,,E",0.34500000000000003,",,,E"
AGE00147717,1910-04-01,35.2,0.63,476.0,"SIDI BEL ABBES, AG",0.2,E,0.2,",E",7,",E",4,",E",0,",E",0.0,",E",3.0,",E",0.0,",E",13.0,",E",0.0,",E",19100402.0,",,E",19100402,",,E",19100423.0,",,E",-3.0,",E,02,",13.0,",,E,02,",29.0,",E,23,",1507.9,E,162.7,",E",29.8,",,,E",1.292,",E",2.0170000000000003,",,,E",0.567,",,,E"
AGE00147717,1910-05-01,35.2,0.63,476.0,"SIDI BEL ABBES, AG",1.5,E,1.3,"2,E",11,"1,E",9,"1,E",2,"1,E",0.0,"1,E",0.0,"1,E",0.0,"1,E",16.0,"1,E",0.0,"1,E",19100511.0,",1,E",19100529,",1,E",19100508.0,",1,E",1.0,"1,E,11,",57.0,"1,,E,29,",29.0,"1,E,08,",1607.9,E,100.0,"1,E",166.2,"1,,,E",1.4869999999999999,"2,E",2.127,"1,,,E",0.8470000000000001,"1,,,E"
AGE00147717,1910-06-01,35.2,0.63,476.0,"SIDI BEL ABBES, AG",116.0,E,114.5,",E",4,",E",0,",E",0,",E",0.0,",E",0.0,",E",0.0,",E",25.0,",E",14.0,",E",19100606.0,"+,,E",19100610,",,E",19100625.0,",,E",10.0,",E,06,+",2.0,",,E,10,",38.0,",E,25,",1624.4,E,16.5,",E",4.5,",,,E",2.16,",E",2.973,",,,E",1.347,",,,E"
AGE00147717,1910-07-01,35.2,0.63,476.0,"SIDI BEL ABBES, AG",313.7,E,197.7,",E",0,",E",0,",E",0,",E",0.0,",E",0.0,",E",0.0,",E",31.0,",E",22.0,",E",19100712.0,",,E",19100731,"+,,E",19100722.0,",,E",10.0,",E,12,",0.0,",,E,31,+",44.0,",E,22,",0.0,E,0.0,",E",0.0,",,,E",2.471,",E",3.3770000000000002,",,,E",1.565,",,,E"
AGE00147717,1910-08-01,35.2,0.63,476.0,"SIDI BEL ABBES, AG",489.0,E,175.3,"2,E",0,"1,E",0,"1,E",0,"1,E",0.0,"1,E",0.0,"1,E",0.0,"1,E",30.0,"1,E",23.0,"1,E",19100812.0,",1,E",19100831,"+,1,E",19100826.0,",1,E",11.0,"1,E,12,",0.0,"1,,E,31,+",41.0,"1,E,26,",0.0,E,0.0,"1,E",0.0,"1,,,E",2.4370000000000003,"2,E",3.4200000000000004,"1,,,E",1.4529999999999998,"1,,,E"
AGE00147717,1910-09-01,35.2,0.63,476.0,"SIDI BEL ABBES, AG",550.0,E,61.0,"2,E",3,"1,E",2,"1,E",0,"1,E",0.0,"1,E",0.0,"1,E",0.0,"1,E",29.0,"1,E",5.0,"1,E",19100911.0,"+,1,E",19100916,",1,E",19100905.0,"+,1,E",9.0,"1,E,11,+",23.5,"1,,E,16,",34.0,"1,E,05,+",0.8,E,0.8,"1,E",47.3,"1,,,E",2.0469999999999997,"2,E",2.859,"1,,,E",1.234,"1,,,E"
AGE00147717,1910-10-01,35.2,0.63,476.0,"SIDI BEL ABBES, AG",577.5,E,27.5,"2,E",0,"1,E",0,"1,E",0,"1,E",0.0,"1,E",0.0,"1,E",0.0,"1,E",30.0,"1,E",2.0,"1,E",19101022.0,",1,E",19101031,"+,1,E",19101016.0,",1,E",6.0,"1,E,22,",0.0,"1,,E,31,+",34.0,"1,E,16,",24.5,E,23.7,"1,E",0.0,"1,,,E",1.8329999999999997,"2,E",2.6100000000000003,"1,,,E",1.057,"1,,,E"
AGE00147717,1910-11-01,35.2,0.63,476.0,"SIDI BEL ABBES, AG",577.5,E,0.0,",E",7,",E",4,",E",0,",E",0.0,",E",1.0,",E",0.0,",E",8.0,",E",0.0,",E",19101121.0,",,E",19101115,",,E",19101113.0,",,E",-1.0,",E,21,",5.0,",,E,15,",25.0,",E,13,",199.0,E,174.5,",E",19.4,",,,E",1.252,",E",1.973,",,,E",0.53,",,,E"
AGE00147717,1910-12-01,35.2,0.63,476.0,"SIDI BEL ABBES, AG",577.5,E,0.0,",E",12,",E",8,",E",0,",E",0.0,",E",6.0,",E",0.0,",E",1.0,",E",0.0,",E",19101231.0,",,E",19101211,",,E",19101208.0,",,E",-4.0,",E,31,",20.0,",,E,11,",24.0,",E,08,",470.3,E,271.3,",E",56.5,",,,E",0.958,",E",1.474,",,,E",0.442,",,,E"
AGE00147717,1911-01-01,35.2,0.63,476.0,"SIDI BEL ABBES, AG",0.0,E,0.0,",E",16,",E",10,",E",1,",E",0.0,",E",12.0,",E",0.0,",E",0.0,",E",0.0,",E",19110102.0,",,E",19110121,",,E",19110128.0,"+,,E",-2.0,",E,02,",31.0,",,E,21,",15.0,",E,28,+",851.1,E,380.8,",E",111.4,",,,E",0.605,",E",1.097,",,,E",0.11299999999999999,",,,E"
AGE00147717,1911-03-01,35.2,0.63,476.0,"SIDI BEL ABBES, AG",,,0.0,"2,E",12,"1,E",5,"1,E",0,"1,E",0.0,"1,E",3.0,"1,E",0.0,"1,E",7.0,"1,E",0.0,"1,E",19110303.0,",1,E",19110308,",1,E",19110326.0,",1,E",-4.0,"1,E,03,",13.6,"1,,E,08,",25.0,"1,E,26,",,,235.2,"1,E",60.5,"1,,,E",1.02,"2,E",1.6629999999999998,"1,,,E",0.377,"1,,,E"
AGE00147717,1911-04-01,35.2,0.63,476.0,"SIDI BEL ABBES, AG",,,1.8,",E",10,",E",6,",E",0,",E",0.0,",E",1.0,",E",0.0,",E",10.0,",E",0.0,",E",19110421.0,",,E",19110412,",,E",19110428.0,",,E",0.0,",E,21,",7.6,",,E,12,",30.0,",E,28,",,,144.3,",E",30.5,",,,E",1.358,",E",2.037,",,,E",0.6799999999999999,",,,E"
AGE00147717,1911-05-01,35.2,0.63,476.0,"SIDI BEL ABBES, AG",,,3.2,",E",6,",E",3,",E",0,",E",0.0,",E",0.0,",E",0.0,",E",20.0,",E",0.0,",E",19110502.0,",,E",19110527,",,E",19110524.0,",,E",1.0,",E,02,",8.0,",,E,27,",30.0,",E,24,",,,84.0,",E",22.5,",,,E",1.573,",E",2.303,",,,E",0.842,",,,E"
AGE00147717,1911-06-01,35.2,0.63,476.0,"SIDI BEL ABBES, AG",,,92.7,"2,E",2,"1,E",2,"1,E",0,"1,E",0.0,"1,E",0.0,"1,E",0.0,"1,E",27.0,"1,E",7.0,"1,E",19110626.0,",1,E",19110603,",1,E",19110630.0,"+,1,E",10.0,"1,E,26,",25.0,"1,,E,03,",40.0,"1,E,30,+",,,8.5,"1,E",28.9,"1,,,E",2.1260000000000003,"2,E",2.893,"1,,,E",1.359,"1,,,E"
AGE00147717,1911-07-01,35.2,0.63,476.0,"SIDI BEL ABBES, AG",,,198.2,",E",2,",E",1,",E",0,",E",0.0,",E",0.0,",E",0.0,",E",31.0,",E",19.0,",E",19110712.0,"+,,E",19110728,",,E",19110729.0,",,E",12.0,",E,12,+",3.2,",,E,28,",41.0,",E,29,",0.0,E,0.0,",E",3.7,",,,E",2.473,",E",3.3609999999999998,",,,E",1.584,",,,E"
AGE00147717,1911-08-01,35.2,0.63,476.0,"SIDI BEL ABBES, AG",,,248.7,",E",1,",E",1,",E",0,",E",0.0,",E",0.0,",E",0.0,",E",31.0,",E",24.0,",E",19110824.0,",,E",19110827,",,E",19110819.0,",,E",11.0,",E,24,",9.0,",,E,27,",41.0,",E,19,",0.0,E,0.0,",E",9.0,",,,E",2.6350000000000002,",E",3.5840000000000005,",,,E",1.687,",,,E"
AGE00147717,1911-09-01,35.2,0.63,476.0,"SIDI BEL ABBES, AG",,,122.8,"1,E",2,",E",2,",E",0,",E",0.0,"1,E",0.0,"1,E",0.0,",E",29.0,",E",15.0,",E",19110930.0,"+,1,E",19110910,",,E",19110920.0,",,E",9.0,"1,E,30,+",6.5,",,E,10,",38.0,",E,20,",6.5,E,6.5,",E",11.5,",,,E",2.2329999999999997,"1,E",3.1100000000000003,",,,E",1.355,"1,,,E"
AGE00147717,1911-10-01,35.2,0.63,476.0,"SIDI BEL ABBES, AG",,,19.3,",E",6,",E",6,",E",1,",E",0.0,",E",0.0,",E",0.0,",E",21.0,",E",0.0,",E",19111030.0,"+,,E",19111029,",,E",19111023.0,",,E",6.0,",E,30,+",35.0,",,E,29,",32.0,",E,23,",66.2,E,59.7,",E",60.7,",,,E",1.703,",E",2.384,",,,E",1.0230000000000001,",,,E"
AGE00147717,1911-11-01,35.2,0.63,476.0,"SIDI BEL ABBES, AG",,,0.0,"2,E",5,"1,E",3,"1,E",0,"1,E",0.0,"1,E",1.0,"1,E",0.0,"1,E",5.0,"1,E",0.0,"1,E",19111126.0,",1,E",19111110,",1,E",19111121.0,",1,E",0.0,"1,E,26,",24.0,"1,,E,10,",25.0,"1,E,21,",242.0,E,175.8,"1,E",33.0,"1,,,E",1.2189999999999999,"2,E",1.8210000000000002,"1,,,E",0.617,"1,,,E"
AGE00147717,1911-12-01,35.2,0.63,476.0,"SIDI BEL ABBES, AG",,,0.0,",E",4,",E",0,",E",0,",E",0.0,",E",3.0,",E",0.0,",E",5.0,",E",0.0,",E",19111229.0,"+,,E",19111209,",,E",19111210.0,",,E",0.0,",E,29,+",2.4,",,E,09,",23.0,",E,10,",463.3,E,221.3,",E",4.4,",,,E",1.119,",E",1.842,",,,E",0.397,",,,E"
AGE00147717,1912-01-01,35.2,0.63,476.0,"SIDI BEL ABBES, AG",0.0,E,0.0,",E",7,",E",6,",E",0,",E",0.0,",E",5.0,",E",0.0,",E",0.0,",E",0.0,",E",19120104.0,",,E",19120130,",,E",19120122.0,",,E",-2.0,",E,04,",22.4,",,E,30,",20.0,",E,22,",758.6,E,295.3,",E",47.6,",,,E",0.881,",E",1.448,",,,E",0.313,",,,E"
AGE00147717,1912-02-01,35.2,0.63,476.0,"SIDI BEL ABBES, AG",0.2,E,0.2,",E",9,",E",4,",E",0,",E",0.0,",E",0.0,",E",0.0,",E",8.0,",E",0.0,",E",19120220.0,",,E",19120203,",,E",19120224.0,",,E",1.0,",E,20,",7.0,",,E,03,",29.0,",E,24,",942.9,E,184.3,",E",23.7,",,,E",1.198,",E",1.89,",,,E",0.507,",,,E"
AGE00147717,1912-03-01,35.2,0.63,476.0,"SIDI BEL ABBES, AG",3.2,E,3.0,"2,E",9,"1,E",5,"1,E",0,"1,E",0.0,"1,E",0.0,"1,E",0.0,"1,E",13.0,"1,E",0.0,"1,E",19120308.0,",1,E",19120307,",1,E",19120328.0,"+,1,E",2.0,"1,E,08,",21.5,"1,,E,07,",30.0,"1,E,28,+",1093.1,E,150.2,"1,E",59.7,"1,,,E",1.33,"2,E",2.07,"1,,,E",0.5900000000000001,"1,,,E"
AGE00147717,1912-04-01,35.2,0.63,476.0,"SIDI BEL ABBES, AG",3.2,E,0.0,",E",11,",E",8,",E",0,",E",0.0,",E",0.0,",E",0.0,",E",6.0,",E",0.0,",E",19120406.0,"+,,E",19120412,",,E",19120411.0,",,E",1.0,",E,06,+",18.5,",,E,12,",29.0,",E,11,",1260.1,E,167.0,",E",86.8,",,,E",1.277,",E",1.92,",,,E",0.633,",,,E"
AGE00147717,1912-05-01,35.2,0.63,476.0,"SIDI BEL ABBES, AG",64.4,E,61.2,",E",3,",E",3,",E",0,",E",0.0,",E",0.0,",E",0.0,",E",29.0,",E",7.0,",E",19120502.0,",,E",19120517,",,E",19120513.0,"+,,E",3.0,",E,02,",5.0,",,E,17,",37.0,",E,13,+",1289.1,E,29.0,",E",13.5,",,,E",1.937,",E",2.81,",,,E",1.065,",,,E"
AGE00147717,1912-07-01,35.2,0.63,476.0,"SIDI BEL ABBES, AG",,,163.5,",E",0,",E",0,",E",0,",E",0.0,",E",0.0,",E",0.0,",E",31.0,",E",15.0,",E",19120707.0,",,E",19120731,"+,,E",19120702.0,",,E",10.0,",E,07,",0.0,",,E,31,+",37.0,",E,02,",0.3,E,0.3,",E",0.0,",,,E",2.3600000000000003,",E",3.2,",,,E",1.519,",,,E"
AGE00147717,1912-08-01,35.2,0.63,476.0,"SIDI BEL ABBES, AG",,,159.8,"2,E",0,"1,E",0,"1,E",0,"1,E",0.0,"1,E",0.0,"1,E",0.0,"1,E",30.0,"1,E",17.0,"1,E",19120830.0,"+,1,E",19120831,"+,1,E",19120810.0,",1,E",13.0,"1,E,30,+",0.0,"1,,E,31,+",37.0,"1,E,10,",0.3,E,0.0,"1,E",0.0,"1,,,E",2.3899999999999997,"2,E",3.283,"1,,,E",1.497,"1,,,E"
AGE00147717,1912-09-01,35.2,0.63,476.0,"SIDI BEL ABBES, AG",,,53.7,",E",5,",E",2,",E",0,",E",0.0,",E",0.0,",E",0.0,",E",26.0,",E",4.0,",E",19120927.0,"+,,E",19120925,",,E",19120905.0,"+,,E",8.0,",E,27,+",16.6,",,E,25,",35.0,",E,05,+",24.0,E,23.7,",E",31.8,",,,E",1.9329999999999998,",E",2.793,",,,E",1.073,",,,E"
AGE00147717,1912-11-01,35.2,0.63,476.0,"SIDI BEL ABBES, AG",,,0.2,"2,E",7,"1,E",6,"1,E",0,"1,E",0.0,"1,E",2.0,"1,E",0.0,"1,E",6.0,"1,E",0.0,"1,E",19121126.0,",1,E",19121119,",1,E",19121101.0,",1,E",-1.0,"1,E,26,",15.2,"1,,E,19,",28.0,"1,E,01,",,,207.0,"1,E",46.7,"1,,,E",1.088,"2,E",1.7239999999999998,"1,,,E",0.45199999999999996,"1,,,E"
AGE00147717,1912-12-01,35.2,0.63,476.0,"SIDI BEL ABBES, AG",,,0.0,"2,E",3,"1,E",3,"1,E",0,"1,E",0.0,"1,E",14.0,"1,E",0.0,"1,E",0.0,"1,E",0.0,"1,E",19121215.0,",1,E",19121218,",1,E",19121229.0,"+,1,E",-3.0,"1,E,15,",14.0,"1,,E,18,",19.0,"1,E,29,+",,,315.2,"1,E",26.5,"1,,,E",0.757,"2,E",1.397,"1,,,E",0.11699999999999999,"1,,,E"
AGE00147717,1913-01-01,35.2,0.63,476.0,"SIDI BEL ABBES, AG",0.0,E,0.0,",E",5,",E",3,",E",0,",E",0.0,",E",3.0,",E",0.0,",E",0.0,",E",0.0,",E",19130123.0,",,E",19130110,",,E",19130124.0,",,E",-1.0,",E,23,",14.6,",,E,10,",21.0,",E,24,",,,279.3,",E",33.3,",,,E",0.932,",E",1.4769999999999999,",,,E",0.387,",,,E"
AGE00147717,1913-02-01,35.2,0.63,476.0,"SIDI BEL ABBES, AG",0.0,E,0.0,",E",12,",E",5,",E",1,",E",0.0,",E",6.0,",E",0.0,",E",0.0,",E",0.0,",E",19130216.0,",,E",19130227,",,E",19130225.0,"+,,E",-2.0,",E,16,",27.5,",,E,27,",19.0,",E,25,+",,,258.3,",E",67.1,",,,E",0.9109999999999999,",E",1.496,",,,E",0.325,",,,E"
AGE00147717,1913-03-01,35.2,0.63,476.0,"SIDI BEL ABBES, AG",0.0,E,0.0,",E",8,",E",5,",E",0,",E",0.0,",E",5.0,",E",0.0,",E",7.0,",E",0.0,",E",19130311.0,"+,,E",19130322,",,E",19130328.0,"+,,E",-1.0,",E,11,+",11.5,",,E,22,",25.0,",E,28,+",,,202.8,",E",31.0,",,,E",1.1789999999999998,",E",1.9449999999999998,",,,E",0.413,",,,E"
AGE00147717,1913-05-01,35.2,0.63,476.0,"SIDI BEL ABBES, AG",,,23.7,"2,E",3,"1,E",2,"1,E",0,"1,E",0.0,"1,E",0.0,"1,E",0.0,"1,E",23.0,"1,E",2.0,"1,E",19130518.0,"+,1,E",19130519,",1,E",19130528.0,",1,E",5.0,"1,E,18,+",9.6,"1,,E,19,",35.0,"1,E,28,",,,55.8,"1,E",15.6,"1,,,E",1.7129999999999999,"2,E",2.493,"1,,,E",0.933,"1,,,E"
AGE00147717,1913-06-01,35.2,0.63,476.0,"SIDI BEL ABBES, AG",,,163.5,",E",0,",E",0,",E",0,",E",0.0,",E",0.0,",E",0.0,",E",30.0,",E",15.0,",E",19130603.0,",,E",19130630,"+,,E",19130625.0,",,E",5.0,",E,03,",0.0,",,E,30,+",42.0,",E,25,",,,8.5,",E",0.0,",,,E",2.35,",E",3.29,",,,E",1.41,",,,E"
AGE00147717,1913-07-01,35.2,0.63,476.0,"SIDI BEL ABBES, AG",,,201.2,",E",0,",E",0,",E",0,",E",0.0,",E",0.0,",E",0.0,",E",31.0,",E",23.0,",E",19130731.0,",,E",19130731,"+,,E",19130724.0,"+,,E",11.0,",E,31,",0.0,",,E,31,+",42.0,",E,24,+",0.0,E,0.0,",E",0.0,",,,E",2.482,",E",3.435,",,,E",1.529,",,,E"
AGE00147717,1913-08-01,35.2,0.63,476.0,"SIDI BEL ABBES, AG",,,208.2,",E",2,",E",1,",E",0,",E",0.0,",E",0.0,",E",0.0,",E",31.0,",E",19.0,",E",19130815.0,"+,,E",19130831,",,E",19130825.0,",,E",12.0,",E,15,+",2.5,",,E,31,",41.0,",E,25,",0.0,E,0.0,",E",3.0,",,,E",2.505,",E",3.406,",,,E",1.6030000000000002,",,,E"
AGE00147717,1913-09-01,35.2,0.63,476.0,"SIDI BEL ABBES, AG",,,60.8,",E",1,",E",0,",E",0,",E",0.0,",E",0.0,",E",0.0,",E",28.0,",E",5.0,",E",19130919.0,",,E",19130928,",,E",19130923.0,"+,,E",7.0,",E,19,",2.0,",,E,28,",34.0,",E,23,+",7.3,E,7.3,",E",2.0,",,,E",2.012,",E",2.82,",,,E",1.2029999999999998,",,,E"
AGE00147717,1913-10-01,35.2,0.63,476.0,"SIDI BEL ABBES, AG",,,19.3,",E",2,",E",1,",E",0,",E",0.0,",E",0.0,",E",0.0,",E",29.0,",E",1.0,",E",19131016.0,",,E",19131025,",,E",19131021.0,",,E",2.0,",E,16,",3.0,",,E,25,",34.0,",E,21,",60.0,E,52.7,",E",5.0,",,,E",1.7260000000000002,",E",2.59,",,,E",0.861,",,,E"
AGE00147717,1913-11-01,35.2,0.63,476.0,"SIDI BEL ABBES, AG",,,1.2,"4,E",4,"2,E",4,"2,E",0,"2,E",0.0,"2,E",3.0,"2,E",0.0,"2,E",10.0,"2,E",0.0,"2,E",19131119.0,"+,2,E",19131125,",2,E",19131112.0,"+,2,E",0.0,"2,E,19,+",5.5,"2,,E,25,",27.0,"2,E,12,+",195.8,E,135.8,"2,E",16.5,"2,,,E",1.3199999999999998,"4,E",2.032,"2,,,E",0.607,"2,,,E"
AGE00147717,1913-12-01,35.2,0.63,476.0,"SIDI BEL ABBES, AG",,,0.0,"1,E",8,",E",6,",E",0,",E",0.0,",E",8.0,",E",0.0,"1,E",0.0,"1,E",0.0,"1,E",19131215.0,"+,,E",19131230,",,E",19131222.0,",1,E",-1.0,",E,15,+",12.4,",,E,30,",20.0,"1,E,22,",485.8,E,290.0,"1,E",39.3,",,,E",0.866,"1,E",1.52,"1,,,E",0.213,",,,E"
AGE00147717,1914-02-01,35.2,0.63,476.0,"SIDI BEL ABBES, AG",,,0.0,",E",6,",E",3,",E",0,",E",0.0,",E",2.0,",E",0.0,",E",2.0,",E",0.0,",E",19140215.0,"+,,E",19140224,",,E",19140216.0,"+,,E",0.0,",E,15,+",14.0,",,E,24,",22.0,",E,16,+",,,236.3,",E",32.5,",,,E",0.9890000000000001,",E",1.582,",,,E",0.396,",,,E"
AGE00147717,1914-03-01,35.2,0.63,476.0,"SIDI BEL ABBES, AG",,,0.0,",E",4,",E",4,",E",0,",E",0.0,",E",1.0,",E",0.0,",E",7.0,",E",0.0,",E",19140304.0,",,E",19140313,",,E",19140328.0,",,E",0.0,",E,04,",14.0,",,E,13,",28.0,",E,28,",,,195.3,",E",32.2,",,,E",1.2029999999999998,",E",1.871,",,,E",0.5349999999999999,",,,E"
AGE00147717,1914-04-01,35.2,0.63,476.0,"SIDI BEL ABBES, AG",,,11.5,"4,E",4,"2,E",2,"2,E",1,"2,E",0.0,"2,E",0.0,"2,E",0.0,"3,E",20.0,"3,E",2.0,"3,E",19140407.0,"+,2,E",19140419,",2,E",19140412.0,",3,E",5.0,"2,E,07,+",28.2,"2,,E,19,",34.0,"3,E,12,",,,50.7,"3,E",51.2,"2,,,E",1.686,"4,E",2.43,"3,,,E",0.943,"2,,,E"
AGE00147717,1914-05-01,35.2,0.63,476.0,"SIDI BEL ABBES, AG",,,23.3,"1,E",4,",E",2,",E",0,",E",0.0,",E",0.0,",E",0.0,"1,E",24.0,"1,E",1.0,"1,E",19140511.0,",,E",19140524,",,E",19140522.0,",1,E",4.0,",E,11,",11.2,",,E,24,",33.0,"1,E,22,",,,39.8,"1,E",24.0,",,,E",1.786,"1,E",2.527,"1,,,E",1.045,",,,E"
AGE00147717,1914-06-01,35.2,0.63,476.0,"SIDI BEL ABBES, AG",,,71.0,",E",1,",E",0,",E",0,",E",0.0,",E",0.0,",E",0.0,",E",28.0,",E",4.0,",E",19140615.0,"+,,E",19140614,",,E",19140625.0,"+,,E",10.0,",E,15,+",1.0,",,E,14,",35.0,",E,25,+",,,10.0,",E",1.0,",,,E",2.037,",E",2.7329999999999997,",,,E",1.34,",,,E"
AGE00147717,1914-07-01,35.2,0.63,476.0,"SIDI BEL ABBES, AG",,,199.8,"2,E",0,",E",0,",E",0,",E",0.0,",E",0.0,",E",0.0,"2,E",29.0,"2,E",21.0,"2,E",19140731.0,",,E",19140731,"+,,E",19140718.0,",2,E",14.0,",E,31,",0.0,",,E,31,+",39.0,"2,E,18,",0.0,E,0.0,"2,E",0.0,",,,E",2.52,"2,E",3.414,"2,,,E",1.6260000000000001,",,,E"
AGE00147717,1914-08-01,35.2,0.63,476.0,"SIDI BEL ABBES, AG",,,209.7,",E",0,",E",0,",E",0,",E",0.0,",E",0.0,",E",0.0,",E",31.0,",E",21.0,",E",19140831.0,"+,,E",19140831,"+,,E",19140815.0,"+,,E",12.0,",E,31,+",0.0,",,E,31,+",39.0,",E,15,+",0.0,E,0.0,",E",0.0,",,,E",2.5100000000000002,",E",3.4189999999999996,",,,E",1.6,",,,E"
AGE00147717,1914-10-01,35.2,0.63,476.0,"SIDI BEL ABBES, AG",,,,,4,"3,E",1,"3,E",0,"3,E",0.0,"3,E",0.0,"3,E",0.0,"3,E",21.0,"3,E",0.0,"3,E",19141020.0,"+,3,E",19141030,",3,E",19141005.0,"+,3,E",3.0,"3,E,20,+",12.5,"3,,E,30,",31.0,"3,E,05,+",,,,,15.5,"3,,,E",1.689,"6,E",2.489,"3,,,E",0.889,"3,,,E"
AGE00147717,1914-11-01,35.2,0.63,476.0,"SIDI BEL ABBES, AG",,,0.0,"1,E",6,",E",4,",E",0,",E",0.0,"1,E",1.0,"1,E",0.0,",E",5.0,",E",0.0,",E",19141130.0,",1,E",19141102,",,E",19141122.0,"+,,E",0.0,"1,E,30,",21.5,",,E,02,",24.0,",E,22,+",,,165.2,",E",41.0,",,,E",1.272,"1,E",1.9170000000000003,",,,E",0.628,"1,,,E"
AGE00147717,1914-12-01,35.2,0.63,476.0,"SIDI BEL ABBES, AG",,,0.0,"2,E",9,"1,E",8,"1,E",0,"1,E",0.0,"1,E",7.0,"1,E",0.0,"1,E",0.0,"1,E",0.0,"1,E",19141204.0,"+,1,E",19141224,",1,E",19141216.0,",1,E",-1.0,"1,E,04,+",18.0,"1,,E,24,",21.0,"1,E,16,",,,246.7,"1,E",73.0,"1,,,E",0.978,"2,E",1.657,"1,,,E",0.3,"1,,,E"
AGE00147717,1915-01-01,35.2,0.63,476.0,"SIDI BEL ABBES, AG",0.0,E,0.0,"1,E",13,"1,E",12,"1,E",0,"1,E",0.0,",E",7.0,",E",0.0,"1,E",0.0,"1,E",0.0,"1,E",19150120.0,",,E",19150130,",1,E",19150113.0,",1,E",-3.0,",E,20,",19.8,"1,,E,30,",21.0,"1,E,13,",,,304.0,"1,E",121.7,"1,,,E",0.82,"1,E",1.347,"1,,,E",0.294,",,,E"
AGE00147717,1915-02-01,35.2,0.63,476.0,"SIDI BEL ABBES, AG",0.0,E,0.0,"4,E",5,"2,E",3,"2,E",0,"2,E",0.0,"2,E",4.0,"2,E",0.0,"2,E",0.0,"2,E",0.0,"2,E",19150228.0,"+,2,E",19150212,",2,E",19150222.0,"+,2,E",0.0,"2,E,28,+",11.6,"2,,E,12,",20.0,"2,E,22,+",,,207.5,"2,E",23.6,"2,,,E",0.962,"4,E",1.504,"2,,,E",0.41900000000000004,"2,,,E"
AGE00147717,1915-03-01,35.2,0.63,476.0,"SIDI BEL ABBES, AG",0.0,E,0.0,"2,E",8,"1,E",5,"1,E",0,"1,E",0.0,"1,E",2.0,"1,E",0.0,"1,E",7.0,"1,E",0.0,"1,E",19150311.0,",1,E",19150318,",1,E",19150321.0,",1,E",-3.0,"1,E,11,",10.0,"1,,E,18,",27.0,"1,E,21,",,,170.2,"1,E",37.4,"1,,,E",1.2570000000000001,"2,E",1.86,"1,,,E",0.653,"1,,,E"
AGE00147717,1915-04-01,35.2,0.63,476.0,"SIDI BEL ABBES, AG",0.7,E,0.7,"2,E",3,"1,E",2,"1,E",0,"1,E",0.0,"2,E",1.0,"2,E",0.0,"1,E",6.0,"1,E",0.0,"1,E",19150415.0,",2,E",19150422,",1,E",19150430.0,",1,E",-1.0,"2,E,15,",4.0,"1,,E,22,",29.0,"1,E,30,",,,154.0,"1,E",9.0,"1,,,E",1.2710000000000001,"2,E",1.9280000000000002,"1,,,E",0.614,"2,,,E"
AGE00147717,1915-05-01,35.2,0.63,476.0,"SIDI BEL ABBES, AG",17.7,E,17.0,",E",6,",E",3,",E",0,",E",0.0,",E",0.0,",E",0.0,",E",26.0,",E",0.0,",E",19150523.0,"+,,E",19150510,",,E",19150501.0,",,E",9.0,",E,23,+",13.5,",,E,10,",32.0,",E,01,",,,27.8,",E",34.4,",,,E",1.798,",E",2.503,",,,E",1.0939999999999999,",,,E"
AGE00147717,1915-06-01,35.2,0.63,476.0,"SIDI BEL ABBES, AG",129.7,E,112.0,",E",5,",E",2,",E",0,",E",0.0,",E",0.0,",E",0.0,",E",29.0,",E",8.0,",E",19150607.0,",,E",19150615,",,E",19150630.0,"+,,E",10.0,",E,07,",4.0,",,E,15,",37.0,",E,30,+",,,3.0,",E",11.0,",,,E",2.197,",E",2.963,",,,E",1.4300000000000002,",,,E"
AGE00147717,1915-07-01,35.2,0.63,476.0,"SIDI BEL ABBES, AG",412.9,E,283.2,",E",1,",E",1,",E",0,",E",0.0,",E",0.0,",E",0.0,",E",31.0,",E",30.0,",E",19150703.0,",,E",19150707,",,E",19150706.0,",,E",11.0,",E,03,",9.5,",,E,07,",43.0,",E,06,",0.0,E,0.0,",E",9.5,",,,E",2.747,",E",3.719,",,,E",1.7739999999999998,",,,E"
AGE00147717,1915-08-01,35.2,0.63,476.0,"SIDI BEL ABBES, AG",671.7,E,258.8,"2,E",0,"1,E",0,"1,E",0,"1,E",0.0,"1,E",0.0,"1,E",0.0,"1,E",30.0,"1,E",29.0,"1,E",19150825.0,",1,E",19150831,"+,1,E",19150814.0,"+,1,E",12.0,"1,E,25,",0.0,"1,,E,31,+",41.0,"1,E,14,+",0.0,E,0.0,"1,E",0.0,"1,,,E",2.722,"2,E",3.72,"1,,,E",1.723,"1,,,E"
AGE00147717,1915-09-01,35.2,0.63,476.0,"SIDI BEL ABBES, AG",766.5,E,94.8,",E",6,",E",2,",E",0,",E",0.0,",E",0.0,",E",0.0,",E",29.0,",E",2.0,",E",19150929.0,"+,,E",19150930,",,E",19150909.0,",,E",11.0,",E,29,+",20.6,",,E,30,",34.0,",E,09,",5.3,E,5.3,",E",29.0,",,,E",2.132,",E",2.817,",,,E",1.447,",,,E"
AGE00147717,1915-11-01,35.2,0.63,476.0,"SIDI BEL ABBES, AG",,,0.0,"2,E",5,"1,E",3,"1,E",0,"1,E",0.0,"1,E",0.0,"1,E",0.0,"1,E",7.0,"1,E",0.0,"1,E",19151121.0,"+,1,E",19151120,",1,E",19151106.0,",1,E",3.0,"1,E,21,+",15.5,"1,,E,20,",27.0,"1,E,06,",,,143.3,"1,E",27.5,"1,,,E",1.331,"2,E",1.924,"1,,,E",0.738,"1,,,E"
AGE00147717,1916-01-01,35.2,0.63,476.0,"SIDI BEL ABBES, AG",0.0,,0.0,"1,E",3,",E",1,",E",0,",E",0.0,",E",17.0,",E",0.0,"1,E",0.0,"1,E",0.0,"1,E",19160107.0,",,E",19160109,",,E",19160103.0,"+,1,E",-4.0,",E,07,",2.5,",,E,09,",20.0,"1,E,03,+",,,336.5,"1,E",5.0,",,,E",0.709,"1,E",1.3800000000000001,"1,,,E",0.039,",,,E"
AGE00147717,1916-02-01,35.2,0.63,476.0,"SIDI BEL ABBES, AG",0.0,,0.0,",E",7,",E",5,",E",0,",E",0.0,",E",7.0,",E",0.0,",E",1.0,",E",0.0,",E",19160215.0,"+,,E",19160209,",,E",19160221.0,",,E",-1.0,",E,15,+",21.8,",,E,09,",22.0,",E,21,",,,274.7,",E",65.0,",,,E",0.8859999999999999,",E",1.541,",,,E",0.231,",,,E"
AGE00147717,1916-03-01,35.2,0.63,476.0,"SIDI BEL ABBES, AG",0.7,,0.7,",E",11,",E",9,",E",0,",E",0.0,",E",0.0,",E",0.0,",E",3.0,",E",0.0,",E",19160317.0,"+,,E",19160329,",,E",19160318.0,",,E",1.0,",E,17,+",21.6,",,E,29,",29.0,",E,18,",,,231.5,",E",80.6,",,,E",1.089,",E",1.6809999999999998,",,,E",0.497,",,,E"
AGE00147717,1916-04-01,35.2,0.63,476.0,"SIDI BEL ABBES, AG",2.0,,1.3,",E",10,",E",6,",E",0,",E",0.0,",E",0.0,",E",0.0,",E",10.0,",E",0.0,",E",19160424.0,",,E",19160401,",,E",19160427.0,",,E",3.0,",E,24,",22.0,",,E,01,",31.0,",E,27,",,,147.8,",E",59.4,",,,E",1.345,",E",2.037,",,,E",0.653,",,,E"
AGE00147717,1916-05-01,35.2,0.63,476.0,"SIDI BEL ABBES, AG",15.7,,13.7,",E",5,",E",5,",E",0,",E",0.0,",E",0.0,",E",0.0,",E",24.0,",E",0.0,",E",19160502.0,"+,,E",19160530,",,E",19160517.0,",,E",7.0,",E,02,+",16.4,",,E,30,",32.0,",E,17,",,,43.0,",E",34.1,",,,E",1.739,",E",2.497,",,,E",0.9810000000000001,",,,E"
AGE00147717,1916-06-01,35.2,0.63,476.0,"SIDI BEL ABBES, AG",97.7,,82.0,",E",1,",E",0,",E",0,",E",0.0,",E",0.0,",E",0.0,",E",28.0,",E",5.0,",E",19160601.0,",,E",19160621,",,E",19160607.0,",,E",8.0,",E,01,",1.2,",,E,21,",37.0,",E,07,",,,5.0,",E",1.2,",,,E",2.09,",E",2.887,",,,E",1.293,",,,E"
AGE00147717,1919-01-01,35.2,0.63,476.0,"SIDI BEL ABBES, AG",0.0,E,0.0,",E",11,",E",9,",E",0,",E",0.0,",E",13.0,",E",0.0,",E",0.0,",E",0.0,",E",19190103.0,",,E",19190124,",,E",19190131.0,",,E",-3.0,",E,03,",16.8,",,E,24,",18.0,",E,31,",,,333.3,",E",91.9,",,,E",0.758,",E",1.277,",,,E",0.23900000000000002,",,,E"
AGE00147717,1919-02-01,35.2,0.63,476.0,"SIDI BEL ABBES, AG",0.0,E,0.0,",E",6,",E",4,",E",0,",E",0.0,",E",1.0,",E",0.0,",E",6.0,",E",0.0,",E",19190228.0,",,E",19190212,",,E",19190216.0,",,E",-1.0,",E,28,",15.5,",,E,12,",24.0,",E,16,",,,196.8,",E",44.7,",,,E",1.1300000000000001,",E",1.736,",,,E",0.525,",,,E"
AGE00147717,1919-03-01,35.2,0.63,476.0,"SIDI BEL ABBES, AG",0.0,E,0.0,",E",8,",E",4,",E",0,",E",0.0,",E",4.0,",E",0.0,",E",9.0,",E",0.0,",E",19190318.0,",,E",19190326,",,E",19190305.0,",,E",-2.0,",E,18,",12.7,",,E,26,",31.0,",E,05,",,,208.8,",E",36.4,",,,E",1.16,",E",1.887,",,,E",0.43200000000000005,",,,E"
AGE00147717,1919-04-01,35.2,0.63,476.0,"SIDI BEL ABBES, AG",0.0,E,0.0,"3,E",4,"2,E",2,"2,E",0,"2,E",0.0,"2,E",2.0,"2,E",0.0,"2,E",16.0,"2,E",0.0,"2,E",19190419.0,"+,2,E",19190429,",2,E",19190422.0,",2,E",0.0,"2,E,19,+",5.9,"2,,E,29,",27.0,"2,E,22,",,,136.0,"2,E",11.4,"2,,,E",1.325,"3,E",2.15,"2,,,E",0.5,"2,,,E"
AGE00147717,1919-05-01,35.2,0.63,476.0,"SIDI BEL ABBES, AG",5.5,E,5.5,",E",3,",E",2,",E",0,",E",0.0,",E",1.0,",E",0.0,",E",28.0,",E",0.0,",E",19190501.0,",,E",19190508,",,E",19190528.0,"+,,E",-1.0,",E,01,",4.7,",,E,08,",30.0,",E,28,+",,,60.8,",E",8.8,",,,E",1.655,",E",2.552,",,,E",0.758,",,,E"
AGE00147717,1919-06-01,35.2,0.63,476.0,"SIDI BEL ABBES, AG",89.3,E,83.8,",E",5,",E",3,",E",0,",E",0.0,",E",0.0,",E",0.0,",E",30.0,",E",2.0,",E",19190603.0,",,E",19190608,",,E",19190630.0,"+,,E",8.0,",E,03,",14.2,",,E,08,",35.0,",E,30,+",,,7.8,",E",24.9,",,,E",2.087,",E",2.807,",,,E",1.367,",,,E"
AGE00147717,1919-07-01,35.2,0.63,476.0,"SIDI BEL ABBES, AG",221.5,E,132.2,",E",0,",E",0,",E",0,",E",0.0,",E",0.0,",E",0.0,",E",31.0,",E",8.0,",E",19190709.0,",,E",19190731,"+,,E",19190724.0,"+,,E",10.0,",E,09,",0.0,",,E,31,+",36.0,",E,24,+",0.0,E,0.0,",E",0.0,",,,E",2.2600000000000002,",E",3.1100000000000003,",,,E",1.41,",,,E"
AGE00147717,1919-08-01,35.2,0.63,476.0,"SIDI BEL ABBES, AG",402.2,E,180.7,",E",0,",E",0,",E",0,",E",0.0,",E",0.0,",E",0.0,",E",31.0,",E",22.0,",E",19190821.0,",,E",19190831,"+,,E",19190829.0,",,E",11.0,",E,21,",0.0,",,E,31,+",39.0,",E,29,",0.0,E,0.0,",E",0.0,",,,E",2.416,",E",3.3939999999999997,",,,E",1.439,",,,E"
AGE00147717,1919-09-01,35.2,0.63,476.0,"SIDI BEL ABBES, AG",491.9,E,89.7,",E",2,",E",2,",E",1,",E",0.0,",E",0.0,",E",0.0,",E",28.0,",E",7.0,",E",19190922.0,",,E",19190913,",,E",19190907.0,"+,,E",7.0,",E,22,",45.0,",,E,13,",36.0,",E,07,+",13.2,E,13.2,",E",49.3,",,,E",2.088,",E",2.84,",,,E",1.337,",,,E"
AGE00147717,1919-10-01,35.2,0.63,476.0,"SIDI BEL ABBES, AG",,,,,5,"3,E",3,"3,E",1,"3,E",0.0,"3,E",1.0,"3,E",0.0,"3,E",13.0,"3,E",0.0,"3,E",19191029.0,",3,E",19191004,",3,E",19191011.0,"+,3,E",0.0,"3,E,29,",28.3,"3,,E,04,",25.0,"3,E,11,+",,,,,44.2,"3,,,E",1.345,"6,E",2.064,"3,,,E",0.625,"3,,,E"
AGE00147717,1919-11-01,35.2,0.63,476.0,"SIDI BEL ABBES, AG",,,,,7,"3,E",5,"3,E",0,"3,E",0.0,"3,E",2.0,"3,E",0.0,"3,E",4.0,"3,E",0.0,"3,E",19191118.0,",3,E",19191110,",3,E",19191104.0,",3,E",-3.0,"3,E,18,",9.8,"3,,E,10,",28.0,"3,E,04,",,,,,33.3,"3,,,E",1.239,"6,E",1.841,"3,,,E",0.637,"3,,,E"
AGE00147717,1920-01-01,35.2,0.63,476.0,"SIDI BEL ABBES, AG",,,,,1,"5,E",1,"5,E",0,"5,E",0.0,"5,E",13.0,"5,E",0.0,"5,E",0.0,"5,E",0.0,"5,E",19200120.0,"+,5,E",19200101,",5,E",19200123.0,",5,E",-3.0,"5,E,20,+",7.2,"5,,E,01,",20.0,"5,E,23,",,,,,7.2,"5,,,E",0.79,"8,E",1.512,"5,,,E",0.06899999999999999,"5,,,E"
AGE00147717,1920-02-01,35.2,0.63,476.0,"SIDI BEL ABBES, AG",,,0.0,"4,E",6,"2,E",3,"2,E",0,"2,E",0.0,"2,E",12.0,"2,E",0.0,"2,E",4.0,"2,E",0.0,"2,E",19200210.0,",2,E",19200227,",2,E",19200229.0,",2,E",-5.0,"2,E,10,",6.0,"2,,E,27,",26.0,"2,E,29,",,,201.8,"2,E",18.1,"2,,,E",1.041,"4,E",1.77,"2,,,E",0.311,"2,,,E"
AGE00147717,1920-03-01,35.2,0.63,476.0,"SIDI BEL ABBES, AG",,,0.7,"1,E",9,"1,E",7,"1,E",0,"1,E",0.0,",E",3.0,",E",0.0,"1,E",11.0,"1,E",0.0,"1,E",19200310.0,",,E",19200315,",1,E",19200304.0,",1,E",-4.0,",E,10,",14.6,"1,,E,15,",28.0,"1,E,04,",,,202.7,"1,E",56.3,"1,,,E",1.161,"1,E",1.8670000000000002,"1,,,E",0.45499999999999996,",,,E"
AGE00147717,1920-04-01,35.2,0.63,476.0,"SIDI BEL ABBES, AG",,,,,2,"4,E",1,"4,E",0,"4,E",0.0,"5,E",0.0,"5,E",0.0,"4,E",17.0,"4,E",1.0,"4,E",19200420.0,"+,5,E",19200409,",4,E",19200408.0,",4,E",3.0,"5,E,20,+",10.2,"4,,E,09,",34.0,"4,E,08,",,,,,11.6,"4,,,E",1.525,"9,E",2.373,"4,,,E",0.6759999999999999,"5,,,E"
AGE00147717,1920-05-01,35.2,0.63,476.0,"SIDI BEL ABBES, AG",,,66.7,"2,E",5,"1,E",2,"1,E",0,"1,E",0.0,"1,E",0.0,"1,E",0.0,"1,E",26.0,"1,E",7.0,"1,E",19200501.0,",1,E",19200522,",1,E",19200513.0,",1,E",4.0,"1,E,01,",9.6,"1,,E,22,",37.0,"1,E,13,",,,14.3,"1,E",21.2,"1,,,E",2.012,"2,E",2.8329999999999997,"1,,,E",1.19,"1,,,E"
AGE00147717,1920-06-01,35.2,0.63,476.0,"SIDI BEL ABBES, AG",,,83.8,",E",4,",E",1,",E",0,",E",0.0,",E",0.0,",E",0.0,",E",30.0,",E",5.0,",E",19200603.0,",,E",19200627,",,E",19200626.0,",,E",7.0,",E,03,",3.4,",,E,27,",36.0,",E,26,",,,4.8,",E",7.2,",,,E",2.097,",E",2.927,",,,E",1.267,",,,E"
AGE00147717,1920-07-01,35.2,0.63,476.0,"SIDI BEL ABBES, AG",,,162.5,"4,E",1,"2,E",0,"2,E",0,"2,E",0.0,"2,E",0.0,"2,E",0.0,"2,E",29.0,"2,E",21.0,"2,E",19200714.0,"+,2,E",19200723,",2,E",19200719.0,",2,E",12.0,"2,E,14,+",0.4,"2,,E,23,",40.0,"2,E,19,",0.0,E,0.0,"2,E",0.4,"2,,,E",2.445,"4,E",3.3899999999999997,"2,,,E",1.5,"2,,,E"
AGE00147717,1920-08-01,35.2,0.63,476.0,"SIDI BEL ABBES, AG",,,199.2,"3,E",2,"2,E",0,"2,E",0,"2,E",0.0,"1,E",0.0,"1,E",0.0,"2,E",29.0,"2,E",20.0,"2,E",19200831.0,"+,1,E",19200823,",2,E",19200805.0,"+,2,E",12.0,"1,E,31,+",1.5,"2,,E,23,",41.0,"2,E,05,+",0.0,E,0.0,"2,E",2.5,"2,,,E",2.5309999999999997,"3,E",3.441,"2,,,E",1.6199999999999999,"1,,,E"
AGE00147717,1920-09-01,35.2,0.63,476.0,"SIDI BEL ABBES, AG",,,,,1,"3,E",0,"3,E",0,"3,E",0.0,"4,E",0.0,"4,E",0.0,"3,E",27.0,"3,E",4.0,"3,E",19200924.0,",4,E",19200922,",3,E",19200917.0,"+,3,E",4.0,"4,E,24,",0.9,"3,,E,22,",34.0,"3,E,17,+",,,,,0.9,"3,,,E",2.152,"7,E",2.9699999999999998,"3,,,E",1.335,"4,,,E"
AGE00147717,1920-10-01,35.2,0.63,476.0,"SIDI BEL ABBES, AG",,,0.3,"2,E",6,"1,E",3,"1,E",0,"1,E",0.0,"1,E",0.0,"1,E",0.0,"1,E",19.0,"1,E",0.0,"1,E",19201027.0,",1,E",19201031,",1,E",19201013.0,"+,1,E",3.0,"1,E,27,",10.2,"1,,E,31,",28.0,"1,E,13,+",,,89.5,"1,E",20.8,"1,,,E",1.535,"2,E",2.23,"1,,,E",0.8400000000000001,"1,,,E"
AGE00147717,1920-11-01,35.2,0.63,476.0,"SIDI BEL ABBES, AG",,,0.0,"2,E",16,"1,E",11,"1,E",0,"1,E",0.0,"1,E",0.0,"1,E",0.0,"1,E",0.0,"1,E",0.0,"1,E",19201130.0,",1,E",19201101,",1,E",19201125.0,",1,E",2.0,"1,E,30,",23.7,"1,,E,01,",21.0,"1,E,25,",,,189.3,"1,E",93.8,"1,,,E",1.16,"2,E",1.634,"1,,,E",0.686,"1,,,E"
AGE00147717,1920-12-01,35.2,0.63,476.0,"SIDI BEL ABBES, AG",,,,,12,"3,E",8,"3,E",0,"3,E",0.0,"3,E",2.0,"3,E",0.0,"3,E",1.0,"3,E",0.0,"3,E",19201208.0,",3,E",19201220,",3,E",19201230.0,",3,E",-1.0,"3,E,08,",19.5,"3,,E,20,",22.0,"3,E,30,",,,,,80.0,"3,,,E",0.8859999999999999,"6,E",1.464,"3,,,E",0.307,"3,,,E"
AGE00147717,1921-01-01,35.2,0.63,476.0,"SIDI BEL ABBES, AG",,,,,4,"4,E",3,"4,E",0,"4,E",0.0,"4,E",12.0,"4,E",0.0,"4,E",0.0,"4,E",0.0,"4,E",19210124.0,"+,4,E",19210109,",4,E",19210105.0,",4,E",-3.0,"4,E,24,+",10.2,"4,,E,09,",19.0,"4,E,05,",,,,,23.2,"4,,,E",0.7929999999999999,"7,E",1.4849999999999999,"4,,,E",0.1,"4,,,E"
AGE00147717,1921-02-01,35.2,0.63,476.0,"SIDI BEL ABBES, AG",,,,,11,"4,E",8,"4,E",0,"4,E",0.0,"4,E",3.0,"4,E",0.0,"4,E",0.0,"4,E",0.0,"4,E",19210207.0,",4,E",19210224,",4,E",19210215.0,",4,E",-3.0,"4,E,07,",21.2,"4,,E,24,",21.0,"4,E,15,",,,,,75.5,"4,,,E",0.99,"6,E",1.567,"4,,,E",0.413,"4,,,E"
AGE00147717,1921-04-01,35.2,0.63,476.0,"SIDI BEL ABBES, AG",,,,,8,"4,E",4,"4,E",0,"4,E",0.0,"5,E",0.0,"5,E",0.0,"4,E",9.0,"4,E",0.0,"4,E",19210426.0,",5,E",19210403,",4,E",19210428.0,",4,E",1.0,"5,E,26,",10.5,"4,,E,03,",26.0,"4,E,28,",,,,,32.5,"4,,,E",1.2810000000000001,"8,E",2.0309999999999997,"4,,,E",0.532,"5,,,E"
AGE00147717,1921-05-01,35.2,0.63,476.0,"SIDI BEL ABBES, AG",,,0.0,",E",12,",E",7,",E",0,",E",0.0,",E",0.0,",E",0.0,",E",15.0,",E",0.0,",E",19210506.0,",,E",19210525,",,E",19210507.0,"+,,E",2.0,",E,06,",21.4,",,E,25,",26.0,",E,07,+",,,89.3,",E",77.4,",,,E",1.545,",E",2.145,",,,E",0.945,",,,E"
AGE00147717,1921-06-01,35.2,0.63,476.0,"SIDI BEL ABBES, AG",,,65.8,"4,E",2,"2,E",2,"2,E",0,"2,E",0.0,"2,E",0.0,"2,E",0.0,"2,E",24.0,"2,E",5.0,"2,E",19210609.0,"+,2,E",19210605,",2,E",19210630.0,"+,2,E",8.0,"2,E,09,+",7.2,"2,,E,05,",35.0,"2,E,30,+",,,11.5,"2,E",10.6,"2,,,E",2.041,"4,E",2.871,"2,,,E",1.2109999999999999,"2,,,E"
AGE00147717,1921-07-01,35.2,0.63,476.0,"SIDI BEL ABBES, AG",,,,,0,"4,E",0,"4,E",0,"4,E",0.0,"4,E",0.0,"4,E",0.0,"4,E",27.0,"4,E",14.0,"4,E",19210711.0,",4,E",19210731,"+,4,E",19210731.0,"+,4,E",10.0,"4,E,11,",0.0,"4,,E,31,+",38.0,"4,E,31,+",,,,,0.0,"4,,,E",2.404,"7,E",3.278,"4,,,E",1.53,"4,,,E"
AGE00147717,1921-08-01,35.2,0.63,476.0,"SIDI BEL ABBES, AG",,,131.2,",E",3,",E",1,",E",0,",E",0.0,",E",0.0,",E",0.0,",E",31.0,",E",14.0,",E",19210827.0,"+,,E",19210801,",,E",19210801.0,",,E",9.0,",E,27,+",7.0,",,E,01,",38.0,",E,01,",,,0.0,",E",8.7,",,,E",2.256,",E",3.1260000000000003,",,,E",1.387,",,,E"
AGE00147717,1921-09-01,35.2,0.63,476.0,"SIDI BEL ABBES, AG",,,114.5,",E",7,",E",1,",E",0,",E",0.0,",E",0.0,",E",0.0,",E",30.0,",E",6.0,",E",19210930.0,"+,,E",19210921,",,E",19210905.0,",,E",8.0,",E,30,+",3.0,",,E,21,",37.0,",E,05,",,,4.0,",E",9.5,",,,E",2.202,",E",2.95,",,,E",1.4529999999999998,",,,E"
AGE00147717,1921-10-01,35.2,0.63,476.0,"SIDI BEL ABBES, AG",,,38.0,"3,E",5,"2,E",2,"2,E",0,"2,E",0.0,"2,E",0.0,"2,E",0.0,"2,E",22.0,"2,E",1.0,"2,E",19211026.0,",2,E",19211028,",2,E",19211004.0,",2,E",1.0,"2,E,26,",5.8,"2,,E,28,",34.0,"2,E,04,",,,67.8,"2,E",13.5,"2,,,E",1.734,"3,E",2.4210000000000003,"2,,,E",1.048,"2,,,E"
AGE00147717,1921-11-01,35.2,0.63,476.0,"SIDI BEL ABBES, AG",,,0.0,"2,E",9,"1,E",6,"1,E",0,"1,E",0.0,"1,E",0.0,"1,E",0.0,"1,E",5.0,"1,E",0.0,"1,E",19211112.0,"+,1,E",19211118,",1,E",19211107.0,",1,E",1.0,"1,E,12,+",11.5,"1,,E,18,",24.0,"1,E,07,",,,207.8,"1,E",40.4,"1,,,E",1.098,"2,E",1.6969999999999998,"1,,,E",0.5,"1,,,E"
AGE00147717,1921-12-01,35.2,0.63,476.0,"SIDI BEL ABBES, AG",,,0.0,"2,E",11,"1,E",6,"1,E",0,"1,E",0.0,"1,E",12.0,"1,E",0.0,"1,E",0.0,"1,E",0.0,"1,E",19211226.0,",1,E",19211216,",1,E",19211231.0,"+,1,E",-3.0,"1,E,26,",18.5,"1,,E,16,",18.0,"1,E,31,+",,,309.7,"1,E",80.9,"1,,,E",0.765,"2,E",1.333,"1,,,E",0.197,"1,,,E"
AGE00147717,1922-01-01,35.2,0.63,476.0,"SIDI BEL ABBES, AG",,,,,4,"4,E",2,"4,E",0,"4,E",0.0,"4,E",12.0,"4,E",0.0,"5,E",0.0,"5,E",0.0,"5,E",19220110.0,"+,4,E",19220120,",4,E",19220130.0,",5,E",-3.0,"4,E,10,+",3.3,"4,,E,20,",21.0,"5,E,30,",,,,,9.4,"4,,,E",0.8400000000000001,"8,E",1.4460000000000002,"5,,,E",0.233,"4,,,E"
AGE00147717,1922-02-01,35.2,0.63,476.0,"SIDI BEL ABBES, AG",,,0.0,"1,E",7,",E",6,",E",1,",E",0.0,",E",6.0,",E",0.0,"1,E",2.0,"1,E",0.0,"1,E",19220226.0,",,E",19220206,",,E",19220203.0,",1,E",-2.0,",E,26,",33.8,",,E,06,",23.0,"1,E,03,",,,232.0,"1,E",72.4,",,,E",0.978,"1,E",1.641,"1,,,E",0.314,",,,E"
AGE00147717,1922-03-01,35.2,0.63,476.0,"SIDI BEL ABBES, AG",,,0.0,"2,E",5,"1,E",3,"1,E",0,"1,E",0.0,"1,E",3.0,"1,E",0.0,"1,E",3.0,"1,E",0.0,"1,E",19220304.0,",1,E",19220327,",1,E",19220305.0,",1,E",-1.0,"1,E,04,",3.8,"1,,E,27,",23.0,"1,E,05,",,,227.2,"1,E",10.5,"1,,,E",1.058,"2,E",1.783,"1,,,E",0.333,"1,,,E"
AGE00147717,1922-04-01,35.2,0.63,476.0,"SIDI BEL ABBES, AG",,,3.2,",E",1,",E",0,",E",0,",E",0.0,",E",5.0,",E",0.0,",E",19.0,",E",1.0,",E",19220420.0,"+,,E",19220430,",,E",19220414.0,",,E",-2.0,",E,20,+",1.1,",,E,30,",34.0,",E,14,",,,145.7,",E",1.1,",,,E",1.358,",E",2.2670000000000003,",,,E",0.45,",,,E"
AGE00147717,1922-05-01,35.2,0.63,476.0,"SIDI BEL ABBES, AG",,,36.8,",E",2,",E",2,",E",0,",E",0.0,",E",0.0,",E",0.0,",E",25.0,",E",2.0,",E",19220503.0,",,E",19220501,",,E",19220527.0,",,E",3.0,",E,03,",12.6,",,E,01,",35.0,",E,27,",,,59.2,",E",15.9,",,,E",1.761,",E",2.555,",,,E",0.968,",,,E"
AGE00147717,1922-06-01,35.2,0.63,476.0,"SIDI BEL ABBES, AG",,,45.8,",E",3,",E",2,",E",1,",E",0.0,",E",0.0,",E",0.0,",E",27.0,",E",3.0,",E",19220623.0,",,E",19220602,",,E",19220625.0,",,E",8.0,",E,23,",26.4,",,E,02,",35.0,",E,25,",,,8.3,",E",33.6,",,,E",1.9579999999999997,",E",2.653,",,,E",1.2630000000000001,",,,E"
AGE00147717,1922-07-01,35.2,0.63,476.0,"SIDI BEL ABBES, AG",,,155.3,"2,E",0,"1,E",0,"1,E",0,"1,E",0.0,"1,E",0.0,"1,E",0.0,"1,E",30.0,"1,E",10.0,"1,E",19220720.0,",1,E",19220731,"+,1,E",19220725.0,",1,E",11.0,"1,E,20,",0.0,"1,,E,31,+",41.0,"1,E,25,",0.0,E,0.0,"1,E",0.0,"1,,,E",2.3649999999999998,"2,E",3.2270000000000003,"1,,,E",1.503,"1,,,E"
AGE00147717,1922-09-01,35.2,0.63,476.0,"SIDI BEL ABBES, AG",,,,,1,"4,E",0,"4,E",0,"4,E",0.0,"4,E",0.0,"4,E",0.0,"4,E",23.0,"4,E",0.0,"4,E",19220930.0,",4,E",19220928,",4,E",19220918.0,"+,4,E",6.0,"4,E,30,",1.2,"4,,E,28,",30.0,"4,E,18,+",,,,,1.2,"4,,,E",1.8539999999999999,"6,E",2.612,"4,,,E",1.096,"4,,,E"
AGE00147717,1922-10-01,35.2,0.63,476.0,"SIDI BEL ABBES, AG",,,5.7,"4,E",10,"2,E",9,"2,E",0,"2,E",0.0,"2,E",0.0,"2,E",0.0,"2,E",21.0,"2,E",0.0,"2,E",19221027.0,",2,E",19221015,",2,E",19221004.0,",2,E",5.0,"2,E,27,",10.0,"2,,E,15,",30.0,"2,E,04,",,,52.2,"2,E",43.3,"2,,,E",1.659,"4,E",2.317,"2,,,E",1.0,"2,,,E"
AGE00147717,1922-12-01,35.2,0.63,476.0,"SIDI BEL ABBES, AG",,,0.0,"2,E",7,"1,E",5,"1,E",0,"1,E",0.0,"1,E",7.0,"1,E",0.0,"1,E",0.0,"1,E",0.0,"1,E",19221215.0,",1,E",19221202,",1,E",19221217.0,"+,1,E",-4.0,"1,E,15,",16.4,"1,,E,02,",19.0,"1,E,17,+",,,292.7,"1,E",50.3,"1,,,E",0.825,"2,E",1.407,"1,,,E",0.24300000000000002,"1,,,E"
AGE00147717,1923-01-01,35.2,0.63,476.0,"SIDI BEL ABBES, AG",0.0,E,0.0,"5,E",11,"3,E",9,"3,E",1,"3,E",0.0,"3,E",11.0,"3,E",0.0,"3,E",0.0,"3,E",0.0,"3,E",19230120.0,",3,E",19230112,",3,E",19230103.0,",3,E",-3.0,"3,E,20,",34.0,"3,,E,12,",16.0,"3,E,03,",,,327.2,"3,E",98.4,"3,,,E",0.571,"5,E",1.0210000000000001,"3,,,E",0.121,"3,,,E"
AGE00147717,1923-02-01,35.2,0.63,476.0,"SIDI BEL ABBES, AG",,,,,7,"4,E",4,"4,E",0,"4,E",0.0,"3,E",5.0,"3,E",0.0,"4,E",1.0,"4,E",0.0,"4,E",19230215.0,",3,E",19230220,",4,E",19230216.0,",4,E",-4.0,"3,E,15,",8.0,"4,,E,20,",22.0,"4,E,16,",,,,,26.5,"4,,,E",0.97,"7,E",1.583,"4,,,E",0.356,"3,,,E"
AGE00147717,1923-03-01,35.2,0.63,476.0,"SIDI BEL ABBES, AG",,,0.0,"3,E",7,"1,E",4,"1,E",0,"1,E",0.0,"2,E",7.0,"2,E",0.0,"1,E",4.0,"1,E",0.0,"1,E",19230307.0,",2,E",19230316,",1,E",19230319.0,",1,E",-2.0,"2,E,07,",15.4,"1,,E,16,",25.0,"1,E,19,",,,190.8,"1,E",32.9,"1,,,E",1.154,"3,E",1.8829999999999998,"1,,,E",0.42400000000000004,"2,,,E"
AGE00147717,1923-04-01,35.2,0.63,476.0,"SIDI BEL ABBES, AG",,,0.0,",E",14,",E",11,",E",0,",E",0.0,",E",0.0,",E",0.0,",E",3.0,",E",0.0,",E",19230430.0,",,E",19230408,",,E",19230410.0,",,E",3.0,",E,30,",18.5,",,E,08,",25.0,",E,10,",,,181.5,",E",102.6,",,,E",1.228,",E",1.7600000000000002,",,,E",0.697,",,,E"
AGE00147717,1923-05-01,35.2,0.63,476.0,"SIDI BEL ABBES, AG",,,10.5,",E",7,",E",3,",E",0,",E",0.0,",E",0.0,",E",0.0,",E",23.0,",E",0.0,",E",19230513.0,"+,,E",19230520,",,E",19230509.0,"+,,E",5.0,",E,13,+",9.2,",,E,20,",30.0,",E,09,+",,,56.3,",E",28.7,",,,E",1.685,",E",2.371,",,,E",1.0,",,,E"
AGE00147717,1923-06-01,35.2,0.63,476.0,"SIDI BEL ABBES, AG",,,,,4,"4,E",3,"4,E",0,"4,E",0.0,"3,E",0.0,"3,E",0.0,"4,E",21.0,"4,E",0.0,"4,E",19230620.0,"+,3,E",19230607,",4,E",19230623.0,",4,E",8.0,"3,E,20,+",10.7,"4,,E,07,",31.0,"4,E,23,",,,,,18.6,"4,,,E",1.778,"7,E",2.496,"4,,,E",1.059,"3,,,E"
AGE00147717,1923-07-01,35.2,0.63,476.0,"SIDI BEL ABBES, AG",,,173.2,"3,E",0,"1,E",0,"1,E",0,"1,E",0.0,"2,E",0.0,"2,E",0.0,"1,E",30.0,"1,E",18.0,"1,E",19230722.0,",2,E",19230731,"+,1,E",19230718.0,",1,E",10.0,"2,E,22,",0.0,"1,,E,31,+",39.0,"1,E,18,",0.0,E,0.0,"1,E",0.0,"1,,,E",2.446,"3,E",3.3600000000000003,"1,,,E",1.5310000000000001,"2,,,E"
AGE00147717,1923-09-01,35.2,0.63,476.0,"SIDI BEL ABBES, AG",,,33.2,"2,E",2,"1,E",1,"1,E",0,"1,E",0.0,"1,E",0.0,"1,E",0.0,"1,E",28.0,"1,E",0.0,"1,E",19230922.0,"+,1,E",19230913,",1,E",19230925.0,"+,1,E",6.0,"1,E,22,+",3.6,"1,,E,13,",30.0,"1,E,25,+",,,17.0,"1,E",4.5,"1,,,E",1.89,"2,E",2.662,"1,,,E",1.117,"1,,,E"
AGE00147717,1923-10-01,35.2,0.63,476.0,"SIDI BEL ABBES, AG",,,17.7,"4,E",5,"1,E",4,"1,E",0,"1,E",0.0,"2,E",0.0,"2,E",0.0,"2,E",25.0,"2,E",0.0,"2,E",19231006.0,",2,E",19231029,",1,E",19231019.0,"+,2,E",5.0,"2,E,06,",21.8,"1,,E,29,",31.0,"2,E,19,+",,,30.2,"2,E",45.7,"1,,,E",1.7719999999999998,"4,E",2.548,"2,,,E",0.9970000000000001,"2,,,E"
AGE00147717,1923-11-01,35.2,0.63,476.0,"SIDI BEL ABBES, AG",,,0.0,",E",10,",E",7,",E",0,",E",0.0,",E",0.0,",E",0.0,",E",3.0,",E",0.0,",E",19231124.0,",,E",19231102,",,E",19231127.0,",,E",1.0,",E,24,",15.2,",,E,02,",24.0,",E,27,",,,199.0,",E",51.2,",,,E",1.17,",E",1.637,",,,E",0.7030000000000001,",,,E"
AGE00147717,1923-12-01,35.2,0.63,476.0,"SIDI BEL ABBES, AG",,,0.0,"4,E",4,"2,E",3,"2,E",0,"2,E",0.0,"2,E",18.0,"2,E",0.0,"2,E",0.0,"2,E",0.0,"2,E",19231230.0,"+,2,E",19231206,",2,E",19231228.0,"+,2,E",-3.0,"2,E,30,+",14.2,"2,,E,06,",16.0,"2,E,28,+",,,316.5,"2,E",25.0,"2,,,E",0.6599999999999999,"4,E",1.286,"2,,,E",0.034,"2,,,E"
AGE00147717,1924-01-01,35.2,0.63,476.0,"SIDI BEL ABBES, AG",0.0,E,0.0,"4,E",6,"2,E",4,"2,E",0,"2,E",0.0,"2,E",9.0,"2,E",0.0,"2,E",0.0,"2,E",0.0,"2,E",19240115.0,",2,E",19240123,",2,E",19240121.0,",2,E",-2.0,"2,E,15,",24.8,"2,,E,23,",21.0,"2,E,21,",,,259.0,"2,E",43.3,"2,,,E",0.8710000000000001,"4,E",1.428,"2,,,E",0.314,"2,,,E"
AGE00147717,1924-02-01,35.2,0.63,476.0,"SIDI BEL ABBES, AG",0.0,E,0.0,"4,E",13,"2,E",12,"2,E",0,"2,E",0.0,"2,E",8.0,"2,E",0.0,"2,E",0.0,"2,E",0.0,"2,E",19240229.0,"+,2,E",19240207,",2,E",19240212.0,",2,E",-3.0,"2,E,29,+",9.7,"2,,E,07,",19.0,"2,E,12,",,,256.8,"2,E",75.8,"2,,,E",0.8019999999999999,"4,E",1.3,"2,,,E",0.304,"2,,,E"
AGE00147717,1924-03-01,35.2,0.63,476.0,"SIDI BEL ABBES, AG",0.7,E,0.7,",E",11,",E",4,",E",0,",E",0.0,",E",2.0,",E",0.0,",E",3.0,",E",0.0,",E",19240301.0,",,E",19240331,",,E",19240325.0,",,E",-4.0,",E,01,",15.7,",,E,31,",25.0,",E,25,",,,187.5,",E",46.0,",,,E",1.231,",E",1.7420000000000002,",,,E",0.7190000000000001,",,,E"
AGE00147717,1924-04-01,35.2,0.63,476.0,"SIDI BEL ABBES, AG",2.0,E,1.3,"2,E",3,"1,E",3,"1,E",0,"1,E",0.0,"1,E",0.0,"1,E",0.0,"1,E",9.0,"1,E",0.0,"1,E",19240422.0,"+,1,E",19240402,",1,E",19240425.0,",1,E",1.0,"1,E,22,+",10.3,"1,,E,02,",32.0,"1,E,25,",,,143.2,"1,E",27.3,"1,,,E",1.34,"2,E",2.038,"1,,,E",0.641,"1,,,E"
AGE00147717,1924-05-01,35.2,0.63,476.0,"SIDI BEL ABBES, AG",46.0,E,44.0,"4,E",1,"3,E",0,"3,E",0,"3,E",0.0,"2,E",0.0,"2,E",0.0,"3,E",27.0,"3,E",2.0,"3,E",19240527.0,"+,2,E",19240528,",3,E",19240505.0,",3,E",5.0,"2,E,27,+",0.5,"3,,E,28,",37.0,"3,E,05,",,,15.5,"3,E",0.5,"3,,,E",1.953,"4,E",2.786,"3,,,E",1.121,"2,,,E"
AGE00147717,1924-06-01,35.2,0.63,476.0,"SIDI BEL ABBES, AG",120.3,E,74.3,"1,E",1,",E",1,",E",0,",E",0.0,"1,E",0.0,"1,E",0.0,",E",30.0,",E",7.0,",E",19240624.0,",1,E",19240601,",,E",19240630.0,"+,,E",8.0,"1,E,24,",3.6,",,E,01,",36.0,",E,30,+",,,3.5,",E",3.6,",,,E",2.076,"1,E",2.883,",,,E",1.269,"1,,,E"
AGE00147717,1924-07-01,35.2,0.63,476.0,"SIDI BEL ABBES, AG",266.8,E,146.5,"4,E",1,"2,E",1,"2,E",0,"2,E",0.0,"2,E",0.0,"2,E",0.0,"2,E",29.0,"2,E",17.0,"2,E",19240731.0,",2,E",19240722,",2,E",19240704.0,",2,E",11.0,"2,E,31,",3.7,"2,,E,22,",40.0,"2,E,04,",0.0,E,0.0,"2,E",3.7,"2,,,E",2.381,"4,E",3.29,"2,,,E",1.472,"2,,,E"
AGE00147717,1924-08-01,35.2,0.63,476.0,"SIDI BEL ABBES, AG",440.3,E,173.5,",E",0,",E",0,",E",0,",E",0.0,",E",0.0,",E",0.0,",E",30.0,",E",10.0,",E",19240829.0,"+,,E",19240831,"+,,E",19240816.0,",,E",12.0,",E,29,+",0.0,",,E,31,+",41.0,",E,16,",1.8,E,1.8,",E",0.0,",,,E",2.387,",E",3.152,",,,E",1.623,",,,E"
AGE00147717,1924-09-01,35.2,0.63,476.0,"SIDI BEL ABBES, AG",546.6,E,106.3,",E",3,",E",2,",E",1,",E",0.0,",E",0.0,",E",0.0,",E",28.0,",E",3.0,",E",19240927.0,"+,,E",19240930,",,E",19240913.0,",,E",11.0,",E,27,+",32.0,",,E,30,",40.0,",E,13,",2.6,E,0.8,",E",40.1,",,,E",2.185,",E",2.8600000000000003,",,,E",1.51,",,,E"
AGE00147717,1924-10-01,35.2,0.63,476.0,"SIDI BEL ABBES, AG",551.9,E,5.3,",E",4,",E",3,",E",0,",E",0.0,",E",0.0,",E",0.0,",E",23.0,",E",0.0,",E",19241013.0,"+,,E",19241018,",,E",19241014.0,",,E",4.0,",E,13,+",3.6,",,E,18,",28.0,",E,14,",69.3,E,66.7,",E",11.2,",,,E",1.6350000000000002,",E",2.284,",,,E",0.9869999999999999,",,,E"
AGE00147717,1924-11-01,35.2,0.63,476.0,"SIDI BEL ABBES, AG",551.9,E,0.0,",E",7,",E",4,",E",0,",E",0.0,",E",0.0,",E",0.0,",E",5.0,",E",0.0,",E",19241130.0,"+,,E",19241128,",,E",19241104.0,"+,,E",2.0,",E,30,+",24.6,",,E,28,",27.0,",E,04,+",245.8,E,176.5,",E",41.8,",,,E",1.2449999999999999,",E",1.793,",,,E",0.697,",,,E"
AGE00147717,1924-12-01,35.2,0.63,476.0,"SIDI BEL ABBES, AG",551.9,E,0.0,"2,E",9,"1,E",6,"1,E",0,"1,E",0.0,"1,E",5.0,"1,E",0.0,"1,E",0.0,"1,E",0.0,"1,E",19241231.0,"+,1,E",19241216,",1,E",19241202.0,",1,E",-1.0,"1,E,31,+",24.3,"1,,E,16,",18.0,"1,E,02,",525.0,E,279.2,"1,E",82.4,"1,,,E",0.882,"2,E",1.3199999999999998,"1,,,E",0.44299999999999995,"1,,,E"
AGE00147717,1925-01-01,35.2,0.63,476.0,"SIDI BEL ABBES, AG",,,,,1,"2,E",1,"2,E",0,"2,E",0.0,"2,E",25.0,"2,E",0.0,"2,E",0.0,"2,E",0.0,"2,E",19250117.0,",2,E",19250126,",2,E",19250103.0,",2,E",-5.0,"2,E,17,",7.0,"2,,E,26,",18.0,"2,E,03,",,,,,7.0,"2,,,E",0.588,"4,E",1.366,"2,,,E",-0.19,"2,,,E"
AGE00147717,1925-02-01,35.2,0.63,476.0,"SIDI BEL ABBES, AG",,,0.0,"4,E",7,",E",4,",E",0,",E",0.0,"2,E",11.0,"2,E",0.0,"2,E",0.0,"2,E",0.0,"2,E",19250205.0,"+,2,E",19250221,",,E",19250210.0,",2,E",-3.0,"2,E,05,+",17.3,",,E,21,",21.0,"2,E,10,",,,243.0,"2,E",42.5,",,,E",0.8119999999999999,"4,E",1.415,"2,,,E",0.20800000000000002,"2,,,E"
AGE00147717,1925-03-01,35.2,0.63,476.0,"SIDI BEL ABBES, AG",,,0.0,"2,E",11,"1,E",3,"1,E",0,"1,E",0.0,"1,E",5.0,"1,E",0.0,"1,E",0.0,"1,E",0.0,"1,E",19250321.0,"+,1,E",19250330,",1,E",19250309.0,"+,1,E",-2.0,"1,E,21,+",22.0,"1,,E,30,",19.0,"1,E,09,+",,,287.7,"1,E",53.1,"1,,,E",0.845,"2,E",1.35,"1,,,E",0.33999999999999997,"1,,,E"
AGE00147717,1925-04-01,35.2,0.63,476.0,"SIDI BEL ABBES, AG",,,6.0,"5,E",4,"3,E",3,"3,E",0,"3,E",0.0,"3,E",0.0,"3,E",0.0,"3,E",9.0,"3,E",0.0,"3,E",19250405.0,"+,3,E",19250410,",3,E",19250419.0,",3,E",1.0,"3,E,05,+",17.4,"3,,E,10,",32.0,"3,E,19,",,,117.3,"3,E",35.5,"3,,,E",1.357,"5,E",2.033,"3,,,E",0.6809999999999999,"3,,,E"
AGE00147717,1925-05-01,35.2,0.63,476.0,"SIDI BEL ABBES, AG",,,0.8,"4,E",4,"2,E",3,"2,E",0,"2,E",0.0,"2,E",0.0,"2,E",0.0,"2,E",16.0,"2,E",0.0,"2,E",19250513.0,"+,2,E",19250517,",2,E",19250528.0,"+,2,E",3.0,"2,E,13,+",19.5,"2,,E,17,",28.0,"2,E,28,+",,,88.8,"2,E",39.9,"2,,,E",1.5,"4,E",2.2,"2,,,E",0.8,"2,,,E"
AGE00147717,1925-06-01,35.2,0.63,476.0,"SIDI BEL ABBES, AG",,,58.7,"4,E",4,"2,E",2,"2,E",0,"2,E",0.0,"2,E",0.0,"2,E",0.0,"2,E",27.0,"2,E",2.0,"2,E",19250601.0,",2,E",19250611,",2,E",19250603.0,",2,E",7.0,"2,E,01,",5.6,"2,,E,11,",35.0,"2,E,03,",,,12.8,"2,E",12.4,"2,,,E",2.005,"4,E",2.729,"2,,,E",1.282,"2,,,E"
AGE00147717,1925-07-01,35.2,0.63,476.0,"SIDI BEL ABBES, AG",,,105.7,",E",1,",E",0,",E",0,",E",0.0,",E",0.0,",E",0.0,",E",31.0,",E",7.0,",E",19250702.0,",,E",19250713,",,E",19250729.0,",,E",9.0,",E,02,",0.7,",,E,13,",39.0,",E,29,",1.5,E,1.5,",E",0.7,",,,E",2.169,",E",2.968,",,,E",1.371,",,,E"
AGE00147717,1925-09-01,35.2,0.63,476.0,"SIDI BEL ABBES, AG",,,69.7,"1,E",3,"1,E",3,"1,E",0,"1,E",0.0,",E",0.0,",E",0.0,"1,E",22.0,"1,E",2.0,"1,E",19250930.0,",,E",19250926,",1,E",19250908.0,"+,1,E",7.0,",E,30,",13.0,"1,,E,26,",33.0,"1,E,08,+",,,17.3,"1,E",20.5,"1,,,E",2.003,"1,E",2.6719999999999997,"1,,,E",1.333,",,,E"
AGE00147717,1925-10-01,35.2,0.63,476.0,"SIDI BEL ABBES, AG",,,2.7,"2,E",7,"1,E",5,"1,E",0,"1,E",0.0,"2,E",0.0,"2,E",0.0,"1,E",13.0,"1,E",0.0,"1,E",19251027.0,",2,E",19251029,",1,E",19251021.0,",1,E",5.0,"2,E,27,",13.7,"1,,E,29,",27.0,"1,E,21,",,,71.8,"1,E",38.0,"1,,,E",1.595,"2,E",2.107,"1,,,E",1.083,"2,,,E"
AGE00147717,1925-11-01,35.2,0.63,476.0,"SIDI BEL ABBES, AG",,,0.0,"2,E",11,",E",6,",E",1,",E",0.0,"1,E",0.0,"1,E",0.0,"1,E",1.0,"1,E",0.0,"1,E",19251115.0,",1,E",19251128,",,E",19251128.0,",1,E",1.0,"1,E,15,",26.7,",,E,28,",23.0,"1,E,28,",,,189.8,"1,E",67.1,",,,E",1.169,"2,E",1.614,"1,,,E",0.724,"1,,,E"
AGE00147717,1925-12-01,35.2,0.63,476.0,"SIDI BEL ABBES, AG",,,0.0,"2,E",4,"1,E",2,"1,E",0,"1,E",0.0,"1,E",4.0,"1,E",0.0,"1,E",3.0,"1,E",0.0,"1,E",19251218.0,"+,1,E",19251215,",1,E",19251224.0,"+,1,E",0.0,"1,E,18,+",6.8,"1,,E,15,",22.0,"1,E,24,+",,,202.2,"1,E",13.3,"1,,,E",1.122,"2,E",1.687,"1,,,E",0.557,"1,,,E"
AGE00147717,1926-01-01,35.2,0.63,476.0,"SIDI BEL ABBES, AG",0.0,E,0.0,"2,E",1,"1,E",0,"1,E",0,"1,E",0.0,"1,E",10.0,"1,E",0.0,"1,E",1.0,"1,E",0.0,"1,E",19260126.0,",1,E",19260115,",1,E",19260129.0,",1,E",-3.0,"1,E,26,",1.2,"1,,E,15,",23.0,"1,E,29,",,,246.7,"1,E",1.2,"1,,,E",0.9869999999999999,"2,E",1.687,"1,,,E",0.28700000000000003,"1,,,E"
AGE00147717,1926-03-01,35.2,0.63,476.0,"SIDI BEL ABBES, AG",,,0.0,",E",4,",E",3,",E",0,",E",0.0,",E",10.0,",E",0.0,",E",7.0,",E",0.0,",E",19260313.0,",,E",19260319,",,E",19260314.0,",,E",-3.0,",E,13,",14.0,",,E,19,",27.0,",E,14,",,,220.8,",E",24.5,",,,E",1.121,",E",1.8969999999999998,",,,E",0.34500000000000003,",,,E"
AGE00147717,1926-04-01,35.2,0.63,476.0,"SIDI BEL ABBES, AG",,,0.0,",E",7,",E",4,",E",1,",E",0.0,",E",0.0,",E",0.0,",E",14.0,",E",0.0,",E",19260424.0,"+,,E",19260423,",,E",19260404.0,"+,,E",3.0,",E,24,+",37.4,",,E,23,",26.0,",E,04,+",,,137.0,",E",56.8,",,,E",1.377,",E",2.0170000000000003,",,,E",0.737,",,,E"
AGE00147717,1926-05-01,35.2,0.63,476.0,"SIDI BEL ABBES, AG",,,9.3,"4,E",2,"2,E",0,"2,E",0,"2,E",0.0,"2,E",0.0,"2,E",0.0,"2,E",17.0,"2,E",1.0,"2,E",19260519.0,",2,E",19260514,"+,2,E",19260530.0,",2,E",3.0,"2,E,19,",2.4,"2,,E,14,+",34.0,"2,E,30,",,,78.8,"2,E",4.8,"2,,,E",1.569,"4,E",2.269,"2,,,E",0.869,"2,,,E"
AGE00147717,1926-06-01,35.2,0.63,476.0,"SIDI BEL ABBES, AG",,,,,0,"4,E",0,"4,E",0,"4,E",0.0,"4,E",0.0,"4,E",0.0,"4,E",26.0,"4,E",5.0,"4,E",19260614.0,",4,E",19260630,"+,4,E",19260609.0,",4,E",7.0,"4,E,14,",0.0,"4,,E,30,+",34.0,"4,E,09,",,,,,0.0,"4,,,E",2.0629999999999997,"8,E",2.869,"4,,,E",1.258,"4,,,E"
AGE00147717,1926-07-01,35.2,0.63,476.0,"SIDI BEL ABBES, AG",,,159.0,"4,E",1,"2,E",1,"2,E",0,"2,E",0.0,"2,E",0.0,"2,E",0.0,"2,E",29.0,"2,E",18.0,"2,E",19260711.0,"+,2,E",19260705,",2,E",19260718.0,",2,E",11.0,"2,E,11,+",4.6,"2,,E,05,",43.0,"2,E,18,",0.0,E,0.0,"2,E",4.6,"2,,,E",2.44,"4,E",3.2969999999999997,"2,,,E",1.583,"2,,,E"
AGE00147717,1926-08-01,35.2,0.63,476.0,"SIDI BEL ABBES, AG",,,,,2,"3,E",2,"3,E",0,"3,E",0.0,"4,E",0.0,"4,E",0.0,"3,E",28.0,"3,E",19.0,"3,E",19260811.0,",4,E",19260831,",3,E",19260803.0,",3,E",11.0,"4,E,11,",15.2,"3,,E,31,",37.0,"3,E,03,",,,,,19.8,"3,,,E",2.448,"7,E",3.307,"3,,,E",1.589,"4,,,E"
AGE00147717,1926-09-01,35.2,0.63,476.0,"SIDI BEL ABBES, AG",,,,,0,"3,E",0,"3,E",0,"3,E",0.0,"3,E",0.0,"3,E",0.0,"3,E",27.0,"3,E",5.0,"3,E",19260929.0,"+,3,E",19260930,"+,3,E",19260925.0,",3,E",12.0,"3,E,29,+",0.0,"3,,E,30,+",34.0,"3,E,25,",,,,,0.0,"3,,,E",2.23,"6,E",2.9370000000000003,"3,,,E",1.522,"3,,,E"
AGE00147717,1926-10-01,35.2,0.63,476.0,"SIDI BEL ABBES, AG",,,,,6,"4,E",6,"4,E",0,"4,E",0.0,"4,E",0.0,"4,E",0.0,"4,E",22.0,"4,E",0.0,"4,E",19261003.0,"+,4,E",19261030,",4,E",19261007.0,",4,E",8.0,"4,E,03,+",22.0,"4,,E,30,",32.0,"4,E,07,",,,,,51.2,"4,,,E",1.985,"7,E",2.574,"4,,,E",1.3960000000000001,"4,,,E"
AGE00147717,1926-11-01,35.2,0.63,476.0,"SIDI BEL ABBES, AG",,,,,12,"4,E",8,"4,E",0,"4,E",0.0,"4,E",1.0,"4,E",0.0,"5,E",0.0,"5,E",0.0,"5,E",19261126.0,",4,E",19261112,",4,E",19261120.0,"+,5,E",0.0,"4,E,26,",16.7,"4,,E,12,",19.0,"5,E,20,+",,,,,56.0,"4,,,E",1.0630000000000002,"9,E",1.48,"5,,,E",0.646,"4,,,E"
AGE00147717,1927-02-01,35.2,0.63,476.0,"SIDI BEL ABBES, AG",,,0.0,"5,E",7,"3,E",2,"3,E",0,"3,E",0.0,"4,E",2.0,"4,E",0.0,"3,E",2.0,"3,E",0.0,"3,E",19270221.0,"+,4,E",19270214,",3,E",19270228.0,",3,E",0.0,"4,E,21,+",5.2,"3,,E,14,",26.0,"3,E,28,",,,203.7,"3,E",16.7,"3,,,E",0.9359999999999999,"5,E",1.476,"3,,,E",0.396,"4,,,E"
AGE00147717,1927-03-01,35.2,0.63,476.0,"SIDI BEL ABBES, AG",,,,,7,"5,E",5,"5,E",0,"5,E",0.0,"5,E",1.0,"5,E",0.0,"5,E",5.0,"5,E",0.0,"5,E",19270316.0,",5,E",19270306,",5,E",19270331.0,"+,5,E",0.0,"5,E,16,",13.2,"5,,E,06,",23.0,"5,E,31,+",,,,,39.0,"5,,,E",1.119,"0,E",1.6920000000000002,"5,,,E",0.546,"5,,,E"
AGE00147717,1935-04-01,35.2,0.63,476.0,"SIDI BEL ABBES, AG",,,0.7,"1,E",4,",E",2,",E",0,",E",0.0,"1,E",3.0,"1,E",0.0,",E",17.0,",E",1.0,",E",19350424.0,"+,1,E",19350428,",,E",19350411.0,",,E",-3.0,"1,E,24,+",9.0,",,E,28,",33.0,",E,11,",,,142.3,",E",16.0,",,,E",1.351,"1,E",2.2199999999999998,",,,E",0.483,"1,,,E"
AGE00147717,1935-05-01,35.2,0.63,476.0,"SIDI BEL ABBES, AG",,,0.0,"2,E",10,"1,E",5,"1,E",0,"1,E",0.0,"1,E",0.0,"1,E",0.0,"1,E",10.0,"1,E",0.0,"1,E",19350518.0,",1,E",19350520,",1,E",19350514.0,",1,E",3.0,"1,E,18,",23.0,"1,,E,20,",30.0,"1,E,14,",,,111.2,"1,E",85.2,"1,,,E",1.452,"2,E",2.087,"1,,,E",0.817,"1,,,E"
AGE00147717,1935-06-01,35.2,0.63,476.0,"SIDI BEL ABBES, AG",,,125.0,"1,E",4,",E",0,",E",0,",E",0.0,",E",0.0,",E",0.0,"1,E",29.0,"1,E",11.0,"1,E",19350602.0,"+,,E",19350630,"+,,E",19350627.0,",1,E",8.0,",E,02,+",1.0,",,E,30,+",41.0,"1,E,27,",,,3.2,"1,E",3.3,",,,E",2.2489999999999997,"1,E",3.145,"1,,,E",1.353,",,,E"
AGE00147717,1935-07-01,35.2,0.63,476.0,"SIDI BEL ABBES, AG",,,228.2,",E",0,",E",0,",E",0,",E",0.0,",E",0.0,",E",0.0,",E",31.0,",E",23.0,",E",19350707.0,",,E",19350731,"+,,E",19350730.0,"+,,E",9.0,",E,07,",0.0,",,E,31,+",40.0,",E,30,+",0.0,E,0.0,",E",0.0,",,,E",2.569,",E",3.532,",,,E",1.6059999999999999,",,,E"
AGE00147717,1935-08-01,35.2,0.63,476.0,"SIDI BEL ABBES, AG",,,189.5,"1,E",3,"1,E",0,"1,E",0,"1,E",0.0,",E",0.0,",E",0.0,"1,E",30.0,"1,E",12.0,"1,E",19350830.0,",,E",19350830,",1,E",19350807.0,"+,1,E",7.0,",E,30,",2.0,"1,,E,30,",42.0,"1,E,07,+",0.0,E,0.0,"1,E",3.3,"1,,,E",2.466,"1,E",3.303,"1,,,E",1.629,",,,E"
AGE00147717,1935-11-01,35.2,0.63,476.0,"SIDI BEL ABBES, AG",,,1.2,"2,E",8,"1,E",5,"1,E",0,"1,E",0.0,"1,E",2.0,"1,E",0.0,"1,E",4.0,"1,E",0.0,"1,E",19351130.0,"+,1,E",19351117,",1,E",19351102.0,",1,E",-1.0,"1,E,30,+",9.0,"1,,E,17,",25.0,"1,E,02,",,,181.5,"1,E",34.0,"1,,,E",1.2,"2,E",1.8379999999999999,"1,,,E",0.562,"1,,,E"
AGE00147717,1935-12-01,35.2,0.63,476.0,"SIDI BEL ABBES, AG",,,0.0,",E",7,",E",3,",E",0,",E",0.0,",E",5.0,",E",0.0,",E",1.0,",E",0.0,",E",19351217.0,"+,,E",19351229,",,E",19351202.0,",,E",-4.0,",E,17,+",15.0,",,E,29,",22.0,",E,02,",,,264.8,",E",30.0,",,,E",0.9789999999999999,",E",1.565,",,,E",0.394,",,,E"
AGE00147717,1936-01-01,35.2,0.63,476.0,"SIDI BEL ABBES, AG",0.0,E,0.0,",E",5,",E",3,",E",0,",E",0.0,",E",9.0,",E",0.0,",E",5.0,",E",0.0,",E",19360114.0,",,E",19360126,",,E",19360121.0,",,E",-4.0,",E,14,",13.0,",,E,26,",24.0,",E,21,",,,243.3,",E",24.3,",,,E",1.048,",E",1.7579999999999998,",,,E",0.339,",,,E"
AGE00147717,1936-02-01,35.2,0.63,476.0,"SIDI BEL ABBES, AG",0.7,E,0.7,"3,E",10,"1,E",8,"1,E",1,"1,E",0.0,"1,E",2.0,"1,E",0.0,"2,E",5.0,"2,E",0.0,"2,E",19360206.0,",1,E",19360226,",1,E",19360221.0,"+,2,E",-1.0,"1,E,06,",68.0,"1,,E,26,",28.0,"2,E,21,+",,,181.3,"2,E",149.0,"1,,,E",1.141,"3,E",1.77,"2,,,E",0.511,"1,,,E"
AGE00147717,1936-03-01,35.2,0.63,476.0,"SIDI BEL ABBES, AG",0.9,E,0.2,"2,E",7,"1,E",4,"1,E",0,"1,E",0.0,"1,E",2.0,"1,E",0.0,"1,E",5.0,"1,E",0.0,"1,E",19360311.0,"+,1,E",19360324,",1,E",19360317.0,"+,1,E",0.0,"1,E,11,+",14.0,"1,,E,24,",24.0,"1,E,17,+",,,219.3,"1,E",27.8,"1,,,E",1.08,"2,E",1.707,"1,,,E",0.453,"1,,,E"
AGE00147717,1936-04-01,35.2,0.63,476.0,"SIDI BEL ABBES, AG",9.4,E,8.5,"3,E",8,"2,E",4,"2,E",0,"2,E",0.0,"2,E",0.0,"2,E",0.0,"2,E",13.0,"2,E",1.0,"2,E",19360430.0,"+,2,E",19360420,",2,E",19360406.0,",2,E",1.0,"2,E,30,+",14.0,"2,,E,20,",36.0,"2,E,06,",,,107.5,"2,E",34.3,"2,,,E",1.475,"3,E",2.179,"2,,,E",0.771,"2,,,E"
AGE00147717,1936-05-01,35.2,0.63,476.0,"SIDI BEL ABBES, AG",9.6,E,0.2,"4,E",10,"2,E",5,"2,E",0,"2,E",0.0,"2,E",0.0,"2,E",0.0,"2,E",9.0,"2,E",0.0,"2,E",19360501.0,",2,E",19360517,",2,E",19360503.0,",2,E",1.0,"2,E,01,",17.0,"2,,E,17,",28.0,"2,E,03,",,,124.2,"2,E",51.6,"2,,,E",1.3880000000000001,"4,E",2.003,"2,,,E",0.772,"2,,,E"
AGE00147717,1936-06-01,35.2,0.63,476.0,"SIDI BEL ABBES, AG",75.1,E,65.5,"1,E",4,",E",3,",E",0,",E",0.0,"1,E",0.0,"1,E",0.0,",E",25.0,",E",5.0,",E",19360610.0,"+,1,E",19360611,",,E",19360628.0,",,E",7.0,"1,E,10,+",4.0,",,E,11,",38.0,",E,28,",,,20.2,",E",11.2,",,,E",1.985,"1,E",2.757,",,,E",1.214,"1,,,E"
AGE00147717,1936-07-01,35.2,0.63,476.0,"SIDI BEL ABBES, AG",238.4,E,163.3,"5,E",1,"3,E",1,"3,E",0,"3,E",0.0,"2,E",0.0,"2,E",0.0,"3,E",28.0,"3,E",21.0,"3,E",19360703.0,",2,E",19360717,",3,E",19360724.0,"+,3,E",10.0,"2,E,03,",5.0,"3,,E,17,",39.0,"3,E,24,+",0.0,E,0.0,"3,E",5.0,"3,,,E",2.445,"5,E",3.386,"3,,,E",1.503,"2,,,E"
AGE00147717,1936-12-01,35.2,0.63,476.0,"SIDI BEL ABBES, AG",,,0.0,"2,E",9,"2,E",6,"2,E",0,"2,E",0.0,"1,E",17.0,"1,E",0.0,"2,E",0.0,"2,E",0.0,"2,E",19361226.0,",1,E",19361208,",2,E",19361203.0,",2,E",-3.0,"1,E,26,",16.0,"2,,E,08,",20.0,"2,E,03,",,,324.2,"2,E",48.5,"2,,,E",0.72,"2,E",1.376,"2,,,E",0.063,"1,,,E"
AGE00147717,1937-05-01,35.2,0.63,476.0,"SIDI BEL ABBES, AG",,,13.5,",E",3,",E",3,",E",0,",E",0.0,",E",0.0,",E",0.0,",E",19.0,",E",0.0,",E",19370522.0,",,E",19370501,",,E",19370531.0,"+,,E",5.0,",E,22,",14.0,",,E,01,",32.0,",E,31,+",,,77.8,",E",38.0,",,,E",1.6260000000000001,",E",2.426,",,,E",0.826,",,,E"
AGE00147717,1937-06-01,35.2,0.63,476.0,"SIDI BEL ABBES, AG",,,55.7,"2,E",3,"1,E",0,"1,E",0,"1,E",0.0,"1,E",0.0,"1,E",0.0,"1,E",29.0,"1,E",4.0,"1,E",19370630.0,",1,E",19370609,"+,1,E",19370617.0,"+,1,E",7.0,"1,E,30,",2.0,"1,,E,09,+",34.0,"1,E,17,+",,,5.0,"1,E",5.2,"1,,,E",2.024,"2,E",2.838,"1,,,E",1.21,"1,,,E"
AGE00147717,1937-07-01,35.2,0.63,476.0,"SIDI BEL ABBES, AG",,,179.8,"2,E",0,"1,E",0,"1,E",0,"1,E",0.0,"1,E",0.0,"1,E",0.0,"1,E",30.0,"1,E",26.0,"1,E",19370701.0,",1,E",19370731,"+,1,E",19370721.0,",1,E",9.0,"1,E,01,",0.0,"1,,E,31,+",40.0,"1,E,21,",0.0,E,0.0,"1,E",0.0,"1,,,E",2.4530000000000003,"2,E",3.4799999999999995,"1,,,E",1.427,"1,,,E"
AGE00147717,1937-08-01,35.2,0.63,476.0,"SIDI BEL ABBES, AG",,,211.8,"2,E",4,"1,E",2,"1,E",0,"1,E",0.0,"1,E",0.0,"1,E",0.0,"1,E",30.0,"1,E",18.0,"1,E",19370814.0,"+,1,E",19370823,",1,E",19370817.0,",1,E",12.0,"1,E,14,+",16.0,"1,,E,23,",41.0,"1,E,17,",0.0,E,0.0,"1,E",22.3,"1,,,E",2.57,"2,E",3.443,"1,,,E",1.6969999999999998,"1,,,E"
AGE00147717,1937-10-01,35.2,0.63,476.0,"SIDI BEL ABBES, AG",,,,,9,"4,E",6,"4,E",0,"4,E",0.0,"4,E",0.0,"4,E",0.0,"4,E",21.0,"4,E",0.0,"4,E",19371009.0,",4,E",19371027,",4,E",19371001.0,",4,E",5.0,"4,E,09,",20.0,"4,,E,27,",31.0,"4,E,01,",,,,,56.2,"4,,,E",1.781,"7,E",2.393,"4,,,E",1.17,"4,,,E"
AGE00147717,1937-11-01,35.2,0.63,476.0,"SIDI BEL ABBES, AG",,,0.7,",E",4,",E",3,",E",0,",E",0.0,",E",2.0,",E",0.0,",E",17.0,",E",0.0,",E",19371130.0,"+,,E",19371102,",,E",19371124.0,",,E",-1.0,",E,30,+",25.0,",,E,02,",29.0,",E,24,",,,103.7,",E",38.0,",,,E",1.49,",E",2.19,",,,E",0.79,",,,E"
AGE00147717,1937-12-01,35.2,0.63,476.0,"SIDI BEL ABBES, AG",,,,,12,"3,E",9,"3,E",1,"3,E",0.0,"3,E",8.0,"3,E",0.0,"4,E",0.0,"4,E",0.0,"4,E",19371230.0,",3,E",19371216,",3,E",19371221.0,"+,4,E",-3.0,"3,E,30,",62.0,"3,,E,16,",19.0,"4,E,21,+",,,,,137.3,"3,,,E",0.893,"7,E",1.404,"4,,,E",0.382,"3,,,E"
AGE00147717,1938-01-01,35.2,0.63,476.0,"SIDI BEL ABBES, AG",0.0,E,0.0,"2,E",7,"1,E",5,"1,E",0,"1,E",0.0,"2,E",12.0,"2,E",0.0,"1,E",0.0,"1,E",0.0,"1,E",19380126.0,"+,2,E",19380105,",1,E",19380126.0,"+,1,E",-3.0,"2,E,26,+",22.0,"1,,E,05,",20.0,"1,E,26,+",,,303.2,"1,E",57.0,"1,,,E",0.779,"2,E",1.4,"1,,,E",0.159,"2,,,E"
AGE00147717,1938-02-01,35.2,0.63,476.0,"SIDI BEL ABBES, AG",0.0,E,0.0,"5,E",7,"2,E",3,"2,E",0,"2,E",0.0,"3,E",13.0,"3,E",0.0,"2,E",0.0,"2,E",0.0,"2,E",19380208.0,"+,3,E",19380215,"+,2,E",19380208.0,"+,2,E",-5.0,"3,E,08,+",10.0,"2,,E,15,+",20.0,"2,E,08,+",,,261.2,"2,E",26.4,"2,,,E",0.725,"5,E",1.3539999999999999,"2,,,E",0.096,"3,,,E"
AGE00147717,1938-03-01,35.2,0.63,476.0,"SIDI BEL ABBES, AG",0.0,E,0.0,"2,E",2,"1,E",0,"1,E",0,"1,E",0.0,"1,E",19.0,"1,E",0.0,"1,E",6.0,"1,E",0.0,"1,E",19380316.0,",1,E",19380323,",1,E",19380305.0,",1,E",-5.0,"1,E,16,",2.0,"1,,E,23,",32.0,"1,E,05,",,,250.7,"1,E",3.0,"1,,,E",0.9650000000000001,"2,E",1.92,"1,,,E",0.01,"1,,,E"
AGE00147717,1938-04-01,35.2,0.63,476.0,"SIDI BEL ABBES, AG",0.0,E,0.0,"3,E",8,"1,E",2,"1,E",0,"1,E",0.0,"2,E",1.0,"2,E",0.0,"1,E",6.0,"1,E",0.0,"1,E",19380412.0,",2,E",19380427,",1,E",19380415.0,",1,E",-3.0,"2,E,12,",7.0,"1,,E,27,",25.0,"1,E,15,",,,165.5,"1,E",20.4,"1,,,E",1.233,"3,E",1.966,"1,,,E",0.5,"2,,,E"
AGE00147717,1938-05-01,35.2,0.63,476.0,"SIDI BEL ABBES, AG",15.5,E,15.5,"2,E",8,",E",5,",E",0,",E",0.0,"1,E",0.0,"1,E",0.0,"1,E",17.0,"1,E",1.0,"1,E",19380524.0,"+,1,E",19380508,",,E",19380530.0,",1,E",4.0,"1,E,24,+",13.0,",,E,08,",33.0,"1,E,30,",,,100.7,"1,E",27.6,",,,E",1.537,"2,E",2.3,"1,,,E",0.773,"1,,,E"
AGE00147717,1938-06-01,35.2,0.63,476.0,"SIDI BEL ABBES, AG",187.5,E,172.0,",E",1,",E",0,",E",0,",E",0.0,",E",0.0,",E",0.0,",E",30.0,",E",21.0,",E",19380616.0,",,E",19380615,",,E",19380628.0,"+,,E",8.0,",E,16,",2.0,",,E,15,",39.0,",E,28,+",,,0.0,",E",2.2,",,,E",2.407,",E",3.343,",,,E",1.47,",,,E"
AGE00147717,1938-07-01,35.2,0.63,476.0,"SIDI BEL ABBES, AG",357.0,E,169.5,"4,E",1,"2,E",1,"2,E",0,"2,E",0.0,"2,E",0.0,"2,E",0.0,"2,E",29.0,"2,E",20.0,"2,E",19380703.0,",2,E",19380706,",2,E",19380722.0,",2,E",9.0,"2,E,03,",3.0,"2,,E,06,",41.0,"2,E,22,",0.0,E,0.0,"2,E",3.0,"2,,,E",2.4739999999999998,"4,E",3.372,"2,,,E",1.576,"2,,,E"
AGE00147717,1938-08-01,35.2,0.63,476.0,"SIDI BEL ABBES, AG",523.3,E,166.3,"2,E",0,"1,E",0,"1,E",0,"1,E",0.0,"1,E",0.0,"1,E",0.0,"1,E",30.0,"1,E",16.0,"1,E",19380831.0,",1,E",19380818,",1,E",19380818.0,",1,E",9.0,"1,E,31,",0.2,"1,,E,18,",41.0,"1,E,18,",0.0,E,0.0,"1,E",0.3,"1,,,E",2.4170000000000003,"2,E",3.317,"1,,,E",1.517,"1,,,E"
AGE00147717,1938-10-01,35.2,0.63,476.0,"SIDI BEL ABBES, AG",,,19.8,",E",6,",E",3,",E",0,",E",0.0,",E",0.0,",E",0.0,",E",22.0,",E",0.0,",E",19381031.0,",,E",19381023,",,E",19381009.0,",,E",2.0,",E,31,",12.0,",,E,23,",32.0,",E,09,",,,53.7,",E",26.2,",,,E",1.7239999999999998,",E",2.442,",,,E",1.006,",,,E"
AGE00147717,1938-11-01,35.2,0.63,476.0,"SIDI BEL ABBES, AG",,,0.0,"1,E",7,",E",4,",E",0,",E",0.0,"1,E",0.0,"1,E",0.0,",E",13.0,",E",0.0,",E",19381103.0,"+,1,E",19381128,",,E",19381110.0,",,E",1.0,"1,E,03,+",9.0,",,E,28,",26.0,",E,10,",,,167.7,",E",29.1,",,,E",1.2570000000000001,"1,E",1.9899999999999998,",,,E",0.524,"1,,,E"
